sample_index,offset_us,timestamp_us,quat_i,quat_j,quat_k,quat_real,linear_accel_x_mps2,linear_accel_y_mps2,linear_accel_z_mps2,gravity_x_mps2,gravity_y_mps2,gravity_z_mps2,gyro_x_radps,gyro_y_radps,gyro_z_radps
0,18322,318322,0.700500488,-0.132629395,-0.641845703,0.282470703,0.44140625,-0.046875,-0.140625,-8.2265625,5.484375,0.046875,-0.228515625,0.33203125,-0.00390625
1,32166,332166,0.701660156,-0.131591797,-0.639770508,0.284729004,0.44140625,-0.046875,-0.140625,-8.2265625,5.484375,0.046875,-0.333984375,0.578125,0.24609375
2,32214,332214,0.702880859,-0.130554199,-0.637512207,0.287109375,0.203125,0.3515625,-0.3828125,-8.1328125,5.609375,-0.1953125,-0.333984375,0.578125,0.24609375
3,32246,332246,0.704284668,-0.129577637,-0.63494873,0.289733887,0.203125,0.3515625,-0.3828125,-8.1328125,5.609375,-0.1953125,-0.357421875,0.6875,0.337890625
4,32294,332294,0.705749512,-0.128662109,-0.632202148,0.292724609,0.4765625,0.375,-0.38671875,-8.1015625,5.6640625,-0.265625,-0.357421875,0.6875,0.337890625
5,32326,332326,0.707275391,-0.127685547,-0.629211426,0.295837402,0.4765625,0.375,-0.38671875,-8.1015625,5.6640625,-0.265625,-0.390625,0.763671875,0.3984375
6,32373,332373,0.708862305,-0.126953125,-0.626220703,0.29876709,0.30078125,0.3125,-0.34765625,-8.0390625,5.7265625,-0.34375,-0.390625,0.763671875,0.3984375
7,32405,332405,0.710571289,-0.126342773,-0.622924805,0.301696777,0.30078125,0.3125,-0.34765625,-8.0390625,5.7265625,-0.34375,-0.27734375,0.751953125,0.431640625
8,44022,344022,0.725646973,-0.130737305,-0.586547852,0.335083008,0.30078125,0.3125,-0.34765625,-8.0390625,5.7265625,-0.34375,-0.00390625,0.400390625,0.55859375
9,49463,349463,0.726379395,-0.131286621,-0.58380127,0.338195801,0.30078125,0.3125,-0.34765625,-8.0390625,5.7265625,-0.34375,-0.353515625,0.568359375,0.607421875
10,53086,353086,0.726989746,-0.131408691,-0.580871582,0.34173584,0.359375,0.23046875,0.0546875,-7.484375,6.3828125,-0.8984375,-0.353515625,0.568359375,0.607421875
11,66635,366635,0.727722168,-0.131591797,-0.577453613,0.34588623,0.359375,0.23046875,0.0546875,-7.484375,6.3828125,-0.8984375,-0.39453125,0.66015625,0.7109375
12,73910,373910,0.72857666,-0.132202148,-0.574035645,0.34954834,0.5234375,-0.03515625,-0.8203125,-7.3828125,6.4921875,-0.9453125,-0.39453125,0.66015625,0.7109375
13,86234,386234,0.729309082,-0.133544922,-0.570800781,0.352722168,0.5234375,-0.03515625,-0.8203125,-7.3828125,6.4921875,-0.9453125,-0.076171875,0.4765625,0.77734375
14,91479,391479,0.730041504,-0.135742188,-0.567932129,0.355163574,-0.046875,-0.2265625,-0.87890625,-7.2734375,6.609375,-1,-0.076171875,0.4765625,0.77734375
15,106054,406054,0.730712891,-0.138427734,-0.565429688,0.356689453,-0.046875,-0.2265625,-0.87890625,-7.2734375,6.609375,-1,0.287109375,0.2421875,0.6953125
16,114573,414573,0.731506348,-0.141479492,-0.563171387,0.35736084,-0.61328125,0.0546875,-0.08984375,-7.1640625,6.7109375,-1.0625,0.287109375,0.2421875,0.6953125
17,126503,426503,0.732543945,-0.144287109,-0.560913086,0.357666016,-0.61328125,0.0546875,-0.08984375,-7.1640625,6.7109375,-1.0625,0.37109375,0.298828125,0.517578125
18,134895,434895,0.733764648,-0.146240234,-0.55847168,0.358215332,-0.203125,0.58984375,1.109375,-7.078125,6.7890625,-1.1484375,0.37109375,0.298828125,0.517578125
19,146208,446208,0.735046387,-0.147338867,-0.555786133,0.359313965,-0.203125,0.58984375,1.109375,-7.078125,6.7890625,-1.1484375,0.0703125,0.537109375,0.412109375
20,153606,453606,0.736328125,-0.147766113,-0.552978516,0.360900879,-0.203125,0.2578125,0.6640625,-7,6.8515625,-1.2421875,0.0703125,0.537109375,0.412109375
21,166291,466291,0.737426758,-0.147888184,-0.550170898,0.362792969,-0.203125,0.2578125,0.6640625,-7,6.8515625,-1.2421875,-0.1171875,0.56640625,0.38671875
22,171531,471531,0.73840332,-0.148071289,-0.547668457,0.364501953,-0.84765625,-0.68359375,-0.22265625,-6.9296875,6.9140625,-1.3125,-0.1171875,0.56640625,0.38671875
23,184671,484671,0.739257812,-0.14855957,-0.545532227,0.365844727,-0.84765625,-0.68359375,-0.22265625,-6.9296875,6.9140625,-1.3125,0.009765625,0.359375,0.322265625
24,196239,496239,0.739990234,-0.149230957,-0.543701172,0.366821289,-0.94921875,-1.0390625,0.0234375,-6.8671875,6.9609375,-1.3671875,0.009765625,0.359375,0.322265625
25,205851,505851,0.740539551,-0.150146484,-0.542053223,0.367736816,-0.94921875,-1.0390625,0.0234375,-6.8671875,6.9609375,-1.3671875,0.048828125,0.25,0.357421875
26,214651,514651,0.740905762,-0.151123047,-0.540466309,0.36895752,-0.5078125,-0.359375,0.37890625,-6.8125,7.0078125,-1.4140625,0.048828125,0.25,0.357421875
27,225801,525801,0.741149902,-0.151855469,-0.538818359,0.370605469,-0.5078125,-0.359375,0.37890625,-6.8125,7.0078125,-1.4140625,-0.14453125,0.296875,0.3984375
28,232562,532562,0.741455078,-0.15234375,-0.536865234,0.372497559,-0.0625,0.125,0.68359375,-6.7578125,7.0625,-1.453125,-0.14453125,0.296875,0.3984375
29,245456,545456,0.741943359,-0.152709961,-0.534790039,0.374389648,-0.0625,0.125,0.68359375,-6.7578125,7.0625,-1.453125,-0.126953125,0.439453125,0.40234375
30,254488,554488,0.742797852,-0.153076172,-0.532348633,0.376098633,0.01953125,0.14453125,0.41015625,-6.6875,7.1171875,-1.484375,-0.126953125,0.439453125,0.40234375
31,265641,565641,0.743835449,-0.153503418,-0.530090332,0.37701416,0.01953125,0.14453125,0.41015625,-6.6875,7.1171875,-1.484375,0.130859375,0.435546875,0.267578125
32,273865,573865,0.745056152,-0.154052734,-0.528015137,0.377380371,-0.5,-0.4765625,0.15625,-6.625,7.1640625,-1.5390625,0.130859375,0.435546875,0.267578125
33,285429,585429,0.746032715,-0.154602051,-0.526306152,0.377563477,-0.5,-0.4765625,0.15625,-6.625,7.1640625,-1.5390625,0.16796875,0.2734375,0.19140625
34,294483,594483,0.746826172,-0.155334473,-0.524841309,0.377685547,-0.6171875,-0.5390625,-0.26953125,-6.5859375,7.1875,-1.609375,0.16796875,0.2734375,0.19140625
35,305633,605633,0.747497559,-0.156188965,-0.5234375,0.377990723,-0.6171875,-0.5390625,-0.26953125,-6.5859375,7.1875,-1.609375,0.119140625,0.21875,0.2734375
36,312432,612432,0.74810791,-0.157104492,-0.521789551,0.378662109,-0.05078125,0.12890625,-0.375,-6.5390625,7.2109375,-1.65625,0.119140625,0.21875,0.2734375
37,325121,625121,0.748779297,-0.157897949,-0.519836426,0.379760742,-0.05078125,0.12890625,-0.375,-6.5390625,7.2109375,-1.65625,0.005859375,0.38671875,0.376953125
38,334465,634465,0.749389648,-0.15838623,-0.517700195,0.381164551,0.4296875,0.47265625,-0.16796875,-6.484375,7.25,-1.7109375,0.005859375,0.38671875,0.376953125
39,345620,645620,0.750061035,-0.158691406,-0.515380859,0.38293457,0.4296875,0.47265625,-0.16796875,-6.484375,7.25,-1.7109375,-0.1328125,0.439453125,0.373046875
40,353877,653877,0.750610352,-0.158996582,-0.513183594,0.384643555,0.015625,-0.04296875,-0.16796875,-6.4140625,7.3046875,-1.75,-0.1328125,0.439453125,0.373046875
41,365440,665440,0.751159668,-0.159606934,-0.511169434,0.385986328,0.015625,-0.04296875,-0.16796875,-6.4140625,7.3046875,-1.75,0.03125,0.32421875,0.3515625
42,375199,675199,0.751831055,-0.160522461,-0.509216309,0.38684082,-0.36328125,-0.203125,-0.08984375,-6.34375,7.3515625,-1.7890625,0.03125,0.32421875,0.3515625
43,386169,686169,0.752685547,-0.161743164,-0.507263184,0.387329102,-0.36328125,-0.203125,-0.08984375,-6.34375,7.3515625,-1.7890625,0.220703125,0.306640625,0.357421875
44,392375,692375,0.753662109,-0.163024902,-0.505126953,0.387573242,-0.1953125,-0.01171875,-0.15234375,-6.28125,7.390625,-1.84375,0.220703125,0.306640625,0.357421875
45,405823,705823,0.754882812,-0.16418457,-0.502868652,0.387756348,-0.1953125,-0.01171875,-0.15234375,-6.28125,7.390625,-1.84375,0.26171875,0.419921875,0.310546875
46,414868,714868,0.756286621,-0.165222168,-0.500366211,0.387817383,0.05078125,0.1796875,-0.140625,-6.21875,7.4296875,-1.9296875,0.26171875,0.419921875,0.310546875
47,425225,725225,0.757751465,-0.166320801,-0.497924805,0.387573242,0.05078125,0.1796875,-0.140625,-6.21875,7.4296875,-1.9296875,0.3515625,0.390625,0.283203125
48,435752,735752,0.759033203,-0.167602539,-0.495849609,0.387268066,-0.38671875,0.078125,0.03515625,-6.1640625,7.453125,-2.03125,0.3515625,0.390625,0.283203125
49,445408,745408,0.760009766,-0.168884277,-0.494018555,0.387023926,-0.38671875,0.078125,0.03515625,-6.1640625,7.453125,-2.03125,0.26171875,0.2421875,0.279296875
50,454883,754883,0.760925293,-0.16998291,-0.492248535,0.387023926,-0.09765625,-0.2421875,0.421875,-6.109375,7.46875,-2.109375,0.26171875,0.2421875,0.279296875
51,464084,764084,0.761962891,-0.170959473,-0.490234375,0.387145996,-0.09765625,-0.2421875,0.421875,-6.109375,7.46875,-2.109375,0.21875,0.34375,0.26171875
52,471772,771772,0.762878418,-0.171691895,-0.48840332,0.387329102,-0.34375,-0.53515625,0.15625,-6.0546875,7.4921875,-2.1875,0.21875,0.34375,0.26171875
53,485414,785414,0.76361084,-0.172119141,-0.486755371,0.387695312,-0.34375,-0.53515625,0.15625,-6.0546875,7.4921875,-2.1875,0.0625,0.26953125,0.16796875
54,494866,794866,0.764221191,-0.172424316,-0.485473633,0.388000488,-0.46875,-1.09375,0.28515625,-6.0078125,7.515625,-2.2421875,0.0625,0.26953125,0.16796875
55,505193,805193,0.764831543,-0.172729492,-0.484375,0.388000488,-0.46875,-1.09375,0.28515625,-6.0078125,7.515625,-2.2421875,0.12890625,0.177734375,0.07421875
56,516837,816837,0.765441895,-0.173034668,-0.483520508,0.387756348,-0.8046875,-0.91796875,0.44140625,-5.9765625,7.53125,-2.28125,0.12890625,0.177734375,0.07421875
57,524795,824795,0.766113281,-0.173461914,-0.482788086,0.387207031,-0.8046875,-0.91796875,0.44140625,-5.9765625,7.53125,-2.28125,0.208984375,0.109375,0.04296875
58,534187,834187,0.766662598,-0.17388916,-0.482177734,0.38671875,-0.5546875,-0.56640625,0.48828125,-5.9609375,7.5234375,-2.328125,0.208984375,0.109375,0.04296875
59,545949,845949,0.766967773,-0.174194336,-0.481872559,0.386352539,-0.5546875,-0.56640625,0.48828125,-5.9609375,7.5234375,-2.328125,0.09375,0.021484375,0.025390625
60,551572,851572,0.767089844,-0.174438477,-0.481689453,0.386108398,-0.5546875,-0.59765625,0.7109375,-5.9609375,7.515625,-2.359375,0.09375,0.021484375,0.025390625
61,565316,865316,0.767150879,-0.174621582,-0.481750488,0.385864258,-0.5546875,-0.59765625,0.7109375,-5.9609375,7.515625,-2.359375,0.048828125,-0.025390625,-0.025390625
62,573884,873884,0.767211914,-0.174621582,-0.481933594,0.385559082,-0.5546875,-0.55859375,0.7109375,-5.9609375,7.515625,-2.359375,0.048828125,-0.025390625,-0.025390625
63,583652,883652,0.767089844,-0.174560547,-0.48248291,0.385192871,-0.5546875,-0.55859375,0.7109375,-5.9609375,7.515625,-2.359375,0.021484375,-0.130859375,-0.1015625
64,597962,897962,0.766845703,-0.174499512,-0.483276367,0.38470459,-0.7734375,-0.703125,0.51953125,-5.96875,7.5078125,-2.359375,0.021484375,-0.130859375,-0.1015625
65,604311,904311,0.766418457,-0.174377441,-0.48449707,0.384033203,-0.7734375,-0.703125,0.51953125,-5.96875,7.5078125,-2.359375,0.00390625,-0.283203125,-0.166015625
66,614884,914884,0.765808105,-0.174255371,-0.486083984,0.383300781,-0.8515625,-0.7578125,0.609375,-6.0078125,7.484375,-2.3359375,0.00390625,-0.283203125,-0.166015625
67,625562,925562,0.765014648,-0.174072266,-0.488037109,0.382385254,-0.8515625,-0.7578125,0.609375,-6.0078125,7.484375,-2.3359375,-0.005859375,-0.41796875,-0.265625
68,631890,931890,0.764099121,-0.17376709,-0.490478516,0.381286621,-1.0625,-0.8125,0.79296875,-6.0625,7.4609375,-2.2890625,-0.005859375,-0.41796875,-0.265625
69,644949,944949,0.763061523,-0.173339844,-0.493225098,0.380065918,-1.0625,-0.8125,0.79296875,-6.0625,7.4609375,-2.2890625,-0.03125,-0.58203125,-0.41015625
70,653869,953869,0.761901855,-0.172729492,-0.496398926,0.378479004,-1.1875,-1.34765625,1,-6.1328125,7.421875,-2.2265625,-0.03125,-0.58203125,-0.41015625
71,665706,965706,0.760803223,-0.17199707,-0.49987793,0.376464844,-1.1875,-1.34765625,1,-6.1328125,7.421875,-2.2265625,0.056640625,-0.689453125,-0.5703125
72,674879,974879,0.75958252,-0.171203613,-0.503662109,0.374145508,-1.11328125,-1.58203125,0.8046875,-6.2421875,7.3515625,-2.1484375,0.056640625,-0.689453125,-0.5703125
73,683908,983908,0.758239746,-0.170043945,-0.50793457,0.371704102,-1.11328125,-1.58203125,0.8046875,-6.2421875,7.3515625,-2.1484375,-0.04296875,-0.78515625,-0.712890625
74,694010,994010,0.756530762,-0.168334961,-0.512634277,0.369506836,-1.02734375,-1.07421875,0.671875,-6.3671875,7.265625,-2.0546875,-0.04296875,-0.78515625,-0.712890625
75,703799,1003799,0.754638672,-0.166320801,-0.517456055,0.367614746,-1.02734375,-1.07421875,0.671875,-6.3671875,7.265625,-2.0546875,-0.2890625,-0.896484375,-0.853515625
76,711689,1011689,0.752380371,-0.163879395,-0.522583008,0.365905762,-0.8046875,-0.484375,0.42578125,-6.515625,7.171875,-1.921875,-0.2890625,-0.896484375,-0.853515625
77,723783,1023783,0.749816895,-0.161071777,-0.528259277,0.364318848,-0.8046875,-0.484375,0.42578125,-6.515625,7.171875,-1.921875,-0.4453125,-0.9609375,-0.908203125
78,734032,1034032,0.747314453,-0.158325195,-0.533630371,0.362915039,-0.5625,0.27734375,0.70703125,-6.6796875,7.0625,-1.7421875,-0.4453125,-0.9609375,-0.908203125
79,744968,1044968,0.744750977,-0.155456543,-0.5390625,0.36138916,-0.5625,0.27734375,0.70703125,-6.6796875,7.0625,-1.7421875,-0.4296875,-0.890625,-0.87109375
80,754734,1054734,0.74230957,-0.152587891,-0.544250488,0.359863281,-0.2890625,0.65625,0.703125,-6.8359375,6.953125,-1.546875,-0.4296875,-0.890625,-0.87109375
81,764527,1064527,0.74029541,-0.149963379,-0.548828125,0.358093262,-0.2890625,0.65625,0.703125,-6.8359375,6.953125,-1.546875,-0.275390625,-0.703125,-0.849609375
82,772489,1072489,0.738708496,-0.147277832,-0.553039551,0.356079102,0.1953125,0.41796875,0.078125,-6.9765625,6.84375,-1.3828125,-0.275390625,-0.703125,-0.849609375
83,785517,1085517,0.737487793,-0.144592285,-0.556945801,0.35369873,0.1953125,0.41796875,0.078125,-6.9765625,6.84375,-1.3828125,-0.12890625,-0.576171875,-0.94140625
84,791701,1091701,0.736328125,-0.141723633,-0.560852051,0.351013184,-0.39453125,0.19921875,-0.4609375,-7.1171875,6.71875,-1.265625,-0.12890625,-0.576171875,-0.94140625
85,804739,1104739,0.734924316,-0.138671875,-0.565185547,0.348144531,-0.39453125,0.19921875,-0.4609375,-7.1171875,6.71875,-1.265625,-0.166015625,-0.7109375,-1.04296875
86,813890,1113890,0.733093262,-0.135620117,-0.570068359,0.345275879,-0.97265625,0.5703125,-0.79296875,-7.265625,6.578125,-1.1640625,-0.166015625,-0.7109375,-1.04296875
87,825349,1125349,0.730895996,-0.132629395,-0.575439453,0.342163086,-0.97265625,0.5703125,-0.79296875,-7.265625,6.578125,-1.1640625,-0.169921875,-0.99609375,-1.14648438
88,832483,1132483,0.72833252,-0.129638672,-0.581420898,0.338623047,-1.0390625,0.96484375,-0.14453125,-7.4296875,6.4140625,-1.0078125,-0.169921875,-0.99609375,-1.14648438
89,844938,1144938,0.725708008,-0.12689209,-0.587341309,0.335144043,-1.0390625,0.96484375,-0.14453125,-7.4296875,6.4140625,-1.0078125,-0.15234375,-1.09960938,-1.13671875
90,853870,1153870,0.723022461,-0.124267578,-0.593078613,0.331726074,-0.29296875,0.4765625,0.51953125,-7.6015625,6.25,-0.828125,-0.15234375,-1.09960938,-1.13671875
91,864594,1164594,0.720703125,-0.121826172,-0.598205566,0.328430176,-0.29296875,0.4765625,0.51953125,-7.6015625,6.25,-0.828125,-0.06640625,-0.884765625,-1.00390625
92,873616,1173616,0.71887207,-0.119628906,-0.602722168,0.324951172,0.35546875,-0.5078125,0.26953125,-7.75,6.0859375,-0.65625,-0.06640625,-0.884765625,-1.00390625
93,883764,1183764,0.717529297,-0.118041992,-0.606689453,0.321105957,0.35546875,-0.5078125,0.26953125,-7.75,6.0859375,-0.65625,0.279296875,-0.6875,-0.837890625
94,893887,1193887,0.716491699,-0.117248535,-0.610107422,0.317260742,0.5546875,-0.7421875,-1.29296875,-7.875,5.9375,-0.546875,0.279296875,-0.6875,-0.837890625
95,905183,1205183,0.715515137,-0.116760254,-0.613220215,0.313598633,0.5546875,-0.7421875,-1.29296875,-7.875,5.9375,-0.546875,0.32421875,-0.591796875,-0.66796875
96,912828,1212828,0.714538574,-0.116149902,-0.616271973,0.309997559,0.7265625,0.2265625,-1.2421875,-7.96875,5.8125,-0.484375,0.32421875,-0.591796875,-0.66796875
97,923548,1223548,0.713439941,-0.115478516,-0.619262695,0.306884766,0.7265625,0.2265625,-1.2421875,-7.96875,5.8125,-0.484375,0.181640625,-0.611328125,-0.638671875
98,933872,1233872,0.712097168,-0.114807129,-0.622375488,0.303955078,0.65234375,0.52734375,-1.1875,-8.046875,5.703125,-0.421875,0.181640625,-0.611328125,-0.638671875
99,945501,1245501,0.710388184,-0.114624023,-0.625915527,0.30065918,0.65234375,0.52734375,-1.1875,-8.046875,5.703125,-0.421875,0.345703125,-0.849609375,-0.6171875
100,951686,1251686,0.708496094,-0.115112305,-0.630004883,0.296386719,0.34765625,0.47265625,-1.046875,-8.125,5.6015625,-0.3359375,0.345703125,-0.849609375,-0.6171875
101,964451,1264451,0.706726074,-0.116333008,-0.633972168,0.291625977,0.34765625,0.47265625,-1.046875,-8.125,5.6015625,-0.3359375,0.75390625,-1.00390625,-0.5859375
102,974251,1274251,0.705200195,-0.118286133,-0.637695312,0.286499023,0.28125,0.7734375,-0.7265625,-8.2109375,5.4921875,-0.234375,0.75390625,-1.00390625,-0.5859375
103,984088,1284088,0.703613281,-0.120910645,-0.641540527,0.280456543,0.28125,0.7734375,-0.7265625,-8.2109375,5.4921875,-0.234375,0.98046875,-0.95703125,-0.525390625
104,994651,1294651,0.702270508,-0.123535156,-0.644958496,0.274963379,-0.234375,0.9140625,-0.44921875,-8.2734375,5.390625,-0.1640625,0.98046875,-0.95703125,-0.525390625
105,1003869,1303869,0.700866699,-0.126037598,-0.648071289,0.269958496,-0.234375,0.9140625,-0.44921875,-8.2734375,5.390625,-0.1640625,0.783203125,-0.81640625,-0.390625
106,1012807,1312807,0.699707031,-0.128112793,-0.65057373,0.265991211,0.55078125,1.109375,-0.4609375,-8.328125,5.3125,-0.1171875,0.783203125,-0.81640625,-0.390625
107,1025382,1325382,0.698547363,-0.130249023,-0.652832031,0.262390137,0.55078125,1.109375,-0.4609375,-8.328125,5.3125,-0.1171875,0.583984375,-0.58984375,-0.197265625
108,1031708,1331708,0.697509766,-0.132202148,-0.654724121,0.259643555,1.00390625,0.6171875,-0.890625,-8.359375,5.265625,-0.0703125,0.583984375,-0.58984375,-0.197265625
109,1043743,1343743,0.696350098,-0.134277344,-0.656433105,0.257141113,1.00390625,0.6171875,-0.890625,-8.359375,5.265625,-0.0703125,0.505859375,-0.5546875,-0.08203125
110,1053872,1353872,0.6953125,-0.136352539,-0.658081055,0.254821777,0.48046875,0.56640625,-0.46875,-8.375,5.2421875,-0.03125,0.505859375,-0.5546875,-0.08203125
111,1064632,1364632,0.694030762,-0.138793945,-0.659912109,0.25213623,0.48046875,0.56640625,-0.46875,-8.375,5.2421875,-0.03125,0.578125,-0.630859375,-0.07421875
112,1073402,1373402,0.692626953,-0.141235352,-0.661865234,0.249389648,-0.046875,0.61328125,-0.27734375,-8.3828125,5.234375,0.0078125,0.578125,-0.630859375,-0.07421875
113,1083869,1383869,0.691223145,-0.143554688,-0.663879395,0.246704102,-0.046875,0.61328125,-0.27734375,-8.3828125,5.234375,0.0078125,0.525390625,-0.6484375,-0.08984375
114,1092032,1392032,0.689819336,-0.145568848,-0.665771484,0.24432373,0.34375,0.55078125,-0.2109375,-8.390625,5.21875,0.0546875,0.525390625,-0.6484375,-0.08984375
115,1104483,1404483,0.688354492,-0.147705078,-0.667663574,0.241943359,0.34375,0.55078125,-0.2109375,-8.390625,5.21875,0.0546875,0.462890625,-0.56640625,-0.0546875
116,1111802,1411802,0.687072754,-0.149719238,-0.669311523,0.239807129,0.46875,0.3671875,-0.21875,-8.3984375,5.2109375,0.1015625,0.462890625,-0.56640625,-0.0546875
117,1123841,1423841,0.685791016,-0.151794434,-0.670837402,0.237854004,0.46875,0.3671875,-0.21875,-8.3984375,5.2109375,0.1015625,0.412109375,-0.49609375,0.013671875
118,1133869,1433869,0.684692383,-0.153747559,-0.672119141,0.23626709,0.734375,0.14453125,-0.1875,-8.3984375,5.203125,0.1484375,0.412109375,-0.49609375,0.013671875
119,1144617,1444617,0.68347168,-0.156066895,-0.673461914,0.234436035,0.734375,0.14453125,-0.1875,-8.3984375,5.203125,0.1484375,0.455078125,-0.513671875,0.060546875
120,1152494,1452494,0.682189941,-0.15838623,-0.674804688,0.232727051,0.3828125,-0.0234375,-0.10546875,-8.390625,5.21875,0.1796875,0.455078125,-0.513671875,0.060546875
121,1164153,1464153,0.680969238,-0.160461426,-0.676086426,0.231140137,0.3828125,-0.0234375,-0.10546875,-8.390625,5.21875,0.1796875,0.384765625,-0.46484375,0.044921875
122,1173860,1473860,0.679931641,-0.162414551,-0.677185059,0.229736328,0.296875,0.16015625,0.0390625,-8.3828125,5.2265625,0.2265625,0.384765625,-0.46484375,0.044921875
123,1184952,1484952,0.678771973,-0.164489746,-0.678283691,0.22833252,0.296875,0.16015625,0.0390625,-8.3828125,5.2265625,0.2265625,0.3671875,-0.4453125,0.08984375
124,1191733,1491733,0.677612305,-0.166503906,-0.679443359,0.227050781,0.17578125,0.3359375,-0.296875,-8.375,5.2421875,0.2578125,0.3671875,-0.4453125,0.08984375
125,1203770,1503770,0.676452637,-0.168273926,-0.680480957,0.225830078,0.17578125,0.3359375,-0.296875,-8.375,5.2421875,0.2578125,0.306640625,-0.40625,0.072265625
126,1213054,1513054,0.675415039,-0.16998291,-0.68145752,0.22467041,0.16796875,0.359375,-0.03125,-8.3671875,5.2578125,0.296875,0.306640625,-0.40625,0.072265625
127,1224507,1524507,0.674438477,-0.171569824,-0.682434082,0.223632812,0.16796875,0.359375,-0.03125,-8.3671875,5.2578125,0.296875,0.255859375,-0.33984375,0.06640625
128,1232478,1532478,0.673583984,-0.172912598,-0.683166504,0.22277832,0.296875,0.16015625,0.0234375,-8.34375,5.265625,0.3203125,0.255859375,-0.33984375,0.06640625
129,1246686,1546686,0.672851562,-0.174194336,-0.683837891,0.222045898,0.296875,0.16015625,0.0234375,-8.34375,5.265625,0.3203125,0.20703125,-0.251953125,0.0703125
130,1252489,1552489,0.672119141,-0.175415039,-0.684448242,0.221374512,0.09765625,0.06640625,-0.26953125,-8.3359375,5.28125,0.34375,0.20703125,-0.251953125,0.0703125
131,1265883,1565883,0.671447754,-0.176696777,-0.684997559,0.22076416,0.09765625,0.06640625,-0.26953125,-8.3359375,5.28125,0.34375,0.197265625,-0.240234375,0.095703125
132,1271861,1571861,0.670776367,-0.177856445,-0.685424805,0.220275879,0.3984375,0.08984375,0.05078125,-8.328125,5.296875,0.3671875,0.197265625,-0.240234375,0.095703125
133,1285216,1585216,0.670288086,-0.178955078,-0.685791016,0.219970703,0.3984375,0.08984375,0.05078125,-8.328125,5.296875,0.3671875,0.134765625,-0.154296875,0.1015625
134,1293033,1593033,0.66986084,-0.179748535,-0.686035156,0.219848633,0.3828125,0.21875,-0.0390625,-8.3125,5.3203125,0.3828125,0.134765625,-0.154296875,0.1015625
135,1306263,1606263,0.669555664,-0.180419922,-0.686157227,0.219726562,0.3828125,0.21875,-0.0390625,-8.3125,5.3203125,0.3828125,0.06640625,-0.0703125,0.068359375
136,1314549,1614549,0.669433594,-0.180786133,-0.686218262,0.219665527,0.18359375,0.1640625,-0.1171875,-8.3046875,5.3359375,0.3828125,0.06640625,-0.0703125,0.068359375
137,1326731,1626731,0.669555664,-0.180847168,-0.686157227,0.219665527,0.18359375,0.1640625,-0.1171875,-8.3046875,5.3359375,0.3828125,0.0078125,0.060546875,-0.017578125
138,1332481,1632481,0.66986084,-0.180603027,-0.685852051,0.219604492,0.13671875,-0.02734375,-0.078125,-8.296875,5.3359375,0.3828125,0.0078125,0.060546875,-0.017578125
139,1346250,1646250,0.670471191,-0.180114746,-0.685424805,0.219543457,0.13671875,-0.02734375,-0.078125,-8.296875,5.3359375,0.3828125,-0.033203125,0.1796875,-0.08203125
140,1352200,1652200,0.671142578,-0.179443359,-0.684936523,0.219543457,0.18359375,0.01171875,-0.36328125,-8.3046875,5.3359375,0.359375,-0.033203125,0.1796875,-0.08203125
141,1366455,1666455,0.67199707,-0.178527832,-0.684326172,0.219665527,0.18359375,0.01171875,-0.36328125,-8.3046875,5.3359375,0.359375,-0.08984375,0.251953125,-0.115234375
142,1374878,1674878,0.672851562,-0.177429199,-0.683654785,0.219848633,0.3125,0.140625,-0.25390625,-8.3203125,5.3203125,0.328125,-0.08984375,0.251953125,-0.115234375
143,1385433,1685433,0.673950195,-0.175964355,-0.682861328,0.220336914,0.3125,0.140625,-0.25390625,-8.3203125,5.3203125,0.328125,-0.205078125,0.3515625,-0.13671875
144,1395047,1695047,0.675109863,-0.174255371,-0.681884766,0.220947266,0.51171875,0.2421875,-0.14453125,-8.328125,5.296875,0.296875,-0.205078125,0.3515625,-0.13671875
145,1406191,1706191,0.676513672,-0.172241211,-0.680786133,0.221923828,0.51171875,0.2421875,-0.14453125,-8.328125,5.296875,0.296875,-0.33984375,0.51953125,-0.14453125
146,1412038,1712038,0.678161621,-0.16986084,-0.679321289,0.223144531,0.57421875,0.3828125,-0.22265625,-8.3515625,5.2734375,0.2578125,-0.33984375,0.51953125,-0.14453125
147,1425317,1725317,0.680053711,-0.167114258,-0.677612305,0.224731445,0.57421875,0.3828125,-0.22265625,-8.3515625,5.2734375,0.2578125,-0.462890625,0.697265625,-0.138671875
148,1431743,1731743,0.681884766,-0.164306641,-0.67578125,0.2265625,0.46484375,0.4140625,-0.390625,-8.359375,5.2421875,0.1953125,-0.462890625,0.697265625,-0.138671875
149,1446126,1746126,0.683959961,-0.161071777,-0.67364502,0.229125977,0.46484375,0.4140625,-0.390625,-8.359375,5.2421875,0.1953125,-0.642578125,0.80078125,-0.029296875
150,1452480,1752480,0.685913086,-0.157775879,-0.671386719,0.232177734,0.7109375,0.6484375,-0.51171875,-8.375,5.234375,0.125,-0.642578125,0.80078125,-0.029296875
151,1466264,1766264,0.687805176,-0.15447998,-0.668884277,0.235839844,0.7109375,0.6484375,-0.51171875,-8.375,5.234375,0.125,-0.796875,0.87890625,0.13671875
152,1473872,1773872,0.689758301,-0.151428223,-0.666259766,0.239746094,1.203125,0.375,-0.5546875,-8.3671875,5.2421875,0.0546875,-0.796875,0.87890625,0.13671875
153,1486342,1786342,0.691589355,-0.148925781,-0.663513184,0.243530273,1.203125,0.375,-0.5546875,-8.3671875,5.2421875,0.0546875,-0.646484375,0.845703125,0.265625
154,1492169,1792169,0.693481445,-0.146789551,-0.660583496,0.247192383,0.83203125,0.80078125,-0.67578125,-8.34375,5.2734375,-0.015625,-0.646484375,0.845703125,0.265625
155,1504974,1804974,0.695495605,-0.144897461,-0.657592773,0.250732422,0.83203125,0.80078125,-0.67578125,-8.34375,5.2734375,-0.015625,-0.560546875,0.90625,0.30078125
156,1511904,1811904,0.697509766,-0.142944336,-0.654418945,0.254455566,0.609375,1.015625,-0.4375,-8.3125,5.328125,-0.1015625,-0.560546875,0.90625,0.30078125
157,1536479,1836479,0.699584961,-0.140625,-0.651000977,0.258789062,0.609375,1.015625,-0.4375,-8.3125,5.328125,-0.1015625,-0.775390625,1.01757812,0.375
158,1536527,1836527,0.701660156,-0.138061523,-0.647399902,0.263549805,0.41015625,1,-1.421875,-8.265625,5.3828125,-0.1875,-0.775390625,1.01757812,0.375
159,1545668,1845668,0.703796387,-0.135681152,-0.643432617,0.268798828,0.41015625,1,-1.421875,-8.265625,5.3828125,-0.1875,-0.759765625,1.0625,0.5078125
160,1556676,1856676,0.705749512,-0.133911133,-0.639526367,0.273803711,0.47265625,0.68359375,-1.21484375,-8.2109375,5.46875,-0.28125,-0.759765625,1.0625,0.5078125
161,1566167,1866167,0.707458496,-0.13293457,-0.635681152,0.278869629,0.47265625,0.68359375,-1.21484375,-8.2109375,5.46875,-0.28125,-0.5859375,0.890625,0.71875
162,1572038,1872038,0.70892334,-0.132873535,-0.631958008,0.283630371,0.59375,0.0859375,-0.5546875,-8.140625,5.5703125,-0.3671875,-0.5859375,0.890625,0.71875
163,1584850,1884850,0.710144043,-0.133605957,-0.628356934,0.288146973,0.59375,0.0859375,-0.5546875,-8.140625,5.5703125,-0.3671875,-0.341796875,0.69140625,0.87109375
164,1592126,1892126,0.711181641,-0.134643555,-0.624938965,0.292480469,0.26171875,0.36328125,0.18359375,-8.0390625,5.7109375,-0.453125,-0.341796875,0.69140625,0.87109375
165,1607268,1907268,0.712524414,-0.135803223,-0.62097168,0.297119141,0.26171875,0.36328125,0.18359375,-8.0390625,5.7109375,-0.453125,-0.3203125,0.787109375,0.91015625
166,1612035,1912035,0.713928223,-0.136901855,-0.616882324,0.301574707,-0.125,0.8359375,0.0703125,-7.921875,5.8515625,-0.53125,-0.3203125,0.787109375,0.91015625
167,1625378,1925378,0.715454102,-0.137756348,-0.612854004,0.305847168,-0.125,0.8359375,0.0703125,-7.921875,5.8515625,-0.53125,-0.3046875,0.85546875,0.853515625
168,1639267,1939267,0.717041016,-0.138549805,-0.608703613,0.310119629,-0.125,0.57421875,-0.56640625,-7.8046875,6,-0.625,-0.3046875,0.85546875,0.853515625
169,1646500,1946500,0.718444824,-0.139099121,-0.604553223,0.314697266,-0.125,0.57421875,-0.56640625,-7.8046875,6,-0.625,-0.419921875,0.83984375,0.853515625
170,1652035,1952035,0.719665527,-0.139709473,-0.600463867,0.319335938,0.4453125,0.31640625,-0.85546875,-7.6875,6.140625,-0.71875,-0.419921875,0.83984375,0.853515625
171,1664814,1964814,0.720825195,-0.140563965,-0.596496582,0.323852539,0.4453125,0.31640625,-0.85546875,-7.6875,6.140625,-0.71875,-0.296875,0.75,0.896484375
172,1671740,1971740,0.721801758,-0.141967773,-0.592895508,0.327575684,0.2421875,0.0625,-0.66015625,-7.5625,6.28125,-0.796875,-0.296875,0.75,0.896484375
173,1685813,1985813,0.722839355,-0.143981934,-0.589172363,0.331115723,0.2421875,0.0625,-0.66015625,-7.5625,6.28125,-0.796875,-0.04296875,0.546875,0.865234375
174,1694666,1994666,0.723754883,-0.146118164,-0.585998535,0.33380127,-0.71484375,-0.1171875,0.0234375,-7.4453125,6.421875,-0.8671875,-0.04296875,0.546875,0.865234375
175,1706245,2006245,0.725036621,-0.148620605,-0.582519531,0.33605957,-0.71484375,-0.1171875,0.0234375,-7.4453125,6.421875,-0.8671875,0.2265625,0.544921875,0.77734375
176,1717134,2017134,0.7265625,-0.151306152,-0.578918457,0.33782959,-1.53125,-0.42578125,0.26953125,-7.3203125,6.5390625,-0.9609375,0.2265625,0.544921875,0.77734375
177,1726065,2026065,0.728088379,-0.153808594,-0.575317383,0.339538574,-1.53125,-0.42578125,0.26953125,-7.3203125,6.5390625,-0.9609375,0.205078125,0.580078125,0.74609375
178,1732196,2032196,0.729309082,-0.155700684,-0.571777344,0.34185791,-0.69140625,-0.19140625,-0.3046875,-7.203125,6.6484375,-1.078125,0.205078125,0.580078125,0.74609375
179,1746361,2046361,0.730163574,-0.156860352,-0.56829834,0.345397949,-0.69140625,-0.19140625,-0.3046875,-7.203125,6.6484375,-1.078125,-0.388671875,0.640625,0.79296875
180,1752442,2052442,0.730529785,-0.157470703,-0.564880371,0.349914551,0.1875,0.3828125,-0.1484375,-7.0859375,6.765625,-1.15625,-0.388671875,0.640625,0.79296875
181,1766260,2066260,0.730834961,-0.15802002,-0.561401367,0.354492188,0.1875,0.3828125,-0.1484375,-7.0859375,6.765625,-1.15625,-0.439453125,0.63671875,0.833984375
182,1772184,2072184,0.731262207,-0.158935547,-0.558044434,0.358520508,-0.05078125,0.41015625,0.3046875,-6.9609375,6.890625,-1.1875,-0.439453125,0.63671875,0.833984375
183,1785533,2085533,0.731933594,-0.160400391,-0.554931641,0.361328125,-0.05078125,0.41015625,0.3046875,-6.9609375,6.890625,-1.1875,0.015625,0.486328125,0.68359375
184,1796256,2096256,0.733032227,-0.16217041,-0.551879883,0.362976074,-0.8671875,-0.6171875,0.6953125,-6.8359375,7,-1.234375,0.015625,0.486328125,0.68359375
185,1805995,2105995,0.73449707,-0.164001465,-0.548828125,0.363830566,-0.8671875,-0.6171875,0.6953125,-6.8359375,7,-1.234375,0.322265625,0.490234375,0.48828125
186,1812169,2112169,0.735900879,-0.165588379,-0.545837402,0.364807129,-0.99609375,-1.0390625,0.13671875,-6.7421875,7.078125,-1.328125,0.322265625,0.490234375,0.48828125
187,1825093,2125093,0.737060547,-0.166625977,-0.542724609,0.366638184,-0.99609375,-1.0390625,0.13671875,-6.7421875,7.078125,-1.328125,-0.072265625,0.595703125,0.580078125
188,1831452,2131452,0.737915039,-0.167419434,-0.539550781,0.36920166,-0.01171875,-0.0390625,-0.41015625,-6.65625,7.1484375,-1.4296875,-0.072265625,0.595703125,0.580078125
189,1845274,2145274,0.738708496,-0.168151855,-0.535827637,0.372680664,-0.01171875,-0.0390625,-0.41015625,-6.65625,7.1484375,-1.4296875,-0.298828125,0.677734375,0.720703125
190,1854305,2154305,0.739318848,-0.168701172,-0.532226562,0.376464844,0.37109375,1.0625,-0.05078125,-6.5390625,7.234375,-1.484375,-0.298828125,0.677734375,0.720703125
191,1865168,2165168,0.739868164,-0.169250488,-0.528686523,0.380126953,0.37109375,1.0625,-0.05078125,-6.5390625,7.234375,-1.484375,-0.28125,0.619140625,0.677734375
192,1876188,2176188,0.740478516,-0.16986084,-0.52557373,0.382873535,-0.22265625,0.2265625,0.3046875,-6.40625,7.34375,-1.53125,-0.28125,0.619140625,0.677734375
193,1885850,2185850,0.741455078,-0.170654297,-0.522583008,0.384765625,-0.22265625,0.2265625,0.3046875,-6.40625,7.34375,-1.53125,0.05859375,0.515625,0.443359375
194,1892074,2192074,0.742675781,-0.171508789,-0.519775391,0.385803223,-1.234375,-1.5390625,0.88671875,-6.3125,7.421875,-1.578125,0.05859375,0.515625,0.443359375
195,1905989,2205989,0.74420166,-0.172485352,-0.516906738,0.386291504,-1.234375,-1.5390625,0.88671875,-6.3125,7.421875,-1.578125,0.26953125,0.505859375,0.328125
196,1914577,2214577,0.745544434,-0.173400879,-0.514343262,0.38659668,-1.3515625,-1.4609375,0.13671875,-6.234375,7.4609375,-1.671875,0.26953125,0.505859375,0.328125
197,1925356,2225356,0.746887207,-0.174438477,-0.511779785,0.387084961,-1.3515625,-1.4609375,0.13671875,-6.234375,7.4609375,-1.671875,0.2109375,0.419921875,0.359375
198,1934062,2234062,0.74798584,-0.175537109,-0.509277344,0.387695312,-0.6484375,-0.45703125,-0.6484375,-6.171875,7.4921875,-1.765625,0.2109375,0.419921875,0.359375
199,1946675,2246675,0.748901367,-0.176452637,-0.506896973,0.388671875,-0.6484375,-0.45703125,-0.6484375,-6.171875,7.4921875,-1.765625,0.05859375,0.404296875,0.373046875
200,1955553,2255553,0.749633789,-0.177185059,-0.504699707,0.389770508,-0.48828125,-0.0390625,-0.1953125,-6.1015625,7.53125,-1.8359375,0.05859375,0.404296875,0.373046875
201,1965834,2265834,0.750183105,-0.178039551,-0.502746582,0.390869141,-0.48828125,-0.0390625,-0.1953125,-6.1015625,7.53125,-1.8359375,0.029296875,0.29296875,0.3515625
202,1975335,2275335,0.750732422,-0.178894043,-0.500854492,0.391845703,-0.40625,-0.16015625,0.43359375,-6.03125,7.578125,-1.890625,0.029296875,0.29296875,0.3515625
203,1986526,2286526,0.751525879,-0.1796875,-0.498901367,0.39251709,-0.40625,-0.16015625,0.43359375,-6.03125,7.578125,-1.890625,0.130859375,0.36328125,0.30078125
204,1993525,2293525,0.752502441,-0.180480957,-0.496765137,0.392944336,-0.4296875,-0.390625,0.5546875,-5.96875,7.6171875,-1.9375,0.130859375,0.36328125,0.30078125
205,2006425,2306425,0.753601074,-0.181274414,-0.494628906,0.393127441,-0.4296875,-0.390625,0.5546875,-5.96875,7.6171875,-1.9375,0.24609375,0.3828125,0.228515625
206,2012486,2312486,0.754821777,-0.182006836,-0.492614746,0.393005371,-0.4453125,-0.4140625,0.08984375,-5.9140625,7.640625,-2.0078125,0.24609375,0.3828125,0.228515625
207,2026275,2326275,0.755981445,-0.182861328,-0.490844727,0.392578125,-0.4453125,-0.4140625,0.08984375,-5.9140625,7.640625,-2.0078125,0.31640625,0.265625,0.154296875
208,2034573,2334573,0.757019043,-0.183837891,-0.489440918,0.391845703,-0.953125,-0.5,0.29296875,-5.8671875,7.6484375,-2.09375,0.31640625,0.265625,0.154296875
209,2046502,2346502,0.757873535,-0.184875488,-0.488525391,0.390930176,-0.953125,-0.5,0.29296875,-5.8671875,7.6484375,-2.09375,0.33984375,0.0703125,0.091796875
210,2053952,2353952,0.758483887,-0.18572998,-0.487915039,0.390136719,-0.9765625,-0.66015625,0.58984375,-5.84375,7.65625,-2.1640625,0.33984375,0.0703125,0.091796875
211,2066577,2366577,0.758850098,-0.186035156,-0.487548828,0.389648438,-0.9765625,-0.66015625,0.58984375,-5.84375,7.65625,-2.1640625,0.09375,0.060546875,-0.021484375
212,2073456,2373456,0.759155273,-0.185913086,-0.487304688,0.389404297,-0.6328125,-0.875,1.00390625,-5.84375,7.640625,-2.1953125,0.09375,0.060546875,-0.021484375
213,2086328,2386328,0.759338379,-0.185546875,-0.487365723,0.389160156,-0.6328125,-0.875,1.00390625,-5.84375,7.640625,-2.1953125,0.001953125,0.0078125,-0.1015625
214,2093942,2393942,0.759399414,-0.185241699,-0.487670898,0.388793945,-1.0078125,-0.9453125,0.68359375,-5.8515625,7.6328125,-2.21875,0.001953125,0.0078125,-0.1015625
215,2106241,2406241,0.759216309,-0.185058594,-0.48840332,0.388244629,-1.0078125,-0.9453125,0.68359375,-5.8515625,7.6328125,-2.21875,0.03515625,-0.171875,-0.150390625
216,2114622,2414622,0.759033203,-0.184936523,-0.489379883,0.387512207,-0.79296875,-0.96875,0.5234375,-5.875,7.6171875,-2.2109375,0.03515625,-0.171875,-0.150390625
217,2127472,2427472,0.758728027,-0.184814453,-0.490478516,0.386779785,-0.79296875,-0.96875,0.5234375,-5.875,7.6171875,-2.2109375,0.029296875,-0.220703125,-0.185546875
218,2133997,2433997,0.758361816,-0.184570312,-0.491638184,0.386108398,-0.5546875,-0.8671875,0.5390625,-5.921875,7.59375,-2.1875,0.029296875,-0.220703125,-0.185546875
219,2148088,2448088,0.757751465,-0.184265137,-0.493103027,0.385559082,-0.5546875,-0.8671875,0.5390625,-5.921875,7.59375,-2.1875,-0.068359375,-0.294921875,-0.18359375
220,2151822,2451822,0.757019043,-0.184020996,-0.494689941,0.385131836,-0.5234375,-0.61328125,0.35546875,-5.953125,7.5703125,-2.15625,-0.068359375,-0.294921875,-0.18359375
221,2168282,2468282,0.756164551,-0.183776855,-0.496398926,0.38470459,-0.5234375,-0.61328125,0.35546875,-5.953125,7.5703125,-2.15625,-0.087890625,-0.34765625,-0.18359375
222,2174933,2474933,0.755310059,-0.18359375,-0.49810791,0.384277344,-0.55078125,-0.29296875,0.4140625,-6,7.5546875,-2.1015625,-0.087890625,-0.34765625,-0.18359375
223,2187695,2487695,0.754516602,-0.183349609,-0.499938965,0.383666992,-0.55078125,-0.29296875,0.4140625,-6,7.5546875,-2.1015625,-0.03515625,-0.37109375,-0.20703125
224,2196621,2496621,0.753723145,-0.183227539,-0.50177002,0.3828125,-0.50390625,-0.26953125,0.390625,-6.046875,7.53125,-2.0390625,-0.03515625,-0.37109375,-0.20703125
225,2209289,2509289,0.753051758,-0.183105469,-0.50378418,0.381652832,-0.50390625,-0.26953125,0.390625,-6.046875,7.53125,-2.0390625,0.0703125,-0.3984375,-0.279296875
226,2216811,2516811,0.752441406,-0.182983398,-0.50579834,0.380126953,-0.6484375,-0.3125,0.19140625,-6.09375,7.5,-1.9921875,0.0703125,-0.3984375,-0.279296875
227,2227841,2527841,0.751831055,-0.182861328,-0.508361816,0.378051758,-0.6484375,-0.3125,0.19140625,-6.09375,7.5,-1.9921875,0.16796875,-0.533203125,-0.4296875
228,2231449,2531449,0.751159668,-0.182678223,-0.511108398,0.375671387,-1.18359375,-0.56640625,0.1875,-6.171875,7.4453125,-1.953125,0.16796875,-0.533203125,-0.4296875
229,2247215,2547215,0.750427246,-0.182373047,-0.514587402,0.372497559,-1.18359375,-0.56640625,0.1875,-6.171875,7.4453125,-1.953125,0.3046875,-0.7265625,-0.646484375
230,2252087,2552087,0.749694824,-0.182067871,-0.518554688,0.368652344,-1.57421875,-0.9453125,0.45703125,-6.28125,7.3671875,-1.9140625,0.3046875,-0.7265625,-0.646484375
231,2267307,2567307,0.748901367,-0.181640625,-0.522949219,0.364318848,-1.57421875,-0.9453125,0.45703125,-6.28125,7.3671875,-1.9140625,0.390625,-0.908203125,-0.83984375
232,2276499,2576499,0.747802734,-0.181030273,-0.527709961,0.359863281,-1.47265625,-1.3359375,0.78515625,-6.421875,7.2578125,-1.859375,0.390625,-0.908203125,-0.83984375
233,2286589,2586589,0.746398926,-0.179931641,-0.532714844,0.356018066,-1.47265625,-1.3359375,0.78515625,-6.421875,7.2578125,-1.859375,0.05859375,-0.9609375,-0.89453125
234,2292087,2592087,0.744567871,-0.178100586,-0.537841797,0.353027344,-0.734375,-0.859375,1.15234375,-6.5859375,7.125,-1.765625,0.05859375,-0.9609375,-0.89453125
235,2307011,2607011,0.742370605,-0.17565918,-0.543029785,0.350952148,-0.734375,-0.859375,1.15234375,-6.5859375,7.125,-1.765625,-0.408203125,-0.900390625,-0.880859375
236,2313076,2613076,0.739868164,-0.172485352,-0.548339844,0.349609375,-0.4609375,-0.13671875,1.4609375,-6.7421875,7.015625,-1.6171875,-0.408203125,-0.900390625,-0.880859375
237,2332792,2632792,0.737182617,-0.168823242,-0.553649902,0.348693848,-0.4609375,-0.13671875,1.4609375,-6.7421875,7.015625,-1.6171875,-0.705078125,-0.8515625,-0.939453125
238,2336945,2636945,0.734375,-0.164855957,-0.559020996,0.347839355,-0.640625,0.203125,1.10546875,-6.90625,6.90625,-1.4140625,-0.705078125,-0.8515625,-0.939453125
239,2346712,2646712,0.731689453,-0.160705566,-0.564453125,0.346740723,-0.640625,0.203125,1.10546875,-6.90625,6.90625,-1.4140625,-0.623046875,-0.830078125,-1.0625
240,2355183,2655183,0.729431152,-0.156433105,-0.569641113,0.344909668,-0.59375,0.51953125,0.16796875,-7.0703125,6.78125,-1.203125,-0.623046875,-0.830078125,-1.0625
241,2366685,2666685,0.727783203,-0.151977539,-0.574401855,0.342468262,-0.59375,0.51953125,0.16796875,-7.0703125,6.78125,-1.203125,-0.3671875,-0.595703125,-1.27148438
242,2372209,2672209,0.72644043,-0.147094727,-0.579040527,0.339599609,-0.8046875,0.63671875,-0.34375,-7.2421875,6.625,-1.0390625,-0.3671875,-0.595703125,-1.27148438
243,2386635,2686635,0.724853516,-0.141967773,-0.583984375,0.336730957,-0.8046875,0.63671875,-0.34375,-7.2421875,6.625,-1.0390625,-0.474609375,-0.68359375,-1.36132812
244,2395235,2695235,0.722900391,-0.137023926,-0.588989258,0.334289551,-0.84765625,0.44921875,-0.30078125,-7.4296875,6.4296875,-0.890625,-0.474609375,-0.68359375,-1.36132812
245,2407485,2707485,0.72064209,-0.131774902,-0.594421387,0.331604004,-0.84765625,0.44921875,-0.30078125,-7.4296875,6.4296875,-0.890625,-0.474609375,-0.7421875,-1.32617188
246,2413604,2713604,0.718688965,-0.12701416,-0.59942627,0.328796387,0.11328125,0.33984375,-0.2109375,-7.625,6.234375,-0.7109375,-0.474609375,-0.7421875,-1.32617188
247,2427412,2727412,0.71685791,-0.122314453,-0.604370117,0.325439453,0.11328125,0.33984375,-0.2109375,-7.625,6.234375,-0.7109375,-0.26171875,-0.65234375,-1.27539062
248,2435606,2735606,0.715270996,-0.118225098,-0.608947754,0.321777344,0.73828125,-0.3828125,-0.8203125,-7.7890625,6.0390625,-0.5625,-0.26171875,-0.65234375,-1.27539062
249,2451345,2751345,0.713989258,-0.115112305,-0.61328125,0.317626953,0.73828125,-0.3828125,-0.8203125,-7.7890625,6.0390625,-0.5625,0.1328125,-0.705078125,-1.1953125
250,2452825,2752825,0.712768555,-0.112792969,-0.617553711,0.312927246,0.359375,-0.48828125,-1.51953125,-7.9453125,5.8359375,-0.4375,0.1328125,-0.705078125,-1.1953125
251,2466554,2766554,0.711425781,-0.11114502,-0.622009277,0.307617188,0.359375,-0.48828125,-1.51953125,-7.9453125,5.8359375,-0.4375,0.451171875,-0.814453125,-1.08984375
252,2472279,2772279,0.710266113,-0.110290527,-0.626281738,0.301879883,0.1171875,-0.22265625,-1.375,-8.0859375,5.6484375,-0.3515625,0.451171875,-0.814453125,-1.08984375
253,2484990,2784990,0.70904541,-0.110473633,-0.630615234,0.295532227,0.1171875,-0.22265625,-1.375,-8.0859375,5.6484375,-0.3515625,0.8515625,-0.96875,-0.958984375
254,2495455,2795455,0.707824707,-0.111572266,-0.63482666,0.289123535,0.1640625,-0.08203125,-1.21484375,-8.2109375,5.46875,-0.28125,0.8515625,-0.96875,-0.958984375
255,2505838,2805838,0.706298828,-0.113586426,-0.639282227,0.282043457,0.1640625,-0.08203125,-1.21484375,-8.2109375,5.46875,-0.28125,1.04882812,-1.08203125,-0.76171875
256,2516614,2816614,0.704650879,-0.115905762,-0.643432617,0.27557373,0.15234375,0.6328125,-0.671875,-8.3125,5.328125,-0.2109375,1.04882812,-1.08203125,-0.76171875
257,2524795,2824795,0.702758789,-0.118652344,-0.647766113,0.269165039,0.15234375,0.6328125,-0.671875,-8.3125,5.328125,-0.2109375,0.982421875,-1.12304688,-0.578125
258,2535488,2835488,0.700866699,-0.12109375,-0.651672363,0.26361084,0.296875,1.546875,-0.4375,-8.3828125,5.21875,-0.140625,0.982421875,-1.12304688,-0.578125
259,2545898,2845898,0.698913574,-0.123352051,-0.655395508,0.258422852,0.296875,1.546875,-0.4375,-8.3828125,5.21875,-0.140625,0.732421875,-0.9375,-0.458984375
260,2552822,2852822,0.69708252,-0.125305176,-0.658691406,0.25390625,0.78125,1.83984375,0.08203125,-8.4453125,5.1171875,-0.046875,0.732421875,-0.9375,-0.458984375
261,2566917,2866917,0.695373535,-0.127197266,-0.661682129,0.25,0.78125,1.83984375,0.08203125,-8.4453125,5.1171875,-0.046875,0.626953125,-0.814453125,-0.333984375
262,2572087,2872087,0.693725586,-0.129211426,-0.664428711,0.24621582,0.78125,1.25,-0.33984375,-8.484375,5.0546875,0.03125,0.626953125,-0.814453125,-0.333984375
263,2586505,2886505,0.692077637,-0.131347656,-0.667053223,0.242553711,0.78125,1.25,-0.33984375,-8.484375,5.0546875,0.03125,0.62890625,-0.7578125,-0.267578125
264,2595493,2895493,0.690551758,-0.133178711,-0.669494629,0.239074707,0.23046875,0.83984375,-0.21875,-8.5078125,5.0078125,0.1015625,0.62890625,-0.7578125,-0.267578125
265,2610800,2910800,0.689025879,-0.134887695,-0.67199707,0.235595703,0.23046875,0.83984375,-0.21875,-8.5078125,5.0078125,0.1015625,0.560546875,-0.71484375,-0.3125
266,2614948,2914948,0.687438965,-0.136474609,-0.674499512,0.232055664,-0.00390625,0.35546875,-0.5859375,-8.5390625,4.953125,0.1640625,0.560546875,-0.71484375,-0.3125
267,2626253,2926253,0.68572998,-0.138427734,-0.677124023,0.22833252,-0.00390625,0.35546875,-0.5859375,-8.5390625,4.953125,0.1640625,0.6328125,-0.8046875,-0.275390625
268,2632243,2932243,0.683776855,-0.140686035,-0.67980957,0.22467041,0.0625,-0.24609375,-0.7734375,-8.5703125,4.90625,0.234375,0.6328125,-0.8046875,-0.275390625
269,2646808,2946808,0.681762695,-0.143188477,-0.682495117,0.221069336,0.0625,-0.24609375,-0.7734375,-8.5703125,4.90625,0.234375,0.66796875,-0.85546875,-0.1953125
270,2653613,2953613,0.679748535,-0.145690918,-0.685119629,0.217529297,0.42578125,-0.015625,-0.359375,-8.5859375,4.8671875,0.3203125,0.66796875,-0.85546875,-0.1953125
271,2667154,2967154,0.677856445,-0.148254395,-0.6875,0.214050293,0.42578125,-0.015625,-0.359375,-8.5859375,4.8671875,0.3203125,0.69140625,-0.765625,-0.162109375
272,2675619,2975619,0.676086426,-0.151000977,-0.689758301,0.210571289,0.6328125,0.05078125,-0.62109375,-8.6015625,4.8359375,0.390625,0.69140625,-0.765625,-0.162109375
273,2685733,2985733,0.674316406,-0.153869629,-0.691894531,0.207092285,0.6328125,0.05078125,-0.62109375,-8.6015625,4.8359375,0.390625,0.72265625,-0.751953125,-0.10546875
274,2694764,2994764,0.672729492,-0.156555176,-0.693786621,0.203979492,0.515625,0.4140625,-0.1796875,-8.6015625,4.8203125,0.4453125,0.72265625,-0.751953125,-0.10546875
275,2706435,3006435,0.671142578,-0.159179688,-0.695556641,0.201049805,0.515625,0.4140625,-0.1796875,-8.6015625,4.8203125,0.4453125,0.60546875,-0.591796875,-0.0546875
276,2712414,3012414,0.669677734,-0.161743164,-0.697143555,0.198425293,0.5234375,0.52734375,-0.34765625,-8.609375,4.8203125,0.5,0.60546875,-0.591796875,-0.0546875
277,2726011,3026011,0.668151855,-0.1640625,-0.698669434,0.196228027,0.5234375,0.52734375,-0.34765625,-8.609375,4.8203125,0.5,0.482421875,-0.603515625,0.01171875
278,2738868,3038868,0.666442871,-0.166259766,-0.700378418,0.194274902,0.01953125,0.796875,-0.12890625,-8.6015625,4.8203125,0.546875,0.482421875,-0.603515625,0.01171875
279,2746961,3046961,0.664672852,-0.168151855,-0.702026367,0.192626953,0.01953125,0.796875,-0.12890625,-8.6015625,4.8203125,0.546875,0.328125,-0.595703125,0.029296875
280,2755610,3055610,0.662841797,-0.16986084,-0.703735352,0.191223145,0.31640625,0.7109375,-0.19921875,-8.59375,4.828125,0.6171875,0.328125,-0.595703125,0.029296875
281,2766507,3066507,0.661315918,-0.171142578,-0.705200195,0.189941406,0.31640625,0.7109375,-0.19921875,-8.59375,4.828125,0.6171875,0.234375,-0.490234375,-0.029296875
282,2772218,3072218,0.659851074,-0.172180176,-0.706665039,0.188659668,0.15625,0.59765625,-0.56640625,-8.5859375,4.828125,0.6796875,0.234375,-0.490234375,-0.029296875
283,2784909,3084909,0.658569336,-0.172973633,-0.707946777,0.187561035,0.15625,0.59765625,-0.56640625,-8.5859375,4.828125,0.6796875,0.14453125,-0.38671875,-0.056640625
284,2793818,3093818,0.657470703,-0.173583984,-0.709106445,0.186523438,0.2734375,0.43359375,-0.58203125,-8.5859375,4.8359375,0.734375,0.14453125,-0.38671875,-0.056640625
285,2806187,3106187,0.65637207,-0.174316406,-0.710205078,0.185424805,0.2734375,0.43359375,-0.58203125,-8.5859375,4.8359375,0.734375,0.158203125,-0.375,-0.05859375
286,2812209,3112209,0.655212402,-0.175048828,-0.711364746,0.184387207,0.5,0.14453125,-0.4765625,-8.5859375,4.8203125,0.78125,0.158203125,-0.375,-0.05859375
287,2828020,3128020,0.65423584,-0.17578125,-0.712341309,0.183410645,0.5,0.14453125,-0.4765625,-8.5859375,4.8203125,0.78125,0.1640625,-0.326171875,-0.03125
288,2836621,3136621,0.653320312,-0.176574707,-0.713256836,0.182495117,0.4921875,0.06640625,-0.5234375,-8.578125,4.8203125,0.828125,0.1640625,-0.326171875,-0.03125
289,2850822,3150822,0.65246582,-0.177368164,-0.714050293,0.181640625,0.4921875,0.06640625,-0.5234375,-8.578125,4.8203125,0.828125,0.16796875,-0.263671875,-0.01171875
290,2854593,3154593,0.651733398,-0.178100586,-0.71472168,0.180847168,0.41796875,0.3046875,-0.40234375,-8.578125,4.8125,0.859375,0.16796875,-0.263671875,-0.01171875
291,2865255,3165255,0.651245117,-0.178649902,-0.715209961,0.180236816,0.41796875,0.3046875,-0.40234375,-8.578125,4.8125,0.859375,0.10546875,-0.150390625,-0.009765625
292,2874168,3174168,0.650878906,-0.179016113,-0.715576172,0.179748535,0.41796875,0.48828125,-0.41796875,-8.578125,4.8203125,0.875,0.10546875,-0.150390625,-0.009765625
293,2886219,3186219,0.650634766,-0.179199219,-0.715820312,0.179382324,0.41796875,0.48828125,-0.41796875,-8.578125,4.8203125,0.875,0.04296875,-0.0625,-0.03125
294,2893865,3193865,0.650512695,-0.179199219,-0.715942383,0.179199219,0.33984375,0.52734375,-0.28125,-8.578125,4.8203125,0.890625,0.04296875,-0.0625,-0.03125
295,2905945,3205945,0.65045166,-0.179077148,-0.716064453,0.179077148,0.33984375,0.52734375,-0.28125,-8.578125,4.8203125,0.890625,-0.033203125,-0.0078125,-0.03125
296,2919474,3219474,0.65045166,-0.178833008,-0.716125488,0.179077148,0.33203125,0.3828125,-0.2421875,-8.5703125,4.8125,0.890625,-0.033203125,-0.0078125,-0.03125
297,2930435,3230435,0.650512695,-0.178649902,-0.716125488,0.179138184,0.33203125,0.3828125,-0.2421875,-8.5703125,4.8125,0.890625,-0.03125,0.015625,-0.017578125
298,2934198,3234198,0.65057373,-0.178405762,-0.716125488,0.179199219,0.2578125,0.3046875,-0.203125,-8.5703125,4.8125,0.890625,-0.03125,0.015625,-0.017578125
299,2948043,3248043,0.650756836,-0.178161621,-0.715942383,0.179382324,0.2578125,0.3046875,-0.203125,-8.5703125,4.8125,0.890625,-0.0625,0.087890625,-0.0078125
300,2951769,3251769,0.651062012,-0.17779541,-0.715698242,0.1796875,0.265625,0.45703125,-0.1640625,-8.578125,4.8125,0.890625,-0.0625,0.087890625,-0.0078125
301,2966288,3266288,0.651550293,-0.177246094,-0.715270996,0.180114746,0.265625,0.45703125,-0.1640625,-8.578125,4.8125,0.890625,-0.1015625,0.169921875,0.001953125
302,2972209,3272209,0.652099609,-0.176696777,-0.714782715,0.180664062,0.265625,0.421875,-0.30078125,-8.578125,4.8125,0.875,-0.1015625,0.169921875,0.001953125
303,2987999,3287999,0.652832031,-0.17590332,-0.714111328,0.18145752,0.265625,0.421875,-0.30078125,-8.578125,4.8125,0.875,-0.193359375,0.259765625,0.01171875
304,2995603,3295603,0.653564453,-0.174926758,-0.713439941,0.182373047,0.265625,0.45703125,-0.1953125,-8.578125,4.8125,0.84375,-0.193359375,0.259765625,0.01171875
305,3006670,3306670,0.654541016,-0.173706055,-0.712524414,0.183654785,0.265625,0.45703125,-0.1953125,-8.578125,4.8125,0.84375,-0.283203125,0.34765625,0.02734375
306,3012818,3312818,0.655578613,-0.172424316,-0.711486816,0.185119629,0.30859375,0.49609375,-0.28515625,-8.5859375,4.8125,0.8203125,-0.283203125,0.34765625,0.02734375
307,3027872,3327872,0.656738281,-0.170898438,-0.710266113,0.187011719,0.30859375,0.49609375,-0.28515625,-8.5859375,4.8125,0.8203125,-0.4140625,0.490234375,0.091796875
308,3032667,3332667,0.658081055,-0.169128418,-0.70880127,0.189453125,0.38671875,0.60546875,-0.19921875,-8.5859375,4.8203125,0.7734375,-0.4140625,0.490234375,0.091796875
309,3049504,3349504,0.659729004,-0.166870117,-0.70690918,0.192810059,0.38671875,0.60546875,-0.19921875,-8.5859375,4.8203125,0.7734375,-0.671875,0.72265625,0.216796875
310,3053551,3353551,0.661437988,-0.164611816,-0.704833984,0.196350098,0.83203125,0.58984375,-0.375,-8.5703125,4.8359375,0.71875,-0.671875,0.72265625,0.216796875
311,3067652,3367652,0.663391113,-0.16204834,-0.702392578,0.200683594,0.83203125,0.58984375,-0.375,-8.5703125,4.8359375,0.71875,-0.74609375,0.82421875,0.314453125
312,3077255,3377255,0.665283203,-0.159790039,-0.699951172,0.204833984,0.8515625,0.55078125,-0.62109375,-8.5546875,4.875,0.65625,-0.74609375,0.82421875,0.314453125
313,3090251,3390251,0.667419434,-0.157348633,-0.69708252,0.209411621,0.8515625,0.55078125,-0.62109375,-8.5546875,4.875,0.65625,-0.732421875,0.91015625,0.365234375
314,3094401,3394401,0.669555664,-0.155151367,-0.694152832,0.213806152,0.79296875,0.5703125,-0.58203125,-8.53125,4.9296875,0.578125,-0.732421875,0.91015625,0.365234375
315,3107512,3407512,0.672119141,-0.152832031,-0.690795898,0.218566895,0.79296875,0.5703125,-0.58203125,-8.53125,4.9296875,0.578125,-0.73046875,1.0625,0.41796875
316,3116514,3416514,0.674621582,-0.150695801,-0.687316895,0.223144531,0.69140625,0.73828125,-0.515625,-8.5078125,4.9921875,0.4765625,-0.73046875,1.0625,0.41796875
317,3129634,3429634,0.677368164,-0.148376465,-0.683410645,0.228393555,0.69140625,0.73828125,-0.515625,-8.5078125,4.9921875,0.4765625,-0.8046875,1.1796875,0.53125
318,3133839,3433839,0.679992676,-0.145996094,-0.679382324,0.234008789,0.65234375,0.69921875,-0.78125,-8.46875,5.0703125,0.359375,-0.8046875,1.1796875,0.53125
319,3146884,3446884,0.682495117,-0.143554688,-0.675109863,0.240356445,0.65234375,0.69921875,-0.78125,-8.46875,5.0703125,0.359375,-0.93359375,1.140625,0.65234375
320,3159553,3459553,0.684509277,-0.141662598,-0.671325684,0.246276855,0.4296875,0.52734375,-0.98828125,-8.3984375,5.1640625,0.2578125,-0.93359375,1.140625,0.65234375
321,3170502,3470502,0.686401367,-0.140441895,-0.667419434,0.252380371,0.4296875,0.52734375,-0.98828125,-8.3984375,5.1640625,0.2578125,-0.677734375,0.935546875,0.8125
322,3174653,3474653,0.687988281,-0.140136719,-0.663696289,0.25793457,0.015625,0.40234375,-0.77734375,-8.328125,5.2890625,0.1640625,-0.677734375,0.935546875,0.8125
323,3188972,3488972,0.689575195,-0.140319824,-0.66003418,0.263000488,0.015625,0.40234375,-0.77734375,-8.328125,5.2890625,0.1640625,-0.455078125,0.826171875,0.84765625
324,3192711,3492711,0.691101074,-0.140563965,-0.656433105,0.267700195,0.04296875,0.5703125,-0.2421875,-8.2421875,5.4296875,0.0859375,-0.455078125,0.826171875,0.84765625
325,3209180,3509180,0.693115234,-0.140441895,-0.652099609,0.273193359,0.04296875,0.5703125,-0.2421875,-8.2421875,5.4296875,0.0859375,-0.568359375,1.04101562,0.822265625
326,3213910,3513910,0.69519043,-0.139709473,-0.647766113,0.278564453,-0.08984375,0.88671875,0.203125,-8.1484375,5.5703125,-0.015625,-0.568359375,1.04101562,0.822265625
327,3228014,3528014,0.69744873,-0.138183594,-0.64276123,0.285095215,-0.08984375,0.88671875,0.203125,-8.1484375,5.5703125,-0.015625,-0.86328125,1.234375,0.810546875
328,3236284,3536284,0.699462891,-0.13659668,-0.638122559,0.291320801,0.34375,0.76171875,-0.48828125,-8.046875,5.6953125,-0.125,-0.86328125,1.234375,0.810546875
329,3249103,3549103,0.701416016,-0.135253906,-0.633178711,0.297973633,0.34375,0.76171875,-0.48828125,-8.046875,5.6953125,-0.125,-0.7734375,1.11523438,0.892578125
330,3256403,3556403,0.70300293,-0.134887695,-0.62878418,0.303649902,0.05078125,-0.265625,-1.0859375,-7.9453125,5.84375,-0.21875,-0.7734375,1.11523438,0.892578125
331,3266702,3566702,0.704589844,-0.135864258,-0.624328613,0.30871582,0.05078125,-0.265625,-1.0859375,-7.9453125,5.84375,-0.21875,-0.205078125,0.771484375,0.95703125
332,3273246,3573246,0.705993652,-0.137817383,-0.620361328,0.31262207,-0.44921875,-0.921875,-0.5703125,-7.828125,6,-0.3125,-0.205078125,0.771484375,0.95703125
333,3289027,3589027,0.707397461,-0.140014648,-0.616455078,0.316101074,-0.44921875,-0.921875,-0.5703125,-7.828125,6,-0.3125,-0.0078125,0.712890625,0.935546875
334,3296488,3596488,0.70892334,-0.141784668,-0.612609863,0.319458008,-0.34375,-0.4921875,0.21875,-7.703125,6.1484375,-0.4140625,-0.0078125,0.712890625,0.935546875
335,3307268,3607268,0.710632324,-0.142944336,-0.608093262,0.323669434,-0.34375,-0.4921875,0.21875,-7.703125,6.1484375,-0.4140625,-0.298828125,0.9140625,0.837890625
336,3315504,3615504,0.712341309,-0.143188477,-0.603637695,0.328186035,-0.0859375,0.3984375,-0.28515625,-7.578125,6.2890625,-0.5234375,-0.298828125,0.9140625,0.837890625
337,3330813,3630813,0.713989258,-0.142944336,-0.599060059,0.333068848,-0.0859375,0.3984375,-0.28515625,-7.578125,6.2890625,-0.5234375,-0.513671875,1.015625,0.78515625
338,3334949,3634949,0.715576172,-0.142700195,-0.594543457,0.337768555,-0.73828125,0.390625,-0.57421875,-7.4609375,6.4140625,-0.6171875,-0.513671875,1.015625,0.78515625
339,3347546,3647546,0.717102051,-0.143249512,-0.590454102,0.341491699,-0.73828125,0.390625,-0.57421875,-7.4609375,6.4140625,-0.6171875,-0.107421875,0.7578125,0.740234375
340,3352590,3652590,0.71862793,-0.145019531,-0.586669922,0.343994141,-0.578125,-0.84765625,-0.5859375,-7.3515625,6.5390625,-0.71875,-0.107421875,0.7578125,0.740234375
341,3369501,3669501,0.720153809,-0.147827148,-0.583312988,0.345275879,-0.578125,-0.84765625,-0.5859375,-7.3515625,6.5390625,-0.71875,0.443359375,0.453125,0.740234375
342,3377225,3677225,0.721679688,-0.150939941,-0.58013916,0.346191406,-0.65234375,-0.83203125,0.05859375,-7.2421875,6.640625,-0.828125,0.443359375,0.453125,0.740234375
343,3387241,3687241,0.723205566,-0.153747559,-0.576721191,0.347473145,-0.65234375,-0.83203125,0.05859375,-7.2421875,6.640625,-0.828125,0.271484375,0.5546875,0.7421875
344,3395327,3695327,0.72467041,-0.156005859,-0.572998047,0.349487305,-0.72265625,0.0625,0.3671875,-7.1328125,6.7421875,-0.9453125,0.271484375,0.5546875,0.7421875
345,3407627,3707627,0.726013184,-0.157592773,-0.569213867,0.352294922,-0.72265625,0.0625,0.3671875,-7.1328125,6.7421875,-0.9453125,-0.107421875,0.69921875,0.787109375
346,3415807,3715807,0.727050781,-0.158691406,-0.565185547,0.356018066,-0.3046875,0.91015625,-0.01953125,-7.015625,6.8515625,-1.0546875,-0.107421875,0.69921875,0.787109375
347,3426680,3726680,0.727722168,-0.159240723,-0.561523438,0.360107422,-0.3046875,0.91015625,-0.01953125,-7.015625,6.8515625,-1.0546875,-0.474609375,0.76953125,0.830078125
348,3435277,3735277,0.728393555,-0.159667969,-0.557739258,0.364562988,0.30078125,0.984375,0.30078125,-6.890625,6.96875,-1.109375,-0.474609375,0.76953125,0.830078125
349,3450227,3750227,0.729187012,-0.160644531,-0.553955078,0.368225098,0.30078125,0.984375,0.30078125,-6.890625,6.96875,-1.109375,-0.08203125,0.6015625,0.716796875
350,3455281,3755281,0.730285645,-0.16217041,-0.550720215,0.370178223,-0.67578125,-0.47265625,0.43359375,-6.7578125,7.0859375,-1.1640625,-0.08203125,0.6015625,0.716796875
351,3467543,3767543,0.731750488,-0.16394043,-0.547546387,0.371276855,-0.67578125,-0.47265625,0.43359375,-6.7578125,7.0859375,-1.1640625,0.3046875,0.517578125,0.509765625
352,3476618,3776618,0.733459473,-0.165527344,-0.544250488,0.372070312,-1.390625,-1.48046875,0.56640625,-6.65625,7.171875,-1.2578125,0.3046875,0.517578125,0.509765625
353,3488654,3788654,0.734924316,-0.166503906,-0.54119873,0.373168945,-1.390625,-1.48046875,0.56640625,-6.65625,7.171875,-1.2578125,0.080078125,0.603515625,0.421875
354,3496867,3796867,0.73614502,-0.166992188,-0.538208008,0.374816895,-0.7421875,-0.84375,-0.12890625,-6.578125,7.2265625,-1.3671875,0.080078125,0.603515625,0.421875
355,3506756,3806756,0.736999512,-0.167541504,-0.53515625,0.377258301,-0.7421875,-0.84375,-0.12890625,-6.578125,7.2265625,-1.3671875,-0.197265625,0.541015625,0.552734375
356,3514122,3814122,0.737609863,-0.168029785,-0.532287598,0.379943848,-0.3671875,0.3203125,0.23828125,-6.4921875,7.2890625,-1.4296875,-0.197265625,0.541015625,0.552734375
357,3528385,3828385,0.73828125,-0.168762207,-0.52935791,0.382385254,-0.3671875,0.3203125,0.23828125,-6.4921875,7.2890625,-1.4296875,-0.0703125,0.529296875,0.537109375
358,3536931,3836931,0.739135742,-0.169677734,-0.526672363,0.384033203,-0.8125,-0.10546875,0.66796875,-6.390625,7.3671875,-1.4765625,-0.0703125,0.529296875,0.537109375
359,3546449,3846449,0.740234375,-0.170837402,-0.524108887,0.385009766,-0.8125,-0.10546875,0.66796875,-6.390625,7.3671875,-1.4765625,0.203125,0.375,0.359375
360,3559620,3859620,0.741394043,-0.17199707,-0.521911621,0.385253906,-1.46484375,-1.15625,0.6328125,-6.3125,7.421875,-1.5546875,0.203125,0.375,0.359375
361,3570646,3870646,0.742614746,-0.172851562,-0.519958496,0.385131836,-1.46484375,-1.15625,0.6328125,-6.3125,7.421875,-1.5546875,0.25390625,0.36328125,0.1875
362,3574771,3874771,0.743774414,-0.173339844,-0.518127441,0.385131836,-1.24609375,-1.29296875,0.328125,-6.265625,7.4453125,-1.6328125,0.25390625,0.36328125,0.1875
363,3586533,3886533,0.744567871,-0.173706055,-0.516662598,0.385375977,-1.24609375,-1.29296875,0.328125,-6.265625,7.4453125,-1.6328125,0.0546875,0.236328125,0.158203125
364,3594095,3894095,0.744995117,-0.173950195,-0.51550293,0.385986328,-0.6328125,-0.3125,-0.10546875,-6.2265625,7.4609375,-1.6953125,0.0546875,0.236328125,0.158203125
365,3611916,3911916,0.745300293,-0.17401123,-0.514404297,0.38684082,-0.6328125,-0.3125,-0.10546875,-6.2265625,7.4609375,-1.6953125,-0.087890625,0.22265625,0.1796875
366,3616877,3916877,0.745605469,-0.17401123,-0.513183594,0.387878418,-0.39453125,0.125,0.4921875,-6.1953125,7.484375,-1.71875,-0.087890625,0.22265625,0.1796875
367,3627297,3927297,0.746032715,-0.173950195,-0.511779785,0.388916016,-0.39453125,0.125,0.4921875,-6.1953125,7.484375,-1.71875,-0.103515625,0.318359375,0.169921875
368,3635485,3935485,0.746520996,-0.173522949,-0.510314941,0.390075684,-0.05078125,0.1015625,0.54296875,-6.15625,7.5078125,-1.734375,-0.103515625,0.318359375,0.169921875
369,3649024,3949024,0.747131348,-0.172973633,-0.508850098,0.391174316,-0.05078125,0.1015625,0.54296875,-6.15625,7.5078125,-1.734375,-0.11328125,0.3671875,0.09765625
370,3656861,3956861,0.747741699,-0.172363281,-0.507446289,0.392028809,-0.234375,-0.4609375,0.1171875,-6.125,7.53125,-1.765625,-0.11328125,0.3671875,0.09765625
371,3667864,3967864,0.748352051,-0.171875,-0.506103516,0.39276123,-0.234375,-0.4609375,0.1171875,-6.125,7.53125,-1.765625,-0.03125,0.275390625,0.07421875
372,3673067,3973067,0.748840332,-0.17175293,-0.505126953,0.393127441,-0.56640625,-0.8984375,-0.12890625,-6.1015625,7.546875,-1.7890625,-0.03125,0.275390625,0.07421875
373,3688536,3988536,0.749328613,-0.17175293,-0.504333496,0.393249512,-0.56640625,-0.8984375,-0.12890625,-6.1015625,7.546875,-1.7890625,0.0546875,0.142578125,0.0546875
374,3696483,3996483,0.749694824,-0.17175293,-0.503723145,0.393310547,-0.23046875,-0.8203125,0.1640625,-6.09375,7.546875,-1.8125,0.0546875,0.142578125,0.0546875
375,3706906,4006906,0.750061035,-0.171630859,-0.503173828,0.393371582,-0.23046875,-0.8203125,0.1640625,-6.09375,7.546875,-1.8125,-0.00390625,0.10546875,-0.015625
376,3715479,4015479,0.750305176,-0.171325684,-0.502929688,0.393432617,-0.3515625,-0.67578125,0.453125,-6.0859375,7.5546875,-1.8359375,-0.00390625,0.10546875,-0.015625
377,3730942,4030942,0.750488281,-0.170959473,-0.502929688,0.393249512,-0.3515625,-0.67578125,0.453125,-6.0859375,7.5546875,-1.8359375,0.001953125,0.0234375,-0.099609375
378,3735709,4035709,0.750549316,-0.170593262,-0.503112793,0.392944336,-0.61328125,-0.8984375,0.4609375,-6.09375,7.546875,-1.84375,0.001953125,0.0234375,-0.099609375
379,3747676,4047676,0.750549316,-0.170288086,-0.503601074,0.39251709,-0.61328125,-0.8984375,0.4609375,-6.09375,7.546875,-1.84375,0.025390625,-0.091796875,-0.134765625
380,3752495,4052495,0.750427246,-0.17010498,-0.504272461,0.391906738,-0.625,-0.91796875,0.42578125,-6.1171875,7.53125,-1.84375,0.025390625,-0.091796875,-0.134765625
381,3773315,4073315,0.750244141,-0.170043945,-0.505065918,0.391296387,-0.625,-0.91796875,0.42578125,-6.1171875,7.53125,-1.84375,0.048828125,-0.17578125,-0.12109375
382,3777062,4077062,0.75,-0.17010498,-0.50592041,0.390686035,-0.48828125,-0.62890625,0.4453125,-6.140625,7.5078125,-1.828125,0.048828125,-0.17578125,-0.12109375
383,3787169,4087169,0.749633789,-0.170227051,-0.506896973,0.390014648,-0.48828125,-0.62890625,0.4453125,-6.140625,7.5078125,-1.828125,0.04296875,-0.208984375,-0.12109375
384,3795610,4095610,0.749267578,-0.170288086,-0.507873535,0.389343262,-0.5703125,-0.19140625,0.4296875,-6.171875,7.4921875,-1.8125,0.04296875,-0.208984375,-0.12109375
385,3812213,4112213,0.748840332,-0.170410156,-0.509094238,0.38861084,-0.5703125,-0.19140625,0.4296875,-6.171875,7.4921875,-1.8125,0.052734375,-0.2734375,-0.15625
386,3816373,4116373,0.748413086,-0.170471191,-0.510437012,0.387634277,-0.6171875,-0.12109375,0.40625,-6.203125,7.4609375,-1.7890625,0.052734375,-0.2734375,-0.15625
387,3827679,4127679,0.74798584,-0.170593262,-0.511962891,0.386474609,-0.6171875,-0.12109375,0.40625,-6.203125,7.4609375,-1.7890625,0.1015625,-0.33984375,-0.224609375
388,3832716,4132716,0.747436523,-0.170654297,-0.513671875,0.385131836,-0.76953125,-0.328125,0.64453125,-6.2421875,7.4375,-1.7578125,0.1015625,-0.33984375,-0.224609375
389,3851844,4151844,0.746887207,-0.170654297,-0.515686035,0.383605957,-0.76953125,-0.328125,0.64453125,-6.2421875,7.4375,-1.7578125,0.130859375,-0.447265625,-0.32421875
390,3856014,4156014,0.74621582,-0.170593262,-0.518005371,0.381713867,-0.828125,-0.59375,0.62109375,-6.296875,7.3984375,-1.734375,0.130859375,-0.447265625,-0.32421875
391,3868095,4168095,0.745483398,-0.170471191,-0.520629883,0.379638672,-0.828125,-0.59375,0.62109375,-6.296875,7.3984375,-1.734375,0.1640625,-0.55859375,-0.443359375
392,3876952,4176952,0.744750977,-0.170288086,-0.5234375,0.377319336,-1.01953125,-0.9921875,0.61328125,-6.375,7.3359375,-1.6875,0.1640625,-0.55859375,-0.443359375
393,3888813,4188813,0.743713379,-0.170043945,-0.526916504,0.374633789,-1.01953125,-0.9921875,0.61328125,-6.375,7.3359375,-1.6875,0.158203125,-0.708984375,-0.55859375
394,3898250,4198250,0.742492676,-0.169677734,-0.530517578,0.372070312,-1.078125,-1.03515625,0.51171875,-6.46875,7.265625,-1.625,0.158203125,-0.708984375,-0.55859375
395,3908169,4208169,0.741027832,-0.169067383,-0.534667969,0.369384766,-1.078125,-1.03515625,0.51171875,-6.46875,7.265625,-1.625,0.05859375,-0.849609375,-0.65625
396,3911790,4211790,0.739318848,-0.168212891,-0.5390625,0.366699219,-1.0390625,-0.9140625,0.80859375,-6.5859375,7.1796875,-1.5390625,0.05859375,-0.849609375,-0.65625
397,3930987,4230987,0.737548828,-0.167114258,-0.543762207,0.363891602,-1.0390625,-0.9140625,0.80859375,-6.5859375,7.1796875,-1.5390625,-0.0234375,-0.86328125,-0.74609375
398,3935393,4235393,0.735778809,-0.165710449,-0.548339844,0.36126709,-0.90625,-0.85546875,0.9609375,-6.71875,7.0859375,-1.421875,-0.0234375,-0.86328125,-0.74609375
399,3947408,4247408,0.733886719,-0.164245605,-0.552978516,0.358703613,-0.90625,-0.85546875,0.9609375,-6.71875,7.0859375,-1.421875,-0.078125,-0.876953125,-0.759765625
400,3955479,4255479,0.731811523,-0.162902832,-0.557678223,0.356201172,-0.91796875,-0.44140625,0.68359375,-6.859375,6.9765625,-1.296875,-0.078125,-0.876953125,-0.759765625
401,3969558,4269558,0.729675293,-0.161682129,-0.562438965,0.35369873,-0.91796875,-0.44140625,0.68359375,-6.859375,6.9765625,-1.296875,-0.052734375,-0.91796875,-0.71875
402,3975527,4275527,0.727844238,-0.160583496,-0.566772461,0.351074219,0.00390625,0.37890625,0.41796875,-6.9765625,6.8828125,-1.1484375,-0.052734375,-0.91796875,-0.71875
403,3987487,4287487,0.726318359,-0.159118652,-0.570922852,0.348205566,0.00390625,0.37890625,0.41796875,-6.9765625,6.8828125,-1.1484375,-0.005859375,-0.67578125,-0.77734375
404,3994797,4294797,0.724975586,-0.157043457,-0.574645996,0.345703125,0.359375,0.49609375,0.1171875,-7.1015625,6.765625,-1.0390625,-0.005859375,-0.67578125,-0.77734375
405,4011004,4311004,0.723449707,-0.15423584,-0.578613281,0.34362793,0.359375,0.49609375,0.1171875,-7.1015625,6.765625,-1.0390625,-0.3203125,-0.642578125,-0.89453125
406,4015021,4315021,0.721557617,-0.151245117,-0.583007812,0.341430664,-0.62890625,0.38671875,-0.4609375,-7.2265625,6.6484375,-0.921875,-0.3203125,-0.642578125,-0.89453125
407,4026030,4326030,0.719360352,-0.148620605,-0.588012695,0.338623047,-0.62890625,0.38671875,-0.4609375,-7.2265625,6.6484375,-0.921875,-0.103515625,-0.96484375,-0.986328125
408,4039603,4339603,0.717163086,-0.146911621,-0.593200684,0.334899902,-0.75390625,0.171875,-0.64453125,-7.3671875,6.515625,-0.7734375,-0.103515625,-0.96484375,-0.986328125
409,4052321,4352321,0.715332031,-0.145996094,-0.598144531,0.330505371,-0.75390625,0.171875,-0.64453125,-7.3671875,6.515625,-0.7734375,0.375,-1.01171875,-0.923828125
410,4056496,4356496,0.713623047,-0.145568848,-0.602966309,0.325561523,-0.1484375,-0.0234375,0.09375,-7.515625,6.3671875,-0.6328125,0.375,-1.01171875,-0.923828125
411,4067290,4367290,0.712158203,-0.145202637,-0.607116699,0.321228027,-0.1484375,-0.0234375,0.09375,-7.515625,6.3671875,-0.6328125,0.328125,-0.822265625,-0.751953125
412,4074598,4374598,0.710754395,-0.144836426,-0.610839844,0.317321777,0.46875,0.03125,-0.22265625,-7.6328125,6.234375,-0.546875,0.328125,-0.822265625,-0.751953125
413,4090993,4390993,0.709533691,-0.14465332,-0.614074707,0.313964844,0.46875,0.03125,-0.22265625,-7.6328125,6.234375,-0.546875,0.32421875,-0.728515625,-0.609375
414,4095018,4395018,0.708068848,-0.144897461,-0.617675781,0.310119629,0.5625,-0.00390625,-1.37890625,-7.7265625,6.1171875,-0.4609375,0.32421875,-0.728515625,-0.609375
415,4106011,4406011,0.706359863,-0.145812988,-0.621276855,0.306274414,0.5625,-0.00390625,-1.37890625,-7.7265625,6.1171875,-0.4609375,0.509765625,-0.966796875,-0.490234375
416,4119466,4419466,0.704345703,-0.147460938,-0.625244141,0.302062988,0.1796875,0.19921875,-1.34375,-7.8046875,6.03125,-0.3828125,0.509765625,-0.966796875,-0.490234375
417,4130575,4430575,0.702148438,-0.149658203,-0.629272461,0.297729492,0.1796875,0.19921875,-1.34375,-7.8046875,6.03125,-0.3828125,0.68359375,-1.18554688,-0.41015625
418,4134175,4434175,0.699584961,-0.152282715,-0.633605957,0.293151855,-0.1875,0.92578125,-0.40234375,-7.859375,5.953125,-0.2890625,0.68359375,-1.18554688,-0.41015625
419,4147360,4447360,0.696655273,-0.155334473,-0.638427734,0.288024902,-0.1875,0.92578125,-0.40234375,-7.859375,5.953125,-0.2890625,0.76953125,-1.36132812,-0.3828125
420,4153089,4453089,0.693603516,-0.158630371,-0.643249512,0.282836914,-0.859375,0.99609375,-0.3359375,-7.9140625,5.8828125,-0.1640625,0.76953125,-1.36132812,-0.3828125
421,4171916,4471916,0.690429688,-0.16204834,-0.648071289,0.277587891,-0.859375,0.99609375,-0.3359375,-7.9140625,5.8828125,-0.1640625,0.83203125,-1.40039062,-0.349609375
422,4173398,4473398,0.687438965,-0.165283203,-0.65246582,0.272827148,0.3046875,0.8984375,0.14453125,-7.96875,5.828125,-0.03125,0.83203125,-1.40039062,-0.349609375
423,4188269,4488269,0.684631348,-0.168334961,-0.656311035,0.268676758,0.3046875,0.8984375,0.14453125,-7.96875,5.828125,-0.03125,0.626953125,-1.1171875,-0.185546875
424,4197612,4497612,0.682189941,-0.171081543,-0.659484863,0.265441895,1.02734375,0.9453125,0.06640625,-8,5.78125,0.0859375,0.626953125,-1.1171875,-0.185546875
425,4210995,4510995,0.67980957,-0.174194336,-0.662414551,0.262268066,1.02734375,0.9453125,0.06640625,-8,5.78125,0.0859375,0.583984375,-0.890625,-0.01953125
426,4214752,4514752,0.677734375,-0.177185059,-0.664794922,0.25958252,0.95703125,0.42578125,-0.78515625,-8.0078125,5.765625,0.171875,0.583984375,-0.890625,-0.01953125
427,4227367,4527367,0.675720215,-0.180358887,-0.666870117,0.257202148,0.95703125,0.42578125,-0.78515625,-8.0078125,5.765625,0.171875,0.5625,-0.765625,0.107421875
428,4233354,4533354,0.67376709,-0.18359375,-0.668823242,0.255065918,0.6796875,0.41796875,-1.125,-8,5.7734375,0.2421875,0.5625,-0.765625,0.107421875
429,4250838,4550838,0.671508789,-0.187072754,-0.670898438,0.252929688,0.6796875,0.41796875,-1.125,-8,5.7734375,0.2421875,0.578125,-0.89453125,0.177734375
430,4254578,4554578,0.669006348,-0.190856934,-0.673217773,0.250549316,0.12890625,0.35546875,-0.99609375,-7.984375,5.796875,0.3046875,0.578125,-0.89453125,0.177734375
431,4267174,4567174,0.666503906,-0.195129395,-0.675476074,0.247802734,0.12890625,0.35546875,-0.99609375,-7.984375,5.796875,0.3046875,0.76171875,-0.923828125,0.177734375
432,4275981,4575981,0.664123535,-0.19934082,-0.677612305,0.245056152,0.25,0.59375,-0.53125,-7.953125,5.828125,0.375,0.76171875,-0.923828125,0.177734375
433,4289819,4589819,0.661865234,-0.203308105,-0.679626465,0.242431641,0.25,0.59375,-0.53125,-7.953125,5.828125,0.375,0.6796875,-0.85546875,0.177734375
434,4294860,4594860,0.659606934,-0.20703125,-0.681518555,0.24005127,0.3828125,0.4375,-0.515625,-7.9296875,5.8671875,0.4375,0.6796875,-0.85546875,0.177734375
435,4307497,4607497,0.657104492,-0.210876465,-0.68359375,0.237609863,0.3828125,0.4375,-0.515625,-7.9296875,5.8671875,0.4375,0.595703125,-0.888671875,0.177734375
436,4314533,4614533,0.654541016,-0.214538574,-0.68572998,0.235290527,0.08203125,0.484375,-0.44921875,-7.8984375,5.8984375,0.484375,0.595703125,-0.888671875,0.177734375
437,4332647,4632647,0.651916504,-0.218200684,-0.687866211,0.232971191,0.08203125,0.484375,-0.44921875,-7.8984375,5.8984375,0.484375,0.58203125,-0.890625,0.16015625
438,4336787,4636787,0.649536133,-0.221557617,-0.689697266,0.230895996,0.36328125,0.0625,0.01171875,-7.875,5.9375,0.5625,0.58203125,-0.890625,0.16015625
439,4346077,4646077,0.647277832,-0.225158691,-0.691345215,0.228942871,0.36328125,0.0625,0.01171875,-7.875,5.9375,0.5625,0.529296875,-0.712890625,0.232421875
440,4359945,4659945,0.645263672,-0.22833252,-0.692687988,0.227416992,0.36328125,0.0625,0.18359375,-7.8359375,5.9765625,0.6171875,0.529296875,-0.712890625,0.232421875
441,4370453,4670453,0.643371582,-0.231201172,-0.693847656,0.226196289,0.36328125,0.0625,0.18359375,-7.8359375,5.9765625,0.6171875,0.369140625,-0.54296875,0.2421875
442,4374896,4674896,0.641845703,-0.233581543,-0.694763184,0.225402832,0.71484375,0.25,-0.3203125,-7.8046875,6.015625,0.6640625,0.369140625,-0.54296875,0.2421875
443,4387507,4687507,0.640319824,-0.235717773,-0.695617676,0.224853516,0.71484375,0.25,-0.3203125,-7.8046875,6.015625,0.6640625,0.203125,-0.39453125,0.201171875
444,4393485,4693485,0.639038086,-0.237426758,-0.696350098,0.22442627,0.25390625,0.2109375,-0.32421875,-7.765625,6.0546875,0.703125,0.203125,-0.39453125,0.201171875
445,4410232,4710232,0.638000488,-0.238891602,-0.696899414,0.224060059,0.25390625,0.2109375,-0.32421875,-7.765625,6.0546875,0.703125,0.197265625,-0.28515625,0.158203125
446,4414359,4714359,0.637207031,-0.24029541,-0.69732666,0.223571777,0.15625,-0.27734375,-0.57421875,-7.7421875,6.0859375,0.7265625,0.197265625,-0.28515625,0.158203125
447,4426459,4726459,0.636535645,-0.241821289,-0.697509766,0.223022461,0.15625,-0.27734375,-0.57421875,-7.7421875,6.0859375,0.7265625,0.23046875,-0.1875,0.13671875
448,4440030,4740030,0.636047363,-0.243225098,-0.697631836,0.222595215,0.4765625,-0.30078125,-0.62109375,-7.71875,6.109375,0.734375,0.23046875,-0.1875,0.13671875
449,4452029,4752029,0.635681152,-0.244689941,-0.697631836,0.222229004,0.4765625,-0.30078125,-0.62109375,-7.71875,6.109375,0.734375,0.224609375,-0.107421875,0.16015625
450,4456147,4756147,0.635375977,-0.24597168,-0.697509766,0.222106934,0.72265625,-0.06640625,-0.34765625,-7.6953125,6.140625,0.7265625,0.224609375,-0.107421875,0.16015625
451,4467757,4767757,0.635131836,-0.246887207,-0.69732666,0.222290039,0.72265625,-0.06640625,-0.34765625,-7.6953125,6.140625,0.7265625,0.078125,-0.013671875,0.166015625
452,4474191,4774191,0.635070801,-0.247497559,-0.697021484,0.22265625,0.66015625,0.05859375,-0.14453125,-7.671875,6.171875,0.71875,0.078125,-0.013671875,0.166015625
453,4489816,4789816,0.635131836,-0.24786377,-0.696716309,0.223083496,0.66015625,0.05859375,-0.14453125,-7.671875,6.171875,0.71875,0.009765625,0.064453125,0.1015625
454,4493947,4793947,0.635192871,-0.248046875,-0.696472168,0.223388672,0.1171875,0.03515625,-0.40625,-7.6640625,6.1953125,0.7109375,0.009765625,0.064453125,0.1015625
455,4505541,4805541,0.635314941,-0.248046875,-0.696289062,0.223693848,0.1171875,0.03515625,-0.40625,-7.6640625,6.1953125,0.7109375,-0.02734375,0.044921875,0.01953125
456,4519893,4819893,0.635375977,-0.247924805,-0.696228027,0.223754883,-0.08203125,0.0625,-0.359375,-7.65625,6.203125,0.703125,-0.02734375,0.044921875,0.01953125
457,4532317,4832317,0.635437012,-0.247680664,-0.696289062,0.223815918,-0.08203125,0.0625,-0.359375,-7.65625,6.203125,0.703125,-0.044921875,0.0078125,-0.0390625
458,4536457,4836457,0.635437012,-0.247253418,-0.696350098,0.223876953,0.3359375,0.29296875,-0.12890625,-7.65625,6.203125,0.703125,-0.044921875,0.0078125,-0.0390625
459,4548729,4848729,0.635559082,-0.246520996,-0.696411133,0.224121094,0.3359375,0.29296875,-0.12890625,-7.65625,6.203125,0.703125,-0.16015625,0.072265625,-0.07421875
460,4552480,4852480,0.635803223,-0.245605469,-0.696472168,0.224487305,0.57421875,0.30859375,-0.1015625,-7.6640625,6.1875,0.7109375,-0.16015625,0.072265625,-0.07421875
461,4570629,4870629,0.636230469,-0.24432373,-0.696350098,0.225036621,0.57421875,0.30859375,-0.1015625,-7.6640625,6.1875,0.7109375,-0.21875,0.166015625,-0.109375
462,4575077,4875077,0.63671875,-0.242980957,-0.696166992,0.225524902,0.546875,0.09375,-0.40625,-7.671875,6.171875,0.7109375,-0.21875,0.166015625,-0.109375
463,4585874,4885874,0.637329102,-0.241516113,-0.695983887,0.226013184,0.546875,0.09375,-0.40625,-7.671875,6.171875,0.7109375,-0.22265625,0.2109375,-0.142578125
464,4597221,4897221,0.638061523,-0.239990234,-0.695739746,0.22644043,0.25390625,0.03515625,-0.58984375,-7.6875,6.15625,0.703125,-0.22265625,0.2109375,-0.142578125
465,4610661,4910661,0.63885498,-0.23840332,-0.695373535,0.226928711,0.25390625,0.03515625,-0.58984375,-7.6875,6.15625,0.703125,-0.2421875,0.267578125,-0.16015625
466,4614804,4914804,0.639770508,-0.236633301,-0.694946289,0.227600098,0.27734375,0.1796875,-0.46875,-7.7109375,6.125,0.6953125,-0.2421875,0.267578125,-0.16015625
467,4627430,4927430,0.640869141,-0.234619141,-0.694274902,0.228515625,0.27734375,0.1796875,-0.46875,-7.7109375,6.125,0.6953125,-0.33984375,0.4140625,-0.138671875
468,4634032,4934032,0.642211914,-0.232421875,-0.693359375,0.229858398,0.37890625,0.39453125,-0.4140625,-7.734375,6.1015625,0.6796875,-0.33984375,0.4140625,-0.138671875
469,4650670,4950670,0.643676758,-0.229980469,-0.692138672,0.231689453,0.37890625,0.39453125,-0.4140625,-7.734375,6.1015625,0.6796875,-0.501953125,0.63671875,-0.025390625
470,4654790,4954790,0.645507812,-0.227233887,-0.690490723,0.234436035,0.5859375,0.609375,-0.19140625,-7.75,6.078125,0.6484375,-0.501953125,0.63671875,-0.025390625
471,4665957,4965957,0.647644043,-0.223815918,-0.688354492,0.238037109,0.5859375,0.609375,-0.19140625,-7.75,6.078125,0.6484375,-0.8046875,0.970703125,0.078125
472,4679930,4979930,0.649963379,-0.220092773,-0.685913086,0.242126465,0.546875,0.45703125,-0.375,-7.75,6.078125,0.6015625,-0.8046875,0.970703125,0.078125
473,4690887,4990887,0.652282715,-0.216552734,-0.683410645,0.24609375,0.546875,0.45703125,-0.375,-7.75,6.078125,0.6015625,-0.748046875,0.958984375,0.12109375
474,4695030,4995030,0.65447998,-0.213317871,-0.680969238,0.249938965,0.5078125,0.41015625,-0.6953125,-7.75,6.0859375,0.5390625,-0.748046875,0.958984375,0.12109375
475,4705891,5005891,0.656616211,-0.210266113,-0.678466797,0.253601074,0.5078125,0.41015625,-0.6953125,-7.75,6.0859375,0.5390625,-0.708984375,0.98046875,0.13671875
476,4714489,5014489,0.659057617,-0.20703125,-0.675598145,0.257446289,0.578125,0.5546875,-0.44921875,-7.7421875,6.09375,0.484375,-0.708984375,0.98046875,0.13671875
477,4730333,5030333,0.66192627,-0.203857422,-0.672241211,0.261535645,0.578125,0.5546875,-0.44921875,-7.7421875,6.09375,0.484375,-0.673828125,1.20507812,0.201171875
478,4734469,5034469,0.665039062,-0.200622559,-0.668395996,0.265930176,0.71484375,0.6015625,-0.5078125,-7.7265625,6.125,0.390625,-0.673828125,1.20507812,0.201171875
479,4747073,5047073,0.668212891,-0.197387695,-0.664245605,0.270812988,0.71484375,0.6015625,-0.5078125,-7.7265625,6.125,0.390625,-0.78515625,1.4140625,0.373046875
480,4755224,5055224,0.671386719,-0.194091797,-0.659545898,0.276672363,0.65234375,0.71484375,-0.93359375,-7.703125,6.1640625,0.28125,-0.78515625,1.4140625,0.373046875
481,4770754,5070754,0.674072266,-0.191040039,-0.655029297,0.282897949,0.65234375,0.71484375,-0.93359375,-7.703125,6.1640625,0.28125,-0.9609375,1.34960938,0.587890625
482,4774757,5074757,0.676513672,-0.188232422,-0.650634766,0.2890625,0.66015625,0.76171875,-0.93359375,-7.6328125,6.234375,0.1640625,-0.9609375,1.34960938,0.587890625
483,4786815,5086815,0.678955078,-0.186035156,-0.646179199,0.29473877,0.66015625,0.76171875,-0.93359375,-7.6328125,6.234375,0.1640625,-0.63671875,1.15820312,0.591796875
484,4792541,5092541,0.680969238,-0.184570312,-0.642211914,0.299621582,0.58984375,0.58984375,-1.15234375,-7.5625,6.328125,0.078125,-0.63671875,1.15820312,0.591796875
485,4806226,5106226,0.682861328,-0.183288574,-0.638305664,0.304443359,0.58984375,0.58984375,-1.15234375,-7.5625,6.328125,0.078125,-0.552734375,0.982421875,0.59375
486,4813418,5113418,0.684631348,-0.182006836,-0.634643555,0.308898926,0.2421875,1.03125,-0.64453125,-7.484375,6.421875,-0.0078125,-0.552734375,0.982421875,0.59375
487,4826592,5126592,0.686645508,-0.180541992,-0.630737305,0.313232422,0.2421875,1.03125,-0.64453125,-7.484375,6.421875,-0.0078125,-0.515625,1.10742188,0.478515625
488,4835713,5135713,0.689147949,-0.178771973,-0.626403809,0.317443848,0.171875,1.26171875,-0.71484375,-7.4140625,6.5,-0.09375,-0.515625,1.10742188,0.478515625
489,4849413,5149413,0.692138672,-0.177429199,-0.621582031,0.320983887,0.171875,1.26171875,-0.71484375,-7.4140625,6.5,-0.09375,-0.154296875,1.25585938,0.45703125
490,4853025,5153025,0.695495605,-0.177429199,-0.616821289,0.323120117,-0.01171875,-0.2265625,-1.34765625,-7.34375,6.5703125,-0.2265625,-0.154296875,1.25585938,0.45703125
491,4865270,5165270,0.699279785,-0.179504395,-0.61151123,0.323730469,-0.01171875,-0.2265625,-1.34765625,-7.34375,6.5703125,-0.2265625,0.814453125,0.96484375,0.6171875
492,4877257,5177257,0.702514648,-0.183288574,-0.606811523,0.323486328,-0.3203125,-1.796875,-0.98046875,-7.265625,6.6484375,-0.4375,0.814453125,0.96484375,0.6171875
493,4891018,5191018,0.70526123,-0.188598633,-0.602050781,0.323425293,-0.3203125,-1.796875,-0.98046875,-7.265625,6.6484375,-0.4375,0.900390625,0.546875,1
494,4895342,5195342,0.707092285,-0.193786621,-0.597595215,0.324584961,1.015625,-0.26171875,0.29296875,-7.1484375,6.7578125,-0.6796875,0.900390625,0.546875,1
495,4908294,5208294,0.708190918,-0.197937012,-0.593261719,0.327636719,1.015625,-0.26171875,0.29296875,-7.1484375,6.7578125,-0.6796875,0,0.619140625,1.18164062
496,4917228,5217228,0.708374023,-0.199401855,-0.58972168,0.332702637,0.42578125,2.234375,0.91015625,-6.9765625,6.90625,-0.8359375,0,0.619140625,1.18164062
497,4930829,5230829,0.708068848,-0.198242188,-0.586425781,0.339782715,0.42578125,2.234375,0.91015625,-6.9765625,6.90625,-0.8359375,-1.19335938,0.828125,0.7421875
498,4934955,5234955,0.708007812,-0.195800781,-0.583312988,0.346618652,-0.796875,1.89453125,0.02734375,-6.828125,7.0546875,-0.8359375,-1.19335938,0.828125,0.7421875
499,4948501,5248501,0.708496094,-0.193481445,-0.579833984,0.352661133,-0.796875,1.89453125,0.02734375,-6.828125,7.0546875,-0.8359375,-0.802734375,0.951171875,0.55078125
500,4952255,5252255,0.709533691,-0.191955566,-0.57623291,0.357299805,-0.484375,-0.93359375,0.3046875,-6.71875,7.1640625,-0.8046875,-0.802734375,0.951171875,0.55078125
501,4969665,5269665,0.710998535,-0.191162109,-0.57208252,0.361450195,-0.484375,-0.93359375,0.3046875,-6.71875,7.1640625,-0.8046875,-0.33984375,0.87890625,0.59375
502,4974301,5274301,0.712097168,-0.190917969,-0.568481445,0.36505127,-0.65625,-0.75390625,0.8203125,-6.625,7.25,-0.859375,-0.33984375,0.87890625,0.59375
503,4987844,5287844,0.713195801,-0.190856934,-0.564819336,0.368713379,-0.65625,-0.75390625,0.8203125,-6.625,7.25,-0.859375,-0.2578125,0.775390625,0.59375
504,4996619,5296619,0.714355469,-0.190551758,-0.561035156,0.372314453,-1.1875,0.34765625,0.30859375,-6.515625,7.3359375,-0.921875,-0.2578125,0.775390625,0.59375
505,5009564,5309564,0.715270996,-0.18939209,-0.557250977,0.376831055,-1.1875,0.34765625,0.30859375,-6.515625,7.3359375,-0.921875,-0.75390625,0.97265625,0.599609375
506,5014264,5314264,0.715698242,-0.187194824,-0.553466797,0.382629395,-0.21484375,0.453125,-0.03125,-6.4140625,7.421875,-0.96875,-0.75390625,0.97265625,0.599609375
507,5027371,5327371,0.715759277,-0.184082031,-0.549316406,0.389953613,-0.21484375,0.453125,-0.03125,-6.4140625,7.421875,-0.96875,-1.26171875,1.10546875,0.654296875
508,5036715,5336715,0.715881348,-0.181030273,-0.545288086,0.396728516,0.05078125,0.4609375,-0.6640625,-6.296875,7.53125,-0.9453125,-1.26171875,1.10546875,0.654296875
509,5050269,5350269,0.716552734,-0.178466797,-0.541015625,0.40246582,0.05078125,0.4609375,-0.6640625,-6.296875,7.53125,-0.9453125,-0.677734375,1.04296875,0.521484375
510,5054417,5354417,0.717956543,-0.177124023,-0.536865234,0.406066895,-0.9375,-1.01171875,-0.421875,-6.1875,7.625,-0.921875,-0.677734375,1.04296875,0.521484375
511,5068339,5368339,0.720214844,-0.176635742,-0.532470703,0.408081055,-0.9375,-1.01171875,-0.421875,-6.1875,7.625,-0.921875,0.171875,0.91015625,0.37109375
512,5076609,5376609,0.722595215,-0.176696777,-0.528564453,0.408996582,-1.41015625,-1.87109375,-0.44921875,-6.1015625,7.6796875,-1.0078125,0.171875,0.91015625,0.37109375
513,5090269,5390269,0.724975586,-0.176696777,-0.524536133,0.409973145,-1.41015625,-1.87109375,-0.44921875,-6.1015625,7.6796875,-1.0078125,0.140625,0.79296875,0.322265625
514,5095150,5395150,0.72668457,-0.176513672,-0.521179199,0.411254883,-1.296875,-1.3046875,-0.9609375,-6.0234375,7.7265625,-1.1484375,0.140625,0.79296875,0.322265625
515,5107398,5407398,0.728027344,-0.17590332,-0.518005371,0.413208008,-1.296875,-1.3046875,-0.9609375,-6.0234375,7.7265625,-1.1484375,-0.216796875,0.666015625,0.30859375
516,5112469,5412469,0.728881836,-0.175048828,-0.515136719,0.415588379,-0.171875,-0.34765625,-0.8046875,-5.9609375,7.765625,-1.2265625,-0.216796875,0.666015625,0.30859375
517,5128485,5428485,0.729614258,-0.174255371,-0.512390137,0.41809082,-0.171875,-0.34765625,-0.8046875,-5.9609375,7.765625,-1.2265625,-0.283203125,0.5703125,0.34765625
518,5132210,5432210,0.730163574,-0.17376709,-0.510009766,0.420166016,-0.5078125,-0.16796875,-0.23046875,-5.890625,7.8125,-1.265625,-0.283203125,0.5703125,0.34765625
519,5148709,5448709,0.730957031,-0.173522949,-0.507629395,0.421813965,-0.5078125,-0.16796875,-0.23046875,-5.890625,7.8125,-1.265625,-0.03125,0.498046875,0.26953125
520,5157918,5457918,0.732116699,-0.173522949,-0.505310059,0.422546387,-1.4140625,-0.80859375,0.8828125,-5.828125,7.84375,-1.3046875,-0.03125,0.498046875,0.26953125
521,5170737,5470737,0.733703613,-0.173828125,-0.502868652,0.422546387,-1.4140625,-0.80859375,0.8828125,-5.828125,7.84375,-1.3046875,0.31640625,0.466796875,0.134765625
522,5175207,5475207,0.735534668,-0.174072266,-0.500671387,0.421936035,-1.4609375,-1.4453125,1.07421875,-5.78125,7.8671875,-1.3828125,0.31640625,0.466796875,0.134765625
523,5187454,5487454,0.737548828,-0.174072266,-0.498474121,0.421020508,-1.4609375,-1.4453125,1.07421875,-5.78125,7.8671875,-1.3828125,0.35546875,0.466796875,-0.015625
524,5193805,5493805,0.739318848,-0.173828125,-0.496704102,0.420043945,-1.16796875,-1.21875,0.4921875,-5.765625,7.8671875,-1.4921875,0.35546875,0.466796875,-0.015625
525,5208522,5508522,0.740905762,-0.173461914,-0.495422363,0.419006348,-1.16796875,-1.21875,0.4921875,-5.765625,7.8671875,-1.4921875,0.287109375,0.28515625,-0.12109375
526,5212247,5512247,0.7421875,-0.173278809,-0.494628906,0.417724609,-1.16796875,-1,0.2421875,-5.765625,7.84375,-1.5859375,0.287109375,0.28515625,-0.12109375
527,5228816,5528816,0.743286133,-0.173278809,-0.49432373,0.41607666,-1.16796875,-1,0.2421875,-5.765625,7.84375,-1.5859375,0.31640625,0.0234375,-0.205078125
528,5236613,5536613,0.74395752,-0.173095703,-0.494567871,0.414733887,-0.953125,-0.77734375,0.8125,-5.7890625,7.8125,-1.65625,0.31640625,0.0234375,-0.205078125
529,5250580,5550580,0.74432373,-0.172607422,-0.495117188,0.413574219,-0.953125,-0.77734375,0.8125,-5.7890625,7.8125,-1.65625,0.08984375,-0.048828125,-0.259765625
530,5254734,5554734,0.744689941,-0.171813965,-0.495727539,0.412536621,-0.9140625,-0.546875,1.72265625,-5.828125,7.7734375,-1.6875,0.08984375,-0.048828125,-0.259765625
531,5269048,5569048,0.745117188,-0.171020508,-0.496398926,0.411315918,-0.9140625,-0.546875,1.72265625,-5.828125,7.7734375,-1.6875,0.123046875,-0.0390625,-0.3359375
532,5272782,5572782,0.745483398,-0.170288086,-0.497192383,0.409973145,-0.83203125,-0.81640625,1.234375,-5.875,7.734375,-1.6953125,0.123046875,-0.0390625,-0.3359375
533,5290652,5590652,0.745727539,-0.169921875,-0.498291016,0.40826416,-0.83203125,-0.81640625,1.234375,-5.875,7.734375,-1.6953125,0.220703125,-0.2109375,-0.30078125
534,5294789,5594789,0.745910645,-0.170043945,-0.499511719,0.40637207,-0.5,-1.19140625,0.66796875,-5.9375,7.6875,-1.703125,0.220703125,-0.2109375,-0.30078125
535,5308369,5608369,0.74609375,-0.170532227,-0.500793457,0.404296875,-0.5,-1.19140625,0.66796875,-5.9375,7.6875,-1.703125,0.34375,-0.298828125,-0.220703125
536,5316604,5616604,0.746154785,-0.171264648,-0.501953125,0.40234375,-0.22265625,-0.69140625,0.56640625,-5.984375,7.6484375,-1.71875,0.34375,-0.298828125,-0.220703125
537,5331015,5631015,0.74609375,-0.172241211,-0.503234863,0.400512695,-0.22265625,-0.69140625,0.56640625,-5.984375,7.6484375,-1.71875,0.294921875,-0.36328125,-0.115234375
538,5335169,5635169,0.745666504,-0.173339844,-0.504760742,0.398925781,-0.375,0.53515625,0.26953125,-6.0234375,7.609375,-1.7265625,0.294921875,-0.36328125,-0.115234375
539,5346424,5646424,0.744934082,-0.174499512,-0.506591797,0.397521973,-0.375,0.53515625,0.26953125,-6.0234375,7.609375,-1.7265625,0.17578125,-0.5234375,-0.09375
540,5354422,5654422,0.74407959,-0.175598145,-0.508544922,0.396118164,-0.57421875,0.90234375,0.3671875,-6.0546875,7.5859375,-1.7109375,0.17578125,-0.5234375,-0.09375
541,5368395,5668395,0.743164062,-0.176635742,-0.510681152,0.394592285,-0.57421875,0.90234375,0.3671875,-6.0546875,7.5859375,-1.7109375,0.205078125,-0.552734375,-0.171875
542,5372132,5672132,0.742370605,-0.17755127,-0.513000488,0.39276123,-0.765625,0.19921875,0.8203125,-6.09375,7.5625,-1.6640625,0.205078125,-0.552734375,-0.171875
543,5388293,5688293,0.741577148,-0.178283691,-0.515563965,0.39050293,-0.765625,0.19921875,0.8203125,-6.09375,7.5625,-1.6640625,0.25,-0.58984375,-0.333984375
544,5396613,5696613,0.740844727,-0.178649902,-0.518249512,0.388122559,-1.0859375,-0.48828125,0.703125,-6.15625,7.5234375,-1.625,0.25,-0.58984375,-0.333984375
545,5409675,5709675,0.739990234,-0.178833008,-0.52142334,0.385375977,-1.0859375,-0.48828125,0.703125,-6.15625,7.5234375,-1.625,0.244140625,-0.701171875,-0.5234375
546,5414004,5714004,0.739074707,-0.178833008,-0.524902344,0.382385254,-1.34375,-1.23046875,0.359375,-6.2421875,7.4609375,-1.5859375,0.244140625,-0.701171875,-0.5234375
547,5426589,5726589,0.737976074,-0.178710938,-0.528930664,0.379150391,-1.34375,-1.23046875,0.359375,-6.2421875,7.4609375,-1.5859375,0.201171875,-0.8046875,-0.626953125
548,5433521,5733521,0.736633301,-0.178344727,-0.53302002,0.376037598,-1.2734375,-1.22265625,0.296875,-6.3515625,7.375,-1.5234375,0.201171875,-0.8046875,-0.626953125
549,5448087,5748087,0.735168457,-0.177734375,-0.537414551,0.373046875,-1.2734375,-1.22265625,0.296875,-6.3515625,7.375,-1.5234375,0.091796875,-0.865234375,-0.69140625
550,5455379,5755379,0.733642578,-0.176879883,-0.541625977,0.370239258,-0.640625,-1.13671875,0.5078125,-6.484375,7.2890625,-1.4296875,0.091796875,-0.865234375,-0.69140625
551,5467981,5767981,0.732055664,-0.175537109,-0.546203613,0.367248535,-0.640625,-1.13671875,0.5078125,-6.484375,7.2890625,-1.4296875,-0.0078125,-0.828125,-0.818359375
552,5476983,5776983,0.73059082,-0.17388916,-0.55078125,0.364196777,-0.01171875,-0.98828125,0.484375,-6.6171875,7.1796875,-1.328125,-0.0078125,-0.828125,-0.818359375
553,5490029,5790029,0.729248047,-0.172058105,-0.555175781,0.361083984,-0.01171875,-0.98828125,0.484375,-6.6171875,7.1796875,-1.328125,-0.00390625,-0.7578125,-0.89453125
554,5494165,5794165,0.727966309,-0.170166016,-0.559448242,0.357971191,-0.66796875,-0.640625,0.18359375,-6.765625,7.0625,-1.21875,-0.00390625,-0.7578125,-0.89453125
555,5506705,5806705,0.7265625,-0.168029785,-0.564331055,0.354064941,-0.66796875,-0.640625,0.18359375,-6.765625,7.0625,-1.21875,0.099609375,-0.8515625,-1.06054688
556,5513589,5813589,0.725158691,-0.166015625,-0.569458008,0.349731445,-0.97265625,-0.35546875,-0.15625,-6.921875,6.9296875,-1.109375,0.099609375,-0.8515625,-1.06054688
557,5528988,5828988,0.723449707,-0.164306641,-0.575073242,0.344848633,-0.97265625,-0.35546875,-0.15625,-6.921875,6.9296875,-1.109375,0.23828125,-1.11523438,-1.11914062
558,5532759,5832759,0.721496582,-0.163330078,-0.580688477,0.339904785,-1.09765625,0.3515625,-0.04296875,-7.1015625,6.7578125,-0.9921875,0.23828125,-1.11523438,-1.11914062
559,5546615,5846615,0.719360352,-0.162963867,-0.586730957,0.334289551,-1.09765625,0.3515625,-0.04296875,-7.1015625,6.7578125,-0.9921875,0.474609375,-1.26757812,-0.98046875
560,5559455,5859455,0.717407227,-0.162841797,-0.592346191,0.328613281,-0.08984375,1.2734375,-0.015625,-7.265625,6.6015625,-0.8671875,0.474609375,-1.26757812,-0.98046875
561,5570632,5870632,0.715942383,-0.16217041,-0.596984863,0.323669434,-0.08984375,1.2734375,-0.015625,-7.265625,6.6015625,-0.8671875,0.328125,-0.9140625,-1.0078125
562,5574374,5874374,0.714416504,-0.160583496,-0.60168457,0.319091797,-0.01953125,0.7734375,0.83203125,-7.4140625,6.453125,-0.7578125,0.328125,-0.9140625,-1.0078125
563,5586499,5886499,0.712402344,-0.158752441,-0.606689453,0.315063477,-0.01953125,0.7734375,0.83203125,-7.4140625,6.453125,-0.7578125,0.02734375,-1,-0.939453125
564,5595611,5895611,0.710021973,-0.157592773,-0.611633301,0.311340332,-0.68359375,0.5,0.41015625,-7.5546875,6.3046875,-0.640625,0.02734375,-1,-0.939453125
565,5608527,5908527,0.70703125,-0.157287598,-0.617370605,0.307006836,-0.68359375,0.5,0.41015625,-7.5546875,6.3046875,-0.640625,0.248046875,-1.26367188,-0.74609375
566,5612271,5912271,0.704284668,-0.157470703,-0.622436523,0.302856445,-0.3671875,0.71484375,0.16796875,-7.6796875,6.1640625,-0.4765625,0.248046875,-1.26367188,-0.74609375
567,5628447,5928447,0.701599121,-0.15802002,-0.627502441,0.298400879,-0.3671875,0.71484375,0.16796875,-7.6796875,6.1640625,-0.4765625,0.3828125,-1.14453125,-0.66796875
568,5636933,5936933,0.699279785,-0.158508301,-0.631896973,0.294311523,0.234375,0.796875,0.05859375,-7.78125,6.046875,-0.328125,0.3828125,-1.14453125,-0.66796875
569,5647990,5947990,0.696960449,-0.158935547,-0.636230469,0.290100098,0.234375,0.796875,0.05859375,-7.78125,6.046875,-0.328125,0.384765625,-0.994140625,-0.623046875
570,5653052,5953052,0.694824219,-0.159606934,-0.640319824,0.285827637,0.04296875,0.27734375,-0.87890625,-7.859375,5.953125,-0.1953125,0.384765625,-0.994140625,-0.623046875
571,5667213,5967213,0.692626953,-0.160888672,-0.64440918,0.28125,0.04296875,0.27734375,-0.87890625,-7.859375,5.953125,-0.1953125,0.6015625,-1.08789062,-0.54296875
572,5675409,5975409,0.690429688,-0.162658691,-0.64831543,0.276672363,-0.15625,-0.01171875,-1.37109375,-7.9296875,5.859375,-0.0859375,0.6015625,-1.08789062,-0.54296875
573,5687915,5987915,0.687805176,-0.165405273,-0.652648926,0.27142334,-0.15625,-0.01171875,-1.37109375,-7.9296875,5.859375,-0.0859375,0.802734375,-1.26953125,-0.392578125
574,5693006,5993006,0.684875488,-0.168701172,-0.656921387,0.266296387,-0.16796875,-0.3125,-1.359375,-7.9921875,5.7734375,0.015625,0.802734375,-1.26953125,-0.392578125
575,5706858,6006858,0.681640625,-0.172546387,-0.661315918,0.261230469,-0.16796875,-0.3125,-1.359375,-7.9921875,5.7734375,0.015625,0.884765625,-1.43164062,-0.208984375
576,5722978,6022978,0.678283691,-0.176513672,-0.665466309,0.256713867,0.13671875,0.1484375,-1.17578125,-8.03125,5.734375,0.140625,0.884765625,-1.43164062,-0.208984375
577,5728725,6028725,0.674499512,-0.181091309,-0.669799805,0.252197266,0.13671875,0.1484375,-1.17578125,-8.03125,5.734375,0.140625,0.833984375,-1.44726562,-0.033203125
578,5736035,6036035,0.670898438,-0.185424805,-0.67376709,0.24810791,0.56640625,1.16015625,-0.91796875,-8.0390625,5.71875,0.265625,0.833984375,-1.44726562,-0.033203125
579,5749271,6049271,0.667053223,-0.190124512,-0.677734375,0.24395752,0.56640625,1.16015625,-0.91796875,-8.0390625,5.71875,0.265625,0.826171875,-1.36523438,0.03515625
580,5753006,6053006,0.663696289,-0.194641113,-0.681091309,0.24017334,0.51953125,1.0859375,-0.859375,-8.03125,5.71875,0.3984375,0.826171875,-1.36523438,0.03515625
581,5768305,6068305,0.660400391,-0.199707031,-0.684265137,0.236206055,0.51953125,1.0859375,-0.859375,-8.03125,5.71875,0.3984375,0.921875,-1.18359375,0.138671875
582,5774290,6074290,0.657287598,-0.204772949,-0.687011719,0.23248291,0.4609375,1.0703125,-0.42578125,-8.0078125,5.734375,0.5,0.921875,-1.18359375,0.138671875
583,5788198,6088198,0.654663086,-0.20916748,-0.68927002,0.229187012,0.4609375,1.0703125,-0.42578125,-8.0078125,5.734375,0.5,0.822265625,-0.95703125,0.138671875
584,5796631,6096631,0.652160645,-0.213500977,-0.691345215,0.226196289,0.58984375,0.80078125,-0.42578125,-7.984375,5.7734375,0.578125,0.822265625,-0.95703125,0.138671875
585,5808499,6108499,0.649719238,-0.217346191,-0.69317627,0.223876953,0.58984375,0.80078125,-0.42578125,-7.984375,5.7734375,0.578125,0.5703125,-0.849609375,0.232421875
586,5812803,6112803,0.647216797,-0.220703125,-0.695007324,0.222167969,0.328125,0.26953125,-0.4453125,-7.953125,5.8046875,0.6328125,0.5703125,-0.849609375,0.232421875
587,5829432,6129432,0.64440918,-0.224365234,-0.696960449,0.22052002,0.328125,0.26953125,-0.4453125,-7.953125,5.8046875,0.6328125,0.537109375,-0.826171875,0.27734375
588,5833180,6133180,0.642089844,-0.228027344,-0.698486328,0.218688965,0.6328125,0.1015625,-0.7890625,-7.9140625,5.859375,0.7109375,0.537109375,-0.826171875,0.27734375
589,5848551,6148551,0.639709473,-0.232055664,-0.699951172,0.216674805,0.6328125,0.1015625,-0.7890625,-7.9140625,5.859375,0.7109375,0.599609375,-0.744140625,0.27734375
590,5854938,6154938,0.637695312,-0.235473633,-0.701171875,0.215087891,0.89453125,0.27734375,-0.30078125,-7.8671875,5.9140625,0.7578125,0.599609375,-0.744140625,0.27734375
591,5867040,6167040,0.635620117,-0.238769531,-0.702392578,0.213500977,0.89453125,0.27734375,-0.30078125,-7.8671875,5.9140625,0.7578125,0.458984375,-0.623046875,0.228515625
592,5878934,6178934,0.633605957,-0.241577148,-0.703674316,0.212158203,0.43359375,0.10546875,-0.453125,-7.828125,5.96875,0.796875,0.458984375,-0.623046875,0.228515625
593,5889030,6189030,0.631652832,-0.24407959,-0.704956055,0.2109375,0.43359375,0.10546875,-0.453125,-7.828125,5.96875,0.796875,0.373046875,-0.619140625,0.173828125
594,5895021,6195021,0.629760742,-0.246459961,-0.706176758,0.209594727,0.44140625,-0.0859375,-0.578125,-7.796875,6.0078125,0.84375,0.373046875,-0.619140625,0.173828125
595,5907611,6207611,0.628173828,-0.248657227,-0.707275391,0.208190918,0.44140625,-0.0859375,-0.578125,-7.796875,6.0078125,0.84375,0.33203125,-0.466796875,0.103515625
596,5912640,6212640,0.62677002,-0.250610352,-0.708190918,0.206970215,0.6484375,-0.26171875,-0.546875,-7.7734375,6.03125,0.890625,0.33203125,-0.466796875,0.103515625
597,5928409,6228409,0.625671387,-0.252441406,-0.708862305,0.205688477,0.6484375,-0.26171875,-0.546875,-7.7734375,6.03125,0.890625,0.353515625,-0.361328125,0.064453125
598,5934792,6234792,0.624755859,-0.254150391,-0.709411621,0.204406738,0.5078125,-0.09375,-0.79296875,-7.75,6.0546875,0.90625,0.353515625,-0.361328125,0.064453125
599,5947279,6247279,0.623962402,-0.25579834,-0.709899902,0.203125,0.5078125,-0.09375,-0.79296875,-7.75,6.0546875,0.90625,0.3046875,-0.271484375,0.05078125
600,5961915,6261915,0.623291016,-0.257141113,-0.710327148,0.202026367,0.53125,0.12890625,-0.45703125,-7.734375,6.0625,0.9140625,0.3046875,-0.271484375,0.05078125
601,5967084,6267084,0.622741699,-0.258300781,-0.710693359,0.20111084,0.53125,0.12890625,-0.45703125,-7.734375,6.0625,0.9140625,0.236328125,-0.205078125,0.021484375
602,5976356,6276356,0.622192383,-0.259399414,-0.710998535,0.200195312,0.33203125,0.234375,-0.6953125,-7.7265625,6.0703125,0.921875,0.236328125,-0.205078125,0.021484375
603,5987678,6287678,0.621826172,-0.260253906,-0.711242676,0.199401855,0.33203125,0.234375,-0.6953125,-7.7265625,6.0703125,0.921875,0.177734375,-0.154296875,0.005859375
604,5993665,6293665,0.621520996,-0.260925293,-0.711425781,0.198730469,0.4765625,0.6015625,-0.41796875,-7.71875,6.0859375,0.9140625,0.177734375,-0.154296875,0.005859375
605,6008139,6308139,0.621337891,-0.261291504,-0.711547852,0.198364258,0.4765625,0.6015625,-0.41796875,-7.71875,6.0859375,0.9140625,0.0625,-0.03125,-0.005859375
606,6014805,6314805,0.621398926,-0.261352539,-0.711547852,0.198181152,0.70703125,0.6015625,-0.38671875,-7.71875,6.0859375,0.921875,0.0625,-0.03125,-0.005859375
607,6027421,6327421,0.621643066,-0.261169434,-0.711364746,0.198120117,0.70703125,0.6015625,-0.38671875,-7.71875,6.0859375,0.921875,-0.025390625,0.1015625,-0.041015625
608,6036606,6336606,0.622192383,-0.260742188,-0.71105957,0.198242188,0.70703125,0.03515625,-0.45703125,-7.71875,6.078125,0.9140625,-0.025390625,0.1015625,-0.041015625
609,6051287,6351287,0.62286377,-0.260253906,-0.710632324,0.198364258,0.70703125,0.03515625,-0.45703125,-7.71875,6.078125,0.9140625,-0.037109375,0.19921875,-0.072265625
610,6055661,6355661,0.623718262,-0.259643555,-0.710083008,0.198425293,0.4921875,-0.1875,-0.5859375,-7.734375,6.0703125,0.890625,-0.037109375,0.19921875,-0.072265625
611,6067661,6367661,0.624694824,-0.259033203,-0.709411621,0.198486328,0.4921875,-0.1875,-0.5859375,-7.734375,6.0703125,0.890625,-0.009765625,0.263671875,-0.099609375
612,6073411,6373411,0.625793457,-0.258422852,-0.708618164,0.198486328,0.26953125,-0.0234375,-0.39453125,-7.7421875,6.0625,0.8515625,-0.009765625,0.263671875,-0.099609375
613,6087979,6387979,0.62701416,-0.25769043,-0.707824707,0.198669434,0.26953125,-0.0234375,-0.39453125,-7.7421875,6.0625,0.8515625,-0.048828125,0.3125,-0.08984375
614,6093711,6393711,0.628173828,-0.256774902,-0.706970215,0.198974609,0.27734375,0.296875,-0.23046875,-7.75,6.046875,0.8046875,-0.048828125,0.3125,-0.08984375
615,6107913,6407913,0.629455566,-0.255615234,-0.706176758,0.199523926,0.27734375,0.296875,-0.23046875,-7.75,6.046875,0.8046875,-0.1796875,0.373046875,-0.1171875
616,6116790,6416790,0.630737305,-0.25402832,-0.705322266,0.200256348,0.41796875,0.46484375,-0.0390625,-7.7734375,6.03125,0.765625,-0.1796875,0.373046875,-0.1171875
617,6128668,6428668,0.632080078,-0.252258301,-0.704528809,0.20123291,0.41796875,0.46484375,-0.0390625,-7.7734375,6.03125,0.765625,-0.306640625,0.43359375,-0.134765625
618,6134789,6434789,0.633483887,-0.250244141,-0.703613281,0.202331543,0.39453125,0.3359375,-0.0390625,-7.7890625,6.0078125,0.7265625,-0.306640625,0.43359375,-0.134765625
619,6147690,6447690,0.635131836,-0.247802734,-0.702636719,0.203735352,0.39453125,0.3359375,-0.0390625,-7.7890625,6.0078125,0.7265625,-0.423828125,0.546875,-0.140625
620,6153415,6453415,0.636901855,-0.245178223,-0.701416016,0.205444336,0.37890625,0.0546875,-0.046875,-7.8125,5.984375,0.6953125,-0.423828125,0.546875,-0.140625
621,6168577,6468577,0.63885498,-0.242492676,-0.700012207,0.207458496,0.37890625,0.0546875,-0.046875,-7.8125,5.984375,0.6953125,-0.5078125,0.716796875,-0.08203125
622,6175054,6475054,0.640930176,-0.239685059,-0.698364258,0.209838867,0.32421875,-0.0390625,-0.16015625,-7.8359375,5.9609375,0.65625,-0.5078125,0.716796875,-0.08203125
623,6187062,6487062,0.643432617,-0.236450195,-0.696228027,0.21307373,0.32421875,-0.0390625,-0.16015625,-7.8359375,5.9609375,0.65625,-0.67578125,0.92578125,0.037109375
624,6195686,6495686,0.645935059,-0.233093262,-0.693847656,0.216796875,0.48828125,0.3203125,-0.13671875,-7.84375,5.9453125,0.59375,-0.67578125,0.92578125,0.037109375
625,6207826,6507826,0.648620605,-0.229675293,-0.691101074,0.221130371,0.48828125,0.3203125,-0.13671875,-7.84375,5.9453125,0.59375,-0.830078125,1.12109375,0.205078125
626,6213567,6513567,0.651306152,-0.226257324,-0.688110352,0.226074219,0.6796875,0.4609375,-0.2109375,-7.84375,5.9609375,0.515625,-0.830078125,1.12109375,0.205078125
627,6227514,6527514,0.653991699,-0.222900391,-0.684875488,0.231567383,0.6796875,0.4609375,-0.2109375,-7.84375,5.9609375,0.515625,-0.923828125,1.17773438,0.373046875
628,6233275,6533275,0.656433105,-0.219665527,-0.68157959,0.237121582,0.6171875,0.91796875,-0.484375,-7.8203125,6,0.4453125,-0.923828125,1.17773438,0.373046875
629,6249781,6549781,0.658935547,-0.21661377,-0.678222656,0.242675781,0.6171875,0.91796875,-0.484375,-7.8203125,6,0.4453125,-0.85546875,1.15429688,0.40234375
630,6253852,6553852,0.661315918,-0.213806152,-0.674926758,0.247802734,0.76171875,0.86328125,-0.4765625,-7.7734375,6.0546875,0.359375,-0.85546875,1.15429688,0.40234375
631,6268443,6568443,0.6640625,-0.210632324,-0.671203613,0.253356934,0.76171875,0.86328125,-0.4765625,-7.7734375,6.0546875,0.359375,-0.869140625,1.22851562,0.390625
632,6276618,6576618,0.666748047,-0.20715332,-0.667358398,0.259155273,0.453125,0.92578125,-0.55078125,-7.734375,6.109375,0.28125,-0.869140625,1.22851562,0.390625
633,6290637,6590637,0.669433594,-0.203613281,-0.663513184,0.264831543,0.453125,0.92578125,-0.55078125,-7.734375,6.109375,0.28125,-0.951171875,1.33789062,0.388671875
634,6295526,6595526,0.672058105,-0.200378418,-0.659606934,0.270446777,0.140625,0.83203125,-1.1953125,-7.6875,6.1640625,0.1953125,-0.951171875,1.33789062,0.388671875
635,6307689,6607689,0.674682617,-0.197570801,-0.655273438,0.276489258,0.140625,0.83203125,-1.1953125,-7.6875,6.1640625,0.1953125,-0.78515625,1.22265625,0.5859375
636,6314977,6614977,0.676696777,-0.195922852,-0.651306152,0.281982422,0.19921875,0.29296875,-1.55859375,-7.6328125,6.2421875,0.1015625,-0.78515625,1.22265625,0.5859375
637,6330556,6630556,0.678344727,-0.195129395,-0.647155762,0.287963867,0.19921875,0.29296875,-1.55859375,-7.6328125,6.2421875,0.1015625,-0.607421875,0.962890625,0.876953125
638,6334675,6634675,0.67956543,-0.195068359,-0.643371582,0.293640137,0.48828125,0.40625,-0.9765625,-7.5390625,6.359375,0.015625,-0.607421875,0.962890625,0.876953125
639,6347250,6647250,0.680480957,-0.195556641,-0.639404297,0.299743652,0.48828125,0.40625,-0.9765625,-7.5390625,6.359375,0.015625,-0.533203125,0.798828125,1.01171875
640,6355939,6655939,0.681274414,-0.195861816,-0.635681152,0.305603027,1.0546875,0.7265625,0.04296875,-7.4140625,6.5,-0.046875,-0.533203125,0.798828125,1.01171875
641,6371501,6671501,0.682312012,-0.195678711,-0.631835938,0.311340332,1.0546875,0.7265625,0.04296875,-7.4140625,6.5,-0.046875,-0.6171875,0.95703125,0.859375
642,6375998,6675998,0.683837891,-0.194946289,-0.627563477,0.317016602,0.8046875,0.546875,0.28125,-7.28125,6.640625,-0.09375,-0.6171875,0.95703125,0.859375
643,6387911,6687911,0.685974121,-0.194030762,-0.62298584,0.322021484,0.8046875,0.546875,0.28125,-7.28125,6.640625,-0.09375,-0.443359375,1.234375,0.669921875
644,6393908,6693908,0.688598633,-0.19317627,-0.617919922,0.326599121,-0.60546875,-0.3359375,-0.51171875,-7.171875,6.7578125,-0.1796875,-0.443359375,1.234375,0.669921875
645,6408221,6708221,0.69140625,-0.192749023,-0.612670898,0.330810547,-0.60546875,-0.3359375,-0.51171875,-7.171875,6.7578125,-0.1796875,-0.212890625,1.25585938,0.71875
646,6414595,6714595,0.694030762,-0.192565918,-0.607421875,0.335083008,-0.8984375,-0.28515625,-1.17578125,-7.0703125,6.859375,-0.3203125,-0.212890625,1.25585938,0.71875
647,6427194,6727194,0.696166992,-0.192382812,-0.602539062,0.339599609,-0.8984375,-0.28515625,-1.17578125,-7.0703125,6.859375,-0.3203125,-0.37890625,1.06445312,0.7578125
648,6435915,6735915,0.697692871,-0.191833496,-0.598144531,0.344421387,-0.90234375,0.640625,-1.35546875,-6.953125,6.96875,-0.4453125,-0.37890625,1.06445312,0.7578125
649,6451017,6751017,0.698669434,-0.190673828,-0.594299316,0.34979248,-0.90234375,0.640625,-1.35546875,-6.953125,6.96875,-0.4453125,-0.794921875,0.90234375,0.705078125
650,6455189,6755189,0.699157715,-0.189331055,-0.590820312,0.355285645,0.51171875,0.30859375,-0.68359375,-6.8359375,7.0703125,-0.5078125,-0.794921875,0.90234375,0.705078125
651,6467367,6767367,0.699768066,-0.188415527,-0.587341309,0.360412598,0.51171875,0.30859375,-0.68359375,-6.8359375,7.0703125,-0.5078125,-0.458984375,0.75390625,0.630859375
652,6475966,6775966,0.700927734,-0.188537598,-0.584106445,0.36328125,-0.62890625,-1.296875,0.17578125,-6.7265625,7.1796875,-0.5234375,-0.458984375,0.75390625,0.630859375
653,6489864,6789864,0.70300293,-0.189758301,-0.580749512,0.364074707,-0.62890625,-1.296875,0.17578125,-6.7265625,7.1796875,-0.5234375,0.51171875,0.59765625,0.3515625
654,6493605,6793605,0.705383301,-0.19152832,-0.577575684,0.363586426,-2.2421875,-1.93359375,0.8046875,-6.6484375,7.2421875,-0.6171875,0.51171875,0.59765625,0.3515625
655,6507510,6807510,0.708007812,-0.19329834,-0.57409668,0.363037109,-2.2421875,-1.93359375,0.8046875,-6.6484375,7.2421875,-0.6171875,0.46875,0.626953125,0.328125
656,6515612,6815612,0.710205078,-0.194030762,-0.570739746,0.363586426,-1.71875,-0.40234375,0.59375,-6.59375,7.28125,-0.7890625,0.46875,0.626953125,0.328125
657,6529297,6829297,0.712158203,-0.193481445,-0.567321777,0.365356445,-1.71875,-0.40234375,0.59375,-6.59375,7.28125,-0.7890625,-0.21484375,0.90234375,0.2734375
658,6533032,6833032,0.714111328,-0.19152832,-0.563659668,0.368347168,0.67578125,0.9375,-0.12109375,-6.5390625,7.3203125,-0.9140625,-0.21484375,0.90234375,0.2734375
659,6546457,6846457,0.716430664,-0.188537598,-0.559204102,0.372192383,0.67578125,0.9375,-0.12109375,-6.5390625,7.3203125,-0.9140625,-0.533203125,1.3203125,0.2265625
660,6554020,6854020,0.719055176,-0.185852051,-0.55456543,0.375366211,0.65234375,-0.5625,-0.19921875,-6.4765625,7.3671875,-0.9921875,-0.533203125,1.3203125,0.2265625
661,6568172,6868172,0.721679688,-0.184448242,-0.550598145,0.376831055,0.65234375,-0.5625,-0.19921875,-6.4765625,7.3671875,-0.9921875,0.1875,0.890625,0.123046875
662,6574633,6874633,0.724365234,-0.184509277,-0.547424316,0.376281738,-1.81640625,-2.3125,-0.00390625,-6.421875,7.390625,-1.109375,0.1875,0.890625,0.123046875
663,6586750,6886750,0.72668457,-0.185913086,-0.545410156,0.374084473,-1.81640625,-2.3125,-0.00390625,-6.421875,7.390625,-1.109375,0.833984375,0.201171875,0.001953125
664,6602164,6902164,0.72869873,-0.187683105,-0.544006348,0.371276855,-2.25390625,-2.265625,0.421875,-6.40625,7.3828125,-1.265625,0.833984375,0.201171875,0.001953125
665,6607166,6907166,0.730712891,-0.188781738,-0.542480469,0.369018555,-2.25390625,-2.265625,0.421875,-6.40625,7.3828125,-1.265625,0.576171875,0.404296875,-0.080078125
666,6615404,6915404,0.732971191,-0.188720703,-0.540161133,0.367858887,0,-0.77734375,0.09375,-6.3984375,7.3515625,-1.3984375,0.576171875,0.404296875,-0.080078125
667,6629340,6929340,0.734863281,-0.187683105,-0.537597656,0.368408203,0,-0.77734375,0.09375,-6.3984375,7.3515625,-1.3984375,-0.12109375,0.71484375,0.0625
668,6633072,6933072,0.73626709,-0.186340332,-0.535095215,0.369934082,0.48046875,0.72265625,-0.5546875,-6.3828125,7.34375,-1.515625,-0.12109375,0.71484375,0.0625
669,6647245,6947245,0.737426758,-0.185241699,-0.532775879,0.371520996,0.48046875,0.72265625,-0.5546875,-6.3828125,7.34375,-1.515625,-0.138671875,0.54296875,0.16015625
670,6653236,6953236,0.738586426,-0.184936523,-0.530578613,0.372497559,-0.515625,0.85546875,0.12109375,-6.34375,7.3671875,-1.578125,-0.138671875,0.54296875,0.16015625
671,6666163,6966163,0.739746094,-0.18560791,-0.528869629,0.372314453,-0.515625,0.85546875,0.12109375,-6.34375,7.3671875,-1.578125,0.3671875,0.25,0.142578125
672,6682168,6982168,0.741027832,-0.186828613,-0.52746582,0.371154785,-1.46484375,-0.00390625,1.63671875,-6.3125,7.3828125,-1.640625,0.3671875,0.25,0.142578125
673,6686819,6986819,0.742492676,-0.188110352,-0.526123047,0.369445801,-1.46484375,-0.00390625,1.63671875,-6.3125,7.3828125,-1.640625,0.546875,0.22265625,0.017578125
674,6695058,6995058,0.744018555,-0.188781738,-0.524780273,0.368041992,-0.80078125,-0.53125,1.546875,-6.2890625,7.375,-1.7421875,0.546875,0.22265625,0.017578125
675,6708965,7008965,0.745300293,-0.188537598,-0.52331543,0.367492676,-0.80078125,-0.53125,1.546875,-6.2890625,7.375,-1.7421875,0.056640625,0.376953125,-0.048828125
676,6712696,7012696,0.74621582,-0.18762207,-0.522155762,0.367797852,-0.33984375,0.171875,0.5625,-6.2890625,7.359375,-1.828125,0.056640625,0.376953125,-0.048828125
677,6729857,7029857,0.746826172,-0.186462402,-0.521240234,0.368530273,-0.33984375,0.171875,0.5625,-6.2890625,7.359375,-1.828125,-0.18359375,0.265625,-0.056640625
678,6733516,7033516,0.747192383,-0.18548584,-0.520568848,0.369262695,-0.1953125,0.484375,0.05078125,-6.28125,7.3515625,-1.8515625,-0.18359375,0.265625,-0.056640625
679,6748828,7048828,0.747436523,-0.184692383,-0.520019531,0.369873047,-0.1953125,0.484375,0.05078125,-6.28125,7.3515625,-1.8515625,-0.09375,0.154296875,-0.021484375
680,6758263,7058263,0.747741699,-0.184204102,-0.519592285,0.370178223,-0.80859375,0.1015625,0.82421875,-6.28125,7.3515625,-1.859375,-0.09375,0.154296875,-0.021484375
681,6770781,7070781,0.74798584,-0.183959961,-0.519226074,0.370178223,-0.80859375,0.1015625,0.82421875,-6.28125,7.3515625,-1.859375,0.021484375,0.07421875,-0.029296875
682,6774798,7074798,0.74822998,-0.183776855,-0.519042969,0.370056152,-0.84375,-0.5859375,0.5234375,-6.28125,7.3515625,-1.8671875,0.021484375,0.07421875,-0.029296875
683,6789274,7089274,0.748413086,-0.18371582,-0.518981934,0.369812012,-0.84375,-0.5859375,0.5234375,-6.28125,7.3515625,-1.8671875,0.033203125,-0.0078125,-0.052734375
684,6792881,7092881,0.748413086,-0.183654785,-0.519226074,0.369506836,-0.75390625,-0.77734375,0.1484375,-6.296875,7.3515625,-1.875,0.033203125,-0.0078125,-0.052734375
685,6807599,7107599,0.748352051,-0.18359375,-0.51965332,0.369140625,-0.75390625,-0.77734375,0.1484375,-6.296875,7.3515625,-1.875,0.025390625,-0.103515625,-0.076171875
686,6813585,7113585,0.74822998,-0.18359375,-0.520141602,0.368713379,-0.36328125,-0.73046875,0.33984375,-6.3046875,7.34375,-1.875,0.025390625,-0.103515625,-0.076171875
687,6828891,7128891,0.748046875,-0.183532715,-0.520690918,0.368347168,-0.36328125,-0.73046875,0.33984375,-6.3046875,7.34375,-1.875,-0.005859375,-0.126953125,-0.09765625
688,6836820,7136820,0.747680664,-0.183349609,-0.52142334,0.368041992,-0.33984375,-0.4765625,0.40234375,-6.328125,7.3203125,-1.859375,-0.005859375,-0.126953125,-0.09765625
689,6850416,7150416,0.747131348,-0.183105469,-0.522521973,0.367736816,-0.33984375,-0.4765625,0.40234375,-6.328125,7.3203125,-1.859375,-0.076171875,-0.244140625,-0.12890625
690,6854504,7154504,0.746459961,-0.182922363,-0.523803711,0.367431641,-0.58203125,-0.46875,0.6015625,-6.3515625,7.3125,-1.828125,-0.076171875,-0.244140625,-0.12890625
691,6868595,7168595,0.745605469,-0.182800293,-0.52545166,0.366821289,-0.58203125,-0.46875,0.6015625,-6.3515625,7.3125,-1.828125,-0.02734375,-0.3671875,-0.17578125
692,6873396,7173396,0.744750977,-0.182861328,-0.52722168,0.365966797,-0.66796875,-0.484375,0.78125,-6.3828125,7.2890625,-1.78125,-0.02734375,-0.3671875,-0.17578125
693,6887545,7187545,0.743835449,-0.183044434,-0.52935791,0.364624023,-0.66796875,-0.484375,0.78125,-6.3828125,7.2890625,-1.78125,0.119140625,-0.5078125,-0.265625
694,6893534,7193534,0.742980957,-0.183349609,-0.531799316,0.362731934,-0.8515625,-0.80078125,0.7265625,-6.4296875,7.2578125,-1.7265625,0.119140625,-0.5078125,-0.265625
695,6908839,7208839,0.742004395,-0.183776855,-0.534484863,0.360534668,-0.8515625,-0.80078125,0.7265625,-6.4296875,7.2578125,-1.7265625,0.22265625,-0.63671875,-0.359375
696,6917512,7217512,0.741027832,-0.184082031,-0.537231445,0.358276367,-0.85546875,-0.90625,0.796875,-6.5,7.2109375,-1.6796875,0.22265625,-0.63671875,-0.359375
697,6928111,7228111,0.739807129,-0.184082031,-0.540466309,0.355895996,-0.85546875,-0.90625,0.796875,-6.5,7.2109375,-1.6796875,0.099609375,-0.689453125,-0.44140625
698,6934249,7234249,0.73840332,-0.183776855,-0.543945312,0.35369873,-0.80859375,-0.3828125,0.6953125,-6.5859375,7.1484375,-1.6171875,0.099609375,-0.689453125,-0.44140625
699,6947861,7247861,0.736755371,-0.183166504,-0.547668457,0.351623535,-0.80859375,-0.3828125,0.6953125,-6.5859375,7.1484375,-1.6171875,-0.0390625,-0.78125,-0.53515625
700,6954215,7254215,0.734985352,-0.182373047,-0.551635742,0.34967041,-0.71484375,-0.359375,0.70703125,-6.6796875,7.0859375,-1.515625,-0.0390625,-0.78125,-0.53515625
701,6968503,7268503,0.732910156,-0.18145752,-0.555908203,0.347717285,-0.71484375,-0.359375,0.70703125,-6.6796875,7.0859375,-1.515625,-0.142578125,-0.880859375,-0.576171875
702,6973991,7273991,0.730651855,-0.180480957,-0.56036377,0.345825195,-0.4921875,-0.2421875,0.8515625,-6.7890625,7.0078125,-1.390625,-0.142578125,-0.880859375,-0.576171875
703,6987849,7287849,0.728393555,-0.1796875,-0.56463623,0.343994141,-0.4921875,-0.2421875,0.8515625,-6.7890625,7.0078125,-1.390625,-0.12109375,-0.900390625,-0.544921875
704,7002797,7302797,0.726257324,-0.178833008,-0.568847656,0.342102051,-0.3515625,-0.0859375,0.7109375,-6.890625,6.9296875,-1.25,-0.12109375,-0.900390625,-0.544921875
705,7008799,7308799,0.724304199,-0.177856445,-0.572692871,0.340209961,-0.3515625,-0.0859375,0.7109375,-6.890625,6.9296875,-1.25,-0.134765625,-0.755859375,-0.560546875
706,7017323,7317323,0.722412109,-0.176635742,-0.576477051,0.338500977,-0.44140625,0.296875,0.15625,-6.9921875,6.8515625,-1.1171875,-0.134765625,-0.755859375,-0.560546875
707,7027486,7327486,0.720214844,-0.175231934,-0.580749512,0.336608887,-0.44140625,0.296875,0.15625,-6.9921875,6.8515625,-1.1171875,-0.19921875,-0.884765625,-0.62890625
708,7035114,7335114,0.717651367,-0.17401123,-0.585510254,0.334533691,-0.80078125,0.26171875,-0.2890625,-7.09375,6.7734375,-0.9765625,-0.19921875,-0.884765625,-0.62890625
709,7047829,7347829,0.71472168,-0.173217773,-0.590759277,0.331970215,-0.80078125,0.26171875,-0.2890625,-7.09375,6.7734375,-0.9765625,-0.052734375,-1.1953125,-0.662109375
710,7053807,7353807,0.711669922,-0.172790527,-0.596252441,0.328918457,-0.95703125,0.5078125,-0.01171875,-7.203125,6.6796875,-0.796875,-0.052734375,-1.1953125,-0.662109375
711,7069540,7369540,0.708557129,-0.172607422,-0.601867676,0.325500488,-0.95703125,0.5078125,-0.01171875,-7.203125,6.6796875,-0.796875,0.10546875,-1.27539062,-0.6875
712,7078488,7378488,0.705505371,-0.172729492,-0.607116699,0.322143555,-0.734375,0.79296875,0.5859375,-7.3125,6.5859375,-0.625,0.10546875,-1.27539062,-0.6875
713,7091389,7391389,0.701965332,-0.173034668,-0.612976074,0.318603516,-0.734375,0.79296875,0.5859375,-7.3125,6.5859375,-0.625,0.0546875,-1.32617188,-0.57421875
714,7095513,7395513,0.698547363,-0.173217773,-0.618286133,0.315795898,-0.32421875,0.7421875,0.2421875,-7.4140625,6.484375,-0.4375,0.0546875,-1.32617188,-0.57421875
715,7109067,7409067,0.694946289,-0.173278809,-0.623596191,0.313293457,-0.32421875,0.7421875,0.2421875,-7.4140625,6.484375,-0.4375,-0.0625,-1.21289062,-0.501953125
716,7112798,7412798,0.691833496,-0.173217773,-0.628234863,0.310852051,-0.0546875,0.3984375,-0.10546875,-7.4921875,6.40625,-0.2421875,-0.0625,-1.21289062,-0.501953125
717,7129208,7429208,0.688781738,-0.173461914,-0.632995605,0.308044434,-0.0546875,0.3984375,-0.10546875,-7.4921875,6.40625,-0.2421875,0.107421875,-1.13671875,-0.48046875
718,7132933,7432933,0.68572998,-0.174072266,-0.637451172,0.305114746,-0.140625,-0.0625,-1.34765625,-7.5625,6.328125,-0.0703125,0.107421875,-1.13671875,-0.48046875
719,7149128,7449128,0.682373047,-0.175109863,-0.64239502,0.301635742,-0.140625,-0.0625,-1.34765625,-7.5625,6.328125,-0.0703125,0.267578125,-1.22851562,-0.482421875
720,7157615,7457615,0.679504395,-0.176025391,-0.646789551,0.298217773,0,0.046875,-0.81640625,-7.625,6.2578125,0.0859375,0.267578125,-1.22851562,-0.482421875
721,7169109,7469109,0.676513672,-0.176879883,-0.651367188,0.294433594,0,0.046875,-0.81640625,-7.625,6.2578125,0.0859375,0.267578125,-1.1328125,-0.53125
722,7176408,7476408,0.673828125,-0.177612305,-0.655578613,0.290893555,-0.0234375,-0.44921875,-1.00390625,-7.6796875,6.1796875,0.234375,0.267578125,-1.1328125,-0.53125
723,7187229,7487229,0.671203613,-0.178710938,-0.659729004,0.28692627,-0.0234375,-0.44921875,-1.00390625,-7.6796875,6.1796875,0.234375,0.447265625,-1.08398438,-0.509765625
724,7193637,7493637,0.668823242,-0.180419922,-0.663635254,0.282348633,0.203125,-0.66796875,-1.2109375,-7.75,6.09375,0.3671875,0.447265625,-1.08398438,-0.509765625
725,7207784,7507784,0.666687012,-0.182800293,-0.667297363,0.27722168,0.203125,-0.66796875,-1.2109375,-7.75,6.09375,0.3671875,0.83203125,-1.11132812,-0.466796875
726,7214860,7514860,0.664489746,-0.185852051,-0.670898438,0.271728516,0.1328125,-0.72265625,-1.56640625,-7.796875,6.03125,0.453125,0.83203125,-1.11132812,-0.466796875
727,7228400,7528400,0.662109375,-0.189331055,-0.674499512,0.266113281,0.1328125,-0.72265625,-1.56640625,-7.796875,6.03125,0.453125,1.01953125,-1.2734375,-0.373046875
728,7236227,7536227,0.659362793,-0.193359375,-0.678405762,0.260131836,0.25,0.03125,-1.0703125,-7.8359375,5.96875,0.53125,1.01953125,-1.2734375,-0.373046875
729,7247040,7547040,0.656494141,-0.19708252,-0.682067871,0.254882812,0.25,0.03125,-1.0703125,-7.8359375,5.96875,0.53125,0.83984375,-1.27539062,-0.259765625
730,7253952,7553952,0.653442383,-0.200683594,-0.68560791,0.250366211,1,0.68359375,-0.57421875,-7.859375,5.9296875,0.609375,0.83984375,-1.27539062,-0.259765625
731,7267021,7567021,0.650634766,-0.204101562,-0.688659668,0.246398926,1,0.68359375,-0.57421875,-7.859375,5.9296875,0.609375,0.7578125,-1.140625,-0.103515625
732,7273421,7573421,0.647705078,-0.207946777,-0.691772461,0.242248535,0.546875,0.97265625,-0.33203125,-7.8671875,5.90625,0.7109375,0.7578125,-1.140625,-0.103515625
733,7288385,7588385,0.645202637,-0.211425781,-0.694396973,0.23840332,0.546875,0.97265625,-0.33203125,-7.8671875,5.90625,0.7109375,0.74609375,-0.935546875,-0.107421875
734,7296100,7596100,0.643127441,-0.214660645,-0.696594238,0.234802246,0.2421875,1.05859375,0.203125,-7.8671875,5.8984375,0.7890625,0.74609375,-0.935546875,-0.107421875
735,7308537,7608537,0.641113281,-0.217895508,-0.698608398,0.231384277,0.2421875,1.05859375,0.203125,-7.8671875,5.8984375,0.7890625,0.669921875,-0.79296875,-0.0390625
736,7317622,7617622,0.639099121,-0.22088623,-0.700439453,0.228393555,0.234375,0.484375,-0.234375,-7.859375,5.8984375,0.84375,0.669921875,-0.79296875,-0.0390625
737,7333891,7633891,0.637023926,-0.223693848,-0.702331543,0.225708008,0.234375,0.484375,-0.234375,-7.859375,5.8984375,0.84375,0.5390625,-0.79296875,-0.009765625
738,7338008,7638008,0.634765625,-0.226379395,-0.704284668,0.223205566,0.07421875,0.55078125,-0.32421875,-7.8515625,5.90625,0.8984375,0.5390625,-0.79296875,-0.009765625
739,7347537,7647537,0.632446289,-0.229003906,-0.706237793,0.221008301,0.07421875,0.55078125,-0.32421875,-7.8515625,5.90625,0.8984375,0.462890625,-0.791015625,0.07421875
740,7357606,7657606,0.630065918,-0.231811523,-0.708068848,0.21887207,0.33203125,0.078125,-0.234375,-7.84375,5.921875,0.9609375,0.462890625,-0.791015625,0.07421875
741,7366818,7666818,0.627685547,-0.234558105,-0.709960938,0.216674805,0.33203125,0.078125,-0.234375,-7.84375,5.921875,0.9609375,0.47265625,-0.78125,0.064453125
742,7375945,7675945,0.625549316,-0.237060547,-0.711669922,0.214660645,0.33984375,0.16796875,-0.15234375,-7.8125,5.9453125,1.03125,0.47265625,-0.78125,0.064453125
743,7388170,7688170,0.623535156,-0.239379883,-0.713256836,0.212585449,0.33984375,0.16796875,-0.15234375,-7.8125,5.9453125,1.03125,0.38671875,-0.61328125,0.013671875
744,7396618,7696618,0.621826172,-0.241271973,-0.714599609,0.210754395,0.39453125,0.11328125,-0.24609375,-7.7890625,5.9609375,1.0859375,0.38671875,-0.61328125,0.013671875
745,7411729,7711729,0.620361328,-0.242858887,-0.715820312,0.20916748,0.39453125,0.11328125,-0.24609375,-7.7890625,5.9609375,1.0859375,0.291015625,-0.484375,-0.01171875
746,7415881,7715881,0.619018555,-0.24432373,-0.716918945,0.207641602,0.4609375,-0.19921875,-0.484375,-7.78125,5.96875,1.1328125,0.291015625,-0.484375,-0.01171875
747,7428099,7728099,0.618041992,-0.245605469,-0.717712402,0.206298828,0.4609375,-0.19921875,-0.484375,-7.78125,5.96875,1.1328125,0.259765625,-0.296875,-0.009765625
748,7433131,7733131,0.61730957,-0.246643066,-0.718261719,0.20526123,0.37890625,0.0234375,-0.28515625,-7.7734375,5.9765625,1.1640625,0.259765625,-0.296875,-0.009765625
749,7450436,7750436,0.616760254,-0.247436523,-0.71875,0.204467773,0.37890625,0.0234375,-0.28515625,-7.7734375,5.9765625,1.1640625,0.14453125,-0.19140625,0.005859375
750,7455604,7755604,0.616271973,-0.24810791,-0.719116211,0.203918457,0.6015625,0.28125,-0.59765625,-7.765625,5.984375,1.171875,0.14453125,-0.19140625,0.005859375
751,7470015,7770015,0.615722656,-0.248779297,-0.719482422,0.203308105,0.6015625,0.28125,-0.59765625,-7.765625,5.984375,1.171875,0.125,-0.16796875,0.009765625
752,7478347,7778347,0.615234375,-0.249328613,-0.719909668,0.202697754,0.4453125,0.4375,-0.80078125,-7.765625,5.984375,1.1796875,0.125,-0.16796875,0.009765625
753,7489604,7789604,0.614807129,-0.24987793,-0.720214844,0.202087402,0.4453125,0.4375,-0.80078125,-7.765625,5.984375,1.1796875,0.1171875,-0.126953125,-0.009765625
754,7493356,7793356,0.614624023,-0.250305176,-0.720336914,0.201599121,1.05078125,0.28125,-0.68359375,-7.7578125,5.984375,1.1796875,0.1171875,-0.126953125,-0.009765625
755,7508489,7808489,0.614624023,-0.250549316,-0.720336914,0.201293945,1.05078125,0.28125,-0.68359375,-7.7578125,5.984375,1.1796875,0.068359375,-0.009765625,-0.005859375
756,7513537,7813537,0.614746094,-0.250793457,-0.720275879,0.20111084,0.66796875,0.24609375,-0.9140625,-7.7578125,5.984375,1.1796875,0.068359375,-0.009765625,-0.005859375
757,7527332,7827332,0.614929199,-0.250976562,-0.720092773,0.201049805,0.66796875,0.24609375,-0.9140625,-7.7578125,5.984375,1.1796875,0.03125,0.060546875,0.015625
758,7536006,7836006,0.615112305,-0.251037598,-0.719848633,0.20111084,0.1328125,0.58984375,-0.8671875,-7.7578125,5.984375,1.171875,0.03125,0.060546875,0.015625
759,7548604,7848604,0.615539551,-0.250976562,-0.719482422,0.201293945,0.1328125,0.58984375,-0.8671875,-7.7578125,5.984375,1.171875,-0.03125,0.146484375,0.013671875
760,7557619,7857619,0.616088867,-0.250671387,-0.718994141,0.201660156,0.59375,0.6640625,-0.27734375,-7.7578125,5.984375,1.15625,-0.03125,0.146484375,0.013671875
761,7568957,7868957,0.616882324,-0.25012207,-0.718383789,0.202148438,0.59375,0.6640625,-0.27734375,-7.7578125,5.984375,1.15625,-0.087890625,0.24609375,-0.0078125
762,7572694,7872694,0.617675781,-0.249389648,-0.717712402,0.202758789,0.4453125,0.6953125,-0.58984375,-7.765625,5.9921875,1.125,-0.087890625,0.24609375,-0.0078125
763,7589582,7889582,0.618652344,-0.248413086,-0.71697998,0.203735352,0.4453125,0.6953125,-0.58984375,-7.765625,5.9921875,1.125,-0.212890625,0.333984375,0
764,7593346,7893346,0.619628906,-0.247253418,-0.716186523,0.20489502,0.5703125,0.62890625,-0.4140625,-7.7734375,5.984375,1.1015625,-0.212890625,0.333984375,0
765,7607740,7907740,0.620727539,-0.245910645,-0.715332031,0.206237793,0.5703125,0.62890625,-0.4140625,-7.7734375,5.984375,1.1015625,-0.2734375,0.390625,0.013671875
766,7615956,7915956,0.621826172,-0.244506836,-0.714416504,0.207580566,0.5234375,0.3984375,-0.421875,-7.765625,5.984375,1.0703125,-0.2734375,0.390625,0.013671875
767,7628961,7928961,0.62310791,-0.242919922,-0.713500977,0.209106445,0.5234375,0.3984375,-0.421875,-7.765625,5.984375,1.0703125,-0.328125,0.44140625,-0.015625
768,7637624,7937624,0.624389648,-0.241210938,-0.712524414,0.210571289,0.41796875,0.08984375,-0.3515625,-7.7734375,5.984375,1.0390625,-0.328125,0.44140625,-0.015625
769,7652792,7952792,0.625854492,-0.239257812,-0.711364746,0.212158203,0.41796875,0.08984375,-0.3515625,-7.7734375,5.984375,1.0390625,-0.35546875,0.513671875,-0.046875
770,7656784,7956784,0.627441406,-0.237243652,-0.710144043,0.213806152,0.546875,0.03125,-0.3515625,-7.7890625,5.96875,1,-0.35546875,0.513671875,-0.046875
771,7669424,7969424,0.629272461,-0.234985352,-0.708679199,0.215698242,0.546875,0.03125,-0.3515625,-7.7890625,5.96875,1,-0.419921875,0.6640625,-0.017578125
772,7673048,7973048,0.631225586,-0.232788086,-0.70703125,0.217834473,0.6015625,0.0390625,-0.3046875,-7.8046875,5.9609375,0.953125,-0.419921875,0.6640625,-0.017578125
773,7689825,7989825,0.633544922,-0.230224609,-0.704956055,0.220581055,0.6015625,0.0390625,-0.3046875,-7.8046875,5.9609375,0.953125,-0.5234375,0.85546875,0.080078125
774,7693445,7993445,0.635986328,-0.227661133,-0.702575684,0.223815918,0.6875,0.0390625,-0.31640625,-7.8125,5.9609375,0.890625,-0.5234375,0.85546875,0.080078125
775,7708722,8008722,0.638793945,-0.22467041,-0.699645996,0.227905273,0.6875,0.0390625,-0.31640625,-7.8125,5.9609375,0.890625,-0.72265625,1.1328125,0.234375
776,7717808,8017808,0.641784668,-0.221374512,-0.696350098,0.232788086,0.71484375,0.52734375,-0.34765625,-7.8046875,5.96875,0.8046875,-0.72265625,1.1328125,0.234375
777,7731677,8031677,0.644775391,-0.218139648,-0.692871094,0.237854004,0.71484375,0.52734375,-0.34765625,-7.8046875,5.96875,0.8046875,-0.83984375,1.29101562,0.359375
778,7735686,8035686,0.647888184,-0.215026855,-0.689086914,0.243286133,0.77734375,0.48828125,-0.63671875,-7.7890625,6.0078125,0.7109375,-0.83984375,1.29101562,0.359375
779,7748855,8048855,0.650939941,-0.212463379,-0.685058594,0.248718262,0.77734375,0.48828125,-0.63671875,-7.7890625,6.0078125,0.7109375,-0.6953125,1.26953125,0.5
780,7757476,8057476,0.653747559,-0.210449219,-0.681152344,0.253662109,0.5859375,0.578125,-0.640625,-7.75,6.0703125,0.6015625,-0.6953125,1.26953125,0.5
781,7769422,8069422,0.656616211,-0.208740234,-0.676940918,0.258789062,0.5859375,0.578125,-0.640625,-7.75,6.0703125,0.6015625,-0.53515625,1.20507812,0.572265625
782,7773033,8073033,0.659301758,-0.207275391,-0.672912598,0.263793945,0.33203125,0.9609375,-0.41015625,-7.6875,6.1484375,0.484375,-0.53515625,1.20507812,0.572265625
783,7788326,8088326,0.66192627,-0.205444336,-0.668518066,0.269592285,0.33203125,0.9609375,-0.41015625,-7.6875,6.1484375,0.484375,-0.75,1.25585938,0.654296875
784,7796856,8096856,0.664489746,-0.203125,-0.66418457,0.275878906,0.3046875,1.52734375,-0.30078125,-7.625,6.234375,0.375,-0.75,1.25585938,0.654296875
785,7808626,8108626,0.666992188,-0.200622559,-0.659606934,0.282531738,0.3046875,1.52734375,-0.30078125,-7.625,6.234375,0.375,-0.9140625,1.39648438,0.724609375
786,7815540,8115540,0.669494629,-0.198425293,-0.654846191,0.28918457,0.45703125,0.734375,-0.8515625,-7.546875,6.3359375,0.2734375,-0.9140625,1.39648438,0.724609375
787,7828709,8128709,0.672058105,-0.196899414,-0.649536133,0.296020508,0.45703125,0.734375,-0.8515625,-7.546875,6.3359375,0.2734375,-0.662109375,1.33789062,0.916015625
788,7837482,8137482,0.674438477,-0.196228027,-0.644287109,0.302490234,0.5859375,0.265625,-1.24609375,-7.4453125,6.4609375,0.171875,-0.662109375,1.33789062,0.916015625
789,7848653,8148653,0.676269531,-0.195983887,-0.639709473,0.308227539,0.5859375,0.265625,-1.24609375,-7.4453125,6.4609375,0.171875,-0.544921875,1.08007812,0.927734375
790,7855608,8155608,0.678100586,-0.195800781,-0.63494873,0.314147949,0.953125,1.08203125,-0.79296875,-7.3125,6.6015625,0.0625,-0.544921875,1.08007812,0.927734375
791,7868212,8168212,0.680053711,-0.195983887,-0.630126953,0.319335938,0.953125,1.08203125,-0.79296875,-7.3125,6.6015625,0.0625,-0.2734375,1.13867188,0.927734375
792,7876622,8176622,0.682373047,-0.196777344,-0.62487793,0.324279785,0.48046875,-0.20703125,-0.0390625,-7.1875,6.7421875,-0.0390625,-0.2734375,1.13867188,0.927734375
793,7887939,8187939,0.684570312,-0.198120117,-0.619689941,0.328796387,0.48046875,-0.20703125,-0.0390625,-7.1875,6.7421875,-0.0390625,-0.05859375,1.11328125,1.10546875
794,7893927,8193927,0.686889648,-0.200317383,-0.613708496,0.333740234,-0.1875,-0.65234375,-0.47265625,-7.0546875,6.8828125,-0.1796875,-0.05859375,1.11328125,1.10546875
795,7911375,8211375,0.688964844,-0.202819824,-0.607971191,0.338562012,-0.1875,-0.65234375,-0.47265625,-7.0546875,6.8828125,-0.1796875,-0.00390625,1.0390625,1.25976562
796,7917945,8217945,0.690490723,-0.204956055,-0.602539062,0.343688965,0.125,0.70703125,-0.81640625,-6.8671875,7.0546875,-0.3359375,-0.00390625,1.0390625,1.25976562
797,7930939,8230939,0.69152832,-0.205871582,-0.59753418,0.34979248,0.125,0.70703125,-0.81640625,-6.8671875,7.0546875,-0.3359375,-0.6875,1.01171875,1.12109375
798,7934950,8234950,0.691833496,-0.20513916,-0.593078613,0.357177734,-0.01953125,2.2265625,-0.875,-6.6875,7.21875,-0.4296875,-0.6875,1.01171875,1.12109375
799,7948142,8248142,0.691650391,-0.203125,-0.588806152,0.365539551,-0.01953125,2.2265625,-0.875,-6.6875,7.21875,-0.4296875,-1.3125,1.05078125,0.955078125
800,7956811,8256811,0.691894531,-0.200439453,-0.584472656,0.373535156,0.23828125,1.0078125,-0.66015625,-6.5234375,7.3671875,-0.4140625,-1.3125,1.05078125,0.955078125
801,7968280,8268280,0.69317627,-0.198181152,-0.57989502,0.379394531,0.23828125,1.0078125,-0.66015625,-6.5234375,7.3671875,-0.4140625,-0.474609375,1.19726562,0.568359375
802,7976384,8276384,0.695617676,-0.197631836,-0.575317383,0.382080078,-2.18359375,-2.40625,-0.0390625,-6.3984375,7.484375,-0.421875,-0.474609375,1.19726562,0.568359375
803,7988387,8288387,0.698974609,-0.198913574,-0.570556641,0.382507324,-2.18359375,-2.40625,-0.0390625,-6.3984375,7.484375,-0.421875,0.708984375,0.83203125,0.419921875
804,7996494,8296494,0.702026367,-0.201049805,-0.56640625,0.382080078,-1.83984375,-2.3046875,0.5390625,-6.3203125,7.5390625,-0.578125,0.708984375,0.83203125,0.419921875
805,8007928,8307928,0.704467773,-0.203125,-0.562744141,0.381896973,-1.83984375,-2.3046875,0.5390625,-6.3203125,7.5390625,-0.578125,0.484375,0.58203125,0.453125
806,8013689,8313689,0.706298828,-0.204284668,-0.559326172,0.382873535,-1.46875,-0.21484375,0.6875,-6.234375,7.59375,-0.765625,0.484375,0.58203125,0.453125
807,8028020,8328020,0.707519531,-0.203796387,-0.555908203,0.385742188,-1.46875,-0.21484375,0.6875,-6.234375,7.59375,-0.765625,-0.52734375,0.869140625,0.482421875
808,8036809,8336809,0.707946777,-0.201599121,-0.552368164,0.391296387,0.2109375,0.50390625,-0.015625,-6.1484375,7.640625,-0.8671875,-0.52734375,0.869140625,0.482421875
809,8049660,8349660,0.707397461,-0.197998047,-0.54864502,0.399230957,0.2109375,0.50390625,-0.015625,-6.1484375,7.640625,-0.8671875,-1.65625,1.11523438,0.728515625
810,8053263,8353263,0.706237793,-0.193786621,-0.545043945,0.408203125,0.8671875,1.28125,-0.453125,-6.0390625,7.7421875,-0.8125,-1.65625,1.11523438,0.728515625
811,8066353,8366353,0.704711914,-0.188781738,-0.54095459,0.418457031,0.8671875,1.28125,-0.453125,-6.0390625,7.7421875,-0.8125,-1.85742188,1.15429688,0.75390625
812,8078269,8378269,0.703796387,-0.184570312,-0.53704834,0.426879883,0.265625,1.01171875,-0.25,-5.8984375,7.859375,-0.671875,-1.85742188,1.15429688,0.75390625
813,8087491,8387491,0.704284668,-0.181091309,-0.532409668,0.433288574,0.265625,1.01171875,-0.25,-5.8984375,7.859375,-0.671875,-0.615234375,1.22460938,0.43359375
814,8095044,8395044,0.70703125,-0.179077148,-0.52734375,0.435913086,-1.453125,-2.0625,0.1796875,-5.7890625,7.9453125,-0.6015625,-0.615234375,1.22460938,0.43359375
815,8108195,8408195,0.712097168,-0.178344727,-0.52142334,0.435058594,-1.453125,-2.0625,0.1796875,-5.7890625,7.9453125,-0.6015625,1.09179688,1.4453125,0.052734375
816,8116844,8416844,0.718383789,-0.178527832,-0.515319824,0.43182373,-2.28125,-3.73828125,-0.31640625,-5.7265625,7.9765625,-0.796875,1.09179688,1.4453125,0.052734375
817,8131147,8431147,0.724731445,-0.178894043,-0.50958252,0.427856445,-2.28125,-3.73828125,-0.31640625,-5.7265625,7.9765625,-0.796875,1.2421875,1.140625,-0.11328125
818,8135343,8435343,0.729187012,-0.179077148,-0.50567627,0.424865723,-1.80078125,-2.12890625,-1.640625,-5.7109375,7.9375,-1.15625,1.2421875,1.140625,-0.11328125
819,8147511,8447511,0.732055664,-0.179016113,-0.503295898,0.422790527,-1.80078125,-2.12890625,-1.640625,-5.7109375,7.9375,-1.15625,0.427734375,0.31640625,-0.130859375
820,8156221,8456221,0.733154297,-0.179016113,-0.502868652,0.421386719,-1.1015625,-0.671875,-2.12109375,-5.71875,7.8984375,-1.3671875,0.427734375,0.31640625,-0.130859375
821,8166629,8466629,0.733215332,-0.179016113,-0.503601074,0.420410156,-1.1015625,-0.671875,-2.12109375,-5.71875,7.8984375,-1.3671875,-0.009765625,-0.21484375,-0.17578125
822,8174388,8474388,0.732666016,-0.178710938,-0.504943848,0.41986084,-1.23046875,-0.6875,2.015625,-5.7421875,7.875,-1.40625,-0.009765625,-0.21484375,-0.17578125
823,8188315,8488315,0.732299805,-0.178039551,-0.506408691,0.419006348,-1.23046875,-0.6875,2.015625,-5.7421875,7.875,-1.40625,-0.00390625,-0.18359375,-0.365234375
824,8197361,8497361,0.732727051,-0.176940918,-0.507446289,0.417541504,-1.875,-1.546875,3.6640625,-5.7890625,7.8515625,-1.3671875,-0.00390625,-0.18359375,-0.365234375
825,8211144,8511144,0.734191895,-0.17565918,-0.5078125,0.414978027,-1.875,-1.546875,3.6640625,-5.7890625,7.8515625,-1.3671875,0.46484375,0.173828125,-0.560546875
826,8215310,8515310,0.73614502,-0.174682617,-0.507873535,0.41192627,-2.0625,-2.78515625,2.32421875,-5.8671875,7.7890625,-1.40625,0.46484375,0.173828125,-0.560546875
827,8227406,8527406,0.73840332,-0.174133301,-0.508056641,0.407836914,-2.0625,-2.78515625,2.32421875,-5.8671875,7.7890625,-1.40625,0.744140625,0.009765625,-0.544921875
828,8237653,8537653,0.739990234,-0.174377441,-0.508850098,0.403869629,-1.59375,-2.1953125,0.48046875,-5.953125,7.6953125,-1.515625,0.744140625,0.009765625,-0.544921875
829,8246923,8546923,0.741088867,-0.175109863,-0.510437012,0.399475098,-1.59375,-2.1953125,0.48046875,-5.953125,7.6953125,-1.515625,0.66015625,-0.42578125,-0.4609375
830,8254216,8554216,0.741516113,-0.175964355,-0.512451172,0.395690918,-0.8203125,-0.5390625,0.6015625,-6.0390625,7.609375,-1.6015625,0.66015625,-0.42578125,-0.4609375
831,8268138,8568138,0.741699219,-0.176696777,-0.514526367,0.392333984,-0.8203125,-0.5390625,0.6015625,-6.0390625,7.609375,-1.6015625,0.4765625,-0.45703125,-0.388671875
832,8277011,8577011,0.741760254,-0.177307129,-0.516418457,0.389404297,-0.3203125,0.52734375,1.1640625,-6.1171875,7.5390625,-1.625,0.4765625,-0.45703125,-0.388671875
833,8291101,8591101,0.741760254,-0.177612305,-0.518249512,0.386901855,-0.3203125,0.52734375,1.1640625,-6.1171875,7.5390625,-1.625,0.2890625,-0.36328125,-0.34765625
834,8295297,8595297,0.741699219,-0.17767334,-0.519775391,0.384887695,-0.05078125,1.546875,0.98046875,-6.1953125,7.4765625,-1.6328125,0.2890625,-0.36328125,-0.34765625
835,8307399,8607399,0.741577148,-0.177490234,-0.521240234,0.383239746,-0.05078125,1.546875,0.98046875,-6.1953125,7.4765625,-1.6328125,0.109375,-0.228515625,-0.265625
836,8316636,8616636,0.741455078,-0.177185059,-0.522338867,0.382202148,0.1171875,1.40234375,0.6640625,-6.25,7.4296875,-1.625,0.109375,-0.228515625,-0.265625
837,8330091,8630091,0.741271973,-0.176818848,-0.52331543,0.381347656,0.1171875,1.40234375,0.6640625,-6.25,7.4296875,-1.625,0.015625,-0.154296875,-0.185546875
838,8335722,8635722,0.741027832,-0.176574707,-0.524169922,0.380737305,-0.02734375,0.8671875,0,-6.296875,7.390625,-1.609375,0.015625,-0.154296875,-0.185546875
839,8349314,8649314,0.740661621,-0.176574707,-0.525268555,0.380004883,-0.02734375,0.8671875,0,-6.296875,7.390625,-1.609375,0.08203125,-0.240234375,-0.140625
840,8360658,8660658,0.740356445,-0.176879883,-0.526306152,0.37890625,-0.4140625,0.30859375,-0.0546875,-6.328125,7.375,-1.59375,0.08203125,-0.240234375,-0.140625
841,8371272,8671272,0.740112305,-0.177612305,-0.527709961,0.37713623,-0.4140625,0.30859375,-0.0546875,-6.328125,7.375,-1.59375,0.3203125,-0.376953125,-0.18359375
842,8375414,8675414,0.739868164,-0.178649902,-0.52923584,0.374938965,-0.8828125,-0.35546875,0.16015625,-6.359375,7.3515625,-1.578125,0.3203125,-0.376953125,-0.18359375
843,8388008,8688008,0.739501953,-0.179931641,-0.531311035,0.372192383,-0.8828125,-0.35546875,0.16015625,-6.359375,7.3515625,-1.578125,0.447265625,-0.5703125,-0.25
844,8396633,8696633,0.738891602,-0.181335449,-0.533691406,0.369262695,-1.1796875,-0.6484375,0.3515625,-6.40625,7.296875,-1.578125,0.447265625,-0.5703125,-0.25
845,8407518,8707518,0.737915039,-0.182678223,-0.536376953,0.366516113,-1.1796875,-0.6484375,0.3515625,-6.40625,7.296875,-1.578125,0.345703125,-0.75390625,-0.267578125
846,8415495,8715495,0.736633301,-0.183898926,-0.539489746,0.363952637,-1.15625,-0.4140625,0.59375,-6.46875,7.2578125,-1.5546875,0.345703125,-0.75390625,-0.267578125
847,8429444,8729444,0.734985352,-0.184936523,-0.542907715,0.361694336,-1.15625,-0.4140625,0.59375,-6.46875,7.2578125,-1.5546875,0.140625,-0.859375,-0.294921875
848,8439985,8739985,0.733215332,-0.185546875,-0.546386719,0.359863281,-0.55078125,-0.1015625,0.8984375,-6.5390625,7.2109375,-1.4765625,0.140625,-0.859375,-0.294921875
849,8450234,8750234,0.731079102,-0.18572998,-0.550170898,0.358215332,-0.55078125,-0.1015625,0.8984375,-6.5390625,7.2109375,-1.4765625,-0.091796875,-0.8515625,-0.37109375
850,8453976,8753976,0.728820801,-0.185424805,-0.554199219,0.356872559,-0.5546875,0.13671875,1.12890625,-6.609375,7.1640625,-1.359375,-0.091796875,-0.8515625,-0.37109375
851,8467489,8767489,0.726379395,-0.184692383,-0.558288574,0.355712891,-0.5546875,0.13671875,1.12890625,-6.609375,7.1640625,-1.359375,-0.28125,-0.853515625,-0.455078125
852,8476221,8776221,0.723815918,-0.183654785,-0.562561035,0.354736328,-1.0078125,0.34375,0.87109375,-6.6953125,7.109375,-1.21875,-0.28125,-0.853515625,-0.455078125
853,8486267,8786267,0.720947266,-0.182495117,-0.567321777,0.353759766,-1.0078125,0.34375,0.87109375,-6.6953125,7.109375,-1.21875,-0.37109375,-0.951171875,-0.5078125
854,8494491,8794491,0.718078613,-0.181274414,-0.571899414,0.352722168,-1.02734375,0.515625,0.69921875,-6.7890625,7.0546875,-1.046875,-0.37109375,-0.951171875,-0.5078125
855,8509369,8809369,0.715087891,-0.179748535,-0.576843262,0.3515625,-1.02734375,0.515625,0.69921875,-6.7890625,7.0546875,-1.046875,-0.390625,-0.978515625,-0.609375
856,8519613,8819613,0.712158203,-0.178039551,-0.581726074,0.350341797,-0.96484375,0.5859375,1.0859375,-6.890625,6.984375,-0.859375,-0.390625,-0.978515625,-0.609375
857,8529546,8829546,0.709289551,-0.176269531,-0.586425781,0.349182129,-0.96484375,0.5859375,1.0859375,-6.890625,6.984375,-0.859375,-0.41796875,-0.900390625,-0.611328125
858,8533281,8833281,0.706726074,-0.174621582,-0.590820312,0.347839355,-0.2890625,0.44140625,1.12109375,-6.9921875,6.8984375,-0.6640625,-0.41796875,-0.900390625,-0.611328125
859,8549117,8849117,0.704406738,-0.173034668,-0.594848633,0.346374512,-0.2890625,0.44140625,1.12109375,-6.9921875,6.8984375,-0.6640625,-0.279296875,-0.72265625,-0.591796875
860,8555613,8855613,0.702270508,-0.171203613,-0.598632812,0.345153809,-0.33984375,0.17578125,-0.11328125,-7.09375,6.8203125,-0.5,-0.279296875,-0.72265625,-0.591796875
861,8568839,8868839,0.699707031,-0.169128418,-0.602783203,0.344177246,-0.33984375,0.17578125,-0.11328125,-7.09375,6.8203125,-0.5,-0.4375,-0.8125,-0.587890625
862,8573883,8873883,0.696716309,-0.167297363,-0.607421875,0.343017578,-0.8671875,-0.390625,-0.73046875,-7.1796875,6.734375,-0.34375,-0.4375,-0.8125,-0.587890625
863,8588738,8888738,0.69354248,-0.165893555,-0.612304688,0.341369629,-0.8671875,-0.390625,-0.73046875,-7.1796875,6.734375,-0.34375,-0.212890625,-1.06445312,-0.626953125
864,8600669,8900669,0.690490723,-0.165344238,-0.617248535,0.338928223,-0.89453125,-1.4140625,-0.61328125,-7.265625,6.6484375,-0.15625,-0.212890625,-1.06445312,-0.626953125
865,8611406,8911406,0.6875,-0.165588379,-0.622253418,0.33581543,-0.89453125,-1.4140625,-0.61328125,-7.265625,6.6484375,-0.15625,0.216796875,-1.24023438,-0.580078125
866,8615552,8915552,0.684692383,-0.166748047,-0.627075195,0.331970215,-0.265625,-1.25390625,-0.5625,-7.359375,6.5625,0.0234375,0.216796875,-1.24023438,-0.580078125
867,8628715,8928715,0.681945801,-0.168640137,-0.631896973,0.327453613,-0.265625,-1.25390625,-0.5625,-7.359375,6.5625,0.0234375,0.564453125,-1.22851562,-0.49609375
868,8634221,8934221,0.679443359,-0.170959473,-0.636352539,0.322753906,0.109375,-0.8984375,-0.45703125,-7.4296875,6.4765625,0.1484375,0.564453125,-1.22851562,-0.49609375
869,8647989,8947989,0.676940918,-0.173583984,-0.640686035,0.318054199,0.109375,-0.8984375,-0.45703125,-7.4296875,6.4765625,0.1484375,0.70703125,-1.28710938,-0.419921875
870,8655701,8955701,0.674133301,-0.176635742,-0.645263672,0.313049316,0.05078125,-0.4453125,-0.98046875,-7.484375,6.40625,0.25,0.70703125,-1.28710938,-0.419921875
871,8668810,8968810,0.671020508,-0.179992676,-0.649963379,0.307983398,0.05078125,-0.4453125,-0.98046875,-7.484375,6.40625,0.25,0.767578125,-1.45117188,-0.365234375
872,8679988,8979988,0.66784668,-0.183410645,-0.654541016,0.303100586,0.44140625,0.25390625,-0.63671875,-7.53125,6.359375,0.3671875,0.767578125,-1.45117188,-0.365234375
873,8689336,8989336,0.664306641,-0.187133789,-0.659484863,0.297912598,0.44140625,0.25390625,-0.63671875,-7.53125,6.359375,0.3671875,0.78515625,-1.52734375,-0.341796875
874,8695105,8995105,0.660766602,-0.190795898,-0.664306641,0.292785645,0.8203125,0.421875,-0.5390625,-7.5625,6.3046875,0.5,0.78515625,-1.52734375,-0.341796875
875,8708262,9008262,0.656982422,-0.194702148,-0.669128418,0.287536621,0.8203125,0.421875,-0.5390625,-7.5625,6.3046875,0.5,0.791015625,-1.50390625,-0.294921875
876,8714245,9014245,0.653442383,-0.198547363,-0.67364502,0.282470703,0.65234375,0.34765625,-0.48046875,-7.5859375,6.265625,0.6328125,0.791015625,-1.50390625,-0.294921875
877,8730659,9030659,0.649963379,-0.202331543,-0.677978516,0.27746582,0.65234375,0.34765625,-0.48046875,-7.5859375,6.265625,0.6328125,0.787109375,-1.40429688,-0.2890625
878,8734713,9034713,0.646850586,-0.205627441,-0.68182373,0.272766113,0.3671875,0.5390625,-0.4140625,-7.609375,6.2265625,0.7578125,0.787109375,-1.40429688,-0.2890625
879,8749542,9049542,0.643676758,-0.20880127,-0.685791016,0.267883301,0.3671875,0.5390625,-0.4140625,-7.609375,6.2265625,0.7578125,0.67578125,-1.23242188,-0.32421875
880,8759958,9059958,0.640625,-0.211608887,-0.689453125,0.263549805,0.0390625,0.15625,-0.87109375,-7.625,6.1875,0.8671875,0.67578125,-1.23242188,-0.32421875
881,8769307,9069307,0.637329102,-0.214294434,-0.693237305,0.259521484,0.0390625,0.15625,-0.87109375,-7.625,6.1875,0.8671875,0.53125,-1.28320312,-0.2578125
882,8773045,9073045,0.633789062,-0.21697998,-0.697143555,0.255493164,-0.03125,0.2265625,-0.87109375,-7.6328125,6.15625,0.984375,0.53125,-1.28320312,-0.2578125
883,8788768,9088768,0.630187988,-0.219909668,-0.70098877,0.251159668,-0.03125,0.2265625,-0.87109375,-7.6328125,6.15625,0.984375,0.63671875,-1.27539062,-0.2578125
884,8797857,9097857,0.62701416,-0.222961426,-0.704406738,0.246887207,0.28515625,0.171875,-0.8828125,-7.640625,6.1328125,1.109375,0.63671875,-1.27539062,-0.2578125
885,8808793,9108793,0.623840332,-0.226379395,-0.707702637,0.242248535,0.28515625,0.171875,-0.8828125,-7.640625,6.1328125,1.109375,0.78515625,-1.2109375,-0.21875
886,8815564,9115564,0.620788574,-0.229980469,-0.71081543,0.237731934,0.515625,0.08984375,-1.10546875,-7.640625,6.1015625,1.21875,0.78515625,-1.2109375,-0.21875
887,8829113,9129113,0.617736816,-0.233764648,-0.713745117,0.233093262,0.515625,0.08984375,-1.10546875,-7.640625,6.1015625,1.21875,0.849609375,-1.12695312,-0.185546875
888,8839630,9139630,0.614929199,-0.237548828,-0.716430664,0.22833252,0.4765625,0.5546875,-0.9921875,-7.640625,6.09375,1.296875,0.849609375,-1.12695312,-0.185546875
889,8849319,9149319,0.612487793,-0.240661621,-0.718688965,0.22454834,0.4765625,0.5546875,-0.9921875,-7.640625,6.09375,1.296875,0.693359375,-0.9765625,-0.14453125
890,8853058,9153058,0.609924316,-0.243652344,-0.720947266,0.221008301,0.7734375,0.7578125,-0.59375,-7.6328125,6.0859375,1.359375,0.693359375,-0.9765625,-0.14453125
891,8869216,9169216,0.60736084,-0.246398926,-0.723144531,0.217834473,0.7734375,0.7578125,-0.59375,-7.6328125,6.0859375,1.359375,0.509765625,-0.845703125,-0.0703125
892,8875613,9175613,0.604980469,-0.248779297,-0.725158691,0.215209961,0.94921875,0.9765625,-0.8203125,-7.6171875,6.09375,1.4296875,0.509765625,-0.845703125,-0.0703125
893,8889862,9189862,0.602600098,-0.251098633,-0.726989746,0.21282959,0.94921875,0.9765625,-0.8203125,-7.6171875,6.09375,1.4296875,0.390625,-0.70703125,-0.017578125
894,8893598,9193598,0.600585938,-0.252990723,-0.728515625,0.210998535,1.05078125,0.94140625,-0.57421875,-7.6015625,6.09375,1.4921875,0.390625,-0.70703125,-0.017578125
895,8908453,9208453,0.598632812,-0.254760742,-0.729980469,0.209472656,1.05078125,0.94140625,-0.57421875,-7.6015625,6.09375,1.4921875,0.248046875,-0.54296875,0.044921875
896,8920688,9220688,0.596984863,-0.256225586,-0.731140137,0.208374023,0.87109375,0.9609375,-0.74609375,-7.578125,6.109375,1.546875,0.248046875,-0.54296875,0.044921875
897,8930906,9230906,0.59564209,-0.257080078,-0.732055664,0.207763672,0.87109375,0.9609375,-0.74609375,-7.578125,6.109375,1.546875,0.064453125,-0.3359375,0.048828125
898,8935090,9235090,0.594604492,-0.257568359,-0.732849121,0.207519531,0.51171875,0.984375,-0.8203125,-7.5625,6.125,1.5859375,0.064453125,-0.3359375,0.048828125
899,8948630,9248630,0.59375,-0.25769043,-0.733459473,0.207702637,0.51171875,0.984375,-0.8203125,-7.5625,6.125,1.5859375,-0.099609375,-0.1328125,0.0546875
900,8954215,9254215,0.593017578,-0.257507324,-0.733947754,0.208129883,0.2265625,0.90234375,-1.015625,-7.546875,6.1328125,1.625,-0.099609375,-0.1328125,0.0546875
901,8969766,9269766,0.592529297,-0.257263184,-0.73425293,0.20880127,0.2265625,0.90234375,-1.015625,-7.546875,6.1328125,1.625,-0.158203125,0,0.11328125
902,8973505,9273505,0.592407227,-0.256896973,-0.734191895,0.209838867,1.828125,0.08984375,-0.96875,-7.5390625,6.140625,1.65625,-0.158203125,0,0.11328125
903,8987840,9287840,0.592712402,-0.256225586,-0.733703613,0.211303711,1.828125,0.08984375,-0.96875,-7.5390625,6.140625,1.65625,-0.236328125,0.265625,0.154296875
904,9003222,9303222,0.593444824,-0.255432129,-0.732910156,0.213195801,0.89453125,0.45703125,-0.9765625,-7.5234375,6.15625,1.6640625,-0.236328125,0.265625,0.154296875
905,9008608,9308608,0.594604492,-0.254333496,-0.731628418,0.215576172,0.89453125,0.45703125,-0.9765625,-7.5234375,6.15625,1.6640625,-0.353515625,0.537109375,0.251953125
906,9016814,9316814,0.595947266,-0.253112793,-0.730163574,0.218383789,0.87890625,0.546875,-0.9453125,-7.5078125,6.1796875,1.6328125,-0.353515625,0.537109375,0.251953125
907,9029424,9329424,0.597412109,-0.251708984,-0.728393555,0.221679688,0.87890625,0.546875,-0.9453125,-7.5078125,6.1796875,1.6328125,-0.46484375,0.6875,0.314453125
908,9036610,9336610,0.598937988,-0.250183105,-0.726623535,0.225097656,0.89453125,0.515625,-0.75390625,-7.484375,6.2109375,1.59375,-0.46484375,0.6875,0.314453125
909,9048249,9348249,0.600769043,-0.248291016,-0.72454834,0.229125977,0.89453125,0.515625,-0.75390625,-7.484375,6.2109375,1.59375,-0.572265625,0.822265625,0.3671875
910,9055561,9355561,0.602783203,-0.246154785,-0.722167969,0.233459473,0.87109375,0.515625,-0.62890625,-7.4609375,6.25,1.546875,-0.572265625,0.822265625,0.3671875
911,9069886,9369886,0.605041504,-0.243774414,-0.719543457,0.238037109,0.87109375,0.515625,-0.62890625,-7.4609375,6.25,1.546875,-0.703125,1.05664062,0.40625
912,9079633,9379633,0.607543945,-0.241271973,-0.71673584,0.242919922,0.81640625,0.5546875,-0.71875,-7.4453125,6.2890625,1.484375,-0.703125,1.05664062,0.40625
913,9089541,9389541,0.610229492,-0.238464355,-0.713562012,0.248168945,0.81640625,0.5546875,-0.71875,-7.4453125,6.2890625,1.484375,-0.787109375,1.19335938,0.4609375
914,9093279,9393279,0.613037109,-0.235534668,-0.710205078,0.253662109,0.5546875,0.55078125,-0.82421875,-7.4140625,6.328125,1.3984375,-0.787109375,1.19335938,0.4609375
915,9109013,9409013,0.616027832,-0.232543945,-0.706604004,0.259155273,0.5546875,0.55078125,-0.82421875,-7.4140625,6.328125,1.3984375,-0.724609375,1.2421875,0.4453125
916,9117839,9417839,0.618835449,-0.229919434,-0.703125,0.264221191,0.37890625,0.16015625,-0.86328125,-7.390625,6.375,1.3203125,-0.724609375,1.2421875,0.4453125
917,9129224,9429224,0.621643066,-0.227416992,-0.699462891,0.26940918,0.37890625,0.16015625,-0.86328125,-7.390625,6.375,1.3203125,-0.6640625,1.21875,0.48828125
918,9134919,9434919,0.624450684,-0.225036621,-0.695739746,0.274536133,0.26953125,0.2578125,-0.72265625,-7.359375,6.4296875,1.21875,-0.6640625,1.21875,0.48828125
919,9147455,9447455,0.627563477,-0.22253418,-0.691650391,0.279785156,0.26953125,0.2578125,-0.72265625,-7.359375,6.4296875,1.21875,-0.61328125,1.29492188,0.5
920,9162511,9462511,0.630737305,-0.220214844,-0.68737793,0.284973145,0.15625,0.12109375,-0.73828125,-7.3203125,6.4921875,1.1171875,-0.61328125,1.29492188,0.5
921,9167702,9467702,0.633911133,-0.218017578,-0.683105469,0.289855957,0.15625,0.12109375,-0.73828125,-7.3203125,6.4921875,1.1171875,-0.55859375,1.40039062,0.53515625
922,9174612,9474612,0.637451172,-0.215637207,-0.678161621,0.295349121,0.1171875,0.515625,-0.99609375,-7.28125,6.5546875,0.9921875,-0.55859375,1.40039062,0.53515625
923,9189837,9489837,0.640930176,-0.213256836,-0.673217773,0.300842285,0.1171875,0.515625,-0.99609375,-7.28125,6.5546875,0.9921875,-0.62890625,1.49804688,0.59375
924,9196606,9496606,0.644226074,-0.210876465,-0.668395996,0.306152344,0.17578125,0.5546875,-0.8984375,-7.2265625,6.6328125,0.859375,-0.62890625,1.49804688,0.59375
925,9207921,9507921,0.647766113,-0.208557129,-0.663208008,0.311523438,0.17578125,0.5546875,-0.8984375,-7.2265625,6.6328125,0.859375,-0.513671875,1.50195312,0.583984375
926,9216207,9516207,0.651489258,-0.206604004,-0.657714844,0.316711426,0.046875,0.0546875,-0.9140625,-7.171875,6.7109375,0.71875,-0.513671875,1.50195312,0.583984375
927,9228311,9528311,0.654785156,-0.205322266,-0.652648926,0.321228027,0.046875,0.0546875,-0.9140625,-7.171875,6.7109375,0.71875,-0.2890625,1.32617188,0.625
928,9243887,9543887,0.657897949,-0.204528809,-0.647583008,0.325439453,-0.1796875,0.12109375,-0.79296875,-7.1015625,6.796875,0.5625,-0.2890625,1.32617188,0.625
929,9249077,9549077,0.660644531,-0.204101562,-0.643005371,0.329223633,-0.1796875,0.12109375,-0.79296875,-7.1015625,6.796875,0.5625,-0.185546875,1.18945312,0.66796875
930,9256371,9556371,0.663513184,-0.203796387,-0.638122559,0.333251953,-0.640625,0.45703125,-0.26953125,-7.0234375,6.8828125,0.421875,-0.185546875,1.18945312,0.66796875
931,9268956,9568956,0.666259766,-0.203613281,-0.633178711,0.337219238,-0.640625,0.45703125,-0.26953125,-7.0234375,6.8828125,0.421875,-0.134765625,1.14257812,0.6953125
932,9274220,9574220,0.669006348,-0.203857422,-0.628173828,0.340942383,-0.34375,-0.05859375,-0.34375,-6.9375,6.9765625,0.265625,-0.134765625,1.14257812,0.6953125
933,9288672,9588672,0.671813965,-0.204528809,-0.62310791,0.344360352,-0.34375,-0.05859375,-0.34375,-6.9375,6.9765625,0.265625,0.0625,1.125,0.759765625
934,9293703,9593703,0.674682617,-0.20526123,-0.617858887,0.347717285,0.27734375,-0.4375,-0.45703125,-6.828125,7.0859375,0.109375,0.0625,1.125,0.759765625
935,9308300,9608300,0.67767334,-0.205566406,-0.612426758,0.351318359,0.27734375,-0.4375,-0.45703125,-6.828125,7.0859375,0.109375,-0.072265625,1.2578125,0.73046875
936,9324315,9624315,0.680603027,-0.205505371,-0.606994629,0.355163574,0.2109375,0,-0.21484375,-6.7265625,7.1875,-0.0546875,-0.072265625,1.2578125,0.73046875
937,9332118,9632118,0.683349609,-0.20526123,-0.601806641,0.358764648,0.2109375,0,-0.21484375,-6.7265625,7.1875,-0.0546875,-0.115234375,1.22265625,0.66015625
938,9333589,9633589,0.686035156,-0.205078125,-0.596740723,0.362304688,0.1796875,-0.24609375,-0.48828125,-6.6171875,7.28125,-0.203125,-0.115234375,1.22265625,0.66015625
939,9350533,9650533,0.688842773,-0.204833984,-0.591430664,0.365783691,0.1796875,-0.24609375,-0.48828125,-6.6171875,7.28125,-0.203125,-0.05859375,1.16015625,0.583984375
940,9357624,9657624,0.69152832,-0.204833984,-0.586791992,0.368164062,-1.26171875,-0.06640625,0.03515625,-6.515625,7.3671875,-0.34375,-0.05859375,1.16015625,0.583984375
941,9371173,9671173,0.694580078,-0.205627441,-0.581970215,0.369567871,-1.26171875,-0.06640625,0.03515625,-6.515625,7.3671875,-0.34375,0.416015625,0.873046875,0.443359375
942,9375269,9675269,0.69720459,-0.206787109,-0.57800293,0.370178223,-1.1640625,-0.89453125,0.359375,-6.421875,7.4296875,-0.515625,0.416015625,0.873046875,0.443359375
943,9393446,9693446,0.699890137,-0.207885742,-0.573852539,0.37097168,-1.1640625,-0.89453125,0.359375,-6.421875,7.4296875,-0.515625,0.283203125,0.80859375,0.41796875
944,9394964,9694964,0.702148438,-0.208312988,-0.569946289,0.372497559,-0.73828125,-0.55859375,0.75390625,-6.3515625,7.4765625,-0.6796875,0.283203125,0.80859375,0.41796875
945,9408582,9708582,0.703979492,-0.208068848,-0.566162109,0.374938965,-0.73828125,-0.55859375,0.75390625,-6.3515625,7.4765625,-0.6796875,-0.185546875,0.873046875,0.451171875
946,9417179,9717179,0.705322266,-0.207092285,-0.56262207,0.378295898,-0.27734375,0.61328125,0.10546875,-6.2734375,7.53125,-0.796875,-0.185546875,0.873046875,0.451171875
947,9428844,9728844,0.706176758,-0.205383301,-0.559082031,0.382873535,-0.27734375,0.61328125,0.10546875,-6.2734375,7.53125,-0.796875,-0.734375,0.884765625,0.521484375
948,9435598,9735598,0.706665039,-0.203430176,-0.555725098,0.387878418,0.0546875,1.00390625,-0.046875,-6.1875,7.6015625,-0.8359375,-0.734375,0.884765625,0.521484375
949,9448992,9748992,0.707275391,-0.201171875,-0.552062988,0.393005371,0.0546875,1.00390625,-0.046875,-6.1875,7.6015625,-0.8359375,-0.70703125,0.9296875,0.466796875
950,9454043,9754043,0.708312988,-0.199584961,-0.548583984,0.396850586,-0.23828125,-0.109375,0.4140625,-6.0859375,7.6796875,-0.8359375,-0.70703125,0.9296875,0.466796875
951,9468224,9768224,0.710327148,-0.199035645,-0.54486084,0.398681641,-0.23828125,-0.109375,0.4140625,-6.0859375,7.6796875,-0.8359375,0.2890625,0.814453125,0.2734375
952,9483393,9783393,0.713012695,-0.199829102,-0.541442871,0.398132324,-1.265625,-1.54296875,0.4375,-6.015625,7.734375,-0.8984375,0.2890625,0.814453125,0.2734375
953,9489433,9789433,0.716491699,-0.201599121,-0.537963867,0.395629883,-1.265625,-1.54296875,0.4375,-6.015625,7.734375,-0.8984375,1.0390625,0.54296875,0.068359375
954,9497739,9797739,0.719787598,-0.203308105,-0.535095215,0.392700195,-1.9921875,-1.6953125,0.59375,-5.9765625,7.734375,-1.09375,1.0390625,0.54296875,0.068359375
955,9508525,9808525,0.723266602,-0.204589844,-0.532104492,0.389709473,-1.9921875,-1.6953125,0.59375,-5.9765625,7.734375,-1.09375,0.818359375,0.5625,-0.0859375
956,9518222,9818222,0.725708008,-0.204772949,-0.529907227,0.388061523,-1.3125,-0.79296875,0.12109375,-5.96875,7.7109375,-1.3125,0.818359375,0.5625,-0.0859375
957,9528868,9828868,0.727050781,-0.203674316,-0.528442383,0.388183594,-1.3125,-0.79296875,0.12109375,-5.96875,7.7109375,-1.3125,-0.24609375,0.369140625,-0.052734375
958,9533913,9833913,0.727355957,-0.202209473,-0.527526855,0.389648438,0.10546875,0.48828125,0.453125,-5.96875,7.6953125,-1.4140625,-0.24609375,0.369140625,-0.052734375
959,9553589,9853589,0.727416992,-0.20111084,-0.526672363,0.391174316,0.10546875,0.48828125,0.453125,-5.96875,7.6953125,-1.4140625,-0.20703125,0.271484375,0.06640625
960,9555076,9855076,0.728088379,-0.200439453,-0.52545166,0.391967773,-0.5546875,-0.05859375,1.2890625,-5.9609375,7.703125,-1.40625,-0.20703125,0.271484375,0.06640625
961,9571386,9871386,0.729309082,-0.200134277,-0.523864746,0.391906738,-0.5546875,-0.05859375,1.2890625,-5.9609375,7.703125,-1.40625,0.2265625,0.435546875,0
962,9575656,9875656,0.731018066,-0.199707031,-0.521972656,0.391479492,-0.60546875,-0.71484375,0.984375,-5.9453125,7.7109375,-1.4453125,0.2265625,0.435546875,0
963,9589606,9889606,0.732971191,-0.198852539,-0.519714355,0.391296387,-0.60546875,-0.71484375,0.984375,-5.9453125,7.7109375,-1.4453125,0.111328125,0.615234375,-0.078125
964,9595967,9895967,0.734680176,-0.197387695,-0.517700195,0.391479492,-0.34765625,-0.890625,0.234375,-5.9375,7.6953125,-1.5390625,0.111328125,0.615234375,-0.078125
965,9610357,9910357,0.735961914,-0.195556641,-0.516113281,0.392089844,-0.34765625,-0.890625,0.234375,-5.9375,7.6953125,-1.5390625,-0.150390625,0.443359375,-0.146484375
966,9613980,9913980,0.736694336,-0.194091797,-0.515319824,0.392456055,-0.69921875,-1.18359375,-0.73828125,-5.9296875,7.6796875,-1.6015625,-0.150390625,0.443359375,-0.146484375
967,9629592,9929592,0.737121582,-0.19317627,-0.515258789,0.392272949,-0.69921875,-1.18359375,-0.73828125,-5.9296875,7.6796875,-1.6015625,0.01953125,0,-0.189453125
968,9640485,9940485,0.737243652,-0.192687988,-0.515869141,0.391418457,-1.13671875,-0.90625,0.0078125,-5.953125,7.671875,-1.6171875,0.01953125,0,-0.189453125
969,9649630,9949630,0.737426758,-0.192443848,-0.516784668,0.389953613,-1.13671875,-0.90625,0.0078125,-5.953125,7.671875,-1.6171875,0.203125,-0.166015625,-0.294921875
970,9656494,9956494,0.737854004,-0.192077637,-0.51763916,0.388183594,-0.8984375,-0.78125,1.69140625,-6,7.625,-1.6171875,0.203125,-0.166015625,-0.294921875
971,9668000,9968000,0.738525391,-0.191467285,-0.518310547,0.386352539,-0.8984375,-0.78125,1.69140625,-6,7.625,-1.6171875,0.21484375,0,-0.361328125
972,9677559,9977559,0.739257812,-0.190612793,-0.518737793,0.384765625,-0.19140625,-0.4296875,0.6796875,-6.0546875,7.578125,-1.640625,0.21484375,0,-0.361328125
973,9688950,9988950,0.739807129,-0.189880371,-0.519348145,0.383300781,-0.19140625,-0.4296875,0.6796875,-6.0546875,7.578125,-1.640625,0.134765625,-0.080078125,-0.30859375
974,9694687,9994687,0.739929199,-0.18939209,-0.520324707,0.382019043,-0.6328125,-0.3828125,0.20703125,-6.109375,7.53125,-1.6640625,0.134765625,-0.080078125,-0.30859375
975,9709049,10009049,0.739562988,-0.18927002,-0.52166748,0.38079834,-0.6328125,-0.3828125,0.20703125,-6.109375,7.53125,-1.6640625,0.0703125,-0.3125,-0.2265625
976,9718487,10018487,0.739074707,-0.189208984,-0.523193359,0.379760742,-0.359375,-0.23046875,0.88671875,-6.15625,7.4921875,-1.65625,0.0703125,-0.3125,-0.2265625
977,9730140,10030140,0.738525391,-0.189086914,-0.524536133,0.378967285,-0.359375,-0.23046875,0.88671875,-6.15625,7.4921875,-1.65625,-0.009765625,-0.271484375,-0.171875
978,9733865,10033865,0.737976074,-0.188964844,-0.525756836,0.378417969,-0.2421875,0.0625,0.88671875,-6.1953125,7.46875,-1.6171875,-0.009765625,-0.271484375,-0.171875
979,9749500,10049500,0.737365723,-0.188720703,-0.527038574,0.377990723,-0.2421875,0.0625,0.88671875,-6.1953125,7.46875,-1.6171875,-0.06640625,-0.23828125,-0.140625
980,9755646,10055646,0.736755371,-0.188537598,-0.528198242,0.377685547,-0.25,0.31640625,0.3203125,-6.2265625,7.4453125,-1.5859375,-0.06640625,-0.23828125,-0.140625
981,9769108,10069108,0.735900879,-0.188293457,-0.529541016,0.377502441,-0.25,0.31640625,0.3203125,-6.2265625,7.4453125,-1.5859375,-0.12109375,-0.287109375,-0.111328125
982,9775092,10075092,0.734985352,-0.188171387,-0.531005859,0.377441406,-0.41015625,0.25390625,0.11328125,-6.2578125,7.4296875,-1.53125,-0.12109375,-0.287109375,-0.111328125
983,9789384,10089384,0.733947754,-0.188110352,-0.532531738,0.377258301,-0.41015625,0.25390625,0.11328125,-6.2578125,7.4296875,-1.53125,-0.095703125,-0.375,-0.111328125
984,9799626,10099626,0.732788086,-0.188293457,-0.534423828,0.37677002,-0.6171875,0.1484375,0.09375,-6.28125,7.421875,-1.4765625,-0.095703125,-0.375,-0.111328125
985,9808980,10108980,0.731750488,-0.188781738,-0.536193848,0.376037598,-0.6171875,0.1484375,0.09375,-6.28125,7.421875,-1.4765625,0.041015625,-0.501953125,-0.115234375
986,9815289,10115289,0.73046875,-0.18951416,-0.538452148,0.375,-0.62109375,0.09375,0.109375,-6.3125,7.3984375,-1.4140625,0.041015625,-0.501953125,-0.115234375
987,9833548,10133548,0.729125977,-0.190368652,-0.540649414,0.373901367,-0.62109375,0.09375,0.109375,-6.3125,7.3984375,-1.4140625,0.068359375,-0.62890625,-0.111328125
988,9835059,10135059,0.727600098,-0.19140625,-0.543151855,0.372741699,-0.32421875,0.0625,0.58203125,-6.34375,7.390625,-1.3515625,0.068359375,-0.62890625,-0.111328125
989,9848037,10148037,0.726135254,-0.192321777,-0.545593262,0.371643066,-0.32421875,0.0625,0.58203125,-6.34375,7.390625,-1.3515625,0.0546875,-0.603515625,-0.1171875
990,9856070,10156070,0.724731445,-0.193115234,-0.547912598,0.370483398,-0.4375,-0.02734375,0.78125,-6.3828125,7.3671875,-1.28125,0.0546875,-0.603515625,-0.1171875
991,9868688,10168688,0.723327637,-0.193908691,-0.550354004,0.36920166,-0.4375,-0.02734375,0.78125,-6.3828125,7.3671875,-1.28125,0.076171875,-0.6015625,-0.150390625
992,9880634,10180634,0.721984863,-0.194641113,-0.55267334,0.367980957,-0.50390625,-0.43359375,0.58984375,-6.4296875,7.3515625,-1.203125,0.076171875,-0.6015625,-0.150390625
993,9892218,10192218,0.72052002,-0.19519043,-0.555114746,0.366882324,-0.50390625,-0.43359375,0.58984375,-6.4296875,7.3515625,-1.203125,-0.0078125,-0.630859375,-0.162109375
994,9896339,10196339,0.71875,-0.195617676,-0.557861328,0.365966797,-0.50390625,-0.41015625,0.36328125,-6.46875,7.328125,-1.1328125,-0.0078125,-0.630859375,-0.162109375
995,9908972,10208972,0.71673584,-0.195861816,-0.560852051,0.365234375,-0.50390625,-0.41015625,0.36328125,-6.46875,7.328125,-1.1328125,-0.162109375,-0.720703125,-0.193359375
996,9914211,10214211,0.714599609,-0.196105957,-0.563964844,0.364501953,-0.19921875,-0.078125,0.1796875,-6.5078125,7.3046875,-1.0234375,-0.162109375,-0.720703125,-0.193359375
997,9927721,10227721,0.712463379,-0.196411133,-0.567016602,0.363708496,-0.19921875,-0.078125,0.1796875,-6.5078125,7.3046875,-1.0234375,-0.10546875,-0.7109375,-0.1875
998,9938368,10238368,0.710693359,-0.196716309,-0.569702148,0.362854004,0.0703125,0.13671875,0.26171875,-6.546875,7.28125,-0.9140625,-0.10546875,-0.7109375,-0.1875
999,9948377,10248377,0.708984375,-0.196899414,-0.57232666,0.361877441,0.0703125,0.13671875,0.26171875,-6.546875,7.28125,-0.9140625,-0.060546875,-0.54296875,-0.1953125
1000,9959621,10259621,0.707580566,-0.196838379,-0.574645996,0.361022949,-0.00390625,0.16015625,0.04296875,-6.5859375,7.2578125,-0.8125,-0.060546875,-0.54296875,-0.1953125
1001,9968276,10268276,0.706298828,-0.196594238,-0.576843262,0.360107422,-0.00390625,0.16015625,0.04296875,-6.5859375,7.2578125,-0.8125,-0.08984375,-0.490234375,-0.27734375
1002,9976483,10276483,0.704956055,-0.196228027,-0.579345703,0.359008789,-0.265625,-0.30078125,-0.37890625,-6.6328125,7.21875,-0.734375,-0.08984375,-0.490234375,-0.27734375
1003,9988703,10288703,0.703674316,-0.196105957,-0.581726074,0.357727051,-0.265625,-0.30078125,-0.37890625,-6.6328125,7.21875,-0.734375,0.009765625,-0.546875,-0.28125
1004,9995644,10295644,0.702331543,-0.196289062,-0.58416748,0.356262207,-0.4765625,-0.34375,-0.6484375,-6.6875,7.1875,-0.65625,0.009765625,-0.546875,-0.28125
1005,10010431,10310431,0.70098877,-0.196716309,-0.586669922,0.354553223,-0.4765625,-0.34375,-0.6484375,-6.6875,7.1875,-0.65625,0.119140625,-0.623046875,-0.259765625
1006,10014164,10314164,0.699707031,-0.197265625,-0.589111328,0.352722168,-0.125,-0.078125,-0.56640625,-6.734375,7.1484375,-0.5859375,0.119140625,-0.623046875,-0.259765625
1007,10028453,10328453,0.698547363,-0.197998047,-0.591552734,0.350585938,-0.125,-0.078125,-0.56640625,-6.734375,7.1484375,-0.5859375,0.2265625,-0.595703125,-0.263671875
1008,10038601,10338601,0.69744873,-0.198913574,-0.593933105,0.348327637,0.23046875,-0.15234375,-0.28515625,-6.78125,7.109375,-0.5234375,0.2265625,-0.595703125,-0.263671875
1009,10049161,10349161,0.696228027,-0.200012207,-0.596374512,0.34588623,0.23046875,-0.15234375,-0.28515625,-6.78125,7.109375,-0.5234375,0.287109375,-0.697265625,-0.24609375
1010,10055730,10355730,0.694702148,-0.20123291,-0.599060059,0.343505859,-0.03125,0,-0.3671875,-6.828125,7.0703125,-0.4765625,0.287109375,-0.697265625,-0.24609375
1011,10068231,10368231,0.692810059,-0.202636719,-0.602233887,0.341003418,-0.03125,0,-0.3671875,-6.828125,7.0703125,-0.4765625,0.251953125,-0.89453125,-0.236328125
1012,10074224,10374224,0.690734863,-0.204101562,-0.605529785,0.338439941,-0.10546875,0.38671875,0.09765625,-6.8671875,7.03125,-0.40625,0.251953125,-0.89453125,-0.236328125
1013,10088521,10388521,0.688598633,-0.205505371,-0.608947754,0.33581543,-0.10546875,0.38671875,0.09765625,-6.8671875,7.03125,-0.40625,0.275390625,-0.958984375,-0.263671875
1014,10096664,10396664,0.686462402,-0.207092285,-0.612365723,0.333068848,-0.2890625,0.1953125,0.2734375,-6.9140625,6.9921875,-0.3125,0.275390625,-0.958984375,-0.263671875
1015,10108575,10408575,0.684082031,-0.20904541,-0.616027832,0.329956055,-0.2890625,0.1953125,0.2734375,-6.9140625,6.9921875,-0.3125,0.369140625,-1.03125,-0.236328125
1016,10119838,10419838,0.681762695,-0.211181641,-0.619567871,0.326782227,-0.25,0.04296875,0.21484375,-6.953125,6.953125,-0.21875,0.369140625,-1.03125,-0.236328125
1017,10128423,10428423,0.67956543,-0.213256836,-0.622741699,0.323913574,-0.25,0.04296875,0.21484375,-6.953125,6.953125,-0.21875,0.396484375,-0.990234375,-0.1875
1018,10136429,10436429,0.677429199,-0.215393066,-0.625793457,0.321044922,0.171875,0.02734375,0.12890625,-6.9921875,6.9296875,-0.1328125,0.396484375,-0.990234375,-0.1875
1019,10148399,10448399,0.675476074,-0.217468262,-0.628540039,0.31842041,0.171875,0.02734375,0.12890625,-6.9921875,6.9296875,-0.1328125,0.349609375,-0.7734375,-0.111328125
1020,10154093,10454093,0.67364502,-0.219360352,-0.63092041,0.316223145,0.38671875,0.01953125,-0.140625,-7.015625,6.8984375,-0.0546875,0.349609375,-0.7734375,-0.111328125
1021,10168331,10468331,0.671691895,-0.221191406,-0.633422852,0.314147949,0.38671875,0.01953125,-0.140625,-7.015625,6.8984375,-0.0546875,0.25,-0.802734375,-0.068359375
1022,10176419,10476419,0.669555664,-0.223022461,-0.635925293,0.312316895,0.1328125,0.296875,-0.66796875,-7.03125,6.890625,0.015625,0.25,-0.802734375,-0.068359375
1023,10188004,10488004,0.667053223,-0.225097656,-0.63873291,0.31048584,0.1328125,0.296875,-0.66796875,-7.03125,6.890625,0.015625,0.21484375,-0.91796875,-0.017578125
1024,10199485,10499485,0.664428711,-0.227233887,-0.641662598,0.308532715,-0.1328125,0.41796875,-0.296875,-7.03125,6.8828125,0.1015625,0.21484375,-0.91796875,-0.017578125
1025,10210853,10510853,0.661743164,-0.229553223,-0.644592285,0.30645752,-0.1328125,0.41796875,-0.296875,-7.03125,6.8828125,0.1015625,0.310546875,-0.96875,-0.0234375
1026,10214467,10514467,0.659179688,-0.231933594,-0.647399902,0.304138184,-0.2109375,0.2265625,-0.55078125,-7.03125,6.8828125,0.203125,0.310546875,-0.96875,-0.0234375
1027,10231497,10531497,0.656494141,-0.234802246,-0.65045166,0.301391602,-0.2109375,0.2265625,-0.55078125,-7.03125,6.8828125,0.203125,0.439453125,-1.01953125,-0.05078125
1028,10235860,10535860,0.653991699,-0.237548828,-0.653259277,0.298583984,-0.1328125,-0.1171875,-0.26171875,-7.03125,6.8828125,0.296875,0.439453125,-1.01953125,-0.05078125
1029,10247953,10547953,0.651306152,-0.240661621,-0.656188965,0.295471191,-0.1328125,-0.1171875,-0.26171875,-7.03125,6.8828125,0.296875,0.525390625,-1.04296875,-0.046875
1030,10255068,10555068,0.648742676,-0.24395752,-0.658996582,0.292114258,0.09765625,0.00390625,-0.33203125,-7.03125,6.875,0.3671875,0.525390625,-1.04296875,-0.046875
1031,10267833,10567833,0.64642334,-0.247436523,-0.661560059,0.288635254,0.09765625,0.00390625,-0.33203125,-7.03125,6.875,0.3671875,0.708984375,-1.015625,-0.015625
1032,10278494,10578494,0.644042969,-0.251281738,-0.66394043,0.28503418,0.01953125,-0.29296875,-0.2109375,-7.03125,6.8671875,0.4375,0.708984375,-1.015625,-0.015625
1033,10290183,10590183,0.641784668,-0.255126953,-0.666137695,0.281616211,0.01953125,-0.29296875,-0.2109375,-7.03125,6.8671875,0.4375,0.6953125,-0.8984375,0.03125
1034,10295284,10595284,0.639831543,-0.258300781,-0.667907715,0.278808594,0.69921875,0.3515625,-0.01953125,-7.0234375,6.875,0.4765625,0.6953125,-0.8984375,0.03125
1035,10307592,10607592,0.637756348,-0.261108398,-0.66973877,0.276733398,0.69921875,0.3515625,-0.01953125,-7.0234375,6.875,0.4765625,0.3359375,-0.712890625,0.10546875
1036,10318210,10618210,0.635620117,-0.26361084,-0.671508789,0.275024414,0.67578125,0.41015625,-0.36328125,-7,6.890625,0.515625,0.3359375,-0.712890625,0.10546875
1037,10332097,10632097,0.633300781,-0.266479492,-0.673400879,0.273010254,0.67578125,0.41015625,-0.36328125,-7,6.890625,0.515625,0.4765625,-0.876953125,0.103515625
1038,10336993,10636993,0.63104248,-0.26965332,-0.675231934,0.270446777,-0.1484375,0.1953125,-0.6875,-6.9765625,6.9140625,0.5703125,0.4765625,-0.876953125,0.103515625
1039,10348422,10648422,0.62878418,-0.273254395,-0.677124023,0.267333984,-0.1484375,0.1953125,-0.6875,-6.9765625,6.9140625,0.5703125,0.62890625,-0.810546875,0.04296875
1040,10358624,10658624,0.62689209,-0.276245117,-0.678649902,0.264709473,0.2265625,0.171875,0.26171875,-6.96875,6.9375,0.6171875,0.62890625,-0.810546875,0.04296875
1041,10369695,10669695,0.625183105,-0.278747559,-0.680053711,0.262634277,0.2265625,0.171875,0.26171875,-6.96875,6.9375,0.6171875,0.38671875,-0.59765625,0.064453125
1042,10378680,10678680,0.623657227,-0.280883789,-0.681213379,0.260986328,0.1640625,0.28125,-0.64453125,-6.9453125,6.9453125,0.640625,0.38671875,-0.59765625,0.064453125
1043,10392563,10692563,0.622009277,-0.282836914,-0.682495117,0.259338379,0.1640625,0.28125,-0.64453125,-6.9453125,6.9453125,0.640625,0.28125,-0.583984375,0.05078125
1044,10397054,10697054,0.620300293,-0.284667969,-0.683898926,0.2578125,0.15625,0.109375,-0.796875,-6.9375,6.9609375,0.6796875,0.28125,-0.583984375,0.05078125
1045,10407942,10707942,0.618652344,-0.286315918,-0.685241699,0.256347656,0.15625,0.109375,-0.796875,-6.9375,6.9609375,0.6796875,0.25,-0.578125,0.01171875
1046,10415769,10715769,0.617004395,-0.287902832,-0.686706543,0.254760742,0.37890625,-0.125,-0.453125,-6.9296875,6.96875,0.71875,0.25,-0.578125,0.01171875
1047,10430124,10730124,0.61541748,-0.28918457,-0.688049316,0.253234863,0.37890625,-0.125,-0.453125,-6.9296875,6.96875,0.71875,0.181640625,-0.51953125,-0.03125
1048,10442358,10742358,0.614196777,-0.290161133,-0.68927002,0.25201416,-0.01171875,0.02734375,-0.37890625,-6.921875,6.96875,0.7578125,0.181640625,-0.51953125,-0.03125
1049,10453046,10753046,0.613220215,-0.290649414,-0.690246582,0.251098633,-0.01171875,0.02734375,-0.37890625,-6.921875,6.96875,0.7578125,0.03515625,-0.275390625,-0.078125
1050,10456849,10756849,0.612487793,-0.290588379,-0.691162109,0.250305176,0.40625,-0.08203125,-0.1875,-6.921875,6.9609375,0.796875,0.03515625,-0.275390625,-0.078125
1051,10472512,10772512,0.611999512,-0.290161133,-0.692077637,0.249572754,0.40625,-0.08203125,-0.1875,-6.921875,6.9609375,0.796875,-0.0546875,-0.17578125,-0.189453125
1052,10476516,10776516,0.611633301,-0.289611816,-0.692932129,0.248840332,0.1484375,-0.2890625,-0.67578125,-6.9296875,6.9375,0.828125,-0.0546875,-0.17578125,-0.189453125
1053,10489661,10789661,0.61126709,-0.288879395,-0.693847656,0.248046875,0.1484375,-0.2890625,-0.67578125,-6.9296875,6.9375,0.828125,-0.06640625,-0.15625,-0.212890625
1054,10494450,10794450,0.611022949,-0.288085938,-0.694580078,0.247314453,0.4765625,-0.1796875,-0.515625,-6.953125,6.90625,0.859375,-0.06640625,-0.15625,-0.212890625
1055,10512545,10812545,0.611083984,-0.28717041,-0.695129395,0.246765137,0.4765625,-0.1796875,-0.515625,-6.953125,6.90625,0.859375,-0.099609375,-0.013671875,-0.2265625
1056,10521705,10821705,0.611328125,-0.286071777,-0.695556641,0.246337891,0.46875,0.11328125,-0.5703125,-6.984375,6.8828125,0.875,-0.099609375,-0.013671875,-0.2265625
1057,10531724,10831724,0.611694336,-0.284667969,-0.695800781,0.246154785,0.46875,0.11328125,-0.5703125,-6.984375,6.8828125,0.875,-0.189453125,0.109375,-0.216796875
1058,10535775,10835775,0.612243652,-0.283203125,-0.695922852,0.246337891,0.69140625,0.375,-0.43359375,-7.015625,6.8515625,0.890625,-0.189453125,0.109375,-0.216796875
1059,10551500,10851500,0.612976074,-0.28125,-0.695861816,0.246887207,0.69140625,0.375,-0.43359375,-7.015625,6.8515625,0.890625,-0.322265625,0.28515625,-0.171875
1060,10555851,10855851,0.613891602,-0.279174805,-0.695556641,0.247924805,0.80078125,0.51953125,-0.36328125,-7.046875,6.8203125,0.8984375,-0.322265625,0.28515625,-0.171875
1061,10569205,10869205,0.61505127,-0.276611328,-0.694885254,0.249633789,0.80078125,0.51953125,-0.36328125,-7.046875,6.8203125,0.8984375,-0.48828125,0.490234375,-0.072265625
1062,10575836,10875836,0.616333008,-0.273986816,-0.694030762,0.251831055,0.82421875,0.7421875,-0.36328125,-7.0703125,6.7890625,0.8984375,-0.48828125,0.490234375,-0.072265625
1063,10592524,10892524,0.617797852,-0.271118164,-0.692749023,0.254699707,0.82421875,0.7421875,-0.36328125,-7.0703125,6.7890625,0.8984375,-0.634765625,0.71484375,0.064453125
1064,10601562,10901562,0.619445801,-0.268249512,-0.691223145,0.257995605,0.91015625,0.86328125,-0.31640625,-7.078125,6.78125,0.890625,-0.634765625,0.71484375,0.064453125
1065,10612005,10912005,0.62121582,-0.265197754,-0.689331055,0.261779785,0.91015625,0.86328125,-0.31640625,-7.078125,6.78125,0.890625,-0.69921875,0.88671875,0.177734375
1066,10615927,10915927,0.62310791,-0.262268066,-0.687194824,0.265808105,0.78515625,0.8203125,-0.5625,-7.0703125,6.7890625,0.8671875,-0.69921875,0.88671875,0.177734375
1067,10632631,10932631,0.625244141,-0.258972168,-0.684692383,0.270568848,0.78515625,0.8203125,-0.5625,-7.0703125,6.7890625,0.8671875,-0.798828125,1.03125,0.267578125
1068,10636631,10936631,0.627441406,-0.255493164,-0.682006836,0.275512695,0.921875,0.91796875,-0.5625,-7.0546875,6.8046875,0.828125,-0.798828125,1.03125,0.267578125
1069,10648210,10948210,0.629943848,-0.251464844,-0.678955078,0.281005859,0.921875,0.91796875,-0.5625,-7.0546875,6.8046875,0.828125,-0.96484375,1.26953125,0.2890625
1070,10654778,10954778,0.632507324,-0.247497559,-0.675720215,0.286437988,0.59375,0.734375,-0.9765625,-7.03125,6.8359375,0.78125,-0.96484375,1.26953125,0.2890625
1071,10671508,10971508,0.635253906,-0.243530273,-0.672180176,0.292114258,0.59375,0.734375,-0.9765625,-7.03125,6.8359375,0.78125,-0.865234375,1.28320312,0.3359375
1072,10679523,10979523,0.637756348,-0.24017334,-0.668762207,0.297180176,0.37890625,0.625,-1.45703125,-7.0078125,6.8671875,0.7265625,-0.865234375,1.28320312,0.3359375
1073,10690519,10990519,0.640441895,-0.237060547,-0.665039062,0.302246094,0.37890625,0.625,-1.45703125,-7.0078125,6.8671875,0.7265625,-0.615234375,1.16992188,0.373046875
1074,10695529,10995529,0.64276123,-0.234802246,-0.661621094,0.30645752,0.04296875,0.6640625,-1.26953125,-6.9765625,6.90625,0.65625,-0.615234375,1.16992188,0.373046875
1075,10712450,11012450,0.645202637,-0.232727051,-0.657897949,0.310974121,0.04296875,0.6640625,-1.26953125,-6.9765625,6.90625,0.65625,-0.490234375,1.0703125,0.4453125
1076,10716596,11016596,0.647277832,-0.231079102,-0.65447998,0.315246582,-0.12109375,0.9140625,-0.91796875,-6.9296875,6.9609375,0.5703125,-0.490234375,1.0703125,0.4453125
1077,10729440,11029440,0.649108887,-0.229492188,-0.650878906,0.319885254,-0.12109375,0.9140625,-0.91796875,-6.9296875,6.9609375,0.5703125,-0.529296875,0.98046875,0.541015625
1078,10734487,11034487,0.650878906,-0.227966309,-0.647338867,0.324523926,0.390625,0.8125,-0.65625,-6.8671875,7.0234375,0.5,-0.529296875,0.98046875,0.541015625
1079,10749199,11049199,0.652648926,-0.226623535,-0.643615723,0.329406738,0.390625,0.8125,-0.65625,-6.8671875,7.0234375,0.5,-0.54296875,1.03125,0.642578125
1080,10761565,11061565,0.65423584,-0.225402832,-0.639953613,0.334228516,0.46484375,0.4296875,-0.44140625,-6.7890625,7.1015625,0.4375,-0.54296875,1.03125,0.642578125
1081,10770172,11070172,0.655944824,-0.224365234,-0.635803223,0.339355469,0.46484375,0.4296875,-0.44140625,-6.7890625,7.1015625,0.4375,-0.435546875,1.04492188,0.7265625
1082,10773921,11073921,0.657653809,-0.223815918,-0.631713867,0.344055176,0.6484375,-0.19921875,-0.7890625,-6.703125,7.1953125,0.3671875,-0.435546875,1.04492188,0.7265625
1083,10792220,11092220,0.659362793,-0.223388672,-0.627258301,0.348999023,0.6484375,-0.19921875,-0.7890625,-6.703125,7.1953125,0.3671875,-0.396484375,1.00585938,0.7734375
1084,10796672,11096672,0.660949707,-0.222900391,-0.62310791,0.353820801,0.6171875,-0.0703125,-0.3984375,-6.59375,7.296875,0.28125,-0.396484375,1.00585938,0.7734375
1085,10810049,11110049,0.662780762,-0.222229004,-0.618469238,0.358947754,0.6171875,-0.0703125,-0.3984375,-6.59375,7.296875,0.28125,-0.384765625,1.0703125,0.755859375
1086,10814363,11114363,0.664550781,-0.221679688,-0.614135742,0.36340332,0.046875,-0.09765625,-0.47265625,-6.484375,7.3984375,0.203125,-0.384765625,1.0703125,0.755859375
1087,10830668,11130668,0.666503906,-0.221191406,-0.609436035,0.367980957,0.046875,-0.09765625,-0.47265625,-6.484375,7.3984375,0.203125,-0.251953125,1.05078125,0.716796875
1088,10844933,11144933,0.668518066,-0.221130371,-0.605041504,0.371643066,0.08203125,-0.3828125,-0.578125,-6.3671875,7.4921875,0.1171875,-0.251953125,1.05078125,0.716796875
1089,10850577,11150577,0.670837402,-0.221374512,-0.600524902,0.374572754,0.08203125,-0.3828125,-0.578125,-6.3671875,7.4921875,0.1171875,0.08984375,0.94921875,0.5546875
1090,10854304,11154304,0.673095703,-0.221923828,-0.596496582,0.376586914,-1.54296875,-0.125,-0.15625,-6.2734375,7.578125,0,0.08984375,0.94921875,0.5546875
1091,10872652,11172652,0.675109863,-0.222717285,-0.592895508,0.378356934,-1.54296875,-0.125,-0.15625,-6.2734375,7.578125,0,0.138671875,0.66015625,0.462890625
1092,10877137,11177137,0.676696777,-0.223205566,-0.589660645,0.380249023,-1.31640625,-0.22265625,0.4375,-6.1953125,7.640625,-0.1328125,0.138671875,0.66015625,0.462890625
1093,10890827,11190827,0.678100586,-0.222961426,-0.586364746,0.382873535,-1.31640625,-0.22265625,0.4375,-6.1953125,7.640625,-0.1328125,-0.24609375,0.7734375,0.47265625
1094,10894560,11194560,0.679199219,-0.221862793,-0.583129883,0.38659668,-0.359375,0.48046875,0.484375,-6.1171875,7.703125,-0.21875,-0.24609375,0.7734375,0.47265625
1095,10910239,11210239,0.679931641,-0.219421387,-0.579589844,0.391845703,-0.359375,0.48046875,0.484375,-6.1171875,7.703125,-0.21875,-0.9140625,1.01757812,0.521484375
1096,10924675,11224675,0.680419922,-0.216430664,-0.576293945,0.397583008,0.7109375,0.6484375,0.1953125,-6.0390625,7.765625,-0.234375,-0.9140625,1.01757812,0.521484375
1097,10933474,11233474,0.680786133,-0.213256836,-0.573059082,0.403320312,0.7109375,0.6484375,0.1953125,-6.0390625,7.765625,-0.234375,-0.896484375,0.947265625,0.43359375
1098,10937216,11237216,0.681640625,-0.210876465,-0.569885254,0.407531738,-0.24609375,-0.91015625,0.546875,-5.9609375,7.828125,-0.203125,-0.896484375,0.947265625,0.43359375
1099,10952645,11252645,0.683532715,-0.209899902,-0.566589355,0.409484863,-0.24609375,-0.91015625,0.546875,-5.9609375,7.828125,-0.203125,0.232421875,0.748046875,0.228515625
1100,10956814,11256814,0.686462402,-0.210083008,-0.563049316,0.409362793,-1.8046875,-2.91015625,1.47265625,-5.8984375,7.875,-0.25,0.232421875,0.748046875,0.228515625
1101,10970209,11270209,0.690002441,-0.2109375,-0.559387207,0.408081055,-1.8046875,-2.91015625,1.47265625,-5.8984375,7.875,-0.25,0.78515625,0.697265625,0.099609375
1102,10974515,11274515,0.692993164,-0.211975098,-0.556274414,0.406677246,-2.2265625,-2.375,0.54296875,-5.859375,7.875,-0.4296875,0.78515625,0.697265625,0.099609375
1103,10991416,11291416,0.695739746,-0.21295166,-0.553100586,0.405822754,-2.2265625,-2.375,0.54296875,-5.859375,7.875,-0.4296875,0.427734375,0.58984375,0.201171875
1104,10999473,11299473,0.697631836,-0.213256836,-0.550354004,0.406188965,-0.21875,-0.20703125,-0.55078125,-5.8359375,7.890625,-0.6015625,0.427734375,0.58984375,0.201171875
1105,11009725,11309725,0.699035645,-0.212646484,-0.547424316,0.407958984,-0.21875,-0.20703125,-0.55078125,-5.8359375,7.890625,-0.6015625,-0.25390625,0.673828125,0.263671875
1106,11014501,11314501,0.699890137,-0.21105957,-0.544921875,0.410705566,0.1171875,1.265625,-0.11328125,-5.7890625,7.9140625,-0.6953125,-0.25390625,0.673828125,0.263671875
1107,11032545,11332545,0.700073242,-0.208984375,-0.54309082,0.413818359,0.1171875,1.265625,-0.11328125,-5.7890625,7.9140625,-0.6953125,-0.630859375,0.484375,0.16015625
1108,11036578,11336578,0.699829102,-0.20703125,-0.542053223,0.416564941,-0.58203125,0.65234375,0.5703125,-5.7421875,7.953125,-0.6875,-0.630859375,0.484375,0.16015625
1109,11048446,11348446,0.699768066,-0.205627441,-0.541503906,0.418029785,-0.58203125,0.65234375,0.5703125,-5.7421875,7.953125,-0.6875,-0.185546875,0.21484375,-0.04296875
1110,11055093,11355093,0.700439453,-0.204772949,-0.540893555,0.418212891,-0.85546875,-0.96484375,1.46484375,-5.734375,7.9609375,-0.6640625,-0.185546875,0.21484375,-0.04296875
1111,11070229,11370229,0.701660156,-0.204284668,-0.540100098,0.417419434,-0.85546875,-0.96484375,1.46484375,-5.734375,7.9609375,-0.6640625,0.30859375,0.283203125,-0.18359375
1112,11078482,11378482,0.703430176,-0.203796387,-0.539123535,0.41583252,-1.03125,-1.640625,1.3125,-5.75,7.9453125,-0.703125,0.30859375,0.283203125,-0.18359375
1113,11090447,11390447,0.70526123,-0.203186035,-0.538391113,0.414001465,-1.03125,-1.640625,1.3125,-5.75,7.9453125,-0.703125,0.333984375,0.2265625,-0.32421875
1114,11094762,11394762,0.706604004,-0.202514648,-0.538208008,0.412353516,-0.6953125,-0.87890625,0.2109375,-5.78125,7.9140625,-0.7890625,0.333984375,0.2265625,-0.32421875
1115,11111648,11411648,0.707458496,-0.201660156,-0.538513184,0.410949707,-0.6953125,-0.87890625,0.2109375,-5.78125,7.9140625,-0.7890625,0.095703125,0.033203125,-0.337890625
1116,11115854,11415854,0.707702637,-0.200500488,-0.539245605,0.41003418,-0.44921875,0.69921875,-0.23828125,-5.8359375,7.8671875,-0.8359375,0.095703125,0.033203125,-0.337890625
1117,11130058,11430058,0.707275391,-0.199035645,-0.540649414,0.409667969,-0.44921875,0.69921875,-0.23828125,-5.8359375,7.8671875,-0.8359375,-0.279296875,-0.189453125,-0.33203125
1118,11135851,11435851,0.706481934,-0.197570801,-0.542236328,0.409667969,-0.26953125,0.5078125,0.16015625,-5.8984375,7.828125,-0.8125,-0.279296875,-0.189453125,-0.33203125
1119,11151628,11451628,0.705688477,-0.195800781,-0.543884277,0.409729004,-0.26953125,0.5078125,0.16015625,-5.8984375,7.828125,-0.8125,-0.287109375,-0.125,-0.302734375
1120,11160615,11460615,0.705322266,-0.194274902,-0.54473877,0.409912109,1.5859375,-1.29296875,1.3515625,-5.953125,7.7890625,-0.7421875,-0.287109375,-0.125,-0.302734375
1121,11169963,11469963,0.705505371,-0.192504883,-0.54486084,0.410339355,1.5859375,-1.29296875,1.3515625,-5.953125,7.7890625,-0.7421875,-0.212890625,0.23828125,-0.197265625
1122,11175003,11475003,0.706054688,-0.190856934,-0.544494629,0.410583496,0.3125,-0.73828125,1.046875,-5.984375,7.7734375,-0.703125,-0.212890625,0.23828125,-0.197265625
1123,11191622,11491622,0.706787109,-0.189941406,-0.544006348,0.410400391,0.3125,-0.73828125,1.046875,-5.984375,7.7734375,-0.703125,0.09765625,0.19921875,-0.115234375
1124,11195834,11495834,0.707885742,-0.18963623,-0.543273926,0.409667969,-0.62109375,0.43359375,-0.625,-6.0078125,7.75,-0.71875,0.09765625,0.19921875,-0.115234375
1125,11211793,11511793,0.709472656,-0.18963623,-0.542236328,0.40826416,-0.62109375,0.43359375,-0.625,-6.0078125,7.75,-0.71875,0.423828125,0.24609375,-0.11328125
1126,11216224,11516224,0.710998535,-0.190307617,-0.541259766,0.406555176,-0.4453125,0.9921875,-1.47265625,-6.03125,7.7265625,-0.7890625,0.423828125,0.24609375,-0.11328125
1127,11232648,11532648,0.712463379,-0.191833496,-0.540222168,0.404663086,-0.4453125,0.9921875,-1.47265625,-6.03125,7.7265625,-0.7890625,0.572265625,0.08203125,0.083984375
1128,11242241,11542241,0.713745117,-0.19329834,-0.539001465,0.403381348,1.30859375,0.47265625,-1.1796875,-6.0234375,7.7109375,-0.890625,0.572265625,0.08203125,0.083984375
1129,11251086,11551086,0.715026855,-0.194274902,-0.53729248,0.402832031,1.30859375,0.47265625,-1.1796875,-6.0234375,7.7109375,-0.890625,0.2734375,0.322265625,0.173828125
1130,11254832,11554832,0.716064453,-0.194702148,-0.535705566,0.402893066,0.55859375,0.921875,-0.51171875,-6,7.71875,-0.984375,0.2734375,0.322265625,0.173828125
1131,11272648,11572648,0.716796875,-0.194519043,-0.534240723,0.403625488,0.55859375,0.921875,-0.51171875,-6,7.71875,-0.984375,-0.08203125,0.3203125,0.1328125
1132,11278094,11578094,0.717224121,-0.194091797,-0.533081055,0.404663086,-0.19921875,-0.25,0.68359375,-5.96875,7.7421875,-1.03125,-0.08203125,0.3203125,0.1328125
1133,11290135,11590135,0.717346191,-0.193786621,-0.532348633,0.405517578,-0.19921875,-0.25,0.68359375,-5.96875,7.7421875,-1.03125,-0.083984375,0.095703125,0.087890625
1134,11296525,11596525,0.717224121,-0.193908691,-0.532226562,0.405883789,-0.98828125,-0.45703125,0.4609375,-5.9453125,7.7578125,-1.0390625,-0.083984375,0.095703125,0.087890625
1135,11314040,11614040,0.71673584,-0.194519043,-0.532836914,0.405700684,-0.98828125,-0.45703125,0.4609375,-5.9453125,7.7578125,-1.0390625,0.0625,-0.267578125,0.037109375
1136,11315521,11615521,0.716064453,-0.19543457,-0.533752441,0.405212402,-1.375,-0.72265625,0.79296875,-5.9453125,7.7578125,-1.0234375,0.0625,-0.267578125,0.037109375
1137,11332213,11632213,0.715270996,-0.196166992,-0.534912109,0.404724121,-1.375,-0.72265625,0.79296875,-5.9453125,7.7578125,-1.0234375,0.00390625,-0.330078125,-0.033203125
1138,11342183,11642183,0.714355469,-0.196350098,-0.536376953,0.40435791,-1.6796875,-0.6171875,1.34375,-5.9453125,7.765625,-1,0.00390625,-0.330078125,-0.033203125
1139,11354080,11654080,0.713195801,-0.195922852,-0.538330078,0.403869629,-1.6796875,-0.6171875,1.34375,-5.9453125,7.765625,-1,-0.142578125,-0.39453125,-0.267578125
1140,11358216,11658216,0.712097168,-0.1953125,-0.540588379,0.403137207,-2.56640625,-0.2890625,1.51171875,-5.9765625,7.7421875,-0.9375,-0.142578125,-0.39453125,-0.267578125
1141,11370296,11670296,0.710754395,-0.194580078,-0.543518066,0.401916504,-2.56640625,-0.2890625,1.51171875,-5.9765625,7.7421875,-0.9375,-0.138671875,-0.642578125,-0.48828125
1142,11374028,11674028,0.70916748,-0.193786621,-0.54699707,0.40032959,-3.484375,0.25,1.15625,-6.0546875,7.703125,-0.8515625,-0.138671875,-0.642578125,-0.48828125
1143,11393215,11693215,0.707458496,-0.192565918,-0.551086426,0.398376465,-3.484375,0.25,1.15625,-6.0546875,7.703125,-0.8515625,-0.15625,-0.693359375,-0.677734375
1144,11401673,11701673,0.705871582,-0.190856934,-0.555358887,0.396179199,-3.26953125,0.93359375,1.015625,-6.15625,7.6328125,-0.75,-0.15625,-0.693359375,-0.677734375
1145,11410637,11710637,0.704162598,-0.189086914,-0.559692383,0.393920898,-3.26953125,0.93359375,1.015625,-6.15625,7.6328125,-0.75,-0.181640625,-0.833984375,-0.798828125
1146,11414952,11714952,0.702209473,-0.187255859,-0.564575195,0.391296387,-2.67578125,0.453125,0.5078125,-6.2890625,7.5390625,-0.625,-0.181640625,-0.833984375,-0.798828125
1147,11430573,11730573,0.699951172,-0.184875488,-0.57019043,0.388366699,-2.67578125,0.453125,0.5078125,-6.2890625,7.5390625,-0.625,-0.326171875,-0.96875,-1.06445312
1148,11437651,11737651,0.697387695,-0.181945801,-0.575866699,0.385864258,-1.1015625,-0.04296875,1.01171875,-6.4453125,7.421875,-0.4765625,-0.326171875,-0.96875,-1.06445312
1149,11449699,11749699,0.694152832,-0.178527832,-0.58203125,0.384033203,-1.1015625,-0.04296875,1.01171875,-6.4453125,7.421875,-0.4765625,-0.708984375,-1.04492188,-0.98828125
1150,11456482,11756482,0.690246582,-0.175415039,-0.588806152,0.382263184,0.29296875,-0.640625,1.61328125,-6.6171875,7.2890625,-0.2734375,-0.708984375,-1.04492188,-0.98828125
1151,11473253,11773253,0.686279297,-0.173034668,-0.595825195,0.379577637,0.29296875,-0.640625,1.61328125,-6.6171875,7.2890625,-0.2734375,-0.3125,-1.30273438,-1.01757812
1152,11481503,11781503,0.682922363,-0.170776367,-0.602111816,0.376708984,2.47265625,-1.72265625,0.51171875,-6.765625,7.1484375,-0.015625,-0.3125,-1.30273438,-1.01757812
1153,11489573,11789573,0.680175781,-0.168029785,-0.60736084,0.374511719,2.47265625,-1.72265625,0.51171875,-6.765625,7.1484375,-0.015625,-0.5234375,-0.833984375,-0.9609375
1154,11497051,11797051,0.67755127,-0.164489746,-0.612365723,0.372680664,-0.2109375,0.32421875,0.5,-6.9140625,7.015625,0.1875,-0.5234375,-0.833984375,-0.9609375
1155,11512992,11812992,0.675415039,-0.160766602,-0.616638184,0.371154785,-0.2109375,0.32421875,0.5,-6.9140625,7.015625,0.1875,-0.578125,-0.53515625,-0.953125
1156,11517330,11817330,0.673278809,-0.156860352,-0.620849609,0.369628906,-1.23828125,0.6953125,-1.01953125,-7.0390625,6.875,0.3671875,-0.578125,-0.53515625,-0.953125
1157,11529553,11829553,0.670959473,-0.153564453,-0.625427246,0.367553711,-1.23828125,0.6953125,-1.01953125,-7.0390625,6.875,0.3671875,-0.345703125,-0.806640625,-0.98046875
1158,11536516,11836516,0.668518066,-0.150878906,-0.630371094,0.364562988,-0.95703125,-0.4296875,-1.33984375,-7.1640625,6.734375,0.53125,-0.345703125,-0.806640625,-0.98046875
1159,11554168,11854168,0.666259766,-0.148681641,-0.635375977,0.360961914,-0.95703125,-0.4296875,-1.33984375,-7.1640625,6.734375,0.53125,-0.048828125,-0.888671875,-1.05859375
1160,11562259,11862259,0.664306641,-0.146606445,-0.640075684,0.357116699,0.1796875,-0.38671875,-0.19140625,-7.3046875,6.578125,0.6875,-0.048828125,-0.888671875,-1.05859375
1161,11571487,11871487,0.662719727,-0.144287109,-0.644348145,0.35333252,0.1796875,-0.38671875,-0.19140625,-7.3046875,6.578125,0.6875,-0.041015625,-0.646484375,-1.0390625
1162,11577848,11877848,0.661376953,-0.141845703,-0.648071289,0.349914551,1.4140625,0.07421875,-0.5,-7.4296875,6.421875,0.8046875,-0.041015625,-0.646484375,-1.0390625
1163,11594112,11894112,0.66003418,-0.139404297,-0.651855469,0.346435547,1.4140625,0.07421875,-0.5,-7.4296875,6.421875,0.8046875,-0.03125,-0.599609375,-0.943359375
1164,11598234,11898234,0.658569336,-0.137634277,-0.655578613,0.342956543,1.30078125,-0.41796875,-1.59765625,-7.546875,6.265625,0.90625,-0.03125,-0.599609375,-0.943359375
1165,11609875,11909875,0.656799316,-0.13684082,-0.659362793,0.339294434,1.30078125,-0.41796875,-1.59765625,-7.546875,6.265625,0.90625,0.224609375,-0.84375,-0.724609375
1166,11616340,11916340,0.654724121,-0.137207031,-0.663330078,0.335449219,1.2421875,-0.5234375,-1.1171875,-7.640625,6.140625,1,0.224609375,-0.84375,-0.724609375
1167,11634228,11934228,0.652526855,-0.138671875,-0.667175293,0.331481934,1.2421875,-0.5234375,-1.1171875,-7.640625,6.140625,1,0.54296875,-1.04296875,-0.466796875
1168,11642241,11942241,0.650268555,-0.141052246,-0.670898438,0.327331543,1.09765625,0.09765625,-0.98828125,-7.6875,6.0546875,1.1015625,0.54296875,-1.04296875,-0.466796875
1169,11652506,11952506,0.647827148,-0.144104004,-0.674682617,0.323059082,1.09765625,0.09765625,-0.98828125,-7.6875,6.0546875,1.1015625,0.748046875,-1.2109375,-0.353515625
1170,11656646,11956646,0.645141602,-0.147399902,-0.678649902,0.318603516,0.0546875,0.94921875,-0.9296875,-7.71875,6.0078125,1.1953125,0.748046875,-1.2109375,-0.353515625
1171,11672632,11972632,0.642089844,-0.151062012,-0.683044434,0.313659668,0.0546875,0.94921875,-0.9296875,-7.71875,6.0078125,1.1953125,0.75390625,-1.29101562,-0.37109375
1172,11676784,11976784,0.639343262,-0.154174805,-0.686828613,0.309326172,0.0234375,1.1015625,-0.1953125,-7.7265625,5.96875,1.3046875,0.75390625,-1.29101562,-0.37109375
1173,11688988,11988988,0.63684082,-0.157287598,-0.690429688,0.304992676,0.0234375,1.1015625,-0.1953125,-7.7265625,5.96875,1.3046875,0.72265625,-1.06835938,-0.330078125
1174,11694977,11994977,0.63458252,-0.160461426,-0.693725586,0.300476074,0.4609375,0.98828125,-0.2421875,-7.7421875,5.9296875,1.390625,0.72265625,-1.06835938,-0.330078125
1175,11711927,12011927,0.632629395,-0.163513184,-0.696533203,0.296447754,0.4609375,0.98828125,-0.2421875,-7.7421875,5.9296875,1.390625,0.712890625,-0.896484375,-0.255859375
1176,11720646,12020646,0.630737305,-0.166137695,-0.699035645,0.293029785,0.66015625,0.70703125,-0.390625,-7.75,5.90625,1.4609375,0.712890625,-0.896484375,-0.255859375
1177,11738400,12038400,0.628540039,-0.168457031,-0.701721191,0.290161133,0.66015625,0.70703125,-0.390625,-7.75,5.90625,1.4609375,0.3671875,-0.875,-0.16796875
1178,11742043,12042043,0.625976562,-0.170349121,-0.704406738,0.287963867,0.578125,-0.19921875,-0.23046875,-7.7421875,5.890625,1.53125,0.3671875,-0.875,-0.16796875
1179,11753336,12053336,0.623168945,-0.172302246,-0.70715332,0.286193848,0.578125,-0.19921875,-0.23046875,-7.7421875,5.890625,1.53125,0.234375,-0.8671875,-0.025390625
1180,11757341,12057341,0.620544434,-0.174377441,-0.709594727,0.284545898,0.6015625,-0.3046875,-0.41015625,-7.7265625,5.8828125,1.6328125,0.234375,-0.8671875,-0.025390625
1181,11768906,12068906,0.618164062,-0.176940918,-0.711730957,0.282836914,0.6015625,-0.3046875,-0.41015625,-7.7265625,5.8828125,1.6328125,0.421875,-0.783203125,0.052734375
1182,11774634,12074634,0.615966797,-0.179870605,-0.713684082,0.280883789,0.64453125,-0.28125,-0.578125,-7.6953125,5.8984375,1.7265625,0.421875,-0.783203125,0.052734375
1183,11793008,12093008,0.613952637,-0.182922363,-0.715454102,0.278869629,0.64453125,-0.28125,-0.578125,-7.6953125,5.8984375,1.7265625,0.5078125,-0.724609375,0.0546875
1184,11801137,12101137,0.612060547,-0.185852051,-0.717041016,0.276855469,1.1484375,0.15234375,-0.328125,-7.6640625,5.921875,1.78125,0.5078125,-0.724609375,0.0546875
1185,11809492,12109492,0.610473633,-0.188232422,-0.718505859,0.275146484,1.1484375,0.15234375,-0.328125,-7.6640625,5.921875,1.78125,0.390625,-0.59375,0.029296875
1186,11815244,12115244,0.608886719,-0.190307617,-0.719848633,0.27355957,0.859375,0.51171875,-0.64453125,-7.640625,5.9453125,1.828125,0.390625,-0.59375,0.029296875
1187,11830946,12130946,0.607543945,-0.191894531,-0.721069336,0.272216797,0.859375,0.51171875,-0.64453125,-7.640625,5.9453125,1.828125,0.25390625,-0.44140625,-0.033203125
1188,11834557,12134557,0.606445312,-0.193115234,-0.722167969,0.270874023,0.60546875,0.3828125,-0.765625,-7.6171875,5.9609375,1.875,0.25390625,-0.44140625,-0.033203125
1189,11848482,12148482,0.60534668,-0.194274902,-0.723327637,0.26940918,0.60546875,0.3828125,-0.765625,-7.6171875,5.9609375,1.875,0.212890625,-0.380859375,-0.111328125
1190,11855412,12155412,0.604431152,-0.195007324,-0.72442627,0.268066406,0.4453125,0.12109375,-0.33984375,-7.609375,5.953125,1.90625,0.212890625,-0.380859375,-0.111328125
1191,11872343,12172343,0.603759766,-0.195251465,-0.725341797,0.266845703,0.4453125,0.12109375,-0.33984375,-7.609375,5.953125,1.90625,0.078125,-0.224609375,-0.177734375
1192,11881550,12181550,0.60333252,-0.195251465,-0.726074219,0.265808105,0.796875,-0.015625,-0.67578125,-7.6171875,5.9375,1.9375,0.078125,-0.224609375,-0.177734375
1193,11892907,12192907,0.603088379,-0.195129395,-0.726745605,0.264648438,0.796875,-0.015625,-0.67578125,-7.6171875,5.9375,1.9375,0.1015625,-0.1484375,-0.2109375
1194,11897064,12197064,0.602905273,-0.195068359,-0.727416992,0.263244629,0.5,-0.17578125,-0.875,-7.625,5.90625,1.9453125,0.1015625,-0.1484375,-0.2109375
1195,11912610,12212610,0.602905273,-0.194885254,-0.728027344,0.261779785,0.5,-0.17578125,-0.875,-7.625,5.90625,1.9453125,0.111328125,-0.08984375,-0.28125
1196,11917117,12217117,0.603088379,-0.194274902,-0.72845459,0.260498047,0.55859375,0.30859375,-0.15625,-7.6484375,5.8828125,1.953125,0.111328125,-0.08984375,-0.28125
1197,11928950,12228950,0.603637695,-0.193054199,-0.728759766,0.259399414,0.55859375,0.30859375,-0.15625,-7.6484375,5.8828125,1.953125,-0.04296875,0.09765625,-0.34375
1198,11934930,12234930,0.604309082,-0.191589355,-0.728942871,0.258361816,0.4453125,0.5078125,-0.26171875,-7.6875,5.8359375,1.9453125,-0.04296875,0.09765625,-0.34375
1199,11951580,12251580,0.605041504,-0.189819336,-0.729064941,0.257507324,0.4453125,0.5078125,-0.26171875,-7.6875,5.8359375,1.9453125,-0.1484375,0.162109375,-0.376953125
1200,11959639,12259639,0.605773926,-0.187988281,-0.729187012,0.256835938,0.29296875,0.41796875,-0.33203125,-7.7265625,5.7734375,1.9375,-0.1484375,0.162109375,-0.376953125
1201,11968810,12268810,0.606567383,-0.185974121,-0.729309082,0.256164551,0.29296875,0.41796875,-0.33203125,-7.7265625,5.7734375,1.9375,-0.16015625,0.181640625,-0.359375
1202,11974799,12274799,0.607421875,-0.184082031,-0.729309082,0.255493164,-0.08203125,0.01953125,-0.3984375,-7.7734375,5.7109375,1.9296875,-0.16015625,0.181640625,-0.359375
1203,11992675,12292675,0.608337402,-0.182312012,-0.729248047,0.254760742,-0.08203125,0.01953125,-0.3984375,-7.7734375,5.7109375,1.9296875,-0.12109375,0.22265625,-0.34375
1204,11996794,12296794,0.609313965,-0.180664062,-0.729064941,0.254150391,-0.02734375,0.234375,-0.19140625,-7.828125,5.6484375,1.9140625,-0.12109375,0.22265625,-0.34375
1205,12008605,12308605,0.610412598,-0.178833008,-0.728759766,0.253540039,-0.02734375,0.234375,-0.19140625,-7.828125,5.6484375,1.9140625,-0.107421875,0.265625,-0.3046875
1206,12014586,12314586,0.61151123,-0.177185059,-0.728393555,0.253112793,-0.1015625,0.40625,-0.0859375,-7.8671875,5.59375,1.8828125,-0.107421875,0.265625,-0.3046875
1207,12031240,12331240,0.612731934,-0.175415039,-0.727966309,0.252868652,-0.1015625,0.40625,-0.0859375,-7.8671875,5.59375,1.8828125,-0.166015625,0.326171875,-0.251953125
1208,12039285,12339285,0.613830566,-0.17364502,-0.727416992,0.252868652,0.08984375,0.4921875,0.0234375,-7.90625,5.546875,1.8515625,-0.166015625,0.326171875,-0.251953125
1209,12049792,12349792,0.615112305,-0.171630859,-0.72668457,0.253112793,0.08984375,0.4921875,0.0234375,-7.90625,5.546875,1.8515625,-0.248046875,0.3828125,-0.19921875
1210,12056725,12356725,0.616394043,-0.169555664,-0.725952148,0.253601074,0.12109375,0.56640625,0.140625,-7.9375,5.5078125,1.8125,-0.248046875,0.3828125,-0.19921875
1211,12071254,12371254,0.617675781,-0.167358398,-0.725097656,0.254394531,0.12109375,0.56640625,0.140625,-7.9375,5.5078125,1.8125,-0.33984375,0.439453125,-0.1328125
1212,12075004,12375004,0.618896484,-0.165222168,-0.724182129,0.255493164,0.16015625,0.453125,0.24609375,-7.9765625,5.46875,1.78125,-0.33984375,0.439453125,-0.1328125
1213,12088763,12388763,0.620239258,-0.162719727,-0.723022461,0.256958008,0.16015625,0.453125,0.24609375,-7.9765625,5.46875,1.78125,-0.44140625,0.515625,-0.048828125
1214,12094725,12394725,0.621643066,-0.16027832,-0.721740723,0.258728027,0.22265625,0.25390625,0.23828125,-8,5.4375,1.75,-0.44140625,0.515625,-0.048828125
1215,12113071,12413071,0.623168945,-0.157836914,-0.720214844,0.260864258,0.22265625,0.25390625,0.23828125,-8,5.4375,1.75,-0.513671875,0.638671875,0.064453125
1216,12121659,12421659,0.624816895,-0.155334473,-0.718444824,0.263366699,0.23828125,0.1484375,0.05859375,-8.015625,5.4296875,1.703125,-0.513671875,0.638671875,0.064453125
1217,12131373,12431373,0.626586914,-0.152954102,-0.716369629,0.266174316,0.23828125,0.1484375,0.05859375,-8.015625,5.4296875,1.703125,-0.552734375,0.783203125,0.1953125
1218,12137361,12437361,0.628540039,-0.150512695,-0.713928223,0.26940918,0.328125,0.26171875,-0.1171875,-8.03125,5.4296875,1.6484375,-0.552734375,0.783203125,0.1953125
1219,12150959,12450959,0.630737305,-0.147888184,-0.71105957,0.27331543,0.328125,0.26171875,-0.1171875,-8.03125,5.4296875,1.6484375,-0.65625,0.927734375,0.322265625
1220,12154572,12454572,0.6328125,-0.145507812,-0.708251953,0.277038574,0.51171875,0.23828125,-0.078125,-8.0234375,5.453125,1.5703125,-0.65625,0.927734375,0.322265625
1221,12168585,12468585,0.635192871,-0.143188477,-0.70489502,0.28125,0.51171875,0.23828125,-0.078125,-8.0234375,5.453125,1.5703125,-0.58203125,0.9609375,0.421875
1222,12175498,12475498,0.637451172,-0.141296387,-0.701660156,0.285217285,0.19140625,0.23828125,-0.53515625,-8.0078125,5.4921875,1.4921875,-0.58203125,0.9609375,0.421875
1223,12190990,12490990,0.639770508,-0.139709473,-0.698303223,0.2890625,0.19140625,0.23828125,-0.53515625,-8.0078125,5.4921875,1.4921875,-0.453125,0.9609375,0.486328125
1224,12199490,12499490,0.642089844,-0.13848877,-0.694885254,0.292724609,-0.0234375,0.29296875,-0.47265625,-7.984375,5.5546875,1.390625,-0.453125,0.9609375,0.486328125
1225,12209740,12509740,0.644714355,-0.137145996,-0.691040039,0.296691895,-0.0234375,0.29296875,-0.47265625,-7.984375,5.5546875,1.390625,-0.4140625,1.01953125,0.51953125
1226,12215492,12515492,0.647338867,-0.135864258,-0.687072754,0.300598145,-0.16796875,0.44921875,-0.515625,-7.953125,5.625,1.28125,-0.4140625,1.01953125,0.51953125
1227,12231013,12531013,0.649963379,-0.13470459,-0.683166504,0.304382324,-0.16796875,0.44921875,-0.515625,-7.953125,5.625,1.28125,-0.36328125,1.04101562,0.55078125
1228,12234617,12534617,0.652526855,-0.133789062,-0.679321289,0.307983398,0.18359375,0.37109375,-0.77734375,-7.921875,5.703125,1.15625,-0.36328125,1.04101562,0.55078125
1229,12248136,12548136,0.655334473,-0.1328125,-0.674987793,0.311889648,0.18359375,0.37109375,-0.77734375,-7.921875,5.703125,1.15625,-0.3515625,1.10546875,0.5859375
1230,12255623,12555623,0.658203125,-0.131896973,-0.670593262,0.315734863,0.35546875,0.25,-0.60546875,-7.8671875,5.7890625,1.0234375,-0.3515625,1.10546875,0.5859375
1231,12269933,12569933,0.661071777,-0.131347656,-0.66619873,0.319213867,0.35546875,0.25,-0.60546875,-7.8671875,5.7890625,1.0234375,-0.20703125,1.1015625,0.61328125
1232,12277513,12577513,0.664001465,-0.13104248,-0.661682129,0.322692871,0.2734375,0.125,-0.43359375,-7.8203125,5.875,0.890625,-0.20703125,1.1015625,0.61328125
1233,12290638,12590638,0.666809082,-0.13104248,-0.657287598,0.325805664,0.2734375,0.125,-0.43359375,-7.8203125,5.875,0.890625,-0.083984375,1.015625,0.60546875
1234,12296384,12596384,0.669433594,-0.131164551,-0.653259277,0.328430176,0.1796875,0.18359375,-0.23828125,-7.765625,5.96875,0.734375,-0.083984375,1.015625,0.60546875
1235,12316443,12616443,0.672119141,-0.131225586,-0.649230957,0.330932617,0.1796875,0.18359375,-0.23828125,-7.765625,5.96875,0.734375,-0.0390625,0.9375,0.498046875
1236,12321091,12621091,0.674804688,-0.131286621,-0.645324707,0.333068848,0.1640625,-0.1015625,-0.25,-7.7109375,6.0625,0.59375,-0.0390625,0.9375,0.498046875
1237,12327580,12627580,0.677429199,-0.131530762,-0.641723633,0.334594727,0.1640625,-0.1015625,-0.25,-7.7109375,6.0625,0.59375,0.14453125,0.802734375,0.38671875
1238,12338420,12638420,0.680053711,-0.132202148,-0.638244629,0.335754395,-0.0390625,-0.31640625,-0.1875,-7.6640625,6.125,0.453125,0.14453125,0.802734375,0.38671875
1239,12351615,12651615,0.682312012,-0.133056641,-0.635192871,0.336486816,-0.0390625,-0.31640625,-0.1875,-7.6640625,6.125,0.453125,0.259765625,0.66796875,0.369140625
1240,12360627,12660627,0.684570312,-0.133972168,-0.632141113,0.337402344,-0.46875,-0.37890625,0.48828125,-7.6171875,6.1875,0.3125,0.259765625,0.66796875,0.369140625
1241,12370532,12670532,0.686462402,-0.134643555,-0.629211426,0.338623047,-0.46875,-0.37890625,0.48828125,-7.6171875,6.1875,0.3125,0.05859375,0.6328125,0.404296875
1242,12376272,12676272,0.688171387,-0.13494873,-0.626342773,0.340454102,-0.359375,-0.2109375,0.64453125,-7.5703125,6.25,0.1953125,0.05859375,0.6328125,0.404296875
1243,12391598,12691598,0.68963623,-0.13494873,-0.623291016,0.343017578,-0.359375,-0.2109375,0.64453125,-7.5703125,6.25,0.1953125,-0.240234375,0.669921875,0.5
1244,12396044,12696044,0.690917969,-0.134765625,-0.620300293,0.345947266,0.1953125,-0.0546875,0.078125,-7.515625,6.3203125,0.109375,-0.240234375,0.669921875,0.5
1245,12409701,12709701,0.692138672,-0.13482666,-0.6171875,0.349060059,0.1953125,-0.0546875,0.078125,-7.515625,6.3203125,0.109375,-0.212890625,0.6171875,0.55859375
1246,12416421,12716421,0.69329834,-0.135437012,-0.614318848,0.351623535,-0.02734375,-0.09375,-0.26953125,-7.4453125,6.3984375,0.0390625,-0.212890625,0.6171875,0.55859375
1247,12431562,12731562,0.694396973,-0.136779785,-0.611755371,0.353393555,-0.02734375,-0.09375,-0.26953125,-7.4453125,6.3984375,0.0390625,0.158203125,0.375,0.552734375
1248,12440618,12740618,0.6953125,-0.13861084,-0.609558105,0.354675293,-0.78515625,-0.25390625,0.21875,-7.375,6.484375,-0.03125,0.158203125,0.375,0.552734375
1249,12449977,12749977,0.696166992,-0.140380859,-0.60748291,0.355834961,-0.78515625,-0.25390625,0.21875,-7.375,6.484375,-0.03125,0.138671875,0.298828125,0.4921875
1250,12455018,12755018,0.697021484,-0.141723633,-0.60534668,0.35736084,-0.78125,0.32421875,0.828125,-7.3046875,6.5546875,-0.1015625,0.138671875,0.298828125,0.4921875
1251,12469801,12769801,0.697814941,-0.142456055,-0.603088379,0.359313965,-0.78125,0.32421875,0.828125,-7.3046875,6.5546875,-0.1015625,-0.12109375,0.44140625,0.482421875
1252,12474842,12774842,0.698547363,-0.142944336,-0.600646973,0.361694336,-0.046875,0.5546875,0.19140625,-7.234375,6.6328125,-0.15625,-0.12109375,0.44140625,0.482421875
1253,12490317,12790317,0.69934082,-0.143249512,-0.598022461,0.364379883,-0.046875,0.5546875,0.19140625,-7.234375,6.6328125,-0.15625,-0.203125,0.537109375,0.54296875
1254,12497082,12797082,0.700256348,-0.143737793,-0.595275879,0.366882324,0.11328125,0.359375,-0.48828125,-7.1640625,6.7109375,-0.203125,-0.203125,0.537109375,0.54296875
1255,12509809,12809809,0.701416016,-0.144592285,-0.592407227,0.36907959,0.11328125,0.359375,-0.48828125,-7.1640625,6.7109375,-0.203125,0.01953125,0.5,0.537109375
1256,12518600,12818600,0.702575684,-0.145935059,-0.58972168,0.370605469,-0.76171875,-0.5234375,-0.34765625,-7.09375,6.7890625,-0.265625,0.01953125,0.5,0.537109375
1257,12529842,12829842,0.703796387,-0.147705078,-0.587402344,0.37121582,-0.76171875,-0.5234375,-0.34765625,-7.09375,6.7890625,-0.265625,0.345703125,0.3125,0.423828125
1258,12536766,12836766,0.70513916,-0.149719238,-0.585327148,0.371154785,-1.14453125,-1.08203125,0.46484375,-7.015625,6.8515625,-0.3515625,0.345703125,0.3125,0.423828125
1259,12549754,12849754,0.706787109,-0.151977539,-0.583129883,0.370544434,-1.14453125,-1.08203125,0.46484375,-7.015625,6.8515625,-0.3515625,0.572265625,0.322265625,0.328125
1260,12559051,12859051,0.708496094,-0.153930664,-0.580993652,0.369812012,-0.77734375,-1.16796875,0.61328125,-6.9609375,6.8984375,-0.4609375,0.572265625,0.322265625,0.328125
1261,12569455,12869455,0.710449219,-0.155578613,-0.578552246,0.36920166,-0.77734375,-1.16796875,0.61328125,-6.9609375,6.8984375,-0.4609375,0.43359375,0.443359375,0.255859375
1262,12576874,12876874,0.712280273,-0.156738281,-0.57611084,0.36895752,-0.47265625,-0.59375,0.27734375,-6.921875,6.9375,-0.5859375,0.43359375,0.443359375,0.255859375
1263,12590519,12890519,0.713989258,-0.157592773,-0.573669434,0.369140625,-0.47265625,-0.59375,0.27734375,-6.921875,6.9375,-0.5859375,0.23828125,0.4765625,0.265625
1264,12598610,12898610,0.715454102,-0.158325195,-0.571472168,0.369445801,-0.4453125,0.1015625,-0.265625,-6.875,6.96875,-0.6953125,0.23828125,0.4765625,0.265625
1265,12610383,12910383,0.71697998,-0.159118652,-0.569152832,0.369689941,-0.4453125,0.1015625,-0.265625,-6.875,6.96875,-0.6953125,0.23046875,0.427734375,0.248046875
1266,12616008,12916008,0.718383789,-0.159790039,-0.567077637,0.369873047,-0.484375,0.1875,0.13671875,-6.8359375,7,-0.7890625,0.23046875,0.427734375,0.248046875
1267,12631541,12931541,0.719726562,-0.160400391,-0.565124512,0.369934082,-0.484375,0.1875,0.13671875,-6.8359375,7,-0.7890625,0.1953125,0.369140625,0.16796875
1268,12635275,12935275,0.721008301,-0.160827637,-0.563415527,0.369934082,-0.4765625,0.078125,0.796875,-6.8046875,7.03125,-0.875,0.1953125,0.369140625,0.16796875
1269,12651653,12951653,0.722290039,-0.161132812,-0.561767578,0.369750977,-0.4765625,0.078125,0.796875,-6.8046875,7.03125,-0.875,0.203125,0.33984375,0.07421875
1270,12655278,12955278,0.723510742,-0.161254883,-0.560424805,0.369445801,-0.5,-0.1953125,0.90625,-6.78125,7.0390625,-0.9453125,0.203125,0.33984375,0.07421875
1271,12669937,12969937,0.72479248,-0.161315918,-0.559082031,0.36895752,-0.5,-0.1953125,0.90625,-6.78125,7.0390625,-0.9453125,0.19140625,0.2890625,-0.017578125
1272,12678494,12978494,0.725891113,-0.161132812,-0.557983398,0.368469238,-0.546875,-0.50390625,0.70703125,-6.7734375,7.0390625,-1.015625,0.19140625,0.2890625,-0.017578125
1273,12688814,12988814,0.726928711,-0.160766602,-0.557067871,0.368041992,-0.546875,-0.50390625,0.70703125,-6.7734375,7.0390625,-1.015625,0.09375,0.25390625,-0.080078125
1274,12695561,12995561,0.727783203,-0.16015625,-0.556274414,0.367797852,-0.3515625,-0.6015625,0.5703125,-6.7734375,7.0234375,-1.0703125,0.09375,0.25390625,-0.080078125
1275,12709962,13009962,0.72845459,-0.159362793,-0.555725098,0.367614746,-0.3515625,-0.6015625,0.5703125,-6.7734375,7.0234375,-1.0703125,-0.015625,0.1875,-0.126953125
1276,12714780,13014780,0.729003906,-0.158508301,-0.555419922,0.367431641,-0.34375,-0.81640625,0.2265625,-6.78125,7.0078125,-1.109375,-0.015625,0.1875,-0.126953125
1277,12730911,13030911,0.729431152,-0.157775879,-0.555236816,0.367004395,-0.34375,-0.81640625,0.2265625,-6.78125,7.0078125,-1.109375,0.033203125,0.087890625,-0.177734375
1278,12734524,13034524,0.729858398,-0.157165527,-0.555358887,0.366394043,-0.4765625,-0.91015625,0.203125,-6.8046875,6.984375,-1.125,0.033203125,0.087890625,-0.177734375
1279,12750318,13050318,0.730224609,-0.156616211,-0.555603027,0.365356445,-0.4765625,-0.91015625,0.203125,-6.8046875,6.984375,-1.125,0.12109375,-0.015625,-0.216796875
1280,12758473,13058473,0.73059082,-0.156311035,-0.556030273,0.364196777,-0.56640625,-0.5390625,0.33203125,-6.828125,6.9609375,-1.140625,0.12109375,-0.015625,-0.216796875
1281,12771193,13071193,0.730773926,-0.156066895,-0.556640625,0.363037109,-0.56640625,-0.5390625,0.33203125,-6.828125,6.9609375,-1.140625,0.150390625,-0.09765625,-0.22265625
1282,12774815,13074815,0.730895996,-0.155883789,-0.557250977,0.361816406,-0.4140625,-0.1171875,0.38671875,-6.8671875,6.921875,-1.15625,0.150390625,-0.09765625,-0.22265625
1283,12790143,13090143,0.730957031,-0.155700684,-0.558044434,0.360595703,-0.4140625,-0.1171875,0.38671875,-6.8671875,6.921875,-1.15625,0.138671875,-0.150390625,-0.20703125
1284,12797457,13097457,0.730895996,-0.155700684,-0.558959961,0.359313965,-0.3046875,0.07421875,0.54296875,-6.8984375,6.8828125,-1.15625,0.138671875,-0.150390625,-0.20703125
1285,12811641,13111641,0.730773926,-0.155822754,-0.559875488,0.358032227,-0.3046875,0.07421875,0.54296875,-6.8984375,6.8828125,-1.15625,0.162109375,-0.21484375,-0.19140625
1286,12815259,13115259,0.73059082,-0.155944824,-0.560852051,0.356872559,-0.390625,0.05859375,0.6484375,-6.9296875,6.859375,-1.1484375,0.162109375,-0.21484375,-0.19140625
1287,12830135,13130135,0.730224609,-0.155944824,-0.562072754,0.355712891,-0.390625,0.05859375,0.6484375,-6.9296875,6.859375,-1.1484375,0.08203125,-0.24609375,-0.19921875
1288,12838484,13138484,0.729797363,-0.155883789,-0.563293457,0.354675293,-0.50390625,0.25,0.6328125,-6.96875,6.8203125,-1.1328125,0.08203125,-0.24609375,-0.19921875
1289,12851092,13151092,0.729248047,-0.155700684,-0.56463623,0.35369873,-0.50390625,0.25,0.6328125,-6.96875,6.8203125,-1.1328125,0.021484375,-0.287109375,-0.220703125
1290,12854712,13154712,0.728637695,-0.155395508,-0.566101074,0.352844238,-0.578125,-0.03125,0.40234375,-7.0078125,6.796875,-1.09375,0.021484375,-0.287109375,-0.220703125
1291,12869943,13169943,0.727905273,-0.154968262,-0.567687988,0.351867676,-0.578125,-0.03125,0.40234375,-7.0078125,6.796875,-1.09375,-0.001953125,-0.32421875,-0.267578125
1292,12877249,13177249,0.727111816,-0.154602051,-0.569519043,0.350769043,-0.65625,-0.3359375,0.40234375,-7.046875,6.7578125,-1.0546875,-0.001953125,-0.32421875,-0.267578125
1293,12889741,13189741,0.726318359,-0.15435791,-0.571533203,0.349304199,-0.65625,-0.3359375,0.40234375,-7.046875,6.7578125,-1.0546875,0.08203125,-0.451171875,-0.349609375
1294,12896476,13196476,0.725402832,-0.154052734,-0.573852539,0.34753418,-0.90625,-0.671875,0.65234375,-7.1015625,6.7109375,-1,0.08203125,-0.451171875,-0.349609375
1295,12910172,13210172,0.72442627,-0.153625488,-0.57635498,0.345581055,-0.90625,-0.671875,0.65234375,-7.1015625,6.7109375,-1,0.0859375,-0.505859375,-0.45703125
1296,12918494,13218494,0.723510742,-0.153015137,-0.578979492,0.343444824,-0.69140625,-0.6875,0.7890625,-7.1640625,6.6484375,-0.9453125,0.0859375,-0.505859375,-0.45703125
1297,12930207,13230207,0.722595215,-0.152160645,-0.581481934,0.341430664,-0.69140625,-0.6875,0.7890625,-7.1640625,6.6484375,-0.9453125,0.064453125,-0.4921875,-0.54296875
1298,12935007,13235007,0.721679688,-0.151123047,-0.584289551,0.339111328,-0.3515625,-0.6171875,0.49609375,-7.234375,6.578125,-0.8828125,0.064453125,-0.4921875,-0.54296875
1299,12950537,13250537,0.720825195,-0.150024414,-0.586914062,0.336791992,-0.3515625,-0.6171875,0.49609375,-7.234375,6.578125,-0.8828125,0.07421875,-0.48046875,-0.5859375
1300,12955326,13255326,0.719970703,-0.149047852,-0.589477539,0.334533691,-0.14453125,-0.4921875,0.390625,-7.328125,6.4921875,-0.8125,0.07421875,-0.48046875,-0.5859375
1301,12969915,13269915,0.719055176,-0.148254395,-0.592224121,0.332092285,-0.14453125,-0.4921875,0.390625,-7.328125,6.4921875,-0.8125,0.123046875,-0.54296875,-0.556640625
1302,12974710,13274710,0.717895508,-0.147583008,-0.595214844,0.329406738,-0.36328125,0.12890625,0.3359375,-7.4140625,6.40625,-0.7578125,0.123046875,-0.54296875,-0.556640625
1303,12990287,13290287,0.716674805,-0.147094727,-0.598205566,0.326965332,-0.36328125,0.12890625,0.3359375,-7.4140625,6.40625,-0.7578125,0.119140625,-0.63671875,-0.513671875
1304,12998482,13298482,0.715087891,-0.14666748,-0.601501465,0.324584961,-0.28515625,0.67578125,0.37109375,-7.4921875,6.3203125,-0.6796875,0.119140625,-0.63671875,-0.513671875
1305,13010373,13310373,0.713134766,-0.146606445,-0.604980469,0.32244873,-0.28515625,0.67578125,0.37109375,-7.4921875,6.3203125,-0.6796875,0.076171875,-0.91796875,-0.427734375
1306,13015181,13315181,0.710449219,-0.147094727,-0.60925293,0.320068359,0.234375,0.4765625,-0.16015625,-7.5546875,6.25,-0.5703125,0.076171875,-0.91796875,-0.427734375
1307,13030127,13330127,0.707946777,-0.147705078,-0.612976074,0.31817627,0.234375,0.4765625,-0.16015625,-7.5546875,6.25,-0.5703125,0.05859375,-0.9296875,-0.279296875
1308,13034913,13334913,0.705627441,-0.148071289,-0.616333008,0.316711426,0.71875,0.5,0.19921875,-7.6171875,6.1875,-0.4296875,0.05859375,-0.9296875,-0.279296875
1309,13049816,13349816,0.703613281,-0.148010254,-0.619262695,0.315429688,0.71875,0.5,0.19921875,-7.6171875,6.1875,-0.4296875,-0.05859375,-0.607421875,-0.2890625
1310,13057097,13357097,0.701843262,-0.147949219,-0.621948242,0.314208984,0.23046875,0.38671875,-0.72265625,-7.6640625,6.1484375,-0.3125,-0.05859375,-0.607421875,-0.2890625
1311,13069125,13369125,0.699951172,-0.148376465,-0.624755859,0.31262207,0.23046875,0.38671875,-0.72265625,-7.6640625,6.1484375,-0.3125,0.111328125,-0.75390625,-0.23046875
1312,13082768,13382768,0.697875977,-0.149291992,-0.627624512,0.310974121,0.1484375,0.38671875,-0.98046875,-7.6953125,6.109375,-0.2109375,0.111328125,-0.75390625,-0.23046875
1313,13089895,13389895,0.695739746,-0.150634766,-0.630554199,0.309387207,0.1484375,0.38671875,-0.98046875,-7.6953125,6.109375,-0.2109375,0.193359375,-0.791015625,-0.09765625
1314,13094677,13394677,0.693725586,-0.152160645,-0.633117676,0.307800293,0.515625,0.1875,-0.19921875,-7.71875,6.078125,-0.109375,0.193359375,-0.791015625,-0.09765625
1315,13110323,13410323,0.691833496,-0.153808594,-0.635559082,0.306274414,0.515625,0.1875,-0.19921875,-7.71875,6.078125,-0.109375,0.251953125,-0.712890625,-0.048828125
1316,13115109,13415109,0.689880371,-0.155578613,-0.638000488,0.304626465,0.4453125,0.3203125,-0.67578125,-7.7265625,6.0625,-0.015625,0.251953125,-0.712890625,-0.048828125
1317,13128768,13428768,0.688049316,-0.157165527,-0.640258789,0.303161621,0.4453125,0.3203125,-0.67578125,-7.7265625,6.0625,-0.015625,0.216796875,-0.685546875,-0.041015625
1318,13138203,13438203,0.686340332,-0.158630371,-0.642333984,0.301879883,0.609375,0.82421875,-1.0234375,-7.734375,6.0546875,0.0625,0.216796875,-0.685546875,-0.041015625
1319,13150892,13450892,0.684631348,-0.16027832,-0.64440918,0.300537109,0.609375,0.82421875,-1.0234375,-7.734375,6.0546875,0.0625,0.23828125,-0.595703125,-0.005859375
1320,13159494,13459494,0.683227539,-0.161987305,-0.646118164,0.299133301,0.30078125,0.90234375,-1.0625,-7.734375,6.0546875,0.140625,0.23828125,-0.595703125,-0.005859375
1321,13170942,13470942,0.681945801,-0.1640625,-0.647766113,0.297424316,0.30078125,0.90234375,-1.0625,-7.734375,6.0546875,0.140625,0.400390625,-0.53125,0.01953125
1322,13174560,13474560,0.680908203,-0.16607666,-0.649047852,0.295837402,0.0703125,0.09765625,-0.50390625,-7.734375,6.0546875,0.1953125,0.400390625,-0.53125,0.01953125
1323,13190890,13490890,0.679748535,-0.168334961,-0.650390625,0.294250488,0.0703125,0.09765625,-0.50390625,-7.734375,6.0546875,0.1953125,0.36328125,-0.45703125,0.072265625
1324,13194497,13494497,0.678771973,-0.170227051,-0.651428223,0.29309082,0.40625,-0.1015625,-0.10546875,-7.7265625,6.0625,0.21875,0.36328125,-0.45703125,0.072265625
1325,13211062,13511062,0.677612305,-0.172302246,-0.652587891,0.292053223,0.40625,-0.1015625,-0.10546875,-7.7265625,6.0625,0.21875,0.267578125,-0.43359375,0.123046875
1326,13214672,13514672,0.676513672,-0.174255371,-0.653686523,0.29107666,0.31640625,-0.15625,-0.17578125,-7.7109375,6.078125,0.25,0.267578125,-0.43359375,0.123046875
1327,13230332,13530332,0.675292969,-0.176513672,-0.654785156,0.289916992,0.31640625,-0.15625,-0.17578125,-7.7109375,6.078125,0.25,0.359375,-0.458984375,0.125
1328,13238503,13538503,0.674377441,-0.178588867,-0.655761719,0.288696289,0.0703125,-0.02734375,-0.12890625,-7.6953125,6.1015625,0.28125,0.359375,-0.458984375,0.125
1329,13251167,13551167,0.67364502,-0.180358887,-0.656433105,0.287658691,0.0703125,-0.02734375,-0.12890625,-7.6953125,6.1015625,0.28125,0.2890625,-0.25,0.072265625
1330,13254787,13554787,0.673339844,-0.18182373,-0.656799316,0.286804199,0.28515625,0.265625,-0.0703125,-7.6796875,6.1171875,0.296875,0.2890625,-0.25,0.072265625
1331,13270515,13570515,0.673034668,-0.183105469,-0.656982422,0.286071777,0.28515625,0.265625,-0.0703125,-7.6796875,6.1171875,0.296875,0.205078125,-0.134765625,0.083984375
1332,13276651,13576651,0.672729492,-0.184143066,-0.657165527,0.285705566,0.125,0.2109375,-0.30078125,-7.671875,6.1328125,0.296875,0.205078125,-0.134765625,0.083984375
1333,13288548,13588548,0.672180176,-0.185058594,-0.657592773,0.285522461,0.125,0.2109375,-0.30078125,-7.671875,6.1328125,0.296875,0.052734375,-0.19921875,0.1015625
1334,13295867,13595867,0.671447754,-0.185852051,-0.65814209,0.285461426,0.078125,0.04296875,-0.26953125,-7.6640625,6.1484375,0.3046875,0.052734375,-0.19921875,0.1015625
1335,13310306,13610306,0.670776367,-0.186828613,-0.658691406,0.285095215,0.078125,0.04296875,-0.26953125,-7.6640625,6.1484375,0.3046875,0.171875,-0.248046875,0.0703125
1336,13318894,13618894,0.670227051,-0.188110352,-0.659301758,0.284240723,-0.20703125,-0.1640625,-0.55859375,-7.6484375,6.1640625,0.328125,0.171875,-0.248046875,0.0703125
1337,13330368,13630368,0.66973877,-0.189575195,-0.659790039,0.28314209,-0.20703125,-0.1640625,-0.55859375,-7.6484375,6.1640625,0.328125,0.30859375,-0.244140625,0.02734375
1338,13336156,13636156,0.669311523,-0.190917969,-0.66027832,0.282043457,-0.09765625,0.05859375,-0.03125,-7.640625,6.171875,0.3359375,0.30859375,-0.244140625,0.02734375
1339,13350245,13650245,0.668884277,-0.192016602,-0.660827637,0.28125,-0.09765625,0.05859375,-0.03125,-7.640625,6.171875,0.3359375,0.197265625,-0.208984375,0.0234375
1340,13357016,13657016,0.668457031,-0.192932129,-0.661254883,0.280517578,0.015625,0.05078125,0.04296875,-7.640625,6.1796875,0.3359375,0.197265625,-0.208984375,0.0234375
1341,13370895,13670895,0.66809082,-0.193908691,-0.661621094,0.279846191,0.015625,0.05078125,0.04296875,-7.640625,6.1796875,0.3359375,0.162109375,-0.17578125,0.03125
1342,13374513,13674513,0.667602539,-0.194580078,-0.662109375,0.279296875,0.046875,-0.00390625,-0.15625,-7.6328125,6.1953125,0.34375,0.162109375,-0.17578125,0.03125
1343,13390148,13690148,0.667053223,-0.195129395,-0.662841797,0.278564453,0.046875,-0.00390625,-0.15625,-7.6328125,6.1953125,0.34375,0.109375,-0.2421875,-0.08203125
1344,13398484,13698484,0.666442871,-0.195495605,-0.663818359,0.277404785,0.015625,0.078125,-0.46875,-7.640625,6.1875,0.3515625,0.109375,-0.2421875,-0.08203125
1345,13410040,13710040,0.66583252,-0.195983887,-0.665039062,0.275695801,0.015625,0.078125,-0.46875,-7.640625,6.1875,0.3515625,0.26953125,-0.359375,-0.228515625
1346,13415776,13715776,0.665283203,-0.196777344,-0.666259766,0.273498535,-0.16015625,-0.28125,-0.4921875,-7.65625,6.1640625,0.375,0.26953125,-0.359375,-0.228515625
1347,13430813,13730813,0.664855957,-0.197753906,-0.667419434,0.271057129,-0.16015625,-0.28125,-0.4921875,-7.65625,6.1640625,0.375,0.390625,-0.341796875,-0.23828125
1348,13436947,13736947,0.664550781,-0.198486328,-0.668334961,0.268859863,0.20703125,-0.36328125,-0.046875,-7.6796875,6.1328125,0.390625,0.390625,-0.341796875,-0.23828125
1349,13450337,13750337,0.664428711,-0.198974609,-0.669067383,0.266967773,0.20703125,-0.36328125,-0.046875,-7.6796875,6.1328125,0.390625,0.248046875,-0.181640625,-0.2109375
1350,13456077,13756077,0.664367676,-0.199279785,-0.66973877,0.265319824,0.26953125,-0.140625,-0.1640625,-7.703125,6.1015625,0.390625,0.248046875,-0.181640625,-0.2109375
1351,13471080,13771080,0.66418457,-0.199462891,-0.670349121,0.263977051,0.26953125,-0.140625,-0.1640625,-7.703125,6.1015625,0.390625,0.150390625,-0.16796875,-0.173828125
1352,13480100,13780100,0.664001465,-0.199523926,-0.670959473,0.262817383,-0.13671875,0.234375,-0.203125,-7.71875,6.0703125,0.390625,0.150390625,-0.16796875,-0.173828125
1353,13491011,13791011,0.663818359,-0.199462891,-0.671691895,0.261535645,-0.13671875,0.234375,-0.203125,-7.71875,6.0703125,0.390625,0.12109375,-0.15234375,-0.21875
1354,13497143,13797143,0.663696289,-0.19934082,-0.672363281,0.260253906,-0.11328125,0.3828125,-0.28515625,-7.7421875,6.0390625,0.3984375,0.12109375,-0.15234375,-0.21875
1355,13510336,13810336,0.663574219,-0.19921875,-0.673095703,0.258728027,-0.11328125,0.3828125,-0.28515625,-7.7421875,6.0390625,0.3984375,0.140625,-0.1640625,-0.244140625
1356,13516768,13816768,0.663452148,-0.199035645,-0.67376709,0.257385254,0.0703125,0.34375,-0.140625,-7.7734375,6,0.40625,0.140625,-0.1640625,-0.244140625
1357,13529888,13829888,0.663330078,-0.198669434,-0.674377441,0.256286621,0.0703125,0.34375,-0.140625,-7.7734375,6,0.40625,0.02734375,-0.08984375,-0.20703125
1358,13535618,13835618,0.663391113,-0.198059082,-0.674804688,0.255615234,0.25,0.3359375,-0.0703125,-7.796875,5.96875,0.4140625,0.02734375,-0.08984375,-0.20703125
1359,13549321,13849321,0.663513184,-0.19732666,-0.675048828,0.255187988,0.25,0.3359375,-0.0703125,-7.796875,5.96875,0.4140625,-0.080078125,0.046875,-0.1640625
1360,13557518,13857518,0.663818359,-0.196350098,-0.675109863,0.255065918,0.234375,0.25390625,-0.34765625,-7.8203125,5.9375,0.421875,-0.080078125,0.046875,-0.1640625
1361,13568638,13868638,0.664245605,-0.195373535,-0.674926758,0.255187988,0.234375,0.25390625,-0.34765625,-7.8203125,5.9375,0.421875,-0.119140625,0.16796875,-0.11328125
1362,13576819,13876819,0.664855957,-0.194335938,-0.674499512,0.255493164,0.171875,0.16015625,-0.34765625,-7.8359375,5.9140625,0.421875,-0.119140625,0.16796875,-0.11328125
1363,13589142,13889142,0.665527344,-0.193237305,-0.67388916,0.25604248,0.171875,0.16015625,-0.34765625,-7.8359375,5.9140625,0.421875,-0.177734375,0.296875,-0.06640625
1364,13597025,13897025,0.666503906,-0.191894531,-0.673034668,0.256835938,0.10546875,0.25390625,-0.24609375,-7.84375,5.8984375,0.3984375,-0.177734375,0.296875,-0.06640625
1365,13609626,13909626,0.667541504,-0.190429688,-0.67199707,0.257995605,0.10546875,0.25390625,-0.24609375,-7.84375,5.8984375,0.3984375,-0.287109375,0.42578125,-0.015625
1366,13615346,13915346,0.668640137,-0.188781738,-0.670776367,0.259521484,0.11328125,0.4453125,-0.25390625,-7.8515625,5.8984375,0.3671875,-0.287109375,0.42578125,-0.015625
1367,13629692,13929692,0.66973877,-0.187072754,-0.669433594,0.261352539,0.11328125,0.4453125,-0.25390625,-7.8515625,5.8984375,0.3671875,-0.40625,0.556640625,0.072265625
1368,13638817,13938817,0.671142578,-0.185119629,-0.667663574,0.26373291,0.33984375,0.5234375,-0.33984375,-7.8515625,5.8984375,0.3359375,-0.40625,0.556640625,0.072265625
1369,13648933,13948933,0.672546387,-0.183288574,-0.665710449,0.266235352,0.33984375,0.5234375,-0.33984375,-7.8515625,5.8984375,0.3359375,-0.431640625,0.654296875,0.1484375
1370,13657196,13957196,0.674072266,-0.181518555,-0.663696289,0.268737793,0.2578125,0.5078125,-0.359375,-7.84375,5.9140625,0.28125,-0.431640625,0.654296875,0.1484375
1371,13669881,13969881,0.67565918,-0.179931641,-0.661499023,0.271179199,0.2578125,0.5078125,-0.359375,-7.84375,5.9140625,0.28125,-0.35546875,0.6640625,0.173828125
1372,13675623,13975623,0.677185059,-0.178466797,-0.659362793,0.273498535,0.1640625,0.51953125,-0.3046875,-7.828125,5.9375,0.2265625,-0.35546875,0.6640625,0.173828125
1373,13689627,13989627,0.678771973,-0.177062988,-0.657165527,0.275817871,0.1640625,0.51953125,-0.3046875,-7.828125,5.9375,0.2265625,-0.33203125,0.6640625,0.1875
1374,13695361,13995361,0.680358887,-0.17565918,-0.654907227,0.278198242,-0.08203125,0.6796875,-0.3515625,-7.8125,5.96875,0.15625,-0.33203125,0.6640625,0.1875
1375,13709905,14009905,0.681945801,-0.174072266,-0.65246582,0.280944824,-0.08203125,0.6796875,-0.3515625,-7.8125,5.96875,0.15625,-0.421875,0.732421875,0.240234375
1376,13718479,14018479,0.68347168,-0.172546387,-0.649963379,0.283935547,0.234375,0.53515625,-0.671875,-7.78125,6,0.09375,-0.421875,0.732421875,0.240234375
1377,13728806,14028806,0.685119629,-0.171081543,-0.647094727,0.287353516,0.234375,0.53515625,-0.671875,-7.78125,6,0.09375,-0.46484375,0.828125,0.388671875
1378,13736433,14036433,0.686767578,-0.169799805,-0.644042969,0.291015625,0.27734375,0.44140625,-0.875,-7.75,6.0546875,0.03125,-0.46484375,0.828125,0.388671875
1379,13749309,14049309,0.688415527,-0.168701172,-0.640808105,0.29498291,0.27734375,0.44140625,-0.875,-7.75,6.0546875,0.03125,-0.482421875,0.861328125,0.505859375
1380,13755040,14055040,0.690002441,-0.167663574,-0.637512207,0.298950195,0.30078125,0.6796875,-0.75390625,-7.6953125,6.125,-0.0546875,-0.482421875,0.861328125,0.505859375
1381,13767557,14067557,0.691650391,-0.166564941,-0.634155273,0.30291748,0.30078125,0.6796875,-0.75390625,-7.6953125,6.125,-0.0546875,-0.458984375,0.849609375,0.484375
1382,13775128,14075128,0.693115234,-0.165527344,-0.63104248,0.30645752,0.16015625,1.0234375,-0.71875,-7.6328125,6.203125,-0.125,-0.458984375,0.849609375,0.484375
1383,13789341,14089341,0.694885254,-0.16418457,-0.627685547,0.310119629,0.16015625,1.0234375,-0.71875,-7.6328125,6.203125,-0.125,-0.427734375,0.859375,0.388671875
1384,13798841,14098841,0.696655273,-0.162902832,-0.624450684,0.313354492,0.328125,0.796875,-0.61328125,-7.5703125,6.2734375,-0.1953125,-0.427734375,0.859375,0.388671875
1385,13811927,14111927,0.698669434,-0.161804199,-0.62109375,0.316101074,0.328125,0.796875,-0.61328125,-7.5703125,6.2734375,-0.1953125,-0.201171875,0.873046875,0.314453125
1386,13815551,14115551,0.700866699,-0.161315918,-0.617797852,0.317993164,0.2421875,-0.09765625,-0.86328125,-7.5234375,6.328125,-0.2890625,-0.201171875,0.873046875,0.314453125
1387,13829134,14129134,0.703369141,-0.161499023,-0.614257812,0.319091797,0.2421875,-0.09765625,-0.86328125,-7.5234375,6.328125,-0.2890625,0.2578125,0.779296875,0.287109375
1388,13834870,14134870,0.705932617,-0.162231445,-0.610900879,0.319580078,0.38671875,-0.875,-0.23828125,-7.4765625,6.375,-0.4140625,0.2578125,0.779296875,0.287109375
1389,13851171,14151171,0.708190918,-0.163024902,-0.607727051,0.32019043,0.38671875,-0.875,-0.23828125,-7.4765625,6.375,-0.4140625,0.197265625,0.68359375,0.3125
1390,13854771,14154771,0.710083008,-0.163452148,-0.604919434,0.321166992,0.76171875,-0.62109375,0.98046875,-7.4296875,6.4296875,-0.5625,0.197265625,0.68359375,0.3125
1391,13869241,14169241,0.711730957,-0.163391113,-0.602233887,0.322570801,0.76171875,-0.62109375,0.98046875,-7.4296875,6.4296875,-0.5625,-0.08203125,0.58203125,0.263671875
1392,13877497,14177497,0.713012695,-0.162902832,-0.599914551,0.324401855,0.32421875,-0.5,0.203125,-7.375,6.4609375,-0.6640625,-0.08203125,0.58203125,0.263671875
1393,13891533,14191533,0.713867188,-0.161865234,-0.597839355,0.326721191,0.32421875,-0.5,0.203125,-7.375,6.4609375,-0.6640625,-0.447265625,0.552734375,0.23828125
1394,13895158,14195158,0.714538574,-0.16015625,-0.595825195,0.32989502,0.2109375,-0.35546875,-0.01171875,-7.3359375,6.5078125,-0.71875,-0.447265625,0.552734375,0.23828125
1395,13909010,14209010,0.715087891,-0.157470703,-0.593383789,0.334289551,0.2109375,-0.35546875,-0.01171875,-7.3359375,6.5078125,-0.71875,-0.91015625,0.771484375,0.302734375
1396,13915930,14215930,0.715637207,-0.15447998,-0.590515137,0.339416504,0.4296875,0.01171875,0.1484375,-7.2890625,6.5625,-0.7265625,-0.91015625,0.771484375,0.302734375
1397,13930640,14230640,0.716430664,-0.151428223,-0.587219238,0.344970703,0.4296875,0.01171875,0.1484375,-7.2890625,6.5625,-0.7265625,-0.9765625,0.984375,0.455078125
1398,13935437,14235437,0.717285156,-0.149108887,-0.583740234,0.349975586,0.59765625,0.1796875,-0.04296875,-7.2265625,6.625,-0.7265625,-0.9765625,0.984375,0.455078125
1399,13948906,14248906,0.718505859,-0.147888184,-0.579956055,0.354309082,0.59765625,0.1796875,-0.04296875,-7.2265625,6.625,-0.7265625,-0.345703125,0.798828125,0.552734375
1400,13957470,14257470,0.719909668,-0.14831543,-0.576538086,0.356811523,-0.515625,0.0546875,-0.72265625,-7.1484375,6.7109375,-0.7734375,-0.345703125,0.798828125,0.552734375
1401,13970976,14270976,0.721435547,-0.150024414,-0.573852539,0.35736084,-0.515625,0.0546875,-0.72265625,-7.1484375,6.7109375,-0.7734375,0.46484375,0.345703125,0.3984375
1402,13974580,14274580,0.722900391,-0.152038574,-0.571899414,0.356689453,-1.55859375,-0.25390625,-0.1328125,-7.0625,6.7890625,-0.8671875,0.46484375,0.345703125,0.3984375
1403,13988912,14288912,0.72454834,-0.154052734,-0.57019043,0.355285645,-1.55859375,-0.25390625,-0.1328125,-7.0625,6.7890625,-0.8671875,0.607421875,0.234375,0.1328125
1404,13995827,14295827,0.726135254,-0.155517578,-0.568603516,0.353820801,-1.2890625,-0.35546875,0.58984375,-7.0234375,6.8125,-0.9765625,0.607421875,0.234375,0.1328125
1405,14011612,14311612,0.727661133,-0.156066895,-0.567016602,0.353027344,-1.2890625,-0.35546875,0.58984375,-7.0234375,6.8125,-0.9765625,0.19921875,0.384765625,0.046875
1406,14017158,14317158,0.728942871,-0.155822754,-0.565307617,0.353271484,-0.53125,-0.19921875,0.84765625,-7.015625,6.8125,-1.078125,0.19921875,0.384765625,0.046875
1407,14030002,14330002,0.730041504,-0.155090332,-0.563293457,0.354614258,-0.53125,-0.19921875,0.84765625,-7.015625,6.8125,-1.078125,-0.22265625,0.525390625,0.19140625
1408,14040821,14340821,0.730773926,-0.15435791,-0.561218262,0.356628418,0.04296875,0.05078125,0.10546875,-6.9765625,6.828125,-1.140625,-0.22265625,0.525390625,0.19140625
1409,14050736,14350736,0.731323242,-0.153869629,-0.559020996,0.359130859,0.04296875,0.05078125,0.10546875,-6.9765625,6.828125,-1.140625,-0.330078125,0.46484375,0.38671875
1410,14056308,14356308,0.731689453,-0.153686523,-0.556884766,0.361755371,-0.08203125,0.1953125,-0.28515625,-6.9296875,6.875,-1.171875,-0.330078125,0.46484375,0.38671875
1411,14071068,14371068,0.731994629,-0.153747559,-0.5546875,0.364501953,-0.08203125,0.1953125,-0.28515625,-6.9296875,6.875,-1.171875,-0.265625,0.4140625,0.43359375
1412,14074802,14374802,0.732421875,-0.153930664,-0.55267334,0.366638184,-0.49609375,0.44140625,0.11328125,-6.859375,6.9375,-1.1875,-0.265625,0.4140625,0.43359375
1413,14090386,14390386,0.733093262,-0.15423584,-0.550598145,0.368225098,-0.49609375,0.44140625,0.11328125,-6.859375,6.9375,-1.1875,-0.0234375,0.37890625,0.29296875
1414,14097162,14397162,0.734008789,-0.154602051,-0.548706055,0.369140625,-0.68359375,0.109375,0.34375,-6.7890625,7,-1.2265625,-0.0234375,0.37890625,0.29296875
1415,14110450,14410450,0.735168457,-0.154968262,-0.546813965,0.369506836,-0.68359375,0.109375,0.34375,-6.7890625,7,-1.2265625,0.16796875,0.390625,0.158203125
1416,14119936,14419936,0.73651123,-0.155334473,-0.544921875,0.369445801,-0.5625,-0.3828125,0.48046875,-6.7578125,7.03125,-1.2890625,0.16796875,0.390625,0.158203125
1417,14130436,14430436,0.737915039,-0.155639648,-0.543151855,0.369018555,-0.5625,-0.3828125,0.48046875,-6.7578125,7.03125,-1.2890625,0.267578125,0.359375,0.076171875
1418,14135478,14435478,0.739257812,-0.156005859,-0.541625977,0.368530273,-0.69921875,-0.734375,0.1484375,-6.734375,7.0390625,-1.375,0.267578125,0.359375,0.076171875
1419,14150740,14450740,0.740356445,-0.156311035,-0.540344238,0.367980957,-0.69921875,-0.734375,0.1484375,-6.734375,7.0390625,-1.375,0.20703125,0.220703125,0.025390625
1420,14155794,14455794,0.741149902,-0.156433105,-0.539550781,0.367553711,-0.71484375,-1,0.25390625,-6.71875,7.0390625,-1.4453125,0.20703125,0.220703125,0.025390625
1421,14170927,14470927,0.741699219,-0.156311035,-0.53894043,0.36730957,-0.71484375,-1,0.25390625,-6.71875,7.0390625,-1.4453125,0.029296875,0.115234375,-0.04296875
1422,14175124,14475124,0.742004395,-0.155944824,-0.538757324,0.367248535,-0.8359375,-1.19140625,0.71484375,-6.7109375,7.0390625,-1.484375,0.029296875,0.115234375,-0.04296875
1423,14190618,14490618,0.74206543,-0.155456543,-0.538879395,0.367126465,-0.8359375,-1.19140625,0.71484375,-6.7109375,7.0390625,-1.484375,-0.04296875,-0.009765625,-0.115234375
1424,14198793,14498793,0.742004395,-0.154968262,-0.539245605,0.366821289,-1.01171875,-1.17578125,0.75390625,-6.7265625,7.0234375,-1.484375,-0.04296875,-0.009765625,-0.115234375
1425,14210900,14510900,0.741943359,-0.154724121,-0.539855957,0.366210938,-1.01171875,-1.17578125,0.75390625,-6.7265625,7.0234375,-1.484375,0.0703125,-0.13671875,-0.1640625
1426,14216334,14516334,0.741821289,-0.154663086,-0.540649414,0.365356445,-0.9140625,-0.76953125,0.86328125,-6.75,7,-1.4765625,0.0703125,-0.13671875,-0.1640625
1427,14230592,14530592,0.741638184,-0.154663086,-0.541625977,0.364257812,-0.9140625,-0.76953125,0.86328125,-6.75,7,-1.4765625,0.1328125,-0.193359375,-0.17578125
1428,14235375,14535375,0.741516113,-0.154785156,-0.542602539,0.363098145,-0.62109375,-0.36328125,0.9296875,-6.7734375,6.9765625,-1.46875,0.1328125,-0.193359375,-0.17578125
1429,14249972,14549972,0.741333008,-0.154968262,-0.543457031,0.362060547,-0.62109375,-0.36328125,0.9296875,-6.7734375,6.9765625,-1.46875,0.140625,-0.224609375,-0.146484375
1430,14255953,14555953,0.741027832,-0.155273438,-0.544494629,0.361022949,-0.4765625,0.00390625,0.6171875,-6.8046875,6.953125,-1.4609375,0.140625,-0.224609375,-0.146484375
1431,14270811,14570811,0.740600586,-0.155578613,-0.545471191,0.360168457,-0.4765625,0.00390625,0.6171875,-6.8046875,6.953125,-1.4609375,0.068359375,-0.234375,-0.09375
1432,14279859,14579859,0.74017334,-0.155761719,-0.546386719,0.359680176,-0.25390625,0.3046875,0.4765625,-6.8359375,6.921875,-1.4375,0.068359375,-0.234375,-0.09375
1433,14290181,14590181,0.739685059,-0.155822754,-0.547241211,0.359375,-0.25390625,0.3046875,0.4765625,-6.8359375,6.921875,-1.4375,-0.04296875,-0.189453125,-0.0625
1434,14297441,14597441,0.739074707,-0.155761719,-0.548095703,0.35925293,-0.12109375,0.15625,0.109375,-6.8515625,6.9140625,-1.4140625,-0.04296875,-0.189453125,-0.0625
1435,14310343,14610343,0.73840332,-0.155761719,-0.54901123,0.359313965,-0.12109375,0.15625,0.109375,-6.8515625,6.9140625,-1.4140625,-0.087890625,-0.201171875,-0.04296875
1436,14316475,14616475,0.737731934,-0.155700684,-0.549865723,0.359375,-0.15234375,0.12890625,-0.08203125,-6.859375,6.90625,-1.375,-0.087890625,-0.201171875,-0.04296875
1437,14330232,14630232,0.736999512,-0.155700684,-0.55078125,0.35949707,-0.15234375,0.12890625,-0.08203125,-6.859375,6.90625,-1.375,-0.09765625,-0.203125,-0.02734375
1438,14335296,14635296,0.736328125,-0.155761719,-0.551635742,0.359558105,-0.3203125,0.04296875,-0.08203125,-6.8828125,6.9140625,-1.3359375,-0.09765625,-0.203125,-0.02734375
1439,14349998,14649998,0.735656738,-0.156005859,-0.552612305,0.359313965,-0.3203125,0.04296875,-0.08203125,-6.8828125,6.9140625,-1.3359375,0.01953125,-0.259765625,-0.05078125
1440,14362748,14662748,0.735046387,-0.156433105,-0.553649902,0.358703613,-0.58203125,-0.171875,-0.19921875,-6.890625,6.8984375,-1.296875,0.01953125,-0.259765625,-0.05078125
1441,14370514,14670514,0.73449707,-0.157043457,-0.554870605,0.357788086,-0.58203125,-0.171875,-0.19921875,-6.890625,6.8984375,-1.296875,0.14453125,-0.3203125,-0.103515625
1442,14375297,14675297,0.733947754,-0.157592773,-0.556152344,0.356689453,-0.52734375,-0.27734375,0.0390625,-6.90625,6.890625,-1.265625,0.14453125,-0.3203125,-0.103515625
1443,14390095,14690095,0.733398438,-0.15802002,-0.557434082,0.355529785,-0.52734375,-0.27734375,0.0390625,-6.90625,6.890625,-1.265625,0.126953125,-0.32421875,-0.15234375
1444,14396441,14696441,0.732788086,-0.15838623,-0.558837891,0.354370117,-0.3046875,-0.37109375,0.08984375,-6.9375,6.8671875,-1.2421875,0.126953125,-0.32421875,-0.15234375
1445,14410398,14710398,0.73223877,-0.158752441,-0.560302734,0.353088379,-0.3046875,-0.37109375,0.08984375,-6.9375,6.8671875,-1.2421875,0.134765625,-0.357421875,-0.177734375
1446,14415461,14715461,0.731628418,-0.159057617,-0.561889648,0.351806641,-0.2734375,-0.421875,0.13671875,-6.96875,6.84375,-1.2109375,0.134765625,-0.357421875,-0.177734375
1447,14431043,14731043,0.730957031,-0.159301758,-0.563537598,0.350341797,-0.2734375,-0.421875,0.13671875,-6.96875,6.84375,-1.2109375,0.142578125,-0.365234375,-0.244140625
1448,14439613,14739613,0.73046875,-0.159423828,-0.565124512,0.348815918,-0.234375,-0.4609375,0.2578125,-7.0078125,6.8046875,-1.1796875,0.142578125,-0.365234375,-0.244140625
1449,14449773,14749773,0.729980469,-0.159545898,-0.566894531,0.346801758,-0.234375,-0.4609375,0.2578125,-7.0078125,6.8046875,-1.1796875,0.208984375,-0.37109375,-0.33203125
1450,14456860,14756860,0.729614258,-0.159423828,-0.568725586,0.344726562,-0.33203125,-0.68359375,0.45703125,-7.0625,6.7578125,-1.1484375,0.208984375,-0.37109375,-0.33203125
1451,14469417,14769417,0.729248047,-0.159118652,-0.570678711,0.342407227,-0.33203125,-0.68359375,0.45703125,-7.0625,6.7578125,-1.1484375,0.19921875,-0.375,-0.453125
1452,14476311,14776311,0.728820801,-0.158569336,-0.572692871,0.340148926,-0.23046875,-0.54296875,0.625,-7.125,6.6953125,-1.125,0.19921875,-0.375,-0.453125
1453,14490996,14790996,0.72833252,-0.157653809,-0.574829102,0.338012695,-0.23046875,-0.54296875,0.625,-7.125,6.6953125,-1.125,0.07421875,-0.38671875,-0.5078125
1454,14494735,14794735,0.727722168,-0.156616211,-0.577026367,0.336181641,-0.15234375,-0.38671875,0.35546875,-7.203125,6.6171875,-1.0859375,0.07421875,-0.38671875,-0.5078125
1455,14511418,14811418,0.726867676,-0.155212402,-0.579406738,0.334472656,-0.15234375,-0.38671875,0.35546875,-7.203125,6.6171875,-1.0859375,-0.095703125,-0.392578125,-0.513671875
1456,14519600,14819600,0.725891113,-0.153686523,-0.581726074,0.333251953,-0.08203125,0.06640625,0.109375,-7.2734375,6.546875,-1.03125,-0.095703125,-0.392578125,-0.513671875
1457,14530101,14830101,0.724609375,-0.151916504,-0.584411621,0.33215332,-0.08203125,0.06640625,0.109375,-7.2734375,6.546875,-1.03125,-0.240234375,-0.48046875,-0.505859375
1458,14535161,14835161,0.722961426,-0.150390625,-0.587402344,0.331054688,-0.08203125,0.375,-0.12890625,-7.3515625,6.46875,-0.9453125,-0.240234375,-0.48046875,-0.505859375
1459,14551047,14851047,0.721130371,-0.149475098,-0.590698242,0.329650879,-0.08203125,0.375,-0.12890625,-7.3515625,6.46875,-0.9453125,-0.0546875,-0.73046875,-0.427734375
1460,14554775,14854775,0.719421387,-0.149047852,-0.593811035,0.32800293,0.07421875,0.3984375,-0.5546875,-7.4296875,6.40625,-0.828125,-0.0546875,-0.73046875,-0.427734375
1461,14571851,14871851,0.717895508,-0.1484375,-0.596862793,0.32611084,0.07421875,0.3984375,-0.5546875,-7.4296875,6.40625,-0.828125,0.013671875,-0.552734375,-0.48046875
1462,14575607,14875607,0.716796875,-0.147460938,-0.599487305,0.32421875,-0.40234375,0.3125,0.04296875,-7.4921875,6.3359375,-0.734375,0.013671875,-0.552734375,-0.48046875
1463,14591064,14891064,0.715698242,-0.146362305,-0.602355957,0.321716309,-0.40234375,0.3125,0.04296875,-7.4921875,6.3359375,-0.734375,0.10546875,-0.572265625,-0.61328125
1464,14599638,14899638,0.714538574,-0.145690918,-0.60546875,0.318847656,-0.9296875,0.36328125,-0.9921875,-7.578125,6.25,-0.65625,0.10546875,-0.572265625,-0.61328125
1465,14610165,14910165,0.71307373,-0.145629883,-0.609008789,0.315307617,-0.9296875,0.36328125,-0.9921875,-7.578125,6.25,-0.65625,0.34375,-0.7890625,-0.595703125
1466,14615212,14915212,0.711730957,-0.145935059,-0.612426758,0.311645508,-0.15234375,0.4921875,-0.3046875,-7.6640625,6.15625,-0.578125,0.34375,-0.7890625,-0.595703125
1467,14631044,14931044,0.710571289,-0.146484375,-0.61541748,0.308105469,-0.15234375,0.4921875,-0.3046875,-7.6640625,6.15625,-0.578125,0.435546875,-0.677734375,-0.470703125
1468,14634773,14934773,0.709594727,-0.147338867,-0.617919922,0.30480957,0.1484375,0.234375,-0.14453125,-7.734375,6.0703125,-0.5078125,0.435546875,-0.677734375,-0.470703125
1469,14651067,14951067,0.708679199,-0.148742676,-0.620361328,0.301208496,0.1484375,0.234375,-0.14453125,-7.734375,6.0703125,-0.5078125,0.560546875,-0.619140625,-0.302734375
1470,14654836,14954836,0.707885742,-0.15057373,-0.622497559,0.297973633,0.31640625,0.19140625,-0.4921875,-7.7890625,6,-0.46875,0.560546875,-0.619140625,-0.302734375
1471,14670630,14970630,0.706848145,-0.153076172,-0.624633789,0.294494629,0.31640625,0.19140625,-0.4921875,-7.7890625,6,-0.46875,0.67578125,-0.68359375,-0.103515625
1472,14679407,14979407,0.705749512,-0.155822754,-0.626586914,0.291625977,0.6171875,-0.0078125,-0.78125,-7.8203125,5.96875,-0.4453125,0.67578125,-0.68359375,-0.103515625
1473,14690705,14990705,0.704345703,-0.158691406,-0.628540039,0.289306641,0.6171875,-0.0078125,-0.78125,-7.8203125,5.96875,-0.4453125,0.44140625,-0.654296875,0.091796875
1474,14695736,14995736,0.702636719,-0.161193848,-0.630371094,0.287963867,0.703125,1.4921875,-0.24609375,-7.828125,5.9609375,-0.40625,0.44140625,-0.654296875,0.091796875
1475,14711091,15011091,0.700744629,-0.163208008,-0.632141113,0.287597656,0.703125,1.4921875,-0.24609375,-7.828125,5.9609375,-0.40625,0.060546875,-0.615234375,0.2109375
1476,14714822,15014822,0.698730469,-0.164794922,-0.633911133,0.287719727,0.2734375,1.546875,-0.05078125,-7.8203125,5.984375,-0.3359375,0.060546875,-0.615234375,0.2109375
1477,14731131,15031131,0.696472168,-0.166320801,-0.635803223,0.288208008,0.2734375,1.546875,-0.05078125,-7.8203125,5.984375,-0.3359375,-0.09765625,-0.576171875,0.23828125
1478,14734877,15034877,0.694458008,-0.167541504,-0.637329102,0.28894043,0.36328125,1.125,0.4296875,-7.796875,6.0234375,-0.2421875,-0.09765625,-0.576171875,0.23828125
1479,14751082,15051082,0.692321777,-0.168884277,-0.63885498,0.289855957,0.36328125,1.125,0.4296875,-7.796875,6.0234375,-0.2421875,-0.119140625,-0.4921875,0.29296875
1480,14759586,15059586,0.690368652,-0.170288086,-0.640197754,0.290710449,-0.12890625,0.359375,0.1015625,-7.765625,6.0625,-0.140625,-0.119140625,-0.4921875,0.29296875
1481,14770096,15070096,0.688232422,-0.172058105,-0.641723633,0.291381836,-0.12890625,0.359375,0.1015625,-7.765625,6.0625,-0.140625,0.00390625,-0.552734375,0.296875
1482,14780610,15080610,0.686218262,-0.174133301,-0.643249512,0.291625977,-0.28125,-0.875,-0.0625,-7.7265625,6.109375,-0.0546875,0.00390625,-0.552734375,0.296875
1483,14790625,15090625,0.684326172,-0.176452637,-0.644775391,0.291320801,-0.28125,-0.875,-0.0625,-7.7265625,6.109375,-0.0546875,0.228515625,-0.611328125,0.255859375
1484,14795663,15095663,0.682434082,-0.179016113,-0.64630127,0.290710449,-0.234375,-1.0390625,-0.29296875,-7.6953125,6.15625,0.0234375,0.228515625,-0.611328125,0.255859375
1485,14809942,15109942,0.680603027,-0.181518555,-0.647827148,0.289978027,-0.234375,-1.0390625,-0.29296875,-7.6953125,6.15625,0.0234375,0.2578125,-0.61328125,0.22265625
1486,14819997,15119997,0.678833008,-0.183898926,-0.649353027,0.289245605,0.15234375,-0.578125,-0.08984375,-7.6640625,6.1953125,0.0859375,0.2578125,-0.61328125,0.22265625
1487,14829491,15129491,0.677185059,-0.185913086,-0.650878906,0.288574219,0.15234375,-0.578125,-0.08984375,-7.6640625,6.1953125,0.0859375,0.185546875,-0.5390625,0.130859375
1488,14841617,15141617,0.675598145,-0.18762207,-0.65234375,0.287841797,0.28515625,-0.1796875,-0.07421875,-7.640625,6.21875,0.1484375,0.185546875,-0.5390625,0.130859375
1489,14851065,15151065,0.674133301,-0.189025879,-0.653747559,0.28704834,0.28515625,-0.1796875,-0.07421875,-7.640625,6.21875,0.1484375,0.1640625,-0.509765625,0.04296875
1490,14859985,15159985,0.672729492,-0.190429688,-0.655273438,0.286010742,0.23046875,-0.1953125,0.0234375,-7.625,6.234375,0.203125,0.1640625,-0.509765625,0.04296875
1491,14869995,15169995,0.671508789,-0.191589355,-0.656677246,0.284912109,0.23046875,-0.1953125,0.0234375,-7.625,6.234375,0.203125,0.158203125,-0.416015625,-0.0390625
1492,14877696,15177696,0.670471191,-0.192382812,-0.657958984,0.283935547,0.61328125,-0.2734375,0.20703125,-7.625,6.234375,0.25,0.158203125,-0.416015625,-0.0390625
1493,14890948,15190948,0.669616699,-0.192749023,-0.658996582,0.283203125,0.61328125,-0.2734375,0.20703125,-7.625,6.234375,0.25,0.05078125,-0.283203125,-0.072265625
1494,14898613,15198613,0.668884277,-0.193054199,-0.659912109,0.282531738,0.69921875,-0.49609375,-0.18359375,-7.6328125,6.2265625,0.296875,0.05078125,-0.283203125,-0.072265625
1495,14911244,15211244,0.668395996,-0.19329834,-0.660705566,0.281799316,0.69921875,-0.49609375,-0.18359375,-7.6328125,6.2265625,0.296875,0.068359375,-0.19140625,-0.08984375
1496,14919610,15219610,0.668029785,-0.193359375,-0.661315918,0.281066895,0.4375,-0.21875,-0.3984375,-7.640625,6.21875,0.3203125,0.068359375,-0.19140625,-0.08984375
1497,14929682,15229682,0.667785645,-0.19329834,-0.66192627,0.280334473,0.4375,-0.21875,-0.3984375,-7.640625,6.21875,0.3203125,0.044921875,-0.10546875,-0.140625
1498,14940621,15240621,0.667663574,-0.193054199,-0.662353516,0.279602051,0.3359375,-0.04296875,-0.421875,-7.65625,6.1953125,0.34375,0.044921875,-0.10546875,-0.140625
1499,14950641,15250641,0.667724609,-0.192626953,-0.662780762,0.278869629,0.3359375,-0.04296875,-0.421875,-7.65625,6.1953125,0.34375,0.03515625,-0.0546875,-0.181640625
1500,14955679,15255679,0.667785645,-0.192199707,-0.663146973,0.278076172,0.31640625,0.1796875,-0.27734375,-7.671875,6.1640625,0.3515625,0.03515625,-0.0546875,-0.181640625
1501,14969860,15269860,0.66809082,-0.191589355,-0.663330078,0.277404785,0.31640625,0.1796875,-0.27734375,-7.671875,6.1640625,0.3515625,0.01953125,0.052734375,-0.18359375
1502,14981041,15281041,0.668518066,-0.190856934,-0.663269043,0.276855469,0.33984375,0.31640625,-0.19140625,-7.6953125,6.140625,0.34375,0.01953125,0.052734375,-0.18359375
1503,14989967,15289967,0.669128418,-0.190002441,-0.663085938,0.276611328,0.33984375,0.31640625,-0.19140625,-7.6953125,6.140625,0.34375,-0.078125,0.1796875,-0.16015625
1504,15003168,15303168,0.669799805,-0.188781738,-0.662719727,0.276672363,0.20703125,0.65625,-0.0234375,-7.71875,6.109375,0.328125,-0.078125,0.1796875,-0.16015625
1505,15010979,15310979,0.670410156,-0.187438965,-0.662353516,0.276855469,0.20703125,0.65625,-0.0234375,-7.71875,6.109375,0.328125,-0.1796875,0.224609375,-0.1484375
1506,15018619,15318619,0.671020508,-0.186096191,-0.66204834,0.27722168,0.1484375,0.5546875,-0.125,-7.734375,6.09375,0.3125,-0.1796875,0.224609375,-0.1484375
1507,15031743,15331743,0.671630859,-0.184448242,-0.661682129,0.277648926,0.1484375,0.5546875,-0.125,-7.734375,6.09375,0.3125,-0.2265625,0.2265625,-0.154296875
1508,15035496,15335496,0.672180176,-0.182861328,-0.661315918,0.278076172,0.09375,0.38671875,-0.1171875,-7.7578125,6.0703125,0.3046875,-0.2265625,0.2265625,-0.154296875
1509,15053003,15353003,0.672790527,-0.181091309,-0.661010742,0.278564453,0.09375,0.38671875,-0.1171875,-7.7578125,6.0703125,0.3046875,-0.25,0.228515625,-0.185546875
1510,15060377,15360377,0.673339844,-0.179321289,-0.660766602,0.278930664,0.078125,0.41796875,-0.109375,-7.78125,6.0390625,0.296875,-0.25,0.228515625,-0.185546875
1511,15070002,15370002,0.674072266,-0.177368164,-0.660339355,0.27935791,0.078125,0.41796875,-0.109375,-7.78125,6.0390625,0.296875,-0.25,0.27734375,-0.212890625
1512,15078627,15378627,0.674926758,-0.175415039,-0.659912109,0.279724121,0.06640625,0.2578125,-0.13671875,-7.8046875,6.0078125,0.2890625,-0.25,0.27734375,-0.212890625
1513,15090606,15390606,0.67590332,-0.173461914,-0.659179688,0.280151367,0.06640625,0.2578125,-0.13671875,-7.8046875,6.0078125,0.2890625,-0.21875,0.365234375,-0.201171875
1514,15099636,15399636,0.677062988,-0.171569824,-0.658325195,0.280517578,0.1640625,0.09765625,-0.19140625,-7.828125,5.9765625,0.265625,-0.21875,0.365234375,-0.201171875
1515,15111240,15411240,0.678405762,-0.169799805,-0.657287598,0.280944824,0.1640625,0.09765625,-0.19140625,-7.828125,5.9765625,0.265625,-0.171875,0.4453125,-0.142578125
1516,15114981,15414981,0.6796875,-0.168273926,-0.65612793,0.281494141,0.2734375,0.16796875,-0.3046875,-7.859375,5.9453125,0.2265625,-0.171875,0.4453125,-0.142578125
1517,15132894,15432894,0.681091309,-0.166748047,-0.654724121,0.282226562,0.2734375,0.16796875,-0.3046875,-7.859375,5.9453125,0.2265625,-0.173828125,0.451171875,-0.05078125
1518,15138799,15438799,0.682250977,-0.165344238,-0.653503418,0.283081055,0.35546875,0.453125,-0.25,-7.8671875,5.9296875,0.171875,-0.173828125,0.451171875,-0.05078125
1519,15150772,15450772,0.683349609,-0.163635254,-0.652282715,0.284301758,0.35546875,0.453125,-0.25,-7.8671875,5.9296875,0.171875,-0.3125,0.453125,-0.03515625
1520,15158844,15458844,0.684448242,-0.161682129,-0.651000977,0.285766602,0.44140625,0.8046875,-0.2890625,-7.875,5.921875,0.1328125,-0.3125,0.453125,-0.03515625
1521,15170183,15470183,0.68548584,-0.159729004,-0.649719238,0.287231445,0.44140625,0.8046875,-0.2890625,-7.875,5.921875,0.1328125,-0.357421875,0.486328125,-0.013671875
1522,15174975,15474975,0.686584473,-0.15802002,-0.64831543,0.288696289,0.44140625,0.65234375,-0.515625,-7.875,5.921875,0.09375,-0.357421875,0.486328125,-0.013671875
1523,15190418,15490418,0.687988281,-0.156616211,-0.646606445,0.289978027,0.44140625,0.65234375,-0.515625,-7.875,5.921875,0.09375,-0.16796875,0.544921875,0.05078125
1524,15196161,15496161,0.68951416,-0.155700684,-0.644592285,0.29119873,0.40234375,0.53515625,-0.5078125,-7.875,5.921875,0.046875,-0.16796875,0.544921875,0.05078125
1525,15210764,15510764,0.691162109,-0.154968262,-0.642272949,0.292785645,0.40234375,0.53515625,-0.5078125,-7.875,5.921875,0.046875,-0.18359375,0.65625,0.23046875
1526,15218479,15518479,0.692871094,-0.153991699,-0.639648438,0.295166016,0.578125,0.7421875,-0.19921875,-7.859375,5.9453125,-0.03125,-0.18359375,0.65625,0.23046875
1527,15230465,15530465,0.694335938,-0.152587891,-0.63684082,0.298400879,0.578125,0.7421875,-0.19921875,-7.859375,5.9453125,-0.03125,-0.548828125,0.806640625,0.37890625
1528,15238475,15538475,0.695800781,-0.150756836,-0.633789062,0.302490234,0.9921875,0.91796875,-0.58203125,-7.8125,6,-0.109375,-0.548828125,0.806640625,0.37890625
1529,15249367,15549367,0.697265625,-0.148742676,-0.630493164,0.307006836,0.9921875,0.91796875,-0.58203125,-7.8125,6,-0.109375,-0.7421875,0.958984375,0.458984375
1530,15258095,15558095,0.698913574,-0.14654541,-0.626953125,0.311523438,1.2421875,0.92578125,-1.140625,-7.7578125,6.0703125,-0.1640625,-0.7421875,0.958984375,0.458984375
1531,15270080,15570080,0.701171875,-0.14440918,-0.622558594,0.316101074,1.2421875,0.92578125,-1.140625,-7.7578125,6.0703125,-0.1640625,-0.5078125,1.15820312,0.470703125
1532,15275815,15575815,0.703918457,-0.143005371,-0.617858887,0.319824219,1.02734375,0.203125,-1.515625,-7.6953125,6.140625,-0.25,-0.5078125,1.15820312,0.470703125
1533,15289731,15589731,0.70703125,-0.142272949,-0.612976074,0.322753906,1.02734375,0.203125,-1.515625,-7.6953125,6.140625,-0.25,-0.1015625,1.18554688,0.484375
1534,15299501,15599501,0.710021973,-0.141784668,-0.608276367,0.325195312,0.61328125,-0.02734375,-1.25,-7.625,6.21875,-0.3984375,-0.1015625,1.18554688,0.484375
1535,15310306,15610306,0.713134766,-0.141235352,-0.60333252,0.327819824,0.61328125,-0.02734375,-1.25,-7.625,6.21875,-0.3984375,-0.115234375,1.1640625,0.455078125
1536,15318490,15618490,0.716064453,-0.140625,-0.598510742,0.330566406,1.01171875,0.390625,-0.58203125,-7.5625,6.296875,-0.5703125,-0.115234375,1.1640625,0.455078125
1537,15330502,15630502,0.718566895,-0.140136719,-0.594055176,0.333312988,1.01171875,0.390625,-0.58203125,-7.5625,6.296875,-0.5703125,-0.158203125,1.00585938,0.501953125
1538,15335718,15635718,0.720703125,-0.140075684,-0.58996582,0.335998535,0.2734375,-0.51953125,-0.5078125,-7.4765625,6.3671875,-0.71875,-0.158203125,1.00585938,0.501953125
1539,15352552,15652552,0.722473145,-0.14050293,-0.586181641,0.338623047,0.2734375,-0.51953125,-0.5078125,-7.4765625,6.3671875,-0.71875,-0.1171875,0.740234375,0.599609375
1540,15356671,15656671,0.723815918,-0.141052246,-0.582763672,0.341430664,-0.50390625,-0.72265625,-0.0546875,-7.390625,6.453125,-0.828125,-0.1171875,0.740234375,0.599609375
1541,15370178,15670178,0.724975586,-0.141479492,-0.579162598,0.344848633,-0.50390625,-0.72265625,-0.0546875,-7.390625,6.453125,-0.828125,-0.3203125,0.70703125,0.662109375
1542,15378637,15678637,0.725952148,-0.141479492,-0.575622559,0.348693848,-0.7109375,0.25,0.65234375,-7.296875,6.5546875,-0.921875,-0.3203125,0.70703125,0.662109375
1543,15390322,15690322,0.726867676,-0.141174316,-0.571899414,0.352966309,-0.7109375,0.25,0.65234375,-7.296875,6.5546875,-0.921875,-0.51953125,0.791015625,0.69921875
1544,15399933,15699933,0.727722168,-0.140991211,-0.568115234,0.357421875,-0.3515625,0.30078125,0.125,-7.1953125,6.65625,-0.96875,-0.51953125,0.791015625,0.69921875
1545,15413107,15713107,0.72857666,-0.141113281,-0.56439209,0.361633301,-0.3515625,0.30078125,0.125,-7.1953125,6.65625,-0.96875,-0.39453125,0.71875,0.728515625
1546,15419092,15719092,0.729492188,-0.141784668,-0.560913086,0.364807129,-0.28515625,0.03125,-0.44140625,-7.0703125,6.7734375,-1.015625,-0.39453125,0.71875,0.728515625
1547,15429462,15729462,0.731201172,-0.143981934,-0.557128906,0.366394043,-0.28515625,0.03125,-0.44140625,-7.0703125,6.7734375,-1.015625,0.5234375,0.51953125,0.66796875
1548,15438732,15738732,0.733154297,-0.147338867,-0.554077148,0.365783691,-1.66015625,-1.18359375,-0.2734375,-6.9609375,6.875,-1.109375,0.5234375,0.51953125,0.66796875
1549,15449413,15749413,0.735412598,-0.151428223,-0.551452637,0.363464355,-1.66015625,-1.18359375,-0.2734375,-6.9609375,6.875,-1.109375,1.07421875,0.201171875,0.369140625
1550,15458511,15758511,0.737670898,-0.154968262,-0.549316406,0.360656738,-1.77734375,-0.69140625,0.8515625,-6.8828125,6.921875,-1.2734375,1.07421875,0.201171875,0.369140625
1551,15469660,15769660,0.739685059,-0.157104492,-0.547485352,0.358398438,-1.77734375,-0.69140625,0.8515625,-6.8828125,6.921875,-1.2734375,0.625,0.326171875,0.076171875
1552,15478216,15778216,0.741516113,-0.157836914,-0.545593262,0.35723877,-0.703125,0.21875,1.16015625,-6.84375,6.9296875,-1.4296875,0.625,0.326171875,0.076171875
1553,15490198,15790198,0.742919922,-0.157531738,-0.543701172,0.357299805,-0.703125,0.21875,1.16015625,-6.84375,6.9296875,-1.4296875,-0.0234375,0.4921875,0.05078125
1554,15498409,15798409,0.744018555,-0.156677246,-0.541931152,0.358032227,-1.109375,-0.73828125,0.3046875,-6.8203125,6.9296875,-1.53125,-0.0234375,0.4921875,0.05078125
1555,15508216,15808216,0.744628906,-0.155944824,-0.540893555,0.358642578,-1.109375,-0.73828125,0.3046875,-6.8203125,6.9296875,-1.53125,-0.0859375,0.1953125,-0.0234375
1556,15516559,15816559,0.744812012,-0.155456543,-0.540771484,0.358703613,-2.23046875,-1.4765625,0.609375,-6.8125,6.9375,-1.5703125,-0.0859375,0.1953125,-0.0234375
1557,15529453,15829453,0.744628906,-0.155395508,-0.541503906,0.357971191,-2.23046875,-1.4765625,0.609375,-6.8125,6.9375,-1.5703125,0.146484375,-0.240234375,-0.1953125
1558,15537493,15837493,0.744506836,-0.155639648,-0.54284668,0.356201172,-2.0703125,-2.33984375,2.13671875,-6.8203125,6.921875,-1.5625,0.146484375,-0.240234375,-0.1953125
1559,15549293,15849293,0.744445801,-0.156005859,-0.544250488,0.353881836,-2.0703125,-2.33984375,2.13671875,-6.8203125,6.921875,-1.5625,0.37109375,-0.3046875,-0.30859375
1560,15562083,15862083,0.744567871,-0.156433105,-0.545532227,0.35144043,-1.171875,-2.21484375,1.7890625,-6.875,6.875,-1.5625,0.37109375,-0.3046875,-0.30859375
1561,15569430,15869430,0.744689941,-0.156860352,-0.546691895,0.349243164,-1.171875,-2.21484375,1.7890625,-6.875,6.875,-1.5625,0.3359375,-0.251953125,-0.2578125
1562,15577491,15877491,0.744750977,-0.157226562,-0.547790527,0.347229004,-0.44140625,-0.24609375,1.0390625,-6.9140625,6.8203125,-1.578125,0.3359375,-0.251953125,-0.2578125
1563,15589329,15889329,0.744567871,-0.157531738,-0.548950195,0.345581055,-0.44140625,-0.24609375,1.0390625,-6.9140625,6.8203125,-1.578125,0.208984375,-0.27734375,-0.1953125
1564,15596415,15896415,0.74420166,-0.157897949,-0.550292969,0.344116211,-0.3515625,0.3671875,0.41796875,-6.96875,6.78125,-1.5703125,0.208984375,-0.27734375,-0.1953125
1565,15610765,15910765,0.743469238,-0.15826416,-0.552124023,0.342590332,-0.3515625,0.3671875,0.41796875,-6.96875,6.78125,-1.5703125,0.1171875,-0.45703125,-0.2265625
1566,15620484,15920484,0.742492676,-0.15838623,-0.554260254,0.341186523,-0.46484375,0.3984375,0.546875,-7.0078125,6.75,-1.546875,0.1171875,-0.45703125,-0.2265625
1567,15630865,15930865,0.741516113,-0.15814209,-0.55657959,0.339660645,-0.46484375,0.3984375,0.546875,-7.0078125,6.75,-1.546875,0.052734375,-0.501953125,-0.396484375
1568,15639868,15939868,0.740539551,-0.157409668,-0.559265137,0.337768555,-0.6015625,0.03125,0.71484375,-7.0625,6.6953125,-1.484375,0.052734375,-0.501953125,-0.396484375
1569,15650034,15950034,0.739685059,-0.156433105,-0.561950684,0.335571289,-0.6015625,0.03125,0.71484375,-7.0625,6.6953125,-1.484375,0.078125,-0.513671875,-0.634765625
1570,15657510,15957510,0.738891602,-0.154968262,-0.565002441,0.332824707,-0.78125,-0.85546875,0.65234375,-7.1484375,6.625,-1.421875,0.078125,-0.513671875,-0.634765625
1571,15668471,15968471,0.73815918,-0.153259277,-0.56817627,0.329833984,-0.78125,-0.85546875,0.65234375,-7.1484375,6.625,-1.421875,0.111328125,-0.548828125,-0.828125
1572,15676456,15976456,0.737426758,-0.151428223,-0.571472168,0.326660156,-0.7890625,-0.96875,0.5078125,-7.2578125,6.5078125,-1.3515625,0.111328125,-0.548828125,-0.828125
1573,15689574,15989574,0.736572266,-0.149353027,-0.575134277,0.323120117,-0.7890625,-0.96875,0.5078125,-7.2578125,6.5078125,-1.3515625,0.12109375,-0.62109375,-0.912109375
1574,15698482,15998482,0.735534668,-0.147399902,-0.578979492,0.319458008,-0.73046875,-1.06640625,0.359375,-7.390625,6.375,-1.28125,0.12109375,-0.62109375,-0.912109375
1575,15708778,16008778,0.734436035,-0.145568848,-0.582885742,0.315734863,-0.73046875,-1.06640625,0.359375,-7.390625,6.375,-1.28125,0.169921875,-0.73828125,-0.916015625
1576,15722852,16022852,0.733154297,-0.143981934,-0.587036133,0.311767578,-0.8203125,-0.6875,0.1953125,-7.53125,6.2265625,-1.1953125,0.169921875,-0.73828125,-0.916015625
1577,15731912,16031912,0.731811523,-0.14251709,-0.591125488,0.307861328,-0.8203125,-0.6875,0.1953125,-7.53125,6.2265625,-1.1953125,0.208984375,-0.794921875,-0.88671875
1578,15739170,16039170,0.730407715,-0.141113281,-0.595031738,0.304138184,-0.7265625,0.36328125,0.44921875,-7.6640625,6.09375,-1.1015625,0.208984375,-0.794921875,-0.88671875
1579,15750908,16050908,0.728942871,-0.139587402,-0.599182129,0.300231934,-0.7265625,0.36328125,0.44921875,-7.6640625,6.09375,-1.1015625,0.166015625,-0.7734375,-0.86328125
1580,15755696,16055696,0.727355957,-0.138061523,-0.603393555,0.296386719,-0.5234375,1.05078125,0.421875,-7.7890625,5.9453125,-1,0.166015625,-0.7734375,-0.86328125
1581,15769218,16069218,0.725646973,-0.136779785,-0.607421875,0.29284668,-0.5234375,1.05078125,0.421875,-7.7890625,5.9453125,-1,0.146484375,-0.880859375,-0.798828125
1582,15778268,16078268,0.723510742,-0.135986328,-0.611694336,0.289550781,-0.0703125,1.3359375,-0.19140625,-7.8984375,5.8125,-0.8828125,0.146484375,-0.880859375,-0.798828125
1583,15791205,16091205,0.720581055,-0.135803223,-0.616699219,0.286315918,-0.0703125,1.3359375,-0.19140625,-7.8984375,5.8125,-0.8828125,0.138671875,-1.18359375,-0.533203125
1584,15799502,16099502,0.717590332,-0.135925293,-0.621276855,0.283813477,0.75,1.140625,-0.33984375,-7.9921875,5.703125,-0.734375,0.138671875,-1.18359375,-0.533203125
1585,15810807,16110807,0.714660645,-0.135620117,-0.625610352,0.281921387,0.75,1.140625,-0.33984375,-7.9921875,5.703125,-0.734375,-0.123046875,-0.869140625,-0.431640625
1586,15817529,16117529,0.712158203,-0.134765625,-0.629333496,0.280334473,0.17578125,0.71875,0.0625,-8.0703125,5.625,-0.5625,-0.123046875,-0.869140625,-0.431640625
1587,15828488,16128488,0.710021973,-0.134033203,-0.63269043,0.278625488,0.17578125,0.71875,0.0625,-8.0703125,5.625,-0.5625,0,-0.779296875,-0.46484375
1588,15837036,16137036,0.707885742,-0.133789062,-0.636047363,0.276489258,-0.11328125,0.3671875,-1.1875,-8.125,5.5546875,-0.421875,0,-0.779296875,-0.46484375
1589,15851381,16151381,0.705627441,-0.134033203,-0.639587402,0.273986816,-0.11328125,0.3671875,-1.1875,-8.125,5.5546875,-0.421875,0.193359375,-0.8515625,-0.373046875
1590,15858196,16158196,0.703552246,-0.13458252,-0.642700195,0.271728516,0.44140625,-0.09765625,-0.625,-8.1796875,5.484375,-0.296875,0.193359375,-0.8515625,-0.373046875
1591,15871511,16171511,0.701293945,-0.135375977,-0.645996094,0.269287109,0.44140625,-0.09765625,-0.625,-8.1796875,5.484375,-0.296875,0.255859375,-0.81640625,-0.28515625
1592,15879844,16179844,0.699279785,-0.136352539,-0.648986816,0.266906738,0.2890625,-0.234375,-0.65625,-8.21875,5.4296875,-0.1875,0.255859375,-0.81640625,-0.28515625
1593,15889186,16189186,0.69720459,-0.137695312,-0.652099609,0.264160156,0.2890625,-0.234375,-0.65625,-8.21875,5.4296875,-0.1875,0.392578125,-0.83984375,-0.271484375
1594,15897479,16197479,0.695129395,-0.139160156,-0.655090332,0.261230469,0.3359375,0.078125,-0.95703125,-8.265625,5.3828125,-0.078125,0.392578125,-0.83984375,-0.271484375
1595,15908806,16208806,0.69317627,-0.14074707,-0.65802002,0.258239746,0.3359375,0.078125,-0.95703125,-8.265625,5.3828125,-0.078125,0.455078125,-0.818359375,-0.25
1596,15917606,16217606,0.691345215,-0.142456055,-0.660644531,0.255432129,0.51171875,-0.140625,-0.73828125,-8.2890625,5.3359375,0.0078125,0.455078125,-0.818359375,-0.25
1597,15928588,16228588,0.689453125,-0.144592285,-0.663330078,0.252380371,0.51171875,-0.140625,-0.73828125,-8.2890625,5.3359375,0.0078125,0.53515625,-0.76953125,-0.146484375
1598,15939479,16239479,0.687744141,-0.146911621,-0.665649414,0.249633789,0.34375,-0.0703125,-0.515625,-8.3125,5.3046875,0.09375,0.53515625,-0.76953125,-0.146484375
1599,15951243,16251243,0.686096191,-0.149414062,-0.66784668,0.246826172,0.34375,-0.0703125,-0.515625,-8.3125,5.3046875,0.09375,0.564453125,-0.701171875,-0.056640625
1600,15959531,16259531,0.684448242,-0.151855469,-0.66986084,0.244384766,0.19921875,0.328125,-0.234375,-8.3203125,5.2890625,0.15625,0.564453125,-0.701171875,-0.056640625
1601,15968714,16268714,0.682556152,-0.154174805,-0.672119141,0.242004395,0.19921875,0.328125,-0.234375,-8.3203125,5.2890625,0.15625,0.4140625,-0.736328125,-0.05859375
1602,15979915,16279915,0.680725098,-0.155944824,-0.674255371,0.239990234,-0.109375,0.56640625,-0.2578125,-8.3203125,5.28125,0.21875,0.4140625,-0.736328125,-0.05859375
1603,15991224,16291224,0.678833008,-0.157775879,-0.676513672,0.237976074,-0.109375,0.56640625,-0.2578125,-8.3203125,5.28125,0.21875,0.361328125,-0.666015625,-0.078125
1604,15994950,16294950,0.677246094,-0.159484863,-0.678405762,0.235961914,0.05078125,0.41796875,-0.52734375,-8.328125,5.2734375,0.296875,0.361328125,-0.666015625,-0.078125
1605,16010701,16310701,0.675598145,-0.161560059,-0.680358887,0.233642578,0.05078125,0.41796875,-0.52734375,-8.328125,5.2734375,0.296875,0.4765625,-0.638671875,-0.0703125
1606,16018353,16318353,0.673950195,-0.163635254,-0.682250977,0.231262207,-0.40625,0.16015625,-0.28515625,-8.328125,5.265625,0.359375,0.4765625,-0.638671875,-0.0703125
1607,16029904,16329904,0.672241211,-0.165710449,-0.684265137,0.229003906,-0.40625,0.16015625,-0.28515625,-8.328125,5.265625,0.359375,0.4296875,-0.671875,-0.05859375
1608,16043018,16343018,0.670471191,-0.167602539,-0.686218262,0.226928711,-0.29296875,0.05078125,-0.0859375,-8.328125,5.2578125,0.4296875,0.4296875,-0.671875,-0.05859375
1609,16052268,16352268,0.668701172,-0.169189453,-0.688171387,0.225097656,-0.29296875,0.05078125,-0.0859375,-8.328125,5.2578125,0.4296875,0.26953125,-0.5859375,-0.0625
1610,16058598,16358598,0.667175293,-0.170471191,-0.689819336,0.223510742,0.16796875,-0.015625,-0.07421875,-8.328125,5.25,0.4921875,0.26953125,-0.5859375,-0.0625
1611,16071612,16371612,0.665771484,-0.171875,-0.69140625,0.221740723,0.16796875,-0.015625,-0.07421875,-8.328125,5.25,0.4921875,0.322265625,-0.498046875,-0.099609375
1612,16075349,16375349,0.664611816,-0.173217773,-0.692810059,0.219787598,-0.015625,-0.4609375,-0.44140625,-8.3359375,5.234375,0.5546875,0.322265625,-0.498046875,-0.099609375
1613,16091385,16391385,0.663452148,-0.174804688,-0.694274902,0.217468262,-0.015625,-0.4609375,-0.44140625,-8.3359375,5.234375,0.5546875,0.435546875,-0.4765625,-0.1328125
1614,16098191,16398191,0.662414551,-0.176330566,-0.695556641,0.215148926,0.10546875,-0.29296875,-0.3671875,-8.34375,5.21875,0.59375,0.435546875,-0.4765625,-0.1328125
1615,16111118,16411118,0.661193848,-0.177856445,-0.69708252,0.21270752,0.10546875,-0.29296875,-0.3671875,-8.34375,5.21875,0.59375,0.396484375,-0.5078125,-0.171875
1616,16119099,16419099,0.660095215,-0.178955078,-0.698547363,0.210449219,0.15234375,0.14453125,-0.09765625,-8.3515625,5.203125,0.6328125,0.396484375,-0.5078125,-0.171875
1617,16130440,16430440,0.658935547,-0.17980957,-0.700073242,0.208190918,0.15234375,0.14453125,-0.09765625,-8.3515625,5.203125,0.6328125,0.302734375,-0.46484375,-0.224609375
1618,16136096,16436096,0.657836914,-0.180541992,-0.701599121,0.205993652,-0.0546875,0.21484375,-0.3671875,-8.375,5.171875,0.671875,0.302734375,-0.46484375,-0.224609375
1619,16150518,16450518,0.656799316,-0.181213379,-0.70300293,0.203857422,-0.0546875,0.21484375,-0.3671875,-8.375,5.171875,0.671875,0.294921875,-0.44140625,-0.23828125
1620,16155301,16455301,0.655822754,-0.181884766,-0.704345703,0.201599121,0.15234375,0.09375,-0.26171875,-8.390625,5.140625,0.71875,0.294921875,-0.44140625,-0.23828125
1621,16169529,16469529,0.655151367,-0.182373047,-0.705505371,0.199523926,0.15234375,0.09375,-0.26171875,-8.390625,5.140625,0.71875,0.24609375,-0.279296875,-0.248046875
1622,16178817,16478817,0.654785156,-0.182617188,-0.706237793,0.197814941,0.51953125,0.0546875,-0.0234375,-8.4140625,5.1015625,0.75,0.24609375,-0.279296875,-0.248046875
1623,16190543,16490543,0.654663086,-0.182678223,-0.706787109,0.196228027,0.51953125,0.0546875,-0.0234375,-8.4140625,5.1015625,0.75,0.185546875,-0.12890625,-0.201171875
1624,16198418,16498418,0.654602051,-0.182861328,-0.70715332,0.194885254,0.4609375,0.125,-0.38671875,-8.4296875,5.0703125,0.765625,0.185546875,-0.12890625,-0.201171875
1625,16210648,16510648,0.654724121,-0.182983398,-0.707275391,0.193786621,0.4609375,0.125,-0.38671875,-8.4296875,5.0703125,0.765625,0.15234375,-0.015625,-0.134765625
1626,16216102,16516102,0.655090332,-0.182983398,-0.707214355,0.192932129,0.59765625,0.33984375,-0.33984375,-8.453125,5.046875,0.7578125,0.15234375,-0.015625,-0.134765625
1627,16230562,16530562,0.655578613,-0.182739258,-0.706970215,0.192321777,0.59765625,0.33984375,-0.33984375,-8.453125,5.046875,0.7578125,0.0625,0.130859375,-0.130859375
1628,16235336,16535336,0.65637207,-0.182189941,-0.706542969,0.191833496,0.30078125,0.59375,-0.35546875,-8.4609375,5.0234375,0.734375,0.0625,0.130859375,-0.130859375
1629,16249904,16549904,0.657287598,-0.18145752,-0.705993652,0.19152832,0.30078125,0.59375,-0.35546875,-8.4609375,5.0234375,0.734375,-0.03515625,0.259765625,-0.1640625
1630,16261819,16561819,0.65838623,-0.180358887,-0.705200195,0.19140625,0.4296875,0.77734375,-0.58984375,-8.4765625,4.9921875,0.703125,-0.03515625,0.259765625,-0.1640625
1631,16270506,16570506,0.659729004,-0.179077148,-0.704284668,0.191589355,0.4296875,0.77734375,-0.58984375,-8.4765625,4.9921875,0.703125,-0.16796875,0.40625,-0.142578125
1632,16279606,16579606,0.661193848,-0.177429199,-0.703125,0.192260742,0.90625,0.953125,-0.58203125,-8.4921875,4.96875,0.65625,-0.16796875,0.40625,-0.142578125
1633,16291549,16591549,0.662719727,-0.175598145,-0.701782227,0.19342041,0.90625,0.953125,-0.58203125,-8.4921875,4.96875,0.65625,-0.34765625,0.5234375,-0.060546875
1634,16297612,16597612,0.66418457,-0.17364502,-0.700500488,0.195007324,1.07421875,1.046875,-0.6328125,-8.5078125,4.953125,0.59375,-0.34765625,0.5234375,-0.060546875
1635,16310761,16610761,0.66583252,-0.171325684,-0.698913574,0.19708252,1.07421875,1.046875,-0.6328125,-8.5078125,4.953125,0.59375,-0.48828125,0.5859375,0.0078125
1636,16315801,16615801,0.667419434,-0.169006348,-0.69732666,0.199401855,0.890625,0.9375,-0.92578125,-8.515625,4.9453125,0.5390625,-0.48828125,0.5859375,0.0078125
1637,16329637,16629637,0.669128418,-0.166625977,-0.695495605,0.201965332,0.890625,0.9375,-0.92578125,-8.515625,4.9453125,0.5390625,-0.5703125,0.697265625,0.078125
1638,16342904,16642904,0.671020508,-0.164245605,-0.69342041,0.20489502,0.73828125,0.82421875,-0.83984375,-8.515625,4.9453125,0.4921875,-0.5703125,0.697265625,0.078125
1639,16352116,16652116,0.673095703,-0.16204834,-0.690856934,0.208190918,0.73828125,0.82421875,-0.83984375,-8.515625,4.9453125,0.4921875,-0.599609375,0.880859375,0.23828125
1640,16360990,16660990,0.675354004,-0.16003418,-0.688049316,0.211853027,0.8046875,0.609375,-0.5625,-8.5078125,4.96875,0.40625,-0.599609375,0.880859375,0.23828125
1641,16370758,16670758,0.677856445,-0.15814209,-0.684509277,0.216552734,0.8046875,0.609375,-0.5625,-8.5078125,4.96875,0.40625,-0.712890625,1.09375,0.529296875
1642,16377625,16677625,0.680541992,-0.15625,-0.680480957,0.222167969,0.859375,0.69921875,-0.34375,-8.484375,5.03125,0.3046875,-0.712890625,1.09375,0.529296875
1643,16391440,16691440,0.683166504,-0.154663086,-0.676269531,0.228088379,0.859375,0.69921875,-0.34375,-8.484375,5.03125,0.3046875,-0.775390625,1.20117188,0.734375
1644,16395167,16695167,0.68560791,-0.153381348,-0.672119141,0.233886719,0.484375,0.828125,-0.71875,-8.4140625,5.1328125,0.1796875,-0.775390625,1.20117188,0.734375
1645,16410516,16710516,0.687988281,-0.15246582,-0.667663574,0.24017334,0.484375,0.828125,-0.71875,-8.4140625,5.1328125,0.1796875,-0.685546875,1.08984375,0.826171875
1646,16420669,16720669,0.690063477,-0.151855469,-0.663574219,0.245849609,0.25,1.0390625,-0.83203125,-8.3359375,5.265625,0.0625,-0.685546875,1.08984375,0.826171875
1647,16430021,16730021,0.692199707,-0.151123047,-0.659301758,0.25177002,0.25,1.0390625,-0.83203125,-8.3359375,5.265625,0.0625,-0.6875,1.06835938,0.79296875
1648,16437113,16737113,0.694274902,-0.149963379,-0.655029297,0.257751465,0.2734375,1.703125,-0.375,-8.2421875,5.40625,-0.046875,-0.6875,1.06835938,0.79296875
1649,16449873,16749873,0.696350098,-0.148254395,-0.650634766,0.264282227,0.2734375,1.703125,-0.375,-8.2421875,5.40625,-0.046875,-0.947265625,1.19335938,0.765625
1650,16460496,16760496,0.698364258,-0.14630127,-0.646118164,0.270996094,0.2265625,1.2265625,-0.50390625,-8.15625,5.5390625,-0.1484375,-0.947265625,1.19335938,0.765625
1651,16469257,16769257,0.700378418,-0.144775391,-0.641296387,0.277893066,0.2265625,1.2265625,-0.50390625,-8.15625,5.5390625,-0.1484375,-0.826171875,1.18945312,0.908203125
1652,16476654,16776654,0.702453613,-0.144287109,-0.636352539,0.284240723,0.19921875,-0.03125,-1.5234375,-8.0546875,5.6875,-0.2421875,-0.826171875,1.18945312,0.908203125
1653,16492684,16792684,0.704589844,-0.145141602,-0.631164551,0.290039062,0.19921875,-0.03125,-1.5234375,-8.0546875,5.6875,-0.2421875,-0.29296875,1.10546875,1.14257812
1654,16498497,16798497,0.706726074,-0.146972656,-0.626037598,0.295043945,0.21875,-0.42578125,-1.05859375,-7.921875,5.8515625,-0.359375,-0.29296875,1.10546875,1.14257812
1655,16509822,16809822,0.708862305,-0.149597168,-0.620483398,0.300170898,0.21875,-0.42578125,-1.05859375,-7.921875,5.8515625,-0.359375,-0.083984375,0.982421875,1.234375
1656,16518493,16818493,0.710876465,-0.15234375,-0.615234375,0.30480957,0.109375,0.48828125,-0.4140625,-7.7734375,6.046875,-0.5078125,-0.083984375,0.982421875,1.234375
1657,16530920,16830920,0.712890625,-0.155517578,-0.610168457,0.30871582,0.109375,0.48828125,-0.4140625,-7.7734375,6.046875,-0.5078125,0.19921875,0.859375,1.140625
1658,16542638,16842638,0.71472168,-0.158874512,-0.60559082,0.311767578,-0.3203125,-0.38671875,-0.2265625,-7.609375,6.234375,-0.65625,0.19921875,0.859375,1.140625
1659,16551083,16851083,0.716308594,-0.162597656,-0.601135254,0.314758301,-0.3203125,-0.38671875,-0.2265625,-7.609375,6.234375,-0.65625,0.251953125,0.634765625,1.10351562
1660,16555886,16855886,0.717651367,-0.16619873,-0.596984863,0.317810059,-0.5078125,0.13671875,0.10546875,-7.4609375,6.3984375,-0.796875,0.251953125,0.634765625,1.10351562
1661,16571528,16871528,0.718811035,-0.169372559,-0.592712402,0.321411133,-0.5078125,0.13671875,0.10546875,-7.4609375,6.3984375,-0.796875,-0.056640625,0.67578125,1.07226562
1662,16578489,16878489,0.719543457,-0.171142578,-0.588745117,0.326171875,-0.12890625,0.9296875,0.453125,-7.3046875,6.5625,-0.9140625,-0.056640625,0.67578125,1.07226562
1663,16590314,16890314,0.719909668,-0.171142578,-0.584411621,0.333068848,-0.12890625,0.9296875,0.453125,-7.3046875,6.5625,-0.9140625,-1.0546875,0.958984375,1.05664062
1664,16598477,16898477,0.720031738,-0.169677734,-0.579772949,0.341552734,0.6640625,1.07421875,0.421875,-7.140625,6.7265625,-0.9609375,-1.0546875,0.958984375,1.05664062
1665,16610463,16910463,0.720153809,-0.167358398,-0.574645996,0.351013184,0.6640625,1.07421875,0.421875,-7.140625,6.7265625,-0.9609375,-1.51367188,1.29101562,1.10742188
1666,16620081,16920081,0.720397949,-0.165039062,-0.569152832,0.360290527,0.64453125,0.51171875,-0.55078125,-6.96875,6.90625,-0.9453125,-1.51367188,1.29101562,1.10742188
1667,16630879,16930879,0.721069336,-0.163879395,-0.563598633,0.368164062,0.64453125,0.51171875,-0.55078125,-6.96875,6.90625,-0.9453125,-0.755859375,1.12304688,1.07421875
1668,16635654,16935654,0.722106934,-0.164672852,-0.55847168,0.373596191,-1.03515625,-1.125,-1.1640625,-6.78125,7.0859375,-0.9453125,-0.755859375,1.12304688,1.07421875
1669,16650190,16950190,0.723205566,-0.167175293,-0.554077148,0.37689209,-1.03515625,-1.125,-1.1640625,-6.78125,7.0859375,-0.9453125,0.21875,0.5625,0.99609375
1670,16661911,16961911,0.72442627,-0.170166016,-0.549926758,0.379211426,-0.96875,-1.3125,-0.28125,-6.6171875,7.234375,-1.0234375,0.21875,0.5625,0.99609375
1671,16670340,16970340,0.725708008,-0.172241211,-0.546020508,0.381530762,-0.96875,-1.3125,-0.28125,-6.6171875,7.234375,-1.0234375,0.033203125,0.724609375,0.802734375
1672,16679476,16979476,0.727050781,-0.173095703,-0.541564941,0.38494873,-0.3046875,0.75390625,0.32421875,-6.4765625,7.3515625,-1.1328125,0.033203125,0.724609375,0.802734375
1673,16690433,16990433,0.728210449,-0.172241211,-0.536987305,0.389465332,-0.3046875,0.75390625,0.32421875,-6.4765625,7.3515625,-1.1328125,-0.6640625,1.1171875,0.62890625
1674,16697482,16997482,0.729431152,-0.170410156,-0.532287598,0.39440918,0.13671875,1.265625,-0.171875,-6.34375,7.453125,-1.2109375,-0.6640625,1.1171875,0.62890625
1675,16710380,17010380,0.730895996,-0.168579102,-0.52722168,0.399353027,0.13671875,1.265625,-0.171875,-6.34375,7.453125,-1.2109375,-0.490234375,1.12890625,0.568359375
1676,16717688,17017688,0.73248291,-0.167724609,-0.522583008,0.402770996,-1.015625,-1.921875,-0.19921875,-6.2265625,7.5390625,-1.2578125,-0.490234375,1.12890625,0.568359375
1677,16730465,17030465,0.734008789,-0.168273926,-0.519104004,0.404296875,-1.015625,-1.921875,-0.19921875,-6.2265625,7.5390625,-1.2578125,0.283203125,0.48046875,0.416015625
1678,16736095,17036095,0.735412598,-0.17010498,-0.516723633,0.404052734,-2.07421875,-2.109375,-0.14453125,-6.125,7.609375,-1.3515625,0.283203125,0.48046875,0.416015625
1679,16749698,17049698,0.736755371,-0.172485352,-0.514709473,0.403076172,-2.07421875,-2.109375,-0.14453125,-6.125,7.609375,-1.3515625,0.59765625,0.22265625,0.36328125
1680,16761708,17061708,0.738464355,-0.174621582,-0.512084961,0.402404785,-1.0625,-0.453125,0.72265625,-6.0625,7.640625,-1.453125,0.59765625,0.22265625,0.36328125
1681,16775802,17075802,0.740356445,-0.17590332,-0.508544922,0.402893066,-1.0625,-0.453125,0.72265625,-6.0625,7.640625,-1.453125,0.201171875,0.845703125,0.513671875
1682,16780089,17080089,0.74230957,-0.176025391,-0.503723145,0.405273438,0.390625,1,0.47265625,-5.984375,7.6796875,-1.5859375,0.201171875,0.845703125,0.513671875
1683,16791408,17091408,0.743591309,-0.175598145,-0.499145508,0.408813477,0.390625,1,0.47265625,-5.984375,7.6796875,-1.5859375,-0.408203125,0.935546875,0.6328125
1684,16797793,17097793,0.744445801,-0.175231934,-0.494934082,0.412414551,0.37890625,0.5,-1.77734375,-5.859375,7.7578125,-1.671875,-0.408203125,0.935546875,0.6328125
1685,16811750,17111750,0.745544434,-0.175476074,-0.490661621,0.415527344,0.37890625,0.5,-1.77734375,-5.859375,7.7578125,-1.671875,-0.064453125,0.76171875,0.62109375
1686,16817615,17117615,0.746887207,-0.176452637,-0.486755371,0.417175293,-0.82421875,-0.49609375,-1.109375,-5.7265625,7.8359375,-1.7265625,-0.064453125,0.76171875,0.62109375
1687,16831153,17131153,0.748840332,-0.178161621,-0.482971191,0.417480469,-0.82421875,-0.49609375,-1.109375,-5.7265625,7.8359375,-1.7265625,0.537109375,0.58203125,0.474609375
1688,16839621,17139621,0.751098633,-0.17980957,-0.479431152,0.416748047,-1.2734375,-0.6640625,0.1640625,-5.625,7.890625,-1.8515625,0.537109375,0.58203125,0.474609375
1689,16851497,17151497,0.75378418,-0.181152344,-0.475891113,0.415344238,-1.2734375,-0.6640625,0.1640625,-5.625,7.890625,-1.8515625,0.71484375,0.634765625,0.1796875
1690,16857999,17157999,0.756652832,-0.181945801,-0.47265625,0.413452148,-1.6640625,-1.2578125,1.140625,-5.5390625,7.90625,-2.0234375,0.71484375,0.634765625,0.1796875
1691,16869236,17169236,0.759460449,-0.182373047,-0.470031738,0.411132812,-1.6640625,-1.2578125,1.140625,-5.5390625,7.90625,-2.0234375,0.677734375,0.44140625,-0.115234375
1692,16878099,17178099,0.761657715,-0.182617188,-0.468505859,0.408752441,-2.03125,-1.76171875,1.38671875,-5.515625,7.875,-2.1953125,0.677734375,0.44140625,-0.115234375
1693,16890870,17190870,0.763061523,-0.182922363,-0.467895508,0.406677246,-2.03125,-1.76171875,1.38671875,-5.515625,7.875,-2.1953125,0.423828125,0.03515625,-0.173828125
1694,16898217,17198217,0.763916016,-0.183105469,-0.467956543,0.404907227,-1.671875,-2.02734375,1.91796875,-5.53125,7.8359375,-2.3046875,0.423828125,0.03515625,-0.173828125
1695,16913400,17213400,0.764282227,-0.183166504,-0.468322754,0.403808594,-1.671875,-2.02734375,1.91796875,-5.53125,7.8359375,-2.3046875,0.140625,-0.080078125,-0.1328125
1696,16922140,17222140,0.764465332,-0.183166504,-0.46862793,0.402954102,-0.875,-1.61328125,1.84375,-5.5625,7.8046875,-2.34375,0.140625,-0.080078125,-0.1328125
1697,16930596,17230596,0.764770508,-0.183227539,-0.46887207,0.402160645,-0.875,-1.61328125,1.84375,-5.5625,7.8046875,-2.34375,0.15625,-0.044921875,-0.08984375
1698,16936093,17236093,0.765014648,-0.183410645,-0.469116211,0.401306152,-0.390625,-0.47265625,0.171875,-5.5859375,7.7734375,-2.359375,0.15625,-0.044921875,-0.08984375
1699,16949191,17249191,0.765197754,-0.18359375,-0.469482422,0.40045166,-0.390625,-0.47265625,0.171875,-5.5859375,7.7734375,-2.359375,0.15234375,-0.103515625,-0.103515625
1700,16957386,17257386,0.765319824,-0.183776855,-0.470092773,0.399414062,-0.68359375,-0.1484375,0.15234375,-5.6015625,7.7578125,-2.375,0.15234375,-0.103515625,-0.103515625
1701,16970171,17270171,0.765258789,-0.183959961,-0.471130371,0.398193359,-0.68359375,-0.1484375,0.15234375,-5.6015625,7.7578125,-2.375,0.15625,-0.28515625,-0.193359375
1702,16976105,17276105,0.764953613,-0.184143066,-0.47265625,0.396911621,-0.95703125,-0.08984375,0.7265625,-5.6328125,7.734375,-2.375,0.15625,-0.28515625,-0.193359375
1703,16991394,17291394,0.764404297,-0.184020996,-0.47454834,0.395690918,-0.95703125,-0.08984375,0.7265625,-5.6328125,7.734375,-2.375,0.0234375,-0.376953125,-0.29296875
1704,17001248,17301248,0.763793945,-0.183532715,-0.4765625,0.394714355,-0.8203125,-0.25,1.31640625,-5.6953125,7.703125,-2.3515625,0.0234375,-0.376953125,-0.29296875
1705,17010853,17310853,0.763000488,-0.182800293,-0.479064941,0.393676758,-0.8203125,-0.25,1.31640625,-5.6953125,7.703125,-2.3515625,-0.09765625,-0.486328125,-0.412109375
1706,17017788,17317788,0.76184082,-0.181884766,-0.482177734,0.39239502,-1.3984375,-1.359375,1.375,-5.765625,7.6640625,-2.296875,-0.09765625,-0.486328125,-0.412109375
1707,17031350,17331350,0.760620117,-0.181030273,-0.485656738,0.390930176,-1.3984375,-1.359375,1.375,-5.765625,7.6640625,-2.296875,-0.080078125,-0.69140625,-0.556640625
1708,17037714,17337714,0.759277344,-0.179992676,-0.489562988,0.389160156,-1.671875,-1.87890625,1.2890625,-5.875,7.609375,-2.2109375,-0.080078125,-0.69140625,-0.556640625
1709,17054265,17354265,0.757629395,-0.178588867,-0.49432373,0.387023926,-1.671875,-1.87890625,1.2890625,-5.875,7.609375,-2.2109375,-0.12890625,-0.849609375,-0.744140625
1710,17058408,17358408,0.755859375,-0.176940918,-0.499206543,0.384887695,-1.5703125,-1.72265625,1.2578125,-6.015625,7.53125,-2.1015625,-0.12890625,-0.849609375,-0.744140625
1711,17071359,17371359,0.75390625,-0.174987793,-0.504455566,0.382751465,-1.5703125,-1.72265625,1.2578125,-6.015625,7.53125,-2.1015625,-0.240234375,-0.92578125,-0.865234375
1712,17079624,17379624,0.75189209,-0.172851562,-0.509643555,0.38079834,-1.21484375,-1.27734375,1.23828125,-6.1796875,7.4296875,-1.96875,-0.240234375,-0.92578125,-0.865234375
1713,17090054,17390054,0.749572754,-0.170288086,-0.515441895,0.37878418,-1.21484375,-1.27734375,1.23828125,-6.1796875,7.4296875,-1.96875,-0.35546875,-0.943359375,-0.923828125
1714,17096236,17396236,0.747192383,-0.167541504,-0.520935059,0.37713623,-0.78125,-0.44921875,0.72265625,-6.34375,7.328125,-1.796875,-0.35546875,-0.943359375,-0.923828125
1715,17110651,17410651,0.744689941,-0.164611816,-0.526611328,0.375549316,-0.78125,-0.44921875,0.72265625,-6.34375,7.328125,-1.796875,-0.470703125,-0.943359375,-0.947265625
1716,17116646,17416646,0.7421875,-0.161804199,-0.532043457,0.373962402,-0.49609375,0.3515625,0.265625,-6.515625,7.21875,-1.609375,-0.470703125,-0.943359375,-0.947265625
1717,17131319,17431319,0.739562988,-0.159179688,-0.538146973,0.371643066,-0.49609375,0.3515625,0.265625,-6.515625,7.21875,-1.609375,-0.25,-1.0625,-0.98046875
1718,17138202,17438202,0.737121582,-0.157104492,-0.544006348,0.368774414,-0.6328125,0.390625,0.1640625,-6.6875,7.1015625,-1.4296875,-0.25,-1.0625,-0.98046875
1719,17149439,17449439,0.734741211,-0.155090332,-0.550354004,0.36505127,-0.6328125,0.390625,0.1640625,-6.6875,7.1015625,-1.4296875,0.013671875,-1.11914062,-1.078125
1720,17162300,17462300,0.732666016,-0.153137207,-0.556152344,0.361206055,-0.64453125,0.34765625,-0.0078125,-6.8671875,6.953125,-1.2578125,0.013671875,-1.11914062,-1.078125
1721,17170175,17470175,0.73059082,-0.150878906,-0.562194824,0.356872559,-0.64453125,0.34765625,-0.0078125,-6.8671875,6.953125,-1.2578125,0.04296875,-1.06640625,-1.2265625
1722,17176125,17476125,0.72857666,-0.148132324,-0.568481445,0.352233887,-0.76171875,0.50390625,-0.08203125,-7.0546875,6.796875,-1.109375,0.04296875,-1.06640625,-1.2265625
1723,17190994,17490994,0.72668457,-0.145446777,-0.57434082,0.34777832,-0.76171875,0.50390625,-0.08203125,-7.0546875,6.796875,-1.109375,0.02734375,-0.986328125,-1.22851562
1724,17196738,17496738,0.724609375,-0.142944336,-0.58013916,0.343444824,-0.87109375,0.42578125,-0.0078125,-7.25,6.609375,-0.953125,0.02734375,-0.986328125,-1.22851562
1725,17209350,17509350,0.722351074,-0.140808105,-0.58581543,0.339416504,-0.87109375,0.42578125,-0.0078125,-7.25,6.609375,-0.953125,0.02734375,-1.12695312,-1.078125
1726,17217656,17517656,0.719665527,-0.139160156,-0.591796875,0.335327148,-0.43359375,0.7890625,-0.8046875,-7.421875,6.4375,-0.8046875,0.02734375,-1.12695312,-1.078125
1727,17230390,17530390,0.716918945,-0.138122559,-0.59765625,0.331359863,-0.43359375,0.7890625,-0.8046875,-7.421875,6.4375,-0.8046875,0.14453125,-1.24804688,-0.91796875
1728,17238847,17538847,0.714172363,-0.137634277,-0.603271484,0.327209473,0.05859375,0.7890625,-1.015625,-7.5703125,6.28125,-0.6328125,0.14453125,-1.24804688,-0.91796875
1729,17250830,17550830,0.711303711,-0.137695312,-0.609191895,0.32244873,0.05859375,0.7890625,-1.015625,-7.5703125,6.28125,-0.6328125,0.404296875,-1.29296875,-0.818359375
1730,17256785,17556785,0.708618164,-0.138305664,-0.614868164,0.317321777,0.03125,0.5,-0.4921875,-7.6953125,6.1484375,-0.46875,0.404296875,-1.29296875,-0.818359375
1731,17270674,17570674,0.705993652,-0.139221191,-0.620361328,0.311889648,0.03125,0.5,-0.4921875,-7.6953125,6.1484375,-0.46875,0.625,-1.31445312,-0.796875
1732,17277609,17577609,0.703491211,-0.140563965,-0.625793457,0.306152344,-0.31640625,0.6328125,-0.59375,-7.8046875,6.015625,-0.328125,0.625,-1.31445312,-0.796875
1733,17290285,17590285,0.700927734,-0.142211914,-0.631103516,0.300354004,-0.31640625,0.6328125,-0.59375,-7.8046875,6.015625,-0.328125,0.736328125,-1.31640625,-0.7265625
1734,17296215,17596215,0.698364258,-0.143981934,-0.636169434,0.294799805,-0.5625,0.4921875,-0.640625,-7.90625,5.890625,-0.203125,0.736328125,-1.31640625,-0.7265625
1735,17308743,17608743,0.695495605,-0.145996094,-0.641174316,0.289611816,-0.5625,0.4921875,-0.640625,-7.90625,5.890625,-0.203125,0.638671875,-1.32421875,-0.525390625
1736,17323096,17623096,0.692321777,-0.148193359,-0.646118164,0.284912109,-0.4765625,0.37109375,-0.8125,-7.9921875,5.78125,-0.0703125,0.638671875,-1.32421875,-0.525390625
1737,17330560,17630560,0.688903809,-0.150695801,-0.651062012,0.280761719,-0.4765625,0.37109375,-0.8125,-7.9921875,5.78125,-0.0703125,0.55078125,-1.4140625,-0.32421875
1738,17339805,17639805,0.685241699,-0.153564453,-0.655944824,0.276794434,0.18359375,0.08984375,-0.46484375,-8.0390625,5.71875,0.078125,0.55078125,-1.4140625,-0.32421875
1739,17349779,17649779,0.68145752,-0.156799316,-0.660766602,0.272766113,0.18359375,0.08984375,-0.46484375,-8.0390625,5.71875,0.078125,0.65625,-1.44726562,-0.185546875
1740,17357810,17657810,0.67791748,-0.160400391,-0.665161133,0.268859863,0.17578125,-0.24609375,-0.21484375,-8.0703125,5.671875,0.25,0.65625,-1.44726562,-0.185546875
1741,17370939,17670939,0.674255371,-0.164733887,-0.669616699,0.264343262,0.17578125,-0.24609375,-0.21484375,-8.0703125,5.671875,0.25,0.859375,-1.40234375,-0.111328125
1742,17376218,17676218,0.670776367,-0.169189453,-0.67376709,0.259765625,0.1484375,-0.26953125,0.09765625,-8.078125,5.65625,0.3984375,0.859375,-1.40234375,-0.111328125
1743,17390071,17690071,0.667236328,-0.17388916,-0.67791748,0.254943848,0.1484375,-0.26953125,0.09765625,-8.078125,5.65625,0.3984375,0.974609375,-1.4296875,-0.111328125
1744,17398648,17698648,0.663696289,-0.178649902,-0.681945801,0.250061035,-0.04296875,-0.109375,-0.6015625,-8.078125,5.6484375,0.5234375,0.974609375,-1.4296875,-0.111328125
1745,17411009,17711009,0.66027832,-0.183227539,-0.685791016,0.245361328,-0.04296875,-0.109375,-0.6015625,-8.078125,5.6484375,0.5234375,0.9140625,-1.3203125,-0.091796875
1746,17418191,17718191,0.656860352,-0.187683105,-0.68939209,0.240905762,0.68359375,0.0234375,-0.296875,-8.078125,5.6328125,0.640625,0.9140625,-1.3203125,-0.091796875
1747,17429945,17729945,0.653381348,-0.192199707,-0.692871094,0.236816406,0.68359375,0.0234375,-0.296875,-8.078125,5.6328125,0.640625,0.837890625,-1.3125,0.01953125
1748,17435667,17735667,0.649780273,-0.196716309,-0.696289062,0.232910156,0.3984375,0.16796875,-0.37890625,-8.0625,5.640625,0.7578125,0.837890625,-1.3125,0.01953125
1749,17448970,17748970,0.646057129,-0.20123291,-0.699707031,0.229187012,0.3984375,0.16796875,-0.37890625,-8.0625,5.640625,0.7578125,0.833984375,-1.33203125,0.06640625
1750,17458806,17758806,0.642333984,-0.205810547,-0.70300293,0.225402832,-0.0078125,0.06640625,-0.49609375,-8.0390625,5.6640625,0.875,0.833984375,-1.33203125,0.06640625
1751,17469184,17769184,0.63885498,-0.210144043,-0.705993652,0.221862793,-0.0078125,0.06640625,-0.49609375,-8.0390625,5.6640625,0.875,0.845703125,-1.22460938,0.099609375
1752,17477491,17777491,0.635559082,-0.214599609,-0.708740234,0.218444824,0.19921875,0.11328125,-0.18359375,-8.015625,5.6953125,0.984375,0.845703125,-1.22460938,0.099609375
1753,17490314,17790314,0.632446289,-0.218933105,-0.711181641,0.215209961,0.19921875,0.11328125,-0.18359375,-8.015625,5.6953125,0.984375,0.736328125,-1.00390625,0.130859375
1754,17496096,17796096,0.629577637,-0.223083496,-0.713317871,0.212219238,0.58203125,-0.0625,-0.54296875,-7.9765625,5.71875,1.078125,0.736328125,-1.00390625,0.130859375
1755,17510525,17810525,0.627197266,-0.226867676,-0.71496582,0.209716797,0.58203125,-0.0625,-0.54296875,-7.9765625,5.71875,1.078125,0.701171875,-0.78515625,0.171875
1756,17516262,17816262,0.625061035,-0.230651855,-0.716308594,0.207336426,1.046875,0.01171875,-0.17578125,-7.9453125,5.7578125,1.1328125,0.701171875,-0.78515625,0.171875
1757,17531167,17831167,0.623596191,-0.233825684,-0.717041016,0.205566406,1.046875,0.01171875,-0.17578125,-7.9453125,5.7578125,1.1328125,0.560546875,-0.4296875,0.177734375
1758,17538187,17838187,0.622680664,-0.236816406,-0.717346191,0.204040527,1.125,-0.2265625,-0.58203125,-7.90625,5.8046875,1.15625,0.560546875,-0.4296875,0.177734375
1759,17550425,17850425,0.622253418,-0.239501953,-0.717102051,0.202880859,1.125,-0.2265625,-0.58203125,-7.90625,5.8046875,1.15625,0.560546875,-0.1640625,0.240234375
1760,17559936,17859936,0.622070312,-0.242614746,-0.716552734,0.201965332,1.40625,-0.58203125,-1.2578125,-7.8828125,5.8515625,1.140625,0.560546875,-0.1640625,0.240234375
1761,17570442,17870442,0.622070312,-0.245666504,-0.715637207,0.201416016,1.40625,-0.58203125,-1.2578125,-7.8828125,5.8515625,1.140625,0.509765625,0.00390625,0.357421875
1762,17576215,17876215,0.622192383,-0.24822998,-0.714599609,0.201416016,1.28515625,0.4296875,-1.1640625,-7.8359375,5.9140625,1.0859375,0.509765625,0.00390625,0.357421875
1763,17589567,17889567,0.622436523,-0.250183105,-0.713623047,0.201904297,1.28515625,0.4296875,-1.1640625,-7.8359375,5.9140625,1.0859375,0.203125,0.130859375,0.318359375
1764,17597651,17897651,0.622680664,-0.251403809,-0.712768555,0.202514648,0.70703125,1.71484375,-1.37109375,-7.796875,5.96875,1.0234375,0.203125,0.130859375,0.318359375
1765,17608982,17908982,0.623046875,-0.25201416,-0.712097168,0.203063965,0.70703125,1.71484375,-1.37109375,-7.796875,5.96875,1.0234375,0.064453125,0.1328125,0.109375
1766,17619728,17919728,0.623474121,-0.252380371,-0.711547852,0.203186035,0.41796875,1.37109375,-1.53125,-7.7734375,6.0078125,0.9921875,0.064453125,0.1328125,0.109375
1767,17630108,17930108,0.623962402,-0.252563477,-0.71105957,0.20300293,0.41796875,1.37109375,-1.53125,-7.7734375,6.0078125,0.9921875,0.099609375,0.1171875,-0.021484375
1768,17638221,17938221,0.624572754,-0.252624512,-0.710632324,0.202758789,0.71484375,0.55859375,-1.30859375,-7.765625,6.015625,0.9609375,0.099609375,0.1171875,-0.021484375
1769,17649055,17949055,0.625305176,-0.252563477,-0.710021973,0.202636719,0.71484375,0.55859375,-1.30859375,-7.765625,6.015625,0.9609375,0.0546875,0.19140625,-0.021484375
1770,17660113,17960113,0.626098633,-0.252441406,-0.709350586,0.202758789,0.953125,0.18359375,-0.93359375,-7.7734375,6.0078125,0.9296875,0.0546875,0.19140625,-0.021484375
1771,17670125,17970125,0.62689209,-0.252258301,-0.708557129,0.203063965,0.953125,0.18359375,-0.93359375,-7.7734375,6.0078125,0.9296875,-0.013671875,0.26171875,0.01953125
1772,17676121,17976121,0.627807617,-0.25189209,-0.707763672,0.203613281,0.5703125,0.59765625,-0.47265625,-7.7734375,6.015625,0.890625,-0.013671875,0.26171875,0.01953125
1773,17689535,17989535,0.628723145,-0.251281738,-0.706970215,0.204345703,0.5703125,0.59765625,-0.47265625,-7.7734375,6.015625,0.890625,-0.12890625,0.294921875,0.009765625
1774,17701255,18001255,0.629577637,-0.250366211,-0.706237793,0.205200195,0.609375,0.98046875,-0.35546875,-7.7734375,6.015625,0.8515625,-0.12890625,0.294921875,0.009765625
1775,17711945,18011945,0.630493164,-0.249145508,-0.705566406,0.206298828,0.609375,0.98046875,-0.35546875,-7.7734375,6.015625,0.8515625,-0.25390625,0.314453125,-0.033203125
1776,17719604,18019604,0.631347656,-0.247741699,-0.70501709,0.207336426,0.65625,0.8359375,-0.24609375,-7.78125,6.0078125,0.8203125,-0.25390625,0.314453125,-0.033203125
1777,17733635,18033635,0.632446289,-0.245910645,-0.704284668,0.208557129,0.65625,0.8359375,-0.24609375,-7.78125,6.0078125,0.8203125,-0.341796875,0.384765625,-0.083984375
1778,17737766,18037766,0.633544922,-0.244018555,-0.703613281,0.209838867,0.546875,0.421875,-0.30859375,-7.7890625,6,0.8046875,-0.341796875,0.384765625,-0.083984375
1779,17751308,18051308,0.63494873,-0.241821289,-0.702697754,0.211242676,0.546875,0.421875,-0.30859375,-7.7890625,6,0.8046875,-0.376953125,0.474609375,-0.1015625
1780,17756352,18056352,0.636413574,-0.239624023,-0.701660156,0.21270752,0.21875,0.0234375,-0.546875,-7.8046875,5.9765625,0.7734375,-0.376953125,0.474609375,-0.1015625
1781,17773773,18073773,0.638061523,-0.237426758,-0.700439453,0.214233398,0.21875,0.0234375,-0.546875,-7.8046875,5.9765625,0.7734375,-0.3828125,0.572265625,-0.078125
1782,17778277,18078277,0.639648438,-0.235351562,-0.699157715,0.215881348,-0.03515625,0.078125,-0.390625,-7.8203125,5.9609375,0.734375,-0.3828125,0.572265625,-0.078125
1783,17789099,18089099,0.641418457,-0.233093262,-0.697631836,0.217956543,-0.03515625,0.078125,-0.390625,-7.8203125,5.9609375,0.734375,-0.423828125,0.62890625,0.013671875
1784,17802745,18102745,0.643127441,-0.230957031,-0.696105957,0.220336914,0.08984375,0.3515625,-0.11328125,-7.828125,5.953125,0.6875,-0.423828125,0.62890625,0.013671875
1785,17813882,18113882,0.644592285,-0.229003906,-0.694458008,0.222961426,0.08984375,0.3515625,-0.11328125,-7.828125,5.953125,0.6875,-0.521484375,0.662109375,0.162109375
1786,17818021,18118021,0.646118164,-0.227050781,-0.692687988,0.226135254,0.5859375,0.61328125,0.16015625,-7.828125,5.9609375,0.640625,-0.521484375,0.662109375,0.162109375
1787,17831131,18131131,0.647644043,-0.225097656,-0.690673828,0.229858398,0.5859375,0.61328125,0.16015625,-7.828125,5.9609375,0.640625,-0.580078125,0.71484375,0.3046875
1788,17836208,18136208,0.649047852,-0.223266602,-0.688659668,0.233642578,0.4921875,0.96484375,-0.01953125,-7.8125,5.9921875,0.59375,-0.580078125,0.71484375,0.3046875
1789,17848952,18148952,0.650756836,-0.221069336,-0.686218262,0.23815918,0.4921875,0.96484375,-0.01953125,-7.8125,5.9921875,0.59375,-0.720703125,0.884765625,0.384765625
1790,17860490,18160490,0.652587891,-0.21862793,-0.68359375,0.242980957,0.5703125,1.03125,-0.09765625,-7.7734375,6.0390625,0.5546875,-0.720703125,0.884765625,0.384765625
1791,17868927,18168927,0.654724121,-0.215515137,-0.680480957,0.248657227,0.5703125,1.03125,-0.09765625,-7.7734375,6.0390625,0.5546875,-0.94921875,1.10351562,0.4140625
1792,17882771,18182771,0.656982422,-0.212097168,-0.677246094,0.254455566,0.67578125,0.96875,-0.76171875,-7.7265625,6.1015625,0.4921875,-0.94921875,1.10351562,0.4140625
1793,17892142,18192142,0.659240723,-0.208679199,-0.67401123,0.260009766,0.67578125,0.96875,-0.76171875,-7.7265625,6.1015625,0.4921875,-0.9609375,1.20507812,0.388671875
1794,17899892,18199892,0.661560059,-0.205322266,-0.670532227,0.265686035,0.40625,0.6171875,-1.359375,-7.6875,6.1484375,0.4375,-0.9609375,1.20507812,0.388671875
1795,17911187,18211187,0.663696289,-0.202270508,-0.667053223,0.27142334,0.40625,0.6171875,-1.359375,-7.6875,6.1484375,0.4375,-0.84765625,1.078125,0.46875
1796,17916225,18216225,0.665588379,-0.199829102,-0.663635254,0.276855469,-0.0234375,0.39453125,-1.3671875,-7.640625,6.21875,0.3671875,-0.84765625,1.078125,0.46875
1797,17933242,18233242,0.667236328,-0.198120117,-0.66027832,0.281982422,-0.0234375,0.39453125,-1.3671875,-7.640625,6.21875,0.3671875,-0.62890625,0.958984375,0.603515625
1798,17937382,18237382,0.668945312,-0.19708252,-0.656860352,0.286743164,0.10546875,0.3515625,-1.11328125,-7.578125,6.296875,0.3046875,-0.62890625,0.958984375,0.603515625
1799,17950929,18250929,0.670959473,-0.196472168,-0.652770996,0.291748047,0.10546875,0.3515625,-1.11328125,-7.578125,6.296875,0.3046875,-0.408203125,1.02148438,0.71875
1800,17959924,18259924,0.673095703,-0.196044922,-0.648498535,0.296630859,0.7109375,0.03125,-0.60546875,-7.4921875,6.390625,0.21875,-0.408203125,1.02148438,0.71875
1801,17974313,18274313,0.675415039,-0.195617676,-0.643920898,0.301513672,0.7109375,0.03125,-0.60546875,-7.4921875,6.390625,0.21875,-0.396484375,1.16992188,0.779296875
1802,17978456,18278456,0.677856445,-0.1953125,-0.639099121,0.30645752,1.14453125,0.296875,-0.83203125,-7.390625,6.5078125,0.1015625,-0.396484375,1.16992188,0.779296875
1803,17989767,18289767,0.680480957,-0.195251465,-0.634033203,0.311218262,1.14453125,0.296875,-0.83203125,-7.390625,6.5078125,0.1015625,-0.248046875,1.22070312,0.796875
1804,17997783,18297783,0.683044434,-0.195556641,-0.629150391,0.315307617,1.00390625,0.32421875,-0.96875,-7.2890625,6.6328125,-0.03125,-0.248046875,1.22070312,0.796875
1805,18011634,18311634,0.68560791,-0.196411133,-0.624023438,0.319396973,1.00390625,0.32421875,-0.96875,-7.2890625,6.6328125,-0.03125,-0.048828125,1.03125,0.828125
1806,18019595,18319595,0.687683105,-0.197631836,-0.619445801,0.322998047,0.3984375,0.3203125,-0.93359375,-7.1796875,6.75,-0.1796875,-0.048828125,1.03125,0.828125
1807,18031250,18331250,0.689453125,-0.199279785,-0.61517334,0.326477051,0.3984375,0.3203125,-0.93359375,-7.1796875,6.75,-0.1796875,0.025390625,0.76171875,0.826171875
1808,18039625,18339625,0.690979004,-0.201049805,-0.61126709,0.329406738,-0.34765625,0.16015625,-0.1875,-7.046875,6.875,-0.3125,0.025390625,0.76171875,0.826171875
1809,18054187,18354187,0.692321777,-0.202514648,-0.607849121,0.33190918,-0.34765625,0.16015625,-0.1875,-7.046875,6.875,-0.3125,0.02734375,0.64453125,0.623046875
1810,18059039,18359039,0.693664551,-0.203063965,-0.604614258,0.334655762,-0.21875,0.25,0.71875,-6.9453125,6.9765625,-0.4140625,0.02734375,0.64453125,0.623046875
1811,18071277,18371277,0.695007324,-0.202392578,-0.601135254,0.338500977,-0.21875,0.25,0.71875,-6.9453125,6.9765625,-0.4140625,-0.525390625,0.892578125,0.525390625
1812,18076313,18376313,0.696166992,-0.200805664,-0.59753418,0.343505859,0,0.171875,0.7265625,-6.859375,7.0546875,-0.5,-0.525390625,0.892578125,0.525390625
1813,18091743,18391743,0.696960449,-0.198669434,-0.59362793,0.349731445,0,0.171875,0.7265625,-6.859375,7.0546875,-0.5,-1.0625,1.09570312,0.76171875
1814,18099162,18399162,0.697570801,-0.196350098,-0.589416504,0.356933594,0.58203125,0.56640625,-0.16796875,-6.75,7.15625,-0.5234375,-1.0625,1.09570312,0.76171875
1815,18111766,18411766,0.698181152,-0.193908691,-0.584533691,0.364990234,0.58203125,0.56640625,-0.16796875,-6.75,7.15625,-0.5234375,-1.07226562,1.19726562,0.912109375
1816,18120600,18420600,0.698974609,-0.192443848,-0.579956055,0.371520996,0.32421875,-0.2109375,-0.58984375,-6.609375,7.28125,-0.5234375,-1.07226562,1.19726562,0.912109375
1817,18133251,18433251,0.700256348,-0.192321777,-0.575317383,0.376403809,0.32421875,-0.2109375,-0.58984375,-6.609375,7.28125,-0.5234375,-0.123046875,0.869140625,0.787109375
1818,18137425,18437425,0.701904297,-0.193908691,-0.571228027,0.378723145,-1.5,-1.63671875,-0.703125,-6.46875,7.40625,-0.5625,-0.123046875,0.869140625,0.787109375
1819,18150834,18450834,0.704101562,-0.196594238,-0.567321777,0.379089355,-1.5,-1.63671875,-0.703125,-6.46875,7.40625,-0.5625,0.7109375,0.55078125,0.54296875
1820,18157692,18457692,0.706848145,-0.199523926,-0.563415527,0.378295898,-2.30078125,-0.48828125,-0.296875,-6.359375,7.484375,-0.703125,0.7109375,0.55078125,0.54296875
1821,18174213,18474213,0.709960938,-0.201599121,-0.559387207,0.377441406,-2.30078125,-0.48828125,-0.296875,-6.359375,7.484375,-0.703125,0.66796875,0.859375,0.33984375
1822,18178694,18478694,0.713134766,-0.201904297,-0.554870605,0.377868652,-0.15625,1.37890625,-0.24609375,-6.28125,7.53125,-0.90625,0.66796875,0.859375,0.33984375
1823,18191599,18491599,0.715759277,-0.200500488,-0.550415039,0.380249023,-0.15625,1.37890625,-0.24609375,-6.28125,7.53125,-0.90625,-0.34375,1.140625,0.28515625
1824,18200496,18500496,0.717407227,-0.198608398,-0.546569824,0.383544922,0.1171875,-0.453125,0.02734375,-6.2109375,7.5625,-1.0625,-0.34375,1.140625,0.28515625
1825,18212691,18512691,0.718383789,-0.197387695,-0.543395996,0.38684082,0.1171875,-0.453125,0.02734375,-6.2109375,7.5625,-1.0625,-0.322265625,0.611328125,0.412109375
1826,18216303,18516303,0.719116211,-0.197937012,-0.54095459,0.38861084,-1.71484375,-0.8125,0.1875,-6.140625,7.6171875,-1.109375,-0.322265625,0.611328125,0.412109375
1827,18231971,18531971,0.72064209,-0.200012207,-0.538452148,0.388305664,-1.71484375,-0.8125,0.1875,-6.140625,7.6171875,-1.109375,0.69140625,0.380859375,0.3515625
1828,18235572,18535572,0.723083496,-0.201965332,-0.53527832,0.387084961,-1.1015625,-0.4375,1.4609375,-6.0625,7.6640625,-1.1953125,0.69140625,0.380859375,0.3515625
1829,18253521,18553521,0.726501465,-0.203063965,-0.530944824,0.386108398,-1.1015625,-0.4375,1.4609375,-6.0625,7.6640625,-1.1953125,0.5625,0.939453125,0.205078125
1830,18257530,18557530,0.729431152,-0.203125,-0.526916504,0.386108398,-0.0546875,-0.8359375,-0.3828125,-6,7.6796875,-1.3828125,0.5625,0.939453125,0.205078125
1831,18271644,18571644,0.731994629,-0.202514648,-0.523010254,0.38684082,-0.0546875,-0.8359375,-0.3828125,-6,7.6796875,-1.3828125,0.05078125,0.8046875,0.17578125
1832,18280478,18580478,0.733642578,-0.201843262,-0.520080566,0.387939453,-0.5625,-0.73828125,-0.71484375,-5.953125,7.6953125,-1.546875,0.05078125,0.8046875,0.17578125
1833,18293730,18593730,0.735107422,-0.20135498,-0.51751709,0.388916016,-0.5625,-0.73828125,-0.71484375,-5.953125,7.6953125,-1.546875,0.0625,0.517578125,0.134765625
1834,18302002,18602002,0.736450195,-0.20098877,-0.51550293,0.389282227,-1.10546875,-0.5625,0.43359375,-5.90625,7.7109375,-1.625,0.0625,0.517578125,0.134765625
1835,18309691,18609691,0.737731934,-0.200500488,-0.513793945,0.389282227,-1.10546875,-0.5625,0.43359375,-5.90625,7.7109375,-1.625,0.12109375,0.427734375,-0.044921875
1836,18316602,18616602,0.739257812,-0.199707031,-0.512145996,0.389038086,-1.28125,-0.484375,1.08203125,-5.8828125,7.7109375,-1.6953125,0.12109375,0.427734375,-0.044921875
1837,18332654,18632654,0.740600586,-0.198913574,-0.510864258,0.388549805,-1.28125,-0.484375,1.08203125,-5.8828125,7.7109375,-1.6953125,0.130859375,0.34765625,-0.14453125
1838,18336388,18636388,0.741699219,-0.198120117,-0.509887695,0.388122559,-0.9375,-0.96875,0.8828125,-5.8828125,7.6953125,-1.765625,0.130859375,0.34765625,-0.14453125
1839,18350346,18650346,0.742675781,-0.19744873,-0.509033203,0.387756348,-0.9375,-0.96875,0.8828125,-5.8828125,7.6953125,-1.765625,0.060546875,0.234375,-0.10546875
1840,18363435,18663435,0.743469238,-0.196777344,-0.508300781,0.387512207,-0.84375,-0.90625,1.16015625,-5.8984375,7.671875,-1.8125,0.060546875,0.234375,-0.10546875
1841,18374428,18674428,0.744140625,-0.196166992,-0.507629395,0.387390137,-0.84375,-0.90625,1.16015625,-5.8984375,7.671875,-1.8125,0.0234375,0.185546875,-0.09765625
1842,18379501,18679501,0.744689941,-0.195556641,-0.507202148,0.387207031,-0.80859375,-0.5546875,0.6171875,-5.8984375,7.6640625,-1.84375,0.0234375,0.185546875,-0.09765625
1843,18394474,18694474,0.745178223,-0.194946289,-0.506958008,0.386901855,-0.80859375,-0.5546875,0.6171875,-5.8984375,7.6640625,-1.84375,0.01171875,0.08203125,-0.130859375
1844,18398601,18698601,0.745422363,-0.194335938,-0.507080078,0.38659668,-0.71484375,-0.53125,0.4765625,-5.9140625,7.640625,-1.859375,0.01171875,0.08203125,-0.130859375
1845,18416660,18716660,0.745483398,-0.193664551,-0.507629395,0.386108398,-0.71484375,-0.53125,0.4765625,-5.9140625,7.640625,-1.859375,-0.025390625,-0.091796875,-0.22265625
1846,18420667,18720667,0.745300293,-0.192932129,-0.508666992,0.385437012,-1.3359375,-0.8203125,0.82421875,-5.9453125,7.625,-1.859375,-0.025390625,-0.091796875,-0.22265625
1847,18431485,18731485,0.744995117,-0.192199707,-0.510070801,0.384521484,-1.3359375,-0.8203125,0.82421875,-5.9453125,7.625,-1.859375,-0.0234375,-0.279296875,-0.3359375
1848,18440242,18740242,0.744506836,-0.19152832,-0.511901855,0.383422852,-1.2890625,-1.01953125,0.9921875,-5.9921875,7.59375,-1.8359375,-0.0234375,-0.279296875,-0.3359375
1849,18453513,18753513,0.743774414,-0.190856934,-0.514221191,0.382019043,-1.2890625,-1.01953125,0.9921875,-5.9921875,7.59375,-1.8359375,-0.017578125,-0.46484375,-0.400390625
1850,18457780,18757780,0.742797852,-0.190246582,-0.516845703,0.38067627,-1.33203125,-1.08203125,1.01953125,-6.0625,7.5390625,-1.7890625,-0.017578125,-0.46484375,-0.400390625
1851,18474011,18774011,0.741455078,-0.189575195,-0.520019531,0.379333496,-1.33203125,-1.08203125,1.01953125,-6.0625,7.5390625,-1.7890625,-0.12890625,-0.615234375,-0.423828125
1852,18476695,18776695,0.739929199,-0.188720703,-0.523193359,0.378295898,-1.09375,-0.87890625,1.171875,-6.1484375,7.4921875,-1.7109375,-0.12890625,-0.615234375,-0.423828125
1853,18493841,18793841,0.738098145,-0.187561035,-0.526916504,0.377319336,-1.09375,-0.87890625,1.171875,-6.1484375,7.4921875,-1.7109375,-0.26953125,-0.677734375,-0.484375
1854,18498038,18798038,0.73626709,-0.186340332,-0.530578613,0.376342773,-1.19140625,-0.671875,1.171875,-6.2421875,7.4375,-1.59375,-0.26953125,-0.677734375,-0.484375
1855,18510259,18810259,0.73425293,-0.184997559,-0.534790039,0.375,-1.19140625,-0.671875,1.171875,-6.2421875,7.4375,-1.59375,-0.216796875,-0.806640625,-0.61328125
1856,18523746,18823746,0.732299805,-0.183837891,-0.53918457,0.37310791,-1.38671875,-0.6953125,0.65234375,-6.3515625,7.3828125,-1.4609375,-0.216796875,-0.806640625,-0.61328125
1857,18533523,18833523,0.730163574,-0.182739258,-0.544372559,0.370239258,-1.38671875,-0.6953125,0.65234375,-6.3515625,7.3828125,-1.4609375,-0.001953125,-1.06835938,-0.810546875
1858,18538950,18838950,0.727966309,-0.18182373,-0.549926758,0.366821289,-1.67578125,-0.71484375,0.484375,-6.484375,7.2890625,-1.328125,-0.001953125,-1.06835938,-0.810546875
1859,18550175,18850175,0.725463867,-0.180786133,-0.556274414,0.362792969,-1.67578125,-0.71484375,0.484375,-6.484375,7.2890625,-1.328125,0.02734375,-1.27539062,-0.974609375
1860,18558791,18858791,0.722595215,-0.179382324,-0.562988281,0.358825684,-1.62890625,-0.3203125,1.0546875,-6.6484375,7.1640625,-1.171875,0.02734375,-1.27539062,-0.974609375
1861,18573218,18873218,0.719482422,-0.177612305,-0.569763184,0.355224609,-1.62890625,-0.3203125,1.0546875,-6.6484375,7.1640625,-1.171875,-0.2109375,-1.375,-1.06054688
1862,18576953,18876953,0.716064453,-0.17578125,-0.576538086,0.352050781,-1.5234375,0.01171875,1.48046875,-6.828125,7.0234375,-0.984375,-0.2109375,-1.375,-1.06054688
1863,18592542,18892542,0.711975098,-0.173950195,-0.584106445,0.348754883,-1.5234375,0.01171875,1.48046875,-6.828125,7.0234375,-0.984375,-0.283203125,-1.515625,-0.9609375
1864,18601632,18901632,0.708068848,-0.172424316,-0.591064453,0.345703125,-1.046875,-0.046875,0.73046875,-7,6.890625,-0.734375,-0.283203125,-1.515625,-0.9609375
1865,18613640,18913640,0.704284668,-0.170715332,-0.597839355,0.342651367,-1.046875,-0.046875,0.73046875,-7,6.890625,-0.734375,-0.263671875,-1.36523438,-0.9765625
1866,18618194,18918194,0.700744629,-0.168701172,-0.604492188,0.339233398,-0.70703125,0.54296875,0.078125,-7.1484375,6.7578125,-0.5,-0.263671875,-1.36523438,-0.9765625
1867,18632075,18932075,0.69732666,-0.166503906,-0.611328125,0.334960938,-0.70703125,0.54296875,0.078125,-7.1484375,6.7578125,-0.5,-0.0703125,-1.30859375,-1.16796875
1868,18635803,18935803,0.694396973,-0.164611816,-0.617736816,0.330322266,-1.38671875,0.5546875,-0.640625,-7.3125,6.59375,-0.28125,-0.0703125,-1.30859375,-1.16796875
1869,18654504,18954504,0.691162109,-0.163024902,-0.624816895,0.324523926,-1.38671875,0.5546875,-0.640625,-7.3125,6.59375,-0.28125,0.234375,-1.49023438,-1.27734375
1870,18658641,18958641,0.687744141,-0.161987305,-0.632019043,0.318237305,-1.52734375,0.51171875,-0.890625,-7.4765625,6.40625,-0.0703125,0.234375,-1.49023438,-1.27734375
1871,18671647,18971647,0.684082031,-0.161376953,-0.639465332,0.311645508,-1.52734375,0.51171875,-0.890625,-7.4765625,6.40625,-0.0703125,0.384765625,-1.69921875,-1.2265625
1872,18679644,18979644,0.680236816,-0.161254883,-0.646484375,0.305541992,-0.59765625,0.31640625,-0.82421875,-7.640625,6.21875,0.1328125,0.384765625,-1.69921875,-1.2265625
1873,18695899,18995899,0.675720215,-0.161254883,-0.65411377,0.299316406,-0.59765625,0.31640625,-0.82421875,-7.640625,6.21875,0.1328125,0.306640625,-1.7578125,-1.04296875
1874,18699917,18999917,0.671447754,-0.161376953,-0.661010742,0.293701172,-0.1484375,0.3046875,-0.66015625,-7.78125,6.0390625,0.3515625,0.306640625,-1.7578125,-1.04296875
1875,18710728,19010728,0.666931152,-0.161804199,-0.668029785,0.287719727,-0.1484375,0.3046875,-0.66015625,-7.78125,6.0390625,0.3515625,0.380859375,-1.68554688,-0.94140625
1876,18718053,19018053,0.662536621,-0.162597656,-0.674743652,0.281677246,-0.125,-0.2734375,-0.6640625,-7.8828125,5.890625,0.5859375,0.380859375,-1.68554688,-0.94140625
1877,18734453,19034453,0.65826416,-0.163818359,-0.681091309,0.275695801,-0.125,-0.2734375,-0.6640625,-7.8828125,5.890625,0.5859375,0.544921875,-1.69335938,-0.8359375
1878,18738813,19038813,0.653930664,-0.165588379,-0.687194824,0.26965332,0.46484375,-0.2109375,-0.4609375,-7.9765625,5.75,0.8046875,0.544921875,-1.69335938,-0.8359375
1879,18751188,19051188,0.649536133,-0.16796875,-0.693054199,0.263671875,0.46484375,-0.2109375,-0.4609375,-7.9765625,5.75,0.8046875,0.755859375,-1.73242188,-0.6328125
1880,18759225,19059225,0.644897461,-0.171020508,-0.698913574,0.257629395,0.7421875,0.08203125,-0.3125,-8.0234375,5.6484375,1,0.755859375,-1.73242188,-0.6328125
1881,18774948,19074948,0.640197754,-0.174133301,-0.704528809,0.25189209,0.7421875,0.08203125,-0.3125,-8.0234375,5.6484375,1,0.73828125,-1.71289062,-0.48828125
1882,18776418,19076418,0.635559082,-0.177429199,-0.709899902,0.246276855,0.5078125,0.16796875,-0.4765625,-8.0546875,5.5625,1.203125,0.73828125,-1.71289062,-0.48828125
1883,18790047,19090047,0.631225586,-0.180786133,-0.714782715,0.240844727,0.5078125,0.16796875,-0.4765625,-8.0546875,5.5625,1.203125,0.87109375,-1.68554688,-0.423828125
1884,18797524,19097524,0.626403809,-0.184875488,-0.719970703,0.234741211,0.24609375,0.4453125,-1.1953125,-8.0625,5.515625,1.3828125,0.87109375,-1.68554688,-0.423828125
1885,18814949,19114949,0.621887207,-0.188842773,-0.724731445,0.228881836,0.24609375,0.4453125,-1.1953125,-8.0625,5.515625,1.3828125,0.8984375,-1.6015625,-0.3984375
1886,18818953,19118953,0.617553711,-0.192382812,-0.729187012,0.223388672,0.859375,0.4140625,-0.76171875,-8.0625,5.46875,1.5625,0.8984375,-1.6015625,-0.3984375
1887,18830503,19130503,0.613586426,-0.1953125,-0.733154297,0.21875,0.859375,0.4140625,-0.76171875,-8.0625,5.46875,1.5625,0.646484375,-1.38476562,-0.326171875
1888,18839464,19139464,0.609680176,-0.198181152,-0.736938477,0.214355469,0.69921875,0.0625,-1.03125,-8.0546875,5.4375,1.71875,0.646484375,-1.38476562,-0.326171875
1889,18855804,19155804,0.605773926,-0.20135498,-0.740539551,0.209960938,0.69921875,0.0625,-1.03125,-8.0546875,5.4375,1.71875,0.73828125,-1.26953125,-0.232421875
1890,18859949,19159949,0.602111816,-0.204833984,-0.743896484,0.205322266,0.14453125,0.0859375,-1.40234375,-8.0390625,5.4140625,1.859375,0.73828125,-1.26953125,-0.232421875
1891,18871288,19171288,0.598632812,-0.208312988,-0.747009277,0.200561523,0.14453125,0.0859375,-1.40234375,-8.0390625,5.4140625,1.859375,0.79296875,-1.16992188,-0.275390625
1892,18877684,19177684,0.595458984,-0.211242676,-0.74987793,0.196228027,-0.14453125,0.2109375,-0.828125,-8.015625,5.40625,1.9765625,0.79296875,-1.16992188,-0.275390625
1893,18895838,19195838,0.592407227,-0.213806152,-0.752685547,0.191894531,-0.14453125,0.2109375,-0.828125,-8.015625,5.40625,1.9765625,0.6328125,-1.05078125,-0.3203125
1894,18897331,19197331,0.589355469,-0.216369629,-0.755371094,0.18762207,0.078125,0.01171875,-1.0390625,-8.0078125,5.375,2.0703125,0.6328125,-1.05078125,-0.3203125
1895,18910926,19210926,0.586242676,-0.219482422,-0.758056641,0.182983398,0.078125,0.01171875,-1.0390625,-8.0078125,5.375,2.0703125,0.845703125,-1.1015625,-0.279296875
1896,18919597,19219597,0.583190918,-0.222900391,-0.760559082,0.178161621,0.48046875,0.296875,-0.796875,-7.9921875,5.359375,2.171875,0.845703125,-1.1015625,-0.279296875
1897,18935829,19235829,0.580383301,-0.226074219,-0.762817383,0.173522949,0.48046875,0.296875,-0.796875,-7.9921875,5.359375,2.171875,0.802734375,-0.990234375,-0.287109375
1898,18937313,19237313,0.577697754,-0.228820801,-0.765014648,0.169311523,0.859375,0.41796875,-0.3671875,-7.984375,5.3515625,2.2421875,0.802734375,-0.990234375,-0.287109375
1899,18950910,19250910,0.575073242,-0.230957031,-0.767150879,0.165710449,0.859375,0.41796875,-0.3671875,-7.984375,5.3515625,2.2421875,0.478515625,-0.830078125,-0.244140625
1900,18956910,19256910,0.572631836,-0.232666016,-0.769104004,0.162536621,0.7265625,0.43359375,-0.67578125,-7.96875,5.3359375,2.3203125,0.478515625,-0.830078125,-0.244140625
1901,18972020,19272020,0.570373535,-0.234375,-0.770935059,0.159484863,0.7265625,0.43359375,-0.67578125,-7.96875,5.3359375,2.3203125,0.455078125,-0.732421875,-0.201171875
1902,18978389,19278389,0.56829834,-0.235961914,-0.772521973,0.156799316,0.7890625,0.640625,-0.83203125,-7.953125,5.3203125,2.3984375,0.455078125,-0.732421875,-0.201171875
1903,18990864,19290864,0.566162109,-0.237426758,-0.774169922,0.154174805,0.7890625,0.640625,-0.83203125,-7.953125,5.3203125,2.3984375,0.32421875,-0.611328125,-0.171875
1904,18998223,19298223,0.56427002,-0.238464355,-0.775634766,0.152038574,0.84765625,0.80078125,-0.546875,-7.9375,5.3125,2.4609375,0.32421875,-0.611328125,-0.171875
1905,19015408,19315408,0.56262207,-0.239135742,-0.776977539,0.150268555,0.84765625,0.80078125,-0.546875,-7.9375,5.3125,2.4609375,0.142578125,-0.47265625,-0.14453125
1906,19019544,19319544,0.561218262,-0.239624023,-0.778076172,0.148986816,0.91796875,0.625,-0.7265625,-7.9296875,5.296875,2.5234375,0.142578125,-0.47265625,-0.14453125
1907,19030617,19330617,0.559997559,-0.240112305,-0.779052734,0.147766113,0.91796875,0.625,-0.7265625,-7.9296875,5.296875,2.5234375,0.12890625,-0.322265625,-0.076171875
1908,19036639,19336639,0.559082031,-0.240600586,-0.779724121,0.146789551,0.7578125,0.3671875,-0.80859375,-7.921875,5.2890625,2.5703125,0.12890625,-0.322265625,-0.076171875
1909,19054598,19354598,0.558349609,-0.241210938,-0.780212402,0.145935059,0.7578125,0.3671875,-0.80859375,-7.921875,5.2890625,2.5703125,0.158203125,-0.19921875,-0.0234375
1910,19058598,19358598,0.557800293,-0.241882324,-0.780517578,0.145263672,0.51953125,0.3203125,-1.21875,-7.9140625,5.296875,2.59375,0.158203125,-0.19921875,-0.0234375
1911,19070389,19370389,0.557495117,-0.242431641,-0.780700684,0.144714355,0.51953125,0.3203125,-1.21875,-7.9140625,5.296875,2.59375,0.115234375,-0.052734375,0.0078125
1912,19078502,19378502,0.557495117,-0.242919922,-0.780578613,0.144470215,0.7109375,0.6640625,-0.71875,-7.9140625,5.296875,2.59375,0.115234375,-0.052734375,0.0078125
1913,19094372,19394372,0.557678223,-0.243286133,-0.780334473,0.14440918,0.7109375,0.6640625,-0.71875,-7.9140625,5.296875,2.59375,0.056640625,0.05859375,0.033203125
1914,19098686,19398686,0.557983398,-0.243408203,-0.780090332,0.14453125,0.578125,0.92578125,-0.58984375,-7.8984375,5.3046875,2.578125,0.056640625,0.05859375,0.033203125
1915,19110279,19410279,0.55847168,-0.243347168,-0.779724121,0.144836426,0.578125,0.92578125,-0.58984375,-7.8984375,5.3046875,2.578125,-0.033203125,0.15234375,0.01953125
1916,19117199,19417199,0.559020996,-0.243103027,-0.779296875,0.145202637,0.578125,0.83984375,-0.609375,-7.8984375,5.3125,2.5625,-0.033203125,0.15234375,0.01953125
1917,19134092,19434092,0.559692383,-0.242736816,-0.778808594,0.145812988,0.578125,0.83984375,-0.609375,-7.8984375,5.3125,2.5625,-0.087890625,0.21484375,0.048828125
1918,19138453,19438453,0.560424805,-0.24230957,-0.778259277,0.146606445,0.703125,0.87109375,-0.6640625,-7.90625,5.3203125,2.5390625,-0.087890625,0.21484375,0.048828125
1919,19150055,19450055,0.561401367,-0.241699219,-0.777587891,0.147766113,0.703125,0.87109375,-0.6640625,-7.90625,5.3203125,2.5390625,-0.173828125,0.3125,0.103515625
1920,19158479,19458479,0.56237793,-0.240966797,-0.776794434,0.149169922,0.7890625,0.83203125,-0.6328125,-7.9140625,5.3203125,2.5078125,-0.173828125,0.3125,0.103515625
1921,19172706,19472706,0.563354492,-0.24017334,-0.776000977,0.150939941,0.7890625,0.83203125,-0.6328125,-7.9140625,5.3203125,2.5078125,-0.2734375,0.369140625,0.16796875
1922,19176326,19476326,0.56439209,-0.239257812,-0.775146484,0.152770996,0.86328125,0.81640625,-0.74609375,-7.9140625,5.3359375,2.46875,-0.2734375,0.369140625,0.16796875
1923,19190263,19490263,0.565612793,-0.237976074,-0.774169922,0.155151367,0.86328125,0.81640625,-0.74609375,-7.9140625,5.3359375,2.46875,-0.39453125,0.462890625,0.189453125
1924,19197183,19497183,0.567077637,-0.23638916,-0.773071289,0.157714844,0.94140625,0.76953125,-0.640625,-7.9140625,5.34375,2.4375,-0.39453125,0.462890625,0.189453125
1925,19215903,19515903,0.568969727,-0.234436035,-0.771728516,0.160644531,0.94140625,0.76953125,-0.640625,-7.9140625,5.34375,2.4375,-0.560546875,0.73828125,0.181640625
1926,19220061,19520061,0.571533203,-0.231933594,-0.769836426,0.164123535,1.1015625,0.48828125,-0.70703125,-7.921875,5.359375,2.390625,-0.560546875,0.73828125,0.181640625
1927,19230090,19530090,0.574645996,-0.229248047,-0.767456055,0.168029785,1.1015625,0.48828125,-0.70703125,-7.921875,5.359375,2.390625,-0.693359375,1.12304688,0.259765625
1928,19243613,19543613,0.57824707,-0.226318359,-0.764648438,0.172546387,1.15625,0.02734375,-1.00390625,-7.9375,5.359375,2.3046875,-0.693359375,1.12304688,0.259765625
1929,19255821,19555821,0.58203125,-0.223388672,-0.761474609,0.177429199,1.15625,0.02734375,-1.00390625,-7.9375,5.359375,2.3046875,-0.759765625,1.31835938,0.38671875
1930,19259987,19559987,0.585998535,-0.220458984,-0.758056641,0.182800293,0.75,0.109375,-1.0390625,-7.953125,5.390625,2.1875,-0.759765625,1.31835938,0.38671875
1931,19269080,19569080,0.589538574,-0.217773438,-0.754699707,0.188171387,0.75,0.109375,-1.0390625,-7.953125,5.390625,2.1875,-0.751953125,1.234375,0.48828125
1932,19276864,19576864,0.592712402,-0.215393066,-0.751647949,0.193359375,0.18359375,0.69140625,-1.19140625,-7.9609375,5.421875,2.0703125,-0.751953125,1.234375,0.48828125
1933,19293089,19593089,0.596008301,-0.21282959,-0.748168945,0.199279785,0.18359375,0.69140625,-1.19140625,-7.9609375,5.421875,2.0703125,-0.80078125,1.22265625,0.572265625
1934,19296848,19596848,0.599121094,-0.210388184,-0.744812012,0.205078125,0.3203125,1.203125,-0.69140625,-7.9453125,5.484375,1.953125,-0.80078125,1.22265625,0.572265625
1935,19311529,19611529,0.602661133,-0.207641602,-0.740905762,0.211608887,0.3203125,1.203125,-0.69140625,-7.9453125,5.484375,1.953125,-0.87109375,1.3828125,0.65625
1936,19319613,19619613,0.606262207,-0.20489502,-0.736755371,0.218200684,0.375,1.33203125,-0.49609375,-7.921875,5.546875,1.8359375,-0.87109375,1.3828125,0.65625
1937,19335391,19635391,0.610107422,-0.202087402,-0.73236084,0.224975586,0.375,1.33203125,-0.49609375,-7.921875,5.546875,1.8359375,-0.88671875,1.53125,0.701171875
1938,19339538,19639538,0.613891602,-0.199462891,-0.727844238,0.231506348,0.42578125,0.94921875,-0.77734375,-7.8984375,5.625,1.6953125,-0.88671875,1.53125,0.701171875
1939,19353952,19653952,0.618164062,-0.196594238,-0.722717285,0.238586426,0.42578125,0.94921875,-0.77734375,-7.8984375,5.625,1.6953125,-0.849609375,1.609375,0.70703125
1940,19358856,19658856,0.622131348,-0.193969727,-0.717834473,0.244995117,0.12109375,0.625,-0.8515625,-7.859375,5.71875,1.5390625,-0.849609375,1.609375,0.70703125
1941,19374153,19674153,0.626403809,-0.191223145,-0.712524414,0.251708984,0.12109375,0.625,-0.8515625,-7.859375,5.71875,1.5390625,-0.763671875,1.59765625,0.6953125
1942,19378304,19678304,0.630310059,-0.188842773,-0.707458496,0.257995605,-0.5625,0.26171875,-1.0703125,-7.828125,5.8125,1.375,-0.763671875,1.59765625,0.6953125
1943,19391243,19691243,0.634094238,-0.186584473,-0.702270508,0.264343262,-0.5625,0.26171875,-1.0703125,-7.828125,5.8125,1.375,-0.703125,1.48632812,0.740234375
1944,19399604,19699604,0.637634277,-0.184570312,-0.69720459,0.270690918,-0.734375,0.29296875,-0.953125,-7.7734375,5.8984375,1.21875,-0.703125,1.48632812,0.740234375
1945,19414725,19714725,0.640808105,-0.182495117,-0.692382812,0.276794434,-0.734375,0.29296875,-0.953125,-7.7734375,5.8984375,1.21875,-0.78125,1.44726562,0.759765625
1946,19418903,19718903,0.644165039,-0.179870605,-0.687255859,0.283569336,-0.2109375,0.375,-0.46875,-7.71875,6.0078125,1.078125,-0.78125,1.44726562,0.759765625
1947,19429215,19729215,0.647399902,-0.176696777,-0.682189941,0.290283203,-0.2109375,0.375,-0.46875,-7.71875,6.0078125,1.078125,-0.96875,1.55664062,0.62890625
1948,19438874,19738874,0.650817871,-0.173156738,-0.677185059,0.296447754,0.765625,0.05078125,-0.41015625,-7.6640625,6.1015625,0.9453125,-0.96875,1.55664062,0.62890625
1949,19452990,19752990,0.654724121,-0.169616699,-0.671813965,0.302062988,0.765625,0.05078125,-0.41015625,-7.6640625,6.1015625,0.9453125,-0.685546875,1.671875,0.443359375
1950,19456612,19756612,0.659179688,-0.166992188,-0.666137695,0.30645752,-0.046875,-1.890625,-1.03515625,-7.6171875,6.1640625,0.8046875,-0.685546875,1.671875,0.443359375
1951,19471918,19771918,0.66394043,-0.165893555,-0.66015625,0.309509277,-0.046875,-1.890625,-1.03515625,-7.6171875,6.1640625,0.8046875,0.150390625,1.43554688,0.466796875
1952,19480476,19780476,0.668212891,-0.166381836,-0.654846191,0.311340332,-1.11328125,-2.2265625,-0.82421875,-7.5859375,6.234375,0.59375,0.150390625,1.43554688,0.466796875
1953,19493661,19793661,0.672485352,-0.167785645,-0.649353027,0.313049316,-1.11328125,-2.2265625,-0.82421875,-7.5859375,6.234375,0.59375,0.38671875,1.21875,0.642578125
1954,19497760,19797760,0.676147461,-0.168884277,-0.644104004,0.315429688,-0.9140625,-0.359375,-0.0859375,-7.515625,6.3203125,0.3515625,0.38671875,1.21875,0.642578125
1955,19512168,19812168,0.679321289,-0.168762207,-0.63885498,0.319335938,-0.9140625,-0.359375,-0.0859375,-7.515625,6.3203125,0.3515625,-0.392578125,1.2109375,0.65234375
1956,19516969,19816969,0.681762695,-0.166992188,-0.634155273,0.32421875,0.1953125,1.26171875,0.140625,-7.4375,6.421875,0.1640625,-0.392578125,1.2109375,0.65234375
1957,19534135,19834135,0.684570312,-0.163696289,-0.628662109,0.330566406,0.1953125,1.26171875,0.140625,-7.4375,6.421875,0.1640625,-0.921875,1.52734375,0.560546875
1958,19538188,19838188,0.687438965,-0.161071777,-0.623474121,0.335876465,0.9609375,-0.32421875,-0.6328125,-7.359375,6.515625,0.0546875,-0.921875,1.52734375,0.560546875
1959,19549417,19849417,0.690979004,-0.16003418,-0.617614746,0.33984375,0.9609375,-0.32421875,-0.6328125,-7.359375,6.515625,0.0546875,0.08984375,1.24804688,0.603515625
1960,19563806,19863806,0.694274902,-0.161621094,-0.612670898,0.341308594,-1.078125,-2.40234375,-0.71484375,-7.2734375,6.6015625,-0.09375,0.08984375,1.24804688,0.603515625
1961,19574911,19874911,0.696960449,-0.165161133,-0.608581543,0.341430664,-1.078125,-2.40234375,-0.71484375,-7.2734375,6.6015625,-0.09375,0.76953125,0.5,0.732421875
1962,19578527,19878527,0.69909668,-0.168945312,-0.604919434,0.34173584,-1.2421875,-0.62109375,1.0546875,-7.1875,6.6953125,-0.2890625,0.76953125,0.5,0.732421875
1963,19590446,19890446,0.70111084,-0.17175293,-0.601196289,0.342895508,-1.2421875,-0.62109375,1.0546875,-7.1875,6.6953125,-0.2890625,0.296875,0.689453125,0.654296875
1964,19598293,19898293,0.703125,-0.172485352,-0.597290039,0.345153809,-1.03515625,1.65234375,1.29296875,-7.0859375,6.796875,-0.453125,0.296875,0.689453125,0.654296875
1965,19611906,19911906,0.705078125,-0.170654297,-0.593139648,0.349243164,-1.03515625,1.65234375,1.29296875,-7.0859375,6.796875,-0.453125,-0.80078125,1.16992188,0.396484375
1966,19618232,19918232,0.706726074,-0.167236328,-0.588867188,0.354736328,0.953125,1.58203125,0.55078125,-7.0078125,6.8671875,-0.5546875,-0.80078125,1.16992188,0.396484375
1967,19631272,19931272,0.708312988,-0.163208008,-0.58416748,0.361083984,0.953125,1.58203125,0.55078125,-7.0078125,6.8671875,-0.5546875,-1.07617188,1.32421875,0.490234375
1968,19643583,19943583,0.709838867,-0.159912109,-0.579528809,0.36706543,0.60546875,-0.1796875,-0.44140625,-6.9296875,6.9453125,-0.59375,-1.07617188,1.32421875,0.490234375
1969,19655157,19955157,0.711242676,-0.157897949,-0.575561523,0.371398926,0.60546875,-0.1796875,-0.44140625,-6.9296875,6.9453125,-0.59375,-0.451171875,0.943359375,0.431640625
1970,19659293,19959293,0.713134766,-0.156860352,-0.571777344,0.374084473,-1.73828125,-1.5234375,0.140625,-6.84375,7.0234375,-0.640625,-0.451171875,0.943359375,0.431640625
1971,19670529,19970529,0.715515137,-0.156677246,-0.568359375,0.374755859,-1.73828125,-1.5234375,0.140625,-6.84375,7.0234375,-0.640625,0.341796875,0.759765625,0.162109375
1972,19678349,19978349,0.718383789,-0.157043457,-0.565063477,0.374145508,-1.91796875,-2.3671875,0.25,-6.78125,7.0625,-0.75,0.341796875,0.759765625,0.162109375
1973,19691916,19991916,0.721496582,-0.157653809,-0.561767578,0.372802734,-1.91796875,-2.3671875,0.25,-6.78125,7.0625,-0.75,0.630859375,0.703125,0.072265625
1974,19696972,19996972,0.724487305,-0.158569336,-0.558654785,0.371337891,-1.40234375,-1.1875,-0.8359375,-6.7578125,7.0703125,-0.9296875,0.630859375,0.703125,0.072265625
1975,19711304,20011304,0.727050781,-0.159606934,-0.555847168,0.369995117,-1.40234375,-1.1875,-0.8359375,-6.7578125,7.0703125,-0.9296875,0.595703125,0.53125,0.169921875
1976,19723677,20023677,0.729309082,-0.161132812,-0.553222656,0.368835449,-0.5546875,0.078125,-1.015625,-6.7265625,7.0703125,-1.09375,0.595703125,0.53125,0.169921875
1977,19735258,20035258,0.731262207,-0.163024902,-0.55078125,0.367858887,-0.5546875,0.078125,-1.015625,-6.7265625,7.0703125,-1.09375,0.51953125,0.322265625,0.322265625
1978,19739379,20039379,0.732727051,-0.165283203,-0.548583984,0.367248535,-0.1328125,0.7890625,0.3984375,-6.6875,7.0859375,-1.2421875,0.51953125,0.322265625,0.322265625
1979,19750612,20050612,0.733947754,-0.167602539,-0.546508789,0.366882324,-0.1328125,0.7890625,0.3984375,-6.6875,7.0859375,-1.2421875,0.484375,0.259765625,0.408203125
1980,19758260,20058260,0.735229492,-0.169799805,-0.544372559,0.366394043,-0.1953125,0.55859375,1.38671875,-6.625,7.125,-1.3515625,0.484375,0.259765625,0.408203125
1981,19774218,20074218,0.736755371,-0.171813965,-0.542053223,0.365844727,-0.1953125,0.55859375,1.38671875,-6.625,7.125,-1.3515625,0.427734375,0.3359375,0.291015625
1982,19778390,20078390,0.738220215,-0.173156738,-0.539978027,0.365356445,-0.7578125,0.3671875,1.3046875,-6.5625,7.1640625,-1.4609375,0.427734375,0.3359375,0.291015625
1983,19791448,20091448,0.739868164,-0.174255371,-0.537719727,0.364868164,-0.7578125,0.3671875,1.3046875,-6.5625,7.1640625,-1.4609375,0.34765625,0.419921875,0.17578125
1984,19804239,20104239,0.741516113,-0.174987793,-0.535461426,0.364440918,-0.7578125,0.46484375,0.640625,-6.5234375,7.1796875,-1.5625,0.34765625,0.419921875,0.17578125
1985,19815345,20115345,0.743225098,-0.17565918,-0.53326416,0.363891602,-0.7578125,0.46484375,0.640625,-6.5234375,7.1796875,-1.5625,0.353515625,0.435546875,0.12109375
1986,19819484,20119484,0.744873047,-0.176147461,-0.53112793,0.363342285,-0.8359375,0.61328125,0.21484375,-6.484375,7.1875,-1.671875,0.353515625,0.435546875,0.12109375
1987,19830300,20130300,0.746398926,-0.176391602,-0.52923584,0.362854004,-0.8359375,0.61328125,0.21484375,-6.484375,7.1875,-1.671875,0.232421875,0.384765625,0.060546875
1988,19837187,20137187,0.747497559,-0.176513672,-0.527832031,0.362609863,-1.0859375,0.0390625,0.546875,-6.4609375,7.1875,-1.7734375,0.232421875,0.384765625,0.060546875
1989,19854473,20154473,0.748168945,-0.176513672,-0.526916504,0.362548828,-1.0859375,0.0390625,0.546875,-6.4609375,7.1875,-1.7734375,0.048828125,0.130859375,0.017578125
1990,19858604,20158604,0.748413086,-0.176391602,-0.526550293,0.362609863,-1.6015625,-0.95703125,1.16796875,-6.4453125,7.1875,-1.8203125,0.048828125,0.130859375,0.017578125
1991,19872531,20172531,0.748413086,-0.176025391,-0.526550293,0.362792969,-1.6015625,-0.95703125,1.16796875,-6.4453125,7.1875,-1.8203125,-0.09765625,0,-0.064453125
1992,19881708,20181708,0.748291016,-0.175476074,-0.526855469,0.362915039,-1.43359375,-1.53125,1.2421875,-6.4609375,7.1875,-1.8203125,-0.09765625,0,-0.064453125
1993,19895058,20195058,0.748046875,-0.174804688,-0.52746582,0.362854004,-1.43359375,-1.53125,1.2421875,-6.4609375,7.1875,-1.8203125,-0.08203125,-0.107421875,-0.181640625
1994,19899193,20199193,0.747741699,-0.174133301,-0.528442383,0.362426758,-1.53125,-1.44140625,0.76171875,-6.4765625,7.171875,-1.796875,-0.08203125,-0.107421875,-0.181640625
1995,19912762,20212762,0.747314453,-0.173522949,-0.529724121,0.361755371,-1.53125,-1.44140625,0.76171875,-6.4765625,7.171875,-1.796875,-0.03125,-0.25,-0.259765625
1996,19916515,20216515,0.746765137,-0.172973633,-0.531188965,0.360900879,-1.1484375,-1.29296875,0.61328125,-6.515625,7.140625,-1.765625,-0.03125,-0.25,-0.259765625
1997,19931928,20231928,0.74597168,-0.172485352,-0.53314209,0.359863281,-1.1484375,-1.29296875,0.61328125,-6.515625,7.140625,-1.765625,-0.03125,-0.408203125,-0.30078125
1998,19936965,20236965,0.744995117,-0.172058105,-0.535400391,0.358825684,-1.0546875,-1.0625,0.94921875,-6.5703125,7.1015625,-1.71875,-0.03125,-0.408203125,-0.30078125
1999,19952577,20252577,0.743896484,-0.171691895,-0.537719727,0.357788086,-1.0546875,-1.0625,0.94921875,-6.5703125,7.1015625,-1.71875,-0.0546875,-0.5,-0.306640625
2000,19960224,20260224,0.742736816,-0.171325684,-0.540100098,0.356750488,-1.03125,-0.56640625,1.078125,-6.6328125,7.0625,-1.65625,-0.0546875,-0.5,-0.306640625
2001,19973539,20273539,0.741394043,-0.170959473,-0.54284668,0.355529785,-1.03125,-0.56640625,1.078125,-6.6328125,7.0625,-1.65625,-0.052734375,-0.5703125,-0.337890625
2002,19977284,20277284,0.74005127,-0.170593262,-0.545654297,0.354309082,-0.9609375,-0.44921875,0.76171875,-6.703125,7.0234375,-1.5703125,-0.052734375,-0.5703125,-0.337890625
2003,19992163,20292163,0.738464355,-0.17010498,-0.54888916,0.352783203,-0.9609375,-0.44921875,0.76171875,-6.703125,7.0234375,-1.5703125,-0.044921875,-0.68359375,-0.41796875
2004,19995894,20295894,0.736816406,-0.169677734,-0.552246094,0.351196289,-1.3125,-0.125,0.71484375,-6.7734375,6.96875,-1.484375,-0.044921875,-0.68359375,-0.41796875
2005,20010595,20310595,0.734802246,-0.169067383,-0.556335449,0.349243164,-1.3125,-0.125,0.71484375,-6.7734375,6.96875,-1.484375,-0.08203125,-0.86328125,-0.541015625
2006,20016987,20316987,0.732543945,-0.168212891,-0.560791016,0.347229004,-1.5625,0.08984375,0.9453125,-6.8671875,6.90625,-1.3671875,-0.08203125,-0.86328125,-0.541015625
2007,20032255,20332255,0.730163574,-0.167053223,-0.565551758,0.345153809,-1.5625,0.08984375,0.9453125,-6.8671875,6.90625,-1.3671875,-0.185546875,-1.0390625,-0.7265625
2008,20040743,20340743,0.727416992,-0.165466309,-0.570861816,0.342895508,-1.71484375,-0.20703125,1.36328125,-6.984375,6.8203125,-1.2109375,-0.185546875,-1.0390625,-0.7265625
2009,20052452,20352452,0.724304199,-0.163574219,-0.576782227,0.340454102,-1.71484375,-0.20703125,1.36328125,-6.984375,6.8203125,-1.2109375,-0.271484375,-1.15039062,-0.849609375
2010,20056196,20356196,0.721191406,-0.161865234,-0.582580566,0.338134766,-1.41796875,-0.62890625,1.01171875,-7.125,6.703125,-1.015625,-0.271484375,-1.15039062,-0.849609375
2011,20072391,20372391,0.717651367,-0.160461426,-0.588623047,0.33581543,-1.41796875,-0.62890625,1.01171875,-7.125,6.703125,-1.015625,-0.259765625,-1.29492188,-0.73046875
2012,20076120,20376120,0.713928223,-0.159423828,-0.594604492,0.333679199,-1.01953125,-0.1796875,0.53515625,-7.2578125,6.6015625,-0.8046875,-0.259765625,-1.29492188,-0.73046875
2013,20091923,20391923,0.709960938,-0.158508301,-0.600646973,0.331726074,-1.01953125,-0.1796875,0.53515625,-7.2578125,6.6015625,-0.8046875,-0.283203125,-1.26367188,-0.59375
2014,20096964,20396964,0.706176758,-0.157592773,-0.606323242,0.329833984,-0.53515625,0.41796875,0.109375,-7.359375,6.5,-0.5703125,-0.283203125,-1.26367188,-0.59375
2015,20111403,20411403,0.702941895,-0.156677246,-0.611450195,0.327819824,-0.53515625,0.41796875,0.109375,-7.359375,6.5,-0.5703125,-0.16796875,-1.20898438,-0.6875
2016,20121371,20421371,0.699523926,-0.155822754,-0.617126465,0.324890137,-0.73828125,-0.25390625,-0.37109375,-7.4609375,6.40625,-0.359375,-0.16796875,-1.20898438,-0.6875
2017,20133654,20433654,0.696166992,-0.155334473,-0.623168945,0.320739746,-0.73828125,-0.25390625,-0.37109375,-7.4609375,6.40625,-0.359375,0.232421875,-1.35546875,-0.904296875
2018,20137391,20437391,0.69317627,-0.155395508,-0.629089355,0.315612793,-1.05078125,-1.0546875,-0.64453125,-7.5703125,6.2890625,-0.1640625,0.232421875,-1.35546875,-0.904296875
2019,20151894,20451894,0.689941406,-0.156066895,-0.635803223,0.308837891,-1.05078125,-1.0546875,-0.64453125,-7.5703125,6.2890625,-0.1640625,0.662109375,-1.52148438,-1.04296875
2020,20156938,20456938,0.687011719,-0.157043457,-0.642028809,0.301879883,-0.296875,-1.3203125,-0.61328125,-7.7109375,6.1328125,0,0.662109375,-1.52148438,-1.04296875
2021,20172101,20472101,0.684204102,-0.15826416,-0.648193359,0.294433594,-0.296875,-1.3203125,-0.61328125,-7.7109375,6.1328125,0,0.853515625,-1.53515625,-1.07226562
2022,20179815,20479815,0.681335449,-0.159667969,-0.654174805,0.28704834,-0.05859375,-0.69921875,-0.9921875,-7.8359375,5.96875,0.1484375,0.853515625,-1.53515625,-1.07226562
2023,20192370,20492370,0.677856445,-0.161437988,-0.660705566,0.27911377,-0.05859375,-0.69921875,-0.9921875,-7.8359375,5.96875,0.1484375,0.84375,-1.65625,-0.974609375
2024,20201612,20501612,0.674377441,-0.163146973,-0.666687012,0.272216797,0.25,0.125,-0.8828125,-7.953125,5.796875,0.3046875,0.84375,-1.65625,-0.974609375
2025,20214889,20514889,0.670471191,-0.164978027,-0.672912598,0.265441895,0.25,0.125,-0.8828125,-7.953125,5.796875,0.3046875,0.68359375,-1.63476562,-0.80859375
2026,20219961,20519961,0.666442871,-0.166809082,-0.678833008,0.259155273,0.26953125,0.6015625,-0.5546875,-8.046875,5.6640625,0.4765625,0.68359375,-1.63476562,-0.80859375
2027,20230343,20530343,0.662475586,-0.168945312,-0.684509277,0.252990723,0.26953125,0.6015625,-0.5546875,-8.046875,5.6640625,0.4765625,0.755859375,-1.56835938,-0.6640625
2028,20237309,20537309,0.658874512,-0.171325684,-0.68951416,0.247192383,0.33203125,0.3359375,-0.40625,-8.109375,5.546875,0.671875,0.755859375,-1.56835938,-0.6640625
2029,20252955,20552955,0.655029297,-0.174377441,-0.694641113,0.240783691,0.33203125,0.3359375,-0.40625,-8.109375,5.546875,0.671875,0.923828125,-1.52148438,-0.572265625
2030,20256699,20556699,0.651428223,-0.177490234,-0.69934082,0.234558105,0.1484375,0.26953125,-0.484375,-8.15625,5.4609375,0.828125,0.923828125,-1.52148438,-0.572265625
2031,20271188,20571188,0.647460938,-0.180969238,-0.704406738,0.227783203,0.1484375,0.26953125,-0.484375,-8.15625,5.4609375,0.828125,0.958984375,-1.55273438,-0.57421875
2032,20279628,20579628,0.643554688,-0.184204102,-0.70916748,0.221313477,0.2265625,0.5,-0.796875,-8.1953125,5.3828125,0.984375,0.958984375,-1.55273438,-0.57421875
2033,20292909,20592909,0.639648438,-0.18737793,-0.713867188,0.21484375,0.2265625,0.5,-0.796875,-8.1953125,5.3828125,0.984375,0.931640625,-1.52148438,-0.544921875
2034,20296650,20596650,0.635864258,-0.190612793,-0.718139648,0.20880127,0.11328125,0.3125,-0.828125,-8.234375,5.3046875,1.1328125,0.931640625,-1.52148438,-0.544921875
2035,20311111,20611111,0.631713867,-0.194580078,-0.722595215,0.202270508,0.11328125,0.3125,-0.828125,-8.234375,5.3046875,1.1328125,1.06835938,-1.5390625,-0.3984375
2036,20318406,20618406,0.627502441,-0.198791504,-0.726806641,0.196044922,0.01171875,0.6328125,-1.0859375,-8.25,5.25,1.2734375,1.06835938,-1.5390625,-0.3984375
2037,20332811,20632811,0.623168945,-0.20300293,-0.730895996,0.190368652,0.01171875,0.6328125,-1.0859375,-8.25,5.25,1.2734375,0.958984375,-1.53125,-0.23046875
2038,20336541,20636541,0.618774414,-0.20690918,-0.734741211,0.18548584,0.41796875,0.85546875,-0.8125,-8.234375,5.21875,1.421875,0.958984375,-1.53125,-0.23046875
2039,20352367,20652367,0.613891602,-0.21081543,-0.738952637,0.180664062,0.41796875,0.85546875,-0.8125,-8.234375,5.21875,1.421875,0.75,-1.51367188,-0.142578125
2040,20360618,20660618,0.609313965,-0.214355469,-0.742736816,0.176452637,0.05078125,0.90234375,-0.4375,-8.2109375,5.2109375,1.5859375,0.75,-1.51367188,-0.142578125
2041,20372471,20672471,0.604553223,-0.218017578,-0.746582031,0.171936035,0.05078125,0.90234375,-0.4375,-8.2109375,5.2109375,1.5859375,0.76953125,-1.44335938,-0.140625
2042,20376215,20676215,0.600219727,-0.221679688,-0.75,0.167541504,0.01953125,0.62890625,-0.6796875,-8.1796875,5.21875,1.75,0.76953125,-1.44335938,-0.140625
2043,20393198,20693198,0.595581055,-0.225830078,-0.753540039,0.162658691,0.01953125,0.62890625,-0.6796875,-8.1796875,5.21875,1.75,0.884765625,-1.41796875,-0.138671875
2044,20396986,20696986,0.591186523,-0.229797363,-0.756774902,0.158081055,-0.05078125,0.4296875,-0.17578125,-8.1484375,5.2265625,1.8984375,0.884765625,-1.41796875,-0.138671875
2045,20411407,20711407,0.586486816,-0.233825684,-0.760131836,0.153625488,-0.05078125,0.4296875,-0.17578125,-8.1484375,5.2265625,1.8984375,0.767578125,-1.37695312,-0.060546875
2046,20419121,20719121,0.58203125,-0.237243652,-0.763183594,0.149902344,-0.09765625,0.48046875,-0.27734375,-8.1015625,5.25,2.0390625,0.767578125,-1.37695312,-0.060546875
2047,20432085,20732085,0.577209473,-0.240539551,-0.766540527,0.14630127,-0.09765625,0.48046875,-0.27734375,-8.1015625,5.25,2.0390625,0.552734375,-1.31640625,-0.03125
2048,20440610,20740610,0.572570801,-0.243408203,-0.769714355,0.143005371,0.23046875,0.80859375,-0.43359375,-8.046875,5.265625,2.1953125,0.552734375,-1.31640625,-0.03125
2049,20450900,20750900,0.568359375,-0.24597168,-0.772583008,0.140014648,0.23046875,0.80859375,-0.43359375,-8.046875,5.265625,2.1953125,0.486328125,-1.2265625,-0.044921875
2050,20459546,20759546,0.563842773,-0.248535156,-0.775634766,0.136901855,-0.12109375,0.49609375,-0.5390625,-8,5.2734375,2.3359375,0.486328125,-1.2265625,-0.044921875
2051,20472196,20772196,0.559692383,-0.250854492,-0.778381348,0.134094238,-0.12109375,0.49609375,-0.5390625,-8,5.2734375,2.3359375,0.416015625,-1.1796875,-0.033203125
2052,20479305,20779305,0.555725098,-0.252868652,-0.780944824,0.131530762,0.7421875,0.25,-0.41015625,-7.9453125,5.2890625,2.4765625,0.416015625,-1.1796875,-0.033203125
2053,20491960,20791960,0.551757812,-0.254699707,-0.783630371,0.12902832,0.7421875,0.25,-0.41015625,-7.9453125,5.2890625,2.4765625,0.28515625,-1.01953125,-0.060546875
2054,20498340,20798340,0.548217773,-0.256164551,-0.786010742,0.12677002,0.2734375,0.234375,-0.47265625,-7.8984375,5.3046875,2.6171875,0.28515625,-1.01953125,-0.060546875
2055,20512878,20812878,0.544616699,-0.257568359,-0.788391113,0.124511719,0.2734375,0.234375,-0.47265625,-7.8984375,5.3046875,2.6171875,0.25,-0.923828125,-0.07421875
2056,20521973,20821973,0.541442871,-0.258850098,-0.790466309,0.122497559,0.6953125,0.03515625,-0.90625,-7.859375,5.3125,2.7421875,0.25,-0.923828125,-0.07421875
2057,20535260,20835260,0.538391113,-0.260070801,-0.792419434,0.120544434,0.6953125,0.03515625,-0.90625,-7.859375,5.3125,2.7421875,0.220703125,-0.73828125,-0.056640625
2058,20539411,20839411,0.535827637,-0.261230469,-0.794067383,0.118774414,0.80859375,0.10546875,-0.82421875,-7.8203125,5.3203125,2.8515625,0.220703125,-0.73828125,-0.056640625
2059,20552030,20852030,0.53338623,-0.262390137,-0.795593262,0.11706543,0.80859375,0.10546875,-0.82421875,-7.8203125,5.3203125,2.8515625,0.234375,-0.63671875,-0.0625
2060,20558016,20858016,0.531188965,-0.26348877,-0.796936035,0.115356445,0.42578125,0.21875,-1.16796875,-7.78125,5.3203125,2.9296875,0.234375,-0.63671875,-0.0625
2061,20574672,20874672,0.529052734,-0.264587402,-0.798217773,0.113830566,0.42578125,0.21875,-1.16796875,-7.78125,5.3203125,2.9296875,0.244140625,-0.576171875,-0.02734375
2062,20578850,20878850,0.527038574,-0.265808105,-0.799316406,0.112426758,0.69921875,0.5546875,-0.93359375,-7.75,5.328125,3,0.244140625,-0.576171875,-0.02734375
2063,20591814,20891814,0.525024414,-0.267150879,-0.800415039,0.111083984,0.69921875,0.5546875,-0.93359375,-7.75,5.328125,3,0.240234375,-0.47265625,0.021484375
2064,20599609,20899609,0.5234375,-0.268188477,-0.801208496,0.109985352,0.66796875,0.6953125,-0.7578125,-7.71875,5.34375,3.0546875,0.240234375,-0.47265625,0.021484375
2065,20612084,20912084,0.522216797,-0.268981934,-0.801879883,0.10925293,0.66796875,0.6953125,-0.7578125,-7.71875,5.34375,3.0546875,0.099609375,-0.255859375,0.041015625
2066,20618466,20918466,0.521240234,-0.269592285,-0.802368164,0.109008789,0.484375,0.6484375,-0.98046875,-7.6875,5.3515625,3.0859375,0.099609375,-0.255859375,0.041015625
2067,20632383,20932383,0.520385742,-0.270019531,-0.802734375,0.109008789,0.484375,0.6484375,-0.98046875,-7.6875,5.3515625,3.0859375,0.01953125,-0.14453125,0.09765625
2068,20638780,20938780,0.519897461,-0.270385742,-0.80291748,0.10925293,0.66015625,0.625,-0.96484375,-7.671875,5.375,3.109375,0.01953125,-0.14453125,0.09765625
2069,20651448,20951448,0.51953125,-0.270568848,-0.802978516,0.109741211,0.66015625,0.625,-0.96484375,-7.671875,5.375,3.109375,-0.037109375,-0.001953125,0.12109375
2070,20659249,20959249,0.51953125,-0.270629883,-0.80291748,0.110412598,0.7578125,0.76171875,-0.8984375,-7.65625,5.390625,3.1171875,-0.037109375,-0.001953125,0.12109375
2071,20671835,20971835,0.519714355,-0.270507812,-0.80267334,0.11126709,0.7578125,0.76171875,-0.8984375,-7.65625,5.390625,3.1171875,-0.11328125,0.142578125,0.119140625
2072,20680927,20980927,0.520202637,-0.270141602,-0.802368164,0.112365723,0.75,0.74609375,-0.97265625,-7.6484375,5.40625,3.1171875,-0.11328125,0.142578125,0.119140625
2073,20692664,20992664,0.520935059,-0.269592285,-0.801879883,0.113708496,0.75,0.74609375,-0.97265625,-7.6484375,5.40625,3.1171875,-0.2109375,0.3046875,0.142578125
2074,20696392,20996392,0.522033691,-0.268920898,-0.801208496,0.115356445,0.828125,0.546875,-0.94921875,-7.6484375,5.4140625,3.09375,-0.2109375,0.3046875,0.142578125
2075,20714329,21014329,0.523376465,-0.268005371,-0.800292969,0.117370605,0.828125,0.546875,-0.94921875,-7.6484375,5.4140625,3.09375,-0.287109375,0.466796875,0.1875
2076,20718459,21018459,0.524841309,-0.266967773,-0.799316406,0.119567871,0.8203125,0.5703125,-0.98828125,-7.640625,5.4296875,3.0546875,-0.287109375,0.466796875,0.1875
2077,20730731,21030731,0.526733398,-0.265686035,-0.798156738,0.122253418,0.8203125,0.5703125,-0.98828125,-7.640625,5.4296875,3.0546875,-0.41796875,0.630859375,0.228515625
2078,20738826,21038826,0.528869629,-0.264038086,-0.79675293,0.125366211,0.98828125,0.70703125,-0.90234375,-7.65625,5.4453125,3.0078125,-0.41796875,0.630859375,0.228515625
2079,20751760,21051760,0.53125,-0.262207031,-0.795227051,0.12878418,0.98828125,0.70703125,-0.90234375,-7.65625,5.4453125,3.0078125,-0.5234375,0.814453125,0.279296875
2080,20760616,21060616,0.534057617,-0.260192871,-0.793395996,0.132507324,1.234375,0.66015625,-0.96484375,-7.671875,5.453125,2.953125,-0.5234375,0.814453125,0.279296875
2081,20772042,21072042,0.537231445,-0.25793457,-0.791320801,0.136535645,1.234375,0.66015625,-0.96484375,-7.671875,5.453125,2.953125,-0.65625,1.11132812,0.30078125
2082,20778446,21078446,0.54119873,-0.255126953,-0.788696289,0.141357422,0.90625,0.60546875,-1.0625,-7.6875,5.46875,2.859375,-0.65625,1.11132812,0.30078125
2083,20791915,21091915,0.545349121,-0.252075195,-0.785888672,0.14654541,0.90625,0.60546875,-1.0625,-7.6875,5.46875,2.859375,-0.81640625,1.3671875,0.3828125
2084,20798991,21098991,0.549499512,-0.249023438,-0.782897949,0.151977539,0.71484375,0.37109375,-1.2109375,-7.7265625,5.4765625,2.7421875,-0.81640625,1.3671875,0.3828125
2085,20811758,21111758,0.554321289,-0.245544434,-0.779296875,0.158508301,0.71484375,0.37109375,-1.2109375,-7.7265625,5.4765625,2.7421875,-0.9140625,1.51367188,0.53515625
2086,20818378,21118378,0.558776855,-0.24230957,-0.775695801,0.165222168,0.34765625,0.484375,-1.1953125,-7.7421875,5.515625,2.609375,-0.9140625,1.51367188,0.53515625
2087,20832300,21132300,0.563232422,-0.239135742,-0.771972656,0.172180176,0.34765625,0.484375,-1.1953125,-7.7421875,5.515625,2.609375,-0.953125,1.56835938,0.68359375
2088,20841634,21141634,0.567382812,-0.23626709,-0.768249512,0.179138184,0.203125,0.703125,-0.9765625,-7.75,5.5625,2.46875,-0.953125,1.56835938,0.68359375
2089,20855097,21155097,0.571716309,-0.233337402,-0.764099121,0.186706543,0.203125,0.703125,-0.9765625,-7.75,5.5625,2.46875,-0.89453125,1.51367188,0.744140625
2090,20858831,21158831,0.575805664,-0.230712891,-0.760070801,0.193786621,-0.11328125,0.91015625,-0.76953125,-7.7421875,5.625,2.3359375,-0.89453125,1.51367188,0.744140625
2091,20871427,21171427,0.579956055,-0.227905273,-0.755859375,0.200927734,-0.11328125,0.91015625,-0.76953125,-7.7421875,5.625,2.3359375,-0.890625,1.56640625,0.73046875
2092,20877414,21177414,0.584289551,-0.224975586,-0.751464844,0.208129883,0.0546875,1.0234375,-0.390625,-7.71875,5.703125,2.1875,-0.890625,1.56640625,0.73046875
2093,20891427,21191427,0.588684082,-0.221740723,-0.746887207,0.215454102,0.0546875,1.0234375,-0.390625,-7.71875,5.703125,2.1875,-0.994140625,1.70703125,0.716796875
2094,20898181,21198181,0.593383789,-0.218200684,-0.741943359,0.223144531,0.1171875,0.75390625,-0.26953125,-7.703125,5.78125,2.03125,-0.994140625,1.70703125,0.716796875
2095,20911661,21211661,0.598144531,-0.214599609,-0.736816406,0.230834961,0.1171875,0.75390625,-0.26953125,-7.703125,5.78125,2.03125,-1.01367188,1.85351562,0.748046875
2096,20919610,21219610,0.602783203,-0.211242676,-0.731628418,0.238220215,0.109375,0.484375,-0.61328125,-7.6953125,5.859375,1.875,-1.01367188,1.85351562,0.748046875
2097,20932387,21232387,0.60760498,-0.207763672,-0.725891113,0.246398926,0.109375,0.484375,-0.61328125,-7.6953125,5.859375,1.875,-0.98046875,1.83398438,0.83203125
2098,20938383,21238383,0.611938477,-0.204772949,-0.720458984,0.254089355,0.14453125,0.09375,-0.640625,-7.65625,5.9453125,1.7109375,-0.98046875,1.83398438,0.83203125
2099,20950164,21250164,0.616394043,-0.201843262,-0.714538574,0.262145996,0.14453125,0.09375,-0.640625,-7.65625,5.9453125,1.7109375,-0.890625,1.75585938,0.9140625
2100,20958677,21258677,0.620483398,-0.199279785,-0.708862305,0.269897461,0.13671875,-0.015625,-0.7734375,-7.609375,6.0546875,1.5390625,-0.890625,1.75585938,0.9140625
2101,20972883,21272883,0.624572754,-0.196655273,-0.702880859,0.277893066,0.13671875,-0.015625,-0.7734375,-7.609375,6.0546875,1.5390625,-0.875,1.7421875,0.951171875
2102,20977184,21277184,0.628356934,-0.194274902,-0.697143555,0.28527832,-0.125,0.1640625,-0.734375,-7.5390625,6.1796875,1.3828125,-0.875,1.7421875,0.951171875
2103,20989317,21289317,0.632751465,-0.191650391,-0.690551758,0.293334961,-0.125,0.1640625,-0.734375,-7.5390625,6.1796875,1.3828125,-0.810546875,1.859375,0.96484375
2104,21001745,21301745,0.636962891,-0.18939209,-0.684082031,0.30065918,-0.2421875,-0.07421875,-0.8671875,-7.4609375,6.3046875,1.2109375,-0.810546875,1.859375,0.96484375
2105,21012967,21312967,0.641540527,-0.187316895,-0.677124023,0.307922363,-0.2421875,-0.07421875,-0.8671875,-7.4609375,6.3046875,1.2109375,-0.583984375,1.86328125,0.962890625
2106,21017960,21317960,0.645874023,-0.186035156,-0.670410156,0.314331055,-0.1640625,-0.57421875,-1.21875,-7.3828125,6.421875,1.0234375,-0.583984375,1.86328125,0.962890625
2107,21032184,21332184,0.650390625,-0.185424805,-0.663146973,0.320678711,-0.1640625,-0.57421875,-1.21875,-7.3828125,6.421875,1.0234375,-0.234375,1.70703125,1.0234375
2108,21038968,21338968,0.655029297,-0.185668945,-0.655822754,0.326171875,-0.390625,-0.953125,-1.08203125,-7.2734375,6.5703125,0.8125,-0.234375,1.70703125,1.0234375
2109,21051332,21351332,0.659423828,-0.186706543,-0.648925781,0.330505371,-0.390625,-0.953125,-1.08203125,-7.2734375,6.5703125,0.8125,0.21484375,1.59375,1.05078125
2110,21057334,21357334,0.663818359,-0.188537598,-0.641784668,0.334594727,-0.73046875,-1.0625,-0.95703125,-7.1640625,6.71875,0.5703125,0.21484375,1.59375,1.05078125
2111,21071241,21371241,0.667724609,-0.190490723,-0.635070801,0.338378906,-0.73046875,-1.0625,-0.95703125,-7.1640625,6.71875,0.5703125,0.24609375,1.37695312,1.02539062
2112,21079642,21379642,0.671325684,-0.192077637,-0.628845215,0.342041016,-0.9296875,-0.26171875,-0.8203125,-7.0390625,6.875,0.3203125,0.24609375,1.37695312,1.02539062
2113,21093069,21393069,0.674865723,-0.193115234,-0.622558594,0.346008301,-0.9296875,-0.26171875,-0.8203125,-7.0390625,6.875,0.3203125,-0.017578125,1.3515625,0.84765625
2114,21096815,21396815,0.678039551,-0.19317627,-0.616760254,0.350036621,-0.91796875,0.41015625,-0.1484375,-6.8984375,7.0078125,0.109375,-0.017578125,1.3515625,0.84765625
2115,21112582,21412582,0.681335449,-0.192626953,-0.610839844,0.354370117,-0.91796875,0.41015625,-0.1484375,-6.8984375,7.0078125,0.109375,-0.22265625,1.39453125,0.68359375
2116,21117632,21417632,0.684509277,-0.192016602,-0.605285645,0.358093262,-0.8359375,0.26953125,0.25,-6.7890625,7.109375,-0.0625,-0.22265625,1.39453125,0.68359375
2117,21131874,21431874,0.687927246,-0.191833496,-0.599609375,0.361206055,-0.8359375,0.26953125,0.25,-6.7890625,7.109375,-0.0625,0.126953125,1.19335938,0.572265625
2118,21137897,21437897,0.691162109,-0.192565918,-0.594482422,0.363037109,-1.3515625,-1.00390625,0.61328125,-6.6953125,7.1953125,-0.234375,0.126953125,1.19335938,0.572265625
2119,21153118,21453118,0.694458008,-0.194030762,-0.589660645,0.363769531,-1.3515625,-1.00390625,0.61328125,-6.6953125,7.1953125,-0.234375,0.59375,0.9140625,0.474609375
2120,21161924,21461924,0.697570801,-0.195678711,-0.585327148,0.364013672,-1.58984375,-1.19140625,1.1953125,-6.609375,7.265625,-0.4296875,0.59375,0.9140625,0.474609375
2121,21173864,21473864,0.700683594,-0.196899414,-0.580749512,0.364685059,-1.58984375,-1.19140625,1.1953125,-6.609375,7.265625,-0.4296875,0.310546875,0.935546875,0.41796875
2122,21177938,21477938,0.703369141,-0.196960449,-0.576599121,0.366088867,-1.7734375,0.171875,1.3515625,-6.5390625,7.3203125,-0.625,0.310546875,0.935546875,0.41796875
2123,21193186,21493186,0.705810547,-0.195739746,-0.57232666,0.368774414,-1.7734375,0.171875,1.3515625,-6.5390625,7.3203125,-0.625,-0.36328125,1.06054688,0.31640625
2124,21196933,21496933,0.707580566,-0.19354248,-0.568481445,0.372436523,-0.61328125,0.625,0.41015625,-6.4765625,7.3671875,-0.7578125,-0.36328125,1.06054688,0.31640625
2125,21211238,21511238,0.709289551,-0.190429688,-0.564025879,0.377502441,-0.61328125,0.625,0.41015625,-6.4765625,7.3671875,-0.7578125,-0.83984375,1.23632812,0.400390625
2126,21217702,21517702,0.710754395,-0.187255859,-0.559570312,0.382873535,0.765625,0.65234375,-0.1484375,-6.3984375,7.4140625,-0.8125,-0.83984375,1.23632812,0.400390625
2127,21231624,21531624,0.712158203,-0.184387207,-0.555114746,0.388122559,0.765625,0.65234375,-0.1484375,-6.3984375,7.4140625,-0.8125,-0.67578125,1.1328125,0.45703125
2128,21239838,21539838,0.713684082,-0.182678223,-0.551086426,0.391906738,-0.9765625,-0.34375,0.34375,-6.3046875,7.4921875,-0.84375,-0.67578125,1.1328125,0.45703125
2129,21251839,21551839,0.715393066,-0.182312012,-0.547729492,0.393676758,-0.9765625,-0.34375,0.34375,-6.3046875,7.4921875,-0.84375,0.19140625,0.62890625,0.271484375
2130,21257574,21557574,0.717468262,-0.182983398,-0.544921875,0.393432617,-2.6171875,-2.0859375,0.94921875,-6.234375,7.546875,-0.9140625,0.19140625,0.62890625,0.271484375
2131,21271121,21571121,0.719726562,-0.184020996,-0.542724609,0.391906738,-2.6171875,-2.0859375,0.94921875,-6.234375,7.546875,-0.9140625,0.642578125,0.3828125,0
2132,21276860,21576860,0.722045898,-0.184753418,-0.540771484,0.389953613,-1.7578125,-2.20703125,0.6328125,-6.2109375,7.5546875,-1.0546875,0.642578125,0.3828125,0
2133,21290811,21590811,0.724304199,-0.184875488,-0.538879395,0.388305664,-1.7578125,-2.20703125,0.6328125,-6.2109375,7.5546875,-1.0546875,0.416015625,0.4921875,-0.1171875
2134,21297742,21597742,0.726379395,-0.184387207,-0.53692627,0.387390137,-0.41796875,-0.91796875,0.1875,-6.2109375,7.53125,-1.1875,0.416015625,0.4921875,-0.1171875
2135,21310908,21610908,0.728088379,-0.18359375,-0.534973145,0.387268066,-0.41796875,-0.91796875,0.1875,-6.2109375,7.53125,-1.1875,0.068359375,0.51953125,-0.0234375
2136,21319521,21619521,0.729431152,-0.182739258,-0.53314209,0.387634277,-0.48828125,-0.0546875,0.328125,-6.21875,7.5078125,-1.2890625,0.068359375,0.51953125,-0.0234375
2137,21333343,21633343,0.730224609,-0.182006836,-0.531921387,0.388183594,-0.48828125,-0.0546875,0.328125,-6.21875,7.5078125,-1.2890625,-0.056640625,0.263671875,0.017578125
2138,21338372,21638372,0.730651855,-0.181640625,-0.53137207,0.388427734,-1.3828125,-0.4453125,0.56640625,-6.203125,7.515625,-1.3359375,-0.056640625,0.263671875,0.017578125
2139,21355080,21655080,0.730834961,-0.181518555,-0.531494141,0.387939453,-1.3828125,-0.4453125,0.56640625,-6.203125,7.515625,-1.3359375,0.123046875,-0.091796875,-0.138671875
2140,21359236,21659236,0.731018066,-0.18157959,-0.532104492,0.386657715,-1.7578125,-1.01171875,1.2734375,-6.2109375,7.5078125,-1.3515625,0.123046875,-0.091796875,-0.138671875
2141,21372526,21672526,0.731323242,-0.18157959,-0.532897949,0.38494873,-1.7578125,-1.01171875,1.2734375,-6.2109375,7.5078125,-1.3515625,0.267578125,-0.142578125,-0.2890625
2142,21377570,21677570,0.731750488,-0.181518555,-0.533691406,0.383117676,-1.10546875,-0.97265625,1.43359375,-6.25,7.46875,-1.359375,0.267578125,-0.142578125,-0.2890625
2143,21392339,21692339,0.732116699,-0.181396484,-0.534606934,0.381164551,-1.10546875,-0.97265625,1.43359375,-6.25,7.46875,-1.359375,0.255859375,-0.162109375,-0.31640625
2144,21400609,21700609,0.732421875,-0.181213379,-0.535644531,0.379211426,-0.74609375,-0.16015625,1.11328125,-6.3046875,7.421875,-1.3828125,0.255859375,-0.162109375,-0.31640625
2145,21413029,21713029,0.73248291,-0.180908203,-0.536804199,0.377563477,-0.74609375,-0.16015625,1.11328125,-6.3046875,7.421875,-1.3828125,0.146484375,-0.216796875,-0.3125
2146,21416761,21716761,0.73236084,-0.180603027,-0.538085938,0.376220703,-0.65234375,0.1171875,0.9296875,-6.359375,7.375,-1.390625,0.146484375,-0.216796875,-0.3125
2147,21432551,21732551,0.731933594,-0.180175781,-0.539672852,0.37487793,-0.65234375,0.1171875,0.9296875,-6.359375,7.375,-1.390625,0.033203125,-0.310546875,-0.2890625
2148,21436272,21736272,0.731323242,-0.179870605,-0.541320801,0.373840332,-0.7109375,-0.41015625,0.63671875,-6.4140625,7.328125,-1.3671875,0.033203125,-0.310546875,-0.2890625
2149,21450246,21750246,0.730407715,-0.17956543,-0.543334961,0.37286377,-0.7109375,-0.41015625,0.63671875,-6.4140625,7.328125,-1.3671875,-0.046875,-0.421875,-0.25390625
2150,21459382,21759382,0.729309082,-0.179382324,-0.545532227,0.371948242,-0.734375,-0.68359375,0.58984375,-6.46875,7.296875,-1.3203125,-0.046875,-0.421875,-0.25390625
2151,21471913,21771913,0.728088379,-0.179199219,-0.547912598,0.37097168,-0.734375,-0.68359375,0.58984375,-6.46875,7.296875,-1.3203125,-0.03515625,-0.537109375,-0.2890625
2152,21480493,21780493,0.726745605,-0.179138184,-0.550598145,0.369506836,-1.1015625,-0.5703125,0.78125,-6.5234375,7.2578125,-1.2421875,-0.03515625,-0.537109375,-0.2890625
2153,21492125,21792125,0.725463867,-0.179077148,-0.553710938,0.367492676,-1.1015625,-0.5703125,0.78125,-6.5234375,7.2578125,-1.2421875,0.1171875,-0.701171875,-0.4609375
2154,21499111,21799111,0.724121094,-0.178955078,-0.557250977,0.364807129,-1.4921875,-0.5546875,0.77734375,-6.59375,7.203125,-1.1640625,0.1171875,-0.701171875,-0.4609375
2155,21511674,21811674,0.722595215,-0.178894043,-0.561340332,0.361572266,-1.4921875,-0.5546875,0.77734375,-6.59375,7.203125,-1.1640625,0.21484375,-0.955078125,-0.68359375
2156,21517656,21817656,0.72076416,-0.178710938,-0.566101074,0.357910156,-1.7734375,-0.51171875,0.65625,-6.6953125,7.125,-1.078125,0.21484375,-0.955078125,-0.68359375
2157,21531042,21831042,0.71862793,-0.178527832,-0.571350098,0.353942871,-1.7734375,-0.51171875,0.65625,-6.6953125,7.125,-1.078125,0.18359375,-1.1640625,-0.798828125
2158,21538697,21838697,0.716186523,-0.178283691,-0.576843262,0.350036621,-1.44921875,-0.2890625,1.06640625,-6.828125,7.015625,-0.953125,0.18359375,-1.1640625,-0.798828125
2159,21551379,21851379,0.713378906,-0.178039551,-0.582519531,0.346435547,-1.44921875,-0.2890625,1.06640625,-6.828125,7.015625,-0.953125,0.05078125,-1.27734375,-0.703125
2160,21558472,21858472,0.710144043,-0.17791748,-0.588256836,0.343444824,-0.7421875,-0.33203125,1.30078125,-6.9609375,6.90625,-0.8046875,0.05078125,-1.27734375,-0.703125
2161,21570959,21870959,0.706420898,-0.17779541,-0.594055176,0.341247559,-0.7421875,-0.33203125,1.30078125,-6.9609375,6.90625,-0.8046875,-0.2265625,-1.33203125,-0.4921875
2162,21578647,21878647,0.702514648,-0.177612305,-0.599609375,0.339660645,-0.0625,0.09765625,0.98828125,-7.0625,6.8203125,-0.609375,-0.2265625,-1.33203125,-0.4921875
2163,21591177,21891177,0.698181152,-0.17755127,-0.60546875,0.338317871,-0.0625,0.09765625,0.98828125,-7.0625,6.8203125,-0.609375,-0.314453125,-1.33007812,-0.384765625
2164,21597158,21897158,0.694213867,-0.17755127,-0.610778809,0.336975098,0.43359375,0.7734375,0.21875,-7.140625,6.7578125,-0.375,-0.314453125,-1.33007812,-0.384765625
2165,21611263,21911263,0.690673828,-0.177368164,-0.615661621,0.335388184,0.43359375,0.7734375,0.21875,-7.140625,6.7578125,-0.375,-0.171875,-1.06054688,-0.439453125
2166,21617406,21917406,0.687988281,-0.176818848,-0.619750977,0.333679199,0.3828125,0.875,-0.06640625,-7.203125,6.6953125,-0.1640625,-0.171875,-1.06054688,-0.439453125
2167,21630612,21930612,0.685791016,-0.175476074,-0.623840332,0.331237793,0.3828125,0.875,-0.06640625,-7.203125,6.6953125,-0.1640625,-0.083984375,-0.765625,-0.740234375
2168,21645953,21945953,0.68371582,-0.174133301,-0.628112793,0.328063965,-1.21875,-0.00390625,-1.17578125,-7.2890625,6.6171875,-0.015625,-0.083984375,-0.765625,-0.740234375
2169,21651073,21951073,0.681213379,-0.173400879,-0.633300781,0.323791504,-1.21875,-0.00390625,-1.17578125,-7.2890625,6.6171875,-0.015625,0.224609375,-1.25976562,-0.89453125
2170,21659850,21959850,0.678405762,-0.173461914,-0.63873291,0.318969727,-1.30078125,-0.8359375,-1.62109375,-7.3984375,6.4921875,0.125,0.224609375,-1.25976562,-0.89453125
2171,21672398,21972398,0.675170898,-0.174194336,-0.644836426,0.312988281,-1.30078125,-0.8359375,-1.62109375,-7.3984375,6.4921875,0.125,0.552734375,-1.46484375,-0.89453125
2172,21677442,21977442,0.671875,-0.175476074,-0.650878906,0.306762695,-0.68359375,-0.93359375,-0.703125,-7.515625,6.359375,0.28125,0.552734375,-1.46484375,-0.89453125
2173,21692640,21992640,0.668762207,-0.177001953,-0.65625,0.301269531,-0.68359375,-0.93359375,-0.703125,-7.515625,6.359375,0.28125,0.578125,-1.44921875,-0.689453125
2174,21696367,21996367,0.665588379,-0.178833008,-0.661254883,0.296203613,-0.015625,-0.88671875,-0.39453125,-7.609375,6.234375,0.4296875,0.578125,-1.44921875,-0.689453125
2175,21712531,22012531,0.662109375,-0.181274414,-0.666503906,0.290710449,-0.015625,-0.88671875,-0.39453125,-7.609375,6.234375,0.4296875,0.677734375,-1.47265625,-0.529296875
2176,21721603,22021603,0.658630371,-0.184082031,-0.671386719,0.285461426,0.16796875,-0.37890625,-0.93359375,-7.6796875,6.1484375,0.5859375,0.677734375,-1.47265625,-0.529296875
2177,21732923,22032923,0.654907227,-0.187255859,-0.676513672,0.279968262,0.16796875,-0.37890625,-0.93359375,-7.6796875,6.1484375,0.5859375,0.755859375,-1.515625,-0.439453125
2178,21736653,22036653,0.651428223,-0.190490723,-0.681152344,0.274658203,0.19921875,0.1796875,-0.35546875,-7.7109375,6.0859375,0.734375,0.755859375,-1.515625,-0.439453125
2179,21752374,22052374,0.647888184,-0.194030762,-0.68572998,0.269042969,0.19921875,0.1796875,-0.35546875,-7.7109375,6.0859375,0.734375,0.83984375,-1.43359375,-0.412109375
2180,21757420,22057420,0.64453125,-0.197265625,-0.690002441,0.263671875,-0.15234375,0.625,-0.32421875,-7.7421875,6.0234375,0.859375,0.83984375,-1.43359375,-0.412109375
2181,21773015,22073015,0.640991211,-0.200439453,-0.694519043,0.258056641,-0.15234375,0.625,-0.32421875,-7.7421875,6.0234375,0.859375,0.740234375,-1.41015625,-0.462890625
2182,21776753,22076753,0.637634277,-0.202941895,-0.698730469,0.252990723,0.0703125,0.98046875,-0.53515625,-7.7734375,5.9765625,0.9921875,0.740234375,-1.41015625,-0.462890625
2183,21791586,22091586,0.634155273,-0.204833984,-0.703063965,0.24810791,0.0703125,0.98046875,-0.53515625,-7.7734375,5.9765625,0.9921875,0.443359375,-1.24023438,-0.49609375
2184,21800604,22100604,0.630859375,-0.206298828,-0.707092285,0.243774414,0.71484375,0.27734375,-0.29296875,-7.8046875,5.9140625,1.1328125,0.443359375,-1.24023438,-0.49609375
2185,21812568,22112568,0.627868652,-0.208007812,-0.710754395,0.239501953,0.71484375,0.27734375,-0.29296875,-7.8046875,5.9140625,1.1328125,0.560546875,-1.13867188,-0.412109375
2186,21820850,22120850,0.625061035,-0.210388184,-0.713989258,0.235046387,0.1328125,-0.49609375,-1.0390625,-7.8359375,5.84375,1.265625,0.560546875,-1.13867188,-0.412109375
2187,21831638,22131638,0.622192383,-0.213684082,-0.717163086,0.229919434,0.1328125,-0.49609375,-1.0390625,-7.8359375,5.84375,1.265625,0.884765625,-1.14648438,-0.28125
2188,21837620,22137620,0.61932373,-0.217285156,-0.720092773,0.225036621,0.296875,-0.3046875,-1.1328125,-7.84375,5.8046875,1.359375,0.884765625,-1.14648438,-0.28125
2189,21852007,22152007,0.616455078,-0.22076416,-0.722961426,0.220397949,0.296875,-0.3046875,-1.1328125,-7.84375,5.8046875,1.359375,0.755859375,-1.08203125,-0.224609375
2190,21856787,22156787,0.613708496,-0.223632812,-0.725646973,0.216369629,0.2578125,0.28515625,-0.59765625,-7.84375,5.7890625,1.4375,0.755859375,-1.08203125,-0.224609375
2191,21872085,22172085,0.611022949,-0.226196289,-0.728149414,0.212646484,0.2578125,0.28515625,-0.59765625,-7.84375,5.7890625,1.4375,0.58984375,-0.97265625,-0.197265625
2192,21880808,22180808,0.608337402,-0.228820801,-0.730712891,0.208862305,0.21875,0.5,-0.94140625,-7.84375,5.765625,1.515625,0.58984375,-0.97265625,-0.197265625
2193,21892250,22192250,0.605651855,-0.231750488,-0.733215332,0.204528809,0.21875,0.5,-0.94140625,-7.84375,5.765625,1.515625,0.80859375,-1.01953125,-0.26171875
2194,21897042,22197042,0.603210449,-0.234985352,-0.735473633,0.200012207,0.2890625,-0.01953125,-0.453125,-7.8359375,5.75,1.6015625,0.80859375,-1.01953125,-0.26171875
2195,21912340,22212340,0.600769043,-0.238647461,-0.737670898,0.194946289,0.2890625,-0.01953125,-0.453125,-7.8359375,5.75,1.6015625,0.94921875,-0.947265625,-0.25390625
2196,21917129,22217129,0.598510742,-0.242492676,-0.739562988,0.189941406,0.6328125,0.140625,-0.2734375,-7.8359375,5.7421875,1.6484375,0.94921875,-0.947265625,-0.25390625
2197,21932895,22232895,0.596374512,-0.24597168,-0.741210938,0.185668945,0.6328125,0.140625,-0.2734375,-7.8359375,5.7421875,1.6484375,0.873046875,-0.880859375,-0.14453125
2198,21937232,22237232,0.593994141,-0.249389648,-0.742919922,0.181762695,0.39453125,0.44921875,-0.42578125,-7.828125,5.7421875,1.6875,0.873046875,-0.880859375,-0.14453125
2199,21952114,22252114,0.591430664,-0.252685547,-0.744750977,0.178100586,0.39453125,0.44921875,-0.42578125,-7.828125,5.7421875,1.6875,0.66015625,-0.869140625,-0.0859375
2200,21960930,22260930,0.588989258,-0.255371094,-0.746520996,0.174926758,0.45703125,0.78515625,-0.28125,-7.8125,5.75,1.734375,0.66015625,-0.869140625,-0.0859375
2201,21972808,22272808,0.586791992,-0.25769043,-0.748046875,0.172302246,0.45703125,0.78515625,-0.28125,-7.8125,5.75,1.734375,0.462890625,-0.71484375,-0.04296875
2202,21976537,22276537,0.584594727,-0.259765625,-0.749572754,0.170043945,0.43359375,0.77734375,-0.2578125,-7.7890625,5.7578125,1.7890625,0.462890625,-0.71484375,-0.04296875
2203,21993502,22293502,0.582519531,-0.26159668,-0.750976562,0.168029785,0.43359375,0.77734375,-0.2578125,-7.7890625,5.7578125,1.7890625,0.32421875,-0.583984375,-0.03515625
2204,21997238,22297238,0.580810547,-0.263000488,-0.752197266,0.166381836,0.2265625,0.609375,-0.08984375,-7.7734375,5.7734375,1.8515625,0.32421875,-0.583984375,-0.03515625
2205,22011877,22311877,0.579162598,-0.264160156,-0.753356934,0.164978027,0.2265625,0.609375,-0.08984375,-7.7734375,5.7734375,1.8515625,0.185546875,-0.4765625,-0.04296875
2206,22019513,22319513,0.577453613,-0.265075684,-0.754699707,0.163635254,0.1640625,0.4921875,-0.67578125,-7.75,5.7734375,1.8984375,0.185546875,-0.4765625,-0.04296875
2207,22031644,22331644,0.575622559,-0.265869141,-0.755981445,0.162536621,0.1640625,0.4921875,-0.67578125,-7.75,5.7734375,1.8984375,0.119140625,-0.517578125,-0.015625
2208,22047078,22347078,0.573791504,-0.266540527,-0.757385254,0.161437988,0.34765625,0.4921875,-0.8125,-7.7421875,5.7734375,1.9609375,0.119140625,-0.517578125,-0.015625
2209,22052730,22352730,0.57208252,-0.267089844,-0.758728027,0.160522461,0.34765625,0.4921875,-0.8125,-7.7421875,5.7734375,1.9609375,0.041015625,-0.404296875,-0.03125
2210,22056451,22356451,0.570800781,-0.26739502,-0.75970459,0.159790039,0.140625,0.53125,-0.45703125,-7.7265625,5.7734375,2.0234375,0.041015625,-0.404296875,-0.03125
2211,22072591,22372591,0.569519043,-0.26776123,-0.760681152,0.159057617,0.140625,0.53125,-0.45703125,-7.7265625,5.7734375,2.0234375,0.0703125,-0.3125,-0.021484375
2212,22077638,22377638,0.568481445,-0.268249512,-0.761413574,0.158447266,0.36328125,0.38671875,-0.6953125,-7.71875,5.765625,2.0703125,0.0703125,-0.3125,-0.021484375
2213,22092244,22392244,0.567443848,-0.268798828,-0.762084961,0.15802002,0.36328125,0.38671875,-0.6953125,-7.71875,5.765625,2.0703125,0.05078125,-0.234375,0.052734375
2214,22097286,22397286,0.566650391,-0.269287109,-0.762573242,0.157836914,0.73046875,0.33984375,-0.80859375,-7.703125,5.7734375,2.109375,0.05078125,-0.234375,0.052734375
2215,22111132,22411132,0.565917969,-0.269775391,-0.762939453,0.157775879,0.73046875,0.33984375,-0.80859375,-7.703125,5.7734375,2.109375,0.044921875,-0.150390625,0.08203125
2216,22127072,22427072,0.565368652,-0.270263672,-0.763122559,0.157836914,0.3671875,0.28515625,-0.78515625,-7.6875,5.7890625,2.125,0.044921875,-0.150390625,0.08203125
2217,22133565,22433565,0.564941406,-0.270874023,-0.763183594,0.15802002,0.3671875,0.28515625,-0.78515625,-7.6875,5.7890625,2.125,0.0546875,-0.068359375,0.12109375
2218,22138314,22438314,0.56463623,-0.27142334,-0.763183594,0.15826416,0.4296875,0.33984375,-0.609375,-7.671875,5.8125,2.140625,0.0546875,-0.068359375,0.12109375
2219,22150874,22450874,0.564331055,-0.272033691,-0.763122559,0.158630371,0.4296875,0.33984375,-0.609375,-7.671875,5.8125,2.140625,0.044921875,-0.03515625,0.158203125
2220,22157790,22457790,0.564025879,-0.272705078,-0.763000488,0.159118652,0.30078125,0.46875,-0.609375,-7.65625,5.8359375,2.140625,0.044921875,-0.03515625,0.158203125
2221,22173328,22473328,0.563781738,-0.27331543,-0.762878418,0.159667969,0.30078125,0.46875,-0.609375,-7.65625,5.8359375,2.140625,0.03125,0.001953125,0.169921875
2222,22177064,22477064,0.563598633,-0.273803711,-0.762695312,0.160217285,0.390625,0.40625,-0.41796875,-7.6328125,5.859375,2.140625,0.03125,0.001953125,0.169921875
2223,22193717,22493717,0.563415527,-0.274291992,-0.762451172,0.161071777,0.390625,0.40625,-0.41796875,-7.6328125,5.859375,2.140625,-0.029296875,0.0390625,0.193359375
2224,22201616,22501616,0.563354492,-0.274536133,-0.762268066,0.16192627,0.51953125,0.5234375,-0.48046875,-7.609375,5.8984375,2.125,-0.029296875,0.0390625,0.193359375
2225,22212952,22512952,0.563354492,-0.274597168,-0.761962891,0.163146973,0.51953125,0.5234375,-0.48046875,-7.609375,5.8984375,2.125,-0.1328125,0.1171875,0.18359375
2226,22216702,22516702,0.563476562,-0.274414062,-0.761657715,0.164367676,0.765625,0.46875,-0.55859375,-7.5859375,5.9140625,2.125,-0.1328125,0.1171875,0.18359375
2227,22233248,22533248,0.563781738,-0.273925781,-0.761291504,0.166015625,0.765625,0.46875,-0.55859375,-7.5859375,5.9140625,2.125,-0.25390625,0.197265625,0.181640625
2228,22236991,22536991,0.564086914,-0.273132324,-0.760986328,0.167724609,0.671875,0.40625,-0.5859375,-7.5703125,5.9375,2.1171875,-0.25390625,0.197265625,0.181640625
2229,22251537,22551537,0.564575195,-0.271911621,-0.760620117,0.16973877,0.671875,0.40625,-0.5859375,-7.5703125,5.9375,2.1171875,-0.3984375,0.27734375,0.142578125
2230,22259201,22559201,0.565246582,-0.270385742,-0.760192871,0.171936035,0.703125,0.3515625,-0.6640625,-7.5625,5.953125,2.1171875,-0.3984375,0.27734375,0.142578125
2231,22275094,22575094,0.566223145,-0.268432617,-0.75958252,0.174377441,0.703125,0.3515625,-0.6640625,-7.5625,5.953125,2.1171875,-0.525390625,0.474609375,0.1171875
2232,22285619,22585619,0.567565918,-0.266357422,-0.758666992,0.177001953,0.734375,0.3125,-0.7421875,-7.5546875,5.953125,2.1171875,-0.525390625,0.474609375,0.1171875
2233,22296552,22596552,0.569335938,-0.26385498,-0.757446289,0.180297852,0.734375,0.3125,-0.7421875,-7.5546875,5.953125,2.1171875,-0.630859375,0.71484375,0.19140625
2234,22300683,22600683,0.571350098,-0.261291504,-0.75592041,0.184020996,0.85546875,0.26953125,-0.83203125,-7.5625,5.9609375,2.09375,-0.630859375,0.71484375,0.19140625
2235,22311744,22611744,0.573608398,-0.258544922,-0.754150391,0.188171387,0.85546875,0.26953125,-0.83203125,-7.5625,5.9609375,2.09375,-0.744140625,0.904296875,0.29296875
2236,22322601,22622601,0.57598877,-0.255737305,-0.75213623,0.192626953,0.703125,0.421875,-0.74609375,-7.5625,5.9609375,2.046875,-0.744140625,0.904296875,0.29296875
2237,22332200,22632200,0.578674316,-0.252624512,-0.749816895,0.197692871,0.703125,0.421875,-0.74609375,-7.5625,5.9609375,2.046875,-0.85546875,1.08203125,0.36328125
2238,22337271,22637271,0.581542969,-0.249206543,-0.747314453,0.203186035,0.6640625,0.6640625,-0.76953125,-7.5625,5.984375,1.9921875,-0.85546875,1.08203125,0.36328125
2239,22353370,22653370,0.584411621,-0.245727539,-0.744628906,0.208740234,0.6640625,0.6640625,-0.76953125,-7.5625,5.984375,1.9921875,-0.921875,1.1875,0.40625
2240,22361433,22661433,0.587341309,-0.242370605,-0.741821289,0.214355469,0.58984375,0.71875,-0.73828125,-7.5625,6.0078125,1.921875,-0.921875,1.1875,0.40625
2241,22372483,22672483,0.590637207,-0.238830566,-0.738586426,0.22052002,0.58984375,0.71875,-0.73828125,-7.5625,6.0078125,1.921875,-0.9453125,1.31835938,0.49609375
2242,22379361,22679361,0.593811035,-0.235412598,-0.735229492,0.226745605,0.34375,0.796875,-0.65234375,-7.546875,6.046875,1.8359375,-0.9453125,1.31835938,0.49609375
2243,22391297,22691297,0.597351074,-0.231811523,-0.731323242,0.233581543,0.34375,0.796875,-0.65234375,-7.546875,6.046875,1.8359375,-0.97265625,1.47070312,0.59375
2244,22401224,22701224,0.601074219,-0.22833252,-0.727050781,0.240783691,0.55859375,0.75,-0.6328125,-7.53125,6.09375,1.7421875,-0.97265625,1.47070312,0.59375
2245,22412123,22712123,0.604492188,-0.225280762,-0.722717285,0.24798584,0.55859375,0.75,-0.6328125,-7.53125,6.09375,1.7421875,-0.994140625,1.53710938,0.806640625
2246,22418113,22718113,0.607849121,-0.222106934,-0.718078613,0.25592041,0.40234375,0.8984375,-0.640625,-7.4921875,6.171875,1.6328125,-0.994140625,1.53710938,0.806640625
2247,22433391,22733391,0.611083984,-0.218994141,-0.713439941,0.263793945,0.40234375,0.8984375,-0.640625,-7.4921875,6.171875,1.6328125,-1.04296875,1.55664062,0.85546875
2248,22442628,22742628,0.614318848,-0.216064453,-0.708679199,0.27142334,0.34765625,0.98828125,-0.796875,-7.4375,6.2734375,1.5234375,-1.04296875,1.55664062,0.85546875
2249,22456638,22756638,0.617736816,-0.213256836,-0.703613281,0.27911377,0.34765625,0.98828125,-0.796875,-7.4375,6.2734375,1.5234375,-0.939453125,1.6015625,0.89453125
2250,22460760,22760760,0.62109375,-0.210327148,-0.698181152,0.28729248,-0.02734375,0.78125,-0.99609375,-7.3671875,6.3671875,1.4140625,-0.939453125,1.6015625,0.89453125
2251,22472083,22772083,0.624145508,-0.207580566,-0.692993164,0.29510498,-0.02734375,0.78125,-0.99609375,-7.3671875,6.3671875,1.4140625,-0.94140625,1.5625,0.93359375
2252,22480621,22780621,0.627258301,-0.20501709,-0.68762207,0.30279541,-0.03125,0.5859375,-1.078125,-7.2890625,6.484375,1.3046875,-0.94140625,1.5625,0.93359375
2253,22491411,22791411,0.630432129,-0.202514648,-0.682128906,0.310180664,-0.03125,0.5859375,-1.078125,-7.2890625,6.484375,1.3046875,-0.830078125,1.58203125,0.884765625
2254,22500046,22800046,0.633483887,-0.200073242,-0.676879883,0.317016602,-0.0390625,0.5078125,-1.11328125,-7.203125,6.6015625,1.1875,-0.830078125,1.58203125,0.884765625
2255,22513322,22813322,0.636901855,-0.19720459,-0.671081543,0.32434082,-0.0390625,0.5078125,-1.11328125,-7.203125,6.6015625,1.1875,-0.81640625,1.625,0.802734375
2256,22521628,22821628,0.640136719,-0.194641113,-0.665466309,0.330810547,-0.0078125,-0.20703125,-1.07421875,-7.1171875,6.703125,1.0703125,-0.81640625,1.625,0.802734375
2257,22535448,22835448,0.643798828,-0.192382812,-0.659301758,0.337402344,-0.0078125,-0.20703125,-1.07421875,-7.1171875,6.703125,1.0703125,-0.5625,1.59765625,0.833984375
2258,22539576,22839576,0.647277832,-0.190979004,-0.653259277,0.343322754,-0.1953125,-0.921875,-1.078125,-7.046875,6.8046875,0.921875,-0.5625,1.59765625,0.833984375
2259,22552519,22852519,0.650695801,-0.190368652,-0.647033691,0.348754883,-0.1953125,-0.921875,-1.078125,-7.046875,6.8046875,0.921875,-0.251953125,1.52539062,0.95703125
2260,22560235,22860235,0.654663086,-0.190002441,-0.640136719,0.354370117,0.1640625,-1.046875,-0.84375,-6.9453125,6.9296875,0.765625,-0.251953125,1.52539062,0.95703125
2261,22572449,22872449,0.658691406,-0.189331055,-0.633056641,0.359924316,0.1640625,-1.046875,-0.84375,-6.9453125,6.9296875,0.765625,-0.3125,1.83789062,0.966796875
2262,22579143,22879143,0.662963867,-0.187927246,-0.625427246,0.366027832,0,-0.14453125,-0.79296875,-6.8203125,7.0625,0.5625,-0.3125,1.83789062,0.966796875
2263,22591761,22891761,0.666748047,-0.186340332,-0.618530273,0.371643066,0,-0.14453125,-0.79296875,-6.8203125,7.0625,0.5625,-0.392578125,1.7578125,0.841796875
2264,22600224,22900224,0.670898438,-0.184997559,-0.61138916,0.376708984,-0.609375,-0.14453125,-1.83203125,-6.7109375,7.1796875,0.375,-0.392578125,1.7578125,0.841796875
2265,22611077,22911077,0.674987793,-0.184692383,-0.604797363,0.380126953,-0.609375,-0.14453125,-1.83203125,-6.7109375,7.1796875,0.375,0.251953125,1.43945312,0.689453125
2266,22619292,22919292,0.679199219,-0.185852051,-0.598571777,0.381896973,-0.71875,-1.25,-1.515625,-6.6015625,7.2890625,0.171875,0.251953125,1.43945312,0.689453125
2267,22631485,22931485,0.683044434,-0.188110352,-0.593017578,0.382568359,-0.71875,-1.25,-1.515625,-6.6015625,7.2890625,0.171875,0.783203125,1.01953125,0.65625
2268,22641930,22941930,0.686889648,-0.190490723,-0.587585449,0.38293457,-0.84765625,-0.640625,0.3828125,-6.5078125,7.3671875,-0.078125,0.783203125,1.01953125,0.65625
2269,22651792,22951792,0.690429688,-0.192077637,-0.582214355,0.384033203,-0.84765625,-0.640625,0.3828125,-6.5078125,7.3671875,-0.078125,0.32421875,1.09375,0.58203125
2270,22657797,22957797,0.69354248,-0.192016602,-0.576843262,0.386413574,-0.52734375,0.30859375,1.48828125,-6.40625,7.453125,-0.3046875,0.32421875,1.09375,0.58203125
2271,22671736,22971736,0.696533203,-0.190063477,-0.571411133,0.390197754,-0.52734375,0.30859375,1.48828125,-6.40625,7.453125,-0.3046875,-0.51953125,1.41210938,0.404296875
2272,22680689,22980689,0.698913574,-0.186889648,-0.56628418,0.394836426,-0.30859375,0.62890625,0.796875,-6.3203125,7.515625,-0.453125,-0.51953125,1.41210938,0.404296875
2273,22691070,22991070,0.701049805,-0.183227539,-0.561035156,0.400268555,-0.30859375,0.62890625,0.796875,-6.3203125,7.515625,-0.453125,-0.828125,1.4609375,0.45703125
2274,22699315,22999315,0.702941895,-0.179931641,-0.555847168,0.405639648,-0.203125,0.17578125,0.14453125,-6.234375,7.5859375,-0.53125,-0.828125,1.4609375,0.45703125
2275,22711944,23011944,0.704711914,-0.177368164,-0.551086426,0.41015625,-0.203125,0.17578125,0.14453125,-6.234375,7.5859375,-0.53125,-0.474609375,1.15429688,0.443359375
2276,22720621,23020621,0.706726074,-0.17578125,-0.546630859,0.413330078,-1.8203125,-0.953125,0.74609375,-6.1484375,7.640625,-0.59375,-0.474609375,1.15429688,0.443359375
2277,22732067,23032067,0.70904541,-0.175109863,-0.542541504,0.415039062,-1.8203125,-0.953125,0.74609375,-6.1484375,7.640625,-0.59375,0.154296875,0.9140625,0.287109375
2278,22740716,23040716,0.711853027,-0.174560547,-0.538513184,0.415710449,-2.234375,-1.61328125,1.12109375,-6.078125,7.6875,-0.703125,0.154296875,0.9140625,0.287109375
2279,22752028,23052028,0.714904785,-0.173706055,-0.534423828,0.41607666,-2.234375,-1.61328125,1.12109375,-6.078125,7.6875,-0.703125,0.224609375,1,0.095703125
2280,22760625,23060625,0.717895508,-0.172363281,-0.530456543,0.416564941,-1.05859375,-0.90625,0.0078125,-6.03125,7.7109375,-0.8515625,0.224609375,1,0.095703125
2281,22772911,23072911,0.72064209,-0.170593262,-0.526672363,0.417297363,-1.05859375,-0.90625,0.0078125,-6.03125,7.7109375,-0.8515625,-0.001953125,1.00390625,0.029296875
2282,22779644,23079644,0.723022461,-0.168640137,-0.523193359,0.418334961,-0.5078125,-0.03515625,-0.6640625,-6.0078125,7.71875,-0.984375,-0.001953125,1.00390625,0.029296875
2283,22791869,23091869,0.725341797,-0.166748047,-0.519775391,0.419433594,-0.5078125,-0.03515625,-0.6640625,-6.0078125,7.71875,-0.984375,-0.01171875,0.84375,0.048828125
2284,22800308,23100308,0.727416992,-0.165588379,-0.516784668,0.41998291,-0.796875,-0.265625,-0.515625,-5.984375,7.71875,-1.09375,-0.01171875,0.84375,0.048828125
2285,22810310,23110310,0.729309082,-0.165588379,-0.514343262,0.419677734,-0.796875,-0.265625,-0.515625,-5.984375,7.71875,-1.09375,0.390625,0.419921875,0.099609375
2286,22818162,23118162,0.731140137,-0.166442871,-0.512573242,0.418395996,-1.7421875,-0.76953125,0.09765625,-5.9609375,7.7265625,-1.2109375,0.390625,0.419921875,0.099609375
2287,22831708,23131708,0.733154297,-0.168212891,-0.511108398,0.41595459,-1.7421875,-0.76953125,0.09765625,-5.9609375,7.7265625,-1.2109375,0.791015625,0.107421875,0.029296875
2288,22839538,23139538,0.734985352,-0.17010498,-0.510131836,0.413146973,-2.0703125,-1.10546875,1.44921875,-5.9375,7.71875,-1.3359375,0.791015625,0.107421875,0.029296875
2289,22852086,23152086,0.736694336,-0.17175293,-0.509460449,0.410217285,-2.0703125,-1.10546875,1.44921875,-5.9375,7.71875,-1.3359375,0.703125,0.04296875,-0.095703125
2290,22859157,23159157,0.738342285,-0.172729492,-0.508911133,0.407531738,-1.48828125,-1.0078125,2.1484375,-5.9453125,7.6953125,-1.4609375,0.703125,0.04296875,-0.095703125
2291,22871370,23171370,0.739929199,-0.173217773,-0.508544922,0.404907227,-1.48828125,-1.0078125,2.1484375,-5.9453125,7.6953125,-1.4609375,0.529296875,0.060546875,-0.2578125
2292,22879604,23179604,0.741088867,-0.173400879,-0.508666992,0.40246582,-1.65625,-0.69140625,1.98046875,-5.96875,7.6484375,-1.5625,0.529296875,0.060546875,-0.2578125
2293,22892483,23192483,0.741699219,-0.173461914,-0.509460449,0.400268555,-1.65625,-0.69140625,1.98046875,-5.96875,7.6484375,-1.5625,0.302734375,-0.23828125,-0.333984375
2294,22896778,23196778,0.741760254,-0.173461914,-0.511047363,0.398193359,-1.9453125,-0.55859375,1.84375,-6.0234375,7.59375,-1.6171875,0.302734375,-0.23828125,-0.333984375
2295,22911241,23211241,0.741271973,-0.173400879,-0.513305664,0.396179199,-1.9453125,-0.55859375,1.84375,-6.0234375,7.59375,-1.6171875,0.12109375,-0.48828125,-0.380859375
2296,22919604,23219604,0.74041748,-0.173217773,-0.515869141,0.39453125,-1.34765625,-0.8203125,2.09765625,-6.0859375,7.546875,-1.6015625,0.12109375,-0.48828125,-0.380859375
2297,22932622,23232622,0.739135742,-0.172912598,-0.518676758,0.393310547,-1.34765625,-0.8203125,2.09765625,-6.0859375,7.546875,-1.6015625,-0.11328125,-0.578125,-0.345703125
2298,22938990,23238990,0.737670898,-0.172424316,-0.52154541,0.392578125,-0.953125,-0.734375,1.91015625,-6.171875,7.5,-1.53125,-0.11328125,-0.578125,-0.345703125
2299,22951589,23251589,0.735900879,-0.171936035,-0.524658203,0.391967773,-0.953125,-0.734375,1.91015625,-6.171875,7.5,-1.53125,-0.228515625,-0.609375,-0.3125
2300,22960603,23260603,0.734130859,-0.171386719,-0.527709961,0.391418457,-0.9296875,-0.55078125,1.42578125,-6.234375,7.46875,-1.4296875,-0.228515625,-0.609375,-0.3125
2301,22972417,23272417,0.732421875,-0.170776367,-0.530761719,0.390808105,-0.9296875,-0.55078125,1.42578125,-6.234375,7.46875,-1.4296875,-0.205078125,-0.607421875,-0.353515625
2302,22978890,23278890,0.730712891,-0.170166016,-0.533935547,0.389892578,-1.05078125,-0.46484375,0.96484375,-6.3046875,7.421875,-1.3125,-0.205078125,-0.607421875,-0.353515625
2303,22990375,23290375,0.729064941,-0.169555664,-0.53729248,0.38861084,-1.05078125,-0.46484375,0.96484375,-6.3046875,7.421875,-1.3125,-0.095703125,-0.712890625,-0.482421875
2304,23004524,23304524,0.727294922,-0.169006348,-0.54119873,0.386779785,-1.3125,-0.6875,0.3203125,-6.390625,7.375,-1.203125,-0.095703125,-0.712890625,-0.482421875
2305,23011452,23311452,0.725463867,-0.168518066,-0.545532227,0.384338379,-1.3125,-0.6875,0.3203125,-6.390625,7.375,-1.203125,0.037109375,-0.96484375,-0.662109375
2306,23019624,23319624,0.723205566,-0.16809082,-0.550842285,0.381164551,-1.546875,-0.6484375,0.1640625,-6.5,7.296875,-1.0859375,0.037109375,-0.96484375,-0.662109375
2307,23031613,23331613,0.720703125,-0.167907715,-0.556518555,0.377624512,-1.546875,-0.6484375,0.1640625,-6.5,7.296875,-1.0859375,0.134765625,-1.32617188,-0.814453125
2308,23040841,23340841,0.717834473,-0.168029785,-0.562927246,0.373657227,-1.64453125,-0.73828125,0.4140625,-6.6328125,7.1953125,-0.953125,0.134765625,-1.32617188,-0.814453125
2309,23050850,23350850,0.714599609,-0.168334961,-0.569702148,0.369384766,-1.64453125,-0.73828125,0.4140625,-6.6328125,7.1953125,-0.953125,0.1875,-1.54492188,-0.8359375
2310,23059125,23359125,0.711120605,-0.168762207,-0.576660156,0.36505127,-1.2265625,-0.7734375,0.85546875,-6.78125,7.078125,-0.78125,0.1875,-1.54492188,-0.8359375
2311,23070676,23370676,0.707397461,-0.169311523,-0.583618164,0.360961914,-1.2265625,-0.7734375,0.85546875,-6.78125,7.078125,-0.78125,0.095703125,-1.61328125,-0.7734375
2312,23079484,23379484,0.703674316,-0.169677734,-0.590332031,0.357177734,-1.0859375,-0.5390625,1.06640625,-6.921875,6.9609375,-0.5703125,0.095703125,-1.61328125,-0.7734375
2313,23093712,23393712,0.699584961,-0.170166016,-0.59753418,0.352966309,-1.0859375,-0.5390625,1.06640625,-6.921875,6.9609375,-0.5703125,0.134765625,-1.65625,-0.79296875
2314,23097335,23397335,0.695617676,-0.170715332,-0.604492188,0.348693848,-1.34375,-0.31640625,0.625,-7.046875,6.8515625,-0.359375,0.134765625,-1.65625,-0.79296875
2315,23112035,23412035,0.691162109,-0.171325684,-0.612060547,0.343933105,-1.34375,-0.31640625,0.625,-7.046875,6.8515625,-0.359375,0.181640625,-1.734375,-0.8515625
2316,23119479,23419479,0.686767578,-0.171875,-0.619506836,0.339111328,-1.59375,0.421875,0.359375,-7.1796875,6.7265625,-0.1328125,0.181640625,-1.734375,-0.8515625
2317,23131389,23431389,0.681884766,-0.172119141,-0.627380371,0.334350586,-1.59375,0.421875,0.359375,-7.1796875,6.7265625,-0.1328125,0.013671875,-1.88671875,-0.953125
2318,23139189,23439189,0.676635742,-0.17175293,-0.635498047,0.329833984,-0.81640625,1.51171875,0.609375,-7.3046875,6.59375,0.1171875,0.013671875,-1.88671875,-0.953125
2319,23152744,23452744,0.670715332,-0.171142578,-0.643981934,0.325805664,-0.81640625,1.51171875,0.609375,-7.3046875,6.59375,0.1171875,-0.275390625,-2.0234375,-0.90625
2320,23162613,23462613,0.664245605,-0.170654297,-0.652587891,0.32220459,0.37109375,0.93359375,0.48828125,-7.421875,6.4453125,0.4296875,-0.275390625,-2.0234375,-0.90625
2321,23173151,23473151,0.658081055,-0.170288086,-0.660461426,0.318908691,0.37109375,0.93359375,0.48828125,-7.421875,6.4453125,0.4296875,-0.23828125,-1.89453125,-0.765625
2322,23176880,23476880,0.652648926,-0.16998291,-0.667419434,0.315734863,0.02734375,0.21484375,0.03515625,-7.5,6.3203125,0.765625,-0.23828125,-1.89453125,-0.765625
2323,23192663,23492663,0.647216797,-0.169555664,-0.674438477,0.312255859,0.02734375,0.21484375,0.03515625,-7.5,6.3203125,0.765625,-0.15625,-1.63867188,-0.7421875
2324,23198215,23498215,0.642211914,-0.169250488,-0.680847168,0.30871582,-0.359375,-0.43359375,-0.375,-7.5703125,6.203125,1.0625,-0.15625,-1.63867188,-0.7421875
2325,23212707,23512707,0.637084961,-0.169311523,-0.687561035,0.304443359,-0.359375,-0.43359375,-0.375,-7.5703125,6.203125,1.0625,0.103515625,-1.70703125,-0.8125
2326,23217753,23517753,0.632019043,-0.170043945,-0.694335938,0.299255371,-0.6796875,-0.9609375,-1.515625,-7.6328125,6.078125,1.3203125,0.103515625,-1.70703125,-0.8125
2327,23232601,23532601,0.627319336,-0.171569824,-0.700622559,0.293518066,-0.6796875,-0.9609375,-1.515625,-7.6328125,6.078125,1.3203125,0.546875,-1.765625,-0.8359375
2328,23242982,23542982,0.622558594,-0.173706055,-0.706970215,0.28717041,-0.625,-1.30859375,-1.55859375,-7.6875,5.96875,1.5546875,0.546875,-1.765625,-0.8359375
2329,23252486,23552486,0.618103027,-0.176147461,-0.71270752,0.281066895,-0.625,-1.30859375,-1.55859375,-7.6875,5.96875,1.5546875,0.7109375,-1.77929688,-0.73828125
2330,23257528,23557528,0.61328125,-0.179138184,-0.718688965,0.274353027,-0.40234375,-0.703125,-1.33203125,-7.71875,5.859375,1.75,0.7109375,-1.77929688,-0.73828125
2331,23271258,23571258,0.608642578,-0.182250977,-0.724304199,0.26776123,-0.40234375,-0.703125,-1.33203125,-7.71875,5.859375,1.75,0.853515625,-1.765625,-0.69921875
2332,23281616,23581616,0.604064941,-0.185668945,-0.729797363,0.260864258,-0.2265625,0.00390625,-1.44140625,-7.7421875,5.765625,1.9375,0.853515625,-1.765625,-0.69921875
2333,23292970,23592970,0.599609375,-0.189025879,-0.734985352,0.25402832,-0.2265625,0.00390625,-1.44140625,-7.7421875,5.765625,1.9375,0.927734375,-1.76757812,-0.71875
2334,23298884,23598884,0.594970703,-0.192321777,-0.740234375,0.247131348,0.32421875,0.37109375,-1,-7.7578125,5.703125,2.109375,0.927734375,-1.76757812,-0.71875
2335,23312440,23612440,0.590087891,-0.195678711,-0.745544434,0.240112305,0.32421875,0.37109375,-1,-7.7578125,5.703125,2.109375,0.857421875,-1.69335938,-0.66015625
2336,23323630,23623630,0.585449219,-0.199035645,-0.750427246,0.233398438,0.29296875,0.34375,-0.90625,-7.765625,5.6171875,2.28125,0.857421875,-1.69335938,-0.66015625
2337,23332533,23632533,0.581176758,-0.202392578,-0.754760742,0.227172852,0.29296875,0.34375,-0.90625,-7.765625,5.6171875,2.28125,0.962890625,-1.60742188,-0.568359375
2338,23337582,23637582,0.576782227,-0.206298828,-0.758972168,0.220581055,0.66796875,0.3515625,-1.17578125,-7.7578125,5.5703125,2.4375,0.962890625,-1.60742188,-0.568359375
2339,23353719,23653719,0.572692871,-0.210205078,-0.762939453,0.214050293,0.66796875,0.3515625,-1.17578125,-7.7578125,5.5703125,2.4375,0.982421875,-1.41796875,-0.515625
2340,23361065,23661065,0.569030762,-0.213806152,-0.766296387,0.208190918,0.8828125,0.515625,-1.38671875,-7.7421875,5.5234375,2.5703125,0.982421875,-1.41796875,-0.515625
2341,23373708,23673708,0.565185547,-0.217285156,-0.76965332,0.202392578,0.8828125,0.515625,-1.38671875,-7.7421875,5.5234375,2.5703125,0.80078125,-1.27148438,-0.41796875
2342,23377455,23677455,0.561645508,-0.220153809,-0.772705078,0.197570801,0.63671875,0.8046875,-1.3046875,-7.7265625,5.5,2.6796875,0.80078125,-1.27148438,-0.41796875
2343,23391680,23691680,0.557922363,-0.223022461,-0.775817871,0.192687988,0.63671875,0.8046875,-1.3046875,-7.7265625,5.5,2.6796875,0.654296875,-1.18164062,-0.365234375
2344,23407069,23707069,0.554443359,-0.225585938,-0.778686523,0.188049316,0.5703125,0.66796875,-1.22265625,-7.6953125,5.484375,2.7890625,0.654296875,-1.18164062,-0.365234375
2345,23414355,23714355,0.551269531,-0.228088379,-0.781311035,0.183288574,0.5703125,0.66796875,-1.22265625,-7.6953125,5.484375,2.7890625,0.72265625,-1.078125,-0.423828125
2346,23418797,23718797,0.548400879,-0.230651855,-0.783691406,0.178710938,0.32421875,0.1171875,-0.9765625,-7.6796875,5.4609375,2.890625,0.72265625,-1.078125,-0.423828125
2347,23431705,23731705,0.545532227,-0.233215332,-0.786010742,0.17388916,0.32421875,0.1171875,-0.9765625,-7.6796875,5.4609375,2.890625,0.666015625,-0.916015625,-0.400390625
2348,23441356,23741356,0.543151855,-0.235290527,-0.787963867,0.169494629,0.5,0.41015625,-0.7421875,-7.6640625,5.4375,2.9609375,0.666015625,-0.916015625,-0.400390625
2349,23451582,23751582,0.54107666,-0.237243652,-0.789733887,0.165283203,0.5,0.41015625,-0.7421875,-7.6640625,5.4375,2.9609375,0.62890625,-0.771484375,-0.40234375
2350,23458364,23758364,0.538879395,-0.239318848,-0.791442871,0.161010742,0.15234375,0.4765625,-1.5703125,-7.6640625,5.40625,3.0234375,0.62890625,-0.771484375,-0.40234375
2351,23472777,23772777,0.536621094,-0.241333008,-0.793212891,0.156799316,0.15234375,0.4765625,-1.5703125,-7.6640625,5.40625,3.0234375,0.609375,-0.81640625,-0.39453125
2352,23482651,23782651,0.534484863,-0.243164062,-0.79486084,0.153015137,0.453125,0.875,-1.05078125,-7.65625,5.390625,3.078125,0.609375,-0.81640625,-0.39453125
2353,23491362,23791362,0.532409668,-0.244750977,-0.796386719,0.149475098,0.453125,0.875,-1.05078125,-7.65625,5.390625,3.078125,0.427734375,-0.650390625,-0.296875
2354,23498206,23798206,0.530578613,-0.24597168,-0.797790527,0.146606445,0.63671875,0.82421875,-0.5625,-7.6484375,5.3671875,3.125,0.427734375,-0.650390625,-0.296875
2355,23513054,23813054,0.528625488,-0.246887207,-0.799316406,0.143920898,0.63671875,0.82421875,-0.5625,-7.6484375,5.3671875,3.125,0.251953125,-0.595703125,-0.279296875
2356,23518669,23818669,0.526855469,-0.247497559,-0.80065918,0.141662598,0.58984375,0.87890625,-0.546875,-7.640625,5.3515625,3.1875,0.251953125,-0.595703125,-0.279296875
2357,23532296,23832296,0.525024414,-0.248046875,-0.802124023,0.139587402,0.58984375,0.87890625,-0.546875,-7.640625,5.3515625,3.1875,0.154296875,-0.556640625,-0.19921875
2358,23538695,23838695,0.523010254,-0.248352051,-0.803588867,0.137756348,0.23046875,0.90234375,-0.49609375,-7.625,5.328125,3.25,0.154296875,-0.556640625,-0.19921875
2359,23553593,23853593,0.521179199,-0.248352051,-0.805053711,0.136291504,0.23046875,0.90234375,-0.49609375,-7.625,5.328125,3.25,-0.01171875,-0.474609375,-0.181640625
2360,23564018,23864018,0.519775391,-0.24798584,-0.806274414,0.135192871,0.55859375,1.0390625,-0.49609375,-7.609375,5.3046875,3.328125,-0.01171875,-0.474609375,-0.181640625
2361,23573379,23873379,0.518859863,-0.247253418,-0.807189941,0.134399414,0.55859375,1.0390625,-0.49609375,-7.609375,5.3046875,3.328125,-0.13671875,-0.185546875,-0.185546875
2362,23577109,23877109,0.518432617,-0.246276855,-0.807861328,0.133911133,0.40625,0.3828125,-0.6640625,-7.609375,5.2734375,3.3828125,-0.13671875,-0.185546875,-0.185546875
2363,23593270,23893270,0.518310547,-0.245422363,-0.808227539,0.133605957,0.40625,0.3828125,-0.6640625,-7.609375,5.2734375,3.3828125,-0.091796875,-0.02734375,-0.09375
2364,23599598,23899598,0.518310547,-0.244934082,-0.808410645,0.133483887,0.296875,-0.0859375,-1.140625,-7.6171875,5.2421875,3.3984375,-0.091796875,-0.02734375,-0.09375
2365,23613260,23913260,0.518371582,-0.244628906,-0.80847168,0.133544922,0.296875,-0.0859375,-1.140625,-7.6171875,5.2421875,3.3984375,-0.0390625,0.03125,-0.0078125
2366,23617569,23917569,0.518493652,-0.244384766,-0.808410645,0.133728027,0.57421875,0.62109375,-0.84375,-7.625,5.2265625,3.40625,-0.0390625,0.03125,-0.0078125
2367,23631412,23931412,0.518798828,-0.244140625,-0.808227539,0.134216309,0.57421875,0.62109375,-0.84375,-7.625,5.2265625,3.40625,-0.087890625,0.12890625,0.064453125
2368,23646212,23946212,0.519226074,-0.243835449,-0.807922363,0.135009766,0.765625,0.88671875,-0.64453125,-7.625,5.2265625,3.3984375,-0.087890625,0.12890625,0.064453125
2369,23650474,23950474,0.519897461,-0.243469238,-0.807373047,0.136047363,0.765625,0.88671875,-0.64453125,-7.625,5.2265625,3.3984375,-0.13671875,0.2578125,0.138671875
2370,23658771,23958771,0.520751953,-0.242980957,-0.806762695,0.137451172,0.8046875,0.91015625,-0.58984375,-7.625,5.2421875,3.3828125,-0.13671875,0.2578125,0.138671875
2371,23673688,23973688,0.521728516,-0.242370605,-0.806030273,0.139282227,0.8046875,0.91015625,-0.58984375,-7.625,5.2421875,3.3828125,-0.236328125,0.34765625,0.21875
2372,23680615,23980615,0.522644043,-0.241821289,-0.805297852,0.141174316,0.61328125,0.703125,-0.82421875,-7.625,5.2578125,3.3515625,-0.236328125,0.34765625,0.21875
2373,23692430,23992430,0.523620605,-0.241210938,-0.804382324,0.143554688,0.61328125,0.703125,-0.82421875,-7.625,5.2578125,3.3515625,-0.265625,0.3828125,0.314453125
2374,23697471,23997471,0.524597168,-0.240661621,-0.803466797,0.146179199,0.7578125,0.609375,-0.87109375,-7.6171875,5.2734375,3.3203125,-0.265625,0.3828125,0.314453125
2375,23713681,24013681,0.525634766,-0.24005127,-0.802429199,0.148986816,0.7578125,0.609375,-0.87109375,-7.6171875,5.2734375,3.3203125,-0.337890625,0.458984375,0.380859375
2376,23725227,24025227,0.526855469,-0.239257812,-0.801330566,0.151916504,1.01953125,0.52734375,-0.6796875,-7.609375,5.3203125,3.28125,-0.337890625,0.458984375,0.380859375
2377,23735844,24035844,0.528686523,-0.238037109,-0.799804688,0.155395508,1.01953125,0.52734375,-0.6796875,-7.609375,5.3203125,3.28125,-0.455078125,0.701171875,0.384765625
2378,23740287,24040287,0.531005859,-0.236450195,-0.797973633,0.159301758,1.0859375,0.49609375,-0.640625,-7.6015625,5.3515625,3.2421875,-0.455078125,0.701171875,0.384765625
2379,23751538,24051538,0.533935547,-0.234436035,-0.795715332,0.163635254,1.0859375,0.49609375,-0.640625,-7.6015625,5.3515625,3.2421875,-0.626953125,1.06835938,0.431640625
2380,23761316,24061316,0.537353516,-0.231994629,-0.79309082,0.168518066,0.94921875,0.38671875,-0.78515625,-7.6171875,5.3828125,3.15625,-0.626953125,1.06835938,0.431640625
2381,23772529,24072529,0.541015625,-0.229431152,-0.790222168,0.17388916,0.94921875,0.38671875,-0.78515625,-7.6171875,5.3828125,3.15625,-0.76953125,1.2578125,0.52734375
2382,23777565,24077565,0.544555664,-0.22668457,-0.78729248,0.179626465,-0.3359375,0.43359375,-1.02734375,-7.6328125,5.4140625,3.0546875,-0.76953125,1.2578125,0.52734375
2383,23793153,24093153,0.547668457,-0.223999023,-0.784545898,0.18548584,-0.3359375,0.43359375,-1.02734375,-7.6328125,5.4140625,3.0546875,-0.810546875,1.08789062,0.5859375
2384,23803627,24103627,0.550231934,-0.221557617,-0.782104492,0.190856934,-0.4140625,0.890625,-0.95703125,-7.6328125,5.453125,2.9453125,-0.810546875,1.08789062,0.5859375
2385,23813631,24113631,0.55267334,-0.219238281,-0.779724121,0.196289062,-0.4140625,0.890625,-0.95703125,-7.6328125,5.453125,2.9453125,-0.759765625,0.962890625,0.591796875
2386,23817372,24117372,0.555053711,-0.21697998,-0.777282715,0.201782227,-0.03125,0.9296875,-0.35546875,-7.6328125,5.4921875,2.8828125,-0.759765625,0.962890625,0.591796875
2387,23831729,24131729,0.557739258,-0.214477539,-0.774475098,0.207641602,-0.03125,0.9296875,-0.35546875,-7.6328125,5.4921875,2.8828125,-0.78125,1.0703125,0.6015625
2388,23840819,24140819,0.56060791,-0.211853027,-0.77154541,0.213439941,0.4921875,0.8359375,0.10546875,-7.6171875,5.546875,2.8046875,-0.78125,1.0703125,0.6015625
2389,23853018,24153018,0.563720703,-0.20904541,-0.768310547,0.219543457,0.4921875,0.8359375,0.10546875,-7.6171875,5.546875,2.8046875,-0.890625,1.29492188,0.662109375
2390,23858081,24158081,0.567077637,-0.206115723,-0.764831543,0.225830078,0.94140625,0.3984375,-0.22265625,-7.609375,5.6015625,2.7109375,-0.890625,1.29492188,0.662109375
2391,23872950,24172950,0.571044922,-0.202636719,-0.760742188,0.232788086,0.94140625,0.3984375,-0.22265625,-7.609375,5.6015625,2.7109375,-0.958984375,1.53710938,0.6640625
2392,23884023,24184023,0.575439453,-0.198852539,-0.756164551,0.239929199,0.8671875,-0.15625,-0.87890625,-7.609375,5.65625,2.6015625,-0.958984375,1.53710938,0.6640625
2393,23892927,24192927,0.579711914,-0.195556641,-0.751708984,0.24621582,0.8671875,-0.15625,-0.87890625,-7.609375,5.65625,2.6015625,-0.865234375,1.70703125,0.646484375
2394,23897980,24197980,0.584472656,-0.192138672,-0.746704102,0.252807617,0.375,-0.32421875,-1.34375,-7.6171875,5.7109375,2.453125,-0.865234375,1.70703125,0.646484375
2395,23912849,24212849,0.588928223,-0.188903809,-0.741821289,0.259277344,0.375,-0.32421875,-1.34375,-7.6171875,5.7109375,2.453125,-0.822265625,1.61132812,0.658203125
2396,23919643,24219643,0.593322754,-0.18572998,-0.736816406,0.26574707,-0.3984375,0.06640625,-1.45703125,-7.609375,5.78125,2.296875,-0.822265625,1.61132812,0.658203125
2397,23933724,24233724,0.597290039,-0.182922363,-0.732116699,0.27166748,-0.3984375,0.06640625,-1.45703125,-7.609375,5.78125,2.296875,-0.716796875,1.51757812,0.630859375
2398,23937471,24237471,0.601135254,-0.180297852,-0.727539062,0.27722168,-0.13671875,0.1171875,-1.26953125,-7.6015625,5.84375,2.1484375,-0.716796875,1.51757812,0.630859375
2399,23954334,24254334,0.605163574,-0.17767334,-0.72265625,0.282836914,-0.13671875,0.1171875,-1.26953125,-7.6015625,5.84375,2.1484375,-0.6171875,1.52929688,0.615234375
2400,23964681,24264681,0.609313965,-0.175231934,-0.717590332,0.288146973,0.34375,-0.2578125,-1.11328125,-7.5859375,5.9140625,1.9921875,-0.6171875,1.52929688,0.615234375
2401,23974396,24274396,0.613647461,-0.173217773,-0.712341309,0.293273926,0.34375,-0.2578125,-1.11328125,-7.5859375,5.9140625,1.9921875,-0.416015625,1.52929688,0.619140625
2402,23978137,24278137,0.617980957,-0.171691895,-0.707092285,0.297729492,0.25,-0.55859375,-0.89453125,-7.5703125,5.984375,1.8125,-0.416015625,1.52929688,0.619140625
2403,23992870,24292870,0.622619629,-0.170898438,-0.701416016,0.301879883,0.25,-0.55859375,-0.89453125,-7.5703125,5.984375,1.8125,-0.05859375,1.40429688,0.6328125
2404,23999632,24299632,0.62689209,-0.170898438,-0.696166992,0.305297852,-0.69140625,-0.6171875,-0.72265625,-7.546875,6.078125,1.6015625,-0.05859375,1.40429688,0.6328125
2405,24011873,24311873,0.631103516,-0.171264648,-0.690856934,0.308410645,-0.69140625,-0.6171875,-0.72265625,-7.546875,6.078125,1.6015625,0.1328125,1.359375,0.681640625
2406,24020201,24320201,0.635253906,-0.171691895,-0.685546875,0.311462402,-0.5078125,-0.33203125,-0.16796875,-7.5,6.1796875,1.390625,0.1328125,1.359375,0.681640625
2407,24032636,24332636,0.639770508,-0.171875,-0.679748535,0.314880371,-0.5078125,-0.33203125,-0.16796875,-7.5,6.1796875,1.390625,0.05859375,1.44140625,0.66796875
2408,24044722,24344722,0.644226074,-0.171875,-0.67388916,0.318359375,-0.01953125,0.17578125,-0.25390625,-7.453125,6.28125,1.171875,0.05859375,1.44140625,0.66796875
2409,24054448,24354448,0.64831543,-0.171569824,-0.668212891,0.32208252,-0.01953125,0.17578125,-0.25390625,-7.453125,6.28125,1.171875,-0.126953125,1.45898438,0.728515625
2410,24058525,24358525,0.652160645,-0.171203613,-0.662475586,0.32635498,0.29296875,0.07421875,-0.1875,-7.3828125,6.3828125,0.953125,-0.126953125,1.45898438,0.728515625
2411,24073676,24373676,0.655822754,-0.170898438,-0.656555176,0.331054688,0.29296875,0.07421875,-0.1875,-7.3828125,6.3828125,0.953125,-0.22265625,1.35351562,0.830078125
2412,24079361,24379361,0.658996582,-0.170837402,-0.651123047,0.335449219,-0.16796875,-0.078125,0,-7.3046875,6.5,0.765625,-0.22265625,1.35351562,0.830078125
2413,24091780,24391780,0.662353516,-0.171020508,-0.645507812,0.33972168,-0.16796875,-0.078125,0,-7.3046875,6.5,0.765625,-0.068359375,1.26171875,0.810546875
2414,24099996,24399996,0.665649414,-0.171447754,-0.639953613,0.343566895,-0.91015625,-0.16015625,0.20703125,-7.2109375,6.6171875,0.59375,-0.068359375,1.26171875,0.810546875
2415,24112202,24412202,0.668823242,-0.17199707,-0.634460449,0.347229004,-0.91015625,-0.16015625,0.20703125,-7.2109375,6.6171875,0.59375,-0.0234375,1.18945312,0.775390625
2416,24122613,24422613,0.671936035,-0.172363281,-0.629089355,0.350830078,-1.55078125,0.109375,0.83984375,-7.109375,6.734375,0.421875,-0.0234375,1.18945312,0.775390625
2417,24132680,24432680,0.675292969,-0.172363281,-0.623291016,0.354675293,-1.55078125,0.109375,0.83984375,-7.109375,6.734375,0.421875,-0.115234375,1.38476562,0.7890625
2418,24137714,24437714,0.678710938,-0.172119141,-0.61730957,0.358703613,-0.83984375,0.45703125,0.359375,-7.015625,6.84375,0.25,-0.115234375,1.38476562,0.7890625
2419,24152159,24452159,0.682495117,-0.171447754,-0.610656738,0.363220215,-0.83984375,0.45703125,0.359375,-7.015625,6.84375,0.25,-0.224609375,1.56445312,0.775390625
2420,24159465,24459465,0.686157227,-0.170349121,-0.604064941,0.367797852,-0.75,1.03125,-0.78515625,-6.9140625,6.9609375,0.0546875,-0.224609375,1.56445312,0.775390625
2421,24173914,24473914,0.68939209,-0.168701172,-0.597961426,0.372436523,-0.75,1.03125,-0.78515625,-6.9140625,6.9609375,0.0546875,-0.470703125,1.49414062,0.640625
2422,24177653,24477653,0.692199707,-0.166870117,-0.592468262,0.37689209,-0.3125,0.9765625,-0.96484375,-6.8125,7.0546875,-0.109375,-0.470703125,1.49414062,0.640625
2423,24192472,24492472,0.695129395,-0.165344238,-0.586914062,0.380859375,-0.3125,0.9765625,-0.96484375,-6.8125,7.0546875,-0.109375,-0.181640625,1.24414062,0.529296875
2424,24202612,24502612,0.697998047,-0.164916992,-0.58190918,0.383422852,-0.32421875,-0.453125,-0.296875,-6.7265625,7.140625,-0.2421875,-0.181640625,1.24414062,0.529296875
2425,24213917,24513917,0.700805664,-0.165710449,-0.577453613,0.384643555,-0.32421875,-0.453125,-0.296875,-6.7265625,7.140625,-0.2421875,0.427734375,0.833984375,0.470703125
2426,24217659,24517659,0.703552246,-0.167297363,-0.573547363,0.384765625,-1.7109375,-1.47265625,0.89453125,-6.640625,7.203125,-0.3984375,0.427734375,0.833984375,0.470703125
2427,24232597,24532597,0.706359863,-0.169250488,-0.569702148,0.384460449,-1.7109375,-1.47265625,0.89453125,-6.640625,7.203125,-0.3984375,0.5703125,0.650390625,0.388671875
2428,24239604,24539604,0.70892334,-0.170715332,-0.566223145,0.384277344,-1.90625,-1.375,1.49609375,-6.5625,7.2578125,-0.578125,0.5703125,0.650390625,0.388671875
2429,24253241,24553241,0.711181641,-0.171569824,-0.562927246,0.38458252,-1.90625,-1.375,1.49609375,-6.5625,7.2578125,-0.578125,0.259765625,0.677734375,0.30078125
2430,24256971,24556971,0.713195801,-0.171813965,-0.559692383,0.385437012,-1.1171875,-0.609375,0.6953125,-6.5078125,7.296875,-0.734375,0.259765625,0.677734375,0.30078125
2431,24273896,24573896,0.715148926,-0.171508789,-0.556213379,0.387023926,-1.1171875,-0.609375,0.6953125,-6.5078125,7.296875,-0.734375,-0.080078125,0.791015625,0.341796875
2432,24284654,24584654,0.71673584,-0.170837402,-0.552856445,0.389099121,-0.21484375,0.46484375,0.3828125,-6.453125,7.3359375,-0.84375,-0.080078125,0.791015625,0.341796875
2433,24293622,24593622,0.718322754,-0.16986084,-0.549438477,0.391479492,-0.21484375,0.46484375,0.3828125,-6.453125,7.3359375,-0.84375,-0.240234375,0.80859375,0.314453125
2434,24299990,24599990,0.719787598,-0.168884277,-0.546264648,0.393737793,-0.66015625,0.2265625,0.421875,-6.390625,7.3828125,-0.921875,-0.240234375,0.80859375,0.314453125
2435,24312612,24612612,0.721191406,-0.168212891,-0.543212891,0.395568848,-0.66015625,0.2265625,0.421875,-6.390625,7.3828125,-0.921875,-0.078125,0.625,0.26171875
2436,24318220,24618220,0.72253418,-0.16796875,-0.540649414,0.396789551,-1.25,-0.578125,0.67578125,-6.3359375,7.421875,-0.984375,-0.078125,0.625,0.26171875
2437,24333212,24633212,0.723876953,-0.168029785,-0.538391113,0.397338867,-1.25,-0.578125,0.67578125,-6.3359375,7.421875,-0.984375,0.177734375,0.41796875,0.15625
2438,24339578,24639578,0.725158691,-0.168334961,-0.536743164,0.397155762,-1.55859375,-0.87890625,0.82421875,-6.296875,7.453125,-1.0546875,0.177734375,0.41796875,0.15625
2439,24353033,24653033,0.726501465,-0.168823242,-0.535400391,0.39630127,-1.55859375,-0.87890625,0.82421875,-6.296875,7.453125,-1.0546875,0.337890625,0.203125,-0.00390625
2440,24365094,24665094,0.727661133,-0.169189453,-0.534545898,0.395141602,-1.6875,-1.1484375,1.1015625,-6.28125,7.453125,-1.140625,0.337890625,0.203125,-0.00390625
2441,24376032,24676032,0.72857666,-0.169250488,-0.534118652,0.393981934,-1.6875,-1.1484375,1.1015625,-6.28125,7.453125,-1.140625,0.21875,0.09765625,-0.15625
2442,24380186,24680186,0.729309082,-0.168884277,-0.533996582,0.392944336,-1.22265625,-1.0078125,1.15625,-6.2890625,7.4296875,-1.1953125,0.21875,0.09765625,-0.15625
2443,24392794,24692794,0.729980469,-0.168212891,-0.534057617,0.391967773,-1.22265625,-1.0078125,1.15625,-6.2890625,7.4296875,-1.1953125,0.07421875,0.0625,-0.25390625
2444,24398218,24698218,0.73046875,-0.167358398,-0.534362793,0.391052246,-0.8046875,-1.09375,0.95703125,-6.3203125,7.3984375,-1.2265625,0.07421875,0.0625,-0.25390625
2445,24413209,24713209,0.730895996,-0.166503906,-0.534790039,0.389953613,-0.8046875,-1.09375,0.95703125,-6.3203125,7.3984375,-1.2265625,0.103515625,-0.02734375,-0.3046875
2446,24417508,24717508,0.731140137,-0.165893555,-0.535522461,0.38873291,-1.03515625,-1.25390625,0.7421875,-6.359375,7.3671875,-1.2421875,0.103515625,-0.02734375,-0.3046875
2447,24432356,24732356,0.731201172,-0.165527344,-0.536621094,0.387329102,-1.03515625,-1.25390625,0.7421875,-6.359375,7.3671875,-1.2421875,0.12890625,-0.22265625,-0.27734375
2448,24442597,24742597,0.730957031,-0.165466309,-0.537963867,0.385864258,-0.78125,-1.24609375,0.89453125,-6.421875,7.3203125,-1.2421875,0.12890625,-0.22265625,-0.27734375
2449,24453926,24753926,0.73059082,-0.165710449,-0.539489746,0.384338379,-0.78125,-1.24609375,0.89453125,-6.421875,7.3203125,-1.2421875,0.173828125,-0.384765625,-0.220703125
2450,24457673,24757673,0.730041504,-0.166259766,-0.54119873,0.3828125,-0.7421875,-0.640625,0.87890625,-6.4609375,7.2890625,-1.2265625,0.173828125,-0.384765625,-0.220703125
2451,24472532,24772532,0.729370117,-0.167053223,-0.54296875,0.381164551,-0.7421875,-0.640625,0.87890625,-6.4609375,7.2890625,-1.2265625,0.232421875,-0.4609375,-0.16015625
2452,24478217,24778217,0.728637695,-0.16809082,-0.544799805,0.379516602,-0.51171875,-0.0625,0.734375,-6.5,7.25,-1.1953125,0.232421875,-0.4609375,-0.16015625
2453,24492672,24792672,0.727905273,-0.169250488,-0.546569824,0.377929688,-0.51171875,-0.0625,0.734375,-6.5,7.25,-1.1953125,0.228515625,-0.48828125,-0.103515625
2454,24499102,24799102,0.727050781,-0.170471191,-0.548339844,0.376403809,-0.43359375,0.7265625,0.55859375,-6.5390625,7.2265625,-1.171875,0.228515625,-0.48828125,-0.103515625
2455,24513007,24813007,0.726074219,-0.171691895,-0.550292969,0.374816895,-0.43359375,0.7265625,0.55859375,-6.5390625,7.2265625,-1.171875,0.228515625,-0.556640625,-0.12109375
2456,24523630,24823630,0.724975586,-0.172851562,-0.55255127,0.37310791,-0.6796875,0.828125,0.5546875,-6.5625,7.203125,-1.1328125,0.228515625,-0.556640625,-0.12109375
2457,24533615,24833615,0.723876953,-0.17364502,-0.554931641,0.371337891,-0.6796875,0.828125,0.5546875,-6.5625,7.203125,-1.1328125,0.18359375,-0.640625,-0.283203125
2458,24537362,24837362,0.72265625,-0.174194336,-0.557800293,0.369140625,-1.20703125,0.046875,0.73046875,-6.609375,7.1796875,-1.078125,0.18359375,-0.640625,-0.283203125
2459,24552230,24852230,0.721252441,-0.174499512,-0.561279297,0.366516113,-1.20703125,0.046875,0.73046875,-6.609375,7.1796875,-1.078125,0.185546875,-0.796875,-0.5
2460,24558227,24858227,0.719665527,-0.174682617,-0.565185547,0.363525391,-1.51171875,-0.66015625,0.73046875,-6.6875,7.1171875,-1,0.185546875,-0.796875,-0.5
2461,24572694,24872694,0.717895508,-0.175048828,-0.569274902,0.360351562,-1.51171875,-0.66015625,0.73046875,-6.6875,7.1171875,-1,0.244140625,-1.03515625,-0.580078125
2462,24579209,24879209,0.715637207,-0.17565918,-0.57421875,0.356750488,-1.37890625,-1.1484375,0.75,-6.78125,7.03125,-0.90625,0.244140625,-1.03515625,-0.580078125
2463,24591328,24891328,0.713134766,-0.176391602,-0.579162598,0.353393555,-1.37890625,-1.1484375,0.75,-6.78125,7.03125,-0.90625,0.19140625,-1.19140625,-0.525390625
2464,24606121,24906121,0.710388184,-0.177185059,-0.58416748,0.350280762,-1.0390625,-0.9140625,0.85546875,-6.890625,6.953125,-0.78125,0.19140625,-1.19140625,-0.525390625
2465,24611149,24911149,0.707458496,-0.177978516,-0.589172363,0.347473145,-1.0390625,-0.9140625,0.85546875,-6.890625,6.953125,-0.78125,0.099609375,-1.27929688,-0.46875
2466,24619495,24919495,0.704040527,-0.178833008,-0.594665527,0.344543457,-0.953125,-0.34765625,0.74609375,-6.9765625,6.8828125,-0.6328125,0.099609375,-1.27929688,-0.46875
2467,24632096,24932096,0.700500488,-0.1796875,-0.600219727,0.341674805,-0.953125,-0.34765625,0.74609375,-6.9765625,6.8828125,-0.6328125,0.05078125,-1.37304688,-0.498046875
2468,24638215,24938215,0.696716309,-0.180358887,-0.606079102,0.338745117,-1.2890625,0.3046875,0.59765625,-7.0625,6.8046875,-0.4453125,0.05078125,-1.37304688,-0.498046875
2469,24651332,24951332,0.692260742,-0.181091309,-0.612548828,0.335693359,-1.2890625,0.3046875,0.59765625,-7.0625,6.8046875,-0.4453125,-0.0546875,-1.6484375,-0.529296875
2470,24659231,24959231,0.687561035,-0.181945801,-0.619140625,0.332824707,-0.78125,0.94921875,0.26171875,-7.1484375,6.734375,-0.2265625,-0.0546875,-1.6484375,-0.529296875
2471,24670421,24970421,0.682922363,-0.182739258,-0.625549316,0.33001709,-0.78125,0.94921875,0.26171875,-7.1484375,6.734375,-0.2265625,-0.0546875,-1.55664062,-0.4921875
2472,24687502,24987502,0.679016113,-0.183166504,-0.63104248,0.327514648,-0.0625,1.6015625,0.36328125,-7.21875,6.65625,0.015625,-0.0546875,-1.55664062,-0.4921875
2473,24693289,24993289,0.675476074,-0.182861328,-0.636108398,0.325134277,-0.0625,1.6015625,0.36328125,-7.21875,6.65625,0.015625,-0.185546875,-1.09179688,-0.5625
2474,24697038,24997038,0.67199707,-0.181945801,-0.641052246,0.323120117,-0.48046875,1.328125,-0.421875,-7.296875,6.5859375,0.2265625,-0.185546875,-1.09179688,-0.5625
2475,24711712,25011712,0.667785645,-0.180908203,-0.64666748,0.321228027,-0.48046875,1.328125,-0.421875,-7.296875,6.5859375,0.2265625,-0.37109375,-1.37695312,-0.56640625
2476,24721530,25021530,0.662841797,-0.180236816,-0.652893066,0.319213867,-0.7265625,0.6953125,-1.0234375,-7.359375,6.4921875,0.4453125,-0.37109375,-1.37695312,-0.56640625
2477,24732431,25032431,0.657531738,-0.180175781,-0.659423828,0.316833496,-0.7265625,0.6953125,-1.0234375,-7.359375,6.4921875,0.4453125,-0.208984375,-1.67578125,-0.54296875
2478,24738821,25038821,0.652282715,-0.180541992,-0.66583252,0.314025879,-0.05078125,-0.140625,-0.33984375,-7.421875,6.40625,0.71875,-0.208984375,-1.67578125,-0.54296875
2479,24750421,25050421,0.647460938,-0.181152344,-0.671630859,0.311279297,-0.05078125,-0.140625,-0.33984375,-7.421875,6.40625,0.71875,-0.044921875,-1.53125,-0.46484375
2480,24766266,25066266,0.642700195,-0.181884766,-0.677246094,0.30847168,0.21875,-0.4453125,-0.08984375,-7.4609375,6.328125,0.96875,-0.044921875,-1.53125,-0.46484375
2481,24770987,25070987,0.63848877,-0.182556152,-0.682250977,0.305786133,0.21875,-0.4453125,-0.08984375,-7.4609375,6.328125,0.96875,0.041015625,-1.30273438,-0.40625
2482,24779168,25079168,0.63458252,-0.183532715,-0.686889648,0.302978516,0.13671875,-0.91796875,-0.8515625,-7.4921875,6.265625,1.1953125,0.041015625,-1.30273438,-0.40625
2483,24795203,25095203,0.630859375,-0.184814453,-0.691345215,0.299804688,0.13671875,-0.91796875,-0.8515625,-7.4921875,6.265625,1.1953125,0.23828125,-1.26953125,-0.400390625
2484,24799657,25099657,0.627380371,-0.186401367,-0.695495605,0.296447754,0.3828125,-0.89453125,-1.5234375,-7.5078125,6.203125,1.3671875,0.23828125,-1.26953125,-0.400390625
2485,24812296,25112296,0.623596191,-0.188415527,-0.700012207,0.292541504,0.3828125,-0.89453125,-1.5234375,-7.5078125,6.203125,1.3671875,0.3828125,-1.30664062,-0.396484375
2486,24818324,25118324,0.619995117,-0.190307617,-0.704284668,0.288757324,0.82421875,-0.88671875,-1.296875,-7.53125,6.15625,1.5234375,0.3828125,-1.30664062,-0.396484375
2487,24832246,25132246,0.616333008,-0.192321777,-0.708496094,0.284912109,0.82421875,-0.88671875,-1.296875,-7.53125,6.15625,1.5234375,0.39453125,-1.29296875,-0.400390625
2488,24842635,25142635,0.612854004,-0.194335938,-0.712585449,0.280944824,0.52734375,-0.640625,-1.25390625,-7.5390625,6.1015625,1.671875,0.39453125,-1.29296875,-0.400390625
2489,24854867,25154867,0.609436035,-0.196899414,-0.716552734,0.276306152,0.52734375,-0.640625,-1.25390625,-7.5390625,6.1015625,1.671875,0.66796875,-1.25195312,-0.439453125
2490,24858606,25158606,0.606689453,-0.199829102,-0.720031738,0.27130127,0.07421875,-0.75390625,-1.38671875,-7.546875,6.0625,1.8046875,0.66796875,-1.25195312,-0.439453125
2491,24875666,25175666,0.604125977,-0.203491211,-0.723388672,0.265136719,0.07421875,-0.75390625,-1.38671875,-7.546875,6.0625,1.8046875,1.03515625,-1.12890625,-0.515625
2492,24879809,25179809,0.602111816,-0.207092285,-0.726196289,0.259216309,0.3203125,-0.32421875,-1.37890625,-7.5625,6.015625,1.875,1.03515625,-1.12890625,-0.515625
2493,24892938,25192938,0.600036621,-0.21081543,-0.729003906,0.253173828,0.3203125,-0.32421875,-1.37890625,-7.5625,6.015625,1.875,0.958984375,-1.03125,-0.443359375
2494,24898966,25198966,0.597839355,-0.214111328,-0.731628418,0.247802734,0.53515625,0.2890625,-1.265625,-7.5859375,5.9765625,1.9140625,0.958984375,-1.03125,-0.443359375
2495,24915321,25215321,0.59564209,-0.217224121,-0.734130859,0.243041992,0.53515625,0.2890625,-1.265625,-7.5859375,5.9765625,1.9140625,0.80859375,-0.962890625,-0.310546875
2496,24923630,25223630,0.593566895,-0.220214844,-0.736328125,0.238830566,0.8515625,0.58203125,-1.2734375,-7.59375,5.953125,1.9609375,0.80859375,-0.962890625,-0.310546875
2497,24932452,25232452,0.591430664,-0.223266602,-0.738525391,0.234436035,0.8515625,0.58203125,-1.2734375,-7.59375,5.953125,1.9609375,0.744140625,-0.8515625,-0.2890625
2498,24938452,25238452,0.589660645,-0.226135254,-0.74041748,0.230163574,0.765625,0.7890625,-0.70703125,-7.5859375,5.9375,2.0078125,0.744140625,-0.8515625,-0.2890625
2499,24955218,25255218,0.588256836,-0.22857666,-0.741943359,0.226379395,0.765625,0.7890625,-0.70703125,-7.5859375,5.9375,2.0078125,0.666015625,-0.607421875,-0.283203125
2500,24959538,25259538,0.587158203,-0.230651855,-0.743225098,0.222839355,0.66015625,0.8359375,-0.546875,-7.59375,5.9296875,2.0390625,0.666015625,-0.607421875,-0.283203125
2501,24971434,25271434,0.5859375,-0.232788086,-0.744567871,0.219238281,0.66015625,0.8359375,-0.546875,-7.59375,5.9296875,2.0390625,0.603515625,-0.560546875,-0.275390625
2502,24978746,25278746,0.584838867,-0.234802246,-0.745788574,0.215820312,0.40625,0.62890625,-0.59375,-7.609375,5.90625,2.046875,0.603515625,-0.560546875,-0.275390625
2503,24996215,25296215,0.583740234,-0.236755371,-0.746948242,0.212646484,0.40625,0.62890625,-0.59375,-7.609375,5.90625,2.046875,0.560546875,-0.521484375,-0.228515625
2504,25005227,25305227,0.582702637,-0.238708496,-0.748046875,0.209533691,0.22265625,0.60546875,-0.609375,-7.6171875,5.890625,2.0625,0.560546875,-0.521484375,-0.228515625
2505,25015205,25315205,0.581665039,-0.240539551,-0.749145508,0.206420898,0.22265625,0.60546875,-0.609375,-7.6171875,5.890625,2.0625,0.521484375,-0.49609375,-0.2578125
2506,25019426,25319426,0.580749512,-0.242126465,-0.75012207,0.203430176,0.296875,0.62109375,-0.5859375,-7.6171875,5.875,2.078125,0.521484375,-0.49609375,-0.2578125
2507,25031030,25331030,0.57989502,-0.243896484,-0.751037598,0.200439453,0.296875,0.62109375,-0.5859375,-7.6171875,5.875,2.078125,0.537109375,-0.423828125,-0.208984375
2508,25041106,25341106,0.579101562,-0.245849609,-0.75177002,0.197570801,0.3515625,0.28515625,-0.671875,-7.6328125,5.8671875,2.0859375,0.537109375,-0.423828125,-0.208984375
2509,25051809,25351809,0.578430176,-0.247741699,-0.752380371,0.194885254,0.3515625,0.28515625,-0.671875,-7.6328125,5.8671875,2.0859375,0.521484375,-0.33984375,-0.16015625
2510,25057799,25357799,0.577941895,-0.249450684,-0.752746582,0.192504883,0.4296875,0.4140625,-0.1640625,-7.6328125,5.8515625,2.078125,0.521484375,-0.33984375,-0.16015625
2511,25071947,25371947,0.577697754,-0.251159668,-0.752990723,0.190246582,0.4296875,0.4140625,-0.1640625,-7.6328125,5.8515625,2.078125,0.486328125,-0.2109375,-0.125
2512,25081265,25381265,0.577575684,-0.252624512,-0.753112793,0.188232422,0.0859375,0.4140625,-0.33203125,-7.6328125,5.8515625,2.0546875,0.486328125,-0.2109375,-0.125
2513,25093577,25393577,0.577453613,-0.25378418,-0.753234863,0.186462402,0.0859375,0.4140625,-0.33203125,-7.6328125,5.8515625,2.0546875,0.3515625,-0.14453125,-0.130859375
2514,25097318,25397318,0.577453613,-0.254699707,-0.753295898,0.184875488,0.24609375,0.64453125,-0.39453125,-7.640625,5.8515625,2.0390625,0.3515625,-0.14453125,-0.130859375
2515,25115648,25415648,0.577514648,-0.255554199,-0.753356934,0.183410645,0.24609375,0.64453125,-0.39453125,-7.640625,5.8515625,2.0390625,0.26171875,-0.0625,-0.125
2516,25119788,25419788,0.577697754,-0.256103516,-0.753295898,0.182250977,0.18359375,0.69140625,-0.01953125,-7.65625,5.84375,2.0078125,0.26171875,-0.0625,-0.125
2517,25132911,25432911,0.578063965,-0.256408691,-0.753173828,0.181274414,0.18359375,0.69140625,-0.01953125,-7.65625,5.84375,2.0078125,0.16015625,0.037109375,-0.111328125
2518,25137948,25437948,0.578552246,-0.256530762,-0.752929688,0.180541992,0.3515625,0.5078125,0.04296875,-7.671875,5.8359375,1.984375,0.16015625,0.037109375,-0.111328125
2519,25154550,25454550,0.579101562,-0.256347656,-0.752685547,0.180053711,0.3515625,0.5078125,0.04296875,-7.671875,5.8359375,1.984375,0.044921875,0.09765625,-0.10546875
2520,25162622,25462622,0.579650879,-0.256164551,-0.752380371,0.179748535,0.71484375,0.1015625,-0.4375,-7.6875,5.8203125,1.96875,0.044921875,0.09765625,-0.10546875
2521,25173723,25473723,0.580200195,-0.255981445,-0.75201416,0.179748535,0.71484375,0.1015625,-0.4375,-7.6875,5.8203125,1.96875,0.0078125,0.123046875,-0.00390625
2522,25177455,25477455,0.580627441,-0.25579834,-0.751708984,0.179992676,0.5703125,0.33984375,-0.37890625,-7.6953125,5.8125,1.9453125,0.0078125,0.123046875,-0.00390625
2523,25196248,25496248,0.581115723,-0.255493164,-0.751281738,0.180603027,0.5703125,0.33984375,-0.37890625,-7.6953125,5.8125,1.9453125,-0.10546875,0.177734375,0.056640625
2524,25200412,25500412,0.581665039,-0.254943848,-0.750793457,0.18145752,0.5703125,0.75390625,0.05859375,-7.6953125,5.8203125,1.9296875,-0.10546875,0.177734375,0.056640625
2525,25210749,25510749,0.582458496,-0.254150391,-0.750244141,0.182556152,0.5703125,0.75390625,0.05859375,-7.6953125,5.8203125,1.9296875,-0.21484375,0.30078125,0.046875
2526,25219706,25519706,0.583374023,-0.253112793,-0.749511719,0.183776855,0.53125,0.5625,0.0546875,-7.6953125,5.8203125,1.8984375,-0.21484375,0.30078125,0.046875
2527,25234927,25534927,0.584533691,-0.25189209,-0.748718262,0.185119629,0.53125,0.5625,0.0546875,-7.6953125,5.8203125,1.8984375,-0.279296875,0.40625,0.037109375
2528,25243613,25543613,0.585754395,-0.250549316,-0.747802734,0.186645508,0.3828125,0.140625,-0.53515625,-7.703125,5.8203125,1.875,-0.279296875,0.40625,0.037109375
2529,25254039,25554039,0.586975098,-0.249206543,-0.746887207,0.188293457,0.3828125,0.140625,-0.53515625,-7.703125,5.8203125,1.875,-0.310546875,0.431640625,0.080078125
2530,25258353,25558353,0.588195801,-0.247802734,-0.74597168,0.190185547,0.5078125,0.21875,-0.4296875,-7.7109375,5.8203125,1.84375,-0.310546875,0.431640625,0.080078125
2531,25275607,25575607,0.589416504,-0.24621582,-0.744995117,0.192321777,0.5078125,0.21875,-0.4296875,-7.7109375,5.8203125,1.84375,-0.388671875,0.439453125,0.119140625
2532,25279758,25579758,0.590454102,-0.244689941,-0.74407959,0.194396973,0.66015625,0.36328125,-0.28125,-7.7109375,5.828125,1.8125,-0.388671875,0.439453125,0.119140625
2533,25291878,25591878,0.591918945,-0.242675781,-0.742919922,0.196960449,0.66015625,0.36328125,-0.28125,-7.7109375,5.828125,1.8125,-0.49609375,0.578125,0.11328125
2534,25299845,25599845,0.59362793,-0.24041748,-0.741577148,0.199768066,0.78515625,0.40234375,-0.18359375,-7.71875,5.828125,1.7890625,-0.49609375,0.578125,0.11328125
2535,25315622,25615622,0.595703125,-0.237731934,-0.739868164,0.202941895,0.78515625,0.40234375,-0.18359375,-7.71875,5.828125,1.7890625,-0.630859375,0.83984375,0.125
2536,25324681,25624681,0.598083496,-0.234924316,-0.737915039,0.206298828,0.5625,0.2109375,-0.52734375,-7.7265625,5.828125,1.75,-0.630859375,0.83984375,0.125
2537,25334046,25634046,0.600830078,-0.231872559,-0.735595703,0.210083008,0.5625,0.2109375,-0.52734375,-7.7265625,5.828125,1.75,-0.68359375,1.0390625,0.185546875
2538,25337780,25637780,0.603759766,-0.228881836,-0.732971191,0.214050293,0.453125,0.09375,-0.71484375,-7.734375,5.828125,1.671875,-0.68359375,1.0390625,0.185546875
2539,25354543,25654543,0.606750488,-0.225891113,-0.730163574,0.218322754,0.453125,0.09375,-0.71484375,-7.734375,5.828125,1.671875,-0.66015625,1.07617188,0.25390625
2540,25358285,25658285,0.60949707,-0.223327637,-0.727478027,0.222351074,0.30859375,0.00390625,-0.74609375,-7.7421875,5.84375,1.5859375,-0.66015625,1.07617188,0.25390625
2541,25374046,25674046,0.612243652,-0.220947266,-0.72454834,0.226623535,0.30859375,0.00390625,-0.74609375,-7.7421875,5.84375,1.5859375,-0.583984375,0.982421875,0.35546875
2542,25377778,25677778,0.614562988,-0.218994141,-0.721923828,0.230651855,0.078125,0.46875,-0.5078125,-7.7421875,5.875,1.5,-0.583984375,0.982421875,0.35546875
2543,25394637,25694637,0.61706543,-0.216796875,-0.718933105,0.235351562,0.078125,0.46875,-0.5078125,-7.7421875,5.875,1.5,-0.63671875,0.9921875,0.4453125
2544,25402939,25702939,0.619262695,-0.21484375,-0.716064453,0.239990234,0.24609375,0.8046875,-0.3046875,-7.71875,5.921875,1.4140625,-0.63671875,0.9921875,0.4453125
2545,25413476,25713476,0.621643066,-0.212646484,-0.71282959,0.245361328,0.24609375,0.8046875,-0.3046875,-7.71875,5.921875,1.4140625,-0.736328125,1.06445312,0.560546875
2546,25418840,25718840,0.623901367,-0.210449219,-0.709655762,0.250732422,0.359375,0.98046875,-0.07421875,-7.6796875,5.9765625,1.3359375,-0.736328125,1.06445312,0.560546875
2547,25435612,25735612,0.626586914,-0.207763672,-0.705871582,0.256774902,0.359375,0.98046875,-0.07421875,-7.6796875,5.9765625,1.3359375,-0.828125,1.23242188,0.578125
2548,25439352,25739352,0.629272461,-0.20513916,-0.702209473,0.262451172,0.66796875,0.90234375,-0.5234375,-7.640625,6.0546875,1.25,-0.828125,1.23242188,0.578125
2549,25454373,25754373,0.632202148,-0.202209473,-0.698120117,0.268371582,0.66796875,0.90234375,-0.5234375,-7.640625,6.0546875,1.25,-0.794921875,1.28125,0.52734375
2550,25458143,25758143,0.63494873,-0.199523926,-0.694335938,0.273803711,0.20703125,0.49609375,-0.8828125,-7.6015625,6.1171875,1.1484375,-0.794921875,1.28125,0.52734375
2551,25475621,25775621,0.637573242,-0.196960449,-0.690368652,0.279541016,0.20703125,0.49609375,-0.8828125,-7.6015625,6.1171875,1.1484375,-0.724609375,1.15039062,0.587890625
2552,25484658,25784658,0.639770508,-0.195068359,-0.686767578,0.284667969,-0.30078125,0.234375,-1.02734375,-7.5546875,6.1875,1.0625,-0.724609375,1.15039062,0.587890625
2553,25493593,25793593,0.641906738,-0.19354248,-0.683044434,0.289855957,-0.30078125,0.234375,-1.02734375,-7.5546875,6.1875,1.0625,-0.56640625,1.01367188,0.666015625
2554,25498645,25798645,0.643798828,-0.192504883,-0.679382324,0.294799805,-0.30859375,0.4140625,-0.796875,-7.5078125,6.2734375,0.984375,-0.56640625,1.01367188,0.666015625
2555,25515625,25815625,0.645812988,-0.191772461,-0.675354004,0.299987793,-0.30859375,0.4140625,-0.796875,-7.5078125,6.2734375,0.984375,-0.4609375,1.02929688,0.744140625
2556,25519756,25819756,0.648071289,-0.191040039,-0.671325684,0.30480957,-0.125,0.4296875,-0.43359375,-7.421875,6.375,0.890625,-0.4609375,1.02929688,0.744140625
2557,25533010,25833010,0.650878906,-0.190124512,-0.666442871,0.309936523,-0.125,0.4296875,-0.43359375,-7.421875,6.375,0.890625,-0.4296875,1.27539062,0.71484375
2558,25541091,25841091,0.654052734,-0.188720703,-0.661254883,0.315246582,0.5234375,0.14453125,-0.62109375,-7.34375,6.46875,0.7734375,-0.4296875,1.27539062,0.71484375
2559,25555636,25855636,0.657470703,-0.186889648,-0.655700684,0.320678711,0.5234375,0.14453125,-0.62109375,-7.34375,6.46875,0.7734375,-0.580078125,1.60546875,0.68359375
2560,25564708,25864708,0.661132812,-0.184692383,-0.650024414,0.32598877,0.9140625,0.078125,-1.30859375,-7.2734375,6.5703125,0.6171875,-0.580078125,1.60546875,0.68359375
2561,25574631,25874631,0.665283203,-0.182739258,-0.643737793,0.331176758,0.9140625,0.078125,-1.30859375,-7.2734375,6.5703125,0.6171875,-0.337890625,1.6796875,0.68359375
2562,25578379,25878379,0.669372559,-0.181884766,-0.637390137,0.335632324,0.34375,-0.625,-1.8359375,-7.203125,6.6640625,0.453125,-0.337890625,1.6796875,0.68359375
2563,25595646,25895646,0.673339844,-0.182678223,-0.63104248,0.339172363,0.34375,-0.625,-1.8359375,-7.203125,6.6640625,0.453125,0.29296875,1.24804688,0.810546875
2564,25599790,25899790,0.676879883,-0.184936523,-0.625549316,0.341064453,-0.5625,-1.38671875,-1.42578125,-7.1015625,6.7734375,0.234375,0.29296875,1.24804688,0.810546875
2565,25612286,25912286,0.680480957,-0.188354492,-0.620117188,0.342041016,-0.5625,-1.38671875,-1.42578125,-7.1015625,6.7734375,0.234375,0.798828125,0.87890625,0.759765625
2566,25618676,25918676,0.68359375,-0.191467285,-0.615356445,0.342529297,-0.703125,-0.81640625,-0.4296875,-7,6.890625,0.0078125,0.798828125,0.87890625,0.759765625
2567,25636265,25936265,0.686645508,-0.193603516,-0.610778809,0.343566895,-0.703125,-0.81640625,-0.4296875,-7,6.890625,0.0078125,0.318359375,0.923828125,0.541015625
2568,25645224,25945224,0.68951416,-0.193786621,-0.606323242,0.345581055,-0.34375,0.27734375,0.8515625,-6.8984375,6.984375,-0.203125,0.318359375,0.923828125,0.541015625
2569,25655959,25955959,0.692260742,-0.192077637,-0.601928711,0.348693848,-0.34375,0.27734375,0.8515625,-6.8984375,6.984375,-0.203125,-0.447265625,1.23242188,0.279296875
2570,25660105,25960105,0.694763184,-0.189331055,-0.59765625,0.352539062,-0.52734375,0.53125,0.953125,-6.828125,7.0390625,-0.34375,-0.447265625,1.23242188,0.279296875
2571,25675658,25975658,0.69732666,-0.186035156,-0.592956543,0.357116699,-0.52734375,0.53125,0.953125,-6.828125,7.0390625,-0.34375,-0.66796875,1.36914062,0.33203125
2572,25679789,25979789,0.699829102,-0.183166504,-0.588317871,0.361328125,-0.19140625,-0.4375,0.671875,-6.78125,7.0859375,-0.4453125,-0.66796875,1.36914062,0.33203125
2573,25693225,25993225,0.702636719,-0.180908203,-0.583374023,0.364990234,-0.19140625,-0.4375,0.671875,-6.78125,7.0859375,-0.4453125,-0.25,1.20898438,0.35546875
2574,25698261,25998261,0.705566406,-0.17980957,-0.578735352,0.367370605,-1.51953125,-1.2578125,0.62890625,-6.71875,7.140625,-0.5546875,-0.25,1.20898438,0.35546875
2575,25715684,26015684,0.708374023,-0.17956543,-0.574645996,0.368469238,-1.51953125,-1.2578125,0.62890625,-6.71875,7.140625,-0.5546875,0.248046875,0.90625,0.26171875
2576,25723610,26023610,0.711120605,-0.179382324,-0.570922852,0.369018555,-1.7734375,-1.44921875,0.85546875,-6.65625,7.1796875,-0.703125,0.248046875,0.90625,0.26171875
2577,25733269,26033269,0.714050293,-0.178710938,-0.567199707,0.369445801,-1.7734375,-1.44921875,0.85546875,-6.65625,7.1796875,-0.703125,0.19140625,0.94140625,0.087890625
2578,25738325,26038325,0.717041016,-0.177612305,-0.563293457,0.370178223,-1.65234375,-0.8515625,0.2734375,-6.625,7.1953125,-0.8515625,0.19140625,0.94140625,0.087890625
2579,25754616,26054616,0.719238281,-0.176330566,-0.559997559,0.371459961,-1.65234375,-0.8515625,0.2734375,-6.625,7.1953125,-0.8515625,-0.146484375,0.853515625,0.142578125
2580,25758353,26058353,0.720947266,-0.174926758,-0.557067871,0.37322998,-0.38671875,1.01171875,-0.2890625,-6.5859375,7.2109375,-0.9765625,-0.146484375,0.853515625,0.142578125
2581,25773107,26073107,0.72253418,-0.17364502,-0.554077148,0.375183105,-0.38671875,1.01171875,-0.2890625,-6.5859375,7.2109375,-0.9765625,-0.16796875,0.708984375,0.193359375
2582,25778158,26078158,0.723999023,-0.172851562,-0.551391602,0.376647949,-0.88671875,0.3359375,0.5546875,-6.546875,7.234375,-1.0546875,-0.16796875,0.708984375,0.193359375
2583,25795661,26095661,0.725463867,-0.172729492,-0.549072266,0.377380371,-0.88671875,0.3359375,0.5546875,-6.546875,7.234375,-1.0546875,0.162109375,0.427734375,0.14453125
2584,25804767,26104767,0.726745605,-0.173095703,-0.547485352,0.377075195,-1.8046875,-0.6171875,1.046875,-6.5078125,7.265625,-1.125,0.162109375,0.427734375,0.14453125
2585,25814238,26114238,0.728088379,-0.173461914,-0.546264648,0.376098633,-1.8046875,-0.6171875,1.046875,-6.5078125,7.265625,-1.125,0.31640625,0.240234375,-0.068359375
2586,25817856,26117856,0.729309082,-0.173278809,-0.545288086,0.37512207,-1.40234375,-1.21875,1.4765625,-6.4921875,7.2578125,-1.2109375,0.31640625,0.240234375,-0.068359375
2587,25835500,26135500,0.73034668,-0.172485352,-0.544494629,0.374633789,-1.40234375,-1.21875,1.4765625,-6.4921875,7.2578125,-1.2109375,0.009765625,0.265625,-0.16015625
2588,25839928,26139928,0.731018066,-0.171325684,-0.543884277,0.374694824,-0.7734375,-0.74609375,1.0703125,-6.5078125,7.2421875,-1.265625,0.009765625,0.265625,-0.16015625
2589,25853100,26153100,0.731445312,-0.169921875,-0.543457031,0.375183105,-0.7734375,-0.74609375,1.0703125,-6.5078125,7.2421875,-1.265625,-0.2265625,0.21484375,-0.125
2590,25857904,26157904,0.731628418,-0.168457031,-0.543151855,0.375915527,-0.87109375,-0.26953125,0.97265625,-6.5234375,7.2265625,-1.28125,-0.2265625,0.21484375,-0.125
2591,25874527,26174527,0.731628418,-0.167419434,-0.543212891,0.376342773,-0.87109375,-0.26953125,0.97265625,-6.5234375,7.2265625,-1.28125,-0.158203125,0.025390625,-0.12109375
2592,25883507,26183507,0.731384277,-0.166748047,-0.543640137,0.376403809,-1.1640625,-0.63671875,0.8046875,-6.5390625,7.2109375,-1.265625,-0.158203125,0.025390625,-0.12109375
2593,25892878,26192878,0.730957031,-0.166381836,-0.544555664,0.376098633,-1.1640625,-0.63671875,0.8046875,-6.5390625,7.2109375,-1.265625,-0.025390625,-0.234375,-0.140625
2594,25897688,26197688,0.730285645,-0.166381836,-0.545837402,0.375549316,-0.984375,-0.7734375,1.0390625,-6.5625,7.1953125,-1.234375,-0.025390625,-0.234375,-0.140625
2595,25915506,26215506,0.729675293,-0.166503906,-0.547119141,0.374816895,-0.984375,-0.7734375,1.0390625,-6.5625,7.1953125,-1.234375,0.02734375,-0.3046875,-0.13671875
2596,25920026,26220026,0.729003906,-0.166687012,-0.548400879,0.374145508,-0.6484375,-0.53125,0.93359375,-6.59375,7.1796875,-1.203125,0.02734375,-0.3046875,-0.13671875
2597,25933133,26233133,0.728271484,-0.166931152,-0.549804688,0.373474121,-0.6484375,-0.53125,0.93359375,-6.59375,7.1796875,-1.203125,0.013671875,-0.33203125,-0.109375
2598,25940077,26240077,0.727416992,-0.167297363,-0.551269531,0.37286377,-0.42578125,0.0703125,0.39453125,-6.625,7.15625,-1.1640625,0.013671875,-0.33203125,-0.109375
2599,25954630,26254630,0.726379395,-0.167724609,-0.55279541,0.372375488,-0.42578125,0.0703125,0.39453125,-6.625,7.15625,-1.1640625,-0.015625,-0.41015625,-0.06640625
2600,25968606,26268606,0.725280762,-0.168212891,-0.554382324,0.371948242,-0.41015625,0.23046875,0.33984375,-6.640625,7.1484375,-1.109375,-0.015625,-0.41015625,-0.06640625
2601,25974569,26274569,0.723999023,-0.168884277,-0.556213379,0.371337891,-0.41015625,0.23046875,0.33984375,-6.640625,7.1484375,-1.109375,0.00390625,-0.505859375,-0.064453125
2602,25978344,26278344,0.72253418,-0.169677734,-0.558288574,0.370727539,-0.69140625,-0.03125,0.4765625,-6.6640625,7.140625,-1.0546875,0.00390625,-0.505859375,-0.064453125
2603,25993645,26293645,0.720947266,-0.170532227,-0.56060791,0.369995117,-0.69140625,-0.03125,0.4765625,-6.6640625,7.140625,-1.0546875,-0.001953125,-0.60546875,-0.078125
2604,26001837,26301837,0.719360352,-0.171325684,-0.562927246,0.36920166,-0.77734375,-0.08984375,0.58203125,-6.6953125,7.125,-0.96875,-0.001953125,-0.60546875,-0.078125
2605,26012640,26312640,0.717590332,-0.172180176,-0.565612793,0.368041992,-0.77734375,-0.08984375,0.58203125,-6.6953125,7.125,-0.96875,0.068359375,-0.69140625,-0.1640625
2606,26019964,26319964,0.715881348,-0.173156738,-0.568481445,0.366516113,-1.01953125,-0.4609375,0.58203125,-6.71875,7.109375,-0.890625,0.068359375,-0.69140625,-0.1640625
2607,26037614,26337614,0.714172363,-0.174255371,-0.571594238,0.364501953,-1.01953125,-0.4609375,0.58203125,-6.71875,7.109375,-0.890625,0.2265625,-0.837890625,-0.25390625
2608,26045393,26345393,0.712341309,-0.17565918,-0.575012207,0.362060547,-1.08984375,-0.8125,0.45703125,-6.765625,7.078125,-0.8046875,0.2265625,-0.837890625,-0.25390625
2609,26053825,26353825,0.710266113,-0.177246094,-0.578796387,0.359313965,-1.08984375,-0.8125,0.45703125,-6.765625,7.078125,-0.8046875,0.2890625,-1.0234375,-0.296875
2610,26057555,26357555,0.708068848,-0.178771973,-0.582580566,0.356689453,-0.94921875,-0.49609375,0.5546875,-6.828125,7.03125,-0.7109375,0.2890625,-1.0234375,-0.296875
2611,26076352,26376352,0.705322266,-0.180358887,-0.587097168,0.354003906,-0.94921875,-0.49609375,0.5546875,-6.828125,7.03125,-0.7109375,0.181640625,-1.14648438,-0.291015625
2612,26080476,26380476,0.702392578,-0.18182373,-0.59161377,0.3515625,-0.84765625,-0.1796875,0.4375,-6.890625,6.984375,-0.59375,0.181640625,-1.14648438,-0.291015625
2613,26093345,26393345,0.699157715,-0.183105469,-0.596313477,0.34942627,-0.84765625,-0.1796875,0.4375,-6.890625,6.984375,-0.59375,0.01953125,-1.22460938,-0.30078125
2614,26100196,26400196,0.695556641,-0.184143066,-0.601379395,0.347351074,-0.9921875,0.125,0.58984375,-6.9375,6.9453125,-0.4375,0.01953125,-1.22460938,-0.30078125
2615,26117296,26417296,0.691772461,-0.184936523,-0.606445312,0.34564209,-0.9921875,0.125,0.58984375,-6.9375,6.9453125,-0.4375,-0.19140625,-1.3515625,-0.326171875
2616,26125395,26425395,0.687561035,-0.18536377,-0.611877441,0.344238281,-0.85546875,0.51953125,0.66015625,-7,6.8984375,-0.2421875,-0.19140625,-1.3515625,-0.326171875
2617,26133911,26433911,0.682922363,-0.185546875,-0.617797852,0.342834473,-0.85546875,0.51953125,0.66015625,-7,6.8984375,-0.2421875,-0.3359375,-1.42773438,-0.373046875
2618,26137522,26437522,0.678527832,-0.18572998,-0.623291016,0.341552734,-0.37890625,0.79296875,0.58203125,-7.0546875,6.8515625,-0.0078125,-0.3359375,-1.42773438,-0.373046875
2619,26155533,26455533,0.674072266,-0.186035156,-0.62890625,0.339904785,-0.37890625,0.79296875,0.58203125,-7.0546875,6.8515625,-0.0078125,-0.216796875,-1.2890625,-0.37109375
2620,26159154,26459154,0.670471191,-0.185974121,-0.633544922,0.338317871,-0.140625,0.6953125,0.26953125,-7.1015625,6.796875,0.2265625,-0.216796875,-1.2890625,-0.37109375
2621,26173087,26473087,0.667175293,-0.185241699,-0.638183594,0.336486816,-0.140625,0.6953125,0.26953125,-7.1015625,6.796875,0.2265625,-0.25390625,-0.927734375,-0.54296875
2622,26178824,26478824,0.66418457,-0.184143066,-0.64263916,0.334716797,-0.5,-0.16015625,-0.37890625,-7.1640625,6.734375,0.4140625,-0.25390625,-0.927734375,-0.54296875
2623,26195993,26495993,0.660827637,-0.183227539,-0.647399902,0.332641602,-0.5,-0.16015625,-0.37890625,-7.1640625,6.734375,0.4140625,-0.22265625,-1.171875,-0.578125
2624,26204523,26504523,0.657165527,-0.182800293,-0.652404785,0.33026123,-0.96484375,-0.83203125,-0.98828125,-7.234375,6.640625,0.6015625,-0.22265625,-1.171875,-0.578125
2625,26212821,26512821,0.653076172,-0.182861328,-0.65802002,0.327331543,-0.96484375,-0.83203125,-0.98828125,-7.234375,6.640625,0.6015625,-0.044921875,-1.40625,-0.5859375
2626,26218569,26518569,0.648742676,-0.183288574,-0.663696289,0.32409668,-0.328125,-0.79296875,-0.5390625,-7.296875,6.5625,0.8046875,-0.044921875,-1.40625,-0.5859375
2627,26236533,26536533,0.644714355,-0.184020996,-0.668945312,0.320922852,-0.328125,-0.79296875,-0.5390625,-7.296875,6.5625,0.8046875,0.091796875,-1.37109375,-0.484375
2628,26240848,26540848,0.640686035,-0.185180664,-0.674072266,0.317565918,0.1015625,-1.20703125,-0.25,-7.34375,6.4765625,1.015625,0.091796875,-1.37109375,-0.484375
2629,26253528,26553528,0.636901855,-0.186767578,-0.678955078,0.313842773,0.1015625,-1.20703125,-0.25,-7.34375,6.4765625,1.015625,0.3515625,-1.40625,-0.470703125
2630,26260871,26560871,0.633117676,-0.188903809,-0.683837891,0.309509277,0.4765625,-0.7890625,-0.81640625,-7.375,6.40625,1.1953125,0.3515625,-1.40625,-0.470703125
2631,26277551,26577551,0.629699707,-0.19128418,-0.688354492,0.305053711,0.4765625,-0.7890625,-0.81640625,-7.375,6.40625,1.1953125,0.57421875,-1.3828125,-0.453125
2632,26286648,26586648,0.626220703,-0.194213867,-0.692810059,0.300292969,0.31640625,-0.58203125,-0.734375,-7.40625,6.3515625,1.34375,0.57421875,-1.3828125,-0.453125
2633,26291528,26591528,0.622436523,-0.197692871,-0.69732666,0.295288086,0.31640625,-0.58203125,-0.734375,-7.40625,6.3515625,1.34375,0.7421875,-1.51757812,-0.361328125
2634,26299374,26599374,0.618713379,-0.201171875,-0.701660156,0.290466309,0.140625,0.15234375,-1.05859375,-7.421875,6.3046875,1.4765625,0.7421875,-1.51757812,-0.361328125
2635,26316531,26616531,0.614685059,-0.204650879,-0.706237793,0.285461426,0.140625,0.15234375,-1.05859375,-7.421875,6.3046875,1.4765625,0.630859375,-1.44140625,-0.375
2636,26321001,26621001,0.610961914,-0.207580566,-0.710449219,0.280822754,0.5625,0.4921875,-0.43359375,-7.421875,6.2734375,1.6171875,0.630859375,-1.44140625,-0.375
2637,26333352,26633352,0.607543945,-0.210144043,-0.714233398,0.276672363,0.5625,0.4921875,-0.43359375,-7.421875,6.2734375,1.6171875,0.515625,-1.21875,-0.32421875
2638,26339339,26639339,0.604248047,-0.212890625,-0.717834473,0.272521973,0.1796875,0.1875,-1.1328125,-7.421875,6.234375,1.7421875,0.515625,-1.21875,-0.32421875
2639,26357544,26657544,0.601135254,-0.216003418,-0.721130371,0.268249512,0.1796875,0.1875,-1.1328125,-7.421875,6.234375,1.7421875,0.74609375,-1.22265625,-0.28125
2640,26366653,26666653,0.598083496,-0.219604492,-0.724304199,0.263549805,0.171875,0.4765625,-0.96484375,-7.4140625,6.2109375,1.84375,0.74609375,-1.22265625,-0.28125
2641,26377708,26677708,0.595092773,-0.223327637,-0.727294922,0.258911133,0.171875,0.4765625,-0.96484375,-7.4140625,6.2109375,1.84375,0.80859375,-1.17578125,-0.240234375
2642,26381839,26681839,0.592102051,-0.226928711,-0.730224609,0.254394531,0.1171875,0.484375,-0.5078125,-7.3984375,6.203125,1.921875,0.80859375,-1.17578125,-0.240234375
2643,26396429,26696429,0.589111328,-0.230224609,-0.733032227,0.250183105,0.1171875,0.484375,-0.5078125,-7.3984375,6.203125,1.921875,0.6796875,-1.14257812,-0.21484375
2644,26400584,26700584,0.58605957,-0.233459473,-0.735778809,0.246154785,0.2265625,0.1953125,-0.77734375,-7.390625,6.1875,2,0.6796875,-1.14257812,-0.21484375
2645,26412937,26712937,0.583190918,-0.236694336,-0.738342285,0.2421875,0.2265625,0.1953125,-0.77734375,-7.390625,6.1875,2,0.68359375,-1.02539062,-0.18359375
2646,26418949,26718949,0.580627441,-0.239929199,-0.740600586,0.23828125,0.515625,0.37890625,-0.5859375,-7.375,6.1953125,2.078125,0.68359375,-1.02539062,-0.18359375
2647,26435769,26735769,0.578308105,-0.243103027,-0.742614746,0.23449707,0.515625,0.37890625,-0.5859375,-7.375,6.1953125,2.078125,0.720703125,-0.896484375,-0.185546875
2648,26444630,26744630,0.57611084,-0.246154785,-0.744445801,0.230712891,0.34765625,0.37890625,-0.71875,-7.359375,6.1953125,2.1328125,0.720703125,-0.896484375,-0.185546875
2649,26453044,26753044,0.574035645,-0.248962402,-0.746276855,0.227172852,0.34765625,0.37890625,-0.71875,-7.359375,6.1953125,2.1328125,0.634765625,-0.822265625,-0.177734375
2650,26459044,26759044,0.571777344,-0.25189209,-0.748046875,0.223571777,0.484375,0.37890625,-0.91015625,-7.34375,6.1953125,2.171875,0.634765625,-0.822265625,-0.177734375
2651,26476445,26776445,0.569763184,-0.254455566,-0.749633789,0.220581055,0.484375,0.37890625,-0.91015625,-7.34375,6.1953125,2.171875,0.564453125,-0.771484375,-0.115234375
2652,26480620,26780620,0.567626953,-0.257080078,-0.751220703,0.217590332,0.77734375,0.4453125,-0.421875,-7.328125,6.203125,2.21875,0.564453125,-0.771484375,-0.115234375
2653,26493464,26793464,0.565612793,-0.259460449,-0.752746582,0.21496582,0.77734375,0.4453125,-0.421875,-7.328125,6.203125,2.21875,0.458984375,-0.68359375,-0.080078125
2654,26500127,26800127,0.563598633,-0.26159668,-0.754150391,0.212463379,0.5234375,0.4375,-0.53515625,-7.3046875,6.2109375,2.2578125,0.458984375,-0.68359375,-0.080078125
2655,26515578,26815578,0.561889648,-0.26348877,-0.755371094,0.210327148,0.5234375,0.4375,-0.53515625,-7.3046875,6.2109375,2.2578125,0.41796875,-0.6171875,-0.078125
2656,26524631,26824631,0.560119629,-0.26550293,-0.756652832,0.208068848,0.5390625,0.546875,-0.72265625,-7.28125,6.21875,2.2890625,0.41796875,-0.6171875,-0.078125
2657,26533579,26833579,0.558532715,-0.267272949,-0.757751465,0.205993652,0.5390625,0.546875,-0.72265625,-7.28125,6.21875,2.2890625,0.36328125,-0.505859375,-0.07421875
2658,26540521,26840521,0.557128906,-0.268859863,-0.758728027,0.204040527,0.55859375,0.6171875,-0.30078125,-7.265625,6.2265625,2.328125,0.36328125,-0.505859375,-0.07421875
2659,26556486,26856486,0.556030273,-0.270019531,-0.759521484,0.202636719,0.55859375,0.6171875,-0.30078125,-7.265625,6.2265625,2.328125,0.224609375,-0.357421875,-0.052734375
2660,26560332,26860332,0.555053711,-0.270996094,-0.760192871,0.201416016,0.62890625,0.23046875,-0.66796875,-7.2578125,6.2265625,2.3515625,0.224609375,-0.357421875,-0.052734375
2661,26572991,26872991,0.554260254,-0.271911621,-0.760681152,0.200439453,0.62890625,0.23046875,-0.66796875,-7.2578125,6.2265625,2.3515625,0.189453125,-0.236328125,-0.015625
2662,26579002,26879002,0.553710938,-0.272766113,-0.760986328,0.199707031,0.58203125,0.109375,-0.76171875,-7.25,6.234375,2.3671875,0.189453125,-0.236328125,-0.015625
2663,26596481,26896481,0.553405762,-0.27355957,-0.761047363,0.199279785,0.58203125,0.109375,-0.76171875,-7.25,6.234375,2.3671875,0.12890625,-0.056640625,0.0546875
2664,26605527,26905527,0.553344727,-0.274108887,-0.760925293,0.19921875,0.64453125,0.36328125,-0.4453125,-7.234375,6.25,2.359375,0.12890625,-0.056640625,0.0546875
2665,26614911,26914911,0.553344727,-0.274536133,-0.760681152,0.199401855,0.64453125,0.36328125,-0.4453125,-7.234375,6.25,2.359375,0.037109375,0.048828125,0.091796875
2666,26618656,26918656,0.553527832,-0.274719238,-0.760375977,0.199768066,0.7109375,0.5390625,-0.4765625,-7.2265625,6.265625,2.3515625,0.037109375,0.048828125,0.091796875
2667,26635928,26935928,0.553894043,-0.274597168,-0.760009766,0.200500488,0.7109375,0.5390625,-0.4765625,-7.2265625,6.265625,2.3515625,-0.09375,0.171875,0.078125
2668,26639859,26939859,0.554443359,-0.274169922,-0.75958252,0.201293945,0.4453125,0.453125,-0.34765625,-7.2265625,6.2734375,2.3359375,-0.09375,0.171875,0.078125
2669,26651240,26951240,0.555114746,-0.273498535,-0.759033203,0.202209473,0.4453125,0.453125,-0.34765625,-7.2265625,6.2734375,2.3359375,-0.1484375,0.240234375,0.044921875
2670,26660037,26960037,0.555847168,-0.272766113,-0.758544922,0.203125,0.25390625,0.22265625,-0.484375,-7.2265625,6.2734375,2.3203125,-0.1484375,0.240234375,0.044921875
2671,26676517,26976517,0.55670166,-0.271850586,-0.75793457,0.204223633,0.25390625,0.22265625,-0.484375,-7.2265625,6.2734375,2.3203125,-0.203125,0.30859375,0.0390625
2672,26684616,26984616,0.557678223,-0.270812988,-0.757263184,0.205383301,0.3671875,0.0703125,-0.30859375,-7.2265625,6.2734375,2.296875,-0.203125,0.30859375,0.0390625
2673,26694551,26994551,0.558654785,-0.269775391,-0.756652832,0.206542969,0.3671875,0.0703125,-0.30859375,-7.2265625,6.2734375,2.296875,-0.21484375,0.3515625,0.04296875
2674,26698871,26998871,0.559753418,-0.268676758,-0.755859375,0.207824707,0.375,-0.0078125,-0.4375,-7.234375,6.2734375,2.2734375,-0.21484375,0.3515625,0.04296875
2675,26715400,27015400,0.560974121,-0.26739502,-0.755004883,0.209289551,0.375,-0.0078125,-0.4375,-7.234375,6.2734375,2.2734375,-0.267578125,0.41796875,0.048828125
2676,26719558,27019558,0.562194824,-0.266052246,-0.754150391,0.210754395,0.3515625,0.078125,-0.14453125,-7.25,6.265625,2.25,-0.267578125,0.41796875,0.048828125
2677,26731874,27031874,0.563659668,-0.264404297,-0.753112793,0.212524414,0.3515625,0.078125,-0.14453125,-7.25,6.265625,2.25,-0.333984375,0.490234375,0.048828125
2678,26739890,27039890,0.565124512,-0.262695312,-0.75213623,0.214355469,0.28515625,0.1171875,-0.08203125,-7.2578125,6.265625,2.2265625,-0.333984375,0.490234375,0.048828125
2679,26760200,27060200,0.566772461,-0.260803223,-0.750915527,0.216491699,0.28515625,0.1171875,-0.08203125,-7.2578125,6.265625,2.2265625,-0.40234375,0.611328125,0.078125
2680,26767943,27067943,0.568725586,-0.258728027,-0.749450684,0.218994141,0.55859375,0.125,-0.12109375,-7.265625,6.2578125,2.1875,-0.40234375,0.611328125,0.078125
2681,26772579,27072579,0.570739746,-0.256652832,-0.747802734,0.221679688,0.55859375,0.125,-0.12109375,-7.265625,6.2578125,2.1875,-0.47265625,0.78515625,0.15625
2682,26781026,27081026,0.572998047,-0.254455566,-0.74597168,0.22467041,0.73046875,0.046875,-0.07421875,-7.28125,6.2578125,2.140625,-0.47265625,0.78515625,0.15625
2683,26795757,27095757,0.575744629,-0.251953125,-0.743591309,0.22833252,0.73046875,0.046875,-0.07421875,-7.28125,6.2578125,2.140625,-0.533203125,1.00390625,0.228515625
2684,26799908,27099908,0.578552246,-0.249511719,-0.741088867,0.231994629,0.859375,0.0390625,-0.34765625,-7.296875,6.265625,2.0703125,-0.533203125,1.00390625,0.228515625
2685,26813167,27113167,0.581787109,-0.246704102,-0.738098145,0.23638916,0.859375,0.0390625,-0.34765625,-7.296875,6.265625,2.0703125,-0.62109375,1.15820312,0.30078125
2686,26817954,27117954,0.584838867,-0.244018555,-0.735229492,0.240600586,0.59765625,0.29296875,-0.41796875,-7.3046875,6.28125,1.984375,-0.62109375,1.15820312,0.30078125
2687,26834351,27134351,0.58807373,-0.241088867,-0.732055664,0.245300293,0.59765625,0.29296875,-0.41796875,-7.3046875,6.28125,1.984375,-0.64453125,1.19921875,0.35546875
2688,26842487,27142487,0.591125488,-0.238464355,-0.728881836,0.24987793,0.4453125,0.34375,-0.46875,-7.3046875,6.3046875,1.8828125,-0.64453125,1.19921875,0.35546875
2689,26854536,27154536,0.594238281,-0.235656738,-0.725463867,0.255004883,0.4453125,0.34375,-0.46875,-7.3046875,6.3046875,1.8828125,-0.673828125,1.203125,0.451171875
2690,26859454,27159454,0.597045898,-0.233093262,-0.722229004,0.260009766,0.36328125,0.53515625,-0.49609375,-7.296875,6.34375,1.796875,-0.673828125,1.203125,0.451171875
2691,26875773,27175773,0.600036621,-0.23034668,-0.718566895,0.265686035,0.36328125,0.53515625,-0.49609375,-7.296875,6.34375,1.796875,-0.71484375,1.25585938,0.5234375
2692,26880034,27180034,0.603027344,-0.227722168,-0.71484375,0.271118164,0.60546875,0.8359375,-0.74609375,-7.2734375,6.390625,1.703125,-0.71484375,1.25585938,0.5234375
2693,26892459,27192459,0.606506348,-0.224731445,-0.710510254,0.277160645,0.60546875,0.8359375,-0.74609375,-7.2734375,6.390625,1.703125,-0.73828125,1.43164062,0.556640625
2694,26900054,27200054,0.609985352,-0.221862793,-0.706176758,0.282836914,0.421875,0.89453125,-0.71484375,-7.2421875,6.4453125,1.59375,-0.73828125,1.43164062,0.556640625
2695,26915461,27215461,0.613525391,-0.219116211,-0.701660156,0.288391113,0.421875,0.89453125,-0.71484375,-7.2421875,6.4453125,1.59375,-0.611328125,1.41601562,0.529296875
2696,26925033,27225033,0.616760254,-0.217041016,-0.697631836,0.29296875,-0.51953125,0.37109375,-1.44140625,-7.21875,6.5078125,1.4765625,-0.611328125,1.41601562,0.529296875
2697,26934423,27234423,0.619812012,-0.215515137,-0.693603516,0.297119141,-0.51953125,0.37109375,-1.44140625,-7.21875,6.5078125,1.4765625,-0.26953125,1.0703125,0.474609375
2698,26938163,27238163,0.622436523,-0.214782715,-0.690063477,0.300415039,-0.55078125,-0.1484375,-1.4296875,-7.1875,6.5703125,1.3515625,-0.26953125,1.0703125,0.474609375
2699,26956164,27256164,0.625,-0.214355469,-0.686523438,0.303466797,-0.55078125,-0.1484375,-1.4296875,-7.1875,6.5703125,1.3515625,-0.091796875,0.921875,0.4375
2700,26960639,27260639,0.627807617,-0.213745117,-0.682922363,0.306274414,-0.28515625,0.515625,-0.27734375,-7.1484375,6.6328125,1.234375,-0.091796875,0.921875,0.4375
2701,26973346,27273346,0.631164551,-0.212524414,-0.678833008,0.309265137,-0.28515625,0.515625,-0.27734375,-7.1484375,6.6328125,1.234375,-0.19140625,1.24414062,0.345703125
2702,26978384,27278384,0.63470459,-0.210876465,-0.674560547,0.312438965,0.10546875,0.125,-0.55859375,-7.1171875,6.6796875,1.09375,-0.19140625,1.24414062,0.345703125
2703,26994620,27294620,0.63848877,-0.208740234,-0.66986084,0.316223145,0.10546875,0.125,-0.55859375,-7.1171875,6.6796875,1.09375,-0.36328125,1.38867188,0.357421875
2704,27002993,27302993,0.642028809,-0.206726074,-0.665405273,0.319946289,0.234375,-0.23046875,-1.32421875,-7.09375,6.7265625,0.9375,-0.36328125,1.38867188,0.357421875
2705,27014361,27314361,0.645629883,-0.205078125,-0.660522461,0.323791504,0.234375,-0.23046875,-1.32421875,-7.09375,6.7265625,0.9375,-0.224609375,1.29882812,0.46484375
2706,27018682,27318682,0.648864746,-0.204101562,-0.656005859,0.327026367,0.28125,-0.55859375,-1.05859375,-7.0625,6.7890625,0.7890625,-0.224609375,1.29882812,0.46484375
2707,27032769,27332769,0.65222168,-0.203857422,-0.651184082,0.330078125,0.28125,-0.55859375,-1.05859375,-7.0625,6.7890625,0.7890625,0.05078125,1.09570312,0.525390625
2708,27039086,27339086,0.655334473,-0.204223633,-0.646728516,0.332458496,-0.28125,-0.546875,-0.58984375,-7,6.8515625,0.625,0.05078125,1.09570312,0.525390625
2709,27053282,27353282,0.65826416,-0.204956055,-0.64263916,0.33416748,-0.28125,-0.546875,-0.58984375,-7,6.8515625,0.625,0.30078125,0.958984375,0.46875
2710,27058097,27358097,0.661560059,-0.205993652,-0.638183594,0.335632324,-0.57421875,-0.69921875,0.2265625,-6.9375,6.9296875,0.4609375,0.30078125,0.958984375,0.46875
2711,27075974,27375974,0.664855957,-0.206665039,-0.633728027,0.337097168,-0.57421875,-0.69921875,0.2265625,-6.9375,6.9296875,0.4609375,0.23828125,1.04492188,0.423828125
2712,27084573,27384573,0.667907715,-0.206726074,-0.629516602,0.338989258,-0.4375,-0.3046875,0.52734375,-6.8828125,6.9921875,0.2734375,0.23828125,1.04492188,0.423828125
2713,27093890,27393890,0.670837402,-0.205871582,-0.62512207,0.341796875,-0.4375,-0.3046875,0.52734375,-6.8828125,6.9921875,0.2734375,-0.220703125,1.15625,0.404296875
2714,27099409,27399409,0.673583984,-0.204040527,-0.620788574,0.345336914,-0.484375,0.9765625,0.4921875,-6.8359375,7.0546875,0.1171875,-0.220703125,1.15625,0.404296875
2715,27115666,27415666,0.676269531,-0.201171875,-0.616333008,0.349731445,-0.484375,0.9765625,0.4921875,-6.8359375,7.0546875,0.1171875,-0.658203125,1.29492188,0.314453125
2716,27119945,27419945,0.678710938,-0.197814941,-0.612182617,0.354187012,-0.27734375,0.96484375,0.2578125,-6.7734375,7.1015625,0.0078125,-0.658203125,1.29492188,0.314453125
2717,27133910,27433910,0.681091309,-0.194213867,-0.608032227,0.358703613,-0.27734375,0.96484375,0.2578125,-6.7734375,7.1015625,0.0078125,-0.69921875,1.265625,0.234375
2718,27138216,27438216,0.683532715,-0.190979004,-0.604064941,0.362548828,-0.35546875,-0.328125,0.328125,-6.734375,7.1328125,-0.0625,-0.69921875,1.265625,0.234375
2719,27152686,27452686,0.686035156,-0.188415527,-0.600219727,0.365600586,-0.35546875,-0.328125,0.328125,-6.734375,7.1328125,-0.0625,-0.265625,1.01757812,0.171875
2720,27165928,27465928,0.688354492,-0.186706543,-0.596740723,0.367675781,-1.15234375,-1.05078125,0.72265625,-6.703125,7.1640625,-0.1484375,-0.265625,1.01757812,0.171875
2721,27173936,27473936,0.690429688,-0.185546875,-0.59362793,0.369506836,-1.15234375,-1.05078125,0.72265625,-6.703125,7.1640625,-0.1484375,-0.119140625,0.76953125,0.2109375
2722,27179000,27479000,0.692077637,-0.184448242,-0.590881348,0.371276855,-0.83984375,-0.7734375,0.81640625,-6.671875,7.1953125,-0.2421875,-0.119140625,0.76953125,0.2109375
2723,27195611,27495611,0.69354248,-0.183044434,-0.58807373,0.373718262,-0.83984375,-0.7734375,0.81640625,-6.671875,7.1953125,-0.2421875,-0.36328125,0.7734375,0.25
2724,27199905,27499905,0.694763184,-0.181152344,-0.585266113,0.37677002,-0.1484375,-0.078125,0.34765625,-6.6328125,7.2265625,-0.3125,-0.36328125,0.7734375,0.25
2725,27213388,27513388,0.695678711,-0.178527832,-0.582336426,0.380859375,-0.1484375,-0.078125,0.34765625,-6.6328125,7.2265625,-0.3125,-0.77734375,0.8125,0.279296875
2726,27218449,27518449,0.696228027,-0.175415039,-0.579772949,0.385192871,0.1484375,0.91015625,0.1796875,-6.5859375,7.2734375,-0.3359375,-0.77734375,0.8125,0.279296875
2727,27234214,27534214,0.696777344,-0.172302246,-0.577514648,0.388977051,0.1484375,0.91015625,0.1796875,-6.5859375,7.2734375,-0.3359375,-0.681640625,0.708984375,0.09375
2728,27243648,27543648,0.697631836,-0.169799805,-0.575683594,0.391235352,-0.9921875,0.1875,0.08984375,-6.5546875,7.3046875,-0.3203125,-0.681640625,0.708984375,0.09375
2729,27254728,27554728,0.699035645,-0.168212891,-0.574157715,0.391662598,-0.9921875,0.1875,0.08984375,-6.5546875,7.3046875,-0.3203125,0.109375,0.392578125,-0.154296875
2730,27259502,27559502,0.700500488,-0.167663574,-0.573242188,0.390625,-2.79296875,-2.41015625,1.0078125,-6.5546875,7.296875,-0.359375,0.109375,0.392578125,-0.154296875
2731,27272198,27572198,0.702148438,-0.167602539,-0.572631836,0.388549805,-2.79296875,-2.41015625,1.0078125,-6.5546875,7.296875,-0.359375,0.443359375,0.166015625,-0.28125
2732,27280138,27580138,0.703552246,-0.167419434,-0.57232666,0.386535645,-1.99609375,-2.33984375,0.7421875,-6.5859375,7.265625,-0.4375,0.443359375,0.166015625,-0.28125
2733,27293161,27593161,0.704711914,-0.166748047,-0.57232666,0.384765625,-1.99609375,-2.33984375,0.7421875,-6.5859375,7.265625,-0.4375,0.162109375,0.10546875,-0.32421875
2734,27298227,27598227,0.705383301,-0.165771484,-0.572509766,0.383605957,-0.609375,-0.72265625,0.19921875,-6.6328125,7.21875,-0.5078125,0.162109375,0.10546875,-0.32421875
2735,27314527,27614527,0.705749512,-0.164672852,-0.572998047,0.382751465,-0.609375,-0.72265625,0.19921875,-6.6328125,7.21875,-0.5078125,-0.03125,-0.013671875,-0.291015625
2736,27322633,27622633,0.705688477,-0.163757324,-0.573730469,0.382080078,-0.90625,-0.40625,0.55859375,-6.6796875,7.171875,-0.5234375,-0.03125,-0.013671875,-0.291015625
2737,27333982,27633982,0.705383301,-0.163208008,-0.574890137,0.381225586,-0.90625,-0.40625,0.55859375,-6.6796875,7.171875,-0.5234375,0.03515625,-0.232421875,-0.2421875
2738,27337713,27637713,0.70501709,-0.163269043,-0.57611084,0.380004883,-1.3671875,-0.98828125,1.37890625,-6.71875,7.140625,-0.5,0.03515625,-0.232421875,-0.2421875
2739,27355393,27655393,0.704528809,-0.164001465,-0.577575684,0.378356934,-1.3671875,-0.98828125,1.37890625,-6.71875,7.140625,-0.5,0.283203125,-0.3828125,-0.154296875
2740,27359663,27659663,0.704101562,-0.165161133,-0.578796387,0.376708984,-1.06640625,-0.99609375,1.4765625,-6.75,7.109375,-0.484375,0.283203125,-0.3828125,-0.154296875
2741,27374506,27674506,0.703613281,-0.166748047,-0.58001709,0.375061035,-1.06640625,-0.99609375,1.4765625,-6.75,7.109375,-0.484375,0.3046875,-0.376953125,-0.0078125
2742,27378267,27678267,0.703063965,-0.168151855,-0.580993652,0.373962402,-0.3984375,0.55078125,0.7421875,-6.765625,7.09375,-0.4765625,0.3046875,-0.376953125,-0.0078125
2743,27394541,27694541,0.702270508,-0.169494629,-0.58215332,0.373046875,-0.3984375,0.55078125,0.7421875,-6.765625,7.09375,-0.4765625,0.1328125,-0.376953125,0.01953125
2744,27402648,27702648,0.70135498,-0.170532227,-0.583374023,0.372436523,-0.27734375,1.43359375,0.3359375,-6.7734375,7.09375,-0.453125,0.1328125,-0.376953125,0.01953125
2745,27413443,27713443,0.700195312,-0.171386719,-0.584777832,0.372070312,-0.27734375,1.43359375,0.3359375,-6.7734375,7.09375,-0.453125,-0.0234375,-0.408203125,0.001953125
2746,27418504,27718504,0.698913574,-0.17199707,-0.586242676,0.371826172,-0.1171875,1.09765625,0.44140625,-6.78125,7.0859375,-0.40625,-0.0234375,-0.408203125,0.001953125
2747,27434515,27734515,0.697692871,-0.172485352,-0.58770752,0.371582031,-0.1171875,1.09765625,0.44140625,-6.78125,7.0859375,-0.40625,-0.05859375,-0.3984375,-0.052734375
2748,27438245,27738245,0.696472168,-0.172790527,-0.589294434,0.37121582,-0.53125,0.3671875,0.6484375,-6.7890625,7.0859375,-0.34375,-0.05859375,-0.3984375,-0.052734375
2749,27452974,27752974,0.695129395,-0.173095703,-0.591186523,0.370544434,-0.53125,0.3671875,0.6484375,-6.7890625,7.0859375,-0.34375,-0.03515625,-0.486328125,-0.16015625
2750,27461141,27761141,0.693664551,-0.173339844,-0.593444824,0.369628906,-0.93359375,-0.49609375,0.26171875,-6.8046875,7.0703125,-0.265625,-0.03515625,-0.486328125,-0.16015625
2751,27474729,27774729,0.691955566,-0.173522949,-0.596008301,0.368591309,-0.93359375,-0.49609375,0.26171875,-6.8046875,7.0703125,-0.265625,-0.0390625,-0.626953125,-0.2578125
2752,27483092,27783092,0.690307617,-0.17376709,-0.598693848,0.36730957,-0.859375,-0.7421875,0.140625,-6.84375,7.046875,-0.1796875,-0.0390625,-0.626953125,-0.2578125
2753,27493521,27793521,0.688293457,-0.174133301,-0.601867676,0.365661621,-0.859375,-0.7421875,0.140625,-6.84375,7.046875,-0.1796875,0.029296875,-0.779296875,-0.31640625
2754,27498309,27798309,0.686218262,-0.174682617,-0.605224609,0.363708496,-0.84765625,-1,0.046875,-6.890625,7,-0.0859375,0.029296875,-0.779296875,-0.31640625
2755,27513980,27813980,0.684020996,-0.175537109,-0.608886719,0.361328125,-0.84765625,-1,0.046875,-6.890625,7,-0.0859375,0.19921875,-0.962890625,-0.373046875
2756,27518780,27818780,0.681884766,-0.176696777,-0.612670898,0.358459473,-1.03125,-0.9140625,0.05078125,-6.9375,6.953125,0.0234375,0.19921875,-0.962890625,-0.373046875
2757,27533631,27833631,0.679504395,-0.178222656,-0.616943359,0.354736328,-1.03125,-0.9140625,0.05078125,-6.9375,6.953125,0.0234375,0.416015625,-1.10742188,-0.49609375
2758,27538418,27838418,0.677246094,-0.17980957,-0.621398926,0.350463867,-1.046875,-0.5859375,0.25390625,-7,6.890625,0.125,0.416015625,-1.10742188,-0.49609375
2759,27553967,27853967,0.675048828,-0.181396484,-0.625854492,0.345947266,-1.046875,-0.5859375,0.25390625,-7,6.890625,0.125,0.51953125,-1.17382812,-0.6171875
2760,27562339,27862339,0.672912598,-0.182800293,-0.630310059,0.341369629,-0.890625,-0.5546875,0.390625,-7.078125,6.8203125,0.21875,0.51953125,-1.17382812,-0.6171875
2761,27573689,27873689,0.670410156,-0.184082031,-0.635314941,0.336242676,-0.890625,-0.5546875,0.390625,-7.078125,6.8203125,0.21875,0.4453125,-1.23632812,-0.71875
2762,27580995,27880995,0.667602539,-0.185058594,-0.640563965,0.331298828,-0.95703125,-0.296875,0.58984375,-7.1640625,6.71875,0.328125,0.4453125,-1.23632812,-0.71875
2763,27594844,27894844,0.664306641,-0.18572998,-0.646057129,0.326843262,-0.95703125,-0.296875,0.58984375,-7.1640625,6.71875,0.328125,0.197265625,-1.4375,-0.71875
2764,27598457,27898457,0.660705566,-0.186279297,-0.651550293,0.322875977,-0.2890625,0.1953125,0.69921875,-7.2578125,6.609375,0.484375,0.197265625,-1.4375,-0.71875
2765,27614306,27914306,0.656982422,-0.186767578,-0.656982422,0.319091797,-0.2890625,0.1953125,0.69921875,-7.2578125,6.609375,0.484375,0.12109375,-1.25195312,-0.58984375
2766,27618620,27918620,0.654174805,-0.186828613,-0.661315918,0.315917969,0.9296875,0.47265625,0.7109375,-7.328125,6.5234375,0.6640625,0.12109375,-1.25195312,-0.58984375
2767,27633209,27933209,0.651733398,-0.186096191,-0.665405273,0.312866211,0.9296875,0.47265625,0.7109375,-7.328125,6.5234375,0.6640625,-0.05078125,-0.77734375,-0.681640625
2768,27641629,27941629,0.649597168,-0.184814453,-0.669189453,0.309875488,-0.1484375,-0.34765625,-0.203125,-7.3984375,6.421875,0.8125,-0.05078125,-0.77734375,-0.681640625
2769,27653318,27953318,0.647155762,-0.183898926,-0.673400879,0.30645752,-0.1484375,-0.34765625,-0.203125,-7.3984375,6.421875,0.8125,0.0859375,-1.01953125,-0.751953125
2770,27660986,27960986,0.64453125,-0.183776855,-0.677734375,0.302429199,-0.68359375,-0.62109375,-1.140625,-7.4765625,6.3125,0.9453125,0.0859375,-1.01953125,-0.751953125
2771,27673817,27973817,0.641540527,-0.184509277,-0.682678223,0.297119141,-0.68359375,-0.62109375,-1.140625,-7.4765625,6.3125,0.9453125,0.505859375,-1.29101562,-0.80078125
2772,27678854,27978854,0.63848877,-0.185791016,-0.687744141,0.291137695,-0.56640625,-0.2890625,-0.58984375,-7.5546875,6.2109375,1.0859375,0.505859375,-1.29101562,-0.80078125
2773,27693082,27993082,0.635681152,-0.187133789,-0.692321777,0.285583496,-0.56640625,-0.2890625,-0.58984375,-7.5546875,6.2109375,1.0859375,0.583984375,-1.32226562,-0.767578125
2774,27701072,28001072,0.632568359,-0.188598633,-0.697143555,0.279846191,-0.53515625,-0.24609375,-0.68359375,-7.625,6.09375,1.21875,0.583984375,-1.32226562,-0.767578125
2775,27713185,28013185,0.629455566,-0.190185547,-0.701721191,0.274291992,-0.53515625,-0.24609375,-0.68359375,-7.625,6.09375,1.21875,0.609375,-1.36132812,-0.69921875
2776,27721371,28021371,0.625976562,-0.192321777,-0.706481934,0.268371582,-0.25,-0.19140625,-1.125,-7.6796875,6,1.3515625,0.609375,-1.36132812,-0.69921875
2777,27733083,28033083,0.622558594,-0.195007324,-0.710998535,0.262329102,-0.25,-0.19140625,-1.125,-7.6796875,6,1.3515625,0.833984375,-1.4453125,-0.587890625
2778,27741070,28041070,0.619140625,-0.198364258,-0.715332031,0.256164551,0.21484375,0.0546875,-1.2109375,-7.7265625,5.90625,1.4765625,0.833984375,-1.4453125,-0.587890625
2779,27753182,28053182,0.616027832,-0.201904297,-0.719116211,0.250183105,0.21484375,0.0546875,-1.2109375,-7.7265625,5.90625,1.4765625,0.986328125,-1.36328125,-0.482421875
2780,27758217,28058217,0.612792969,-0.205871582,-0.722961426,0.243835449,0.35546875,0.33203125,-0.37109375,-7.75,5.859375,1.59375,0.986328125,-1.36328125,-0.482421875
2781,27774494,28074494,0.609802246,-0.209838867,-0.726257324,0.237854004,0.35546875,0.33203125,-0.37109375,-7.75,5.859375,1.59375,1.046875,-1.26367188,-0.38671875
2782,27778810,28078810,0.606994629,-0.213745117,-0.729309082,0.23236084,0.32421875,0.171875,-0.80078125,-7.7578125,5.828125,1.6796875,1.046875,-1.26367188,-0.38671875
2783,27799129,28099129,0.604064941,-0.217651367,-0.73223877,0.226989746,0.32421875,0.171875,-0.80078125,-7.7578125,5.828125,1.6796875,0.921875,-1.171875,-0.28515625
2784,27807093,28107093,0.601135254,-0.221557617,-0.735046387,0.221984863,0.77734375,0.8515625,-0.9921875,-7.75,5.796875,1.7578125,0.921875,-1.171875,-0.28515625
2785,27812223,28112223,0.598144531,-0.225708008,-0.737670898,0.21697998,0.77734375,0.8515625,-0.9921875,-7.75,5.796875,1.7578125,0.923828125,-1.0859375,-0.1953125
2786,27819827,28119827,0.595397949,-0.229492188,-0.74005127,0.212463379,0.8828125,1.23828125,-0.64453125,-7.7421875,5.796875,1.828125,0.923828125,-1.0859375,-0.1953125
2787,27835616,28135616,0.592590332,-0.232849121,-0.742370605,0.208496094,0.8828125,1.23828125,-0.64453125,-7.7421875,5.796875,1.828125,0.67578125,-0.98046875,-0.134765625
2788,27839616,28139616,0.589904785,-0.235778809,-0.744506836,0.20526123,0.859375,0.69140625,-0.24609375,-7.71875,5.8046875,1.890625,0.67578125,-0.98046875,-0.134765625
2789,27853502,28153502,0.587036133,-0.238891602,-0.746643066,0.202087402,0.859375,0.69140625,-0.24609375,-7.71875,5.8046875,1.890625,0.59375,-0.88671875,-0.017578125
2790,27860834,28160834,0.584472656,-0.242004395,-0.748413086,0.19934082,0.60546875,0.33984375,-0.5859375,-7.6953125,5.8125,1.9609375,0.59375,-0.88671875,-0.017578125
2791,27875008,28175008,0.582092285,-0.245178223,-0.74987793,0.196838379,0.60546875,0.33984375,-0.5859375,-7.6953125,5.8125,1.9609375,0.607421875,-0.74609375,0.072265625
2792,27883485,28183485,0.579956055,-0.248352051,-0.751098633,0.194519043,0.3828125,0.39453125,-0.859375,-7.6640625,5.8359375,2.0078125,0.607421875,-0.74609375,0.072265625
2793,27894382,28194382,0.577575684,-0.251953125,-0.752380371,0.191955566,0.3828125,0.39453125,-0.859375,-7.6640625,5.8359375,2.0078125,0.66015625,-0.744140625,0.111328125
2794,27901267,28201267,0.575378418,-0.255187988,-0.753540039,0.189758301,0.34375,0.65234375,-0.74609375,-7.625,5.8828125,2.046875,0.66015625,-0.744140625,0.111328125
2795,27913236,28213236,0.573059082,-0.258361816,-0.754699707,0.187744141,0.34375,0.65234375,-0.74609375,-7.625,5.8828125,2.046875,0.48828125,-0.654296875,0.138671875
2796,27920215,28220215,0.570983887,-0.260925293,-0.75579834,0.186157227,0.453125,0.765625,-0.74609375,-7.578125,5.921875,2.0859375,0.48828125,-0.654296875,0.138671875
2797,27933510,28233510,0.569030762,-0.263183594,-0.756835938,0.184875488,0.453125,0.765625,-0.74609375,-7.578125,5.921875,2.0859375,0.341796875,-0.533203125,0.125
2798,27940843,28240843,0.567199707,-0.265319824,-0.757751465,0.183654785,0.4140625,0.4609375,-0.90234375,-7.5390625,5.9609375,2.125,0.341796875,-0.533203125,0.125
2799,27952516,28252516,0.565551758,-0.26739502,-0.758483887,0.182495117,0.4140625,0.4609375,-0.90234375,-7.5390625,5.9609375,2.125,0.36328125,-0.458984375,0.119140625
2800,27964274,28264274,0.564086914,-0.26953125,-0.759094238,0.181335449,0.41015625,0.19921875,-0.6328125,-7.5,5.9921875,2.1640625,0.36328125,-0.458984375,0.119140625
2801,27973913,28273913,0.562927246,-0.27154541,-0.759521484,0.180358887,0.41015625,0.19921875,-0.6328125,-7.5,5.9921875,2.1640625,0.359375,-0.333984375,0.142578125
2802,27980863,28280863,0.561828613,-0.273376465,-0.75982666,0.179504395,0.34375,0.04296875,-0.375,-7.46875,6.03125,2.171875,0.359375,-0.333984375,0.142578125
2803,27994874,28294874,0.560791016,-0.275146484,-0.760192871,0.178771973,0.34375,0.04296875,-0.375,-7.46875,6.03125,2.171875,0.265625,-0.271484375,0.123046875
2804,27998610,28298610,0.559875488,-0.276611328,-0.760437012,0.178161621,0.234375,0.1953125,-0.57421875,-7.4375,6.0703125,2.1796875,0.265625,-0.271484375,0.123046875
2805,28013554,28313554,0.559082031,-0.278137207,-0.760620117,0.177429199,0.234375,0.1953125,-0.57421875,-7.4375,6.0703125,2.1796875,0.26171875,-0.220703125,0.08984375
2806,28020100,28320100,0.558410645,-0.279418945,-0.760803223,0.176818848,0.2890625,0.2890625,-0.58203125,-7.4140625,6.09375,2.1875,0.26171875,-0.220703125,0.08984375
2807,28033793,28333793,0.557800293,-0.280456543,-0.760986328,0.176330566,0.2890625,0.2890625,-0.58203125,-7.4140625,6.09375,2.1875,0.146484375,-0.1484375,0.060546875
2808,28042598,28342598,0.557373047,-0.28125,-0.761108398,0.175964355,0.38671875,0.1875,-0.50390625,-7.3984375,6.1171875,2.1875,0.146484375,-0.1484375,0.060546875
2809,28053737,28353737,0.557006836,-0.281860352,-0.761230469,0.175598145,0.38671875,0.1875,-0.50390625,-7.3984375,6.1171875,2.1875,0.123046875,-0.103515625,0.015625
2810,28060523,28360523,0.556762695,-0.282348633,-0.761291504,0.175170898,0.2578125,0.02734375,-0.62109375,-7.3828125,6.125,2.1875,0.123046875,-0.103515625,0.015625
2811,28073761,28373761,0.55670166,-0.282836914,-0.761291504,0.174804688,0.2578125,0.02734375,-0.62109375,-7.3828125,6.125,2.1875,0.095703125,-0.03125,-0.00390625
2812,28079744,28379744,0.556762695,-0.28314209,-0.761169434,0.174499512,-0.01953125,-0.05859375,-0.296875,-7.375,6.1328125,2.171875,0.095703125,-0.03125,-0.00390625
2813,28093739,28393739,0.55682373,-0.283508301,-0.761108398,0.174133301,-0.01953125,-0.05859375,-0.296875,-7.375,6.1328125,2.171875,0.12109375,-0.015625,-0.017578125
2814,28100264,28400264,0.556884766,-0.283996582,-0.760986328,0.173583984,-0.12890625,-0.06640625,-0.59765625,-7.3828125,6.140625,2.1640625,0.12109375,-0.015625,-0.017578125
2815,28113507,28413507,0.556884766,-0.284484863,-0.760925293,0.172973633,-0.12890625,-0.06640625,-0.59765625,-7.3828125,6.140625,2.1640625,0.1640625,-0.033203125,-0.033203125
2816,28122981,28422981,0.557006836,-0.28503418,-0.760803223,0.172363281,0.02734375,-0.140625,-0.16015625,-7.3828125,6.140625,2.1484375,0.1640625,-0.033203125,-0.033203125
2817,28133741,28433741,0.557128906,-0.285583496,-0.760620117,0.17175293,0.02734375,-0.140625,-0.16015625,-7.3828125,6.140625,2.1484375,0.154296875,0,-0.0390625
2818,28140166,28440166,0.557373047,-0.286010742,-0.760375977,0.171264648,0.140625,-0.02734375,0.01171875,-7.3828125,6.140625,2.1328125,0.154296875,0,-0.0390625
2819,28153865,28453865,0.557739258,-0.286376953,-0.760070801,0.170837402,0.140625,-0.02734375,0.01171875,-7.3828125,6.140625,2.1328125,0.125,0.0546875,-0.0234375
2820,28160559,28460559,0.558105469,-0.286743164,-0.759765625,0.170532227,0.33984375,0.1953125,-0.1484375,-7.390625,6.1484375,2.1015625,0.125,0.0546875,-0.0234375
2821,28173629,28473629,0.558410645,-0.28704834,-0.759460449,0.170349121,0.33984375,0.1953125,-0.1484375,-7.390625,6.1484375,2.1015625,0.07421875,0.087890625,0.01953125
2822,28180958,28480958,0.558959961,-0.287109375,-0.758972168,0.170593262,0.5703125,0.5,0.140625,-7.390625,6.1484375,2.078125,0.07421875,0.087890625,0.01953125
2823,28193520,28493520,0.559753418,-0.286743164,-0.758361816,0.171325684,0.5703125,0.5,0.140625,-7.390625,6.1484375,2.078125,-0.12890625,0.279296875,0.05078125
2824,28202598,28502598,0.560668945,-0.286071777,-0.75769043,0.172424316,0.609375,0.5703125,-0.02734375,-7.390625,6.15625,2.0546875,-0.12890625,0.279296875,0.05078125
2825,28213170,28513170,0.561767578,-0.28515625,-0.756896973,0.17388916,0.609375,0.5703125,-0.02734375,-7.390625,6.15625,2.0546875,-0.25,0.40625,0.09765625
2826,28219199,28519199,0.563110352,-0.283996582,-0.75592041,0.17578125,0.69140625,0.41796875,-0.45703125,-7.3984375,6.15625,2.0234375,-0.25,0.40625,0.09765625
2827,28233788,28533788,0.564575195,-0.282714844,-0.754760742,0.177978516,0.69140625,0.41796875,-0.45703125,-7.3984375,6.15625,2.0234375,-0.359375,0.560546875,0.158203125
2828,28239769,28539769,0.566162109,-0.281188965,-0.753540039,0.180480957,0.42578125,0.33203125,-0.453125,-7.3984375,6.1640625,1.984375,-0.359375,0.560546875,0.158203125
2829,28254595,28554595,0.567871094,-0.27947998,-0.752197266,0.18347168,0.42578125,0.33203125,-0.453125,-7.3984375,6.1640625,1.984375,-0.494140625,0.63671875,0.21484375
2830,28258234,28558234,0.569458008,-0.277587891,-0.750915527,0.186584473,0.34765625,0.5859375,-0.53125,-7.3984375,6.1796875,1.9453125,-0.494140625,0.63671875,0.21484375
2831,28273647,28573647,0.571105957,-0.275390625,-0.749572754,0.190185547,0.34765625,0.5859375,-0.53125,-7.3984375,6.1796875,1.9453125,-0.615234375,0.671875,0.255859375
2832,28281482,28581482,0.572692871,-0.273071289,-0.74822998,0.193908691,0.30859375,0.68359375,-0.4296875,-7.3984375,6.1953125,1.921875,-0.615234375,0.671875,0.255859375
2833,28293528,28593528,0.57421875,-0.270629883,-0.746948242,0.197814941,0.30859375,0.68359375,-0.4296875,-7.3984375,6.1953125,1.921875,-0.705078125,0.6953125,0.26953125
2834,28299290,28599290,0.575805664,-0.268005371,-0.745544434,0.201904297,0.484375,0.78515625,-0.3984375,-7.3828125,6.2109375,1.890625,-0.705078125,0.6953125,0.26953125
2835,28313626,28613626,0.577453613,-0.265258789,-0.744140625,0.206176758,0.484375,0.78515625,-0.3984375,-7.3828125,6.2109375,1.890625,-0.79296875,0.783203125,0.29296875
2836,28319358,28619358,0.579223633,-0.262268066,-0.742492676,0.210693359,0.4765625,0.69140625,-0.11328125,-7.375,6.2265625,1.875,-0.79296875,0.783203125,0.29296875
2837,28331695,28631695,0.581115723,-0.259399414,-0.740722656,0.215209961,0.4765625,0.69140625,-0.11328125,-7.375,6.2265625,1.875,-0.79296875,0.890625,0.34765625
2838,28338623,28638623,0.583190918,-0.256469727,-0.738647461,0.220214844,0.5078125,0.37109375,-0.58203125,-7.3671875,6.2421875,1.84375,-0.79296875,0.890625,0.34765625
2839,28356312,28656312,0.585144043,-0.25378418,-0.736572266,0.225036621,0.5078125,0.37109375,-0.58203125,-7.3671875,6.2421875,1.84375,-0.76171875,0.9375,0.40625
2840,28364503,28664503,0.587280273,-0.251281738,-0.73425293,0.229858398,0.41796875,0.30078125,-0.58984375,-7.3515625,6.2734375,1.8125,-0.76171875,0.9375,0.40625
2841,28373265,28673265,0.589599609,-0.248657227,-0.731567383,0.235351562,0.41796875,0.30078125,-0.58984375,-7.3515625,6.2734375,1.8125,-0.814453125,1.09375,0.537109375
2842,28379024,28679024,0.592102051,-0.245666504,-0.72845459,0.241638184,0.35546875,0.75,-0.57421875,-7.328125,6.3203125,1.7578125,-0.814453125,1.09375,0.537109375
2843,28393299,28693299,0.594604492,-0.242492676,-0.725402832,0.24798584,0.35546875,0.75,-0.57421875,-7.328125,6.3203125,1.7578125,-1.00390625,1.23242188,0.587890625
2844,28399037,28699037,0.597167969,-0.238891602,-0.722106934,0.254699707,0.3828125,1.0859375,-0.74609375,-7.28125,6.3671875,1.703125,-1.00390625,1.23242188,0.587890625
2845,28411332,28711332,0.599853516,-0.235168457,-0.718811035,0.261230469,0.3828125,1.0859375,-0.74609375,-7.28125,6.3671875,1.703125,-1.0625,1.34765625,0.52734375
2846,28418932,28718932,0.602722168,-0.231323242,-0.715209961,0.26763916,0.20703125,0.3046875,-1.48828125,-7.2578125,6.421875,1.640625,-1.0625,1.34765625,0.52734375
2847,28431692,28731692,0.605529785,-0.227905273,-0.711669922,0.273681641,0.20703125,0.3046875,-1.48828125,-7.2578125,6.421875,1.640625,-0.822265625,1.20703125,0.486328125
2848,28445449,28745449,0.608154297,-0.224975586,-0.708251953,0.279174805,0.0234375,0.15234375,-1.390625,-7.2265625,6.4609375,1.578125,-0.822265625,1.20703125,0.486328125
2849,28452499,28752499,0.610778809,-0.22253418,-0.704833984,0.283874512,0.0234375,0.15234375,-1.390625,-7.2265625,6.4609375,1.578125,-0.607421875,1.19726562,0.45703125
2850,28459448,28759448,0.613952637,-0.219970703,-0.700866699,0.288879395,0.23046875,-0.28515625,-0.4296875,-7.203125,6.515625,1.5,-0.607421875,1.19726562,0.45703125
2851,28473290,28773290,0.61730957,-0.217346191,-0.696716309,0.293701172,0.23046875,-0.28515625,-0.4296875,-7.203125,6.515625,1.5,-0.58203125,1.390625,0.453125
2852,28479024,28779024,0.620788574,-0.21472168,-0.692321777,0.29864502,0.12890625,-0.5625,-0.58203125,-7.1796875,6.5625,1.3828125,-0.58203125,1.390625,0.453125
2853,28493015,28793015,0.624206543,-0.212280273,-0.687866211,0.303588867,0.12890625,-0.5625,-0.58203125,-7.1796875,6.5625,1.3828125,-0.55078125,1.38476562,0.517578125
2854,28498757,28798757,0.627563477,-0.209899902,-0.683227539,0.308654785,0.328125,-0.39453125,-1.09765625,-7.1484375,6.625,1.25,-0.55078125,1.38476562,0.517578125
2855,28513314,28813314,0.630859375,-0.207580566,-0.678649902,0.313659668,0.328125,-0.39453125,-1.09765625,-7.1484375,6.625,1.25,-0.5625,1.3828125,0.533203125
2856,28522494,28822494,0.634216309,-0.20513916,-0.67388916,0.318664551,0.2109375,-0.44921875,-1.09765625,-7.109375,6.6796875,1.1328125,-0.5625,1.3828125,0.533203125
2857,28532260,28832260,0.637878418,-0.202758789,-0.668823242,0.323547363,0.2109375,-0.44921875,-1.09765625,-7.109375,6.6796875,1.1328125,-0.458984375,1.50976562,0.521484375
2858,28539206,28839206,0.641601562,-0.200866699,-0.663696289,0.327880859,0.40234375,-0.796875,-0.91796875,-7.0703125,6.7578125,0.9921875,-0.458984375,1.50976562,0.521484375
2859,28551404,28851404,0.645690918,-0.199523926,-0.658081055,0.33190918,0.40234375,-0.796875,-0.91796875,-7.0703125,6.7578125,0.9921875,-0.109375,1.44921875,0.552734375
2860,28559377,28859377,0.649658203,-0.198852539,-0.652709961,0.335205078,0.1171875,-0.9375,-0.8515625,-7.015625,6.8203125,0.8125,-0.109375,1.44921875,0.552734375
2861,28571795,28871795,0.653991699,-0.198608398,-0.646911621,0.338134766,0.1171875,-0.9375,-0.8515625,-7.015625,6.8203125,0.8125,0.15625,1.40429688,0.5234375
2862,28579340,28879340,0.658203125,-0.198425293,-0.641479492,0.340454102,-0.7421875,-0.40234375,-0.7265625,-6.9609375,6.8984375,0.609375,0.15625,1.40429688,0.5234375
2863,28594743,28894743,0.662414551,-0.198181152,-0.636230469,0.342224121,-0.7421875,-0.40234375,-0.7265625,-6.9609375,6.8984375,0.609375,0.259765625,1.23242188,0.314453125
2864,28602498,28902498,0.666137695,-0.197998047,-0.631835938,0.343261719,-1.78515625,0.07421875,-0.5078125,-6.9140625,6.9609375,0.390625,0.259765625,1.23242188,0.314453125
2865,28613103,28913103,0.66973877,-0.197631836,-0.627624512,0.344177246,-1.78515625,0.07421875,-0.5078125,-6.9140625,6.9609375,0.390625,0.19140625,0.994140625,0.171875
2866,28619574,28919574,0.672912598,-0.196899414,-0.623840332,0.345336914,-0.7890625,0.109375,0.33203125,-6.875,7,0.203125,0.19140625,0.994140625,0.171875
2867,28634429,28934429,0.675598145,-0.195678711,-0.620300293,0.347045898,-0.7890625,0.109375,0.33203125,-6.875,7,0.203125,-0.14453125,0.966796875,0.18359375
2868,28639959,28939959,0.678039551,-0.193969727,-0.616943359,0.349304199,-0.53515625,0.27734375,1.16015625,-6.859375,7.0234375,0.0625,-0.14453125,0.966796875,0.18359375
2869,28652740,28952740,0.680664062,-0.191711426,-0.613098145,0.352233887,-0.53515625,0.27734375,1.16015625,-6.859375,7.0234375,0.0625,-0.376953125,1.125,0.22265625
2870,28659669,28959669,0.683227539,-0.189208984,-0.609130859,0.355529785,-0.55859375,-0.01171875,1.1171875,-6.8359375,7.046875,-0.046875,-0.376953125,1.125,0.22265625
2871,28674808,28974808,0.685546875,-0.186584473,-0.60534668,0.358825684,-0.55859375,-0.01171875,1.1171875,-6.8359375,7.046875,-0.046875,-0.482421875,1.11132812,0.2109375
2872,28683513,28983513,0.687805176,-0.184020996,-0.601806641,0.361816406,-0.515625,-0.04296875,0.828125,-6.8046875,7.078125,-0.140625,-0.482421875,1.11132812,0.2109375
2873,28692281,28992281,0.690124512,-0.181518555,-0.598327637,0.364440918,-0.515625,-0.04296875,0.828125,-6.8046875,7.078125,-0.140625,-0.28515625,0.95703125,0.087890625
2874,28699235,28999235,0.692260742,-0.179504395,-0.595397949,0.366088867,-1.203125,-0.60546875,0.60546875,-6.765625,7.1015625,-0.2265625,-0.28515625,0.95703125,0.087890625
2875,28714455,29014455,0.694458008,-0.17779541,-0.592651367,0.367248535,-1.203125,-0.60546875,0.60546875,-6.765625,7.1015625,-0.2265625,-0.0546875,0.724609375,-0.017578125
2876,28720309,29020309,0.696350098,-0.176391602,-0.590454102,0.367797852,-1.5546875,-0.91796875,0.80859375,-6.7578125,7.109375,-0.3125,-0.0546875,0.724609375,-0.017578125
2877,28734646,29034646,0.698120117,-0.175109863,-0.588500977,0.368225098,-1.5546875,-0.91796875,0.80859375,-6.7578125,7.109375,-0.3125,-0.01953125,0.517578125,-0.068359375
2878,28738263,29038263,0.699523926,-0.17388916,-0.586975098,0.368591309,-1.2109375,-0.71875,0.7421875,-6.7578125,7.1015625,-0.3984375,-0.01953125,0.517578125,-0.068359375
2879,28754804,29054804,0.700805664,-0.172546387,-0.585571289,0.36907959,-1.2109375,-0.71875,0.7421875,-6.7578125,7.1015625,-0.3984375,-0.123046875,0.453125,-0.0703125
2880,28763205,29063205,0.701904297,-0.171020508,-0.58416748,0.369873047,-0.74609375,-0.40625,0.87109375,-6.765625,7.09375,-0.453125,-0.123046875,0.453125,-0.0703125
2881,28772355,29072355,0.702941895,-0.169189453,-0.582702637,0.371032715,-0.74609375,-0.40625,0.87109375,-6.765625,7.09375,-0.453125,-0.2890625,0.505859375,-0.052734375
2882,28779292,29079292,0.703918457,-0.167175293,-0.581237793,0.372436523,-0.515625,-0.3203125,0.75,-6.765625,7.0859375,-0.484375,-0.2890625,0.505859375,-0.052734375
2883,28794444,29094444,0.704772949,-0.165283203,-0.579833984,0.373840332,-0.515625,-0.3203125,0.75,-6.765625,7.0859375,-0.484375,-0.310546875,0.466796875,-0.02734375
2884,28799556,29099556,0.705505371,-0.163635254,-0.578552246,0.375183105,-0.57421875,-0.47265625,0.390625,-6.78125,7.0859375,-0.5078125,-0.310546875,0.466796875,-0.02734375
2885,28811899,29111899,0.706176758,-0.16217041,-0.577453613,0.376342773,-0.57421875,-0.47265625,0.390625,-6.78125,7.0859375,-0.5078125,-0.19921875,0.32421875,0
2886,28819509,29119509,0.706726074,-0.161315918,-0.576538086,0.377075195,-0.7734375,-0.58984375,0.4453125,-6.7734375,7.0859375,-0.5234375,-0.19921875,0.32421875,0
2887,28834556,29134556,0.707275391,-0.161010742,-0.575866699,0.37713623,-0.7734375,-0.58984375,0.4453125,-6.7734375,7.0859375,-0.5234375,0.083984375,0.142578125,-0.0078125
2888,28843096,29143096,0.707824707,-0.161132812,-0.575378418,0.37677002,-1.04296875,-0.6640625,0.7265625,-6.7734375,7.0859375,-0.5390625,0.083984375,0.142578125,-0.0078125
2889,28851886,29151886,0.708312988,-0.161437988,-0.575134277,0.376037598,-1.04296875,-0.6640625,0.7265625,-6.7734375,7.0859375,-0.5390625,0.181640625,0.03125,-0.0546875
2890,28860339,29160339,0.70880127,-0.161743164,-0.575073242,0.375183105,-0.96484375,-0.3125,0.69140625,-6.7734375,7.078125,-0.578125,0.181640625,0.03125,-0.0546875
2891,28874249,29174249,0.709106445,-0.16204834,-0.575195312,0.374267578,-0.96484375,-0.3125,0.69140625,-6.7734375,7.078125,-0.578125,0.17578125,-0.05859375,-0.083984375
2892,28879034,29179034,0.709228516,-0.162475586,-0.575500488,0.373413086,-0.60546875,-0.07421875,0.33203125,-6.7890625,7.0703125,-0.6015625,0.17578125,-0.05859375,-0.083984375
2893,28895096,29195096,0.709106445,-0.163024902,-0.575927734,0.372680664,-0.60546875,-0.07421875,0.33203125,-6.7890625,7.0703125,-0.6015625,0.126953125,-0.177734375,-0.0234375
2894,28898836,29198836,0.708740234,-0.163696289,-0.576538086,0.372131348,-0.55078125,0.09375,0.4453125,-6.8046875,7.0546875,-0.6015625,0.126953125,-0.177734375,-0.0234375
2895,28913741,29213741,0.708129883,-0.164611816,-0.577331543,0.371765137,-0.55078125,0.09375,0.4453125,-6.8046875,7.0546875,-0.6015625,0.064453125,-0.279296875,0.07421875
2896,28921604,29221604,0.707275391,-0.165649414,-0.578125,0.371643066,-0.4765625,0.20703125,0.66015625,-6.8046875,7.0546875,-0.5859375,0.064453125,-0.279296875,0.07421875
2897,28933393,29233393,0.706298828,-0.166809082,-0.578979492,0.371643066,-0.4765625,0.20703125,0.66015625,-6.8046875,7.0546875,-0.5859375,0.0078125,-0.32421875,0.142578125
2898,28939866,29239866,0.70526123,-0.167907715,-0.579833984,0.371765137,-0.4140625,0.19140625,0.66015625,-6.7890625,7.0703125,-0.546875,0.0078125,-0.32421875,0.142578125
2899,28954112,29254112,0.704284668,-0.169128418,-0.580566406,0.371826172,-0.4140625,0.19140625,0.66015625,-6.7890625,7.0703125,-0.546875,0.048828125,-0.30859375,0.14453125
2900,28959168,29259168,0.703430176,-0.170410156,-0.581359863,0.371704102,-0.5,-0.05078125,0.4296875,-6.78125,7.0859375,-0.5078125,0.048828125,-0.30859375,0.14453125
2901,28973523,29273523,0.702636719,-0.171630859,-0.58215332,0.371459961,-0.5,-0.05078125,0.4296875,-6.78125,7.0859375,-0.5078125,0.107421875,-0.310546875,0.08984375
2902,28981375,29281375,0.701843262,-0.172851562,-0.583068848,0.370910645,-0.69921875,-0.22265625,0.3203125,-6.7734375,7.1015625,-0.4765625,0.107421875,-0.310546875,0.08984375
2903,28994447,29294447,0.701049805,-0.17401123,-0.584106445,0.370239258,-0.69921875,-0.22265625,0.3203125,-6.7734375,7.1015625,-0.4765625,0.15625,-0.38671875,0.005859375
2904,29002589,29302589,0.700195312,-0.175170898,-0.585449219,0.36920166,-1.05078125,-0.57421875,0.328125,-6.765625,7.109375,-0.4453125,0.15625,-0.38671875,0.005859375
2905,29014425,29314425,0.699157715,-0.176391602,-0.587097168,0.367858887,-1.05078125,-0.57421875,0.328125,-6.765625,7.109375,-0.4453125,0.203125,-0.521484375,-0.10546875
2906,29019481,29319481,0.697998047,-0.17755127,-0.589111328,0.366271973,-1.2265625,-0.94140625,0.3671875,-6.78125,7.09375,-0.40625,0.203125,-0.521484375,-0.10546875
2907,29034607,29334607,0.696594238,-0.178649902,-0.59161377,0.364379883,-1.2265625,-0.94140625,0.3671875,-6.78125,7.09375,-0.40625,0.201171875,-0.7265625,-0.236328125
2908,29038343,29338343,0.694946289,-0.17980957,-0.594665527,0.362182617,-1.30859375,-1.30078125,0.5390625,-6.8125,7.0703125,-0.3515625,0.201171875,-0.7265625,-0.236328125
2909,29054385,29354385,0.692993164,-0.180969238,-0.598144531,0.359436035,-1.30859375,-1.30078125,0.5390625,-6.8125,7.0703125,-0.3515625,0.255859375,-0.91015625,-0.357421875
2910,29059429,29359429,0.690917969,-0.182189941,-0.601989746,0.356445312,-1.41015625,-1.484375,0.72265625,-6.8671875,7.0234375,-0.265625,0.255859375,-0.91015625,-0.357421875
2911,29074663,29374663,0.688720703,-0.18347168,-0.606079102,0.353088379,-1.41015625,-1.484375,0.72265625,-6.8671875,7.0234375,-0.265625,0.3203125,-1.06640625,-0.470703125
2912,29083622,29383622,0.686584473,-0.184631348,-0.610107422,0.349731445,-1.4609375,-1.11328125,0.7734375,-6.9296875,6.9609375,-0.1640625,0.3203125,-1.06640625,-0.470703125
2913,29094449,29394449,0.683898926,-0.186035156,-0.614990234,0.34564209,-1.4609375,-1.11328125,0.7734375,-6.9296875,6.9609375,-0.1640625,0.3359375,-1.23242188,-0.548828125
2914,29099483,29399483,0.680969238,-0.187255859,-0.620178223,0.341369629,-1.15234375,-0.81640625,0.7734375,-7.0078125,6.890625,-0.046875,0.3359375,-1.23242188,-0.548828125
2915,29115736,29415736,0.678161621,-0.188171387,-0.625244141,0.337280273,-1.15234375,-0.81640625,0.7734375,-7.0078125,6.890625,-0.046875,0.271484375,-1.31054688,-0.685546875
2916,29119479,29419479,0.675170898,-0.188537598,-0.630493164,0.333251953,-1.10546875,-0.30078125,0.90625,-7.09375,6.796875,0.0859375,0.271484375,-1.31054688,-0.685546875
2917,29133239,29433239,0.671508789,-0.188476562,-0.63671875,0.328796387,-1.10546875,-0.30078125,0.90625,-7.09375,6.796875,0.0859375,0.0625,-1.44335938,-0.853515625
2918,29144642,29444642,0.667724609,-0.188110352,-0.643005371,0.324462891,-1.00390625,0.19140625,0.57421875,-7.1953125,6.6875,0.265625,0.0625,-1.44335938,-0.853515625
2919,29152815,29452815,0.6640625,-0.187866211,-0.649108887,0.320007324,-1.00390625,0.19140625,0.57421875,-7.1953125,6.6875,0.265625,0.1328125,-1.49023438,-0.896484375
2920,29165606,29465606,0.66027832,-0.187805176,-0.655395508,0.314880371,-0.16015625,0.2421875,0.5546875,-7.3125,6.5625,0.4765625,0.1328125,-1.49023438,-0.896484375
2921,29174187,29474187,0.657470703,-0.187805176,-0.660461426,0.310241699,-0.16015625,0.2421875,0.5546875,-7.3125,6.5625,0.4765625,0.283203125,-1.16992188,-0.869140625
2922,29181048,29481048,0.655029297,-0.18737793,-0.665405273,0.305114746,-0.10546875,0.296875,0.26953125,-7.40625,6.4296875,0.6484375,0.283203125,-1.16992188,-0.869140625
2923,29194298,29494298,0.652832031,-0.186462402,-0.66998291,0.300354004,-0.10546875,0.296875,0.26953125,-7.40625,6.4296875,0.6484375,0.185546875,-1.05078125,-0.970703125
2924,29199355,29499355,0.65032959,-0.18572998,-0.674743652,0.295471191,-1.17578125,-0.18359375,-1.05078125,-7.5234375,6.296875,0.78125,0.185546875,-1.05078125,-0.970703125
2925,29213261,29513261,0.647094727,-0.18572998,-0.680358887,0.289550781,-1.17578125,-0.18359375,-1.05078125,-7.5234375,6.296875,0.78125,0.4609375,-1.46484375,-0.98828125
2926,29220144,29520144,0.643493652,-0.186706543,-0.686340332,0.282836914,-0.84375,-0.30078125,-1.62890625,-7.625,6.1484375,0.9375,0.4609375,-1.46484375,-0.98828125
2927,29234743,29534743,0.639770508,-0.188537598,-0.692077637,0.276062012,-0.84375,-0.30078125,-1.62890625,-7.625,6.1484375,0.9375,0.76171875,-1.63085938,-0.83984375
2928,29242600,29542600,0.636169434,-0.190734863,-0.69732666,0.26953125,0.23828125,-0.19921875,-0.4609375,-7.7109375,6.0078125,1.109375,0.76171875,-1.63085938,-0.83984375
2929,29255240,29555240,0.632324219,-0.19354248,-0.702758789,0.262451172,0.23828125,-0.19921875,-0.4609375,-7.7109375,6.0078125,1.109375,0.892578125,-1.5625,-0.705078125
2930,29258992,29558992,0.62890625,-0.196594238,-0.707336426,0.255859375,0.5234375,-0.06640625,-0.76171875,-7.765625,5.9140625,1.2578125,0.892578125,-1.5625,-0.705078125
2931,29273661,29573661,0.625366211,-0.200500488,-0.712036133,0.248413086,0.5234375,-0.06640625,-0.76171875,-7.765625,5.9140625,1.2578125,1.125,-1.48046875,-0.599609375
2932,29280018,29580018,0.622131348,-0.204711914,-0.716125488,0.241271973,0.29296875,0.09375,-1.1171875,-7.8046875,5.828125,1.3828125,1.125,-1.48046875,-0.599609375
2933,29295134,29595134,0.618774414,-0.209350586,-0.720031738,0.234191895,0.29296875,0.09375,-1.1171875,-7.8046875,5.828125,1.3828125,1.24609375,-1.50195312,-0.435546875
2934,29298872,29598872,0.615234375,-0.214111328,-0.723815918,0.227600098,0.01171875,0.44921875,-1.31640625,-7.828125,5.78125,1.46875,1.24609375,-1.50195312,-0.435546875
2935,29313304,29613304,0.61114502,-0.219299316,-0.727722168,0.220947266,0.01171875,0.44921875,-1.31640625,-7.828125,5.78125,1.46875,1.140625,-1.53125,-0.279296875
2936,29321987,29621987,0.607299805,-0.223937988,-0.731262207,0.215270996,0.77734375,1.19140625,-1.11328125,-7.828125,5.765625,1.5703125,1.140625,-1.53125,-0.279296875
2937,29333842,29633842,0.603088379,-0.228759766,-0.734924316,0.209472656,0.77734375,1.19140625,-1.11328125,-7.828125,5.765625,1.5703125,0.9921875,-1.45117188,-0.197265625
2938,29340731,29640731,0.599121094,-0.233154297,-0.738220215,0.204284668,0.72265625,1.046875,-0.65625,-7.8125,5.7578125,1.6875,0.9921875,-1.45117188,-0.197265625
2939,29357436,29657436,0.594848633,-0.237915039,-0.741638184,0.198852539,0.72265625,1.046875,-0.65625,-7.8125,5.7578125,1.6875,1.015625,-1.43164062,-0.14453125
2940,29362503,29662503,0.590515137,-0.242980957,-0.744873047,0.19329834,0.34765625,0.921875,-0.91796875,-7.78125,5.765625,1.796875,1.015625,-1.43164062,-0.14453125
2941,29374092,29674092,0.586547852,-0.247680664,-0.747802734,0.188171387,0.34765625,0.921875,-0.91796875,-7.78125,5.765625,1.796875,1.04101562,-1.40820312,-0.12109375
2942,29383594,29683594,0.582458496,-0.252380371,-0.750671387,0.183105469,0.34765625,0.9453125,-0.5234375,-7.7421875,5.78125,1.8984375,1.04101562,-1.40820312,-0.12109375
2943,29394884,29694884,0.578552246,-0.256713867,-0.753295898,0.178588867,0.34765625,0.9453125,-0.5234375,-7.7421875,5.78125,1.8984375,0.873046875,-1.23046875,-0.03125
2944,29403625,29703625,0.574951172,-0.260620117,-0.755554199,0.174865723,0.5703125,0.2265625,-0.80859375,-7.6953125,5.8125,1.9921875,0.873046875,-1.23046875,-0.03125
2945,29414426,29714426,0.571228027,-0.264709473,-0.7578125,0.171203613,0.5703125,0.2265625,-0.80859375,-7.6953125,5.8125,1.9921875,0.74609375,-1.07226562,0.052734375
2946,29419488,29719488,0.567687988,-0.268615723,-0.75982666,0.16784668,0.53125,0.27734375,-1,-7.65625,5.8359375,2.0703125,0.74609375,-1.07226562,0.052734375
2947,29433623,29733623,0.564331055,-0.272583008,-0.761657715,0.164611816,0.53125,0.27734375,-1,-7.65625,5.8359375,2.0703125,0.767578125,-1,0.08984375
2948,29441609,29741609,0.561096191,-0.276428223,-0.763366699,0.161560059,0.66796875,0.57421875,-0.9921875,-7.6015625,5.8828125,2.140625,0.767578125,-1,0.08984375
2949,29455233,29755233,0.557861328,-0.280090332,-0.764953613,0.158569336,0.66796875,0.57421875,-0.9921875,-7.6015625,5.8828125,2.140625,0.6875,-0.919921875,0.078125
2950,29458979,29758979,0.555053711,-0.283325195,-0.766357422,0.155883789,0.8046875,0.56640625,-1.01953125,-7.546875,5.9296875,2.203125,0.6875,-0.919921875,0.078125
2951,29473717,29773717,0.552429199,-0.286193848,-0.767700195,0.153442383,0.8046875,0.56640625,-1.01953125,-7.546875,5.9296875,2.203125,0.49609375,-0.708984375,0.041015625
2952,29482615,29782615,0.550170898,-0.288574219,-0.768859863,0.151367188,0.80078125,0.6875,-0.98828125,-7.5078125,5.9609375,2.25,0.49609375,-0.708984375,0.041015625
2953,29495148,29795148,0.548095703,-0.290649414,-0.769897461,0.149597168,0.80078125,0.6875,-0.98828125,-7.5078125,5.9609375,2.25,0.375,-0.5546875,0.068359375
2954,29498892,29798892,0.546386719,-0.292480469,-0.770690918,0.148193359,0.65625,0.50390625,-0.8046875,-7.4765625,5.9921875,2.296875,0.375,-0.5546875,0.068359375
2955,29514366,29814366,0.54486084,-0.294189453,-0.771362305,0.147033691,0.65625,0.50390625,-0.8046875,-7.4765625,5.9921875,2.296875,0.26953125,-0.357421875,0.078125
2956,29519408,29819408,0.543762207,-0.295471191,-0.771789551,0.146240234,0.9296875,0.2421875,-0.8671875,-7.4453125,6.0234375,2.3203125,0.26953125,-0.357421875,0.078125
2957,29534798,29834798,0.54309082,-0.296386719,-0.771972656,0.145874023,0.9296875,0.2421875,-0.8671875,-7.4453125,6.0234375,2.3203125,0.107421875,-0.109375,0.083984375
2958,29538549,29838549,0.542785645,-0.296875,-0.771972656,0.145935059,1.13671875,0.49609375,-0.98828125,-7.421875,6.0390625,2.328125,0.107421875,-0.109375,0.083984375
2959,29554392,29854392,0.54284668,-0.29699707,-0.771789551,0.146362305,1.13671875,0.49609375,-0.98828125,-7.421875,6.0390625,2.328125,-0.0546875,0.09765625,0.07421875
2960,29562600,29862600,0.543273926,-0.296691895,-0.771484375,0.147094727,0.9375,0.55859375,-0.9140625,-7.4140625,6.0546875,2.328125,-0.0546875,0.09765625,0.07421875
2961,29574591,29874591,0.543945312,-0.296142578,-0.771057129,0.148010254,0.9375,0.55859375,-0.9140625,-7.4140625,6.0546875,2.328125,-0.1640625,0.271484375,0.064453125
2962,29579633,29879633,0.54498291,-0.295227051,-0.770385742,0.149291992,0.86328125,0.51171875,-0.78125,-7.4140625,6.0625,2.3125,-0.1640625,0.271484375,0.064453125
2963,29595781,29895781,0.546386719,-0.293884277,-0.769592285,0.150939941,0.86328125,0.51171875,-0.78125,-7.4140625,6.0625,2.3125,-0.34765625,0.513671875,0.052734375
2964,29599517,29899517,0.548095703,-0.292236328,-0.768615723,0.152954102,0.6796875,0.51953125,-0.7890625,-7.421875,6.0546875,2.28125,-0.34765625,0.513671875,0.052734375
2965,29614300,29914300,0.550048828,-0.290222168,-0.767456055,0.155517578,0.6796875,0.51953125,-0.7890625,-7.421875,6.0546875,2.28125,-0.46875,0.650390625,0.10546875
2966,29619362,29919362,0.552124023,-0.288085938,-0.766235352,0.158325195,0.83984375,0.55859375,-0.90234375,-7.4296875,6.0546875,2.2421875,-0.46875,0.650390625,0.10546875
2967,29635573,29935573,0.554260254,-0.285888672,-0.764831543,0.161376953,0.83984375,0.55859375,-0.90234375,-7.4296875,6.0546875,2.2421875,-0.556640625,0.767578125,0.158203125
2968,29643991,29943991,0.55657959,-0.283508301,-0.763366699,0.164733887,0.96875,0.51953125,-0.58984375,-7.4453125,6.0546875,2.1953125,-0.556640625,0.767578125,0.158203125
2969,29652851,29952851,0.559204102,-0.280761719,-0.76159668,0.168640137,0.96875,0.51953125,-0.58984375,-7.4453125,6.0546875,2.1953125,-0.71875,0.97265625,0.228515625
2970,29659254,29959254,0.562316895,-0.277526855,-0.759399414,0.173400879,1.0625,0.55859375,-0.49609375,-7.4609375,6.0546875,2.140625,-0.71875,0.97265625,0.228515625
2971,29675568,29975568,0.565734863,-0.274291992,-0.756896973,0.178344727,1.0625,0.55859375,-0.49609375,-7.4609375,6.0546875,2.140625,-0.818359375,1.25195312,0.31640625
2972,29679305,29979305,0.569213867,-0.271118164,-0.754211426,0.18359375,0.9921875,0.47265625,-0.609375,-7.46875,6.0625,2.0625,-0.818359375,1.25195312,0.31640625
2973,29694526,29994526,0.573120117,-0.267578125,-0.751037598,0.18951416,0.9921875,0.47265625,-0.609375,-7.46875,6.0625,2.0625,-0.923828125,1.4375,0.431640625
2974,29703612,30003612,0.577270508,-0.263671875,-0.747497559,0.196228027,0.46484375,0.6796875,-0.859375,-7.4765625,6.0859375,1.96875,-0.923828125,1.4375,0.431640625
2975,29715587,30015587,0.581176758,-0.259887695,-0.744018555,0.202758789,0.46484375,0.6796875,-0.859375,-7.4765625,6.0859375,1.96875,-1.01171875,1.51757812,0.486328125
2976,29725011,30025011,0.585083008,-0.256103516,-0.74041748,0.209350586,0.3125,0.7265625,-0.93359375,-7.4765625,6.1171875,1.8515625,-1.01171875,1.51757812,0.486328125
2977,29734520,30034520,0.589172363,-0.252319336,-0.736572266,0.216064453,0.3125,0.7265625,-0.93359375,-7.4765625,6.1171875,1.8515625,-0.986328125,1.6171875,0.517578125
2978,29743604,30043604,0.59375,-0.248168945,-0.732055664,0.223449707,0.140625,0.71484375,-1.0234375,-7.4609375,6.1640625,1.75,-0.986328125,1.6171875,0.517578125
2979,29754921,30054921,0.598083496,-0.244506836,-0.727722168,0.230163574,0.140625,0.71484375,-1.0234375,-7.4609375,6.1640625,1.75,-0.9375,1.68554688,0.548828125
2980,29761305,30061305,0.602172852,-0.241027832,-0.723327637,0.236755371,0.1328125,0.5078125,-1.0078125,-7.453125,6.21875,1.6171875,-0.9375,1.68554688,0.548828125
2981,29774364,30074364,0.606567383,-0.237426758,-0.718444824,0.243896484,0.1328125,0.5078125,-1.0078125,-7.453125,6.21875,1.6171875,-0.892578125,1.66015625,0.6015625
2982,29784362,30084362,0.610534668,-0.234191895,-0.713867188,0.250549316,-0.05078125,0.453125,-0.90234375,-7.421875,6.2734375,1.4765625,-0.892578125,1.66015625,0.6015625
2983,29794353,30094353,0.614624023,-0.231079102,-0.708862305,0.25769043,-0.05078125,0.453125,-0.90234375,-7.421875,6.2734375,1.4765625,-0.814453125,1.59179688,0.705078125
2984,29804002,30104002,0.618164062,-0.22857666,-0.704040527,0.264465332,-0.05078125,0.3828125,-0.87890625,-7.3828125,6.34375,1.3359375,-0.814453125,1.59179688,0.705078125
2985,29814282,30114282,0.621520996,-0.226196289,-0.69921875,0.27142334,-0.05078125,0.3828125,-0.87890625,-7.3828125,6.34375,1.3359375,-0.787109375,1.48242188,0.80078125
2986,29822624,30122624,0.624694824,-0.223876953,-0.694335938,0.278442383,-0.06640625,0.58984375,-0.5234375,-7.328125,6.4453125,1.2109375,-0.787109375,1.48242188,0.80078125
2987,29835978,30135978,0.627990723,-0.221313477,-0.689331055,0.285461426,-0.06640625,0.58984375,-0.5234375,-7.328125,6.4453125,1.2109375,-0.853515625,1.56640625,0.783203125
2988,29839724,30139724,0.631286621,-0.21862793,-0.684326172,0.292175293,0.0546875,0.45703125,-0.4140625,-7.2578125,6.5390625,1.1015625,-0.853515625,1.56640625,0.783203125
2989,29854145,30154145,0.635192871,-0.215820312,-0.678649902,0.29901123,0.0546875,0.45703125,-0.4140625,-7.2578125,6.5390625,1.1015625,-0.68359375,1.63867188,0.66796875
2990,29862613,30162613,0.639099121,-0.213317871,-0.673034668,0.304992676,-0.0546875,-0.2109375,-1.078125,-7.1875,6.6328125,0.9609375,-0.68359375,1.63867188,0.66796875
2991,29876818,30176818,0.643249512,-0.211303711,-0.667297363,0.31036377,-0.0546875,-0.2109375,-1.078125,-7.1875,6.6328125,0.9609375,-0.384765625,1.64453125,0.64453125
2992,29884617,30184617,0.647277832,-0.209960938,-0.661560059,0.315063477,-0.26953125,-0.8359375,-1.06640625,-7.125,6.71875,0.796875,-0.384765625,1.64453125,0.64453125
2993,29894641,30194641,0.651672363,-0.20892334,-0.655151367,0.320129395,-0.26953125,-0.8359375,-1.06640625,-7.125,6.71875,0.796875,-0.2265625,1.58203125,0.728515625
2994,29902470,30202470,0.655517578,-0.208251953,-0.649353027,0.324523926,-0.1484375,-0.74609375,-0.640625,-7.0546875,6.8203125,0.6015625,-0.2265625,1.58203125,0.728515625
2995,29914840,30214840,0.659790039,-0.207946777,-0.64276123,0.329040527,-0.1484375,-0.74609375,-0.640625,-7.0546875,6.8203125,0.6015625,-0.00390625,1.56054688,0.765625
2996,29920968,30220968,0.663757324,-0.208068848,-0.636657715,0.332763672,-0.625,-0.578125,-0.8515625,-6.9609375,6.921875,0.390625,-0.00390625,1.56054688,0.765625
2997,29934477,30234477,0.667663574,-0.208618164,-0.630615234,0.336120605,-0.625,-0.578125,-0.8515625,-6.9609375,6.921875,0.390625,0.169921875,1.30273438,0.673828125
2998,29942488,30242488,0.671325684,-0.209350586,-0.625183105,0.338623047,-1.5703125,-0.2265625,-0.56640625,-6.859375,7.03125,0.1796875,0.169921875,1.30273438,0.673828125
2999,29954444,30254444,0.674682617,-0.210388184,-0.620361328,0.340148926,-1.5703125,-0.2265625,-0.56640625,-6.859375,7.03125,0.1796875,0.4296875,0.974609375,0.458984375
3000,29962886,30262886,0.677734375,-0.211608887,-0.616210938,0.340942383,-1.2265625,-0.7265625,-0.1796875,-6.78125,7.109375,-0.015625,0.4296875,0.974609375,0.458984375
3001,29974412,30274412,0.680725098,-0.212646484,-0.612060547,0.341674805,-1.2265625,-0.7265625,-0.1796875,-6.78125,7.109375,-0.015625,0.345703125,0.841796875,0.34765625
3002,29983491,30283491,0.683532715,-0.21307373,-0.608215332,0.342712402,-0.984375,-0.390625,1.16015625,-6.71875,7.15625,-0.203125,0.345703125,0.841796875,0.34765625
3003,29994296,30294296,0.686279297,-0.212768555,-0.604431152,0.344116211,-0.984375,-0.390625,1.16015625,-6.71875,7.15625,-0.203125,0.021484375,0.95703125,0.25390625
3004,30000033,30300033,0.688903809,-0.211791992,-0.600708008,0.346069336,-0.68359375,-0.125,1.69921875,-6.671875,7.1953125,-0.359375,0.021484375,0.95703125,0.25390625
3005,30014595,30314595,0.69128418,-0.210266113,-0.597167969,0.348266602,-0.68359375,-0.125,1.69921875,-6.671875,7.1953125,-0.359375,-0.232421875,1.00976562,0.15625
3006,30022896,30322896,0.693725586,-0.208129883,-0.59375,0.350585938,-0.9921875,-0.1171875,1.04296875,-6.6328125,7.2265625,-0.46875,-0.232421875,1.00976562,0.15625
3007,30033688,30333688,0.695983887,-0.205749512,-0.590698242,0.352539062,-0.9921875,-0.1171875,1.04296875,-6.6328125,7.2265625,-0.46875,-0.2421875,0.892578125,-0.021484375
3008,30042506,30342506,0.698242188,-0.203796387,-0.58807373,0.35369873,-1.23828125,-0.74609375,0.71484375,-6.6171875,7.2421875,-0.5625,-0.2421875,0.892578125,-0.021484375
3009,30054514,30354514,0.700683594,-0.202453613,-0.585510254,0.353942871,-1.23828125,-0.74609375,0.71484375,-6.6171875,7.2421875,-0.5625,0.18359375,0.6796875,-0.1015625
3010,30063817,30363817,0.702941895,-0.201660156,-0.583312988,0.353515625,-1.62890625,-1.53515625,0.69140625,-6.609375,7.2265625,-0.65625,0.18359375,0.6796875,-0.1015625
3011,30073436,30373436,0.70526123,-0.20098877,-0.581115723,0.352844238,-1.62890625,-1.53515625,0.69140625,-6.609375,7.2265625,-0.65625,0.255859375,0.556640625,-0.103515625
3012,30081756,30381756,0.707458496,-0.200195312,-0.579040527,0.352355957,-1.0078125,-0.8671875,0.6953125,-6.6171875,7.2109375,-0.7734375,0.255859375,0.556640625,-0.103515625
3013,30093341,30393341,0.709411621,-0.199035645,-0.577087402,0.352355957,-1.0078125,-0.8671875,0.6953125,-6.6171875,7.2109375,-0.7734375,-0.001953125,0.6171875,-0.123046875
3014,30103478,30403478,0.711120605,-0.197143555,-0.575134277,0.353088379,-0.1953125,0.14453125,0.6796875,-6.625,7.1953125,-0.875,-0.001953125,0.6171875,-0.123046875
3015,30114304,30414304,0.712463379,-0.194702148,-0.573303223,0.354736328,-0.1953125,0.14453125,0.6796875,-6.625,7.1953125,-0.875,-0.4609375,0.6484375,-0.08203125
3016,30123200,30423200,0.713378906,-0.191833496,-0.571716309,0.356994629,-0.1484375,0.34375,0.5,-6.6328125,7.1875,-0.921875,-0.4609375,0.6484375,-0.08203125
3017,30133687,30433687,0.713989258,-0.189086914,-0.57043457,0.35925293,-0.1484375,0.34375,0.5,-6.6328125,7.1875,-0.921875,-0.54296875,0.46875,-0.072265625
3018,30141479,30441479,0.714416504,-0.186828613,-0.569519043,0.361083984,-0.6484375,-0.078125,0.30859375,-6.6328125,7.1875,-0.921875,-0.54296875,0.46875,-0.072265625
3019,30153475,30453475,0.714904785,-0.185302734,-0.568786621,0.361938477,-0.6484375,-0.078125,0.30859375,-6.6328125,7.1875,-0.921875,-0.099609375,0.24609375,-0.09765625
3020,30159188,30459188,0.715637207,-0.184509277,-0.568237305,0.361816406,-1.21484375,-0.98828125,0.91796875,-6.640625,7.1796875,-0.921875,-0.099609375,0.24609375,-0.09765625
3021,30173978,30473978,0.716430664,-0.184082031,-0.567871094,0.361022949,-1.21484375,-0.98828125,0.91796875,-6.640625,7.1796875,-0.921875,0.177734375,0.119140625,-0.173828125
3022,30182844,30482844,0.717163086,-0.18371582,-0.567749023,0.360046387,-1.0078125,-0.8515625,0.73046875,-6.65625,7.15625,-0.9609375,0.177734375,0.119140625,-0.173828125
3023,30193631,30493631,0.717651367,-0.183166504,-0.567871094,0.359130859,-1.0078125,-0.8515625,0.73046875,-6.65625,7.15625,-0.9609375,0.064453125,0.025390625,-0.232421875
3024,30201828,30501828,0.718017578,-0.182434082,-0.56817627,0.358215332,-0.5546875,-0.12890625,0.33203125,-6.6875,7.125,-0.984375,0.064453125,0.025390625,-0.232421875
3025,30213262,30513262,0.718200684,-0.18182373,-0.568725586,0.357299805,-0.5546875,-0.12890625,0.33203125,-6.6875,7.125,-0.984375,0.056640625,-0.076171875,-0.2421875
3026,30221484,30521484,0.718200684,-0.18145752,-0.569458008,0.356323242,-0.79296875,-0.3203125,0.63671875,-6.71875,7.0859375,-0.984375,0.056640625,-0.076171875,-0.2421875
3027,30233842,30533842,0.717895508,-0.181335449,-0.570495605,0.35534668,-0.79296875,-0.3203125,0.63671875,-6.71875,7.0859375,-0.984375,0.072265625,-0.2578125,-0.171875
3028,30239577,30539577,0.717346191,-0.181518555,-0.571777344,0.354370117,-0.7890625,-0.640625,1.08984375,-6.7578125,7.0625,-0.9765625,0.072265625,-0.2578125,-0.171875
3029,30254504,30554504,0.716552734,-0.181884766,-0.573181152,0.35345459,-0.7890625,-0.640625,1.08984375,-6.7578125,7.0625,-0.9765625,0.056640625,-0.390625,-0.12109375
3030,30263230,30563230,0.715576172,-0.182434082,-0.574768066,0.352478027,-0.8359375,-0.55078125,1.203125,-6.7890625,7.046875,-0.9375,0.056640625,-0.390625,-0.12109375
3031,30272859,30572859,0.71472168,-0.183105469,-0.576293945,0.35144043,-0.8359375,-0.55078125,1.203125,-6.7890625,7.046875,-0.9375,0.130859375,-0.439453125,-0.115234375
3032,30281514,30581514,0.713745117,-0.183959961,-0.578125,0.350097656,-0.734375,-0.3359375,0.53515625,-6.8125,7.0234375,-0.8828125,0.130859375,-0.439453125,-0.115234375
3033,30291989,30591989,0.712646484,-0.184936523,-0.58001709,0.348571777,-0.734375,-0.3359375,0.53515625,-6.8125,7.0234375,-0.8828125,0.18359375,-0.5625,-0.142578125
3034,30302487,30602487,0.711425781,-0.185913086,-0.58215332,0.346923828,-0.75,-0.15625,0.421875,-6.8359375,7,-0.84375,0.18359375,-0.5625,-0.142578125
3035,30313282,30613282,0.710021973,-0.187133789,-0.584716797,0.344848633,-0.75,-0.15625,0.421875,-6.8359375,7,-0.84375,0.263671875,-0.7265625,-0.220703125
3036,30320896,30620896,0.708435059,-0.188476562,-0.58770752,0.342346191,-1.01953125,-0.05078125,0.625,-6.875,6.96875,-0.78125,0.263671875,-0.7265625,-0.220703125
3037,30331927,30631927,0.706604004,-0.189880371,-0.591003418,0.339660645,-1.01953125,-0.05078125,0.625,-6.875,6.96875,-0.78125,0.30859375,-0.919921875,-0.28515625
3038,30341793,30641793,0.704589844,-0.19128418,-0.594482422,0.336975098,-1.19140625,-0.2421875,0.81640625,-6.9296875,6.9296875,-0.703125,0.30859375,-0.919921875,-0.28515625
3039,30357224,30657224,0.702087402,-0.192626953,-0.598510742,0.334228516,-1.19140625,-0.2421875,0.81640625,-6.9296875,6.9296875,-0.703125,0.173828125,-1.109375,-0.32421875
3040,30365511,30665511,0.699279785,-0.193786621,-0.602844238,0.331665039,-0.9765625,-0.078125,0.8984375,-6.9921875,6.8828125,-0.59375,0.173828125,-1.109375,-0.32421875
3041,30375806,30675806,0.696228027,-0.194824219,-0.607421875,0.329223633,-0.9765625,-0.078125,0.8984375,-6.9921875,6.8828125,-0.59375,0.064453125,-1.16601562,-0.326171875
3042,30382500,30682500,0.693115234,-0.195739746,-0.611816406,0.327026367,-0.5,-0.33984375,1.0625,-7.046875,6.8359375,-0.453125,0.064453125,-1.16601562,-0.326171875
3043,30393932,30693932,0.690002441,-0.196716309,-0.616210938,0.324890137,-0.5,-0.33984375,1.0625,-7.046875,6.8359375,-0.453125,0.033203125,-1.08203125,-0.251953125
3044,30399669,30699669,0.686767578,-0.197692871,-0.620361328,0.323059082,-0.5234375,-0.32421875,0.515625,-7.1015625,6.78125,-0.2890625,0.033203125,-1.08203125,-0.251953125
3045,30414178,30714178,0.683227539,-0.198730469,-0.62487793,0.321350098,-0.5234375,-0.32421875,0.515625,-7.1015625,6.78125,-0.2890625,-0.0859375,-1.24609375,-0.21484375
3046,30423624,30723624,0.679138184,-0.199829102,-0.629760742,0.319763184,-0.63671875,0.27734375,0.23828125,-7.140625,6.7578125,-0.125,-0.0859375,-1.24609375,-0.21484375
3047,30433633,30733633,0.674560547,-0.201293945,-0.635009766,0.318115234,-0.63671875,0.27734375,0.23828125,-7.140625,6.7578125,-0.125,-0.060546875,-1.50585938,-0.12109375
3048,30442612,30742612,0.669921875,-0.203308105,-0.640136719,0.316345215,0.3125,0.65234375,0.1796875,-7.171875,6.7265625,0.0859375,-0.060546875,-1.50585938,-0.12109375
3049,30452974,30752974,0.665893555,-0.205505371,-0.644470215,0.314697266,0.3125,0.65234375,0.1796875,-7.171875,6.7265625,0.0859375,0.09765625,-1.1875,-0.021484375
3050,30462978,30762978,0.662719727,-0.207214355,-0.647888184,0.313171387,0.7734375,0.8125,0.17578125,-7.171875,6.71875,0.28125,0.09765625,-1.1875,-0.021484375
3051,30474773,30774773,0.66027832,-0.208068848,-0.650817871,0.311767578,0.7734375,0.8125,0.17578125,-7.171875,6.71875,0.28125,-0.021484375,-0.755859375,-0.177734375
3052,30479845,30779845,0.65802002,-0.208679199,-0.653625488,0.310302734,-0.25390625,0.17578125,-0.80859375,-7.1796875,6.703125,0.421875,-0.021484375,-0.755859375,-0.177734375
3053,30493238,30793238,0.655334473,-0.209838867,-0.656982422,0.307983398,-0.25390625,0.17578125,-0.80859375,-7.1796875,6.703125,0.421875,0.232421875,-1.01953125,-0.240234375
3054,30503603,30803603,0.652404785,-0.211853027,-0.660644531,0.304992676,-0.421875,-0.48046875,-1.73046875,-7.203125,6.671875,0.5390625,0.232421875,-1.01953125,-0.240234375
3055,30513607,30813607,0.649353027,-0.214660645,-0.664306641,0.301574707,-0.421875,-0.48046875,-1.73046875,-7.203125,6.671875,0.5390625,0.544921875,-1.23828125,-0.158203125
3056,30521220,30821220,0.646179199,-0.218017578,-0.66796875,0.297973633,-0.0234375,-0.765625,-0.6875,-7.21875,6.6484375,0.6484375,0.544921875,-1.23828125,-0.158203125
3057,30535684,30835684,0.642944336,-0.221496582,-0.671447754,0.294494629,-0.0234375,-0.765625,-0.6875,-7.21875,6.6484375,0.6484375,0.55859375,-1.2265625,-0.052734375
3058,30541982,30841982,0.639892578,-0.224853516,-0.674621582,0.291442871,0.21484375,-0.41015625,-0.30078125,-7.2265625,6.640625,0.7578125,0.55859375,-1.2265625,-0.052734375
3059,30553525,30853525,0.636474609,-0.228820801,-0.67791748,0.288024902,0.21484375,-0.41015625,-0.30078125,-7.2265625,6.640625,0.7578125,0.62890625,-1.203125,0.01953125
3060,30559503,30859503,0.633361816,-0.232849121,-0.680847168,0.284667969,0.15234375,-0.19140625,-0.59375,-7.203125,6.6484375,0.859375,0.62890625,-1.203125,0.01953125
3061,30575851,30875851,0.630310059,-0.237243652,-0.68359375,0.281311035,0.15234375,-0.19140625,-0.59375,-7.203125,6.6484375,0.859375,0.76953125,-1.15820312,0.111328125
3062,30583363,30883363,0.627380371,-0.241821289,-0.686035156,0.278015137,0.3125,0.015625,-0.86328125,-7.171875,6.671875,0.9375,0.76953125,-1.15820312,0.111328125
3063,30593376,30893376,0.624206543,-0.247070312,-0.688476562,0.274475098,0.3125,0.015625,-0.86328125,-7.171875,6.671875,0.9375,0.853515625,-1.15820312,0.197265625
3064,30601967,30901967,0.62109375,-0.25213623,-0.690734863,0.271179199,0.46484375,0.40625,-0.390625,-7.1328125,6.703125,1,0.853515625,-1.15820312,0.197265625
3065,30615031,30915031,0.617980957,-0.256958008,-0.692932129,0.268188477,0.46484375,0.40625,-0.390625,-7.1328125,6.703125,1,0.70703125,-1.07617188,0.234375
3066,30621991,30921991,0.614990234,-0.261291504,-0.694946289,0.26574707,0.52734375,0.51171875,-0.015625,-7.078125,6.75,1.046875,0.70703125,-1.07617188,0.234375
3067,30632866,30932866,0.611694336,-0.26574707,-0.697021484,0.263305664,0.52734375,0.51171875,-0.015625,-7.078125,6.75,1.046875,0.58984375,-1.01953125,0.265625
3068,30640158,30940158,0.608764648,-0.269775391,-0.698852539,0.261169434,0.35546875,0.54296875,-0.30859375,-7.0234375,6.796875,1.109375,0.58984375,-1.01953125,0.265625
3069,30654889,30954889,0.605895996,-0.273864746,-0.700622559,0.258911133,0.35546875,0.54296875,-0.30859375,-7.0234375,6.796875,1.109375,0.61328125,-0.904296875,0.2265625
3070,30660221,30960221,0.603149414,-0.278137207,-0.702270508,0.256286621,-0.12109375,0.57421875,-0.62109375,-6.96875,6.84375,1.15625,0.61328125,-0.904296875,0.2265625
3071,30675447,30975447,0.600830078,-0.282104492,-0.703674316,0.253540039,-0.12109375,0.57421875,-0.62109375,-6.96875,6.84375,1.15625,0.74609375,-0.8828125,0.14453125
3072,30684604,30984604,0.598632812,-0.286132812,-0.704956055,0.250610352,-0.43359375,0.1796875,-0.84375,-6.921875,6.890625,1.1875,0.74609375,-0.8828125,0.14453125
3073,30695535,30995535,0.596374512,-0.290344238,-0.706237793,0.247497559,-0.43359375,0.1796875,-0.84375,-6.921875,6.890625,1.1875,0.783203125,-0.828125,0.125
3074,30702353,31002353,0.594238281,-0.294311523,-0.707458496,0.244506836,0.1484375,-0.125,-0.9765625,-6.890625,6.9296875,1.203125,0.783203125,-0.828125,0.125
3075,30714595,31014595,0.591796875,-0.298583984,-0.708679199,0.241516113,0.1484375,-0.125,-0.9765625,-6.890625,6.9296875,1.203125,0.732421875,-0.86328125,0.19140625
3076,30719625,31019625,0.589355469,-0.302734375,-0.709960938,0.238769531,0.3359375,-0.2421875,-0.609375,-6.8515625,6.96875,1.21875,0.732421875,-0.86328125,0.19140625
3077,30735361,31035361,0.586914062,-0.307067871,-0.710998535,0.235961914,0.3359375,-0.2421875,-0.609375,-6.8515625,6.96875,1.21875,0.794921875,-0.818359375,0.203125
3078,30742625,31042625,0.584777832,-0.311340332,-0.711853027,0.233093262,0.328125,-0.40234375,-0.42578125,-6.8046875,7.015625,1.2265625,0.794921875,-0.818359375,0.203125
3079,30754863,31054863,0.582702637,-0.315795898,-0.712646484,0.230041504,0.328125,-0.40234375,-0.42578125,-6.8046875,7.015625,1.2265625,0.830078125,-0.74609375,0.171875
3080,30763609,31063609,0.580688477,-0.320068359,-0.713317871,0.227050781,0.12890625,-0.01953125,-0.0703125,-6.7578125,7.0546875,1.21875,0.830078125,-0.74609375,0.171875
3081,30773732,31073732,0.578796387,-0.323852539,-0.714050293,0.224243164,0.12890625,-0.01953125,-0.0703125,-6.7578125,7.0546875,1.21875,0.708984375,-0.6953125,0.107421875
3082,30782640,31082640,0.576965332,-0.327209473,-0.71484375,0.221557617,0.359375,0.28515625,0.01953125,-6.71875,7.09375,1.203125,0.708984375,-0.6953125,0.107421875
3083,30794883,31094883,0.575195312,-0.330200195,-0.715637207,0.219055176,0.359375,0.28515625,0.01953125,-6.71875,7.09375,1.203125,0.546875,-0.62109375,0.052734375
3084,30799908,31099908,0.573547363,-0.332763672,-0.716491699,0.21673584,0.44921875,0.13671875,-0.01953125,-6.6953125,7.125,1.203125,0.546875,-0.62109375,0.052734375
3085,30814267,31114267,0.572143555,-0.334777832,-0.717224121,0.21484375,0.44921875,0.13671875,-0.01953125,-6.6953125,7.125,1.203125,0.3671875,-0.484375,0.013671875
3086,30820243,31120243,0.570861816,-0.336486816,-0.717895508,0.213256836,0.34765625,-0.375,-0.1015625,-6.671875,7.140625,1.2109375,0.3671875,-0.484375,0.013671875
3087,30835090,31135090,0.569580078,-0.338195801,-0.71862793,0.211669922,0.34765625,-0.375,-0.1015625,-6.671875,7.140625,1.2109375,0.302734375,-0.41796875,0.0234375
3088,30843624,31143624,0.568481445,-0.339660645,-0.719238281,0.210266113,-0.04296875,-0.34375,-0.38671875,-6.6640625,7.1484375,1.2265625,0.302734375,-0.41796875,0.0234375
3089,30855262,31155262,0.567382812,-0.340942383,-0.719787598,0.208984375,-0.04296875,-0.34375,-0.38671875,-6.6640625,7.1484375,1.2265625,0.20703125,-0.31640625,0.0078125
3090,30861403,31161403,0.566589355,-0.34185791,-0.720336914,0.208007812,0.36328125,-0.0078125,-0.46875,-6.6484375,7.15625,1.234375,0.20703125,-0.31640625,0.0078125
3091,30875294,31175294,0.565795898,-0.342590332,-0.720825195,0.20703125,0.36328125,-0.0078125,-0.46875,-6.6484375,7.15625,1.234375,0.123046875,-0.23828125,-0.03515625
3092,30881399,31181399,0.565307617,-0.342956543,-0.721313477,0.206237793,0.39453125,0.22265625,-0.41015625,-6.640625,7.15625,1.25,0.123046875,-0.23828125,-0.03515625
3093,30894846,31194846,0.565063477,-0.342956543,-0.721679688,0.205566406,0.39453125,0.22265625,-0.41015625,-6.640625,7.15625,1.25,0,-0.078125,-0.107421875
3094,30901631,31201631,0.565002441,-0.342529297,-0.722045898,0.20513916,0.515625,0.19140625,-0.33984375,-6.6484375,7.1484375,1.2578125,0,-0.078125,-0.107421875
3095,30915173,31215173,0.565124512,-0.341796875,-0.722351074,0.204956055,0.515625,0.19140625,-0.33984375,-6.6484375,7.1484375,1.2578125,-0.12109375,0.01953125,-0.140625
3096,30923612,31223612,0.565368652,-0.340820312,-0.722595215,0.20489502,0.6875,0.0234375,-0.6640625,-6.6640625,7.125,1.2734375,-0.12109375,0.01953125,-0.140625
3097,30933741,31233741,0.565795898,-0.339599609,-0.722839355,0.20513916,0.6875,0.0234375,-0.6640625,-6.6640625,7.125,1.2734375,-0.2265625,0.14453125,-0.15234375
3098,30944584,31244584,0.56652832,-0.338012695,-0.722900391,0.205566406,0.82421875,0.125,-0.44921875,-6.6875,7.1015625,1.2890625,-0.2265625,0.14453125,-0.15234375
3099,30954088,31254088,0.567382812,-0.336242676,-0.72277832,0.206237793,0.82421875,0.125,-0.44921875,-6.6875,7.1015625,1.2890625,-0.287109375,0.2890625,-0.158203125
3100,30960790,31260790,0.568481445,-0.334411621,-0.722595215,0.20703125,0.5859375,0.18359375,-0.6484375,-6.71875,7.078125,1.296875,-0.287109375,0.2890625,-0.158203125
3101,30974818,31274818,0.569763184,-0.332519531,-0.722229004,0.207824707,0.5859375,0.18359375,-0.6484375,-6.71875,7.078125,1.296875,-0.3125,0.380859375,-0.185546875
3102,30980246,31280246,0.571228027,-0.33026123,-0.721862793,0.208740234,0.3125,0.1796875,-0.6015625,-6.75,7.046875,1.2890625,-0.3125,0.380859375,-0.185546875
3103,30995488,31295488,0.572753906,-0.327941895,-0.721435547,0.209716797,0.3125,0.1796875,-0.6015625,-6.75,7.046875,1.2890625,-0.376953125,0.4609375,-0.216796875
3104,31004606,31304606,0.574401855,-0.325439453,-0.720947266,0.21081543,0.265625,0.1015625,-0.5078125,-6.78125,7.0078125,1.2734375,-0.376953125,0.4609375,-0.216796875
3105,31013799,31313799,0.576293945,-0.322509766,-0.720336914,0.212097168,0.265625,0.1015625,-0.5078125,-6.78125,7.0078125,1.2734375,-0.455078125,0.55859375,-0.25
3106,31024552,31324552,0.578369141,-0.319335938,-0.719665527,0.213562012,-0.0390625,0.21875,-0.4921875,-6.8203125,6.96875,1.2578125,-0.455078125,0.55859375,-0.25
3107,31033532,31333532,0.580566406,-0.315979004,-0.718933105,0.215209961,-0.0390625,0.21875,-0.4921875,-6.8203125,6.96875,1.2578125,-0.5625,0.677734375,-0.265625
3108,31040442,31340442,0.582763672,-0.31237793,-0.718078613,0.217041016,0.0546875,0.1875,-0.44921875,-6.875,6.921875,1.25,-0.5625,0.677734375,-0.265625
3109,31054787,31354787,0.584899902,-0.308776855,-0.717285156,0.219055176,0.0546875,0.1875,-0.44921875,-6.875,6.921875,1.25,-0.615234375,0.673828125,-0.212890625
3110,31061615,31361615,0.586975098,-0.305236816,-0.716552734,0.221130371,0.22265625,0.359375,-0.31640625,-6.9296875,6.8671875,1.234375,-0.615234375,0.673828125,-0.212890625
3111,31075545,31375545,0.588928223,-0.301696777,-0.715759277,0.223327637,0.22265625,0.359375,-0.31640625,-6.9296875,6.8671875,1.234375,-0.634765625,0.669921875,-0.185546875
3112,31084628,31384628,0.590820312,-0.298217773,-0.71496582,0.225524902,0.30078125,0.43359375,-0.00390625,-6.96875,6.828125,1.2265625,-0.634765625,0.669921875,-0.185546875
3113,31093475,31393475,0.592956543,-0.294128418,-0.713989258,0.228210449,0.30078125,0.43359375,-0.00390625,-6.96875,6.828125,1.2265625,-0.7421875,0.7734375,-0.162109375
3114,31103940,31403940,0.595214844,-0.290039062,-0.712890625,0.231140137,0.33984375,0.734375,-0.0703125,-7.0078125,6.796875,1.21875,-0.7421875,0.7734375,-0.162109375
3115,31115243,31415243,0.597595215,-0.285766602,-0.711608887,0.23425293,0.33984375,0.734375,-0.0703125,-7.0078125,6.796875,1.21875,-0.8046875,0.8984375,-0.138671875
3116,31120293,31420293,0.599975586,-0.281616211,-0.710205078,0.237365723,0.2265625,0.66796875,-0.40234375,-7.046875,6.75,1.203125,-0.8046875,0.8984375,-0.138671875
3117,31135598,31435598,0.602600098,-0.277099609,-0.708496094,0.241027832,0.2265625,0.66796875,-0.40234375,-7.046875,6.75,1.203125,-0.830078125,0.984375,-0.05859375
3118,31142521,31442521,0.605163574,-0.272888184,-0.706726074,0.244628906,0.45703125,0.515625,-0.4921875,-7.0859375,6.7109375,1.1796875,-0.830078125,0.984375,-0.05859375
3119,31155767,31455767,0.607849121,-0.268310547,-0.704772949,0.248657227,0.45703125,0.515625,-0.4921875,-7.0859375,6.7109375,1.1796875,-0.873046875,1.05078125,-0.025390625
3120,31163526,31463526,0.610412598,-0.264038086,-0.702758789,0.252563477,0.7109375,0.33984375,-0.60546875,-7.109375,6.6953125,1.140625,-0.873046875,1.05078125,-0.025390625
3121,31172958,31472958,0.613220215,-0.259460449,-0.700500488,0.256835938,0.7109375,0.33984375,-0.60546875,-7.109375,6.6953125,1.140625,-0.8671875,1.08203125,0.02734375
3122,31181098,31481098,0.615722656,-0.255432129,-0.698303223,0.260803223,0.54296875,0.32421875,-0.8359375,-7.1328125,6.671875,1.1015625,-0.8671875,1.08203125,0.02734375
3123,31195614,31495614,0.618469238,-0.251159668,-0.695800781,0.265136719,0.54296875,0.32421875,-0.8359375,-7.1328125,6.671875,1.1015625,-0.830078125,1.1171875,0.095703125
3124,31199211,31499211,0.621032715,-0.247253418,-0.69329834,0.269348145,0.40625,0.33203125,-0.796875,-7.1484375,6.6640625,1.0625,-0.830078125,1.1171875,0.095703125
3125,31215021,31515021,0.623840332,-0.243286133,-0.690368652,0.273864746,0.40625,0.33203125,-0.796875,-7.1484375,6.6640625,1.0625,-0.759765625,1.15429688,0.150390625
3126,31221837,31521837,0.62677002,-0.239440918,-0.687316895,0.278320312,0.59765625,0.33203125,-1.00390625,-7.1484375,6.6640625,1,-0.759765625,1.15429688,0.150390625
3127,31235384,31535384,0.629577637,-0.235961914,-0.684204102,0.282592773,0.59765625,0.33203125,-1.00390625,-7.1484375,6.6640625,1,-0.703125,1.20703125,0.18359375
3128,31244000,31544000,0.632446289,-0.232727051,-0.681030273,0.286437988,0.75,0.27734375,-1.0078125,-7.1484375,6.6796875,0.9296875,-0.703125,1.20703125,0.18359375
3129,31255208,31555208,0.635559082,-0.229736328,-0.677612305,0.290161133,0.75,0.27734375,-1.0078125,-7.1484375,6.6796875,0.9296875,-0.45703125,1.1484375,0.171875
3130,31261939,31561939,0.63848877,-0.227355957,-0.674316406,0.293212891,0.28125,-0.46484375,-0.9140625,-7.140625,6.6953125,0.8359375,-0.45703125,1.1484375,0.171875
3131,31275515,31575515,0.641418457,-0.225402832,-0.670837402,0.296142578,0.28125,-0.46484375,-0.9140625,-7.140625,6.6953125,0.8359375,-0.248046875,1.02929688,0.197265625
3132,31279246,31579246,0.644165039,-0.223815918,-0.667663574,0.298522949,0.04296875,-0.453125,-0.765625,-7.1328125,6.71875,0.7265625,-0.248046875,1.02929688,0.197265625
3133,31295303,31595303,0.647033691,-0.222229004,-0.664306641,0.301086426,0.04296875,-0.453125,-0.765625,-7.1328125,6.71875,0.7265625,-0.220703125,0.970703125,0.212890625
3134,31301610,31601610,0.649475098,-0.220703125,-0.661254883,0.303649902,-0.2109375,-0.21484375,-0.3046875,-7.109375,6.75,0.609375,-0.220703125,0.970703125,0.212890625
3135,31315160,31615160,0.651855469,-0.21875,-0.65814209,0.306762695,-0.2109375,-0.21484375,-0.3046875,-7.109375,6.75,0.609375,-0.41796875,0.951171875,0.24609375
3136,31323648,31623648,0.653930664,-0.21673584,-0.655212402,0.309997559,0.00390625,-0.046875,-0.13671875,-7.09375,6.7734375,0.515625,-0.41796875,0.951171875,0.24609375
3137,31335038,31635038,0.656005859,-0.214416504,-0.652099609,0.313720703,0.00390625,-0.046875,-0.13671875,-7.09375,6.7734375,0.515625,-0.541015625,0.98046875,0.28515625
3138,31341777,31641777,0.658325195,-0.211914062,-0.648742676,0.317626953,0.01171875,0.10546875,0.2890625,-7.0625,6.8125,0.4375,-0.541015625,0.98046875,0.28515625
3139,31356707,31656707,0.660766602,-0.209350586,-0.645202637,0.321350098,0.01171875,0.10546875,0.2890625,-7.0625,6.8125,0.4375,-0.529296875,1.19335938,0.255859375
3140,31360451,31660451,0.663635254,-0.206481934,-0.641357422,0.325012207,-0.2109375,0.06640625,0.17578125,-7.03125,6.8515625,0.359375,-0.529296875,1.19335938,0.255859375
3141,31375866,31675866,0.666870117,-0.203369141,-0.637145996,0.328613281,-0.2109375,0.06640625,0.17578125,-7.03125,6.8515625,0.359375,-0.427734375,1.26953125,0.158203125
3142,31383350,31683350,0.66986084,-0.200744629,-0.633300781,0.331604004,-0.73046875,0.05078125,-0.48046875,-7.0078125,6.8671875,0.25,-0.427734375,1.26953125,0.158203125
3143,31396111,31696111,0.672912598,-0.198059082,-0.629333496,0.334594727,-0.73046875,0.05078125,-0.48046875,-7.0078125,6.8671875,0.25,-0.345703125,1.1328125,0.158203125
3144,31404770,31704770,0.675598145,-0.195922852,-0.625732422,0.337158203,-0.36328125,-0.1640625,-0.47265625,-6.9921875,6.890625,0.125,-0.345703125,1.1328125,0.158203125
3145,31414651,31714651,0.678344727,-0.193908691,-0.622009277,0.339599609,-0.36328125,-0.1640625,-0.47265625,-6.9921875,6.890625,0.125,-0.234375,1.01171875,0.185546875
3146,31420118,31720118,0.680908203,-0.192138672,-0.618408203,0.342102051,-0.3125,-0.265625,0.13671875,-6.96875,6.9140625,0.015625,-0.234375,1.01171875,0.185546875
3147,31435409,31735409,0.683349609,-0.190368652,-0.614807129,0.344665527,-0.3125,-0.265625,0.13671875,-6.96875,6.9140625,0.015625,-0.265625,1.02929688,0.244140625
3148,31441527,31741527,0.685668945,-0.188720703,-0.611206055,0.347290039,-0.3828125,-0.296875,0.51171875,-6.9375,6.9453125,-0.09375,-0.265625,1.02929688,0.244140625
3149,31455114,31755114,0.687988281,-0.186950684,-0.607421875,0.350280762,-0.3828125,-0.296875,0.51171875,-6.9375,6.9453125,-0.09375,-0.33984375,0.974609375,0.310546875
3150,31461111,31761111,0.690002441,-0.18536377,-0.603820801,0.353393555,-0.2265625,-0.1796875,0.109375,-6.8984375,6.984375,-0.1875,-0.33984375,0.974609375,0.310546875
3151,31475221,31775221,0.691772461,-0.184143066,-0.600585938,0.356079102,-0.2265625,-0.1796875,0.109375,-6.8984375,6.984375,-0.1875,-0.25,0.841796875,0.30859375
3152,31483142,31783142,0.693603516,-0.183105469,-0.59753418,0.358215332,-0.58984375,-0.03515625,0.34765625,-6.84375,7.03125,-0.2734375,-0.25,0.841796875,0.30859375
3153,31495408,31795408,0.695739746,-0.182250977,-0.594360352,0.359863281,-0.58984375,-0.03515625,0.34765625,-6.84375,7.03125,-0.2734375,-0.0078125,0.763671875,0.1796875
3154,31501521,31801521,0.697753906,-0.181518555,-0.591552734,0.360900879,-0.7890625,-0.53515625,0.2890625,-6.796875,7.0703125,-0.3671875,-0.0078125,0.763671875,0.1796875
3155,31514445,31814445,0.700012207,-0.180664062,-0.588623047,0.361694336,-0.7890625,-0.53515625,0.2890625,-6.796875,7.0703125,-0.3671875,0.03125,0.7265625,0.072265625
3156,31521784,31821784,0.702087402,-0.179626465,-0.5859375,0.362548828,-0.890625,-0.6640625,0.24609375,-6.7734375,7.0859375,-0.4765625,0.03125,0.7265625,0.072265625
3157,31535362,31835362,0.704040527,-0.178405762,-0.583374023,0.363464355,-0.890625,-0.6640625,0.24609375,-6.7734375,7.0859375,-0.4765625,-0.080078125,0.71484375,0.05078125
3158,31541511,31841511,0.705810547,-0.177124023,-0.580993652,0.364624023,-0.63671875,-0.3671875,0.1484375,-6.7578125,7.09375,-0.5703125,-0.080078125,0.71484375,0.05078125
3159,31554036,31854036,0.707336426,-0.175842285,-0.578674316,0.365905762,-0.63671875,-0.3671875,0.1484375,-6.7578125,7.09375,-0.5703125,-0.154296875,0.595703125,0.08984375
3160,31562508,31862508,0.708557129,-0.174804688,-0.576660156,0.3671875,-0.65234375,-0.18359375,0.484375,-6.7421875,7.1015625,-0.640625,-0.154296875,0.595703125,0.08984375
3161,31573304,31873304,0.709655762,-0.17401123,-0.574829102,0.368408203,-0.65234375,-0.18359375,0.484375,-6.7421875,7.1015625,-0.640625,-0.09765625,0.408203125,0.1171875
3162,31583492,31883492,0.710449219,-0.17364502,-0.573425293,0.369140625,-1.28125,-0.54296875,1,-6.7265625,7.1171875,-0.6953125,-0.09765625,0.408203125,0.1171875
3163,31594298,31894298,0.710998535,-0.173828125,-0.572631836,0.36920166,-1.28125,-0.54296875,1,-6.7265625,7.1171875,-0.6953125,0.1171875,0.083984375,0.04296875
3164,31601602,31901602,0.711425781,-0.174133301,-0.572265625,0.368835449,-1.44921875,-0.828125,1.4609375,-6.7109375,7.1328125,-0.734375,0.1171875,0.083984375,0.04296875
3165,31614781,31914781,0.711669922,-0.174255371,-0.572143555,0.368469238,-1.44921875,-0.828125,1.4609375,-6.7109375,7.1328125,-0.734375,0.0625,0.013671875,-0.05078125
3166,31620111,31920111,0.711791992,-0.174194336,-0.57220459,0.368225098,-0.80078125,-0.55078125,1.33203125,-6.7109375,7.125,-0.7578125,0.0625,0.013671875,-0.05078125
3167,31634227,31934227,0.711791992,-0.173950195,-0.572387695,0.368041992,-0.80078125,-0.55078125,1.33203125,-6.7109375,7.125,-0.7578125,-0.0234375,-0.0390625,-0.0859375
3168,31642187,31942187,0.711669922,-0.173706055,-0.572814941,0.367736816,-0.828125,-0.3125,0.9453125,-6.71875,7.1171875,-0.7578125,-0.0234375,-0.0390625,-0.0859375
3169,31656298,31956298,0.711364746,-0.173583984,-0.573486328,0.36730957,-0.828125,-0.3125,0.9453125,-6.71875,7.1171875,-0.7578125,-0.001953125,-0.181640625,-0.125
3170,31662646,31962646,0.710876465,-0.173522949,-0.574462891,0.366760254,-0.890625,-0.6796875,0.921875,-6.734375,7.1015625,-0.734375,-0.001953125,-0.181640625,-0.125
3171,31674906,31974906,0.710144043,-0.17376709,-0.575805664,0.366027832,-0.890625,-0.6796875,0.921875,-6.734375,7.1015625,-0.734375,0.0390625,-0.34375,-0.12890625
3172,31681353,31981353,0.709289551,-0.174133301,-0.577331543,0.365112305,-0.9375,-0.89453125,0.890625,-6.765625,7.0859375,-0.703125,0.0390625,-0.34375,-0.12890625
3173,31695559,31995559,0.708251953,-0.174865723,-0.578979492,0.364074707,-0.9375,-0.89453125,0.890625,-6.765625,7.0859375,-0.703125,0.111328125,-0.462890625,-0.10546875
3174,31702643,32002643,0.707275391,-0.175720215,-0.580688477,0.362915039,-0.8359375,-0.765625,0.80859375,-6.7890625,7.0703125,-0.65625,0.111328125,-0.462890625,-0.10546875
3175,31714785,32014785,0.706054688,-0.177001953,-0.582641602,0.361450195,-0.8359375,-0.765625,0.80859375,-6.7890625,7.0703125,-0.65625,0.234375,-0.5703125,-0.099609375
3176,31723624,32023624,0.70489502,-0.178527832,-0.584777832,0.359619141,-0.890625,-0.703125,0.4453125,-6.8125,7.046875,-0.6015625,0.234375,-0.5703125,-0.099609375
3177,31733935,32033935,0.703674316,-0.180358887,-0.586975098,0.35748291,-0.890625,-0.703125,0.4453125,-6.8125,7.046875,-0.6015625,0.373046875,-0.7109375,-0.123046875
3178,31743220,32043220,0.702270508,-0.182434082,-0.589538574,0.355041504,-0.90234375,-0.49609375,0.28515625,-6.8359375,7.03125,-0.5546875,0.373046875,-0.7109375,-0.123046875
3179,31754525,32054525,0.700683594,-0.184509277,-0.592285156,0.352416992,-0.90234375,-0.49609375,0.28515625,-6.8359375,7.03125,-0.5546875,0.400390625,-0.861328125,-0.158203125
3180,31760500,32060500,0.698852539,-0.186706543,-0.595397949,0.349731445,-0.796875,-0.00390625,0.23046875,-6.8671875,7,-0.5,0.400390625,-0.861328125,-0.158203125
3181,31773468,32073468,0.696838379,-0.188781738,-0.598693848,0.346923828,-0.796875,-0.00390625,0.23046875,-6.8671875,7,-0.5,0.369140625,-0.994140625,-0.20703125
3182,31784291,32084291,0.694580078,-0.190856934,-0.602294922,0.344116211,-0.8046875,0.1796875,0.42578125,-6.8984375,6.96875,-0.4296875,0.369140625,-0.994140625,-0.20703125
3183,31795068,32095068,0.692077637,-0.192749023,-0.606201172,0.341186523,-0.8046875,0.1796875,0.42578125,-6.8984375,6.96875,-0.4296875,0.287109375,-1.09375,-0.263671875
3184,31804245,32104245,0.68939209,-0.194580078,-0.610229492,0.338317871,-0.7109375,-0.01953125,0.625,-6.953125,6.9375,-0.3203125,0.287109375,-1.09375,-0.263671875
3185,31814478,32114478,0.686706543,-0.196289062,-0.614257812,0.335571289,-0.7109375,-0.01953125,0.625,-6.953125,6.9375,-0.3203125,0.234375,-1.14648438,-0.283203125
3186,31820108,32120108,0.683654785,-0.197814941,-0.618591309,0.332885742,-0.6328125,-0.125,0.62109375,-6.9921875,6.890625,-0.203125,0.234375,-1.14648438,-0.283203125
3187,31834042,32134042,0.680358887,-0.19909668,-0.623046875,0.330566406,-0.6328125,-0.125,0.62109375,-6.9921875,6.890625,-0.203125,0.02734375,-1.20507812,-0.29296875
3188,31840958,32140958,0.677062988,-0.200195312,-0.627502441,0.328308105,-0.28125,0.19140625,0.7421875,-7.0390625,6.84375,-0.0546875,0.02734375,-1.20507812,-0.29296875
3189,31852738,32152738,0.673828125,-0.20123291,-0.631652832,0.32623291,-0.28125,0.19140625,0.7421875,-7.0390625,6.84375,-0.0546875,0.03125,-1.09179688,-0.251953125
3190,31864303,32164303,0.670959473,-0.202209473,-0.635437012,0.32421875,0.1796875,0.10546875,0.15625,-7.078125,6.8125,0.109375,0.03125,-1.09179688,-0.251953125
3191,31873904,32173904,0.668395996,-0.20324707,-0.639038086,0.321899414,0.1796875,0.10546875,0.15625,-7.078125,6.8125,0.109375,0.158203125,-0.888671875,-0.283203125
3192,31882604,32182604,0.66607666,-0.204223633,-0.642272949,0.319580078,-0.046875,0.15234375,-0.62890625,-7.1171875,6.765625,0.2421875,0.158203125,-0.888671875,-0.283203125
3193,31894091,32194091,0.663574219,-0.20526123,-0.645629883,0.317321777,-0.046875,0.15234375,-0.62890625,-7.1171875,6.765625,0.2421875,0.1328125,-0.966796875,-0.248046875
3194,31900227,32200227,0.660949707,-0.206542969,-0.648986816,0.315063477,-0.1328125,0.0703125,-0.890625,-7.1484375,6.734375,0.3515625,0.1328125,-0.966796875,-0.248046875
3195,31915452,32215452,0.658203125,-0.208312988,-0.652587891,0.312194824,-0.1328125,0.0703125,-0.890625,-7.1484375,6.734375,0.3515625,0.341796875,-1.04882812,-0.240234375
3196,31919183,32219183,0.655761719,-0.210327148,-0.655883789,0.309143066,0.3125,-0.20703125,-0.5390625,-7.171875,6.703125,0.4609375,0.341796875,-1.04882812,-0.240234375
3197,31932715,32232715,0.653442383,-0.21270752,-0.658996582,0.305847168,0.3125,-0.20703125,-0.5390625,-7.171875,6.703125,0.4609375,0.474609375,-0.93359375,-0.193359375
3198,31942728,32242728,0.651428223,-0.21496582,-0.661560059,0.302856445,0.4609375,-0.21484375,-0.55859375,-7.203125,6.671875,0.5546875,0.474609375,-0.93359375,-0.193359375
3199,31953634,32253634,0.649414062,-0.217407227,-0.66418457,0.299682617,0.4609375,-0.21484375,-0.55859375,-7.203125,6.671875,0.5546875,0.48828125,-0.83203125,-0.169921875
3200,31962609,32262609,0.647644043,-0.219787598,-0.666564941,0.296569824,0.20703125,-0.11328125,-0.65625,-7.21875,6.6484375,0.6171875,0.48828125,-0.83203125,-0.169921875
3201,31975333,32275333,0.645935059,-0.222290039,-0.668823242,0.293395996,0.20703125,-0.11328125,-0.65625,-7.21875,6.6484375,0.6171875,0.58203125,-0.8203125,-0.1484375
3202,31981759,32281759,0.644165039,-0.225219727,-0.671081543,0.289855957,0.0234375,-0.2890625,-0.90234375,-7.2265625,6.6328125,0.671875,0.58203125,-0.8203125,-0.1484375
3203,31993609,32293609,0.64239502,-0.228271484,-0.673156738,0.286437988,0.0234375,-0.2890625,-0.90234375,-7.2265625,6.6328125,0.671875,0.671875,-0.8515625,-0.1015625
3204,32000923,32300923,0.640625,-0.231262207,-0.675231934,0.283081055,0.14453125,0.1875,-0.58984375,-7.234375,6.6171875,0.703125,0.671875,-0.8515625,-0.1015625
3205,32014423,32314423,0.638977051,-0.233886719,-0.677185059,0.280090332,0.14453125,0.1875,-0.58984375,-7.234375,6.6171875,0.703125,0.53125,-0.724609375,-0.103515625
3206,32022009,32322009,0.637390137,-0.23614502,-0.679016113,0.277404785,0.60546875,0.5390625,-0.4375,-7.234375,6.609375,0.7421875,0.53125,-0.724609375,-0.103515625
3207,32034262,32334262,0.635986328,-0.237854004,-0.680664062,0.275024414,0.60546875,0.5390625,-0.4375,-7.234375,6.609375,0.7421875,0.35546875,-0.591796875,-0.12109375
3208,32043619,32343619,0.634643555,-0.239440918,-0.682250977,0.272766113,0.30859375,0.203125,-0.70703125,-7.2421875,6.6015625,0.78125,0.35546875,-0.591796875,-0.12109375
3209,32055165,32355165,0.633361816,-0.241088867,-0.683898926,0.270263672,0.30859375,0.203125,-0.70703125,-7.2421875,6.6015625,0.78125,0.41796875,-0.560546875,-0.1796875
3210,32060262,32360262,0.632385254,-0.242675781,-0.685302734,0.267578125,0.0859375,0.02734375,-0.73828125,-7.25,6.5859375,0.8125,0.41796875,-0.560546875,-0.1796875
3211,32074020,32374020,0.631530762,-0.244384766,-0.686584473,0.264648438,0.0859375,0.02734375,-0.73828125,-7.25,6.5859375,0.8125,0.521484375,-0.4921875,-0.212890625
3212,32079995,32379995,0.63079834,-0.246276855,-0.687744141,0.26159668,-0.015625,-0.11328125,-0.640625,-7.265625,6.5703125,0.828125,0.521484375,-0.4921875,-0.212890625
3213,32093185,32393185,0.630126953,-0.248413086,-0.688781738,0.258422852,-0.015625,-0.11328125,-0.640625,-7.265625,6.5703125,0.828125,0.6484375,-0.505859375,-0.169921875
3214,32103246,32403246,0.629333496,-0.250915527,-0.689819336,0.255126953,0.19140625,0.02734375,-0.75390625,-7.28125,6.546875,0.828125,0.6484375,-0.505859375,-0.169921875
3215,32114129,32414129,0.628417969,-0.253662109,-0.690856934,0.25177002,0.19140625,0.02734375,-0.75390625,-7.28125,6.546875,0.828125,0.724609375,-0.580078125,-0.109375
3216,32122630,32422630,0.627502441,-0.256469727,-0.691894531,0.248596191,0.20703125,0.08203125,-0.625,-7.296875,6.53125,0.8125,0.724609375,-0.580078125,-0.109375
3217,32134439,32434439,0.626403809,-0.259399414,-0.692932129,0.245422363,0.20703125,0.08203125,-0.625,-7.296875,6.53125,0.8125,0.666015625,-0.568359375,-0.048828125
3218,32140230,32440230,0.625366211,-0.262145996,-0.693786621,0.242553711,0.4765625,0.42578125,-0.26953125,-7.296875,6.53125,0.8046875,0.666015625,-0.568359375,-0.048828125
3219,32153435,32453435,0.624511719,-0.264648438,-0.694458008,0.240234375,0.4765625,0.42578125,-0.26953125,-7.296875,6.53125,0.8046875,0.5234375,-0.4140625,0.0234375
3220,32160924,32460924,0.623596191,-0.266906738,-0.695068359,0.238220215,0.3984375,0.5703125,-0.078125,-7.296875,6.5390625,0.8046875,0.5234375,-0.4140625,0.0234375
3221,32174450,32474450,0.622741699,-0.269042969,-0.695678711,0.236328125,0.3984375,0.5703125,-0.078125,-7.296875,6.5390625,0.8046875,0.46484375,-0.40625,0.01953125
3222,32180233,32480233,0.621826172,-0.271179199,-0.696350098,0.234313965,0.15625,0.5546875,-0.22265625,-7.28125,6.5546875,0.796875,0.46484375,-0.40625,0.01953125
3223,32193104,32493104,0.621032715,-0.273376465,-0.696899414,0.23223877,0.15625,0.5546875,-0.22265625,-7.28125,6.5546875,0.796875,0.5078125,-0.39453125,0
3224,32208233,32508233,0.620239258,-0.275512695,-0.69744873,0.230163574,0.0703125,0.36328125,-0.25390625,-7.2734375,6.5546875,0.7890625,0.5078125,-0.39453125,0
3225,32220745,32520745,0.619567871,-0.277526855,-0.697875977,0.228271484,0.0703125,0.36328125,-0.25390625,-7.2734375,6.5546875,0.7890625,0.458984375,-0.333984375,0.015625
3226,32226400,32526400,0.618896484,-0.279541016,-0.698242188,0.2265625,0.140625,0.1171875,-0.171875,-7.265625,6.5703125,0.78125,0.458984375,-0.333984375,0.015625
3227,32234173,32534173,0.618225098,-0.281311035,-0.698608398,0.225097656,0.140625,0.1171875,-0.171875,-7.265625,6.5703125,0.78125,0.359375,-0.294921875,0.0390625
3228,32240143,32540143,0.617492676,-0.28302002,-0.698913574,0.223754883,0.09375,-0.05078125,-0.19921875,-7.2578125,6.5859375,0.7734375,0.359375,-0.294921875,0.0390625
3229,32253681,32553681,0.616882324,-0.284667969,-0.69921875,0.222595215,0.09375,-0.05078125,-0.19921875,-7.2578125,6.5859375,0.7734375,0.359375,-0.263671875,0.078125
3230,32261863,32561863,0.616210938,-0.286499023,-0.699401855,0.221313477,-0.078125,-0.05859375,-0.26953125,-7.2421875,6.59375,0.765625,0.359375,-0.263671875,0.078125
3231,32274456,32574456,0.615661621,-0.288330078,-0.699645996,0.219970703,-0.078125,-0.05859375,-0.26953125,-7.2421875,6.59375,0.765625,0.373046875,-0.24609375,0.064453125
3232,32283996,32583996,0.61505127,-0.290100098,-0.699829102,0.218688965,0.18359375,0.078125,-0.140625,-7.234375,6.609375,0.75,0.373046875,-0.24609375,0.064453125
3233,32297634,32597634,0.614257812,-0.291870117,-0.700195312,0.217346191,0.18359375,0.078125,-0.140625,-7.234375,6.609375,0.75,0.3515625,-0.341796875,0.052734375
3234,32301770,32601770,0.61340332,-0.293457031,-0.700683594,0.216003418,0.0546875,0.59375,-0.0625,-7.21875,6.6328125,0.75,0.3515625,-0.341796875,0.052734375
3235,32313352,32613352,0.612426758,-0.294921875,-0.70135498,0.21472168,0.0546875,0.59375,-0.0625,-7.21875,6.6328125,0.75,0.240234375,-0.322265625,0.025390625
3236,32322143,32622143,0.61151123,-0.296020508,-0.701965332,0.213745117,0.3125,0.62109375,0.234375,-7.2109375,6.640625,0.7578125,0.240234375,-0.322265625,0.025390625
3237,32339473,32639473,0.610595703,-0.296813965,-0.702697754,0.212890625,0.3125,0.62109375,0.234375,-7.2109375,6.640625,0.7578125,0.1171875,-0.291015625,0.0078125
3238,32344398,32644398,0.609741211,-0.297485352,-0.703369141,0.212219238,0.34375,0.125,-0.0859375,-7.203125,6.640625,0.7734375,0.1171875,-0.291015625,0.0078125
3239,32356786,32656786,0.609008789,-0.298034668,-0.703918457,0.211608887,0.34375,0.125,-0.0859375,-7.203125,6.640625,0.7734375,0.076171875,-0.208984375,0.00390625
3240,32365516,32665516,0.608398438,-0.298461914,-0.704406738,0.211181641,0.26171875,-0.15234375,-0.078125,-7.1953125,6.6484375,0.8046875,0.076171875,-0.208984375,0.00390625
3241,32376690,32676690,0.607788086,-0.29888916,-0.704833984,0.21081543,0.26171875,-0.15234375,-0.078125,-7.1953125,6.6484375,0.8046875,0.056640625,-0.169921875,0.0234375
3242,32380305,32680305,0.60723877,-0.299316406,-0.70526123,0.210449219,0.22265625,-0.03515625,-0.32421875,-7.1953125,6.6484375,0.8203125,0.056640625,-0.169921875,0.0234375
3243,32395924,32695924,0.606689453,-0.299621582,-0.705688477,0.210083008,0.22265625,-0.03515625,-0.32421875,-7.1953125,6.6484375,0.8203125,0.03515625,-0.14453125,0.00390625
3244,32400721,32700721,0.606262207,-0.299865723,-0.706054688,0.209777832,0.2890625,0.1953125,-0.1875,-7.1875,6.6484375,0.8359375,0.03515625,-0.14453125,0.00390625
3245,32413693,32713693,0.605834961,-0.299987793,-0.706420898,0.209472656,0.2890625,0.1953125,-0.1875,-7.1875,6.6484375,0.8359375,0.01171875,-0.1171875,-0.017578125
3246,32420122,32720122,0.605529785,-0.300048828,-0.706787109,0.209228516,0.25390625,0.1953125,-0.0859375,-7.1875,6.6484375,0.8515625,0.01171875,-0.1171875,-0.017578125
3247,32434148,32734148,0.605285645,-0.299865723,-0.707092285,0.20916748,0.25390625,0.1953125,-0.0859375,-7.1875,6.6484375,0.8515625,-0.052734375,-0.05078125,-0.03515625
3248,32447034,32747034,0.605163574,-0.299560547,-0.707336426,0.20916748,0.21484375,0.1171875,0.01953125,-7.1875,6.6484375,0.859375,-0.052734375,-0.05078125,-0.03515625
3249,32457515,32757515,0.605163574,-0.299194336,-0.707458496,0.209289551,0.21484375,0.1171875,0.01953125,-7.1875,6.6484375,0.859375,-0.083984375,0.01953125,-0.02734375
3250,32461458,32761458,0.605163574,-0.29876709,-0.707519531,0.209533691,0.0703125,0.0390625,-0.2265625,-7.1953125,6.6484375,0.875,-0.083984375,0.01953125,-0.02734375
3251,32475886,32775886,0.605285645,-0.298156738,-0.707580566,0.209899902,0.0703125,0.0390625,-0.2265625,-7.1953125,6.6484375,0.875,-0.13671875,0.06640625,-0.02734375
3252,32479485,32779485,0.605407715,-0.297485352,-0.707580566,0.210388184,0.14453125,0.23828125,-0.1953125,-7.1953125,6.640625,0.8828125,-0.13671875,0.06640625,-0.02734375
3253,32493636,32793636,0.605651855,-0.29675293,-0.707519531,0.21105957,0.14453125,0.23828125,-0.1953125,-7.1953125,6.640625,0.8828125,-0.181640625,0.125,0.00390625
3254,32502971,32802971,0.605957031,-0.295898438,-0.707336426,0.211975098,0.4609375,0.40234375,-0.125,-7.203125,6.6328125,0.890625,-0.181640625,0.125,0.00390625
3255,32514947,32814947,0.606262207,-0.294921875,-0.707092285,0.213134766,0.4609375,0.40234375,-0.125,-7.203125,6.6328125,0.890625,-0.26953125,0.212890625,0.05078125
3256,32527725,32827725,0.606689453,-0.293884277,-0.706787109,0.214538574,0.49609375,0.40234375,-0.05859375,-7.203125,6.6328125,0.8984375,-0.26953125,0.212890625,0.05078125
3257,32538411,32838411,0.607116699,-0.292602539,-0.706359863,0.216369629,0.49609375,0.40234375,-0.05859375,-7.203125,6.6328125,0.8984375,-0.384765625,0.2890625,0.11328125
3258,32542554,32842554,0.60760498,-0.291137695,-0.705871582,0.218566895,0.48046875,0.28515625,-0.09765625,-7.1875,6.6328125,0.8984375,-0.384765625,0.2890625,0.11328125
3259,32556127,32856127,0.608215332,-0.289672852,-0.705200195,0.221130371,0.48046875,0.28515625,-0.09765625,-7.1875,6.6328125,0.8984375,-0.482421875,0.423828125,0.19140625
3260,32559865,32859865,0.608947754,-0.288024902,-0.704345703,0.223876953,0.58203125,0.22265625,-0.09765625,-7.171875,6.65625,0.8984375,-0.482421875,0.423828125,0.19140625
3261,32573087,32873087,0.609863281,-0.286132812,-0.70324707,0.227111816,0.58203125,0.22265625,-0.09765625,-7.171875,6.65625,0.8984375,-0.55859375,0.546875,0.212890625
3262,32582537,32882537,0.610900879,-0.284118652,-0.702087402,0.23046875,0.4140625,0.27734375,-0.2578125,-7.15625,6.6796875,0.90625,-0.55859375,0.546875,0.212890625
3263,32596086,32896086,0.611999512,-0.282043457,-0.700866699,0.233886719,0.4140625,0.27734375,-0.2578125,-7.15625,6.6796875,0.90625,-0.609375,0.619140625,0.220703125
3264,32604448,32904448,0.61315918,-0.279846191,-0.699523926,0.237365723,0.3515625,0.375,-0.43359375,-7.1328125,6.6953125,0.890625,-0.609375,0.619140625,0.220703125
3265,32618042,32918042,0.614440918,-0.277404785,-0.698059082,0.241333008,0.3515625,0.375,-0.43359375,-7.1328125,6.6953125,0.890625,-0.7109375,0.689453125,0.26953125
3266,32622160,32922160,0.615661621,-0.274780273,-0.696533203,0.245544434,0.52734375,0.5078125,-0.43359375,-7.1171875,6.71875,0.890625,-0.7109375,0.689453125,0.26953125
3267,32636480,32936480,0.617126465,-0.272033691,-0.694763184,0.249816895,0.52734375,0.5078125,-0.43359375,-7.1171875,6.71875,0.890625,-0.72265625,0.802734375,0.2421875
3268,32640216,32940216,0.618652344,-0.269470215,-0.692993164,0.253723145,0.45703125,0.3984375,-0.609375,-7.0859375,6.75,0.875,-0.72265625,0.802734375,0.2421875
3269,32658387,32958387,0.620422363,-0.266662598,-0.690917969,0.258117676,0.45703125,0.3984375,-0.609375,-7.0859375,6.75,0.875,-0.69921875,0.837890625,0.28125
3270,32663263,32963263,0.622070312,-0.263977051,-0.688720703,0.262634277,0.51953125,0.18359375,-0.5859375,-7.0703125,6.7734375,0.8515625,-0.69921875,0.837890625,0.28125
3271,32675084,32975084,0.623718262,-0.261474609,-0.686462402,0.267150879,0.51953125,0.18359375,-0.5859375,-7.0703125,6.7734375,0.8515625,-0.72265625,0.93359375,0.380859375
3272,32683647,32983647,0.625427246,-0.259033203,-0.683959961,0.271911621,0.640625,0.45703125,-0.6015625,-7.0390625,6.8046875,0.828125,-0.72265625,0.93359375,0.380859375
3273,32696995,32996995,0.627502441,-0.256286621,-0.680847168,0.27746582,0.640625,0.45703125,-0.6015625,-7.0390625,6.8046875,0.828125,-0.794921875,1.125,0.498046875
3274,32705531,33005531,0.629516602,-0.253662109,-0.677612305,0.28314209,0.515625,0.5859375,-0.9453125,-6.9921875,6.8671875,0.7890625,-0.794921875,1.125,0.498046875
3275,32715156,33015156,0.631713867,-0.250915527,-0.67401123,0.289245605,0.515625,0.5859375,-0.9453125,-6.9921875,6.8671875,0.7890625,-0.841796875,1.21289062,0.560546875
3276,32719941,33019941,0.633911133,-0.24798584,-0.670410156,0.295410156,0.37890625,0.72265625,-1.12109375,-6.9296875,6.921875,0.734375,-0.841796875,1.21289062,0.560546875
3277,32738275,33038275,0.635803223,-0.245178223,-0.667053223,0.301086426,0.37890625,0.72265625,-1.12109375,-6.9296875,6.921875,0.734375,-0.80859375,1.078125,0.490234375
3278,32742761,33042761,0.637512207,-0.242431641,-0.664001465,0.306518555,0.390625,0.5,-1.265625,-6.8671875,6.9921875,0.6875,-0.80859375,1.078125,0.490234375
3279,32755709,33055709,0.638977051,-0.240112305,-0.661132812,0.311340332,0.390625,0.5,-1.265625,-6.8671875,6.9921875,0.6875,-0.640625,0.890625,0.431640625
3280,32763507,33063507,0.640319824,-0.238464355,-0.658569336,0.315368652,-0.26953125,0.109375,-0.734375,-6.8203125,7.0390625,0.65625,-0.640625,0.890625,0.431640625
3281,32776833,33076833,0.641784668,-0.237182617,-0.655700684,0.319213867,-0.26953125,0.109375,-0.734375,-6.8203125,7.0390625,0.65625,-0.361328125,0.791015625,0.44140625
3282,32780450,33080450,0.643432617,-0.23638916,-0.652770996,0.322509766,-0.015625,-0.14453125,-0.23046875,-6.765625,7.1015625,0.609375,-0.361328125,0.791015625,0.44140625
3283,32795769,33095769,0.645629883,-0.235656738,-0.649230957,0.325866699,-0.015625,-0.14453125,-0.23046875,-6.765625,7.1015625,0.609375,-0.181640625,0.953125,0.46484375
3284,32801993,33101993,0.647888184,-0.234863281,-0.645507812,0.329162598,0.04296875,-0.4375,-0.07421875,-6.7109375,7.1640625,0.53125,-0.181640625,0.953125,0.46484375
3285,32817091,33117091,0.650390625,-0.233825684,-0.641540527,0.332885742,0.04296875,-0.4375,-0.07421875,-6.7109375,7.1640625,0.53125,-0.294921875,1.0703125,0.4765625
3286,32820700,33120700,0.652648926,-0.232666016,-0.637756348,0.336486816,-0.140625,-0.4140625,-0.6171875,-6.640625,7.21875,0.421875,-0.294921875,1.0703125,0.4765625
3287,32835100,33135100,0.654968262,-0.231689453,-0.633850098,0.340026855,-0.140625,-0.4140625,-0.6171875,-6.640625,7.21875,0.421875,-0.20703125,1,0.466796875
3288,32843096,33143096,0.657409668,-0.231201172,-0.629882812,0.342956543,-0.85546875,-0.515625,-0.93359375,-6.578125,7.28125,0.3203125,-0.20703125,1,0.466796875
3289,32857198,33157198,0.659973145,-0.231506348,-0.626159668,0.344665527,-0.85546875,-0.515625,-0.93359375,-6.578125,7.28125,0.3203125,0.30078125,0.79296875,0.3515625
3290,32866426,33166426,0.662475586,-0.23236084,-0.62286377,0.345214844,-1.015625,-0.6875,-0.80078125,-6.53125,7.3359375,0.1875,0.30078125,0.79296875,0.3515625
3291,32875462,33175462,0.664916992,-0.233154297,-0.619812012,0.34552002,-1.015625,-0.6875,-0.80078125,-6.53125,7.3359375,0.1875,0.310546875,0.640625,0.2109375
3292,32880504,33180504,0.667236328,-0.233276367,-0.616882324,0.346191406,-0.56640625,-0.11328125,0.53515625,-6.484375,7.375,0.0390625,0.310546875,0.640625,0.2109375
3293,32896124,33196124,0.669311523,-0.232299805,-0.614379883,0.347290039,-0.56640625,-0.11328125,0.53515625,-6.484375,7.375,0.0390625,-0.095703125,0.779296875,0.046875
3294,32903842,33203842,0.671508789,-0.23046875,-0.611816406,0.348754883,-0.23828125,-0.12890625,0.94140625,-6.46875,7.390625,-0.0625,-0.095703125,0.779296875,0.046875
3295,32915168,33215168,0.67401123,-0.227905273,-0.609008789,0.350646973,-0.23828125,-0.12890625,0.94140625,-6.46875,7.390625,-0.0625,-0.306640625,1.00976562,-0.064453125
3296,32923776,33223776,0.676818848,-0.224853516,-0.605773926,0.352661133,-0.3515625,-0.85546875,0.453125,-6.46875,7.390625,-0.1484375,-0.306640625,1.00976562,-0.064453125
3297,32938560,33238560,0.679443359,-0.222229004,-0.602783203,0.354431152,-0.3515625,-0.85546875,0.453125,-6.46875,7.390625,-0.1484375,-0.2109375,0.962890625,-0.0390625
3298,32943028,33243028,0.681884766,-0.220031738,-0.599914551,0.356018066,-0.58203125,-0.88671875,-0.02734375,-6.46875,7.3828125,-0.2421875,-0.2109375,0.962890625,-0.0390625
3299,32955306,33255306,0.683959961,-0.218322754,-0.597351074,0.357299805,-0.58203125,-0.88671875,-0.02734375,-6.46875,7.3828125,-0.2421875,-0.078125,0.7109375,0.017578125
3300,32960354,33260354,0.685852051,-0.217102051,-0.595153809,0.358215332,-0.78125,-0.46484375,0.36328125,-6.4609375,7.3828125,-0.328125,-0.078125,0.7109375,0.017578125
3301,32977233,33277233,0.687438965,-0.216064453,-0.593200684,0.358947754,-0.78125,-0.46484375,0.36328125,-6.4609375,7.3828125,-0.328125,-0.05859375,0.52734375,0.00390625
3302,32986246,33286246,0.688903809,-0.21484375,-0.591552734,0.359680176,-0.703125,-0.42578125,1.015625,-6.4609375,7.3828125,-0.40625,-0.05859375,0.52734375,0.00390625
3303,32994963,33294963,0.690429688,-0.213439941,-0.590026855,0.360107422,-0.703125,-0.42578125,1.015625,-6.4609375,7.3828125,-0.40625,-0.052734375,0.51953125,-0.140625
3304,33003607,33303607,0.692077637,-0.211730957,-0.588500977,0.360351562,-0.859375,-0.76171875,1.0703125,-6.4609375,7.375,-0.4609375,-0.052734375,0.51953125,-0.140625
3305,33017134,33317134,0.693664551,-0.209777832,-0.587219238,0.360534668,-0.859375,-0.76171875,1.0703125,-6.4609375,7.375,-0.4609375,-0.091796875,0.49609375,-0.240234375
3306,33025242,33325242,0.695129395,-0.207885742,-0.586120605,0.360656738,-0.7890625,-0.6953125,0.51953125,-6.4921875,7.34375,-0.5234375,-0.091796875,0.49609375,-0.240234375
3307,33034952,33334952,0.696594238,-0.205688477,-0.585021973,0.360839844,-0.7890625,-0.6953125,0.51953125,-6.4921875,7.34375,-0.5234375,-0.13671875,0.466796875,-0.263671875
3308,33039985,33339985,0.697937012,-0.203491211,-0.58404541,0.361083984,-0.375,-0.1640625,0.109375,-6.5234375,7.3125,-0.5703125,-0.13671875,0.466796875,-0.263671875
3309,33058650,33358650,0.699157715,-0.20123291,-0.583068848,0.36151123,-0.375,-0.1640625,0.109375,-6.5234375,7.3125,-0.5703125,-0.216796875,0.44140625,-0.240234375
3310,33063715,33363715,0.700256348,-0.198974609,-0.582214355,0.362121582,-0.3046875,0.09765625,0.21484375,-6.5546875,7.28125,-0.6015625,-0.216796875,0.44140625,-0.240234375
3311,33074203,33374203,0.70123291,-0.196655273,-0.581359863,0.362792969,-0.3046875,0.09765625,0.21484375,-6.5546875,7.28125,-0.6015625,-0.26953125,0.40625,-0.216796875
3312,33086968,33386968,0.702087402,-0.194580078,-0.580627441,0.36340332,-0.46484375,-0.0703125,0.39453125,-6.5859375,7.2578125,-0.625,-0.26953125,0.40625,-0.216796875
3313,33097781,33397781,0.702880859,-0.192871094,-0.580078125,0.363647461,-0.46484375,-0.0703125,0.39453125,-6.5859375,7.2578125,-0.625,-0.103515625,0.271484375,-0.20703125
3314,33106861,33406861,0.703674316,-0.191650391,-0.579711914,0.36340332,-0.74609375,-0.46875,0.484375,-6.609375,7.234375,-0.640625,-0.103515625,0.271484375,-0.20703125
3315,33115671,33415671,0.704467773,-0.190795898,-0.579467773,0.362731934,-0.74609375,-0.46875,0.484375,-6.609375,7.234375,-0.640625,0.10546875,0.12890625,-0.220703125
3316,33120717,33420717,0.705200195,-0.190063477,-0.579406738,0.361694336,-0.79296875,-0.359375,0.5078125,-6.640625,7.203125,-0.6640625,0.10546875,0.12890625,-0.220703125
3317,33136654,33436654,0.705749512,-0.18951416,-0.579528809,0.360839844,-0.79296875,-0.359375,0.5078125,-6.640625,7.203125,-0.6640625,0.0703125,0.02734375,-0.22265625
3318,33144904,33444904,0.706054688,-0.188842773,-0.579833984,0.360107422,-0.41796875,-0.015625,0.53125,-6.671875,7.1640625,-0.6875,0.0703125,0.02734375,-0.22265625
3319,33154496,33454496,0.706237793,-0.187866211,-0.580200195,0.35949707,-0.41796875,-0.015625,0.53125,-6.671875,7.1640625,-0.6875,-0.046875,0.00390625,-0.236328125
3320,33162609,33462609,0.706359863,-0.186828613,-0.580688477,0.359069824,-0.30859375,0.16796875,0.53125,-6.703125,7.1328125,-0.6875,-0.046875,0.00390625,-0.236328125
3321,33179458,33479458,0.706359863,-0.185668945,-0.581298828,0.358703613,-0.30859375,0.16796875,0.53125,-6.703125,7.1328125,-0.6875,-0.119140625,-0.0234375,-0.25390625
3322,33180947,33480947,0.706237793,-0.184570312,-0.581970215,0.358337402,-0.34765625,-0.10546875,0.36328125,-6.7421875,7.1015625,-0.671875,-0.119140625,-0.0234375,-0.25390625
3323,33195368,33495368,0.705993652,-0.18359375,-0.582946777,0.357910156,-0.34765625,-0.10546875,0.36328125,-6.7421875,7.1015625,-0.671875,-0.080078125,-0.14453125,-0.2421875
3324,33200418,33500418,0.705627441,-0.182983398,-0.583984375,0.35723877,-0.58203125,-0.265625,0.37890625,-6.7734375,7.0703125,-0.6484375,-0.080078125,-0.14453125,-0.2421875
3325,33216014,33516014,0.70513916,-0.182678223,-0.585266113,0.356201172,-0.58203125,-0.265625,0.37890625,-6.7734375,7.0703125,-0.6484375,0.0703125,-0.28125,-0.22265625
3326,33224233,33524233,0.704650879,-0.182800293,-0.586608887,0.354919434,-0.58203125,-0.3828125,0.5,-6.8125,7.03125,-0.6171875,0.0703125,-0.28125,-0.22265625
3327,33235533,33535533,0.703979492,-0.183166504,-0.588134766,0.35345459,-0.58203125,-0.3828125,0.5,-6.8125,7.03125,-0.6171875,0.1640625,-0.388671875,-0.189453125
3328,33244612,33544612,0.70324707,-0.18371582,-0.589782715,0.351928711,-0.49609375,-0.28125,0.546875,-6.859375,7.0078125,-0.5859375,0.1640625,-0.388671875,-0.189453125
3329,33256801,33556801,0.702331543,-0.184448242,-0.591552734,0.350463867,-0.49609375,-0.28125,0.546875,-6.859375,7.0078125,-0.5859375,0.1640625,-0.494140625,-0.166015625
3330,33265921,33565921,0.701293945,-0.185241699,-0.593383789,0.348937988,-0.55078125,-0.1796875,0.5078125,-6.8828125,6.984375,-0.546875,0.1640625,-0.494140625,-0.166015625
3331,33275961,33575961,0.700073242,-0.186218262,-0.59552002,0.347229004,-0.55078125,-0.1796875,0.5078125,-6.8828125,6.984375,-0.546875,0.203125,-0.591796875,-0.166015625
3332,33282848,33582848,0.698730469,-0.187316895,-0.597717285,0.34552002,-0.671875,-0.1875,0.57421875,-6.9140625,6.953125,-0.5,0.203125,-0.591796875,-0.166015625
3333,33300298,33600298,0.69720459,-0.188476562,-0.600219727,0.343688965,-0.671875,-0.1875,0.57421875,-6.9140625,6.953125,-0.5,0.1796875,-0.6796875,-0.16015625
3334,33304325,33604325,0.695617676,-0.189575195,-0.602661133,0.342041016,-0.640625,-0.1640625,0.6640625,-6.9453125,6.9296875,-0.4375,0.1796875,-0.6796875,-0.16015625
3335,33315130,33615130,0.693847656,-0.190734863,-0.605285645,0.340332031,-0.640625,-0.1640625,0.6640625,-6.9453125,6.9296875,-0.4375,0.134765625,-0.708984375,-0.146484375
3336,33323790,33623790,0.692077637,-0.191894531,-0.607910156,0.338684082,-0.46484375,-0.1015625,0.73828125,-6.96875,6.90625,-0.359375,0.134765625,-0.708984375,-0.146484375
3337,33338433,33638433,0.690185547,-0.193237305,-0.610473633,0.337097168,-0.46484375,-0.1015625,0.73828125,-6.96875,6.90625,-0.359375,0.140625,-0.7578125,-0.103515625
3338,33342765,33642765,0.688171387,-0.194519043,-0.613098145,0.335632324,-0.38671875,-0.0390625,0.38671875,-7.0078125,6.8828125,-0.2734375,0.140625,-0.7578125,-0.103515625
3339,33356576,33656576,0.686035156,-0.195739746,-0.615844727,0.334289551,-0.38671875,-0.0390625,0.38671875,-7.0078125,6.8828125,-0.2734375,0.078125,-0.76953125,-0.09375
3340,33360181,33660181,0.684020996,-0.196899414,-0.618469238,0.333007812,-0.3046875,0.1953125,0.29296875,-7.015625,6.875,-0.1796875,0.078125,-0.76953125,-0.09375
3341,33381128,33681128,0.681762695,-0.197998047,-0.621276855,0.331604004,-0.3046875,0.1953125,0.29296875,-7.015625,6.875,-0.1796875,0.068359375,-0.767578125,-0.12890625
3342,33385582,33685582,0.679748535,-0.199035645,-0.623962402,0.330200195,-0.40234375,0.09765625,0.19140625,-7.03125,6.859375,-0.078125,0.068359375,-0.767578125,-0.12890625
3343,33395572,33695572,0.677490234,-0.200073242,-0.626953125,0.328430176,-0.40234375,0.09765625,0.19140625,-7.03125,6.859375,-0.078125,0.12890625,-0.791015625,-0.185546875
3344,33403929,33703929,0.675354004,-0.20123291,-0.629943848,0.326477051,-0.5703125,-0.40625,0.08984375,-7.0546875,6.828125,0.0234375,0.12890625,-0.791015625,-0.185546875
3345,33419829,33719829,0.672973633,-0.202392578,-0.633178711,0.324401855,-0.5703125,-0.40625,0.08984375,-7.0546875,6.828125,0.0234375,0.1484375,-0.955078125,-0.224609375
3346,33421319,33721319,0.670227051,-0.203796387,-0.63671875,0.32220459,-0.41796875,-0.421875,0.171875,-7.09375,6.8046875,0.1328125,0.1484375,-0.955078125,-0.224609375
3347,33436956,33736956,0.667297363,-0.205444336,-0.640380859,0.320129395,-0.41796875,-0.421875,0.171875,-7.09375,6.8046875,0.1328125,0.185546875,-1.0625,-0.123046875
3348,33440693,33740693,0.664550781,-0.207397461,-0.643554688,0.318115234,0.14453125,-0.046875,0.0859375,-7.1171875,6.7734375,0.2578125,0.185546875,-1.0625,-0.123046875
3349,33459429,33759429,0.66204834,-0.209533691,-0.646484375,0.315979004,0.14453125,-0.046875,0.0859375,-7.1171875,6.7734375,0.2578125,0.298828125,-0.83984375,-0.05859375
3350,33463458,33763458,0.66015625,-0.211303711,-0.648742676,0.314086914,0.41796875,0.16015625,-0.0546875,-7.125,6.7578125,0.359375,0.298828125,-0.83984375,-0.05859375
3351,33476089,33776089,0.658447266,-0.212646484,-0.650878906,0.312255859,0.41796875,0.16015625,-0.0546875,-7.125,6.7578125,0.359375,0.1640625,-0.625,-0.126953125
3352,33484938,33784938,0.656799316,-0.213745117,-0.653015137,0.310668945,-0.1171875,-0.13671875,-0.5078125,-7.125,6.75,0.4296875,0.1640625,-0.625,-0.126953125
3353,33500364,33800364,0.654907227,-0.215026855,-0.655456543,0.308654785,-0.1171875,-0.13671875,-0.5078125,-7.125,6.75,0.4296875,0.263671875,-0.76953125,-0.16015625
3354,33504866,33804866,0.652893066,-0.216796875,-0.65802002,0.306091309,-0.36328125,-0.3046875,-0.84765625,-7.1484375,6.7265625,0.5,0.263671875,-0.76953125,-0.16015625
3355,33518042,33818042,0.651123047,-0.21875,-0.660461426,0.303344727,-0.36328125,-0.3046875,-0.84765625,-7.1484375,6.7265625,0.5,0.46484375,-0.77734375,-0.169921875
3356,33522174,33822174,0.649597168,-0.22088623,-0.662536621,0.300537109,0.11328125,-0.28125,-0.609375,-7.1640625,6.703125,0.5703125,0.46484375,-0.77734375,-0.169921875
3357,33536245,33836245,0.648071289,-0.223205566,-0.664428711,0.297790527,0.11328125,-0.28125,-0.609375,-7.1640625,6.703125,0.5703125,0.48828125,-0.697265625,-0.09765625
3358,33539974,33839974,0.64654541,-0.225524902,-0.666381836,0.295166016,0.046875,-0.23828125,-0.421875,-7.171875,6.6953125,0.609375,0.48828125,-0.697265625,-0.09765625
3359,33557657,33857657,0.644836426,-0.227966309,-0.668395996,0.292419434,0.046875,-0.23828125,-0.421875,-7.171875,6.6953125,0.609375,0.48828125,-0.74609375,-0.095703125
3360,33566667,33866667,0.643249512,-0.230224609,-0.670288086,0.289733887,-0.0234375,-0.14453125,-0.58203125,-7.1796875,6.6796875,0.65625,0.48828125,-0.74609375,-0.095703125
3361,33580531,33880531,0.641662598,-0.232543945,-0.672241211,0.286865234,-0.0234375,-0.14453125,-0.58203125,-7.1796875,6.6796875,0.65625,0.517578125,-0.720703125,-0.1328125
3362,33584665,33884665,0.640136719,-0.234924316,-0.674133301,0.283813477,0.21484375,0.015625,-0.46875,-7.1875,6.671875,0.6953125,0.517578125,-0.720703125,-0.1328125
3363,33597572,33897572,0.638671875,-0.237365723,-0.676025391,0.280639648,0.21484375,0.015625,-0.46875,-7.1875,6.671875,0.6953125,0.55078125,-0.701171875,-0.146484375
3364,33602033,33902033,0.637268066,-0.239746094,-0.677734375,0.277587891,0.10546875,-0.0078125,-0.30859375,-7.1953125,6.65625,0.7265625,0.55078125,-0.701171875,-0.146484375
3365,33620919,33920919,0.635803223,-0.242492676,-0.67956543,0.274169922,0.10546875,-0.0078125,-0.30859375,-7.1953125,6.65625,0.7265625,0.63671875,-0.72265625,-0.12890625
3366,33622402,33922402,0.634338379,-0.245361328,-0.681274414,0.270690918,-0.0390625,-0.03515625,-0.40625,-7.203125,6.6484375,0.75,0.63671875,-0.72265625,-0.12890625
3367,33635699,33935699,0.63293457,-0.24822998,-0.682922363,0.267150879,-0.0390625,-0.03515625,-0.40625,-7.203125,6.6484375,0.75,0.689453125,-0.720703125,-0.138671875
3368,33644472,33944472,0.631591797,-0.250915527,-0.684509277,0.263671875,0.20703125,0.2109375,-0.37890625,-7.21875,6.6328125,0.7578125,0.689453125,-0.720703125,-0.138671875
3369,33658793,33958793,0.630371094,-0.253173828,-0.686035156,0.260559082,0.20703125,0.2109375,-0.37890625,-7.21875,6.6328125,0.7578125,0.513671875,-0.595703125,-0.177734375
3370,33662407,33962407,0.629272461,-0.255004883,-0.687438965,0.25769043,0.63671875,0.30078125,-0.20703125,-7.2265625,6.6171875,0.78125,0.513671875,-0.595703125,-0.177734375
3371,33675136,33975136,0.628295898,-0.256652832,-0.688781738,0.254943848,0.63671875,0.30078125,-0.20703125,-7.2265625,6.6171875,0.78125,0.453125,-0.52734375,-0.169921875
3372,33680874,33980874,0.627258301,-0.258422852,-0.690002441,0.252258301,0.15234375,0.203125,-0.5703125,-7.2421875,6.6015625,0.796875,0.453125,-0.52734375,-0.169921875
3373,33698824,33998824,0.626098633,-0.260864258,-0.69140625,0.248779297,0.15234375,0.203125,-0.5703125,-7.2421875,6.6015625,0.796875,0.701171875,-0.66015625,-0.162109375
3374,33702435,34002435,0.624816895,-0.263916016,-0.692810059,0.244934082,-0.2890625,-0.1640625,-0.69140625,-7.2578125,6.5859375,0.8046875,0.701171875,-0.66015625,-0.162109375
3375,33715603,34015603,0.623413086,-0.26739502,-0.694152832,0.240905762,-0.2890625,-0.1640625,-0.69140625,-7.2578125,6.5859375,0.8046875,0.861328125,-0.755859375,-0.1015625
3376,33723488,34023488,0.621948242,-0.270874023,-0.69543457,0.236999512,0.20703125,0.1875,-0.23046875,-7.2578125,6.578125,0.8046875,0.861328125,-0.755859375,-0.1015625
3377,33738778,34038778,0.620422363,-0.274169922,-0.696655273,0.233581543,0.20703125,0.1875,-0.23046875,-7.2578125,6.578125,0.8046875,0.685546875,-0.673828125,-0.01953125
3378,33743483,34043483,0.61895752,-0.276916504,-0.697814941,0.230834961,0.70703125,0.5703125,0.07421875,-7.2578125,6.578125,0.8046875,0.685546875,-0.673828125,-0.01953125
3379,33753776,34053776,0.617431641,-0.279418945,-0.698852539,0.228637695,0.70703125,0.5703125,0.07421875,-7.2578125,6.578125,0.8046875,0.447265625,-0.544921875,0.052734375
3380,33762348,34062348,0.615905762,-0.281738281,-0.699890137,0.226745605,0.53515625,0.4765625,-0.32421875,-7.2421875,6.59375,0.8203125,0.447265625,-0.544921875,0.052734375
3381,33778367,34078367,0.614318848,-0.283996582,-0.70098877,0.22479248,0.53515625,0.4765625,-0.32421875,-7.2421875,6.59375,0.8203125,0.43359375,-0.5703125,0.041015625
3382,33782872,34082872,0.612915039,-0.286254883,-0.702026367,0.222717285,0.17578125,0.5,-0.46484375,-7.2265625,6.609375,0.84375,0.43359375,-0.5703125,0.041015625
3383,33795485,34095485,0.61138916,-0.288879395,-0.703063965,0.220214844,0.17578125,0.5,-0.46484375,-7.2265625,6.609375,0.84375,0.552734375,-0.580078125,0.00390625
3384,33803618,34103618,0.609863281,-0.291564941,-0.704040527,0.217651367,0.015625,-0.08203125,-0.28515625,-7.21875,6.6171875,0.859375,0.552734375,-0.580078125,0.00390625
3385,33818386,34118386,0.608215332,-0.294494629,-0.705078125,0.214904785,0.015625,-0.08203125,-0.28515625,-7.21875,6.6171875,0.859375,0.626953125,-0.64453125,0.01953125
3386,33822543,34122543,0.606689453,-0.297241211,-0.706054688,0.212280273,-0.078125,0.28515625,-0.33984375,-7.203125,6.6328125,0.875,0.626953125,-0.64453125,0.01953125
3387,33835137,34135137,0.605102539,-0.300048828,-0.70703125,0.209655762,-0.078125,0.28515625,-0.33984375,-7.203125,6.6328125,0.875,0.529296875,-0.560546875,0.025390625
3388,33841681,34141681,0.60369873,-0.302246094,-0.707885742,0.207519531,0.3671875,0.30859375,-0.234375,-7.1875,6.6484375,0.8828125,0.529296875,-0.560546875,0.025390625
3389,33858147,34158147,0.602233887,-0.304443359,-0.70880127,0.205444336,0.3671875,0.30859375,-0.234375,-7.1875,6.6484375,0.8828125,0.419921875,-0.490234375,0.017578125
3390,33862315,34162315,0.601013184,-0.30645752,-0.709533691,0.203491211,0.24609375,-0.04296875,-0.36328125,-7.1796875,6.65625,0.8984375,0.419921875,-0.490234375,0.017578125
3391,33874414,34174414,0.599914551,-0.30859375,-0.710205078,0.201293945,0.24609375,-0.04296875,-0.36328125,-7.1796875,6.65625,0.8984375,0.4765625,-0.419921875,-0.01953125
3392,33888959,34188959,0.599121094,-0.310424805,-0.710632324,0.199279785,0.23046875,-0.3203125,-0.2890625,-7.1640625,6.6640625,0.8984375,0.4765625,-0.419921875,-0.01953125
3393,33896138,34196138,0.598693848,-0.312194824,-0.71081543,0.19720459,0.23046875,-0.3203125,-0.2890625,-7.1640625,6.6640625,0.8984375,0.4375,-0.232421875,-0.064453125
3394,33903075,34203075,0.598449707,-0.313659668,-0.71081543,0.195373535,0.4296875,-0.47265625,-0.34765625,-7.171875,6.6640625,0.8828125,0.4375,-0.232421875,-0.064453125
3395,33916219,34216219,0.598266602,-0.315124512,-0.710876465,0.19342041,0.4296875,-0.47265625,-0.34765625,-7.171875,6.6640625,0.8828125,0.40625,-0.203125,-0.099609375
3396,33921265,34221265,0.598022461,-0.316345215,-0.71105957,0.191589355,-0.21484375,-0.19921875,-0.25,-7.1796875,6.65625,0.859375,0.40625,-0.203125,-0.099609375
3397,33940337,34240337,0.597717285,-0.317504883,-0.711364746,0.18951416,-0.21484375,-0.19921875,-0.25,-7.1796875,6.65625,0.859375,0.341796875,-0.2578125,-0.16015625
3398,33944720,34244720,0.597412109,-0.31829834,-0.711791992,0.187561035,0.18359375,0.33984375,0.00390625,-7.1953125,6.65625,0.8359375,0.341796875,-0.2578125,-0.16015625
3399,33956474,34256474,0.597167969,-0.318664551,-0.712219238,0.185913086,0.18359375,0.33984375,0.00390625,-7.1953125,6.65625,0.8359375,0.169921875,-0.166015625,-0.197265625
3400,33965698,34265698,0.597167969,-0.31854248,-0.712585449,0.184692383,0.8125,0.4765625,0.2421875,-7.2109375,6.6328125,0.828125,0.169921875,-0.166015625,-0.197265625
3401,33978152,34278152,0.597412109,-0.317993164,-0.712890625,0.183837891,0.8125,0.4765625,0.2421875,-7.2109375,6.6328125,0.828125,-0.03125,-0.0078125,-0.2109375
3402,33982686,34282686,0.597717285,-0.317138672,-0.71307373,0.183349609,0.7265625,0.46875,-0.0703125,-7.2421875,6.6015625,0.8359375,-0.03125,-0.0078125,-0.2109375
3403,33994026,34294026,0.598205566,-0.315979004,-0.713256836,0.183166504,0.7265625,0.46875,-0.0703125,-7.2421875,6.6015625,0.8359375,-0.16796875,0.109375,-0.1796875
3404,34002386,34302386,0.598815918,-0.31463623,-0.713317871,0.183349609,0.67578125,0.42578125,-0.26171875,-7.265625,6.5703125,0.8359375,-0.16796875,0.109375,-0.1796875
3405,34018484,34318484,0.599487305,-0.313110352,-0.713317871,0.18371582,0.67578125,0.42578125,-0.26171875,-7.265625,6.5703125,0.8359375,-0.2578125,0.1953125,-0.158203125
3406,34023011,34323011,0.600158691,-0.311523438,-0.713317871,0.184326172,0.4296875,0.296875,-0.42578125,-7.2890625,6.546875,0.84375,-0.2578125,0.1953125,-0.158203125
3407,34034978,34334978,0.600891113,-0.309814453,-0.713256836,0.184997559,0.4296875,0.296875,-0.42578125,-7.2890625,6.546875,0.84375,-0.314453125,0.21875,-0.146484375
3408,34042488,34342488,0.60168457,-0.307983398,-0.713195801,0.185791016,0.40625,0.44140625,-0.5078125,-7.3046875,6.515625,0.8515625,-0.314453125,0.21875,-0.146484375
3409,34056948,34356948,0.602539062,-0.305969238,-0.713012695,0.186828613,0.40625,0.44140625,-0.5078125,-7.3046875,6.515625,0.8515625,-0.3828125,0.30859375,-0.142578125
3410,34060559,34360559,0.60357666,-0.303894043,-0.712768555,0.187988281,0.31640625,0.51171875,-0.515625,-7.328125,6.484375,0.859375,-0.3828125,0.30859375,-0.142578125
3411,34074920,34374920,0.604858398,-0.301391602,-0.712280273,0.18963623,0.31640625,0.51171875,-0.515625,-7.328125,6.484375,0.859375,-0.482421875,0.453125,-0.10546875
3412,34080653,34380653,0.606262207,-0.298828125,-0.711669922,0.191589355,0.41796875,0.41796875,-0.47265625,-7.3515625,6.4609375,0.8515625,-0.482421875,0.453125,-0.10546875
3413,34097611,34397611,0.607788086,-0.296142578,-0.710876465,0.193786621,0.41796875,0.41796875,-0.47265625,-7.3515625,6.4609375,0.8515625,-0.556640625,0.572265625,-0.06640625
3414,34102298,34402298,0.609375,-0.293518066,-0.709960938,0.196044922,0.43359375,0.3984375,-0.6171875,-7.3671875,6.4453125,0.84375,-0.556640625,0.572265625,-0.06640625
3415,34114908,34414908,0.611206055,-0.290527344,-0.708862305,0.198791504,0.43359375,0.3984375,-0.6171875,-7.3671875,6.4453125,0.84375,-0.63671875,0.69140625,-0.044921875
3416,34123540,34423540,0.613220215,-0.287231445,-0.707580566,0.201782227,0.33203125,0.52734375,-0.29296875,-7.3828125,6.4296875,0.828125,-0.63671875,0.69140625,-0.044921875
3417,34138339,34438339,0.61529541,-0.283752441,-0.706298828,0.205078125,0.33203125,0.52734375,-0.29296875,-7.3828125,6.4296875,0.828125,-0.77734375,0.798828125,-0.029296875
3418,34142472,34442472,0.61730957,-0.280090332,-0.704956055,0.208496094,0.30859375,0.6484375,-0.33984375,-7.3984375,6.421875,0.796875,-0.77734375,0.798828125,-0.029296875
3419,34156041,34456041,0.619506836,-0.276062012,-0.703552246,0.212280273,0.30859375,0.6484375,-0.33984375,-7.3984375,6.421875,0.796875,-0.88671875,0.876953125,-0.015625
3420,34161088,34461088,0.621826172,-0.271728516,-0.701904297,0.216491699,0.2890625,0.55859375,-0.78515625,-7.4140625,6.3984375,0.78125,-0.88671875,0.876953125,-0.015625
3421,34176666,34476666,0.623901367,-0.268066406,-0.700256348,0.220336914,0.2890625,0.55859375,-0.78515625,-7.4140625,6.3984375,0.78125,-0.837890625,0.916015625,0.064453125
3422,34180408,34480408,0.626098633,-0.264526367,-0.698364258,0.224365234,0.5703125,0.375,-0.69140625,-7.4296875,6.390625,0.765625,-0.837890625,0.916015625,0.064453125
3423,34196192,34496192,0.628540039,-0.260864258,-0.696105957,0.228759766,0.5703125,0.375,-0.69140625,-7.4296875,6.390625,0.765625,-0.849609375,1.04492188,0.154296875
3424,34204621,34504621,0.630981445,-0.257202148,-0.693664551,0.233459473,0.9453125,0.51953125,-0.453125,-7.421875,6.3984375,0.71875,-0.849609375,1.04492188,0.154296875
3425,34218340,34518340,0.633544922,-0.253295898,-0.690979004,0.238647461,0.9453125,0.51953125,-0.453125,-7.421875,6.3984375,0.71875,-0.9296875,1.10742188,0.23046875
3426,34222477,34522477,0.635803223,-0.249511719,-0.688537598,0.243713379,0.73828125,0.54296875,-0.59765625,-7.40625,6.4140625,0.671875,-0.9296875,1.10742188,0.23046875
3427,34235864,34535864,0.638183594,-0.245239258,-0.685852051,0.249450684,0.73828125,0.54296875,-0.59765625,-7.40625,6.4140625,0.671875,-1.01171875,1.09179688,0.255859375
3428,34240913,34540913,0.640258789,-0.241271973,-0.683227539,0.254943848,0.33984375,0.3984375,-0.89453125,-7.390625,6.4453125,0.625,-1.01171875,1.09179688,0.255859375
3429,34256755,34556755,0.642211914,-0.237670898,-0.680664062,0.260192871,0.33984375,0.3984375,-0.89453125,-7.390625,6.4453125,0.625,-0.921875,1.04296875,0.310546875
3430,34260482,34560482,0.644165039,-0.234558105,-0.678039551,0.265136719,0.35546875,0.296875,-1.0546875,-7.3671875,6.46875,0.59375,-0.921875,1.04296875,0.310546875
3431,34274788,34574788,0.64630127,-0.231689453,-0.675109863,0.269897461,0.35546875,0.296875,-1.0546875,-7.3671875,6.46875,0.59375,-0.68359375,1.03320312,0.33203125
3432,34284059,34584059,0.648620605,-0.229064941,-0.671936035,0.274475098,0.24609375,0.01953125,-0.77734375,-7.3359375,6.515625,0.546875,-0.68359375,1.03320312,0.33203125
3433,34297715,34597715,0.650939941,-0.226501465,-0.668701172,0.278930664,0.24609375,0.01953125,-0.77734375,-7.3359375,6.515625,0.546875,-0.66015625,1.12109375,0.3359375
3434,34303165,34603165,0.653503418,-0.223876953,-0.665283203,0.283325195,0.4375,0.1328125,-0.546875,-7.296875,6.5546875,0.46875,-0.66015625,1.12109375,0.3359375
3435,34315693,34615693,0.656616211,-0.22076416,-0.661132812,0.288024902,0.4375,0.1328125,-0.546875,-7.296875,6.5546875,0.46875,-0.607421875,1.31835938,0.28515625
3436,34320482,34620482,0.659851074,-0.217895508,-0.657043457,0.292236328,0.015625,-0.296875,-1.06640625,-7.2578125,6.6015625,0.375,-0.607421875,1.31835938,0.28515625
3437,34336877,34636877,0.663391113,-0.215270996,-0.652709961,0.296020508,0.015625,-0.296875,-1.06640625,-7.2578125,6.6015625,0.375,-0.349609375,1.31445312,0.2421875
3438,34340494,34640494,0.666687012,-0.213500977,-0.64855957,0.29888916,-0.26953125,-0.78515625,-1.40234375,-7.2421875,6.6328125,0.25,-0.349609375,1.31445312,0.2421875
3439,34356384,34656384,0.66998291,-0.212402344,-0.644348145,0.301391602,-0.26953125,-0.78515625,-1.40234375,-7.2421875,6.6328125,0.25,-0.04296875,1.05859375,0.291015625
3440,34364802,34664802,0.672729492,-0.211853027,-0.640625,0.303527832,-0.4609375,-0.52734375,-0.70703125,-7.203125,6.6796875,0.09375,-0.04296875,1.05859375,0.291015625
3441,34378565,34678565,0.675354004,-0.211547852,-0.63684082,0.305847168,-0.4609375,-0.52734375,-0.70703125,-7.203125,6.6796875,0.09375,-0.05078125,0.921875,0.373046875
3442,34382583,34682583,0.677734375,-0.210998535,-0.633361816,0.308288574,-0.515625,-0.15234375,0.11328125,-7.1484375,6.7265625,-0.0390625,-0.05078125,0.921875,0.373046875
3443,34395110,34695110,0.680053711,-0.209716797,-0.629760742,0.311340332,-0.515625,-0.15234375,0.11328125,-7.1484375,6.7265625,-0.0390625,-0.3515625,0.958984375,0.298828125
3444,34401104,34701104,0.682128906,-0.207763672,-0.626403809,0.314819336,-0.25390625,0.3828125,0.4140625,-7.1015625,6.765625,-0.1484375,-0.3515625,0.958984375,0.298828125
3445,34414995,34714995,0.684143066,-0.205078125,-0.62310791,0.318786621,-0.25390625,0.3828125,0.4140625,-7.1015625,6.765625,-0.1484375,-0.67578125,1.06445312,0.23828125
3446,34423221,34723221,0.686157227,-0.202148438,-0.619812012,0.322753906,0.12109375,0.44140625,0.5234375,-7.0546875,6.8203125,-0.21875,-0.67578125,1.06445312,0.23828125
3447,34435080,34735080,0.688476562,-0.199035645,-0.616210938,0.326599121,0.12109375,0.44140625,0.5234375,-7.0546875,6.8203125,-0.21875,-0.54296875,1.11132812,0.158203125
3448,34442609,34742609,0.691040039,-0.196533203,-0.612609863,0.329467773,-0.44921875,-0.4296875,0.28515625,-7.0234375,6.8515625,-0.2890625,-0.54296875,1.11132812,0.158203125
3449,34457211,34757211,0.693664551,-0.195007324,-0.609130859,0.331298828,-0.44921875,-0.4296875,0.28515625,-7.0234375,6.8515625,-0.2890625,-0.015625,0.9453125,0.125
3450,34460958,34760958,0.696350098,-0.194152832,-0.605773926,0.332336426,-1.12109375,-1.10546875,0.328125,-7,6.875,-0.40625,-0.015625,0.9453125,0.125
3451,34475807,34775807,0.699035645,-0.193481445,-0.602416992,0.333251953,-1.12109375,-1.10546875,0.328125,-7,6.875,-0.40625,0.078125,0.822265625,0.12890625
3452,34480851,34780851,0.701293945,-0.192565918,-0.599304199,0.334533691,-0.9921875,-0.546875,0.23046875,-6.9765625,6.890625,-0.5390625,0.078125,0.822265625,0.12890625
3453,34496158,34796158,0.703308105,-0.190917969,-0.596313477,0.336669922,-0.9921875,-0.546875,0.23046875,-6.9765625,6.890625,-0.5390625,-0.365234375,0.865234375,0.162109375
3454,34502955,34802955,0.704833984,-0.188659668,-0.593505859,0.339599609,-0.1875,0.1640625,0.02734375,-6.9375,6.90625,-0.640625,-0.365234375,0.865234375,0.162109375
3455,34514685,34814685,0.706115723,-0.18560791,-0.590698242,0.343566895,-0.1875,0.1640625,0.02734375,-6.9375,6.90625,-0.640625,-0.783203125,0.876953125,0.16796875
3456,34527947,34827947,0.707275391,-0.182434082,-0.588012695,0.347473145,0.4296875,0.59375,0.1015625,-6.90625,6.9375,-0.6796875,-0.783203125,0.876953125,0.16796875
3457,34540410,34840410,0.708557129,-0.17980957,-0.585571289,0.350402832,0.4296875,0.59375,0.1015625,-6.90625,6.9375,-0.6796875,-0.396484375,0.73828125,0.060546875
3458,34545087,34845087,0.710144043,-0.178283691,-0.583312988,0.35168457,-1.01953125,-0.6640625,0.43359375,-6.875,6.96875,-0.703125,-0.396484375,0.73828125,0.060546875
3459,34556393,34856393,0.711608887,-0.178222656,-0.581787109,0.351196289,-1.01953125,-0.6640625,0.43359375,-6.875,6.96875,-0.703125,0.357421875,0.259765625,-0.044921875
3460,34560155,34860155,0.712890625,-0.178771973,-0.580871582,0.349914551,-2.2890625,-1.92578125,1.31640625,-6.8671875,6.96875,-0.78125,0.357421875,0.259765625,-0.044921875
3461,34575827,34875827,0.713989258,-0.179260254,-0.58013916,0.348571777,-2.2890625,-1.92578125,1.31640625,-6.8671875,6.96875,-0.78125,0.28515625,0.138671875,-0.08984375
3462,34580888,34880888,0.71484375,-0.179138184,-0.579589844,0.34777832,-1.09375,-1.0703125,1.1953125,-6.875,6.953125,-0.8515625,0.28515625,0.138671875,-0.08984375
3463,34595734,34895734,0.715515137,-0.178344727,-0.579040527,0.34777832,-1.09375,-1.0703125,1.1953125,-6.875,6.953125,-0.8515625,-0.142578125,0.216796875,-0.115234375
3464,34604604,34904604,0.715881348,-0.176879883,-0.578674316,0.348388672,-0.3125,0.2578125,0.8046875,-6.890625,6.9296875,-0.8828125,-0.142578125,0.216796875,-0.115234375
3465,34617153,34917153,0.716003418,-0.175170898,-0.578552246,0.349182129,-0.3125,0.2578125,0.8046875,-6.890625,6.9296875,-0.8828125,-0.310546875,0.15625,-0.166015625
3466,34620897,34920897,0.715942383,-0.173706055,-0.578735352,0.34967041,-0.83203125,-0.078125,0.94921875,-6.90625,6.921875,-0.875,-0.310546875,0.15625,-0.166015625
3467,34635730,34935730,0.715698242,-0.172851562,-0.579467773,0.349487305,-0.83203125,-0.078125,0.94921875,-6.90625,6.921875,-0.875,-0.0390625,-0.150390625,-0.1875
3468,34640770,34940770,0.715332031,-0.172607422,-0.580444336,0.348632812,-1.4609375,-1.08984375,1.1171875,-6.9296875,6.8984375,-0.8515625,-0.0390625,-0.150390625,-0.1875
3469,34657372,34957372,0.71496582,-0.172790527,-0.581604004,0.347473145,-1.4609375,-1.08984375,1.1171875,-6.9296875,6.8984375,-0.8515625,0.162109375,-0.275390625,-0.1875
3470,34662084,34962084,0.714599609,-0.173095703,-0.582763672,0.346130371,-0.81640625,-0.64453125,0.94140625,-6.9609375,6.875,-0.828125,0.162109375,-0.275390625,-0.1875
3471,34676507,34976507,0.714050293,-0.173583984,-0.584106445,0.344665527,-0.81640625,-0.64453125,0.94140625,-6.9609375,6.875,-0.828125,0.1640625,-0.357421875,-0.16796875
3472,34684496,34984496,0.713378906,-0.174133301,-0.585571289,0.343383789,-0.6640625,-0.1875,0.41796875,-7,6.8359375,-0.8046875,0.1640625,-0.357421875,-0.16796875
3473,34696867,34996867,0.712402344,-0.174743652,-0.587280273,0.342102051,-0.6640625,-0.1875,0.41796875,-7,6.8359375,-0.8046875,0.109375,-0.455078125,-0.130859375
3474,34700478,35000478,0.711364746,-0.175476074,-0.588989258,0.341003418,-0.41015625,-0.0546875,0.50390625,-7.0234375,6.8203125,-0.7734375,0.109375,-0.455078125,-0.130859375
3475,34716109,35016109,0.710021973,-0.176330566,-0.590942383,0.33996582,-0.41015625,-0.0546875,0.50390625,-7.0234375,6.8203125,-0.7734375,0.083984375,-0.533203125,-0.076171875
3476,34720894,35020894,0.708557129,-0.177307129,-0.592956543,0.338928223,-0.5,-0.0390625,0.70703125,-7.046875,6.8046875,-0.7109375,0.083984375,-0.533203125,-0.076171875
3477,34735536,35035536,0.70715332,-0.178344727,-0.594909668,0.33795166,-0.5,-0.0390625,0.70703125,-7.046875,6.8046875,-0.7109375,0.123046875,-0.59375,-0.056640625
3478,34741524,35041524,0.705627441,-0.179626465,-0.597106934,0.336669922,-0.67578125,-0.29296875,0.5703125,-7.0625,6.7890625,-0.6484375,0.123046875,-0.59375,-0.056640625
3479,34754632,35054632,0.703979492,-0.180969238,-0.599365234,0.335205078,-0.67578125,-0.29296875,0.5703125,-7.0625,6.7890625,-0.6484375,0.201171875,-0.689453125,-0.087890625
3480,34767866,35067866,0.702270508,-0.182556152,-0.601867676,0.333557129,-0.80859375,-0.3984375,0.33984375,-7.0859375,6.78125,-0.5703125,0.201171875,-0.689453125,-0.087890625
3481,34779117,35079117,0.700439453,-0.184143066,-0.604492188,0.331787109,-0.80859375,-0.3984375,0.33984375,-7.0859375,6.78125,-0.5703125,0.2578125,-0.828125,-0.099609375
3482,34783134,35083134,0.698303223,-0.186096191,-0.60748291,0.329650879,-0.78515625,-0.26953125,0.296875,-7.109375,6.765625,-0.4921875,0.2578125,-0.828125,-0.099609375
3483,34796052,35096052,0.696228027,-0.188110352,-0.610473633,0.327453613,-0.78515625,-0.26953125,0.296875,-7.109375,6.765625,-0.4921875,0.3046875,-0.896484375,-0.1171875
3484,34800831,35100831,0.694091797,-0.190063477,-0.613525391,0.325134277,-0.64453125,-0.12109375,0.3671875,-7.1328125,6.734375,-0.40625,0.3046875,-0.896484375,-0.1171875
3485,34816458,35116458,0.692016602,-0.191894531,-0.616394043,0.322998047,-0.64453125,-0.12109375,0.3671875,-7.1328125,6.734375,-0.40625,0.28125,-0.904296875,-0.134765625
3486,34820788,35120788,0.689758301,-0.193725586,-0.619506836,0.320739746,-0.4296875,-0.03125,0.31640625,-7.15625,6.71875,-0.3203125,0.28125,-0.904296875,-0.134765625
3487,34835491,35135491,0.687316895,-0.195739746,-0.622802734,0.318359375,-0.4296875,-0.03125,0.31640625,-7.15625,6.71875,-0.3203125,0.26953125,-0.955078125,-0.134765625
3488,34852063,35152063,0.684814453,-0.197570801,-0.626098633,0.316162109,-0.3984375,-0.16796875,0.25390625,-7.1875,6.703125,-0.21875,0.26953125,-0.955078125,-0.134765625
3489,34857300,35157300,0.682312012,-0.199279785,-0.629333496,0.314086914,-0.3984375,-0.16796875,0.25390625,-7.1875,6.703125,-0.21875,0.185546875,-0.98046875,-0.146484375
3490,34861055,35161055,0.679626465,-0.200805664,-0.6328125,0.312072754,-0.60546875,0.1640625,0.328125,-7.2109375,6.6796875,-0.1015625,0.185546875,-0.98046875,-0.146484375
3491,34875883,35175883,0.676391602,-0.202453613,-0.63671875,0.310058594,-0.60546875,0.1640625,0.328125,-7.2109375,6.6796875,-0.1015625,0.08984375,-1.13867188,-0.1328125
3492,34880920,35180920,0.672912598,-0.204162598,-0.64074707,0.308166504,-0.28515625,0.30078125,0.12109375,-7.2265625,6.65625,0.03125,0.08984375,-1.13867188,-0.1328125
3493,34895914,35195914,0.669494629,-0.205993652,-0.644592285,0.306335449,-0.28515625,0.30078125,0.12109375,-7.2265625,6.65625,0.03125,0.12109375,-1.09765625,-0.080078125
3494,34900972,35200972,0.666503906,-0.207580566,-0.647949219,0.3046875,0.65234375,0.78515625,-0.03515625,-7.2421875,6.6328125,0.1875,0.12109375,-1.09765625,-0.080078125
3495,34914820,35214820,0.6640625,-0.208740234,-0.650756836,0.303344727,0.65234375,0.78515625,-0.03515625,-7.2421875,6.6328125,0.1875,0.025390625,-0.703125,-0.08984375
3496,34928162,35228162,0.661987305,-0.209411621,-0.653015137,0.302368164,0.78125,0.37109375,-0.19921875,-7.2578125,6.625,0.3125,0.025390625,-0.703125,-0.08984375
3497,34938648,35238648,0.660095215,-0.210021973,-0.655151367,0.301513672,0.78125,0.37109375,-0.19921875,-7.2578125,6.625,0.3125,0.025390625,-0.62109375,-0.07421875
3498,34942690,35242690,0.65814209,-0.211181641,-0.657348633,0.300231934,-0.24609375,-0.734375,-0.828125,-7.265625,6.6171875,0.40625,0.025390625,-0.62109375,-0.07421875
3499,34956104,35256104,0.655944824,-0.213256836,-0.659729004,0.298339844,-0.24609375,-0.734375,-0.828125,-7.265625,6.6171875,0.40625,0.38671875,-0.837890625,-0.01171875
3500,34963813,35263813,0.653747559,-0.215942383,-0.662109375,0.295959473,-0.3203125,-0.6015625,-0.9921875,-7.265625,6.6015625,0.4921875,0.38671875,-0.837890625,-0.01171875
3501,34976663,35276663,0.651672363,-0.21887207,-0.664306641,0.293457031,-0.3203125,-0.6015625,-0.9921875,-7.265625,6.6015625,0.4921875,0.5,-0.833984375,0.0234375
3502,34980991,35280991,0.649719238,-0.221496582,-0.666320801,0.291320801,0.16796875,-0.1875,-0.13671875,-7.2578125,6.609375,0.5546875,0.5,-0.833984375,0.0234375
3503,34996285,35296285,0.647521973,-0.224121094,-0.668457031,0.28918457,0.16796875,-0.1875,-0.13671875,-7.2578125,6.609375,0.5546875,0.36328125,-0.79296875,0.025390625
3504,35004473,35304473,0.645385742,-0.2265625,-0.670593262,0.28717041,-0.0703125,-0.08984375,-0.54296875,-7.25,6.625,0.6171875,0.36328125,-0.79296875,0.025390625
3505,35015271,35315271,0.643127441,-0.229309082,-0.672912598,0.284667969,-0.0703125,-0.08984375,-0.54296875,-7.25,6.625,0.6171875,0.486328125,-0.859375,-0.015625
3506,35021283,35321283,0.640991211,-0.23223877,-0.675048828,0.281921387,0.109375,-0.08984375,-0.56640625,-7.234375,6.625,0.6796875,0.486328125,-0.859375,-0.015625
3507,35036595,35336595,0.639099121,-0.235229492,-0.677062988,0.278991699,0.109375,-0.08984375,-0.56640625,-7.234375,6.625,0.6796875,0.6015625,-0.810546875,-0.041015625
3508,35043048,35343048,0.637329102,-0.238098145,-0.678894043,0.276062012,0.22265625,-0.12890625,-0.23828125,-7.234375,6.625,0.734375,0.6015625,-0.810546875,-0.041015625
3509,35055383,35355383,0.635559082,-0.241210938,-0.680847168,0.272705078,0.22265625,-0.12890625,-0.23828125,-7.234375,6.625,0.734375,0.626953125,-0.7734375,-0.08984375
3510,35062913,35362913,0.633972168,-0.243896484,-0.682556152,0.269592285,-0.24609375,-0.203125,-0.1171875,-7.2265625,6.625,0.765625,0.626953125,-0.7734375,-0.08984375
3511,35076064,35376064,0.632202148,-0.246704102,-0.684509277,0.266235352,-0.24609375,-0.203125,-0.1171875,-7.2265625,6.625,0.765625,0.61328125,-0.775390625,-0.12109375
3512,35084520,35384520,0.630554199,-0.249328613,-0.686340332,0.263000488,-0.27734375,-0.38671875,-0.21484375,-7.234375,6.6171875,0.7890625,0.61328125,-0.775390625,-0.12109375
3513,35096609,35396609,0.62878418,-0.25201416,-0.688354492,0.259460449,-0.27734375,-0.38671875,-0.21484375,-7.234375,6.6171875,0.7890625,0.595703125,-0.783203125,-0.16796875
3514,35100940,35400940,0.627258301,-0.254455566,-0.690063477,0.256103516,0.30859375,-0.2265625,-0.4765625,-7.2421875,6.609375,0.8203125,0.595703125,-0.783203125,-0.16796875
3515,35116261,35416261,0.625793457,-0.257080078,-0.691772461,0.252563477,0.30859375,-0.2265625,-0.4765625,-7.2421875,6.609375,0.8203125,0.61328125,-0.677734375,-0.16015625
3516,35121070,35421070,0.624450684,-0.259338379,-0.693237305,0.249389648,0.27734375,-0.13671875,-0.42578125,-7.25,6.59375,0.84375,0.61328125,-0.677734375,-0.16015625
3517,35136211,35436211,0.623046875,-0.26171875,-0.694824219,0.24609375,0.27734375,-0.13671875,-0.42578125,-7.25,6.59375,0.84375,0.59375,-0.677734375,-0.1640625
3518,35141078,35441078,0.621582031,-0.264343262,-0.696411133,0.242492676,-0.08984375,-0.11328125,-0.5234375,-7.265625,6.5703125,0.8671875,0.59375,-0.677734375,-0.1640625
3519,35156366,35456366,0.620178223,-0.267211914,-0.697814941,0.238830566,-0.08984375,-0.11328125,-0.5234375,-7.265625,6.5703125,0.8671875,0.78515625,-0.712890625,-0.1328125
3520,35164514,35464514,0.618835449,-0.270507812,-0.699035645,0.234985352,-0.12890625,-0.37109375,-0.38671875,-7.265625,6.5625,0.8828125,0.78515625,-0.712890625,-0.1328125
3521,35175525,35475525,0.6171875,-0.274536133,-0.700378418,0.230651855,-0.12890625,-0.37109375,-0.38671875,-7.265625,6.5625,0.8828125,0.970703125,-0.826171875,-0.052734375
3522,35182832,35482832,0.615478516,-0.278625488,-0.701660156,0.226501465,0.33203125,0.47265625,-0.41796875,-7.265625,6.5625,0.875,0.970703125,-0.826171875,-0.052734375
3523,35196032,35496032,0.613830566,-0.281921387,-0.702819824,0.223144531,0.33203125,0.47265625,-0.41796875,-7.265625,6.5625,0.875,0.666015625,-0.69921875,-0.02734375
3524,35200818,35500818,0.612060547,-0.284729004,-0.704162598,0.220275879,0.515625,0.953125,0.37890625,-7.2578125,6.578125,0.8828125,0.666015625,-0.69921875,-0.02734375
3525,35215832,35515832,0.610290527,-0.286865234,-0.705444336,0.218139648,0.515625,0.953125,0.37890625,-7.2578125,6.578125,0.8828125,0.345703125,-0.59765625,0.017578125
3526,35223167,35523167,0.608581543,-0.288818359,-0.706726074,0.216308594,0.58203125,0.71484375,-0.48828125,-7.25,6.5859375,0.90625,0.345703125,-0.59765625,0.017578125
3527,35236725,35536725,0.606994629,-0.29095459,-0.707824707,0.214294434,0.58203125,0.71484375,-0.48828125,-7.25,6.5859375,0.90625,0.458984375,-0.541015625,0.02734375
3528,35245093,35545093,0.60559082,-0.293334961,-0.708618164,0.212219238,0.30078125,0.36328125,-0.75,-7.234375,6.59375,0.9375,0.458984375,-0.541015625,0.02734375
3529,35255785,35555785,0.604187012,-0.296203613,-0.709411621,0.209777832,0.30078125,0.36328125,-0.75,-7.234375,6.59375,0.9375,0.587890625,-0.533203125,0.076171875
3530,35262795,35562795,0.602783203,-0.298950195,-0.710021973,0.207702637,0.09375,0.15625,-0.21875,-7.21875,6.609375,0.9453125,0.587890625,-0.533203125,0.076171875
3531,35277371,35577371,0.601318359,-0.301818848,-0.710571289,0.205810547,0.09375,0.15625,-0.21875,-7.21875,6.609375,0.9453125,0.5078125,-0.486328125,0.162109375
3532,35281127,35581127,0.599914551,-0.30456543,-0.711120605,0.204223633,0.3046875,0.0859375,-0.328125,-7.203125,6.640625,0.9375,0.5078125,-0.486328125,0.162109375
3533,35294859,35594859,0.598388672,-0.307373047,-0.711547852,0.202758789,0.3046875,0.0859375,-0.328125,-7.203125,6.640625,0.9375,0.462890625,-0.435546875,0.19921875
3534,35302215,35602215,0.597106934,-0.309936523,-0.711914062,0.201538086,0.421875,0.4375,-0.2578125,-7.1640625,6.671875,0.9453125,0.462890625,-0.435546875,0.19921875
3535,35316123,35616123,0.595947266,-0.312194824,-0.712097168,0.200683594,0.421875,0.4375,-0.2578125,-7.1640625,6.671875,0.9453125,0.33984375,-0.3046875,0.201171875
3536,35324423,35624423,0.594909668,-0.314208984,-0.712341309,0.199951172,0.19921875,0.3984375,-0.41015625,-7.1328125,6.7109375,0.9453125,0.33984375,-0.3046875,0.201171875
3537,35335806,35635806,0.59387207,-0.316040039,-0.712524414,0.19934082,0.19921875,0.3984375,-0.41015625,-7.1328125,6.7109375,0.9453125,0.259765625,-0.283203125,0.18359375
3538,35341811,35641811,0.592895508,-0.317687988,-0.712768555,0.198852539,0.359375,0.21484375,-0.21875,-7.1015625,6.7421875,0.9453125,0.259765625,-0.283203125,0.18359375
3539,35356604,35656604,0.591918945,-0.319274902,-0.712890625,0.198608398,0.359375,0.21484375,-0.21875,-7.1015625,6.7421875,0.9453125,0.1875,-0.2109375,0.22265625
3540,35360340,35660340,0.591003418,-0.320739746,-0.713012695,0.198608398,0.51953125,0.0703125,-0.3046875,-7.0703125,6.7734375,0.953125,0.1875,-0.2109375,0.22265625
3541,35376910,35676910,0.58996582,-0.322265625,-0.713134766,0.198791504,0.51953125,0.0703125,-0.3046875,-7.0703125,6.7734375,0.953125,0.142578125,-0.216796875,0.28515625
3542,35380748,35680748,0.588806152,-0.323791504,-0.713317871,0.199157715,0.40234375,0.21484375,-0.265625,-7.03125,6.8203125,0.953125,0.142578125,-0.216796875,0.28515625
3543,35395582,35695582,0.587585449,-0.325195312,-0.713500977,0.199707031,0.40234375,0.21484375,-0.265625,-7.03125,6.8203125,0.953125,0.05078125,-0.197265625,0.33203125
3544,35404601,35704601,0.586486816,-0.326416016,-0.713623047,0.200622559,0.69921875,0.75,0.0625,-6.984375,6.859375,0.96875,0.05078125,-0.197265625,0.33203125
3545,35417968,35717968,0.585449219,-0.327148438,-0.713745117,0.201904297,0.69921875,0.75,0.0625,-6.984375,6.859375,0.96875,-0.1484375,-0.048828125,0.326171875
3546,35423622,35723622,0.584716797,-0.327392578,-0.713745117,0.203552246,0.60546875,0.73828125,0.078125,-6.9296875,6.90625,0.9921875,-0.1484375,-0.048828125,0.326171875
3547,35435614,35735614,0.58416748,-0.327331543,-0.713684082,0.205627441,0.60546875,0.73828125,0.078125,-6.9296875,6.90625,0.9921875,-0.3046875,0.12109375,0.322265625
3548,35443253,35743253,0.583862305,-0.326843262,-0.713378906,0.208129883,0.33984375,0.39453125,-0.44921875,-6.890625,6.9453125,1.0234375,-0.3046875,0.12109375,0.322265625
3549,35455237,35755237,0.583862305,-0.326049805,-0.713012695,0.210693359,0.33984375,0.39453125,-0.44921875,-6.890625,6.9453125,1.0234375,-0.41796875,0.287109375,0.28515625
3550,35462821,35762821,0.58416748,-0.324951172,-0.712463379,0.213500977,0.29296875,0.0859375,-0.3984375,-6.84375,6.984375,1.046875,-0.41796875,0.287109375,0.28515625
3551,35475992,35775992,0.584716797,-0.323669434,-0.711730957,0.216247559,0.29296875,0.0859375,-0.3984375,-6.84375,6.984375,1.046875,-0.447265625,0.439453125,0.2421875
3552,35484684,35784684,0.585449219,-0.32220459,-0.710876465,0.219299316,0.03125,-0.13671875,-0.59765625,-6.8125,7.015625,1.0546875,-0.447265625,0.439453125,0.2421875
3553,35495198,35795198,0.586242676,-0.320739746,-0.709960938,0.222229004,0.03125,-0.13671875,-0.59765625,-6.8125,7.015625,1.0546875,-0.484375,0.48828125,0.23828125
3554,35502295,35802295,0.587158203,-0.319091797,-0.708984375,0.225341797,0.046875,-0.08203125,-0.51953125,-6.7890625,7.0390625,1.0546875,-0.484375,0.48828125,0.23828125
3555,35515463,35815463,0.588134766,-0.317382812,-0.707946777,0.228515625,0.046875,-0.08203125,-0.51953125,-6.7890625,7.0390625,1.0546875,-0.5078125,0.54296875,0.234375
3556,35522791,35822791,0.589111328,-0.315612793,-0.70690918,0.231689453,-0.015625,0.1640625,-0.51953125,-6.765625,7.0625,1.0546875,-0.5078125,0.54296875,0.234375
3557,35533969,35833969,0.590087891,-0.313659668,-0.705871582,0.234802246,-0.015625,0.1640625,-0.51953125,-6.765625,7.0625,1.0546875,-0.5546875,0.546875,0.1953125
3558,35542019,35842019,0.591064453,-0.311645508,-0.704956055,0.237976074,0.08203125,0.33984375,-0.25390625,-6.75,7.078125,1.0546875,-0.5546875,0.546875,0.1953125
3559,35555949,35855949,0.592102051,-0.309204102,-0.703918457,0.241455078,0.08203125,0.33984375,-0.25390625,-6.75,7.078125,1.0546875,-0.65625,0.59765625,0.169921875
3560,35564476,35864476,0.593261719,-0.30645752,-0.702941895,0.244995117,0.18359375,0.62890625,-0.18359375,-6.734375,7.09375,1.0625,-0.65625,0.59765625,0.169921875
3561,35575072,35875072,0.594604492,-0.303344727,-0.701843262,0.248779297,0.18359375,0.62890625,-0.18359375,-6.734375,7.09375,1.0625,-0.7890625,0.755859375,0.125
3562,35583564,35883564,0.596191406,-0.299804688,-0.700500488,0.252929688,0.28125,0.5078125,-0.10546875,-6.71875,7.1015625,1.0625,-0.7890625,0.755859375,0.125
3563,35595566,35895566,0.598022461,-0.295837402,-0.699035645,0.257202148,0.28125,0.5078125,-0.10546875,-6.71875,7.1015625,1.0625,-0.927734375,0.953125,0.091796875
3564,35601302,35901302,0.600219727,-0.291442871,-0.69732666,0.261779785,0.55859375,0.20703125,-0.421875,-6.7265625,7.09375,1.0703125,-0.927734375,0.953125,0.091796875
3565,35614087,35914087,0.602539062,-0.286560059,-0.695556641,0.266479492,0.55859375,0.20703125,-0.421875,-6.7265625,7.09375,1.0703125,-1.01953125,1.0859375,0.017578125
3566,35623577,35923577,0.604919434,-0.281677246,-0.693725586,0.271057129,0.609375,-0.04296875,-0.91796875,-6.7421875,7.078125,1.0703125,-1.01953125,1.0859375,0.017578125
3567,35635804,35935804,0.60736084,-0.276855469,-0.691833496,0.275390625,0.609375,-0.04296875,-0.91796875,-6.7421875,7.078125,1.0703125,-0.912109375,1.03710938,-0.029296875
3568,35643850,35943850,0.609619141,-0.272399902,-0.690002441,0.27935791,0.3203125,-0.3359375,-1.1015625,-6.7578125,7.0625,1.0625,-0.912109375,1.03710938,-0.029296875
3569,35656722,35956722,0.611816406,-0.268249512,-0.688110352,0.283203125,0.3203125,-0.3359375,-1.1015625,-6.7578125,7.0625,1.0625,-0.787109375,0.962890625,0.01953125
3570,35663118,35963118,0.613952637,-0.264587402,-0.686157227,0.286743164,0.07421875,-0.203125,-0.93359375,-6.78125,7.046875,1.046875,-0.787109375,0.962890625,0.01953125
3571,35675284,35975284,0.616333008,-0.260864258,-0.683898926,0.290527344,0.07421875,-0.203125,-0.93359375,-6.78125,7.046875,1.046875,-0.654296875,0.99609375,0.07421875
3572,35681298,35981298,0.618713379,-0.257568359,-0.681518555,0.293884277,0.20703125,-0.234375,-0.75,-6.796875,7.0390625,1.015625,-0.654296875,0.99609375,0.07421875
3573,35695532,35995532,0.621582031,-0.253845215,-0.678771973,0.297363281,0.20703125,-0.234375,-0.75,-6.796875,7.0390625,1.015625,-0.591796875,1.10742188,0.015625
3574,35701542,36001542,0.624511719,-0.250305176,-0.676086426,0.300476074,0.21484375,-0.3515625,-0.765625,-6.8046875,7.0390625,0.953125,-0.591796875,1.10742188,0.015625
3575,35715151,36015151,0.627685547,-0.246765137,-0.673217773,0.303222656,0.21484375,-0.3515625,-0.765625,-6.8046875,7.0390625,0.953125,-0.404296875,1.0859375,-0.087890625
3576,35723939,36023939,0.63079834,-0.243713379,-0.670471191,0.305236816,-0.14453125,-0.59375,-0.9921875,-6.828125,7.015625,0.875,-0.404296875,1.0859375,-0.087890625
3577,35734947,36034947,0.633911133,-0.241027832,-0.66784668,0.30670166,-0.14453125,-0.59375,-0.9921875,-6.828125,7.015625,0.875,-0.166015625,0.947265625,-0.1328125
3578,35743768,36043768,0.636901855,-0.238952637,-0.665283203,0.307617188,-0.19140625,-0.50390625,-0.73828125,-6.859375,7,0.7734375,-0.166015625,0.947265625,-0.1328125
3579,35754674,36054674,0.640441895,-0.236938477,-0.66229248,0.308349609,-0.19140625,-0.50390625,-0.73828125,-6.859375,7,0.7734375,0.05078125,0.994140625,-0.1328125
3580,35761974,36061974,0.644104004,-0.235107422,-0.659057617,0.308959961,-0.04296875,-0.48828125,-0.03125,-6.890625,6.984375,0.640625,0.05078125,0.994140625,-0.1328125
3581,35776283,36076283,0.648071289,-0.233032227,-0.655456543,0.309875488,-0.04296875,-0.48828125,-0.03125,-6.890625,6.984375,0.640625,-0.015625,1.18945312,-0.1015625
3582,35783275,36083275,0.652038574,-0.23059082,-0.651733398,0.311279297,0.33203125,-0.28125,-0.06640625,-6.921875,6.96875,0.484375,-0.015625,1.18945312,-0.1015625
3583,35796146,36096146,0.655517578,-0.228210449,-0.648376465,0.312866211,0.33203125,-0.28125,-0.06640625,-6.921875,6.96875,0.484375,-0.197265625,1.10546875,-0.0625
3584,35804610,36104610,0.658752441,-0.225646973,-0.645141602,0.31451416,-0.07421875,0.1171875,-0.33984375,-6.9375,6.953125,0.3359375,-0.197265625,1.10546875,-0.0625
3585,35814930,36114930,0.661682129,-0.223510742,-0.642272949,0.315795898,-0.07421875,0.1171875,-0.33984375,-6.9375,6.953125,0.3359375,-0.07421875,0.88671875,-0.076171875
3586,35823233,36123233,0.664367676,-0.221862793,-0.639709473,0.31652832,-0.71875,-0.1015625,-0.03125,-6.9453125,6.9453125,0.21875,-0.07421875,0.88671875,-0.076171875
3587,35836200,36136200,0.666687012,-0.22052002,-0.637512207,0.317077637,-0.71875,-0.1015625,-0.03125,-6.9453125,6.9453125,0.21875,-0.001953125,0.685546875,-0.08203125
3588,35842935,36142935,0.668945312,-0.218811035,-0.635314941,0.317871094,-0.39453125,0.2109375,1.265625,-6.9609375,6.9375,0.109375,-0.001953125,0.685546875,-0.08203125
3589,35853656,36153656,0.671142578,-0.216186523,-0.633056641,0.319519043,-0.39453125,0.2109375,1.265625,-6.9609375,6.9375,0.109375,-0.462890625,0.884765625,-0.11328125
3590,35863314,36163314,0.673217773,-0.212585449,-0.63079834,0.322021484,-0.03515625,0.6484375,1.69140625,-6.9765625,6.921875,0.03125,-0.462890625,0.884765625,-0.11328125
3591,35876891,36176891,0.675537109,-0.207885742,-0.628234863,0.325256348,-0.03515625,0.6484375,1.69140625,-6.9765625,6.921875,0.03125,-0.7734375,1.06445312,-0.16015625
3592,35885601,36185601,0.677734375,-0.203491211,-0.625793457,0.328125,0.06640625,-0.01953125,0.3203125,-7,6.8984375,-0.015625,-0.7734375,1.06445312,-0.16015625
3593,35895236,36195236,0.680114746,-0.199401855,-0.623352051,0.330322266,0.06640625,-0.01953125,0.3203125,-7,6.8984375,-0.015625,-0.427734375,0.8671875,-0.234375
3594,35903834,36203834,0.682128906,-0.196289062,-0.621582031,0.331420898,-0.80078125,-0.67578125,-0.27734375,-7.015625,6.8671875,-0.0703125,-0.427734375,0.8671875,-0.234375
3595,35915544,36215544,0.68359375,-0.193969727,-0.620422363,0.331848145,-0.80078125,-0.67578125,-0.27734375,-7.015625,6.8671875,-0.0703125,-0.166015625,0.40234375,-0.259765625
3596,35921524,36221524,0.684692383,-0.192016602,-0.619812012,0.331970215,-1.53515625,-0.4921875,0.69140625,-7.046875,6.8359375,-0.1171875,-0.166015625,0.40234375,-0.259765625
3597,35935832,36235832,0.68560791,-0.189941406,-0.619262695,0.332275391,-1.53515625,-0.4921875,0.69140625,-7.046875,6.8359375,-0.1171875,-0.26953125,0.345703125,-0.244140625
3598,35944071,36244071,0.686401367,-0.1875,-0.618652344,0.333129883,-0.234375,0,0.9140625,-7.0859375,6.8046875,-0.1484375,-0.26953125,0.345703125,-0.244140625
3599,35955384,36255384,0.687011719,-0.184753418,-0.617858887,0.334777832,-0.234375,0,0.9140625,-7.0859375,6.8046875,-0.1484375,-0.568359375,0.431640625,-0.111328125
3600,35963609,36263609,0.687438965,-0.18182373,-0.617004395,0.337097168,0.2890625,0.09765625,0.30859375,-7.109375,6.78125,-0.15625,-0.568359375,0.431640625,-0.111328125
3601,35977366,36277366,0.687744141,-0.178833008,-0.616027832,0.339904785,0.2890625,0.09765625,0.30859375,-7.109375,6.78125,-0.15625,-0.744140625,0.4765625,0.013671875
3602,35981104,36281104,0.687927246,-0.176147461,-0.61505127,0.342651367,0.25,0.14453125,0.390625,-7.109375,6.7734375,-0.125,-0.744140625,0.4765625,0.013671875
3603,35995011,36295011,0.688354492,-0.17388916,-0.613830566,0.345092773,0.25,0.14453125,0.390625,-7.109375,6.7734375,-0.125,-0.400390625,0.421875,0.048828125
3604,36002690,36302690,0.689086914,-0.172546387,-0.612609863,0.346496582,-0.37109375,-0.4375,0.453125,-7.1015625,6.78125,-0.109375,-0.400390625,0.421875,0.048828125
3605,36016711,36316711,0.690002441,-0.17199707,-0.61151123,0.346984863,-0.37109375,-0.4375,0.453125,-7.1015625,6.78125,-0.109375,0.04296875,0.271484375,0.02734375
3606,36023057,36323057,0.690734863,-0.171936035,-0.610656738,0.347045898,-1.05859375,-0.63671875,0.328125,-7.1015625,6.7890625,-0.140625,0.04296875,0.271484375,0.02734375
3607,36036594,36336594,0.691345215,-0.171936035,-0.610046387,0.346801758,-1.05859375,-0.63671875,0.328125,-7.1015625,6.7890625,-0.140625,0.076171875,0.099609375,-0.0390625
3608,36045613,36345613,0.691772461,-0.17175293,-0.609802246,0.346496582,-0.75390625,-0.33203125,0.09375,-7.1015625,6.7890625,-0.171875,0.076171875,0.099609375,-0.0390625
3609,36058932,36358932,0.692016602,-0.171508789,-0.609741211,0.346252441,-0.75390625,-0.33203125,0.09375,-7.1015625,6.7890625,-0.171875,0,0.03125,-0.083984375
3610,36063665,36363665,0.692016602,-0.171325684,-0.609924316,0.346069336,-0.78515625,-0.4296875,0.4921875,-7.109375,6.7734375,-0.1875,0,0.03125,-0.083984375
3611,36076590,36376590,0.691650391,-0.171630859,-0.610351562,0.34588623,-0.78515625,-0.4296875,0.4921875,-7.109375,6.7734375,-0.1875,0.037109375,-0.2109375,0.056640625
3612,36081370,36381370,0.690734863,-0.172851562,-0.61114502,0.345703125,-0.9296875,-0.421875,0.67578125,-7.1171875,6.765625,-0.1796875,0.037109375,-0.2109375,0.056640625
3613,36096349,36396349,0.68951416,-0.174682617,-0.612060547,0.34552002,-0.9296875,-0.421875,0.67578125,-7.1171875,6.765625,-0.1796875,0.169921875,-0.505859375,0.25390625
3614,36101168,36401168,0.687988281,-0.177124023,-0.61328125,0.345275879,-0.4921875,0.0546875,1.2890625,-7.09375,6.7890625,-0.140625,0.169921875,-0.505859375,0.25390625
3615,36116458,36416458,0.686584473,-0.179382324,-0.614257812,0.345153809,-0.4921875,0.0546875,1.2890625,-7.09375,6.7890625,-0.140625,0.1484375,-0.447265625,0.26171875
3616,36125481,36425481,0.685241699,-0.181335449,-0.61517334,0.345092773,-0.21875,0.234375,1.1953125,-7.0625,6.8359375,-0.0859375,0.1484375,-0.447265625,0.26171875
3617,36137856,36437856,0.684020996,-0.182861328,-0.616088867,0.345092773,-0.21875,0.234375,1.1953125,-7.0625,6.8359375,-0.0859375,0.0546875,-0.369140625,0.166015625
3618,36141482,36441482,0.682922363,-0.184082031,-0.61706543,0.344970703,-0.40234375,0.16796875,0.07421875,-7.03125,6.8671875,-0.0390625,0.0546875,-0.369140625,0.166015625
3619,36156763,36456763,0.681640625,-0.185302734,-0.618347168,0.344482422,-0.40234375,0.16796875,0.07421875,-7.03125,6.8671875,-0.0390625,0.095703125,-0.43359375,0.025390625
3620,36161557,36461557,0.680480957,-0.186401367,-0.619750977,0.34362793,-0.5234375,-0.1875,-0.0859375,-7.0234375,6.875,0.0078125,0.095703125,-0.43359375,0.025390625
3621,36176420,36476420,0.679199219,-0.18762207,-0.621520996,0.342346191,-0.5234375,-0.1875,-0.0859375,-7.0234375,6.875,0.0078125,0.19140625,-0.5390625,-0.08203125
3622,36182782,36482782,0.677856445,-0.188964844,-0.623413086,0.340881348,-0.6015625,-0.5625,0.05859375,-7.0234375,6.8671875,0.0546875,0.19140625,-0.5390625,-0.08203125
3623,36195329,36495329,0.676269531,-0.190429688,-0.625549316,0.339233398,-0.6015625,-0.5625,0.05859375,-7.0234375,6.8671875,0.0546875,0.21875,-0.6875,-0.08203125
3624,36210206,36510206,0.674499512,-0.192077637,-0.627807617,0.337585449,-0.5078125,-0.62109375,0.1875,-7.0390625,6.8515625,0.1171875,0.21875,-0.6875,-0.08203125
3625,36214537,36514537,0.672668457,-0.193908691,-0.630126953,0.3359375,-0.5078125,-0.62109375,0.1875,-7.0390625,6.8515625,0.1171875,0.244140625,-0.72265625,-0.03515625
3626,36223110,36523110,0.670898438,-0.195861816,-0.632324219,0.334289551,-0.39453125,-0.77734375,0.578125,-7.0390625,6.8515625,0.1875,0.244140625,-0.72265625,-0.03515625
3627,36236154,36536154,0.669067383,-0.197937012,-0.634521484,0.332458496,-0.39453125,-0.77734375,0.578125,-7.0390625,6.8515625,0.1875,0.31640625,-0.748046875,-0.0234375
3628,36242558,36542558,0.667175293,-0.200134277,-0.63684082,0.330505371,-0.4921875,-0.61328125,0.23828125,-7.0546875,6.84375,0.2578125,0.31640625,-0.748046875,-0.0234375
3629,36256045,36556045,0.665161133,-0.202453613,-0.639404297,0.32824707,-0.4921875,-0.61328125,0.23828125,-7.0546875,6.84375,0.2578125,0.365234375,-0.8828125,-0.091796875
3630,36261103,36561103,0.662902832,-0.204711914,-0.642272949,0.325744629,-0.68359375,-0.1875,0.17578125,-7.0546875,6.8359375,0.3203125,0.365234375,-0.8828125,-0.091796875
3631,36276826,36576826,0.660339355,-0.20703125,-0.645507812,0.323120117,-0.68359375,-0.1875,0.17578125,-7.0546875,6.8359375,0.3203125,0.3359375,-1.03320312,-0.140625
3632,36284612,36584612,0.657836914,-0.209350586,-0.648620605,0.320556641,-0.40234375,0.05859375,0.3125,-7.0703125,6.8203125,0.4140625,0.3359375,-1.03320312,-0.140625
3633,36297347,36597347,0.655151367,-0.212158203,-0.651733398,0.317749023,-0.40234375,0.05859375,0.3125,-7.0703125,6.8203125,0.4140625,0.439453125,-0.9765625,-0.07421875
3634,36301104,36601104,0.653076172,-0.214599609,-0.65423584,0.315246582,0.2109375,0.57421875,0.44921875,-7.0703125,6.8046875,0.5078125,0.439453125,-0.9765625,-0.07421875
3635,36317277,36617277,0.651245117,-0.216674805,-0.656555176,0.312805176,0.2109375,0.57421875,0.44921875,-7.0703125,6.8046875,0.5078125,0.287109375,-0.658203125,-0.123046875
3636,36321018,36621018,0.649719238,-0.217773438,-0.658508301,0.311096191,0.37109375,0.50390625,0.38671875,-7.078125,6.796875,0.5703125,0.287109375,-0.658203125,-0.123046875
3637,36337908,36637908,0.648071289,-0.218383789,-0.660583496,0.309753418,0.37109375,0.50390625,0.38671875,-7.078125,6.796875,0.5703125,0.021484375,-0.578125,-0.1640625
3638,36342565,36642565,0.64642334,-0.21887207,-0.662658691,0.308349609,-0.33984375,-0.20703125,-0.26171875,-7.09375,6.78125,0.640625,0.021484375,-0.578125,-0.1640625
3639,36357688,36657688,0.64465332,-0.219848633,-0.664978027,0.30645752,-0.33984375,-0.20703125,-0.26171875,-7.09375,6.78125,0.640625,0.21484375,-0.677734375,-0.193359375
3640,36366246,36666246,0.643005371,-0.221069336,-0.667114258,0.304321289,-0.27734375,-0.4453125,-0.64453125,-7.1171875,6.75,0.71875,0.21484375,-0.677734375,-0.193359375
3641,36378855,36678855,0.641357422,-0.222839355,-0.669311523,0.301696777,-0.27734375,-0.4453125,-0.64453125,-7.1171875,6.75,0.71875,0.400390625,-0.701171875,-0.162109375
3642,36383433,36683433,0.639831543,-0.224731445,-0.671264648,0.299133301,-0.1171875,-0.65234375,-0.31640625,-7.125,6.7265625,0.7734375,0.400390625,-0.701171875,-0.162109375
3643,36395338,36695338,0.638122559,-0.227172852,-0.673400879,0.296203613,-0.1171875,-0.65234375,-0.31640625,-7.125,6.7265625,0.7734375,0.521484375,-0.78125,-0.11328125
3644,36402657,36702657,0.636413574,-0.229797363,-0.675415039,0.293273926,-0.26171875,-0.7578125,-0.625,-7.1328125,6.71875,0.8125,0.521484375,-0.78125,-0.11328125
3645,36416139,36716139,0.634399414,-0.233154297,-0.67767334,0.289733887,-0.26171875,-0.7578125,-0.625,-7.1328125,6.71875,0.8125,0.666015625,-0.8984375,-0.076171875
3646,36422139,36722139,0.632446289,-0.23651123,-0.67980957,0.286315918,-0.03125,-0.22265625,-0.48046875,-7.1328125,6.71875,0.859375,0.666015625,-0.8984375,-0.076171875
3647,36435629,36735629,0.630554199,-0.24005127,-0.681762695,0.282897949,-0.03125,-0.22265625,-0.48046875,-7.1328125,6.71875,0.859375,0.71875,-0.83984375,-0.04296875
3648,36451081,36751081,0.628845215,-0.243286133,-0.68347168,0.279724121,0.234375,0.1328125,-0.35546875,-7.1328125,6.7109375,0.890625,0.71875,-0.83984375,-0.04296875
3649,36457606,36757606,0.627075195,-0.246582031,-0.685180664,0.276611328,0.234375,0.1328125,-0.35546875,-7.1328125,6.7109375,0.890625,0.6171875,-0.78125,-0.01171875
3650,36461227,36761227,0.625244141,-0.249633789,-0.686889648,0.273742676,0.3359375,0.390625,-0.33984375,-7.1171875,6.71875,0.9140625,0.6171875,-0.78125,-0.01171875
3651,36476304,36776304,0.62322998,-0.252929688,-0.688720703,0.270751953,0.3359375,0.390625,-0.33984375,-7.1171875,6.71875,0.9140625,0.603515625,-0.79296875,-0.001953125
3652,36483155,36783155,0.621276855,-0.256225586,-0.690368652,0.267700195,0.28125,0.22265625,-0.2578125,-7.1015625,6.734375,0.9453125,0.603515625,-0.79296875,-0.001953125
3653,36495334,36795334,0.619445801,-0.25982666,-0.691894531,0.264648438,0.28125,0.22265625,-0.2578125,-7.1015625,6.734375,0.9453125,0.734375,-0.78125,0.05078125
3654,36502507,36802507,0.617797852,-0.26348877,-0.693115234,0.26171875,0.3046875,0.24609375,-0.2421875,-7.0859375,6.75,0.96875,0.734375,-0.78125,0.05078125
3655,36516591,36816591,0.616027832,-0.26751709,-0.694335938,0.258605957,0.3046875,0.24609375,-0.2421875,-7.0859375,6.75,0.96875,0.75390625,-0.72265625,0.099609375
3656,36525308,36825308,0.614196777,-0.27130127,-0.695556641,0.25567627,0.203125,0.4140625,-0.05859375,-7.0625,6.7734375,0.9765625,0.75390625,-0.72265625,0.099609375
3657,36536130,36836130,0.612060547,-0.274841309,-0.696960449,0.253112793,0.203125,0.4140625,-0.05859375,-7.0625,6.7734375,0.9765625,0.587890625,-0.818359375,0.125
3658,36544458,36844458,0.609741211,-0.278259277,-0.698486328,0.250671387,-0.05078125,0.3515625,-0.34375,-7.0390625,6.796875,0.9921875,0.587890625,-0.818359375,0.125
3659,36557102,36857102,0.60748291,-0.281677246,-0.700012207,0.248352051,-0.05078125,0.3515625,-0.34375,-7.0390625,6.796875,0.9921875,0.580078125,-0.783203125,0.1328125
3660,36560839,36860839,0.60534668,-0.28515625,-0.701293945,0.245788574,0.07421875,0.2421875,-0.23046875,-7.0078125,6.828125,1.03125,0.580078125,-0.783203125,0.1328125
3661,36577056,36877056,0.603210449,-0.289367676,-0.702453613,0.242736816,0.07421875,0.2421875,-0.23046875,-7.0078125,6.828125,1.03125,0.833984375,-0.830078125,0.13671875
3662,36580803,36880803,0.601196289,-0.293579102,-0.703552246,0.239624023,0.03515625,0.08984375,-0.3203125,-6.96875,6.8671875,1.046875,0.833984375,-0.830078125,0.13671875
3663,36597305,36897305,0.599121094,-0.297912598,-0.704528809,0.236450195,0.03515625,0.08984375,-0.3203125,-6.96875,6.8671875,1.046875,0.748046875,-0.7421875,0.15625
3664,36605223,36905223,0.597167969,-0.301513672,-0.705505371,0.233886719,0.30859375,0.25,-0.08984375,-6.9375,6.8984375,1.046875,0.748046875,-0.7421875,0.15625
3665,36615905,36915905,0.595092773,-0.305053711,-0.706542969,0.231445312,0.30859375,0.25,-0.08984375,-6.9375,6.8984375,1.046875,0.58203125,-0.712890625,0.162109375
3666,36622280,36922280,0.592895508,-0.308349609,-0.707702637,0.229187012,0.15625,-0.01953125,-0.40625,-6.8984375,6.9375,1.0546875,0.58203125,-0.712890625,0.162109375
3667,36637165,36937165,0.590698242,-0.311584473,-0.70892334,0.226745605,0.15625,-0.01953125,-0.40625,-6.8984375,6.9375,1.0546875,0.556640625,-0.76171875,0.095703125
3668,36640895,36940895,0.588623047,-0.314697266,-0.710083008,0.224243164,0.27734375,-0.08984375,-0.3125,-6.8671875,6.96875,1.078125,0.556640625,-0.76171875,0.095703125
3669,36657445,36957445,0.586669922,-0.31817627,-0.71105957,0.221374512,0.27734375,-0.08984375,-0.3125,-6.8671875,6.96875,1.078125,0.697265625,-0.70703125,0.072265625
3670,36661196,36961196,0.584960938,-0.321411133,-0.711853027,0.218566895,0.0546875,-0.03515625,-0.3203125,-6.8359375,6.9921875,1.0859375,0.697265625,-0.70703125,0.072265625
3671,36676411,36976411,0.583312988,-0.324645996,-0.712585449,0.215759277,0.0546875,-0.03515625,-0.3203125,-6.8359375,6.9921875,1.0859375,0.62890625,-0.60546875,0.052734375
3672,36684350,36984350,0.581726074,-0.327453613,-0.713378906,0.213195801,0.18359375,0.171875,-0.24609375,-6.8125,7.015625,1.0859375,0.62890625,-0.60546875,0.052734375
3673,36696884,36996884,0.58026123,-0.329956055,-0.714111328,0.210876465,0.18359375,0.171875,-0.24609375,-6.8125,7.015625,1.0859375,0.49609375,-0.548828125,0.02734375
3674,36701930,37001930,0.578857422,-0.332336426,-0.714782715,0.208679199,0.3203125,-0.15234375,-0.58984375,-6.796875,7.03125,1.0859375,0.49609375,-0.548828125,0.02734375
3675,36716820,37016820,0.577392578,-0.334899902,-0.715454102,0.206298828,0.3203125,-0.15234375,-0.58984375,-6.796875,7.03125,1.0859375,0.5703125,-0.5390625,0.037109375
3676,36721864,37021864,0.57598877,-0.33782959,-0.716003418,0.203735352,0.23046875,-0.16796875,-0.359375,-6.78125,7.046875,1.0859375,0.5703125,-0.5390625,0.037109375
3677,36738196,37038196,0.574829102,-0.340332031,-0.716308594,0.201660156,0.23046875,-0.16796875,-0.359375,-6.78125,7.046875,1.0859375,0.53515625,-0.42578125,0.06640625
3678,36741988,37041988,0.573852539,-0.342590332,-0.716491699,0.199951172,0.59765625,0.046875,-0.15234375,-6.765625,7.0625,1.0703125,0.53515625,-0.42578125,0.06640625
3679,36756894,37056894,0.572998047,-0.344543457,-0.71661377,0.198547363,0.59765625,0.046875,-0.15234375,-6.765625,7.0625,1.0703125,0.359375,-0.26171875,0.09375
3680,36765609,37065609,0.57232666,-0.346191406,-0.71661377,0.197570801,0.57421875,0.25390625,-0.17578125,-6.7421875,7.0859375,1.0546875,0.359375,-0.26171875,0.09375
3681,36777154,37077154,0.571716309,-0.347595215,-0.71661377,0.196777344,0.57421875,0.25390625,-0.17578125,-6.7421875,7.0859375,1.0546875,0.236328125,-0.162109375,0.087890625
3682,36780895,37080895,0.571350098,-0.348632812,-0.71661377,0.196289062,0.48046875,0.20703125,-0.19921875,-6.7265625,7.09375,1.0390625,0.236328125,-0.162109375,0.087890625
3683,36796697,37096697,0.571044922,-0.349365234,-0.716552734,0.196044922,0.48046875,0.20703125,-0.19921875,-6.7265625,7.09375,1.0390625,0.080078125,-0.044921875,0.05859375
3684,36801746,37101746,0.570922852,-0.34967041,-0.716430664,0.196044922,0.46484375,0.109375,-0.10546875,-6.7109375,7.1171875,1.0234375,0.080078125,-0.044921875,0.05859375
3685,36815304,37115304,0.570983887,-0.34967041,-0.716369629,0.196228027,0.46484375,0.109375,-0.10546875,-6.7109375,7.1171875,1.0234375,-0.060546875,0.046875,0.01953125
3686,36823573,37123573,0.571105957,-0.349243164,-0.716369629,0.196716309,0.45703125,0.17578125,-0.22265625,-6.703125,7.125,1.0234375,-0.060546875,0.046875,0.01953125
3687,36836197,37136197,0.571411133,-0.348449707,-0.716308594,0.197387695,0.45703125,0.17578125,-0.22265625,-6.703125,7.125,1.0234375,-0.216796875,0.15234375,-0.0078125
3688,36844609,37144609,0.571777344,-0.347412109,-0.716247559,0.198364258,0.45703125,0.18359375,-0.3828125,-6.703125,7.1171875,1.03125,-0.216796875,0.15234375,-0.0078125
3689,36855470,37155470,0.572265625,-0.346130371,-0.716125488,0.199645996,0.45703125,0.18359375,-0.3828125,-6.703125,7.1171875,1.03125,-0.322265625,0.240234375,0.013671875
3690,36863720,37163720,0.572875977,-0.344665527,-0.715942383,0.201171875,0.5703125,0.22265625,-0.4296875,-6.703125,7.1171875,1.0390625,-0.322265625,0.240234375,0.013671875
3691,36876194,37176194,0.573608398,-0.342834473,-0.715637207,0.203125,0.5703125,0.22265625,-0.4296875,-6.703125,7.1171875,1.0390625,-0.466796875,0.388671875,0.029296875
3692,36881245,37181245,0.574584961,-0.340637207,-0.715209961,0.205444336,0.65625,0.19140625,-0.17578125,-6.7109375,7.109375,1.0546875,-0.466796875,0.388671875,0.029296875
3693,36897204,37197204,0.575805664,-0.338195801,-0.71472168,0.208007812,0.65625,0.19140625,-0.17578125,-6.7109375,7.109375,1.0546875,-0.58984375,0.537109375,0.03125
3694,36900957,37200957,0.577087402,-0.335571289,-0.714111328,0.210754395,0.55078125,0.19921875,-0.3828125,-6.71875,7.1015625,1.0703125,-0.58984375,0.537109375,0.03125
3695,36917623,37217623,0.578735352,-0.332519531,-0.713256836,0.213928223,0.55078125,0.19921875,-0.3828125,-6.71875,7.1015625,1.0703125,-0.671875,0.701171875,0.017578125
3696,36925613,37225613,0.580505371,-0.329406738,-0.712280273,0.217102051,0.44140625,0.0546875,-0.49609375,-6.7265625,7.09375,1.0703125,-0.671875,0.701171875,0.017578125
3697,36937931,37237931,0.582580566,-0.325927734,-0.711120605,0.220581055,0.44140625,0.0546875,-0.49609375,-6.7265625,7.09375,1.0703125,-0.724609375,0.826171875,0.005859375
3698,36941704,37241704,0.584777832,-0.322509766,-0.709838867,0.223999023,0.44921875,0.109375,-0.7578125,-6.734375,7.078125,1.0625,-0.724609375,0.826171875,0.005859375
3699,36956539,37256539,0.587341309,-0.318725586,-0.708190918,0.227844238,0.44921875,0.109375,-0.7578125,-6.734375,7.078125,1.0625,-0.7421875,0.9609375,0.0078125
3700,36961583,37261583,0.589904785,-0.315063477,-0.706481934,0.231567383,0.234375,0.0078125,-0.8203125,-6.75,7.0625,1.046875,-0.7421875,0.9609375,0.0078125
3701,36977596,37277596,0.592468262,-0.311462402,-0.704711914,0.235351562,0.234375,0.0078125,-0.8203125,-6.75,7.0625,1.046875,-0.71875,0.962890625,0.04296875
3702,36981345,37281345,0.594909668,-0.308105469,-0.702880859,0.239013672,0.18359375,0.36328125,-0.75,-6.7734375,7.0546875,1.015625,-0.71875,0.962890625,0.04296875
3703,36996125,37296125,0.59753418,-0.304504395,-0.700805664,0.243103027,0.18359375,0.36328125,-0.75,-6.7734375,7.0546875,1.015625,-0.744140625,1.04492188,0.103515625
3704,37004609,37304609,0.600158691,-0.30090332,-0.698608398,0.247558594,0.3828125,0.5625,-0.44921875,-6.78125,7.046875,0.984375,-0.744140625,1.04492188,0.103515625
3705,37017277,37317277,0.602844238,-0.297180176,-0.696105957,0.252319336,0.3828125,0.5625,-0.44921875,-6.78125,7.046875,0.984375,-0.8125,1.171875,0.197265625
3706,37021027,37321027,0.605651855,-0.293640137,-0.69354248,0.257019043,0.49609375,0.66015625,-0.55859375,-6.78125,7.0625,0.9375,-0.8125,1.171875,0.197265625
3707,37038068,37338068,0.608703613,-0.289794922,-0.690551758,0.262023926,0.49609375,0.66015625,-0.55859375,-6.78125,7.0625,0.9375,-0.7734375,1.25,0.2109375
3708,37041824,37341824,0.611450195,-0.286315918,-0.687683105,0.266784668,0.40625,0.62109375,-0.65625,-6.765625,7.0625,0.8828125,-0.7734375,1.25,0.2109375
3709,37057524,37357524,0.614318848,-0.282470703,-0.684631348,0.272216797,0.40625,0.62109375,-0.65625,-6.765625,7.0625,0.8828125,-0.849609375,1.23632812,0.279296875
3710,37061853,37361853,0.616882324,-0.278808594,-0.68170166,0.27746582,0.3125,0.78125,-0.6328125,-6.75,7.09375,0.8203125,-0.849609375,1.23632812,0.279296875
3711,37076280,37376280,0.619567871,-0.274780273,-0.678527832,0.283325195,0.3125,0.78125,-0.6328125,-6.75,7.09375,0.8203125,-0.939453125,1.28125,0.33203125
3712,37084604,37384604,0.622009277,-0.270996094,-0.675476074,0.288879395,0.3671875,0.68359375,-0.8203125,-6.7265625,7.1171875,0.78125,-0.939453125,1.28125,0.33203125
3713,37097851,37397851,0.624633789,-0.267333984,-0.672119141,0.294433594,0.3671875,0.68359375,-0.8203125,-6.7265625,7.1171875,0.78125,-0.779296875,1.2421875,0.3359375
3714,37101592,37401592,0.627197266,-0.264221191,-0.668701172,0.299316406,0.2578125,0.11328125,-0.97265625,-6.6953125,7.1484375,0.7421875,-0.779296875,1.2421875,0.3359375
3715,37116757,37416757,0.630065918,-0.261474609,-0.665039062,0.303894043,0.2578125,0.11328125,-0.97265625,-6.6953125,7.1484375,0.7421875,-0.513671875,1.19335938,0.333984375
3716,37125970,37425970,0.632873535,-0.259155273,-0.661315918,0.308105469,-0.04296875,-0.125,-0.97265625,-6.6640625,7.1953125,0.6640625,-0.513671875,1.19335938,0.333984375
3717,37137480,37437480,0.635803223,-0.257141113,-0.657531738,0.311950684,-0.04296875,-0.125,-0.97265625,-6.6640625,7.1953125,0.6640625,-0.3515625,1.20117188,0.314453125
3718,37141222,37441222,0.63873291,-0.255187988,-0.653808594,0.315368652,-0.2734375,-0.23046875,-0.6796875,-6.625,7.2265625,0.5625,-0.3515625,1.20117188,0.314453125
3719,37155956,37455956,0.642089844,-0.253234863,-0.649658203,0.318725586,-0.2734375,-0.23046875,-0.6796875,-6.625,7.2265625,0.5625,-0.2109375,1.22070312,0.2578125
3720,37171212,37471212,0.645446777,-0.251464844,-0.645568848,0.321655273,-0.1484375,-0.4609375,-0.78515625,-6.59375,7.265625,0.4375,-0.2109375,1.22070312,0.2578125
3721,37176708,37476708,0.648681641,-0.249694824,-0.641662598,0.324279785,-0.1484375,-0.4609375,-0.78515625,-6.59375,7.265625,0.4375,-0.17578125,1.15625,0.14453125
3722,37185405,37485405,0.651977539,-0.247680664,-0.637878418,0.326538086,-0.171875,-0.37890625,-0.5078125,-6.5703125,7.296875,0.3125,-0.17578125,1.15625,0.14453125
3723,37196236,37496236,0.655395508,-0.245788574,-0.634155273,0.328430176,-0.171875,-0.37890625,-0.5078125,-6.5703125,7.296875,0.3125,-0.03125,1.125,0.0546875
3724,37206473,37506473,0.658813477,-0.244262695,-0.630432129,0.329956055,-0.44921875,-1.0078125,-0.3671875,-6.5625,7.3125,0.171875,-0.03125,1.125,0.0546875
3725,37215662,37515662,0.66204834,-0.242980957,-0.626708984,0.331420898,-0.44921875,-1.0078125,-0.3671875,-6.5625,7.3125,0.171875,0.048828125,1.0078125,0.119140625
3726,37223371,37523371,0.665039062,-0.241943359,-0.62322998,0.332824707,-0.734375,-0.96875,0.08984375,-6.546875,7.3125,0.0234375,0.048828125,1.0078125,0.119140625
3727,37236905,37536905,0.667541504,-0.241088867,-0.620178223,0.33416748,-0.734375,-0.96875,0.08984375,-6.546875,7.3125,0.0234375,0.02734375,0.775390625,0.126953125
3728,37244490,37544490,0.669677734,-0.240234375,-0.617492676,0.335449219,-1.0625,-0.07421875,0.21484375,-6.5234375,7.3359375,-0.1015625,0.02734375,0.775390625,0.126953125
3729,37256388,37556388,0.671508789,-0.239135742,-0.61505127,0.337097168,-1.0625,-0.07421875,0.21484375,-6.5234375,7.3359375,-0.1015625,-0.205078125,0.732421875,0.12109375
3730,37262143,37562143,0.673095703,-0.237304688,-0.612670898,0.339416504,-0.51171875,0.44921875,1.1796875,-6.5,7.3515625,-0.1875,-0.205078125,0.732421875,0.12109375
3731,37276499,37576499,0.674682617,-0.23449707,-0.610168457,0.342773438,-0.51171875,0.44921875,1.1796875,-6.5,7.3515625,-0.1875,-0.69140625,0.912109375,0.130859375
3732,37284476,37584476,0.676147461,-0.230773926,-0.60748291,0.347106934,0.0859375,0.4609375,1.19140625,-6.484375,7.375,-0.234375,-0.69140625,0.912109375,0.130859375
3733,37296536,37596536,0.677612305,-0.2265625,-0.604736328,0.351867676,0.0859375,0.4609375,1.19140625,-6.484375,7.375,-0.234375,-0.984375,1.12304688,0.12109375
3734,37302672,37602672,0.679260254,-0.222167969,-0.601745605,0.356628418,0.12890625,0.25390625,0.4296875,-6.453125,7.390625,-0.2421875,-0.984375,1.12304688,0.12109375
3735,37315846,37615846,0.681213379,-0.218322754,-0.598693848,0.360412598,0.12890625,0.25390625,0.4296875,-6.453125,7.390625,-0.2421875,-0.541015625,1.02929688,0.03515625
3736,37324496,37624496,0.68347168,-0.215698242,-0.595825195,0.362426758,-0.7265625,-0.44921875,0.140625,-6.4375,7.40625,-0.2578125,-0.541015625,1.02929688,0.03515625
3737,37335624,37635624,0.685913086,-0.214538574,-0.593261719,0.362609863,-0.7265625,-0.44921875,0.140625,-6.4375,7.40625,-0.2578125,0.322265625,0.650390625,-0.08984375
3738,37343499,37643499,0.688537598,-0.214355469,-0.591003418,0.361572266,-1.71484375,-1.8671875,0.46484375,-6.4453125,7.40625,-0.3515625,0.322265625,0.650390625,-0.08984375
3739,37359064,37659064,0.690734863,-0.214477539,-0.589172363,0.360168457,-1.71484375,-1.8671875,0.46484375,-6.4453125,7.40625,-0.3515625,0.416015625,0.39453125,-0.12890625
3740,37364491,37664491,0.692626953,-0.214233398,-0.58770752,0.359069824,-1.36328125,-1.53515625,0.48046875,-6.453125,7.3828125,-0.484375,0.416015625,0.39453125,-0.12890625
3741,37378446,37678446,0.694335938,-0.213195801,-0.586425781,0.358520508,-1.36328125,-1.53515625,0.48046875,-6.453125,7.3828125,-0.484375,-0.03515625,0.443359375,-0.203125
3742,37382885,37682885,0.695556641,-0.211120605,-0.585388184,0.359069824,-0.16015625,-0.171875,0.375,-6.46875,7.359375,-0.5703125,-0.03515625,0.443359375,-0.203125
3743,37396047,37696047,0.696533203,-0.208068848,-0.584411621,0.360534668,-0.16015625,-0.171875,0.375,-6.46875,7.359375,-0.5703125,-0.533203125,0.537109375,-0.212890625
3744,37404487,37704487,0.69732666,-0.204711914,-0.583435059,0.362548828,0.25390625,-0.03515625,0.66015625,-6.5,7.3359375,-0.5859375,-0.533203125,0.537109375,-0.212890625
3745,37415980,37715980,0.698120117,-0.201660156,-0.582397461,0.364379883,0.25390625,-0.03515625,0.66015625,-6.5,7.3359375,-0.5859375,-0.474609375,0.51953125,-0.1640625
3746,37423488,37723488,0.698913574,-0.199279785,-0.581481934,0.365600586,-0.95703125,-0.96875,0.65234375,-6.515625,7.3125,-0.578125,-0.474609375,0.51953125,-0.1640625
3747,37436852,37736852,0.699645996,-0.198120117,-0.580871582,0.365783691,-0.95703125,-0.96875,0.65234375,-6.515625,7.3125,-0.578125,0.04296875,0.15234375,-0.134765625
3748,37445619,37745619,0.700256348,-0.197814941,-0.580749512,0.364990234,-1.32421875,-0.83984375,0.78125,-6.53125,7.296875,-0.59375,0.04296875,0.15234375,-0.134765625
3749,37456571,37756571,0.700866699,-0.197875977,-0.580810547,0.363769531,-1.32421875,-0.83984375,0.78125,-6.53125,7.296875,-0.59375,0.216796875,-0.01171875,-0.181640625
3750,37463169,37763169,0.70135498,-0.197692871,-0.580932617,0.362670898,-0.3359375,-0.1640625,0.69140625,-6.5625,7.2734375,-0.6171875,0.216796875,-0.01171875,-0.181640625
3751,37474772,37774772,0.701721191,-0.197143555,-0.581115723,0.361938477,-0.3359375,-0.1640625,0.69140625,-6.5625,7.2734375,-0.6171875,-0.021484375,0.033203125,-0.1953125
3752,37490215,37790215,0.701782227,-0.196166992,-0.581542969,0.361694336,0.00390625,0.703125,-0.05859375,-6.59375,7.25,-0.6328125,-0.021484375,0.033203125,-0.1953125
3753,37494717,37794717,0.70135498,-0.195007324,-0.582336426,0.361877441,0.00390625,0.703125,-0.05859375,-6.59375,7.25,-0.6328125,-0.265625,-0.107421875,-0.189453125
3754,37503412,37803412,0.700683594,-0.193786621,-0.583312988,0.362243652,0.1796875,1.33984375,-0.00390625,-6.6171875,7.2265625,-0.609375,-0.265625,-0.107421875,-0.189453125
3755,37515012,37815012,0.699951172,-0.192565918,-0.584289551,0.362731934,0.1796875,1.33984375,-0.00390625,-6.6171875,7.2265625,-0.609375,-0.3046875,-0.126953125,-0.1328125
3756,37525620,37825620,0.699157715,-0.191589355,-0.585266113,0.363342285,0.1328125,0.828125,0.58203125,-6.6484375,7.203125,-0.546875,-0.3046875,-0.126953125,-0.1328125
3757,37535694,37835694,0.698242188,-0.190612793,-0.586181641,0.363952637,0.1328125,0.828125,0.58203125,-6.6484375,7.203125,-0.546875,-0.318359375,-0.14453125,-0.087890625
3758,37543221,37843221,0.697387695,-0.18963623,-0.587097168,0.364746094,-0.234375,0.296875,0.3671875,-6.6640625,7.1953125,-0.484375,-0.318359375,-0.14453125,-0.087890625
3759,37556370,37856370,0.696533203,-0.188598633,-0.587890625,0.365539551,-0.234375,0.296875,0.3671875,-6.6640625,7.1953125,-0.484375,-0.3125,-0.083984375,-0.076171875
3760,37564793,37864793,0.695861816,-0.187683105,-0.588562012,0.366271973,-0.109375,0,-0.26953125,-6.671875,7.1875,-0.421875,-0.3125,-0.083984375,-0.076171875
3761,37578348,37878348,0.69519043,-0.187133789,-0.589233398,0.366821289,-0.109375,0,-0.26953125,-6.671875,7.1875,-0.421875,-0.17578125,-0.12890625,-0.029296875
3762,37581970,37881970,0.694519043,-0.187011719,-0.589904785,0.367004395,-0.37109375,-0.078125,-0.890625,-6.6796875,7.1875,-0.375,-0.17578125,-0.12890625,-0.029296875
3763,37596630,37896630,0.693786621,-0.187316895,-0.590698242,0.366943359,-0.37109375,-0.078125,-0.890625,-6.6796875,7.1875,-0.375,0.0078125,-0.251953125,0.0078125
3764,37605484,37905484,0.693054199,-0.188110352,-0.59161377,0.366516113,-0.4765625,-0.18359375,-0.5078125,-6.6875,7.1796875,-0.3359375,0.0078125,-0.251953125,0.0078125
3765,37615880,37915880,0.692321777,-0.189331055,-0.592529297,0.365722656,-0.4765625,-0.18359375,-0.5078125,-6.6875,7.1796875,-0.3359375,0.197265625,-0.34765625,0.04296875
3766,37621633,37921633,0.691589355,-0.190734863,-0.593444824,0.364807129,-0.515625,-0.53125,0.1953125,-6.6875,7.1796875,-0.3125,0.197265625,-0.34765625,0.04296875
3767,37635475,37935475,0.690734863,-0.192321777,-0.594482422,0.363891602,-0.515625,-0.53125,0.1953125,-6.6875,7.1796875,-0.3125,0.205078125,-0.41015625,0.068359375
3768,37650294,37950294,0.689819336,-0.193908691,-0.59564209,0.363098145,-0.4453125,-0.5,0.37109375,-6.6796875,7.1875,-0.296875,0.205078125,-0.41015625,0.068359375
3769,37654788,37954788,0.688598633,-0.195617676,-0.596984863,0.362243652,-0.4453125,-0.5,0.37109375,-6.6796875,7.1875,-0.296875,0.169921875,-0.49609375,0.083984375
3770,37662830,37962830,0.687316895,-0.19732666,-0.598449707,0.36138916,-0.609375,-0.390625,0.67578125,-6.671875,7.1953125,-0.2578125,0.169921875,-0.49609375,0.083984375
3771,37675822,37975822,0.68572998,-0.19921875,-0.600219727,0.360412598,-0.609375,-0.390625,0.67578125,-6.671875,7.1953125,-0.2578125,0.177734375,-0.638671875,0.076171875
3772,37685491,37985491,0.684020996,-0.201171875,-0.602111816,0.359375,-0.80078125,-0.4453125,0.8125,-6.671875,7.2109375,-0.203125,0.177734375,-0.638671875,0.076171875
3773,37695466,37995466,0.682006836,-0.203491211,-0.604309082,0.358154297,-0.80078125,-0.4453125,0.8125,-6.671875,7.2109375,-0.203125,0.212890625,-0.76953125,0.08984375
3774,37702388,38002388,0.679870605,-0.205871582,-0.606628418,0.356933594,-0.69140625,-0.29296875,0.8203125,-6.6640625,7.2109375,-0.1328125,0.212890625,-0.76953125,0.08984375
3775,37717675,38017675,0.67767334,-0.208251953,-0.608886719,0.355895996,-0.69140625,-0.29296875,0.8203125,-6.6640625,7.2109375,-0.1328125,0.17578125,-0.7890625,0.13671875
3776,37729107,38029107,0.675537109,-0.210449219,-0.610961914,0.355041504,-0.515625,0,0.90234375,-6.6484375,7.2265625,-0.0625,0.17578125,-0.7890625,0.13671875
3777,37739649,38039649,0.673217773,-0.212768555,-0.613098145,0.354431152,-0.515625,0,0.90234375,-6.6484375,7.2265625,-0.0625,0.083984375,-0.724609375,0.185546875
3778,37744348,38044348,0.671020508,-0.214904785,-0.61505127,0.354003906,-0.42578125,0.12890625,0.77734375,-6.625,7.25,0.0234375,0.083984375,-0.724609375,0.185546875
3779,37758293,38058293,0.668518066,-0.217224121,-0.61706543,0.353759766,-0.42578125,0.12890625,0.77734375,-6.625,7.25,0.0234375,0.05078125,-0.7265625,0.251953125
3780,37764952,38064952,0.666137695,-0.219543457,-0.618896484,0.353637695,-0.609375,-0.01171875,0.5,-6.59375,7.2734375,0.109375,0.05078125,-0.7265625,0.251953125
3781,37775435,38075435,0.663330078,-0.222351074,-0.62097168,0.35345459,-0.609375,-0.01171875,0.5,-6.59375,7.2734375,0.109375,0.091796875,-0.83984375,0.34375
3782,37782788,38082788,0.660339355,-0.225463867,-0.623168945,0.353271484,-0.6015625,-0.05078125,0.29296875,-6.5625,7.3125,0.203125,0.091796875,-0.83984375,0.34375
3783,37797207,38097207,0.656921387,-0.229003906,-0.625610352,0.352966309,-0.6015625,-0.05078125,0.29296875,-6.5625,7.3125,0.203125,0.142578125,-1.05664062,0.431640625
3784,37807630,38107630,0.653320312,-0.232727051,-0.628173828,0.352661133,-0.671875,-0.02734375,0.48828125,-6.4921875,7.3671875,0.3125,0.142578125,-1.05664062,0.431640625
3785,37815914,38115914,0.649108887,-0.237121582,-0.631164551,0.352294922,-0.671875,-0.02734375,0.48828125,-6.4921875,7.3671875,0.3125,0.158203125,-1.3203125,0.568359375
3786,37821911,38121911,0.644042969,-0.242370605,-0.634460449,0.352050781,-0.4375,-0.3515625,0.85546875,-6.421875,7.421875,0.4453125,0.158203125,-1.3203125,0.568359375
3787,37834818,38134818,0.63848877,-0.248046875,-0.637939453,0.351928711,-0.4375,-0.3515625,0.85546875,-6.421875,7.421875,0.4453125,0.12109375,-1.60351562,0.76171875
3788,37845601,38145601,0.632568359,-0.253601074,-0.641540527,0.352111816,-0.24609375,0.19921875,1.34375,-6.3046875,7.5234375,0.609375,0.12109375,-1.60351562,0.76171875
3789,37854886,38154886,0.626220703,-0.259277344,-0.645141602,0.352661133,-0.24609375,0.19921875,1.34375,-6.3046875,7.5234375,0.609375,-0.00390625,-1.62109375,0.87109375
3790,37861969,38161969,0.619689941,-0.264648438,-0.648803711,0.353515625,0.1796875,1.3984375,1.53125,-6.15625,7.625,0.8046875,-0.00390625,-1.62109375,0.87109375
3791,37875922,38175922,0.61315918,-0.269592285,-0.65246582,0.354431152,0.1796875,1.3984375,1.53125,-6.15625,7.625,0.8046875,-0.1640625,-1.63671875,0.818359375
3792,37884001,38184001,0.606262207,-0.274353027,-0.65637207,0.35546875,0.4453125,1.8828125,0.70703125,-6,7.71875,1.015625,-0.1640625,-1.63671875,0.818359375
3793,37897493,38197493,0.599487305,-0.278503418,-0.66015625,0.356750488,0.4453125,1.8828125,0.70703125,-6,7.71875,1.015625,-0.376953125,-1.515625,0.75
3794,37903637,38203637,0.593200684,-0.28137207,-0.663635254,0.358520508,0.671875,1.6328125,0.9609375,-5.84375,7.8125,1.2578125,-0.376953125,-1.515625,0.75
3795,37916758,38216758,0.586914062,-0.283203125,-0.667053223,0.361083984,0.671875,1.6328125,0.9609375,-5.84375,7.8125,1.2578125,-0.79296875,-1.07617188,0.6328125
3796,37924624,38224624,0.581420898,-0.283813477,-0.669921875,0.364196777,0.30078125,0.8828125,0.60546875,-5.703125,7.875,1.5,-0.79296875,-1.07617188,0.6328125
3797,37935622,38235622,0.57598877,-0.283569336,-0.672607422,0.367919922,0.30078125,0.8828125,0.60546875,-5.703125,7.875,1.5,-1.04492188,-0.697265625,0.548828125
3798,37943302,38243302,0.570922852,-0.282897949,-0.675109863,0.371765137,-0.69921875,0.765625,-0.17578125,-5.5859375,7.9140625,1.7421875,-1.04492188,-0.697265625,0.548828125
3799,37955955,38255955,0.565917969,-0.282714844,-0.677612305,0.375061035,-0.69921875,0.765625,-0.17578125,-5.5859375,7.9140625,1.7421875,-0.84375,-0.869140625,0.546875
3800,37964644,38264644,0.56036377,-0.283752441,-0.680358887,0.377563477,-1.49609375,-0.484375,-2.140625,-5.4765625,7.9375,1.984375,-0.84375,-0.869140625,0.546875
3801,37978711,38278711,0.5546875,-0.285949707,-0.683166504,0.379272461,-1.49609375,-0.484375,-2.140625,-5.4765625,7.9375,1.984375,-0.373046875,-1.21679688,0.623046875
3802,37983940,38283940,0.549072266,-0.289001465,-0.68572998,0.380493164,-0.83203125,-1.1328125,-1.02734375,-5.3359375,7.9765625,2.2109375,-0.373046875,-1.21679688,0.623046875
3803,37995096,38295096,0.543334961,-0.292907715,-0.688171387,0.381347656,-0.83203125,-1.1328125,-1.02734375,-5.3359375,7.9765625,2.2109375,-0.05859375,-1.35742188,0.705078125
3804,38004639,38304639,0.537109375,-0.297912598,-0.690795898,0.381591797,-0.3828125,-0.9296875,-0.80859375,-5.171875,8.0390625,2.375,-0.05859375,-1.35742188,0.705078125
3805,38016107,38316107,0.530761719,-0.303588867,-0.693359375,0.381286621,-0.3828125,-0.9296875,-0.80859375,-5.171875,8.0390625,2.375,0.265625,-1.703125,0.763671875
3806,38022843,38322843,0.523986816,-0.309997559,-0.696105957,0.380493164,0.0703125,-0.6640625,-1.0625,-4.9765625,8.1171875,2.515625,0.265625,-1.703125,0.763671875
3807,38035768,38335768,0.517272949,-0.316223145,-0.698730469,0.379760742,0.0703125,-0.6640625,-1.0625,-4.9765625,8.1171875,2.515625,0.26171875,-1.84765625,0.822265625
3808,38044430,38344430,0.509643555,-0.322814941,-0.701599121,0.379272461,1.0078125,0.1640625,-0.23046875,-4.765625,8.2109375,2.640625,0.26171875,-1.84765625,0.822265625
3809,38058371,38358371,0.502807617,-0.328186035,-0.703918457,0.379394531,1.0078125,0.1640625,-0.23046875,-4.765625,8.2109375,2.640625,-0.015625,-1.4921875,0.826171875
3810,38062118,38362118,0.496765137,-0.332092285,-0.705932617,0.380249023,1.42578125,0.69140625,0.203125,-4.53125,8.296875,2.78125,-0.015625,-1.4921875,0.826171875
3811,38076544,38376544,0.490783691,-0.334838867,-0.707885742,0.381958008,1.42578125,0.69140625,0.203125,-4.53125,8.296875,2.78125,-0.46875,-0.951171875,0.681640625
3812,38083640,38383640,0.485900879,-0.336181641,-0.709533691,0.383972168,0.2265625,0.51953125,-0.17578125,-4.328125,8.3515625,2.9296875,-0.46875,-0.951171875,0.681640625
3813,38097278,38397278,0.480895996,-0.337097168,-0.711181641,0.386474609,0.2265625,0.51953125,-0.17578125,-4.328125,8.3515625,2.9296875,-0.60546875,-0.6953125,0.626953125
3814,38102338,38402338,0.476074219,-0.33807373,-0.712585449,0.388916016,0.03125,-0.15234375,-0.55859375,-4.171875,8.375,3.0859375,-0.60546875,-0.6953125,0.626953125
3815,38117009,38417009,0.471557617,-0.339477539,-0.713806152,0.390991211,0.03125,-0.15234375,-0.55859375,-4.171875,8.375,3.0859375,-0.345703125,-0.75390625,0.662109375
3816,38127624,38427624,0.467224121,-0.341308594,-0.714782715,0.39276123,-0.15234375,-0.8671875,-1.390625,-4.0234375,8.3984375,3.2265625,-0.345703125,-0.75390625,0.662109375
3817,38137502,38437502,0.463256836,-0.343078613,-0.715637207,0.39440918,-0.15234375,-0.8671875,-1.390625,-4.0234375,8.3984375,3.2265625,-0.275390625,-0.638671875,0.603515625
3818,38141820,38441820,0.459716797,-0.344360352,-0.716369629,0.396118164,0.03515625,-1.12890625,-1.34765625,-3.8671875,8.4296875,3.3359375,-0.275390625,-0.638671875,0.603515625
3819,38156800,38456800,0.456237793,-0.345092773,-0.717407227,0.397644043,0.03515625,-1.12890625,-1.34765625,-3.8671875,8.4296875,3.3359375,-0.357421875,-0.513671875,0.361328125
3820,38163596,38463596,0.453125,-0.34576416,-0.718505859,0.39855957,-0.80859375,-0.67578125,-2.28125,-3.75,8.4375,3.4296875,-0.357421875,-0.513671875,0.361328125
3821,38177290,38477290,0.450317383,-0.346679688,-0.719604492,0.398986816,-0.80859375,-0.67578125,-2.28125,-3.75,8.4375,3.4296875,-0.111328125,-0.54296875,0.220703125
3822,38182100,38482100,0.447753906,-0.348144531,-0.72064209,0.398742676,-1.0859375,-0.609375,-1.87109375,-3.6640625,8.4453125,3.515625,-0.111328125,-0.54296875,0.220703125
3823,38197730,38497730,0.4453125,-0.350158691,-0.721740723,0.397766113,-1.0859375,-0.609375,-1.87109375,-3.6640625,8.4453125,3.515625,0.216796875,-0.7421875,0.095703125
3824,38207883,38507883,0.442871094,-0.352783203,-0.722839355,0.396118164,-1.41796875,-0.27734375,-1.21875,-3.6015625,8.4609375,3.5546875,0.216796875,-0.7421875,0.095703125
3825,38216837,38516837,0.440185547,-0.355957031,-0.724182129,0.393859863,-1.41796875,-0.27734375,-1.21875,-3.6015625,8.4609375,3.5546875,0.376953125,-0.953125,0.025390625
3826,38222837,38522837,0.436279297,-0.359619141,-0.726379395,0.39074707,-1.3359375,0.12109375,-0.1953125,-3.53125,8.484375,3.5625,0.376953125,-0.953125,0.025390625
3827,38236575,38536575,0.431518555,-0.36340332,-0.729309082,0.387084961,-1.3359375,0.12109375,-0.1953125,-3.53125,8.484375,3.5625,0.287109375,-1.58007812,-0.068359375
3828,38242084,38542084,0.428710938,-0.366210938,-0.731018066,0.384277344,8.421875,-4.41796875,0.79296875,-3.4453125,8.5,3.609375,0.287109375,-1.58007812,-0.068359375
3829,38255961,38555961,0.428649902,-0.366027832,-0.731750488,0.383117676,8.421875,-4.41796875,0.79296875,-3.4453125,8.5,3.609375,-0.26953125,0.05859375,-0.36328125
3830,38263594,38563594,0.428588867,-0.363830566,-0.733459473,0.382141113,-0.671875,1.90625,3.46875,-3.4296875,8.5,3.6171875,-0.26953125,0.05859375,-0.36328125
3831,38275639,38575639,0.427612305,-0.360778809,-0.73626709,0.380615234,-0.671875,1.90625,3.46875,-3.4296875,8.5,3.6171875,-0.64453125,-0.361328125,-0.673828125
3832,38290722,38590722,0.425842285,-0.357666016,-0.74005127,0.378234863,-4.578125,1.859375,-0.49609375,-3.5078125,8.4296875,3.7109375,-0.64453125,-0.361328125,-0.673828125
3833,38299139,38599139,0.424255371,-0.355102539,-0.74420166,0.374267578,-4.578125,1.859375,-0.49609375,-3.5078125,8.4296875,3.7109375,-0.220703125,-0.712890625,-1.09960938
3834,38304275,38604275,0.423461914,-0.353820801,-0.74786377,0.369140625,-2.71484375,-0.7109375,-1.01171875,-3.609375,8.3203125,3.84375,-0.220703125,-0.712890625,-1.09960938
3835,38317821,38617821,0.422729492,-0.352966309,-0.75189209,0.362487793,-2.71484375,-0.7109375,-1.01171875,-3.609375,8.3203125,3.84375,0.12109375,-0.923828125,-1.34179688
3836,38323970,38623970,0.422180176,-0.351806641,-0.755859375,0.355957031,2.90625,-6.59375,-0.0703125,-3.75,8.2265625,3.8984375,0.12109375,-0.923828125,-1.34179688
3837,38337876,38637876,0.422424316,-0.34954834,-0.759887695,0.349243164,2.90625,-6.59375,-0.0703125,-3.75,8.2265625,3.8984375,-0.0703125,-0.4921875,-1.58398438
3838,38341615,38641615,0.423400879,-0.346740723,-0.763793945,0.342224121,0.96875,-4.00390625,-0.5,-3.921875,8.125,3.9453125,-0.0703125,-0.4921875,-1.58398438
3839,38356466,38656466,0.424377441,-0.343994141,-0.768188477,0.33380127,0.96875,-4.00390625,-0.5,-3.921875,8.125,3.9453125,0.107421875,-0.7109375,-1.9140625
3840,38373033,38673033,0.424987793,-0.341918945,-0.772827148,0.324462891,-1.73828125,-2.390625,-2.578125,-4.1640625,7.96875,3.9921875,0.107421875,-0.7109375,-1.9140625
3841,38379529,38679529,0.425292969,-0.340820312,-0.777160645,0.314758301,-1.73828125,-2.390625,-2.578125,-4.1640625,7.96875,3.9921875,0.51953125,-1.02929688,-2.00195312
3842,38383783,38683783,0.425537109,-0.340820312,-0.781433105,0.303527832,-1.83984375,-1.71484375,-2.29296875,-4.40625,7.828125,4.015625,0.51953125,-1.02929688,-2.00195312
3843,38396894,38696894,0.426025391,-0.342041016,-0.785400391,0.29095459,-1.83984375,-1.71484375,-2.29296875,-4.40625,7.828125,4.015625,1.0859375,-1.140625,-2.078125
3844,38403227,38703227,0.426879883,-0.343200684,-0.788635254,0.279296875,-0.07421875,-0.66796875,-1.375,-4.640625,7.703125,3.9765625,1.0859375,-1.140625,-2.078125
3845,38418621,38718621,0.428222656,-0.34362793,-0.791809082,0.267456055,-0.07421875,-0.66796875,-1.375,-4.640625,7.703125,3.9765625,0.814453125,-0.744140625,-2.01757812
3846,38423351,38723351,0.430114746,-0.342956543,-0.794494629,0.257202148,0.8515625,0.2578125,-0.24609375,-4.875,7.578125,3.921875,0.814453125,-0.744140625,-2.01757812
3847,38436902,38736902,0.432861328,-0.341247559,-0.796936035,0.247314453,0.8515625,0.2578125,-0.24609375,-4.875,7.578125,3.921875,0.470703125,-0.23046875,-1.92773438
3848,38447628,38747628,0.436279297,-0.338867188,-0.79864502,0.238708496,1.63671875,1.07421875,-0.91796875,-5.125,7.4140625,3.8671875,0.470703125,-0.23046875,-1.92773438
3849,38457723,38757723,0.440551758,-0.3359375,-0.799682617,0.231445312,1.63671875,1.07421875,-0.91796875,-5.125,7.4140625,3.8671875,0.275390625,0.4296875,-1.78515625
3850,38461481,38761481,0.445861816,-0.332458496,-0.800048828,0.224853516,1.6484375,1.23828125,-1.05078125,-5.40625,7.25,3.8046875,0.275390625,0.4296875,-1.78515625
3851,38477661,38777661,0.451599121,-0.328308105,-0.800170898,0.219116211,1.6484375,1.23828125,-1.05078125,-5.40625,7.25,3.8046875,0.021484375,0.744140625,-1.54882812
3852,38484595,38784595,0.45690918,-0.32409668,-0.800048828,0.214782715,1.13671875,1.6484375,-1.0234375,-5.6953125,7.0703125,3.703125,0.021484375,0.744140625,-1.54882812
3853,38498226,38798226,0.462585449,-0.319396973,-0.799682617,0.21105957,1.13671875,1.6484375,-1.0234375,-5.6953125,7.0703125,3.703125,-0.177734375,0.880859375,-1.26171875
3854,38503055,38803055,0.468139648,-0.315063477,-0.79888916,0.208251953,1.0390625,1.32421875,-1.015625,-5.9453125,6.8984375,3.6171875,-0.177734375,0.880859375,-1.26171875
3855,38517189,38817189,0.474853516,-0.310546875,-0.797302246,0.205932617,1.0390625,1.32421875,-1.015625,-5.9453125,6.8984375,3.6171875,-0.12109375,1.3203125,-1.08398438
3856,38526485,38826485,0.481994629,-0.305908203,-0.795227051,0.204223633,0.74609375,1.43359375,-0.4765625,-6.1875,6.75,3.5,-0.12109375,1.3203125,-1.08398438
3857,38537597,38837597,0.489929199,-0.30078125,-0.792541504,0.203369141,0.74609375,1.43359375,-0.4765625,-6.1875,6.75,3.5,-0.302734375,1.77539062,-0.96484375
3858,38542410,38842410,0.498535156,-0.295043945,-0.789306641,0.203430176,1.5546875,1.390625,-0.41796875,-6.421875,6.6015625,3.328125,-0.302734375,1.77539062,-0.96484375
3859,38557717,38857717,0.507141113,-0.28918457,-0.785766602,0.204406738,1.5546875,1.390625,-0.41796875,-6.421875,6.6015625,3.328125,-0.513671875,2.13476562,-0.748046875
3860,38564500,38864500,0.515563965,-0.283203125,-0.781921387,0.206237793,1.21484375,1.23046875,-0.66796875,-6.65625,6.453125,3.1171875,-0.513671875,2.13476562,-0.748046875
3861,38578155,38878155,0.524475098,-0.276245117,-0.777770996,0.20904541,1.21484375,1.23046875,-0.66796875,-6.65625,6.453125,3.1171875,-0.8125,2.19726562,-0.529296875
3862,38581793,38881793,0.532531738,-0.26965332,-0.773742676,0.212219238,0.32421875,1.05078125,-1.14453125,-6.875,6.328125,2.90625,-0.8125,2.19726562,-0.529296875
3863,38596639,38896639,0.540893555,-0.262634277,-0.769348145,0.215820312,0.32421875,1.05078125,-1.14453125,-6.875,6.328125,2.90625,-0.865234375,2.171875,-0.416015625
3864,38608515,38908515,0.548583984,-0.25604248,-0.765136719,0.219299316,-0.35546875,0.8828125,-0.94140625,-7.0390625,6.2265625,2.703125,-0.865234375,2.171875,-0.416015625
3865,38618143,38918143,0.556152344,-0.249450684,-0.760803223,0.222839355,-0.35546875,0.8828125,-0.94140625,-7.0390625,6.2265625,2.703125,-0.8203125,2.078125,-0.353515625
3866,38621773,38921773,0.563415527,-0.243286133,-0.756347656,0.22644043,-0.3515625,0.9453125,-1.0546875,-7.1953125,6.125,2.5078125,-0.8203125,2.078125,-0.353515625
3867,38636546,38936546,0.570800781,-0.237060547,-0.751647949,0.230224609,-0.3515625,0.9453125,-1.0546875,-7.1953125,6.125,2.5078125,-0.787109375,2.00390625,-0.236328125
3868,38645941,38945941,0.577758789,-0.231079102,-0.746948242,0.23425293,0.39453125,1.1484375,-0.58203125,-7.328125,6.0390625,2.3046875,-0.787109375,2.00390625,-0.236328125
3869,38656432,38956432,0.58416748,-0.225708008,-0.7421875,0.238525391,0.39453125,1.1484375,-0.58203125,-7.328125,6.0390625,2.3046875,-0.818359375,2.03710938,0.0078125
3870,38662422,38962422,0.590820312,-0.220275879,-0.736938477,0.243591309,0.33984375,0.92578125,-0.71875,-7.4296875,5.9921875,2.09375,-0.818359375,2.03710938,0.0078125
3871,38677723,38977723,0.596862793,-0.215576172,-0.731750488,0.248718262,0.33984375,0.92578125,-0.71875,-7.4296875,5.9921875,2.09375,-0.755859375,1.94335938,0.23828125
3872,38689229,38989229,0.602416992,-0.211547852,-0.726623535,0.253845215,0.51953125,0.7890625,-0.5078125,-7.4921875,5.9765625,1.8828125,-0.755859375,1.94335938,0.23828125
3873,38699004,38999004,0.607910156,-0.207824707,-0.721069336,0.259460449,0.51953125,0.7890625,-0.5078125,-7.4921875,5.9765625,1.8828125,-0.68359375,1.859375,0.47265625
3874,38702631,39002631,0.613098145,-0.204650879,-0.715454102,0.265197754,-0.22265625,0.8359375,-0.9609375,-7.515625,6.0078125,1.6875,-0.68359375,1.859375,0.47265625
3875,38715748,39015748,0.617919922,-0.201965332,-0.709777832,0.27130127,-0.22265625,0.8359375,-0.9609375,-7.515625,6.0078125,1.6875,-0.626953125,1.70703125,0.681640625
3876,38726438,39026438,0.622375488,-0.199401855,-0.704162598,0.277526855,-0.24609375,0.9921875,-0.98828125,-7.4921875,6.078125,1.484375,-0.626953125,1.70703125,0.681640625
3877,38736586,39036586,0.62677002,-0.196594238,-0.698486328,0.283935547,-0.24609375,0.9921875,-0.98828125,-7.4921875,6.078125,1.484375,-0.755859375,1.734375,0.669921875
3878,38742585,39042585,0.630859375,-0.193786621,-0.693115234,0.289978027,-0.25,1.51953125,-0.73828125,-7.453125,6.1640625,1.3125,-0.755859375,1.734375,0.669921875
3879,38756057,39056057,0.635192871,-0.190795898,-0.687133789,0.296630859,-0.25,1.51953125,-0.73828125,-7.453125,6.1640625,1.3125,-0.7421875,1.73242188,0.73828125
3880,38771780,39071780,0.639343262,-0.188354492,-0.681091309,0.303100586,0.31640625,1.05078125,-0.73046875,-7.40625,6.25,1.1484375,-0.7421875,1.73242188,0.73828125
3881,38776496,39076496,0.643127441,-0.187011719,-0.675354004,0.30871582,0.31640625,1.05078125,-0.73046875,-7.40625,6.25,1.1484375,-0.3359375,1.49023438,0.82421875
3882,38784277,39084277,0.646911621,-0.186950684,-0.669555664,0.313476562,-0.703125,0.25390625,-1.09375,-7.34375,6.359375,0.9765625,-0.3359375,1.49023438,0.82421875
3883,38796956,39096956,0.650390625,-0.188232422,-0.6640625,0.317260742,-0.703125,0.25390625,-1.09375,-7.34375,6.359375,0.9765625,0.19921875,1.1484375,0.916015625
3884,38806990,39106990,0.653686523,-0.190002441,-0.658691406,0.320617676,-0.71875,0.39453125,-0.62890625,-7.25,6.484375,0.78125,0.19921875,1.1484375,0.916015625
3885,38817021,39117021,0.657104492,-0.19128418,-0.653137207,0.324035645,-0.71875,0.39453125,-0.62890625,-7.25,6.484375,0.78125,0.083984375,1.24804688,0.791015625
3886,38824002,39124002,0.660522461,-0.19152832,-0.647766113,0.327758789,0.44140625,0.53125,0.22265625,-7.1484375,6.6171875,0.578125,0.083984375,1.24804688,0.791015625
3887,38838830,39138830,0.664001465,-0.190734863,-0.642272949,0.331970215,0.44140625,0.53125,0.22265625,-7.1484375,6.6171875,0.578125,-0.3125,1.4140625,0.638671875
3888,38848113,39148113,0.667175293,-0.189697266,-0.637145996,0.33605957,0.47265625,-0.48828125,0.05078125,-7.0625,6.71875,0.40625,-0.3125,1.4140625,0.638671875
3889,38858603,39158603,0.67010498,-0.189208984,-0.632141113,0.339904785,0.47265625,-0.48828125,0.05078125,-7.0625,6.71875,0.40625,-0.12890625,1.125,0.6328125
3890,38862254,39162254,0.672729492,-0.189086914,-0.627624512,0.343200684,-1.29296875,-0.8828125,-0.10546875,-6.984375,6.8046875,0.2578125,-0.12890625,1.125,0.6328125
3891,38877542,39177542,0.675292969,-0.189025879,-0.62322998,0.346191406,-1.29296875,-0.8828125,-0.10546875,-6.984375,6.8046875,0.2578125,-0.072265625,0.9765625,0.4921875
3892,38883104,39183104,0.677734375,-0.188598633,-0.61920166,0.348876953,-1.4140625,-0.39453125,1.05859375,-6.8984375,6.890625,0.125,-0.072265625,0.9765625,0.4921875
3893,38896611,39196611,0.679931641,-0.187561035,-0.615539551,0.3515625,-1.4140625,-0.39453125,1.05859375,-6.8984375,6.890625,0.125,-0.265625,0.951171875,0.3203125
3894,38903542,39203542,0.682006836,-0.18572998,-0.612060547,0.354553223,-1.125,-0.6015625,1.0234375,-6.84375,6.9453125,0.0078125,-0.265625,0.951171875,0.3203125
3895,38917915,39217915,0.684020996,-0.182861328,-0.608642578,0.358154297,-1.125,-0.6015625,1.0234375,-6.84375,6.9453125,0.0078125,-0.689453125,1.08007812,0.181640625
3896,38929562,39229562,0.685791016,-0.179138184,-0.605285645,0.362243652,-0.93359375,-0.79296875,1.01953125,-6.8046875,6.984375,-0.0625,-0.689453125,1.08007812,0.181640625
3897,38938866,39238866,0.687561035,-0.174438477,-0.60168457,0.367126465,-0.93359375,-0.79296875,1.01953125,-6.8046875,6.984375,-0.0625,-0.982421875,1.22265625,0.1328125
3898,38942480,39242480,0.689208984,-0.170166016,-0.598327637,0.371582031,-1.33984375,-0.89453125,1.27734375,-6.78125,7.0078125,-0.09375,-0.982421875,1.22265625,0.1328125
3899,38957771,39257771,0.690734863,-0.166503906,-0.595153809,0.375427246,-1.33984375,-0.89453125,1.27734375,-6.78125,7.0078125,-0.09375,-0.591796875,0.884765625,0.095703125
3900,38963841,39263841,0.691894531,-0.164428711,-0.593078613,0.377502441,-2.27734375,-0.984375,0.734375,-6.765625,7.0234375,-0.125,-0.591796875,0.884765625,0.095703125
3901,38975634,39275634,0.692810059,-0.163757324,-0.59185791,0.378112793,-2.27734375,-0.984375,0.734375,-6.765625,7.0234375,-0.125,0.083984375,0.208984375,0.017578125
3902,38983432,39283432,0.69354248,-0.163635254,-0.591064453,0.377990723,-1.3359375,-1.18359375,0.66015625,-6.75,7.03125,-0.1640625,0.083984375,0.208984375,0.017578125
3903,38997782,39297782,0.694152832,-0.163269043,-0.590454102,0.377990723,-1.3359375,-1.18359375,0.66015625,-6.75,7.03125,-0.1640625,-0.037109375,0.193359375,-0.046875
3904,39009574,39309574,0.694641113,-0.162414551,-0.589904785,0.378295898,-0.8671875,-0.265625,1.265625,-6.7578125,7.03125,-0.1953125,-0.037109375,0.193359375,-0.046875
3905,39019815,39319815,0.694885254,-0.161315918,-0.589416504,0.378967285,-0.8671875,-0.265625,1.265625,-6.7578125,7.03125,-0.1953125,-0.23828125,0.203125,-0.052734375
3906,39023767,39323767,0.694946289,-0.160095215,-0.589172363,0.379882812,-0.62890625,-0.2578125,0.77734375,-6.765625,7.0234375,-0.203125,-0.23828125,0.203125,-0.052734375
3907,39038515,39338515,0.694763184,-0.159118652,-0.589111328,0.38067627,-0.62890625,-0.2578125,0.77734375,-6.765625,7.0234375,-0.203125,-0.185546875,0.02734375,-0.05078125
3908,39045503,39345503,0.694519043,-0.158630371,-0.589416504,0.380859375,-1.1640625,-0.6796875,0.72265625,-6.765625,7.0234375,-0.1875,-0.185546875,0.02734375,-0.05078125
3909,39057160,39357160,0.694274902,-0.158630371,-0.590026855,0.380310059,-1.1640625,-0.6796875,0.72265625,-6.765625,7.0234375,-0.1875,0.083984375,-0.16796875,-0.125
3910,39064493,39364493,0.694091797,-0.158813477,-0.590881348,0.379394531,-1.49609375,-1.3515625,0.78125,-6.78125,7.0078125,-0.171875,0.083984375,-0.16796875,-0.125
3911,39077662,39377662,0.693908691,-0.158996582,-0.591796875,0.378173828,-1.49609375,-1.3515625,0.78125,-6.78125,7.0078125,-0.171875,0.14453125,-0.208984375,-0.19921875
3912,39088832,39388832,0.693664551,-0.159118652,-0.592834473,0.37689209,-1.15625,-1.09375,0.95703125,-6.8125,6.9765625,-0.15625,0.14453125,-0.208984375,-0.19921875
3913,39097913,39397913,0.693359375,-0.159301758,-0.59387207,0.375671387,-1.15625,-1.09375,0.95703125,-6.8125,6.9765625,-0.15625,0.158203125,-0.28515625,-0.205078125
3914,39103663,39403663,0.692871094,-0.159851074,-0.595397949,0.374023438,-1.01953125,-0.6875,0.63671875,-6.8359375,6.953125,-0.140625,0.158203125,-0.28515625,-0.205078125
3915,39117180,39417180,0.692199707,-0.160705566,-0.597167969,0.372070312,-1.01953125,-0.6875,0.63671875,-6.8359375,6.953125,-0.140625,0.31640625,-0.53125,-0.25390625
3916,39123101,39423101,0.69128418,-0.16192627,-0.59942627,0.369567871,-1.0546875,-0.5703125,0.57421875,-6.875,6.9140625,-0.1171875,0.31640625,-0.53125,-0.25390625
3917,39136758,39436758,0.690063477,-0.163330078,-0.602233887,0.366638184,-1.0546875,-0.5703125,0.57421875,-6.875,6.9140625,-0.1171875,0.4140625,-0.791015625,-0.353515625
3918,39144748,39444748,0.688659668,-0.164855957,-0.60546875,0.36328125,-1.0078125,-0.33984375,0.84375,-6.921875,6.875,-0.078125,0.4140625,-0.791015625,-0.353515625
3919,39157365,39457365,0.687133789,-0.166259766,-0.608947754,0.359741211,-1.0078125,-0.33984375,0.84375,-6.921875,6.875,-0.078125,0.443359375,-0.912109375,-0.47265625
3920,39167615,39467615,0.685546875,-0.167602539,-0.612609863,0.355957031,-0.9453125,-0.4296875,1.125,-6.984375,6.8125,-0.015625,0.443359375,-0.912109375,-0.47265625
3921,39176444,39476444,0.683837891,-0.168823242,-0.616455078,0.351989746,-0.9453125,-0.4296875,1.125,-6.984375,6.8125,-0.015625,0.4375,-0.9609375,-0.54296875
3922,39183801,39483801,0.682067871,-0.170043945,-0.620361328,0.347961426,-0.953125,-0.54296875,0.9296875,-7.0546875,6.734375,0.0625,0.4375,-0.9609375,-0.54296875
3923,39197708,39497708,0.680053711,-0.171264648,-0.624450684,0.34387207,-0.953125,-0.54296875,0.9296875,-7.0546875,6.734375,0.0625,0.416015625,-1.0625,-0.56640625
3924,39204604,39504604,0.67779541,-0.172424316,-0.62878418,0.339782715,-1.10546875,-0.2734375,0.5390625,-7.1328125,6.65625,0.1484375,0.416015625,-1.0625,-0.56640625
3925,39217406,39517406,0.675292969,-0.173522949,-0.633422852,0.335632324,-1.10546875,-0.2734375,0.5390625,-7.1328125,6.65625,0.1484375,0.349609375,-1.20117188,-0.61328125
3926,39223405,39523405,0.672485352,-0.174438477,-0.638305664,0.331481934,-1.1015625,0.1484375,0.27734375,-7.2109375,6.578125,0.2578125,0.349609375,-1.20117188,-0.61328125
3927,39237346,39537346,0.669433594,-0.175170898,-0.643432617,0.327392578,-1.1015625,0.1484375,0.27734375,-7.2109375,6.578125,0.2578125,0.216796875,-1.29492188,-0.685546875
3928,39248616,39548616,0.666015625,-0.175476074,-0.648864746,0.323364258,-0.6484375,0.59375,0.6953125,-7.28125,6.4765625,0.4140625,0.216796875,-1.29492188,-0.685546875
3929,39257845,39557845,0.662597656,-0.175537109,-0.65423584,0.319641113,-0.6484375,0.59375,0.6953125,-7.28125,6.4765625,0.4140625,0.0625,-1.41210938,-0.755859375
3930,39264520,39564520,0.65826416,-0.17578125,-0.660644531,0.315246582,-0.6796875,0.50390625,0.36328125,-7.3671875,6.375,0.59375,0.0625,-1.41210938,-0.755859375
3931,39277133,39577133,0.65411377,-0.176330566,-0.666564941,0.310974121,-0.6796875,0.50390625,0.36328125,-7.3671875,6.375,0.59375,0.22265625,-1.59960938,-0.771484375
3932,39284887,39584887,0.649902344,-0.177185059,-0.672729492,0.305969238,-0.484375,-0.45703125,0.2265625,-7.4453125,6.265625,0.8046875,0.22265625,-1.59960938,-0.771484375
3933,39297471,39597471,0.646362305,-0.177978516,-0.678161621,0.301025391,-0.484375,-0.45703125,0.2265625,-7.4453125,6.265625,0.8046875,0.345703125,-1.29492188,-0.76953125
3934,39304976,39604976,0.643310547,-0.178771973,-0.683044434,0.296081543,-0.33203125,-0.30859375,-0.03515625,-7.5234375,6.15625,0.9921875,0.345703125,-1.29492188,-0.76953125
3935,39316975,39616975,0.640258789,-0.180053711,-0.687683105,0.291015625,-0.33203125,-0.30859375,-0.03515625,-7.5234375,6.15625,0.9921875,0.5546875,-1.37109375,-0.68359375
3936,39328505,39628505,0.636535645,-0.182250977,-0.692932129,0.285400391,-0.078125,-0.1640625,-1.48828125,-7.5859375,6.046875,1.140625,0.5546875,-1.37109375,-0.68359375
3937,39337585,39637585,0.6328125,-0.184753418,-0.697692871,0.280395508,-0.078125,-0.1640625,-1.48828125,-7.5859375,6.046875,1.140625,0.630859375,-1.57421875,-0.5
3938,39343349,39643349,0.628479004,-0.187805176,-0.702941895,0.275024414,0.52734375,0.0234375,-0.6796875,-7.6171875,5.9765625,1.2890625,0.630859375,-1.57421875,-0.5
3939,39361648,39661648,0.624145508,-0.191223145,-0.707885742,0.26965332,0.52734375,0.0234375,-0.6796875,-7.6171875,5.9765625,1.2890625,0.744140625,-1.54492188,-0.40234375
3940,39365279,39665279,0.620483398,-0.194458008,-0.712097168,0.264831543,0.3203125,0.57421875,-0.58203125,-7.640625,5.921875,1.4609375,0.744140625,-1.54492188,-0.40234375
3941,39377783,39677783,0.616455078,-0.198242188,-0.716491699,0.259338379,0.3203125,0.57421875,-0.58203125,-7.640625,5.921875,1.4609375,0.796875,-1.44726562,-0.365234375
3942,39383645,39683645,0.612670898,-0.201782227,-0.72064209,0.254211426,0.3515625,0.765625,-0.6015625,-7.6328125,5.8828125,1.59375,0.796875,-1.44726562,-0.365234375
3943,39397182,39697182,0.608886719,-0.205078125,-0.724609375,0.249267578,0.3515625,0.765625,-0.6015625,-7.6328125,5.8828125,1.59375,0.703125,-1.35742188,-0.3515625
3944,39407500,39707500,0.60534668,-0.208251953,-0.728271484,0.244567871,0.734375,0.37109375,-0.9921875,-7.6328125,5.859375,1.71875,0.703125,-1.35742188,-0.3515625
3945,39418885,39718885,0.601806641,-0.211730957,-0.731750488,0.239807129,0.734375,0.37109375,-0.9921875,-7.6328125,5.859375,1.71875,0.798828125,-1.26953125,-0.275390625
3946,39422496,39722496,0.598693848,-0.215393066,-0.734741211,0.235168457,0.4609375,-0.41015625,-0.87890625,-7.625,5.8359375,1.8359375,0.798828125,-1.26953125,-0.275390625
3947,39436853,39736853,0.595458984,-0.219970703,-0.737670898,0.229919434,0.4609375,-0.41015625,-0.87890625,-7.625,5.8359375,1.8359375,1.046875,-1.19921875,-0.17578125
3948,39443119,39743119,0.592468262,-0.225036621,-0.74017334,0.224731445,0.20703125,-0.328125,-1.1484375,-7.6015625,5.828125,1.9140625,1.046875,-1.19921875,-0.17578125
3949,39456279,39756279,0.589599609,-0.230163574,-0.742431641,0.219604492,0.20703125,-0.328125,-1.1484375,-7.6015625,5.828125,1.9140625,1.11914062,-1.1328125,-0.1015625
3950,39465125,39765125,0.586730957,-0.235046387,-0.744506836,0.214904785,0.328125,0.26171875,-0.69921875,-7.5703125,5.8515625,1.9609375,1.11914062,-1.1328125,-0.1015625
3951,39475510,39775510,0.58404541,-0.239624023,-0.746398926,0.210571289,0.328125,0.26171875,-0.69921875,-7.5703125,5.8515625,1.9609375,0.97265625,-1.01367188,-0.0546875
3952,39491136,39791136,0.581420898,-0.24420166,-0.74810791,0.206420898,0.45703125,0.421875,-0.8984375,-7.546875,5.8828125,2.0078125,0.97265625,-1.01367188,-0.0546875
3953,39500404,39800404,0.578552246,-0.249572754,-0.74987793,0.201721191,0.45703125,0.421875,-0.8984375,-7.546875,5.8828125,2.0078125,1.14257812,-1.04492188,-0.01171875
3954,39504525,39804525,0.57598877,-0.254638672,-0.751342773,0.19720459,0.41796875,0.921875,-0.6171875,-7.5078125,5.921875,2.03125,1.14257812,-1.04492188,-0.01171875
3955,39517156,39817156,0.573425293,-0.259765625,-0.752746582,0.192565918,0.41796875,0.921875,-0.6171875,-7.5078125,5.921875,2.03125,1.0234375,-0.904296875,-0.03515625
3956,39523239,39823239,0.571044922,-0.264282227,-0.75402832,0.188537598,0.11328125,0.453125,-0.2109375,-7.46875,5.96875,2.046875,1.0234375,-0.904296875,-0.03515625
3957,39539700,39839700,0.568664551,-0.268554688,-0.755249023,0.184814453,0.11328125,0.453125,-0.2109375,-7.46875,5.96875,2.046875,0.8984375,-0.84375,0.04296875
3958,39543459,39843459,0.566345215,-0.272766113,-0.756286621,0.18145752,0.04296875,0.3359375,-0.265625,-7.4375,6.0078125,2.0625,0.8984375,-0.84375,0.04296875
3959,39557017,39857017,0.563903809,-0.277282715,-0.757202148,0.178100586,0.04296875,0.3359375,-0.265625,-7.4375,6.0078125,2.0625,0.87890625,-0.76171875,0.11328125
3960,39568627,39868627,0.561706543,-0.281311035,-0.758117676,0.175048828,-0.2265625,0.59375,-0.2421875,-7.3984375,6.0546875,2.078125,0.87890625,-0.76171875,0.11328125
3961,39579103,39879103,0.559753418,-0.284729004,-0.758850098,0.172546387,-0.2265625,0.59375,-0.2421875,-7.3984375,6.0546875,2.078125,0.69921875,-0.623046875,0.11328125
3962,39582846,39882846,0.557861328,-0.288208008,-0.759460449,0.170227051,0.453125,0.625,-0.01953125,-7.3515625,6.1015625,2.0859375,0.69921875,-0.623046875,0.11328125
3963,39596777,39896777,0.556091309,-0.291503906,-0.75994873,0.168151855,0.453125,0.625,-0.01953125,-7.3515625,6.1015625,2.0859375,0.62109375,-0.498046875,0.146484375
3964,39605226,39905226,0.55456543,-0.294677734,-0.760253906,0.166381836,0.53125,0.15625,0.05859375,-7.3125,6.1484375,2.0859375,0.62109375,-0.498046875,0.146484375
3965,39618439,39918439,0.553161621,-0.297546387,-0.760437012,0.164916992,0.53125,0.15625,0.05859375,-7.3125,6.1484375,2.0859375,0.490234375,-0.359375,0.177734375
3966,39622189,39922189,0.552246094,-0.299804688,-0.760437012,0.164001465,0.875,0.1875,0.05859375,-7.2734375,6.1953125,2.0859375,0.490234375,-0.359375,0.177734375
3967,39640658,39940658,0.551635742,-0.301635742,-0.760253906,0.163574219,0.875,0.1875,0.05859375,-7.2734375,6.1953125,2.0859375,0.244140625,-0.08984375,0.16796875
3968,39649749,39949749,0.551330566,-0.30279541,-0.760009766,0.163574219,0.91796875,0.33984375,-0.1484375,-7.2421875,6.234375,2.0625,0.244140625,-0.08984375,0.16796875
3969,39659808,39959808,0.551086426,-0.303649902,-0.759765625,0.16394043,0.91796875,0.33984375,-0.1484375,-7.2421875,6.234375,2.0625,0.03515625,0.01171875,0.16015625
3970,39664817,39964817,0.551025391,-0.303955078,-0.759521484,0.164611816,0.78125,0.578125,-0.48828125,-7.21875,6.265625,2.0546875,0.03515625,0.01171875,0.16015625
3971,39680610,39980610,0.551208496,-0.303771973,-0.759277344,0.165588379,0.78125,0.578125,-0.48828125,-7.21875,6.265625,2.0546875,-0.16796875,0.16015625,0.107421875
3972,39684754,39984754,0.551635742,-0.303039551,-0.758972168,0.166809082,0.6953125,0.59765625,-0.32421875,-7.2109375,6.28125,2.046875,-0.16796875,0.16015625,0.107421875
3973,39697568,39997568,0.552307129,-0.301696777,-0.758666992,0.168395996,0.6953125,0.59765625,-0.32421875,-7.2109375,6.28125,2.046875,-0.373046875,0.310546875,0.056640625
3974,39705377,40005377,0.553161621,-0.299926758,-0.758300781,0.170288086,0.53515625,0.4375,-0.640625,-7.203125,6.2890625,2.0546875,-0.373046875,0.310546875,0.056640625
3975,39716432,40016432,0.554321289,-0.297668457,-0.757873535,0.172424316,0.53515625,0.4375,-0.640625,-7.203125,6.2890625,2.0546875,-0.552734375,0.458984375,0.001953125
3976,39732154,40032154,0.555725098,-0.294921875,-0.757446289,0.174743652,0.58984375,0.30078125,-0.79296875,-7.21875,6.2734375,2.0546875,-0.552734375,0.458984375,0.001953125
3977,39736796,40036796,0.557434082,-0.291687012,-0.756774902,0.177307129,0.58984375,0.30078125,-0.79296875,-7.21875,6.2734375,2.0546875,-0.703125,0.654296875,-0.0546875
3978,39745031,40045031,0.559570312,-0.288146973,-0.75592041,0.180175781,0.65234375,0.29296875,-0.75390625,-7.2421875,6.2421875,2.0546875,-0.703125,0.654296875,-0.0546875
3979,39760613,40060613,0.562072754,-0.284179688,-0.754821777,0.183227539,0.65234375,0.29296875,-0.75390625,-7.2421875,6.2421875,2.0546875,-0.818359375,0.900390625,-0.083984375
3980,39765050,40065050,0.564880371,-0.280090332,-0.753417969,0.186523438,0.72265625,0.29296875,-0.69140625,-7.2734375,6.203125,2.03125,-0.818359375,0.900390625,-0.083984375
3981,39778556,40078556,0.568359375,-0.275390625,-0.751586914,0.190429688,0.72265625,0.29296875,-0.69140625,-7.2734375,6.203125,2.03125,-0.908203125,1.140625,-0.052734375
3982,39784154,40084154,0.571838379,-0.270874023,-0.749572754,0.194396973,0.8046875,0.33984375,-0.68359375,-7.3203125,6.15625,1.984375,-0.908203125,1.140625,-0.052734375
3983,39796816,40096816,0.575744629,-0.265869141,-0.747131348,0.198913574,0.8046875,0.33984375,-0.68359375,-7.3203125,6.15625,1.984375,-0.955078125,1.30078125,0
3984,39806598,40106598,0.579833984,-0.260864258,-0.744506836,0.203613281,0.74609375,0.296875,-0.84375,-7.375,6.125,1.9140625,-0.955078125,1.30078125,0
3985,39818640,40118640,0.58392334,-0.25592041,-0.741638184,0.208435059,0.74609375,0.296875,-0.84375,-7.375,6.125,1.9140625,-1,1.4453125,0.0625
3986,39823469,40123469,0.58807373,-0.250976562,-0.738647461,0.213317871,0.515625,0.59375,-0.8046875,-7.4140625,6.09375,1.8359375,-1,1.4453125,0.0625
3987,39836726,40136726,0.592834473,-0.245544434,-0.735107422,0.218811035,0.515625,0.59375,-0.8046875,-7.4140625,6.09375,1.8359375,-1.03320312,1.63671875,0.1015625
3988,39843084,40143084,0.59777832,-0.240234375,-0.731140137,0.22442627,0.5625,0.50390625,-1.125,-7.4609375,6.0703125,1.734375,-1.03320312,1.63671875,0.1015625
3989,39858596,40158596,0.602905273,-0.235046387,-0.726867676,0.230102539,0.5625,0.50390625,-1.125,-7.4609375,6.0703125,1.734375,-0.986328125,1.77929688,0.173828125
3990,39863423,40163423,0.607788086,-0.230224609,-0.72253418,0.235656738,0.640625,0.3671875,-1.01171875,-7.5,6.0546875,1.5859375,-0.986328125,1.77929688,0.173828125
3991,39876187,40176187,0.612915039,-0.225158691,-0.717712402,0.241882324,0.640625,0.3671875,-1.01171875,-7.5,6.0546875,1.5859375,-1.00390625,1.79101562,0.306640625
3992,39887862,40187862,0.617675781,-0.220458984,-0.712890625,0.24822998,0.47265625,0.43359375,-1.09375,-7.5234375,6.0625,1.4375,-1.00390625,1.79101562,0.306640625
3993,39898619,40198619,0.622070312,-0.216308594,-0.708129883,0.254455566,0.47265625,0.43359375,-1.09375,-7.5234375,6.0625,1.4375,-0.8984375,1.66796875,0.462890625
3994,39904196,40204196,0.626098633,-0.21295166,-0.703430176,0.260437012,0.16796875,-0.09375,-1.109375,-7.5234375,6.09375,1.296875,-0.8984375,1.66796875,0.462890625
3995,39920512,40220512,0.630126953,-0.210021973,-0.698364258,0.266723633,0.16796875,-0.09375,-1.109375,-7.5234375,6.09375,1.296875,-0.70703125,1.53515625,0.62890625
3996,39924842,40224842,0.633605957,-0.207824707,-0.693603516,0.272521973,-0.5234375,0.265625,-0.4609375,-7.484375,6.15625,1.1484375,-0.70703125,1.53515625,0.62890625
3997,39937053,40237053,0.636901855,-0.206054688,-0.688781738,0.278320312,-0.5234375,0.265625,-0.4609375,-7.484375,6.15625,1.1484375,-0.57421875,1.3671875,0.72265625
3998,39943055,40243055,0.639892578,-0.204650879,-0.684143066,0.283874512,-0.875,0.5546875,-0.62890625,-7.4375,6.25,1.0078125,-0.57421875,1.3671875,0.72265625
3999,39961270,40261270,0.642944336,-0.203308105,-0.679321289,0.289550781,-0.875,0.5546875,-0.62890625,-7.4375,6.25,1.0078125,-0.513671875,1.28125,0.708984375
4000,39969531,40269531,0.645874023,-0.201965332,-0.674560547,0.294921875,-0.48828125,0.94921875,-0.80859375,-7.3671875,6.3515625,0.8828125,-0.513671875,1.28125,0.708984375
4001,39978627,40278627,0.648742676,-0.200561523,-0.67010498,0.299743652,-0.48828125,0.94921875,-0.80859375,-7.3671875,6.3515625,0.8828125,-0.498046875,1.34765625,0.638671875
4002,39983436,40283436,0.651977539,-0.198791504,-0.665161133,0.304931641,0.24609375,0.7421875,-0.484375,-7.296875,6.4453125,0.75,-0.498046875,1.34765625,0.638671875
4003,39999853,40299853,0.655212402,-0.196838379,-0.66015625,0.310119629,0.24609375,0.7421875,-0.484375,-7.296875,6.4453125,0.75,-0.52734375,1.36132812,0.58984375
4004,40007800,40307800,0.658203125,-0.195129395,-0.655395508,0.314880371,-0.19921875,0.5390625,-0.50390625,-7.234375,6.53125,0.6171875,-0.52734375,1.36132812,0.58984375
4005,40018468,40318468,0.661193848,-0.193603516,-0.65057373,0.319580078,-0.19921875,0.5390625,-0.50390625,-7.234375,6.53125,0.6171875,-0.416015625,1.22851562,0.57421875
4006,40023970,40323970,0.66394043,-0.192199707,-0.645935059,0.32409668,-0.84375,0.078125,-0.06640625,-7.1640625,6.609375,0.484375,-0.416015625,1.22851562,0.57421875
4007,40040619,40340619,0.666320801,-0.190979004,-0.641723633,0.32824707,-0.84375,0.078125,-0.06640625,-7.1640625,6.609375,0.484375,-0.42578125,1.1171875,0.568359375
4008,40049273,40349273,0.668395996,-0.189758301,-0.637756348,0.332336426,-0.90625,-0.265625,0.01171875,-7.1015625,6.6875,0.3671875,-0.42578125,1.1171875,0.568359375
4009,40058231,40358231,0.670288086,-0.188659668,-0.633850098,0.336608887,-0.90625,-0.265625,0.01171875,-7.1015625,6.6875,0.3671875,-0.455078125,0.94921875,0.5703125
4010,40063291,40363291,0.671936035,-0.1875,-0.630187988,0.340942383,-0.9375,-0.078125,-0.015625,-7.03125,6.765625,0.28125,-0.455078125,0.94921875,0.5703125
4011,40080021,40380021,0.673156738,-0.186645508,-0.627075195,0.344726562,-0.9375,-0.078125,-0.015625,-7.03125,6.765625,0.28125,-0.416015625,0.7265625,0.515625
4012,40088262,40388262,0.674133301,-0.185852051,-0.624267578,0.348266602,-0.81640625,-0.1953125,0.3828125,-6.9609375,6.84375,0.2265625,-0.416015625,0.7265625,0.515625
4013,40098246,40398246,0.675109863,-0.184936523,-0.621520996,0.351745605,-0.81640625,-0.1953125,0.3828125,-6.9609375,6.84375,0.2265625,-0.404296875,0.6640625,0.4296875
4014,40103900,40403900,0.676025391,-0.183776855,-0.61895752,0.355041504,-0.8125,-0.265625,1.00390625,-6.890625,6.9140625,0.1796875,-0.404296875,0.6640625,0.4296875
4015,40121371,40421371,0.677185059,-0.182006836,-0.616088867,0.358764648,-0.8125,-0.265625,1.00390625,-6.890625,6.9140625,0.1796875,-0.58984375,0.83984375,0.3515625
4016,40129227,40429227,0.678527832,-0.17956543,-0.612915039,0.362915039,-0.62890625,-0.1640625,0.76953125,-6.84375,6.96875,0.1484375,-0.58984375,0.83984375,0.3515625
4017,40138152,40438152,0.679870605,-0.176940918,-0.609802246,0.366882324,-0.62890625,-0.1640625,0.76953125,-6.84375,6.96875,0.1484375,-0.720703125,1.00390625,0.326171875
4018,40143209,40443209,0.681335449,-0.173828125,-0.606201172,0.371520996,-0.0625,-0.359375,-0.37890625,-6.796875,7.0078125,0.109375,-0.720703125,1.00390625,0.326171875
4019,40161584,40461584,0.682678223,-0.170776367,-0.602783203,0.376098633,-0.0625,-0.359375,-0.37890625,-6.796875,7.0078125,0.109375,-0.79296875,1.01953125,0.35546875
4020,40165718,40465718,0.683959961,-0.167907715,-0.599304199,0.380493164,-0.109375,-0.52734375,-0.53125,-6.75,7.0625,0.0703125,-0.79296875,1.01953125,0.35546875
4021,40177524,40477524,0.685241699,-0.16595459,-0.596191406,0.384033203,-0.109375,-0.52734375,-0.53125,-6.75,7.0625,0.0703125,-0.376953125,0.765625,0.32421875
4022,40183911,40483911,0.686462402,-0.164978027,-0.593566895,0.386291504,-1.34375,-1.140625,-0.15625,-6.703125,7.1015625,0.0390625,-0.376953125,0.765625,0.32421875
4023,40201477,40501477,0.6875,-0.164855957,-0.59161377,0.387512207,-1.34375,-1.140625,-0.15625,-6.703125,7.1015625,0.0390625,0.04296875,0.3515625,0.189453125
4024,40209627,40509627,0.688476562,-0.164794922,-0.590148926,0.388000488,-1.87890625,-1.21875,0.85546875,-6.6640625,7.140625,-0.015625,0.04296875,0.3515625,0.189453125
4025,40219255,40519255,0.689453125,-0.164428711,-0.588989258,0.388183594,-1.87890625,-1.21875,0.85546875,-6.6640625,7.140625,-0.015625,0.0546875,0.333984375,-0.005859375
4026,40223018,40523018,0.690612793,-0.163696289,-0.587768555,0.388366699,-0.73828125,-1.109375,1.2109375,-6.65625,7.1484375,-0.0625,0.0546875,0.333984375,-0.005859375
4027,40240608,40540608,0.691772461,-0.162536621,-0.586425781,0.388793945,-0.73828125,-1.109375,1.2109375,-6.65625,7.1484375,-0.0625,-0.123046875,0.439453125,-0.06640625
4028,40244757,40544757,0.692749023,-0.161010742,-0.585205078,0.389465332,-0.0859375,-0.3359375,0.65234375,-6.65625,7.140625,-0.1171875,-0.123046875,0.439453125,-0.06640625
4029,40258613,40558613,0.693664551,-0.159057617,-0.584106445,0.390319824,-0.0859375,-0.3359375,0.65234375,-6.65625,7.140625,-0.1171875,-0.2578125,0.3828125,-0.1171875
4030,40263702,40563702,0.694274902,-0.157165527,-0.583312988,0.391113281,-0.68359375,-0.90234375,0.67578125,-6.671875,7.1328125,-0.140625,-0.2578125,0.3828125,-0.1171875
4031,40280144,40580144,0.694702148,-0.155578613,-0.583007812,0.391540527,-0.68359375,-0.90234375,0.67578125,-6.671875,7.1328125,-0.140625,-0.18359375,0.154296875,-0.201171875
4032,40293106,40593106,0.694824219,-0.15423584,-0.583190918,0.391479492,-1.6953125,-0.96484375,0.7578125,-6.6953125,7.1171875,-0.1484375,-0.18359375,0.154296875,-0.201171875
4033,40299019,40599019,0.694946289,-0.152954102,-0.58380127,0.390991211,-1.6953125,-0.96484375,0.7578125,-6.6953125,7.1171875,-0.1484375,-0.076171875,0.0078125,-0.298828125
4034,40302762,40602762,0.695068359,-0.151794434,-0.584350586,0.390319824,-1.08203125,-0.88671875,1.125,-6.734375,7.078125,-0.1328125,-0.076171875,0.0078125,-0.298828125
4035,40321241,40621241,0.6953125,-0.150634766,-0.585021973,0.389404297,-1.08203125,-0.88671875,1.125,-6.734375,7.078125,-0.1328125,0.005859375,-0.017578125,-0.33203125
4036,40325374,40625374,0.69543457,-0.149658203,-0.58581543,0.388305664,-0.921875,-0.6171875,0.66796875,-6.78125,7.0390625,-0.1328125,0.005859375,-0.017578125,-0.33203125
4037,40338493,40638493,0.695495605,-0.148803711,-0.586853027,0.387023926,-0.921875,-0.6171875,0.66796875,-6.78125,7.0390625,-0.1328125,0.0625,-0.16015625,-0.3515625
4038,40343541,40643541,0.6953125,-0.148132324,-0.588134766,0.385620117,-0.7578125,-0.2265625,0.3125,-6.828125,6.9921875,-0.125,0.0625,-0.16015625,-0.3515625
4039,40360532,40660532,0.695068359,-0.147583008,-0.589538574,0.384094238,-0.7578125,-0.2265625,0.3125,-6.828125,6.9921875,-0.125,0.068359375,-0.267578125,-0.3671875
4040,40369642,40669642,0.694580078,-0.147155762,-0.591308594,0.382507324,-1.046875,0.09765625,0.67578125,-6.8828125,6.9375,-0.1015625,0.068359375,-0.267578125,-0.3671875
4041,40380661,40680661,0.693786621,-0.146972656,-0.593505859,0.380493164,-1.046875,0.09765625,0.67578125,-6.8828125,6.9375,-0.1015625,0.142578125,-0.48828125,-0.419921875
4042,40385022,40685022,0.692871094,-0.146911621,-0.596008301,0.378417969,-0.83984375,-0.15625,0.64453125,-6.9375,6.8828125,-0.0703125,0.142578125,-0.48828125,-0.419921875
4043,40399795,40699795,0.691650391,-0.146850586,-0.598937988,0.375976562,-0.83984375,-0.15625,0.64453125,-6.9375,6.8828125,-0.0703125,0.15234375,-0.634765625,-0.48046875
4044,40407218,40707218,0.690429688,-0.146850586,-0.601867676,0.373535156,-0.6484375,-0.31640625,0.765625,-7.015625,6.8125,0,0.15234375,-0.634765625,-0.48046875
4045,40418239,40718239,0.689086914,-0.146850586,-0.605102539,0.370849609,-0.6484375,-0.31640625,0.765625,-7.015625,6.8125,0,0.169921875,-0.6484375,-0.521484375
4046,40425944,40725944,0.687866211,-0.14666748,-0.608093262,0.368164062,-0.01171875,-0.58984375,1.26953125,-7.078125,6.7421875,0.0703125,0.169921875,-0.6484375,-0.521484375
4047,40439244,40739244,0.686645508,-0.146484375,-0.611206055,0.365356445,-0.01171875,-0.58984375,1.26953125,-7.078125,6.7421875,0.0703125,0.193359375,-0.68359375,-0.56640625
4048,40452249,40752249,0.685180664,-0.14654541,-0.614562988,0.362487793,-1.04296875,-0.20703125,0.74609375,-7.15625,6.6640625,0.1328125,0.193359375,-0.68359375,-0.56640625
4049,40457114,40757114,0.683166504,-0.146850586,-0.618591309,0.359375,-1.04296875,-0.20703125,0.74609375,-7.15625,6.6640625,0.1328125,0.18359375,-0.94140625,-0.5625
4050,40464018,40764018,0.680786133,-0.147155762,-0.62286377,0.356323242,-0.58203125,0.1796875,0.61328125,-7.234375,6.5859375,0.2265625,0.18359375,-0.94140625,-0.5625
4051,40481236,40781236,0.678283691,-0.147399902,-0.62713623,0.353515625,-0.58203125,0.1796875,0.61328125,-7.234375,6.5859375,0.2265625,0.107421875,-1.03320312,-0.548828125
4052,40485379,40785379,0.675598145,-0.147766113,-0.631408691,0.350708008,-0.59765625,0.3046875,0.44140625,-7.296875,6.5,0.359375,0.107421875,-1.03320312,-0.548828125
4053,40499581,40799581,0.672668457,-0.148193359,-0.636047363,0.347839355,-0.59765625,0.3046875,0.44140625,-7.296875,6.5,0.359375,0.0859375,-1.1171875,-0.52734375
4054,40503334,40803334,0.669616699,-0.14855957,-0.640625,0.345214844,-0.75390625,0.734375,0.37890625,-7.3671875,6.4140625,0.5,0.0859375,-1.1171875,-0.52734375
4055,40520764,40820764,0.66607666,-0.148681641,-0.645507812,0.342834473,-0.75390625,0.734375,0.37890625,-7.3671875,6.4140625,0.5,-0.107421875,-1.171875,-0.501953125
4056,40529633,40829633,0.66229248,-0.148620605,-0.650390625,0.341003418,-0.671875,1.37109375,0.3515625,-7.4140625,6.3515625,0.6796875,-0.107421875,-1.171875,-0.501953125
4057,40538831,40838831,0.657775879,-0.148742676,-0.655761719,0.339294434,-0.671875,1.37109375,0.3515625,-7.4140625,6.3515625,0.6796875,-0.212890625,-1.44335938,-0.38671875
4058,40543886,40843886,0.652648926,-0.149475098,-0.661560059,0.337646484,0.1328125,0.18359375,-0.48046875,-7.453125,6.2734375,0.8984375,-0.212890625,-1.44335938,-0.38671875
4059,40560643,40860643,0.648376465,-0.15020752,-0.666259766,0.336364746,0.1328125,0.18359375,-0.48046875,-7.453125,6.2734375,0.8984375,-0.166015625,-1.22851562,-0.2734375
4060,40564786,40864786,0.644592285,-0.150695801,-0.670532227,0.334960938,-0.68359375,0.1640625,0.20703125,-7.4765625,6.21875,1.1328125,-0.166015625,-1.22851562,-0.2734375
4061,40577973,40877973,0.640869141,-0.151428223,-0.674804688,0.333068848,-0.68359375,0.1640625,0.20703125,-7.4765625,6.21875,1.1328125,0.041015625,-1.14648438,-0.34375
4062,40587159,40887159,0.637207031,-0.152709961,-0.679260254,0.330566406,-1.2890625,-0.2109375,-1.23828125,-7.484375,6.171875,1.3125,0.041015625,-1.14648438,-0.34375
4063,40600619,40900619,0.633605957,-0.15435791,-0.68359375,0.327758789,-1.2890625,-0.2109375,-1.23828125,-7.484375,6.171875,1.3125,0.25390625,-1.33398438,-0.36328125
4064,40609639,40909639,0.629821777,-0.156311035,-0.688110352,0.324707031,-0.09375,-0.27734375,-0.21484375,-7.4921875,6.125,1.4765625,0.25390625,-1.33398438,-0.36328125
4065,40618847,40918847,0.626159668,-0.15838623,-0.692321777,0.321838379,-0.09375,-0.27734375,-0.21484375,-7.4921875,6.125,1.4765625,0.28125,-1.203125,-0.275390625
4066,40623905,40923905,0.622436523,-0.160644531,-0.696472168,0.318908691,0.10546875,-0.421875,-0.30859375,-7.5,6.078125,1.6484375,0.28125,-1.203125,-0.275390625
4067,40641268,40941268,0.61932373,-0.162841797,-0.699890137,0.31640625,0.10546875,-0.421875,-0.30859375,-7.5,6.078125,1.6484375,0.345703125,-1.1484375,-0.19140625
4068,40645948,40945948,0.616088867,-0.165222168,-0.703308105,0.313842773,0.55078125,-0.32421875,-0.13671875,-7.484375,6.0546875,1.78125,0.345703125,-1.1484375,-0.19140625
4069,40657896,40957896,0.612915039,-0.167663574,-0.706542969,0.311462402,0.55078125,-0.32421875,-0.13671875,-7.484375,6.0546875,1.78125,0.30078125,-1.01171875,-0.115234375
4070,40666873,40966873,0.609985352,-0.169921875,-0.709411621,0.309448242,0.609375,-0.1640625,-0.26171875,-7.46875,6.046875,1.90625,0.30078125,-1.01171875,-0.115234375
4071,40682243,40982243,0.607177734,-0.172241211,-0.712036133,0.307739258,0.609375,-0.1640625,-0.26171875,-7.46875,6.046875,1.90625,0.271484375,-0.876953125,0.00390625
4072,40691259,40991259,0.604553223,-0.174621582,-0.714294434,0.306213379,0.3203125,-0.35546875,-0.45703125,-7.4453125,6.046875,2.0234375,0.271484375,-0.876953125,0.00390625
4073,40701344,41001344,0.602050781,-0.177185059,-0.716491699,0.30456543,0.3203125,-0.35546875,-0.45703125,-7.4453125,6.046875,2.0234375,0.3828125,-0.818359375,0.044921875
4074,40706237,41006237,0.59979248,-0.180053711,-0.718383789,0.302856445,0.125,-0.79296875,-0.6171875,-7.40625,6.0625,2.109375,0.3828125,-0.818359375,0.044921875
4075,40722089,41022089,0.597412109,-0.18347168,-0.720397949,0.30078125,0.125,-0.79296875,-0.6171875,-7.40625,6.0625,2.109375,0.52734375,-0.82421875,0.09765625
4076,40725826,41025826,0.595214844,-0.186950684,-0.722167969,0.29876709,0.15625,-0.78515625,-0.10546875,-7.359375,6.09375,2.171875,0.52734375,-0.82421875,0.09765625
4077,40737197,41037197,0.593322754,-0.190612793,-0.723632812,0.296569824,0.15625,-0.78515625,-0.10546875,-7.359375,6.09375,2.171875,0.666015625,-0.751953125,0.099609375
4078,40746638,41046638,0.591491699,-0.194641113,-0.725097656,0.294006348,0.03125,-0.83203125,-0.265625,-7.3125,6.140625,2.21875,0.666015625,-0.751953125,0.099609375
4079,40761897,41061897,0.589660645,-0.198974609,-0.7265625,0.291137695,0.03125,-0.83203125,-0.265625,-7.3125,6.140625,2.21875,0.81640625,-0.794921875,0.08203125
4080,40769610,41069610,0.587890625,-0.203186035,-0.727966309,0.288330078,0.18359375,-0.21875,-0.015625,-7.2734375,6.1796875,2.234375,0.81640625,-0.794921875,0.08203125
4081,40776991,41076991,0.586181641,-0.206787109,-0.729309082,0.285888672,0.18359375,-0.21875,-0.015625,-7.2734375,6.1796875,2.234375,0.662109375,-0.76171875,0.056640625
4082,40785575,41085575,0.584106445,-0.210510254,-0.730957031,0.283203125,-0.3125,0.39453125,-0.10546875,-7.234375,6.21875,2.25,0.662109375,-0.76171875,0.056640625
4083,40803168,41103168,0.58215332,-0.213989258,-0.732543945,0.280578613,-0.3125,0.39453125,-0.10546875,-7.234375,6.21875,2.25,0.66015625,-0.783203125,0.0078125
4084,40807289,41107289,0.58013916,-0.217590332,-0.734130859,0.277709961,-0.30859375,0.4296875,-0.14453125,-7.203125,6.2578125,2.2890625,0.66015625,-0.783203125,0.0078125
4085,40818146,41118146,0.578125,-0.221313477,-0.735717773,0.274658203,-0.30859375,0.4296875,-0.14453125,-7.203125,6.2578125,2.2890625,0.708984375,-0.802734375,-0.017578125
4086,40826601,41126601,0.576171875,-0.22479248,-0.737304688,0.271850586,0.07421875,0.33203125,0.20703125,-7.1640625,6.28125,2.3203125,0.708984375,-0.802734375,-0.017578125
4087,40841803,41141803,0.574157715,-0.227844238,-0.738769531,0.26940918,0.07421875,0.33203125,0.20703125,-7.1640625,6.28125,2.3203125,0.498046875,-0.734375,0.015625
4088,40850681,41150681,0.572143555,-0.23046875,-0.74029541,0.267333984,0.42578125,0.109375,-0.1328125,-7.1328125,6.3125,2.3515625,0.498046875,-0.734375,0.015625
4089,40859569,41159569,0.570007324,-0.233093262,-0.741943359,0.265014648,0.42578125,0.109375,-0.1328125,-7.1328125,6.3125,2.3515625,0.486328125,-0.759765625,-0.041015625
4090,40863322,41163322,0.567871094,-0.235900879,-0.743652344,0.262390137,0.00390625,0.16796875,-0.71484375,-7.09375,6.328125,2.3984375,0.486328125,-0.759765625,-0.041015625
4091,40879124,41179124,0.565673828,-0.238952637,-0.745361328,0.259460449,0.00390625,0.16796875,-0.71484375,-7.09375,6.328125,2.3984375,0.59765625,-0.77734375,-0.08203125
4092,40886833,41186833,0.563842773,-0.241760254,-0.746826172,0.256713867,0.09765625,0.52734375,-0.06640625,-7.0703125,6.3515625,2.4375,0.59765625,-0.77734375,-0.08203125
4093,40900954,41200954,0.562072754,-0.244506836,-0.748168945,0.25402832,0.09765625,0.52734375,-0.06640625,-7.0703125,6.3515625,2.4375,0.517578125,-0.634765625,-0.0703125
4094,40905095,41205095,0.560546875,-0.246765137,-0.749389648,0.251647949,0.296875,0.51171875,-0.2109375,-7.0390625,6.3671875,2.46875,0.517578125,-0.634765625,-0.0703125
4095,40922215,41222215,0.558959961,-0.249023438,-0.750610352,0.249267578,0.296875,0.51171875,-0.2109375,-7.0390625,6.3671875,2.46875,0.416015625,-0.546875,-0.080078125
4096,40930702,41230702,0.557617188,-0.250854492,-0.751647949,0.247253418,0.6640625,0.23828125,-0.6171875,-7.0234375,6.375,2.4921875,0.416015625,-0.546875,-0.080078125
4097,40939980,41239980,0.556518555,-0.252563477,-0.752502441,0.245483398,0.6640625,0.23828125,-0.6171875,-7.0234375,6.375,2.4921875,0.35546875,-0.392578125,-0.064453125
4098,40943761,41243761,0.555725098,-0.254089355,-0.753112793,0.243896484,0.80078125,0.10546875,-0.48046875,-7.0078125,6.390625,2.5078125,0.35546875,-0.392578125,-0.064453125
4099,40963157,41263157,0.554992676,-0.255615234,-0.753479004,0.242553711,0.80078125,0.10546875,-0.48046875,-7.0078125,6.390625,2.5078125,0.298828125,-0.24609375,0.001953125
4100,40967299,41267299,0.554504395,-0.256958008,-0.75378418,0.241577148,0.6015625,0.51953125,-0.37109375,-7,6.3984375,2.515625,0.298828125,-0.24609375,0.001953125
4101,40978153,41278153,0.554138184,-0.258056641,-0.75390625,0.240844727,0.6015625,0.51953125,-0.37109375,-7,6.3984375,2.515625,0.1796875,-0.130859375,0.0234375
4102,40984168,41284168,0.553833008,-0.258728027,-0.75402832,0.24041748,0.5859375,0.84765625,-0.48046875,-6.984375,6.4140625,2.5078125,0.1796875,-0.130859375,0.0234375
4103,41003219,41303219,0.553710938,-0.259094238,-0.75402832,0.240234375,0.5859375,0.84765625,-0.48046875,-6.984375,6.4140625,2.5078125,0.044921875,-0.01953125,0.0234375
4104,41012411,41312411,0.553710938,-0.259216309,-0.753967285,0.240234375,0.65234375,0.61328125,-0.51171875,-6.9765625,6.421875,2.5,0.044921875,-0.01953125,0.0234375
4105,41022286,41322286,0.553894043,-0.259033203,-0.753845215,0.240478516,0.65234375,0.61328125,-0.51171875,-6.9765625,6.421875,2.5,-0.0625,0.09375,0.01171875
4106,41027018,41327018,0.554260254,-0.258544922,-0.753601074,0.240966797,0.76953125,0.421875,-0.39453125,-6.9765625,6.421875,2.5,-0.0625,0.09375,0.01171875
4107,41042245,41342245,0.554870605,-0.257751465,-0.753173828,0.241699219,0.76953125,0.421875,-0.39453125,-6.9765625,6.421875,2.5,-0.177734375,0.251953125,0.0234375
4108,41046384,41346384,0.555603027,-0.256713867,-0.752624512,0.242797852,0.625,0.34375,-0.38671875,-6.984375,6.421875,2.4921875,-0.177734375,0.251953125,0.0234375
4109,41059049,41359049,0.556640625,-0.255371094,-0.75189209,0.24420166,0.625,0.34375,-0.38671875,-6.984375,6.421875,2.4921875,-0.29296875,0.421875,0.06640625
4110,41065442,41365442,0.557983398,-0.253662109,-0.750854492,0.24597168,0.4765625,0.2734375,-0.37109375,-6.9921875,6.4140625,2.4765625,-0.29296875,0.421875,0.06640625
4111,41081614,41381614,0.559570312,-0.251586914,-0.749694824,0.247924805,0.4765625,0.2734375,-0.37109375,-6.9921875,6.4140625,2.4765625,-0.431640625,0.640625,0.029296875
4112,41089614,41389614,0.561462402,-0.249206543,-0.748413086,0.250061035,0.578125,0.55078125,-0.30078125,-7.015625,6.40625,2.4453125,-0.431640625,0.640625,0.029296875
4113,41101470,41401470,0.563659668,-0.246154785,-0.746887207,0.252563477,0.578125,0.55078125,-0.30078125,-7.015625,6.40625,2.4453125,-0.576171875,0.837890625,-0.005859375
4114,41105921,41405921,0.56628418,-0.242675781,-0.745117188,0.255371094,0.72265625,0.421875,-0.26171875,-7.046875,6.3828125,2.40625,-0.576171875,0.837890625,-0.005859375
4115,41122206,41422206,0.569335938,-0.238769531,-0.742919922,0.258666992,0.72265625,0.421875,-0.26171875,-7.046875,6.3828125,2.40625,-0.693359375,1.09375,0.015625
4116,41126336,41426336,0.572692871,-0.234680176,-0.74041748,0.262207031,0.9609375,-0.3125,-0.390625,-7.09375,6.3515625,2.34375,-0.693359375,1.09375,0.015625
4117,41139253,41439253,0.57623291,-0.23034668,-0.737670898,0.265991211,0.9609375,-0.3125,-0.390625,-7.09375,6.3515625,2.34375,-0.767578125,1.29492188,0.0546875
4118,41145681,41445681,0.579833984,-0.226074219,-0.734741211,0.269775391,0.625,-0.59765625,-0.93359375,-7.140625,6.328125,2.2734375,-0.767578125,1.29492188,0.0546875
4119,41161797,41461797,0.58380127,-0.221435547,-0.731445312,0.274047852,0.625,-0.59765625,-0.93359375,-7.140625,6.328125,2.2734375,-0.791015625,1.39453125,0.080078125
4120,41170755,41470755,0.58770752,-0.216918945,-0.728210449,0.278076172,0.4375,-0.34375,-1.03125,-7.1796875,6.3046875,2.1796875,-0.791015625,1.39453125,0.080078125
4121,41181181,41481181,0.59185791,-0.212097168,-0.724609375,0.282287598,0.4375,-0.34375,-1.03125,-7.1796875,6.3046875,2.1796875,-0.802734375,1.50585938,0.056640625
4122,41185337,41485337,0.596191406,-0.207214355,-0.720825195,0.286376953,0.22265625,0.17578125,-1.0390625,-7.234375,6.28125,2.0703125,-0.802734375,1.50585938,0.056640625
4123,41200533,41500533,0.601013184,-0.202026367,-0.71661377,0.290588379,0.22265625,0.17578125,-1.0390625,-7.234375,6.28125,2.0703125,-0.7578125,1.63671875,0.021484375
4124,41204278,41504278,0.605712891,-0.197143555,-0.712402344,0.294433594,0.24609375,0.125,-0.8984375,-7.296875,6.2578125,1.9296875,-0.7578125,1.63671875,0.021484375
4125,41217906,41517906,0.610900879,-0.192016602,-0.707702637,0.298400879,0.24609375,0.125,-0.8984375,-7.296875,6.2578125,1.9296875,-0.71484375,1.81640625,0.017578125
4126,41224449,41524449,0.616516113,-0.186584473,-0.702514648,0.30255127,0.26171875,0.33984375,-0.97265625,-7.3515625,6.234375,1.7734375,-0.71484375,1.81640625,0.017578125
4127,41241573,41541573,0.622009277,-0.181213379,-0.697265625,0.30670166,0.26171875,0.33984375,-0.97265625,-7.3515625,6.234375,1.7734375,-0.720703125,1.9140625,0.048828125
4128,41250502,41550502,0.627319336,-0.176208496,-0.692016602,0.31072998,0.01171875,0.171875,-1.08984375,-7.40625,6.2109375,1.5859375,-0.720703125,1.9140625,0.048828125
4129,41259788,41559788,0.632446289,-0.171386719,-0.686645508,0.314880371,0.01171875,0.171875,-1.08984375,-7.40625,6.2109375,1.5859375,-0.65625,1.79492188,0.154296875
4130,41263534,41563534,0.637207031,-0.167053223,-0.681396484,0.318969727,-0.4765625,0.484375,-1.31640625,-7.453125,6.203125,1.390625,-0.65625,1.79492188,0.154296875
4131,41282586,41582586,0.641723633,-0.163146973,-0.676208496,0.322998047,-0.4765625,0.484375,-1.31640625,-7.453125,6.203125,1.390625,-0.525390625,1.51953125,0.25390625
4132,41286702,41586702,0.645568848,-0.16003418,-0.671508789,0.326721191,-0.64453125,0.76953125,-0.9765625,-7.4765625,6.2265625,1.203125,-0.525390625,1.51953125,0.25390625
4133,41297731,41597731,0.649169922,-0.157470703,-0.666748047,0.330505371,-0.64453125,0.76953125,-0.9765625,-7.4765625,6.2265625,1.203125,-0.41015625,1.30078125,0.3984375
4134,41304264,41604264,0.65234375,-0.155334473,-0.662231445,0.334289551,-0.27734375,1.12109375,-0.0625,-7.4609375,6.2578125,1.0546875,-0.41015625,1.30078125,0.3984375
4135,41320792,41620792,0.655395508,-0.153259277,-0.657531738,0.338623047,-0.27734375,1.12109375,-0.0625,-7.4609375,6.2578125,1.0546875,-0.52734375,1.33398438,0.5625
4136,41329639,41629639,0.658325195,-0.151123047,-0.652648926,0.343261719,0.1015625,1.203125,0.34765625,-7.421875,6.328125,0.9140625,-0.52734375,1.33398438,0.5625
4137,41338450,41638450,0.661132812,-0.148925781,-0.647705078,0.348083496,0.1015625,1.203125,0.34765625,-7.421875,6.328125,0.9140625,-0.595703125,1.30078125,0.59765625
4138,41344484,41644484,0.66394043,-0.146728516,-0.64276123,0.352844238,0.125,0.7421875,-0.1796875,-7.3671875,6.40625,0.7890625,-0.595703125,1.30078125,0.59765625
4139,41362601,41662601,0.666625977,-0.145019531,-0.638305664,0.356567383,0.125,0.7421875,-0.1796875,-7.3671875,6.40625,0.7890625,-0.294921875,1.09570312,0.458984375
4140,41366736,41666736,0.669189453,-0.144165039,-0.634216309,0.359375,-0.54296875,-0.09375,-0.3671875,-7.3125,6.4765625,0.671875,-0.294921875,1.09570312,0.458984375
4141,41378452,41678452,0.671691895,-0.144226074,-0.630554199,0.36114502,-0.54296875,-0.09375,-0.3671875,-7.3125,6.4765625,0.671875,0.15625,0.775390625,0.408203125
4142,41385517,41685517,0.674072266,-0.144836426,-0.627258301,0.362243652,-1.31640625,-0.34765625,0.37890625,-7.265625,6.5390625,0.5390625,0.15625,0.775390625,0.408203125
4143,41401548,41701548,0.676269531,-0.145507812,-0.624023438,0.36340332,-1.31640625,-0.34765625,0.37890625,-7.265625,6.5390625,0.5390625,0.138671875,0.673828125,0.40625
4144,41409510,41709510,0.678039551,-0.145812988,-0.62109375,0.364990234,-0.67578125,-0.21875,0.84765625,-7.21875,6.6015625,0.4140625,0.138671875,0.673828125,0.40625
4145,41417928,41717928,0.679443359,-0.145507812,-0.618103027,0.367614746,-0.67578125,-0.21875,0.84765625,-7.21875,6.6015625,0.4140625,-0.3359375,0.689453125,0.462890625
4146,41423934,41723934,0.680541992,-0.14440918,-0.61505127,0.371154785,0.45703125,-0.09765625,0.3203125,-7.1640625,6.671875,0.328125,-0.3359375,0.689453125,0.462890625
4147,41441601,41741601,0.681335449,-0.143066406,-0.612243652,0.374816895,0.45703125,-0.09765625,0.3203125,-7.1640625,6.671875,0.328125,-0.529296875,0.654296875,0.44140625
4148,41445724,41745724,0.681945801,-0.142089844,-0.609924316,0.377868652,-0.0625,-0.765625,-0.29296875,-7.1015625,6.7265625,0.2890625,-0.529296875,0.654296875,0.44140625
4149,41458048,41758048,0.682556152,-0.141479492,-0.607849121,0.380310059,-0.0625,-0.765625,-0.29296875,-7.1015625,6.7265625,0.2890625,-0.189453125,0.380859375,0.294921875
4150,41464596,41764596,0.683227539,-0.141174316,-0.606201172,0.381713867,-1.03125,-1.05078125,0.8515625,-7.0546875,6.78125,0.2578125,-0.189453125,0.380859375,0.294921875
4151,41480240,41780240,0.684143066,-0.140380859,-0.604797363,0.382751465,-1.03125,-1.05078125,0.8515625,-7.0546875,6.78125,0.2578125,-0.1796875,0.458984375,0.015625
4152,41488662,41788662,0.685241699,-0.138427734,-0.603271484,0.383789062,-0.73828125,-0.19140625,1.953125,-7.0390625,6.8046875,0.2265625,-0.1796875,0.458984375,0.015625
4153,41499664,41799664,0.686706543,-0.135314941,-0.601745605,0.38482666,-0.73828125,-0.19140625,1.953125,-7.0390625,6.8046875,0.2265625,-0.380859375,0.66015625,-0.2890625
4154,41503447,41803447,0.688110352,-0.131896973,-0.600463867,0.385498047,-0.68359375,-0.4765625,0.0078125,-7.0546875,6.78125,0.1796875,-0.380859375,0.66015625,-0.2890625
4155,41520259,41820259,0.689453125,-0.128051758,-0.599365234,0.385986328,-0.68359375,-0.4765625,0.0078125,-7.0546875,6.78125,0.1796875,-0.37890625,0.578125,-0.443359375
4156,41524002,41824002,0.690673828,-0.124389648,-0.598571777,0.386291504,-0.4765625,-1.109375,-0.1875,-7.109375,6.7265625,0.1484375,-0.37890625,0.578125,-0.443359375
4157,41537200,41837200,0.691833496,-0.120544434,-0.597839355,0.38659668,-0.4765625,-1.109375,-0.1875,-7.109375,6.7265625,0.1484375,-0.375,0.513671875,-0.46484375
4158,41543736,41843736,0.692810059,-0.117004395,-0.597290039,0.38671875,-0.3671875,-0.81640625,0.953125,-7.1796875,6.6640625,0.1171875,-0.375,0.513671875,-0.46484375
4159,41561633,41861633,0.693725586,-0.11328125,-0.596923828,0.386779785,-0.3671875,-0.81640625,0.953125,-7.1796875,6.6640625,0.1171875,-0.353515625,0.40625,-0.521484375
4160,41570610,41870610,0.694519043,-0.109680176,-0.596862793,0.386535645,-0.61328125,-0.671875,0.96875,-7.2421875,6.59375,0.1015625,-0.353515625,0.40625,-0.521484375
4161,41580553,41880553,0.695373535,-0.105773926,-0.596862793,0.386108398,-0.61328125,-0.671875,0.96875,-7.2421875,6.59375,0.1015625,-0.341796875,0.39453125,-0.634765625
4162,41584331,41884331,0.696289062,-0.1015625,-0.596740723,0.385681152,-0.3515625,0.02734375,0.83203125,-7.3125,6.5078125,0.0859375,-0.341796875,0.39453125,-0.634765625
4163,41600234,41900234,0.697387695,-0.096862793,-0.596435547,0.385437012,-0.3515625,0.02734375,0.83203125,-7.3125,6.5078125,0.0859375,-0.451171875,0.546875,-0.6640625
4164,41603969,41903969,0.698425293,-0.0924072266,-0.596008301,0.385375977,-0.21875,0.7421875,0.42578125,-7.40625,6.40625,0.0703125,-0.451171875,0.546875,-0.6640625
4165,41617604,41917604,0.699401855,-0.0876464844,-0.59552002,0.385437012,-0.21875,0.7421875,0.42578125,-7.40625,6.40625,0.0703125,-0.47265625,0.494140625,-0.59765625
4166,41624911,41924911,0.700012207,-0.0834350586,-0.595336914,0.385498047,-0.62890625,1.171875,-0.28515625,-7.4921875,6.3203125,0.0546875,-0.47265625,0.494140625,-0.59765625
4167,41640273,41940273,0.700317383,-0.0797119141,-0.595397949,0.385498047,-0.62890625,1.171875,-0.28515625,-7.4921875,6.3203125,0.0546875,-0.40625,0.25,-0.5078125
4168,41649636,41949636,0.700439453,-0.0765380859,-0.595703125,0.385559082,-0.56640625,0.76171875,-0.29296875,-7.5546875,6.234375,0.0625,-0.40625,0.25,-0.5078125
4169,41659970,41959970,0.700439453,-0.0732421875,-0.596008301,0.385681152,-0.56640625,0.76171875,-0.29296875,-7.5546875,6.234375,0.0625,-0.427734375,0.21875,-0.458984375
4170,41663752,41963752,0.700439453,-0.0698852539,-0.596191406,0.386108398,-0.46875,0.21875,-0.00390625,-7.6171875,6.1640625,0.078125,-0.427734375,0.21875,-0.458984375
4171,41681213,41981213,0.700317383,-0.0662231445,-0.596252441,0.38684082,-0.46875,0.21875,-0.00390625,-7.6171875,6.1640625,0.078125,-0.580078125,0.2734375,-0.39453125
4172,41685384,41985384,0.700073242,-0.0626831055,-0.596191406,0.387939453,-0.52734375,0.01953125,-0.140625,-7.671875,6.09375,0.1015625,-0.580078125,0.2734375,-0.39453125
4173,41698942,41998942,0.699707031,-0.0590820312,-0.596130371,0.389282227,-0.52734375,0.01953125,-0.140625,-7.671875,6.09375,0.1015625,-0.591796875,0.23828125,-0.29296875
4174,41706021,42006021,0.699401855,-0.0561523438,-0.596069336,0.390380859,-0.44921875,-0.4609375,-0.7109375,-7.7109375,6.0390625,0.1328125,-0.591796875,0.23828125,-0.29296875
4175,41720249,42020249,0.699157715,-0.0539550781,-0.596130371,0.391113281,-0.44921875,-0.4609375,-0.7109375,-7.7109375,6.0390625,0.1328125,-0.30859375,0.095703125,-0.205078125
4176,41729198,42029198,0.698852539,-0.0526123047,-0.596374512,0.391357422,-0.79296875,-0.765625,-0.1953125,-7.75,6,0.15625,-0.30859375,0.095703125,-0.205078125
4177,41737612,42037612,0.698486328,-0.0520629883,-0.596923828,0.391357422,-0.79296875,-0.765625,-0.1953125,-7.75,6,0.15625,-0.03125,-0.150390625,-0.08203125
4178,41744142,42044142,0.697814941,-0.0523681641,-0.59777832,0.391113281,-1.046875,-0.66796875,0.23828125,-7.765625,5.9765625,0.1796875,-0.03125,-0.150390625,-0.08203125
4179,41760267,42060267,0.696777344,-0.0531616211,-0.598937988,0.391052246,-1.046875,-0.66796875,0.23828125,-7.765625,5.9765625,0.1796875,0.0078125,-0.41796875,0.052734375
4180,41764000,42064000,0.695373535,-0.0542602539,-0.600341797,0.391235352,-0.6953125,-0.20703125,0.9296875,-7.7734375,5.9765625,0.21875,0.0078125,-0.41796875,0.052734375
4181,41778556,42078556,0.693664551,-0.055480957,-0.601989746,0.391662598,-0.6953125,-0.20703125,0.9296875,-7.7734375,5.9765625,0.21875,-0.0859375,-0.533203125,0.1171875
4182,41784926,42084926,0.691772461,-0.0565795898,-0.60369873,0.392211914,-0.2890625,-0.18359375,1.03515625,-7.7578125,5.9921875,0.3046875,-0.0859375,-0.533203125,0.1171875
4183,41802341,42102341,0.689880371,-0.0575561523,-0.605407715,0.39276123,-0.2890625,-0.18359375,1.03515625,-7.7578125,5.9921875,0.3046875,-0.15625,-0.529296875,0.0703125
4184,41810964,42110964,0.687927246,-0.0582275391,-0.607177734,0.393310547,-0.41796875,-0.4609375,1.28515625,-7.7421875,6,0.3984375,-0.15625,-0.529296875,0.0703125
4185,41821043,42121043,0.686157227,-0.05859375,-0.609008789,0.393554688,-0.41796875,-0.4609375,1.28515625,-7.7421875,6,0.3984375,-0.142578125,-0.517578125,-0.095703125
4186,41824824,42124824,0.684387207,-0.0587158203,-0.611083984,0.393310547,-0.94921875,-1.3046875,0.953125,-7.75,6,0.5,-0.142578125,-0.517578125,-0.095703125
4187,41840171,42140171,0.682678223,-0.0588378906,-0.613464355,0.39263916,-0.94921875,-1.3046875,0.953125,-7.75,6,0.5,-0.02734375,-0.5625,-0.267578125
4188,41843908,42143908,0.680969238,-0.0589599609,-0.615966797,0.391662598,-1.28515625,-1.921875,0.5078125,-7.7578125,5.96875,0.6015625,-0.02734375,-0.5625,-0.267578125
4189,41857797,42157797,0.679138184,-0.0590820312,-0.618713379,0.390380859,-1.28515625,-1.921875,0.5078125,-7.7578125,5.96875,0.6015625,0.03125,-0.619140625,-0.322265625
4190,41865815,42165815,0.677490234,-0.059387207,-0.621398926,0.389099121,-1.25390625,-1.640625,0.296875,-7.7890625,5.9140625,0.6953125,0.03125,-0.619140625,-0.322265625
4191,41879829,42179829,0.67565918,-0.0599365234,-0.624267578,0.387512207,-1.25390625,-1.640625,0.296875,-7.7890625,5.9140625,0.6953125,0.142578125,-0.69921875,-0.3125
4192,41888624,42188624,0.67376709,-0.0609130859,-0.627258301,0.385803223,-1.0234375,-1.0546875,0.359375,-7.828125,5.8671875,0.7890625,0.142578125,-0.69921875,-0.3125
4193,41900261,42200261,0.671691895,-0.0623779297,-0.630615234,0.383728027,-1.0234375,-1.0546875,0.359375,-7.828125,5.8671875,0.7890625,0.283203125,-0.875,-0.275390625
4194,41903924,42203924,0.669494629,-0.0642089844,-0.634094238,0.381591797,-1.23046875,-0.359375,0.29296875,-7.8515625,5.8203125,0.890625,0.283203125,-0.875,-0.275390625
4195,41924006,42224006,0.666748047,-0.0665893555,-0.638244629,0.37902832,-1.23046875,-0.359375,0.29296875,-7.8515625,5.8203125,0.890625,0.388671875,-1.17578125,-0.279296875
4196,41925501,42225501,0.663452148,-0.0692138672,-0.642883301,0.376464844,-0.75390625,0.140625,0.484375,-7.8671875,5.78125,1.0078125,0.388671875,-1.17578125,-0.279296875
4197,41939341,42239341,0.66015625,-0.0713500977,-0.647277832,0.374328613,-0.75390625,0.140625,0.484375,-7.8671875,5.78125,1.0078125,0.181640625,-1.18359375,-0.279296875
4198,41944143,42244143,0.656921387,-0.0729370117,-0.651489258,0.372497559,-0.171875,-0.125,1.0859375,-7.875,5.7421875,1.171875,0.181640625,-1.18359375,-0.279296875
4199,41958972,42258972,0.653808594,-0.0742797852,-0.655578613,0.370483398,-0.171875,-0.125,1.0859375,-7.875,5.7421875,1.171875,0.181640625,-1.07226562,-0.337890625
4200,41967476,42267476,0.650695801,-0.0761108398,-0.659667969,0.368225098,-0.4609375,-0.4609375,-0.21875,-7.890625,5.6953125,1.328125,0.181640625,-1.07226562,-0.337890625
4201,41977917,42277917,0.647644043,-0.0784301758,-0.663696289,0.365844727,-0.4609375,-0.4609375,-0.21875,-7.890625,5.6953125,1.328125,0.373046875,-1.14257812,-0.240234375
4202,41984975,42284975,0.644836426,-0.0809326172,-0.667480469,0.363464355,0.12109375,-0.5,0.12890625,-7.8984375,5.65625,1.4765625,0.373046875,-1.14257812,-0.240234375
4203,41998974,42298974,0.641784668,-0.0838623047,-0.671447754,0.360839844,0.12109375,-0.5,0.12890625,-7.8984375,5.65625,1.4765625,0.439453125,-1.109375,-0.201171875
4204,42004966,42304966,0.639038086,-0.086730957,-0.675170898,0.358154297,0.265625,-0.5546875,-0.26953125,-7.890625,5.6328125,1.609375,0.439453125,-1.109375,-0.201171875
4205,42017797,42317797,0.636413574,-0.0897216797,-0.678771973,0.355224609,0.265625,-0.5546875,-0.26953125,-7.890625,5.6328125,1.609375,0.556640625,-1.0625,-0.2265625
4206,42025559,42325559,0.633911133,-0.0927124023,-0.682250977,0.352172852,0.2890625,-0.68359375,-0.2734375,-7.875,5.609375,1.7265625,0.556640625,-1.0625,-0.2265625
4207,42038873,42338873,0.631530762,-0.095703125,-0.685668945,0.349121094,0.2890625,-0.68359375,-0.2734375,-7.875,5.609375,1.7265625,0.572265625,-1.01953125,-0.228515625
4208,42046093,42346093,0.629211426,-0.098815918,-0.688964844,0.345947266,0.25,-0.4765625,-0.375,-7.875,5.59375,1.828125,0.572265625,-1.01953125,-0.228515625
4209,42059766,42359766,0.62701416,-0.101867676,-0.692138672,0.342651367,0.25,-0.4765625,-0.375,-7.875,5.59375,1.828125,0.65625,-0.953125,-0.2421875
4210,42064587,42364587,0.62512207,-0.104858398,-0.695007324,0.339355469,0.05078125,-0.30859375,-0.66015625,-7.8671875,5.578125,1.921875,0.65625,-0.953125,-0.2421875
4211,42079501,42379501,0.62310791,-0.108093262,-0.698059082,0.335754395,0.05078125,-0.30859375,-0.66015625,-7.8671875,5.578125,1.921875,0.6875,-0.921875,-0.25
4212,42084304,42384304,0.621276855,-0.111083984,-0.700866699,0.332397461,-0.2265625,0.015625,-0.73046875,-7.859375,5.5625,1.9921875,0.6875,-0.921875,-0.25
4213,42100046,42400046,0.61920166,-0.114379883,-0.703857422,0.328735352,-0.2265625,0.015625,-0.73046875,-7.859375,5.5625,1.9921875,0.673828125,-0.9453125,-0.244140625
4214,42103700,42403700,0.61706543,-0.117492676,-0.706787109,0.325378418,-0.2421875,0.30078125,-0.609375,-7.84375,5.546875,2.0625,0.673828125,-0.9453125,-0.244140625
4215,42118554,42418554,0.614685059,-0.12097168,-0.709838867,0.321899414,-0.2421875,0.30078125,-0.609375,-7.84375,5.546875,2.0625,0.697265625,-0.994140625,-0.189453125
4216,42126499,42426499,0.612304688,-0.124633789,-0.712890625,0.318359375,0.2421875,0.3828125,-0.265625,-7.828125,5.5390625,2.140625,0.697265625,-0.994140625,-0.189453125
4217,42138311,42438311,0.609741211,-0.128479004,-0.716003418,0.314758301,0.2421875,0.3828125,-0.265625,-7.828125,5.5390625,2.140625,0.73828125,-1.09375,-0.166015625
4218,42146918,42446918,0.607116699,-0.132141113,-0.718994141,0.311401367,-0.04296875,0.57421875,0.0703125,-7.8125,5.5390625,2.2265625,0.73828125,-1.09375,-0.166015625
4219,42158734,42458734,0.604248047,-0.136047363,-0.722167969,0.307983398,-0.04296875,0.57421875,0.0703125,-7.8125,5.5390625,2.2265625,0.666015625,-1.07617188,-0.11328125
4220,42164739,42464739,0.6015625,-0.139648438,-0.725036621,0.304870605,0.1875,0.3359375,0.015625,-7.7734375,5.546875,2.3203125,0.666015625,-1.07617188,-0.11328125
4221,42180918,42480918,0.598999023,-0.143188477,-0.727783203,0.301696777,0.1875,0.3359375,0.015625,-7.7734375,5.546875,2.3203125,0.689453125,-0.962890625,-0.109375
4222,42184564,42484564,0.596740723,-0.14666748,-0.730163574,0.298706055,0.34765625,0.16796875,-0.609375,-7.7421875,5.5625,2.40625,0.689453125,-0.962890625,-0.109375
4223,42199888,42499888,0.594299316,-0.150390625,-0.732727051,0.295593262,0.34765625,0.16796875,-0.609375,-7.7421875,5.5625,2.40625,0.619140625,-0.9140625,-0.08203125
4224,42208476,42508476,0.592041016,-0.153320312,-0.734924316,0.29296875,0.23828125,0.57421875,-0.02734375,-7.7109375,5.578125,2.4765625,0.619140625,-0.9140625,-0.08203125
4225,42217731,42517731,0.58984375,-0.156066895,-0.737121582,0.290466309,0.23828125,0.57421875,-0.02734375,-7.7109375,5.578125,2.4765625,0.455078125,-0.732421875,-0.080078125
4226,42224387,42524387,0.58795166,-0.15838623,-0.738952637,0.288391113,0.58203125,0.52734375,-0.17578125,-7.671875,5.5859375,2.546875,0.455078125,-0.732421875,-0.080078125
4227,42238659,42538659,0.586120605,-0.160766602,-0.740722656,0.286315918,0.58203125,0.52734375,-0.17578125,-7.671875,5.5859375,2.546875,0.41796875,-0.64453125,-0.076171875
4228,42246999,42546999,0.584472656,-0.163024902,-0.74230957,0.284301758,0.328125,0.17578125,-0.3046875,-7.6484375,5.59375,2.6015625,0.41796875,-0.64453125,-0.076171875
4229,42260242,42560242,0.582885742,-0.165466309,-0.743713379,0.282348633,0.328125,0.17578125,-0.3046875,-7.6484375,5.59375,2.6015625,0.466796875,-0.5703125,-0.0078125
4230,42265059,42565059,0.581604004,-0.16784668,-0.744873047,0.280639648,0.26953125,-0.1171875,-0.27734375,-7.625,5.6171875,2.6484375,0.466796875,-0.5703125,-0.0078125
4231,42278948,42578948,0.580444336,-0.170349121,-0.745849609,0.278930664,0.26953125,-0.1171875,-0.27734375,-7.625,5.6171875,2.6484375,0.462890625,-0.42578125,0.029296875
4232,42287475,42587475,0.579589844,-0.172546387,-0.746582031,0.27734375,0.7734375,0.359375,-0.52734375,-7.59375,5.640625,2.671875,0.462890625,-0.42578125,0.029296875
4233,42297918,42597918,0.578918457,-0.174438477,-0.747192383,0.275878906,0.7734375,0.359375,-0.52734375,-7.59375,5.640625,2.671875,0.373046875,-0.29296875,-0.0078125
4234,42304768,42604768,0.578369141,-0.176086426,-0.747680664,0.274597168,1.1015625,0.83203125,-0.7265625,-7.578125,5.6640625,2.6796875,0.373046875,-0.29296875,-0.0078125
4235,42318768,42618768,0.57800293,-0.177612305,-0.748046875,0.2734375,1.1015625,0.83203125,-0.7265625,-7.578125,5.6640625,2.6796875,0.30859375,-0.1796875,0.00390625
4236,42327066,42627066,0.577941895,-0.178771973,-0.748168945,0.272583008,1.1640625,0.6640625,-0.3828125,-7.5625,5.6796875,2.6796875,0.30859375,-0.1796875,0.00390625
4237,42339908,42639908,0.578125,-0.17956543,-0.74798584,0.272094727,1.1640625,0.6640625,-0.3828125,-7.5625,5.6796875,2.6796875,0.154296875,0.052734375,0.03125
4238,42345099,42645099,0.578613281,-0.179992676,-0.747558594,0.271972656,1.23046875,0.50390625,-0.51953125,-7.5546875,5.6875,2.6640625,0.154296875,0.052734375,0.03125
4239,42360778,42660778,0.579284668,-0.180236816,-0.746948242,0.272094727,1.23046875,0.50390625,-0.51953125,-7.5546875,5.6875,2.6640625,0.060546875,0.205078125,0.06640625
4240,42368491,42668491,0.58013916,-0.180236816,-0.746154785,0.272399902,0.84765625,0.78515625,-0.7109375,-7.5546875,5.7109375,2.625,0.060546875,0.205078125,0.06640625
4241,42380255,42680255,0.581176758,-0.179992676,-0.745239258,0.272827148,0.84765625,0.78515625,-0.7109375,-7.5546875,5.7109375,2.625,-0.009765625,0.3125,0.041015625
4242,42383914,42683914,0.582275391,-0.179504395,-0.74432373,0.27331543,0.47265625,0.73828125,-0.51953125,-7.5625,5.71875,2.5859375,-0.009765625,0.3125,0.041015625
4243,42399108,42699108,0.583618164,-0.178649902,-0.743225098,0.273986816,0.47265625,0.73828125,-0.51953125,-7.5625,5.71875,2.5859375,-0.1171875,0.40625,0.015625
4244,42406788,42706788,0.584960938,-0.17755127,-0.742126465,0.274841309,0.4140625,0.703125,-0.47265625,-7.578125,5.71875,2.5390625,-0.1171875,0.40625,0.015625
4245,42419922,42719922,0.586364746,-0.176147461,-0.740966797,0.275939941,0.4140625,0.703125,-0.47265625,-7.578125,5.71875,2.5390625,-0.26171875,0.470703125,0
4246,42424736,42724736,0.587646484,-0.174316406,-0.739929199,0.277160645,0.46875,0.9765625,-0.203125,-7.59375,5.7109375,2.5,-0.26171875,0.470703125,0
4247,42438432,42738432,0.589111328,-0.171813965,-0.738769531,0.278747559,0.46875,0.9765625,-0.203125,-7.59375,5.7109375,2.5,-0.478515625,0.55859375,-0.046875
4248,42451159,42751159,0.590637207,-0.168823242,-0.737487793,0.280578613,0.61328125,0.87890625,-0.203125,-7.625,5.6953125,2.4609375,-0.478515625,0.55859375,-0.046875
4249,42459390,42759390,0.592285156,-0.165466309,-0.73614502,0.282714844,0.61328125,0.87890625,-0.203125,-7.625,5.6953125,2.4609375,-0.67578125,0.751953125,-0.06640625
4250,42466227,42766227,0.594421387,-0.161315918,-0.734313965,0.285400391,0.765625,0.41796875,-0.32421875,-7.6640625,5.65625,2.4296875,-0.67578125,0.751953125,-0.06640625
4251,42478441,42778441,0.596801758,-0.156921387,-0.732116699,0.288391113,0.765625,0.41796875,-0.32421875,-7.6640625,5.65625,2.4296875,-0.81640625,1.0234375,-0.015625
4252,42486554,42786554,0.599487305,-0.152404785,-0.729614258,0.291687012,0.73828125,0.11328125,-0.453125,-7.7109375,5.6171875,2.3671875,-0.81640625,1.0234375,-0.015625
4253,42500030,42800030,0.602294922,-0.147827148,-0.726745605,0.295349121,0.73828125,0.11328125,-0.453125,-7.7109375,5.6171875,2.3671875,-0.892578125,1.20507812,0.10546875
4254,42506199,42806199,0.605285645,-0.143127441,-0.723510742,0.299499512,0.66015625,0.0703125,-0.4921875,-7.75,5.5859375,2.2890625,-0.892578125,1.20507812,0.10546875
4255,42518159,42818159,0.608337402,-0.13848877,-0.719970703,0.304016113,0.66015625,0.0703125,-0.4921875,-7.75,5.5859375,2.2890625,-0.890625,1.24804688,0.2421875
4256,42530916,42830916,0.611328125,-0.134277344,-0.716308594,0.308410645,0.5390625,0.046875,-0.63671875,-7.78125,5.5703125,2.203125,-0.890625,1.24804688,0.2421875
4257,42539095,42839095,0.614135742,-0.13067627,-0.712768555,0.3125,0.5390625,0.046875,-0.63671875,-7.78125,5.5703125,2.203125,-0.748046875,1.19335938,0.306640625
4258,42544565,42844565,0.617126465,-0.12701416,-0.708984375,0.316772461,0.1796875,0.6796875,-0.75390625,-7.8046875,5.5859375,2.09375,-0.748046875,1.19335938,0.306640625
4259,42561042,42861042,0.619995117,-0.123413086,-0.705200195,0.320983887,0.1796875,0.6796875,-0.75390625,-7.8046875,5.5859375,2.09375,-0.779296875,1.25976562,0.328125
4260,42564649,42864649,0.62298584,-0.119445801,-0.70123291,0.325439453,0.30859375,1.046875,-0.23046875,-7.8203125,5.6015625,1.9921875,-0.779296875,1.25976562,0.328125
4261,42579638,42879638,0.626525879,-0.114318848,-0.696350098,0.330932617,0.30859375,1.046875,-0.23046875,-7.8203125,5.6015625,1.9921875,-1.06640625,1.53710938,0.357421875
4262,42584453,42884453,0.629882812,-0.10925293,-0.691467285,0.336425781,0.85546875,0.3046875,-0.7265625,-7.828125,5.6171875,1.875,-1.06640625,1.53710938,0.357421875
4263,42597707,42897707,0.633666992,-0.104309082,-0.685913086,0.342224121,0.85546875,0.3046875,-0.7265625,-7.828125,5.6171875,1.875,-0.94921875,1.69335938,0.515625
4264,42611867,42911867,0.637512207,-0.100708008,-0.680358887,0.347229004,0.36328125,-0.34765625,-1.36328125,-7.8359375,5.65625,1.7421875,-0.94921875,1.69335938,0.515625
4265,42618950,42918950,0.641784668,-0.0982666016,-0.674194336,0.352050781,0.36328125,-0.34765625,-1.36328125,-7.8359375,5.65625,1.7421875,-0.357421875,1.49804688,0.70703125
4266,42626310,42926310,0.645751953,-0.0971069336,-0.668395996,0.356140137,-0.45703125,-0.04296875,-1.17578125,-7.8203125,5.734375,1.5546875,-0.357421875,1.49804688,0.70703125
4267,42638140,42938140,0.648986816,-0.0962524414,-0.663146973,0.360290527,-0.45703125,-0.04296875,-1.17578125,-7.8203125,5.734375,1.5546875,-0.3828125,1.15234375,0.75390625
4268,42646660,42946660,0.651428223,-0.0950317383,-0.658447266,0.364807129,-1.23828125,1.3046875,-0.234375,-7.765625,5.84375,1.3828125,-0.3828125,1.15234375,0.75390625
4269,42659379,42959379,0.653381348,-0.0932617188,-0.654052734,0.369628906,-1.23828125,1.3046875,-0.234375,-7.765625,5.84375,1.3828125,-0.6796875,1.04492188,0.658203125
4270,42666490,42966490,0.655273438,-0.0913696289,-0.649841309,0.374206543,-0.796875,0.59765625,-0.1328125,-7.7109375,5.9375,1.28125,-0.6796875,1.04492188,0.658203125
4271,42679508,42979508,0.657470703,-0.0901489258,-0.645446777,0.378173828,-0.796875,0.59765625,-0.1328125,-7.7109375,5.9375,1.28125,-0.30078125,1.00976562,0.642578125
4272,42687613,42987613,0.66003418,-0.0899658203,-0.640991211,0.381286621,-0.58203125,-0.33203125,-0.40625,-7.65625,6.0234375,1.171875,-0.30078125,1.00976562,0.642578125
4273,42699175,42999175,0.663024902,-0.0906982422,-0.636291504,0.383850098,-0.58203125,-0.33203125,-0.40625,-7.65625,6.0234375,1.171875,0.146484375,1.00195312,0.76171875
4274,42706475,43006475,0.666137695,-0.0916137695,-0.631225586,0.38659668,0.7734375,0.1328125,0.3828125,-7.59375,6.1328125,1.03125,0.146484375,1.00195312,0.76171875
4275,42721827,43021827,0.668945312,-0.0919189453,-0.625976562,0.390197754,0.7734375,0.1328125,0.3828125,-7.59375,6.1328125,1.03125,-0.2734375,1.13867188,0.880859375
4276,42726208,43026208,0.671142578,-0.0911865234,-0.620727539,0.394897461,1.1484375,0.546875,0.47265625,-7.5078125,6.2578125,0.8671875,-0.2734375,1.13867188,0.880859375
4277,42739306,43039306,0.672973633,-0.0893554688,-0.614868164,0.401245117,1.1484375,0.546875,0.47265625,-7.5078125,6.2578125,0.8671875,-0.927734375,1.24609375,0.9296875
4278,42745319,43045319,0.674499512,-0.0872802734,-0.609558105,0.407287598,0.5546875,0.14453125,-0.61328125,-7.4140625,6.390625,0.765625,-0.927734375,1.24609375,0.9296875
4279,42759484,43059484,0.676208496,-0.0857543945,-0.604003906,0.412963867,0.5546875,0.14453125,-0.61328125,-7.4140625,6.390625,0.765625,-0.51953125,1.06835938,0.837890625
4280,42767618,43067618,0.677978516,-0.0856323242,-0.59942627,0.416748047,-1.0859375,-1.50390625,-1.30859375,-7.3046875,6.5078125,0.6953125,-0.51953125,1.06835938,0.837890625
4281,42779034,43079034,0.67980957,-0.0870361328,-0.595458984,0.419128418,-1.0859375,-1.50390625,-1.30859375,-7.3046875,6.5078125,0.6953125,0.22265625,0.556640625,0.7265625
4282,42786733,43086733,0.68170166,-0.0889892578,-0.59197998,0.420593262,-0.94140625,-1.421875,0.171875,-7.21875,6.6171875,0.59375,0.22265625,0.556640625,0.7265625
4283,42800131,43100131,0.683654785,-0.0904541016,-0.588378906,0.422180176,-0.94140625,-1.421875,0.171875,-7.21875,6.6171875,0.59375,0.0859375,0.705078125,0.626953125
4284,42806519,43106519,0.685424805,-0.0907592773,-0.584655762,0.424377441,-0.1953125,-0.19140625,1.62890625,-7.125,6.7265625,0.4765625,0.0859375,0.705078125,0.626953125
4285,42821030,43121030,0.686889648,-0.0900878906,-0.580749512,0.42755127,-0.1953125,-0.19140625,1.62890625,-7.125,6.7265625,0.4765625,-0.423828125,0.82421875,0.5546875
4286,42825260,43125260,0.687927246,-0.0889892578,-0.577026367,0.431091309,-0.37890625,0.23046875,-0.39453125,-7.0546875,6.8046875,0.390625,-0.423828125,0.82421875,0.5546875
4287,42839486,43139486,0.688659668,-0.087890625,-0.573303223,0.435119629,-0.37890625,0.23046875,-0.39453125,-7.0546875,6.8046875,0.390625,-0.53515625,0.7265625,0.62109375
4288,42848517,43148517,0.68927002,-0.0869750977,-0.569763184,0.438964844,-0.71875,-0.0390625,-0.66015625,-6.984375,6.8828125,0.3515625,-0.53515625,0.7265625,0.62109375
4289,42858417,43158417,0.689819336,-0.0860595703,-0.566162109,0.442932129,-0.71875,-0.0390625,-0.66015625,-6.984375,6.8828125,0.3515625,-0.4921875,0.640625,0.603515625
4290,42865350,43165350,0.690307617,-0.0855712891,-0.562927246,0.446350098,-1.1484375,-0.51171875,0.47265625,-6.8984375,6.96875,0.328125,-0.4921875,0.640625,0.603515625
4291,42879115,43179115,0.690979004,-0.0853881836,-0.559875488,0.449157715,-1.1484375,-0.51171875,0.47265625,-6.8984375,6.96875,0.328125,-0.220703125,0.541015625,0.537109375
4292,42884858,43184858,0.691894531,-0.0856323242,-0.557128906,0.451171875,-1.140625,-0.81640625,1.1171875,-6.828125,7.046875,0.296875,-0.220703125,0.541015625,0.537109375
4293,42899645,43199645,0.692993164,-0.0861816406,-0.55456543,0.452514648,-1.140625,-0.81640625,1.1171875,-6.828125,7.046875,0.296875,0.083984375,0.427734375,0.37890625
4294,42905401,43205401,0.694335938,-0.0866088867,-0.552246094,0.453308105,-1.09765625,-0.94921875,0.828125,-6.7578125,7.1015625,0.2421875,0.083984375,0.427734375,0.37890625
4295,42919305,43219305,0.695739746,-0.086730957,-0.550109863,0.453613281,-1.09765625,-0.94921875,0.828125,-6.7578125,7.1015625,0.2421875,0.130859375,0.47265625,0.158203125
4296,42928525,43228525,0.69720459,-0.0862426758,-0.548156738,0.453857422,-0.9765625,-0.453125,0.63671875,-6.7265625,7.140625,0.1640625,0.130859375,0.47265625,0.158203125
4297,42938362,43238362,0.698486328,-0.0853271484,-0.546447754,0.454162598,-0.9765625,-0.453125,0.63671875,-6.7265625,7.140625,0.1640625,-0.05859375,0.453125,-0.001953125
4298,42945481,43245481,0.69934082,-0.0841064453,-0.545166016,0.454528809,-1.40234375,-0.19140625,0.39453125,-6.71875,7.1484375,0.1015625,-0.05859375,0.453125,-0.001953125
4299,42959127,43259127,0.699890137,-0.0827636719,-0.544372559,0.45489502,-1.40234375,-0.19140625,0.39453125,-6.71875,7.1484375,0.1015625,-0.130859375,0.24609375,-0.09765625
4300,42964854,43264854,0.700256348,-0.0816040039,-0.544006348,0.45501709,-1.39453125,-0.796875,0.34765625,-6.7265625,7.140625,0.0703125,-0.130859375,0.24609375,-0.09765625
4301,42978935,43278935,0.700439453,-0.0806884766,-0.544128418,0.454711914,-1.39453125,-0.796875,0.34765625,-6.7265625,7.140625,0.0703125,0.01171875,0.0234375,-0.20703125
4302,42985879,43285879,0.700622559,-0.0802001953,-0.544677734,0.453857422,-1.10546875,-1.81640625,0.78515625,-6.75,7.125,0.0546875,0.01171875,0.0234375,-0.20703125
4303,42999288,43299288,0.700927734,-0.0799560547,-0.545593262,0.452331543,-1.10546875,-1.81640625,0.78515625,-6.75,7.125,0.0546875,0.25390625,-0.126953125,-0.298828125
4304,43007520,43307520,0.70135498,-0.0800170898,-0.546691895,0.450378418,-0.875,-1.9296875,1.21484375,-6.7890625,7.0859375,0.046875,0.25390625,-0.126953125,-0.298828125
4305,43018962,43318962,0.701782227,-0.0802612305,-0.548034668,0.448059082,-0.875,-1.9296875,1.21484375,-6.7890625,7.0859375,0.046875,0.4140625,-0.216796875,-0.359375
4306,43025903,43325903,0.702209473,-0.0806884766,-0.549438477,0.445495605,-0.67578125,-1.23046875,1.16015625,-6.8359375,7.0390625,0.0234375,0.4140625,-0.216796875,-0.359375
4307,43039483,43339483,0.702575684,-0.0812988281,-0.550964355,0.442993164,-0.67578125,-1.23046875,1.16015625,-6.8359375,7.0390625,0.0234375,0.42578125,-0.30078125,-0.3125
4308,43045222,43345222,0.702636719,-0.0822753906,-0.55267334,0.440551758,-0.85546875,-0.10546875,0.57421875,-6.8828125,6.984375,0,0.42578125,-0.30078125,-0.3125
4309,43057357,43357357,0.702392578,-0.0835571289,-0.554748535,0.438110352,-0.85546875,-0.10546875,0.57421875,-6.8828125,6.984375,0,0.419921875,-0.521484375,-0.24609375
4310,43066815,43366815,0.701843262,-0.0850219727,-0.557006836,0.435852051,-0.6171875,0.46484375,0.41796875,-6.9296875,6.953125,0,0.419921875,-0.521484375,-0.24609375
4311,43080289,43380289,0.70098877,-0.0865478516,-0.559448242,0.433776855,-0.6171875,0.46484375,0.41796875,-6.9296875,6.953125,0,0.310546875,-0.6171875,-0.216796875
4312,43088221,43388221,0.699951172,-0.0877685547,-0.561889648,0.431945801,-0.12890625,0.6484375,0.92578125,-6.9609375,6.921875,0.03125,0.310546875,-0.6171875,-0.216796875
4313,43098871,43398871,0.698852539,-0.0887451172,-0.564575195,0.430175781,-0.12890625,0.6484375,0.92578125,-6.9609375,6.921875,0.03125,0.1875,-0.58984375,-0.30859375
4314,43104863,43404863,0.697753906,-0.0892333984,-0.567321777,0.428222656,-0.3203125,0.46484375,0.79296875,-7,6.875,0.0859375,0.1875,-0.58984375,-0.30859375
4315,43118839,43418839,0.696777344,-0.0894165039,-0.570129395,0.425964355,-0.3203125,0.46484375,0.79296875,-7,6.875,0.0859375,0.234375,-0.560546875,-0.51953125
4316,43124811,43424811,0.695922852,-0.0893554688,-0.573364258,0.423034668,-0.9140625,-0.36328125,0.31640625,-7.0546875,6.8203125,0.140625,0.234375,-0.560546875,-0.51953125
4317,43137901,43437901,0.69519043,-0.0889892578,-0.576782227,0.419616699,-0.9140625,-0.36328125,0.31640625,-7.0546875,6.8203125,0.140625,0.341796875,-0.623046875,-0.794921875
4318,43146847,43446847,0.694458008,-0.0884399414,-0.580749512,0.415588379,-1.55078125,-0.8046875,0.078125,-7.1484375,6.7265625,0.1875,0.341796875,-0.623046875,-0.794921875
4319,43159488,43459488,0.693481445,-0.0879516602,-0.585205078,0.410949707,-1.55078125,-0.8046875,0.078125,-7.1484375,6.7265625,0.1875,0.470703125,-0.845703125,-1.04101562
4320,43168610,43468610,0.692260742,-0.0874633789,-0.590576172,0.405395508,-2.12109375,-1.62890625,-0.08984375,-7.265625,6.59375,0.2421875,0.470703125,-0.845703125,-1.04101562
4321,43179256,43479256,0.690673828,-0.087097168,-0.596252441,0.399780273,-2.12109375,-1.62890625,-0.08984375,-7.265625,6.59375,0.2421875,0.5,-1.078125,-1.17773438
4322,43186751,43486751,0.688842773,-0.0866088867,-0.602172852,0.394104004,-1.55078125,-1.609375,0.51171875,-7.4140625,6.421875,0.328125,0.5,-1.078125,-1.17773438
4323,43199511,43499511,0.687011719,-0.0861816406,-0.607727051,0.38885498,-1.55078125,-1.609375,0.51171875,-7.4140625,6.421875,0.328125,0.4375,-1.0703125,-1.125
4324,43205495,43505495,0.685058594,-0.0858154297,-0.613586426,0.383239746,-0.64453125,-1.1015625,0.6796875,-7.5546875,6.2578125,0.4296875,0.4375,-1.0703125,-1.125
4325,43219128,43519128,0.682922363,-0.0860595703,-0.619445801,0.377502441,-0.64453125,-1.1015625,0.6796875,-7.5546875,6.2578125,0.4296875,0.59375,-1.24414062,-1.05859375
4326,43225132,43525132,0.680175781,-0.087097168,-0.625854492,0.371582031,-0.89453125,-0.23828125,-0.00390625,-7.6875,6.0859375,0.5390625,0.59375,-1.24414062,-1.05859375
4327,43240303,43540303,0.676452637,-0.0891723633,-0.633117676,0.365539551,-0.89453125,-0.23828125,-0.00390625,-7.6875,6.0859375,0.5390625,0.701171875,-1.83984375,-0.87109375
4328,43248973,43548973,0.672363281,-0.0918579102,-0.640197754,0.360046387,-0.21875,0.828125,0.25390625,-7.7890625,5.9375,0.703125,0.701171875,-1.83984375,-0.87109375
4329,43260472,43560472,0.668273926,-0.0942993164,-0.647155762,0.354614258,-0.21875,0.828125,0.25390625,-7.7890625,5.9375,0.703125,0.544921875,-1.5625,-0.775390625
4330,43266278,43566278,0.664916992,-0.0957641602,-0.652954102,0.34979248,0.34765625,1.51171875,1.3515625,-7.859375,5.828125,0.90625,0.544921875,-1.5625,-0.775390625
4331,43281368,43581368,0.661682129,-0.0968017578,-0.658691406,0.344848633,0.34765625,1.51171875,1.3515625,-7.859375,5.828125,0.90625,0.451171875,-1.29492188,-0.8046875
4332,43285127,43585127,0.658508301,-0.0981445312,-0.6640625,0.340270996,-0.8125,0.83203125,-1.1484375,-7.921875,5.703125,1.0703125,0.451171875,-1.29492188,-0.8046875
4333,43297349,43597349,0.65435791,-0.100402832,-0.670349121,0.335205078,-0.8125,0.83203125,-1.1484375,-7.921875,5.703125,1.0703125,0.5703125,-1.61523438,-0.64453125
4334,43305937,43605937,0.650146484,-0.103027344,-0.676330566,0.330505371,-0.453125,0.3984375,-1.13671875,-7.9765625,5.6015625,1.25,0.5703125,-1.61523438,-0.64453125
4335,43318841,43618841,0.645751953,-0.105895996,-0.682250977,0.326049805,-0.453125,0.3984375,-1.13671875,-7.9765625,5.6015625,1.25,0.552734375,-1.62304688,-0.490234375
4336,43326514,43626514,0.641357422,-0.108886719,-0.687927246,0.321716309,-0.16015625,0.015625,-0.65234375,-8,5.5234375,1.453125,0.552734375,-1.62304688,-0.490234375
4337,43341814,43641814,0.637268066,-0.112060547,-0.693237305,0.317321777,-0.16015625,0.015625,-0.65234375,-8,5.5234375,1.453125,0.685546875,-1.53515625,-0.443359375
4338,43346551,43646551,0.633483887,-0.115661621,-0.698242188,0.312683105,-0.27734375,-0.0078125,-1.10546875,-8,5.46875,1.640625,0.685546875,-1.53515625,-0.443359375
4339,43360426,43660426,0.629516602,-0.120422363,-0.703430176,0.307250977,-0.27734375,-0.0078125,-1.10546875,-8,5.46875,1.640625,1.03125,-1.5859375,-0.34375
4340,43365221,43665221,0.625854492,-0.125427246,-0.708068848,0.302001953,-0.58203125,0.1875,-1.078125,-8,5.4296875,1.8046875,1.03125,-1.5859375,-0.34375
4341,43378387,43678387,0.621765137,-0.131103516,-0.713012695,0.296264648,-0.58203125,0.1875,-1.078125,-8,5.4296875,1.8046875,1.13671875,-1.6328125,-0.263671875
4342,43385813,43685813,0.617797852,-0.136779785,-0.717712402,0.290710449,-0.078125,0.30859375,-0.71484375,-7.96875,5.421875,1.9375,1.13671875,-1.6328125,-0.263671875
4343,43400687,43700687,0.614013672,-0.142150879,-0.722106934,0.285217285,-0.078125,0.30859375,-0.71484375,-7.96875,5.421875,1.9375,1.10351562,-1.49609375,-0.26953125
4344,43409488,43709488,0.610534668,-0.147216797,-0.726074219,0.280029297,0.3125,0.1484375,-0.9140625,-7.9375,5.4296875,2.0625,1.10351562,-1.49609375,-0.26953125
4345,43417411,43717411,0.606872559,-0.15246582,-0.730041504,0.274719238,0.3125,0.1484375,-0.9140625,-7.9375,5.4296875,2.0625,1.04296875,-1.39453125,-0.216796875
4346,43425393,43725393,0.603515625,-0.157226562,-0.733520508,0.270080566,0.81640625,0.484375,-0.6875,-7.90625,5.4375,2.1796875,1.04296875,-1.39453125,-0.216796875
4347,43440437,43740437,0.59979248,-0.162231445,-0.737182617,0.265563965,0.81640625,0.484375,-0.6875,-7.90625,5.4375,2.1796875,0.873046875,-1.33007812,-0.1171875
4348,43445226,43745226,0.595947266,-0.166809082,-0.740722656,0.261474609,0.7421875,0.5546875,-0.68359375,-7.8671875,5.4453125,2.2890625,0.873046875,-1.33007812,-0.1171875
4349,43460924,43760924,0.592346191,-0.170959473,-0.743896484,0.257873535,0.7421875,0.5546875,-0.68359375,-7.8671875,5.4453125,2.2890625,0.7734375,-1.28320312,-0.08203125
4350,43465278,43765278,0.588806152,-0.175109863,-0.747009277,0.254272461,0.578125,0.109375,-0.9921875,-7.8203125,5.46875,2.40625,0.7734375,-1.28320312,-0.08203125
4351,43478370,43778370,0.585144043,-0.179748535,-0.75012207,0.250305176,0.578125,0.109375,-0.9921875,-7.8203125,5.46875,2.40625,0.861328125,-1.23632812,-0.0625
4352,43487210,43787210,0.581787109,-0.184082031,-0.752868652,0.246643066,0.71484375,0.078125,-0.3359375,-7.765625,5.5,2.515625,0.861328125,-1.23632812,-0.0625
4353,43500537,43800537,0.578430176,-0.188415527,-0.755615234,0.242919922,0.71484375,0.078125,-0.3359375,-7.765625,5.5,2.515625,0.775390625,-1.078125,-0.052734375
4354,43506153,43806153,0.575500488,-0.192260742,-0.757873535,0.239624023,0.8125,-0.10546875,-0.4296875,-7.7109375,5.53125,2.609375,0.775390625,-1.078125,-0.052734375
4355,43520730,43820730,0.572570801,-0.196350098,-0.760131836,0.23614502,0.8125,-0.10546875,-0.4296875,-7.7109375,5.53125,2.609375,0.771484375,-0.98046875,-0.044921875
4356,43524472,43824472,0.569946289,-0.200012207,-0.762145996,0.233032227,0.65234375,-0.1015625,-1.07421875,-7.6640625,5.5625,2.6796875,0.771484375,-0.98046875,-0.044921875
4357,43540398,43840398,0.567260742,-0.203491211,-0.764160156,0.230041504,0.65234375,-0.1015625,-1.07421875,-7.6640625,5.5625,2.6796875,0.59765625,-0.845703125,-0.03515625
4358,43545460,43845460,0.56463623,-0.206604004,-0.766052246,0.227355957,0.98828125,0.2890625,-0.66796875,-7.6171875,5.59375,2.734375,0.59765625,-0.845703125,-0.03515625
4359,43557912,43857912,0.562194824,-0.209289551,-0.767822266,0.224853516,0.98828125,0.2890625,-0.66796875,-7.6171875,5.59375,2.734375,0.515625,-0.814453125,-0.078125
4360,43572314,43872314,0.559814453,-0.211853027,-0.76965332,0.222167969,0.375,0.6875,-0.625,-7.578125,5.6171875,2.8046875,0.515625,-0.814453125,-0.078125
4361,43581244,43881244,0.557739258,-0.214172363,-0.771240234,0.219482422,0.375,0.6875,-0.625,-7.578125,5.6171875,2.8046875,0.48828125,-0.6796875,-0.162109375
4362,43585017,43885017,0.556091309,-0.215881348,-0.772644043,0.217041016,0.07421875,0.55859375,-0.71484375,-7.546875,5.6328125,2.859375,0.48828125,-0.6796875,-0.162109375
4363,43598931,43898931,0.554870605,-0.216918945,-0.773864746,0.215026855,0.07421875,0.55859375,-0.71484375,-7.546875,5.6328125,2.859375,0.20703125,-0.3671875,-0.1953125
4364,43606939,43906939,0.554016113,-0.217407227,-0.774780273,0.213378906,0.4140625,0.52734375,-0.37109375,-7.5390625,5.625,2.8984375,0.20703125,-0.3671875,-0.1953125
4365,43620234,43920234,0.553588867,-0.217651367,-0.775390625,0.212036133,0.4140625,0.52734375,-0.37109375,-7.5390625,5.625,2.8984375,0.14453125,-0.166015625,-0.189453125
4366,43625294,43925294,0.553344727,-0.217712402,-0.775878906,0.210754395,0.4140625,0.359375,-0.7421875,-7.5390625,5.6015625,2.921875,0.14453125,-0.166015625,-0.189453125
4367,43640378,43940378,0.553344727,-0.217346191,-0.776245117,0.209655762,0.4140625,0.359375,-0.7421875,-7.5390625,5.6015625,2.921875,0.0078125,-0.03125,-0.23046875
4368,43648933,43948933,0.553588867,-0.21661377,-0.776550293,0.208862305,0.703125,0.84375,-0.51171875,-7.5625,5.578125,2.921875,0.0078125,-0.03125,-0.23046875
4369,43659385,43959385,0.553955078,-0.215515137,-0.776733398,0.208251953,0.703125,0.84375,-0.51171875,-7.5625,5.578125,2.921875,-0.12109375,0.091796875,-0.236328125
4370,43666815,43966815,0.554504395,-0.214111328,-0.776794434,0.207885742,0.6875,0.8359375,-0.51171875,-7.5859375,5.546875,2.921875,-0.12109375,0.091796875,-0.236328125
4371,43680483,43980483,0.555297852,-0.212341309,-0.776794434,0.207824707,0.6875,0.8359375,-0.51171875,-7.5859375,5.546875,2.921875,-0.271484375,0.234375,-0.232421875
4372,43685515,43985515,0.556274414,-0.210266113,-0.776611328,0.208068848,0.765625,0.69140625,-0.625,-7.625,5.5,2.921875,-0.271484375,0.234375,-0.232421875
4373,43701047,44001047,0.557373047,-0.208068848,-0.776245117,0.208557129,0.765625,0.69140625,-0.625,-7.625,5.5,2.921875,-0.36328125,0.357421875,-0.193359375
4374,43704793,44004793,0.55859375,-0.205749512,-0.775817871,0.209289551,0.796875,0.70703125,-0.76171875,-7.65625,5.4453125,2.90625,-0.36328125,0.357421875,-0.193359375
4375,43719613,44019613,0.559997559,-0.203186035,-0.775146484,0.210388184,0.796875,0.70703125,-0.76171875,-7.65625,5.4453125,2.90625,-0.427734375,0.44921875,-0.11328125
4376,43732323,44032323,0.561401367,-0.200683594,-0.774414062,0.211791992,0.8359375,0.67578125,-0.81640625,-7.6953125,5.3984375,2.8828125,-0.427734375,0.44921875,-0.11328125
4377,43741148,44041148,0.562866211,-0.198181152,-0.773498535,0.213439941,0.8359375,0.67578125,-0.81640625,-7.6953125,5.3984375,2.8828125,-0.501953125,0.544921875,-0.02734375
4378,43744805,44044805,0.56463623,-0.195556641,-0.772338867,0.215393066,0.9140625,0.74609375,-0.6796875,-7.734375,5.3671875,2.859375,-0.501953125,0.544921875,-0.02734375
4379,43760622,44060622,0.566955566,-0.192443848,-0.770751953,0.217956543,0.9140625,0.74609375,-0.6796875,-7.734375,5.3671875,2.859375,-0.61328125,0.826171875,0.029296875
4380,43765420,44065420,0.569641113,-0.189147949,-0.768798828,0.220703125,0.9140625,0.85546875,-0.5546875,-7.7734375,5.3359375,2.8125,-0.61328125,0.826171875,0.029296875
4381,43780458,44080458,0.572937012,-0.185424805,-0.766235352,0.224060059,0.9140625,0.85546875,-0.5546875,-7.7734375,5.3359375,2.8125,-0.74609375,1.1953125,0.08984375
4382,43785263,44085263,0.576965332,-0.181152344,-0.763061523,0.228088379,0.5703125,0.49609375,-0.921875,-7.8125,5.3125,2.71875,-0.74609375,1.1953125,0.08984375
4383,43800417,44100417,0.580932617,-0.176940918,-0.75970459,0.232421875,0.5703125,0.49609375,-0.921875,-7.8125,5.3125,2.71875,-0.861328125,1.375,0.21875
4384,43809499,44109499,0.584838867,-0.172729492,-0.756225586,0.237182617,0.12890625,0.44140625,-1.1796875,-7.8671875,5.2890625,2.59375,-0.861328125,1.375,0.21875
4385,43819328,44119328,0.58807373,-0.169067383,-0.753112793,0.241699219,0.12890625,0.44140625,-1.1796875,-7.8671875,5.2890625,2.59375,-0.875,1.22460938,0.337890625
4386,43824798,44124798,0.591186523,-0.165466309,-0.74987793,0.246582031,-0.0625,0.51171875,-1.109375,-7.90625,5.296875,2.484375,-0.875,1.22460938,0.337890625
4387,43840412,44140412,0.593994141,-0.162414551,-0.746765137,0.251281738,-0.0625,0.51171875,-1.109375,-7.90625,5.296875,2.484375,-0.701171875,1.02929688,0.40625
4388,43845197,44145197,0.596679688,-0.159851074,-0.743713379,0.25567627,-0.0859375,0.6015625,-0.8515625,-7.921875,5.3203125,2.3828125,-0.701171875,1.02929688,0.40625
4389,43860377,44160377,0.59942627,-0.157470703,-0.740539551,0.259887695,-0.0859375,0.6015625,-0.8515625,-7.921875,5.3203125,2.3828125,-0.578125,1.05273438,0.408203125
4390,43865185,44165185,0.602355957,-0.155151367,-0.737121582,0.263977051,0.40234375,0.48828125,0.16796875,-7.9140625,5.359375,2.28125,-0.578125,1.05273438,0.408203125
4391,43880592,44180592,0.605712891,-0.152587891,-0.733337402,0.268432617,0.40234375,0.48828125,0.16796875,-7.9140625,5.359375,2.28125,-0.638671875,1.29882812,0.46875
4392,43889491,44189491,0.609436035,-0.149841309,-0.729003906,0.27331543,0.640625,0.0625,0.0546875,-7.921875,5.3984375,2.1640625,-0.638671875,1.29882812,0.46875
4393,43899805,44199805,0.61315918,-0.147216797,-0.724487305,0.278381348,0.640625,0.0625,0.0546875,-7.921875,5.3984375,2.1640625,-0.6875,1.45117188,0.6015625
4394,43905290,44205290,0.617004395,-0.144592285,-0.719604492,0.283874512,0.6015625,-0.3046875,-0.5625,-7.921875,5.4609375,2.015625,-0.6875,1.45117188,0.6015625
4395,43919941,44219941,0.620849609,-0.142150879,-0.714477539,0.289550781,0.6015625,-0.3046875,-0.5625,-7.921875,5.4609375,2.015625,-0.693359375,1.5,0.72265625
4396,43926386,44226386,0.624572754,-0.139892578,-0.709228516,0.295471191,0.04296875,-0.19140625,-0.78125,-7.8984375,5.5390625,1.8515625,-0.693359375,1.5,0.72265625
4397,43940027,44240027,0.627929688,-0.138061523,-0.704223633,0.301147461,0.04296875,-0.19140625,-0.78125,-7.8984375,5.5390625,1.8515625,-0.607421875,1.32226562,0.80078125
4398,43946795,44246795,0.630981445,-0.13659668,-0.699401855,0.30657959,-1.06640625,0.3984375,-0.85546875,-7.859375,5.640625,1.6953125,-0.607421875,1.32226562,0.80078125
4399,43958823,44258823,0.633850098,-0.135375977,-0.694763184,0.311767578,-1.06640625,0.3984375,-0.85546875,-7.859375,5.640625,1.6953125,-0.48828125,1.15429688,0.751953125
4400,43970492,44270492,0.636413574,-0.134399414,-0.690551758,0.316345215,-1.19140625,0.5625,-0.73046875,-7.8125,5.7421875,1.5703125,-0.48828125,1.15429688,0.751953125
4401,43979762,44279762,0.639343262,-0.133239746,-0.685791016,0.321289062,-1.19140625,0.5625,-0.73046875,-7.8125,5.7421875,1.5703125,-0.44921875,1.17382812,0.6953125
4402,43985243,44285243,0.642211914,-0.131835938,-0.681152344,0.325866699,-0.52734375,0.4140625,-0.0625,-7.75,5.8515625,1.4375,-0.44921875,1.17382812,0.6953125
4403,43999414,44299414,0.645385742,-0.130187988,-0.676269531,0.330383301,-0.52734375,0.4140625,-0.0625,-7.75,5.8515625,1.4375,-0.462890625,1.30664062,0.611328125
4404,44006062,44306062,0.648681641,-0.128540039,-0.671325684,0.334594727,0.27734375,-0.08984375,-0.2265625,-7.7109375,5.9375,1.296875,-0.462890625,1.30664062,0.611328125
4405,44019547,44319547,0.652160645,-0.127319336,-0.666259766,0.338500977,0.27734375,-0.08984375,-0.2265625,-7.7109375,5.9375,1.296875,-0.2578125,1.26367188,0.625
4406,44025537,44325537,0.655395508,-0.126708984,-0.661315918,0.342102051,-0.03125,-0.53125,-0.4921875,-7.671875,6.03125,1.140625,-0.2578125,1.26367188,0.625
4407,44039234,44339234,0.65838623,-0.12677002,-0.656616211,0.345397949,-0.03125,-0.53125,-0.4921875,-7.671875,6.03125,1.140625,-0.048828125,1.03515625,0.6875
4408,44052245,44352245,0.661071777,-0.127258301,-0.652282715,0.348266602,-0.58984375,-0.27734375,-0.18359375,-7.609375,6.125,0.984375,-0.048828125,1.03515625,0.6875
4409,44061213,44361213,0.663391113,-0.127929688,-0.64831543,0.351074219,-0.58984375,-0.27734375,-0.18359375,-7.609375,6.125,0.984375,-0.04296875,0.798828125,0.6484375
4410,44064900,44364900,0.665222168,-0.128479004,-0.644836426,0.353759766,-0.73046875,-0.04296875,0.15625,-7.546875,6.234375,0.8359375,-0.04296875,0.798828125,0.6484375
4411,44080602,44380602,0.666931152,-0.12878418,-0.641357422,0.356872559,-0.73046875,-0.04296875,0.15625,-7.546875,6.234375,0.8359375,-0.208984375,0.693359375,0.62109375
4412,44085408,44385408,0.668151855,-0.12878418,-0.638244629,0.360107422,-0.37890625,-0.359375,0.3671875,-7.4765625,6.3203125,0.7421875,-0.208984375,0.693359375,0.62109375
4413,44101269,44401269,0.669250488,-0.128417969,-0.635009766,0.363830566,-0.37890625,-0.359375,0.3671875,-7.4765625,6.3203125,0.7421875,-0.40234375,0.662109375,0.61328125
4414,44104897,44404897,0.670227051,-0.127929688,-0.631958008,0.367492676,-0.2578125,-0.3671875,0.50390625,-7.40625,6.40625,0.6796875,-0.40234375,0.662109375,0.61328125
4415,44119007,44419007,0.671386719,-0.12713623,-0.628540039,0.371520996,-0.2578125,-0.3671875,0.50390625,-7.40625,6.40625,0.6796875,-0.486328125,0.78125,0.587890625
4416,44132299,44432299,0.672607422,-0.125915527,-0.625183105,0.375427246,-0.3671875,-0.34765625,0.859375,-7.3359375,6.5,0.6328125,-0.486328125,0.78125,0.587890625
4417,44141642,44441642,0.673950195,-0.124023438,-0.621337891,0.379882812,-0.3671875,-0.34765625,0.859375,-7.3359375,6.5,0.6328125,-0.68359375,0.958984375,0.513671875
4418,44145334,44445334,0.675231934,-0.121520996,-0.617614746,0.384521484,-0.88671875,0.2734375,0.1875,-7.2734375,6.5703125,0.578125,-0.68359375,0.958984375,0.513671875
4419,44160270,44460270,0.676391602,-0.118652344,-0.613891602,0.389343262,-0.88671875,0.2734375,0.1875,-7.2734375,6.5703125,0.578125,-0.826171875,0.94140625,0.427734375
4420,44167772,44467772,0.677429199,-0.115722656,-0.610351562,0.393981934,-0.7890625,0.40234375,-0.6171875,-7.21875,6.6328125,0.5390625,-0.826171875,0.94140625,0.427734375
4421,44181832,44481832,0.678466797,-0.113098145,-0.606994629,0.398010254,-0.7890625,0.40234375,-0.6171875,-7.21875,6.6328125,0.5390625,-0.6640625,0.8671875,0.369140625
4422,44185460,44485460,0.679626465,-0.11114502,-0.603942871,0.401306152,-0.484375,-0.44921875,-0.51953125,-7.1796875,6.6796875,0.515625,-0.6640625,0.8671875,0.369140625
4423,44199942,44499942,0.680969238,-0.109924316,-0.600952148,0.403747559,-0.484375,-0.44921875,-0.51953125,-7.1796875,6.6796875,0.515625,-0.162109375,0.630859375,0.30859375
4424,44212940,44512940,0.682434082,-0.10949707,-0.598388672,0.405212402,-0.9453125,-1.1875,-0.08203125,-7.140625,6.7265625,0.4609375,-0.162109375,0.630859375,0.30859375
4425,44220163,44520163,0.683898926,-0.10949707,-0.596130371,0.40612793,-0.9453125,-1.1875,-0.08203125,-7.140625,6.7265625,0.4609375,0.087890625,0.49609375,0.22265625
4426,44229487,44529487,0.685546875,-0.109436035,-0.59387207,0.406677246,-0.74609375,-1.109375,0.6171875,-7.109375,6.765625,0.375,0.087890625,0.49609375,0.22265625
4427,44239279,44539279,0.687255859,-0.109069824,-0.591552734,0.407165527,-0.74609375,-1.109375,0.6171875,-7.109375,6.765625,0.375,0.052734375,0.58984375,0.14453125
4428,44247278,44547278,0.689025879,-0.108276367,-0.589172363,0.407958984,-0.078125,-0.67578125,0.51171875,-7.0859375,6.7890625,0.2890625,0.052734375,0.58984375,0.14453125
4429,44260156,44560156,0.690734863,-0.106933594,-0.586547852,0.409118652,-0.078125,-0.67578125,0.51171875,-7.0859375,6.7890625,0.2890625,-0.181640625,0.70703125,0.111328125
4430,44265627,44565627,0.692260742,-0.105407715,-0.584106445,0.410400391,0.02734375,-0.57421875,0.1015625,-7.078125,6.8046875,0.203125,-0.181640625,0.70703125,0.111328125
4431,44280300,44580300,0.693603516,-0.104248047,-0.58215332,0.411376953,0.02734375,-0.57421875,0.1015625,-7.078125,6.8046875,0.203125,-0.068359375,0.466796875,0.068359375
4432,44292959,44592959,0.694641113,-0.103637695,-0.580749512,0.411682129,-1.40625,-1.28125,0.1640625,-7.0625,6.8203125,0.140625,-0.068359375,0.466796875,0.068359375
4433,44300927,44600927,0.695556641,-0.103637695,-0.58001709,0.411193848,-1.40625,-1.28125,0.1640625,-7.0625,6.8203125,0.140625,0.212890625,0.125,-0.048828125
4434,44309478,44609478,0.696350098,-0.103759766,-0.579589844,0.410339355,-1.4453125,-1.77734375,1.0625,-7.0625,6.8203125,0.0859375,0.212890625,0.125,-0.048828125
4435,44320274,44620274,0.69732666,-0.10357666,-0.579101562,0.409423828,-1.4453125,-1.77734375,1.0625,-7.0625,6.8203125,0.0859375,0.15625,0.212890625,-0.125
4436,44327586,44627586,0.698364258,-0.103027344,-0.578491211,0.408752441,-0.77734375,-0.61328125,1.18359375,-7.078125,6.8046875,0.0390625,0.15625,0.212890625,-0.125
4437,44340298,44640298,0.699279785,-0.102233887,-0.577880859,0.408203125,-0.77734375,-0.61328125,1.18359375,-7.078125,6.8046875,0.0390625,0.064453125,0.22265625,-0.150390625
4438,44349501,44649501,0.700012207,-0.101501465,-0.577575684,0.407592773,-0.8359375,-0.1015625,0.46484375,-7.09375,6.7890625,-0.0078125,0.064453125,0.22265625,-0.150390625
4439,44360939,44660939,0.700439453,-0.100952148,-0.577697754,0.406799316,-0.8359375,-0.1015625,0.46484375,-7.09375,6.7890625,-0.0078125,0.080078125,0.001953125,-0.2109375
4440,44369770,44669770,0.700561523,-0.100463867,-0.57824707,0.405883789,-0.99609375,0.0078125,0.640625,-7.125,6.7578125,-0.03125,0.080078125,0.001953125,-0.2109375
4441,44380847,44680847,0.700561523,-0.100036621,-0.579101562,0.404785156,-0.99609375,0.0078125,0.640625,-7.125,6.7578125,-0.03125,0.087890625,-0.1328125,-0.271484375
4442,44388485,44688485,0.700500488,-0.0996704102,-0.58013916,0.403503418,-0.73828125,-0.26171875,0.94921875,-7.15625,6.71875,-0.03125,0.087890625,-0.1328125,-0.271484375
4443,44400606,44700606,0.700439453,-0.0993041992,-0.581237793,0.402099609,-0.73828125,-0.26171875,0.94921875,-7.15625,6.71875,-0.03125,0.142578125,-0.169921875,-0.3203125
4444,44405404,44705404,0.700439453,-0.0989379883,-0.582458496,0.40045166,-0.8046875,-0.53515625,0.6328125,-7.203125,6.6875,-0.0234375,0.142578125,-0.169921875,-0.3203125
4445,44420597,44720597,0.700378418,-0.0986938477,-0.58380127,0.398620605,-0.8046875,-0.53515625,0.6328125,-7.203125,6.6875,-0.0234375,0.21484375,-0.2265625,-0.3671875
4446,44429827,44729827,0.700256348,-0.0985107422,-0.585327148,0.396606445,-0.87109375,-0.51171875,0.43359375,-7.25,6.625,-0.015625,0.21484375,-0.2265625,-0.3671875
4447,44441161,44741161,0.700073242,-0.0983886719,-0.587158203,0.39440918,-0.87109375,-0.51171875,0.43359375,-7.25,6.625,-0.015625,0.2578125,-0.3671875,-0.46484375
4448,44449500,44749500,0.699584961,-0.0982666016,-0.589416504,0.391723633,-1.31640625,-0.44921875,0.50390625,-7.3046875,6.5625,-0.0078125,0.2578125,-0.3671875,-0.46484375
4449,44459144,44759144,0.698913574,-0.0982666016,-0.592224121,0.38873291,-1.31640625,-0.44921875,0.50390625,-7.3046875,6.5625,-0.0078125,0.341796875,-0.57421875,-0.578125
4450,44469491,44769491,0.698120117,-0.0985107422,-0.595458984,0.385253906,-1.4375,-0.828125,0.47265625,-7.375,6.484375,0.0234375,0.341796875,-0.57421875,-0.578125
4451,44480688,44780688,0.69720459,-0.0987548828,-0.598754883,0.381713867,-1.4375,-0.828125,0.47265625,-7.375,6.484375,0.0234375,0.44140625,-0.73828125,-0.68359375
4452,44487109,44787109,0.695983887,-0.0991821289,-0.602844238,0.377258301,-1.58203125,-1.2421875,0.83984375,-7.4609375,6.3984375,0.078125,0.44140625,-0.73828125,-0.68359375
4453,44499977,44799977,0.694702148,-0.099609375,-0.607055664,0.372741699,-1.58203125,-1.2421875,0.83984375,-7.4609375,6.3984375,0.078125,0.5234375,-0.919921875,-0.82421875
4454,44508629,44808629,0.693237305,-0.100036621,-0.611633301,0.367858887,-1.25,-0.92578125,0.73828125,-7.5625,6.2734375,0.140625,0.5234375,-0.919921875,-0.82421875
4455,44520791,44820791,0.691589355,-0.100402832,-0.616455078,0.362792969,-1.25,-0.92578125,0.73828125,-7.5625,6.2734375,0.140625,0.513671875,-1.01171875,-0.87109375
4456,44529969,44829969,0.689758301,-0.100769043,-0.62109375,0.358215332,-0.6484375,-0.5234375,0.921875,-7.6640625,6.140625,0.2265625,0.513671875,-1.01171875,-0.87109375
4457,44540490,44840490,0.687561035,-0.101074219,-0.626098633,0.35369873,-0.6484375,-0.5234375,0.921875,-7.6640625,6.140625,0.2265625,0.34765625,-1.0703125,-0.7890625
4458,44549598,44849598,0.684997559,-0.101318359,-0.631103516,0.349609375,-0.51171875,0.17578125,0.734375,-7.765625,6.015625,0.3359375,0.34765625,-1.0703125,-0.7890625
4459,44560506,44860506,0.681945801,-0.101501465,-0.636413574,0.345825195,-0.51171875,0.17578125,0.734375,-7.765625,6.015625,0.3359375,0.1875,-1.2421875,-0.734375
4460,44567016,44867016,0.678344727,-0.101867676,-0.642028809,0.342407227,-0.9140625,0.796875,0.2421875,-7.859375,5.890625,0.484375,0.1875,-1.2421875,-0.734375
4461,44580872,44880872,0.67388916,-0.102722168,-0.64831543,0.339050293,-0.9140625,0.796875,0.2421875,-7.859375,5.890625,0.484375,0.146484375,-1.61132812,-0.58984375
4462,44588999,44888999,0.669250488,-0.104125977,-0.654541016,0.33581543,-0.125,0.6328125,-0.12109375,-7.921875,5.7890625,0.6953125,0.146484375,-1.61132812,-0.58984375
4463,44600243,44900243,0.665344238,-0.105285645,-0.659912109,0.332824707,-0.125,0.6328125,-0.12109375,-7.921875,5.7890625,0.6953125,0.17578125,-1.26757812,-0.53515625
4464,44608622,44908622,0.66204834,-0.106018066,-0.664611816,0.329772949,0.14453125,0.44921875,0.73046875,-7.9609375,5.703125,0.9140625,0.17578125,-1.26757812,-0.53515625
4465,44620521,44920521,0.659118652,-0.106811523,-0.668945312,0.326599121,0.14453125,0.44921875,0.73046875,-7.9609375,5.703125,0.9140625,0.30859375,-1.09375,-0.515625
4466,44629500,44929500,0.65612793,-0.108459473,-0.673339844,0.323059082,-0.46875,0.07421875,-1.2734375,-8,5.6171875,1.078125,0.30859375,-1.09375,-0.515625
4467,44640004,44940004,0.652770996,-0.110961914,-0.677978516,0.319274902,-0.46875,0.07421875,-1.2734375,-8,5.6171875,1.078125,0.564453125,-1.34570312,-0.361328125
4468,44647096,44947096,0.649230957,-0.114013672,-0.682556152,0.315551758,-0.12890625,-0.359375,-0.76953125,-8.03125,5.5546875,1.2265625,0.564453125,-1.34570312,-0.361328125
4469,44660292,44960292,0.645568848,-0.117431641,-0.687133789,0.312011719,-0.12890625,-0.359375,-0.76953125,-8.03125,5.5546875,1.2265625,0.6171875,-1.3984375,-0.197265625
4470,44669228,44969228,0.641845703,-0.121276855,-0.691467285,0.30847168,0.015625,-0.51953125,-0.58203125,-8.0234375,5.5234375,1.3828125,0.6171875,-1.3984375,-0.197265625
4471,44679595,44979595,0.638244629,-0.125427246,-0.695617676,0.304931641,0.015625,-0.51953125,-0.58203125,-8.0234375,5.5234375,1.3828125,0.75,-1.36132812,-0.109375
4472,44688478,44988478,0.63494873,-0.129577637,-0.699401855,0.301391602,0.23046875,-0.16796875,-0.57421875,-8.0078125,5.515625,1.53125,0.75,-1.36132812,-0.109375
4473,44700308,45000308,0.631530762,-0.134155273,-0.703369141,0.297424316,0.23046875,-0.16796875,-0.57421875,-8.0078125,5.515625,1.53125,0.83203125,-1.31835938,-0.123046875
4474,44709263,45009263,0.628173828,-0.138671875,-0.707214355,0.293395996,0.16015625,0.16796875,-0.73828125,-7.9765625,5.5234375,1.65625,0.83203125,-1.31835938,-0.123046875
4475,44719675,45019675,0.624633789,-0.143249512,-0.711120605,0.28918457,0.16015625,0.16796875,-0.73828125,-7.9765625,5.5234375,1.65625,0.84375,-1.35351562,-0.154296875
4476,44726592,45026592,0.621154785,-0.147644043,-0.714904785,0.28503418,-0.015625,0.27734375,-0.82421875,-7.953125,5.53125,1.78125,0.84375,-1.35351562,-0.154296875
4477,44738568,45038568,0.617675781,-0.152099609,-0.718688965,0.280883789,-0.015625,0.27734375,-0.82421875,-7.953125,5.53125,1.78125,0.81640625,-1.30664062,-0.15234375
4478,44750204,45050204,0.614440918,-0.156188965,-0.722045898,0.276977539,0.10546875,0.58203125,-0.67578125,-7.921875,5.53125,1.8984375,0.81640625,-1.30664062,-0.15234375
4479,44760453,45060453,0.610839844,-0.160644531,-0.725769043,0.272705078,0.10546875,0.58203125,-0.67578125,-7.921875,5.53125,1.8984375,0.8125,-1.27148438,-0.150390625
4480,44769624,45069624,0.60736084,-0.164794922,-0.729187012,0.268676758,0.3046875,0.5,-0.1875,-7.890625,5.5390625,2.0234375,0.8125,-1.27148438,-0.150390625
4481,44780271,45080271,0.603942871,-0.168701172,-0.73260498,0.264892578,0.3046875,0.5,-0.1875,-7.890625,5.5390625,2.0234375,0.728515625,-1.25585938,-0.140625
4482,44789635,45089635,0.600585938,-0.172485352,-0.735717773,0.261230469,0.07421875,0.29296875,-0.41015625,-7.8515625,5.5546875,2.1328125,0.728515625,-1.25585938,-0.140625
4483,44800494,45100494,0.597290039,-0.176574707,-0.738830566,0.257263184,0.07421875,0.29296875,-0.41015625,-7.8515625,5.5546875,2.1328125,0.826171875,-1.16015625,-0.115234375
4484,44806472,45106472,0.594177246,-0.180725098,-0.741638184,0.253417969,0.234375,-0.1015625,-0.8203125,-7.8203125,5.5625,2.234375,0.826171875,-1.16015625,-0.115234375
4485,44820472,45120472,0.590820312,-0.185119629,-0.744567871,0.249572754,0.234375,-0.1015625,-0.8203125,-7.8203125,5.5625,2.234375,0.779296875,-1.16015625,-0.0703125
4486,44828635,45128635,0.587463379,-0.189208984,-0.747375488,0.24597168,0.5703125,0.26171875,-0.375,-7.7734375,5.5859375,2.328125,0.779296875,-1.16015625,-0.0703125
4487,44839530,45139530,0.584228516,-0.19317627,-0.749938965,0.242797852,0.5703125,0.26171875,-0.375,-7.7734375,5.5859375,2.328125,0.69140625,-1.09570312,0.001953125
4488,44848615,45148615,0.580993652,-0.196960449,-0.752441406,0.239868164,0.67578125,0.2734375,-0.5859375,-7.7265625,5.609375,2.421875,0.69140625,-1.09570312,0.001953125
4489,44861161,45161161,0.577697754,-0.200744629,-0.754821777,0.236999512,0.67578125,0.2734375,-0.5859375,-7.7265625,5.609375,2.421875,0.62890625,-1.03320312,0.029296875
4490,44869643,45169643,0.574768066,-0.204162598,-0.757019043,0.234375,0.73828125,0.46484375,-0.75390625,-7.671875,5.6484375,2.515625,0.62890625,-1.03320312,0.029296875
4491,44879956,45179956,0.571777344,-0.207702637,-0.759155273,0.231567383,0.73828125,0.46484375,-0.75390625,-7.671875,5.6484375,2.515625,0.578125,-0.91796875,0.01171875
4492,44885931,45185931,0.568908691,-0.2109375,-0.761169434,0.229125977,0.875,0.55078125,-0.2578125,-7.6171875,5.6796875,2.59375,0.578125,-0.91796875,0.01171875
4493,44898560,45198560,0.56628418,-0.213806152,-0.762939453,0.226989746,0.875,0.55078125,-0.2578125,-7.6171875,5.6796875,2.59375,0.4765625,-0.794921875,0.0390625
4494,44909423,45209423,0.563842773,-0.216491699,-0.764587402,0.225036621,0.671875,0.171875,-0.55859375,-7.5703125,5.7109375,2.6640625,0.4765625,-0.794921875,0.0390625
4495,44919182,45219182,0.561523438,-0.218994141,-0.766113281,0.223205566,0.671875,0.171875,-0.55859375,-7.5703125,5.7109375,2.6640625,0.37890625,-0.689453125,0.037109375
4496,44933003,45233003,0.559326172,-0.221191406,-0.767578125,0.221557617,0.51171875,0.1796875,-0.69921875,-7.5234375,5.7421875,2.7265625,0.37890625,-0.689453125,0.037109375
4497,44940347,45240347,0.557250977,-0.223388672,-0.768920898,0.219787598,0.51171875,0.1796875,-0.69921875,-7.5234375,5.7421875,2.7265625,0.416015625,-0.64453125,-0.005859375
4498,44948628,45248628,0.555297852,-0.225646973,-0.770263672,0.217773438,0.171875,0.34765625,-0.8203125,-7.4921875,5.765625,2.7734375,0.416015625,-0.64453125,-0.005859375
4499,44959919,45259919,0.553527832,-0.227661133,-0.771484375,0.215881348,0.171875,0.34765625,-0.8203125,-7.4921875,5.765625,2.7734375,0.353515625,-0.52734375,-0.05859375
4500,44965898,45265898,0.552124023,-0.229187012,-0.772521973,0.214172363,0.41015625,0.75390625,-0.5234375,-7.4609375,5.78125,2.8203125,0.353515625,-0.52734375,-0.05859375
4501,44979567,45279567,0.550964355,-0.230285645,-0.7734375,0.21270752,0.41015625,0.75390625,-0.5234375,-7.4609375,5.78125,2.8203125,0.216796875,-0.3671875,-0.095703125
4502,44988655,45288655,0.549865723,-0.231140137,-0.774291992,0.211364746,0.28125,0.79296875,-0.9765625,-7.4453125,5.78125,2.8515625,0.216796875,-0.3671875,-0.095703125
4503,44999941,45299941,0.548950195,-0.231933594,-0.775024414,0.210083008,0.28125,0.79296875,-0.9765625,-7.4453125,5.78125,2.8515625,0.201171875,-0.298828125,-0.080078125
4504,45008598,45308598,0.548217773,-0.232666016,-0.775634766,0.20892334,0.234375,0.28515625,-0.84765625,-7.4375,5.7890625,2.875,0.201171875,-0.298828125,-0.080078125
4505,45018986,45318986,0.547790527,-0.233276367,-0.776062012,0.208007812,0.234375,0.28515625,-0.84765625,-7.4375,5.7890625,2.875,0.1484375,-0.14453125,-0.07421875
4506,45028621,45328621,0.547607422,-0.233642578,-0.776245117,0.207336426,0.42578125,0.4765625,-0.5546875,-7.4375,5.7890625,2.890625,0.1484375,-0.14453125,-0.07421875
4507,45039919,45339919,0.547790527,-0.233764648,-0.776184082,0.20703125,0.42578125,0.4765625,-0.5546875,-7.4375,5.7890625,2.890625,0.0234375,0.083984375,-0.025390625
4508,45045896,45345896,0.548278809,-0.233459473,-0.775878906,0.20715332,1.0390625,0.83203125,-0.51171875,-7.4375,5.78125,2.8828125,0.0234375,0.083984375,-0.025390625
4509,45059638,45359638,0.549072266,-0.232727051,-0.775390625,0.207702637,1.0390625,0.83203125,-0.51171875,-7.4375,5.78125,2.8828125,-0.173828125,0.2734375,-0.001953125
4510,45068502,45368502,0.550048828,-0.231506348,-0.774780273,0.208740234,1.09375,0.8671875,-0.5625,-7.453125,5.78125,2.859375,-0.173828125,0.2734375,-0.001953125
4511,45079293,45379293,0.551269531,-0.229797363,-0.773986816,0.210205078,1.09375,0.8671875,-0.5625,-7.453125,5.78125,2.859375,-0.392578125,0.470703125,0.03515625
4512,45092410,45392410,0.552856445,-0.227661133,-0.773010254,0.212219238,0.91015625,0.76953125,-0.46484375,-7.4609375,5.765625,2.8359375,-0.392578125,0.470703125,0.03515625
4513,45099884,45399884,0.55456543,-0.225280762,-0.771789551,0.214538574,0.91015625,0.76953125,-0.46484375,-7.4609375,5.765625,2.8359375,-0.53125,0.66796875,0.083984375
4514,45108249,45408249,0.55657959,-0.222595215,-0.770324707,0.217285156,0.89453125,0.32421875,-0.890625,-7.484375,5.75,2.8046875,-0.53125,0.66796875,0.083984375
4515,45118577,45418577,0.55871582,-0.219848633,-0.768737793,0.220214844,0.89453125,0.32421875,-0.890625,-7.484375,5.75,2.8046875,-0.60546875,0.794921875,0.138671875
4516,45127435,45427435,0.561035156,-0.217102051,-0.766967773,0.223327637,1.03125,0.1875,-0.8125,-7.5078125,5.734375,2.765625,-0.60546875,0.794921875,0.138671875
4517,45139729,45439729,0.563964844,-0.213806152,-0.764648438,0.227050781,1.03125,0.1875,-0.8125,-7.5078125,5.734375,2.765625,-0.654296875,1,0.181640625
4518,45148222,45448222,0.566894531,-0.210693359,-0.762268066,0.230712891,0.87109375,0.11328125,-0.70703125,-7.5390625,5.734375,2.6953125,-0.654296875,1,0.181640625
4519,45158170,45458170,0.57019043,-0.207214355,-0.759521484,0.234802246,0.87109375,0.11328125,-0.70703125,-7.5390625,5.734375,2.6953125,-0.7578125,1.19335938,0.2265625
4520,45171698,45471698,0.573730469,-0.203430176,-0.756469727,0.239257812,0.63671875,0.38671875,-0.6875,-7.5703125,5.7265625,2.6015625,-0.7578125,1.19335938,0.2265625
4521,45179624,45479624,0.577392578,-0.199584961,-0.753295898,0.243652344,0.63671875,0.38671875,-0.6875,-7.5703125,5.7265625,2.6015625,-0.845703125,1.390625,0.251953125
4522,45188972,45488972,0.581726074,-0.195129395,-0.749450684,0.248718262,0.3984375,0.50390625,-1.046875,-7.6015625,5.7265625,2.5,-0.845703125,1.390625,0.251953125
4523,45201598,45501598,0.58605957,-0.190795898,-0.745544434,0.253540039,0.3984375,0.50390625,-1.046875,-7.6015625,5.7265625,2.5,-0.841796875,1.57617188,0.24609375
4524,45205325,45505325,0.590576172,-0.186523438,-0.741394043,0.258300781,0.40625,0.42578125,-1.06640625,-7.6484375,5.7265625,2.3671875,-0.841796875,1.57617188,0.24609375
4525,45221394,45521394,0.595581055,-0.18182373,-0.736755371,0.26348877,0.40625,0.42578125,-1.06640625,-7.6484375,5.7265625,2.3671875,-0.86328125,1.68164062,0.275390625
4526,45227553,45527553,0.600036621,-0.177429199,-0.73236084,0.268554688,0.140625,0.6171875,-1.09375,-7.6875,5.7265625,2.203125,-0.86328125,1.68164062,0.275390625
4527,45240920,45540920,0.604736328,-0.172607422,-0.727478027,0.274291992,0.140625,0.6171875,-1.09375,-7.6875,5.7265625,2.203125,-0.947265625,1.65039062,0.384765625
4528,45252633,45552633,0.609069824,-0.168151855,-0.722717285,0.280090332,0.28515625,0.6015625,-0.9765625,-7.71875,5.7421875,2.046875,-0.947265625,1.65039062,0.384765625
4529,45260731,45560731,0.612915039,-0.164489746,-0.718200684,0.285400391,0.28515625,0.6015625,-0.9765625,-7.71875,5.7421875,2.046875,-0.779296875,1.54296875,0.478515625
4530,45268993,45568993,0.61706543,-0.161254883,-0.713195801,0.290710449,0.22265625,0.109375,-1.06640625,-7.734375,5.7734375,1.90625,-0.779296875,1.54296875,0.478515625
4531,45280721,45580721,0.62121582,-0.158813477,-0.708190918,0.295654297,0.22265625,0.109375,-1.06640625,-7.734375,5.7734375,1.90625,-0.478515625,1.4765625,0.587890625
4532,45287708,45587708,0.625244141,-0.156982422,-0.703063965,0.300231934,0.09375,0.01171875,-0.6328125,-7.71875,5.8359375,1.7421875,-0.478515625,1.4765625,0.587890625
4533,45301840,45601840,0.629333496,-0.155090332,-0.697753906,0.305053711,0.09375,0.01171875,-0.6328125,-7.71875,5.8359375,1.7421875,-0.462890625,1.5078125,0.63671875
4534,45308972,45608972,0.633239746,-0.153076172,-0.692504883,0.309936523,0.18359375,0.84375,-0.30078125,-7.6953125,5.921875,1.5625,-0.462890625,1.5078125,0.63671875
4535,45321464,45621464,0.637512207,-0.15020752,-0.686584473,0.315734863,0.18359375,0.84375,-0.30078125,-7.6953125,5.921875,1.5625,-0.73046875,1.66992188,0.654296875
4536,45333245,45633245,0.641296387,-0.147094727,-0.681030273,0.321472168,0.56640625,0.98828125,-0.7734375,-7.65625,6.0078125,1.3828125,-0.73046875,1.66992188,0.654296875
4537,45341099,45641099,0.645080566,-0.143310547,-0.675048828,0.328063965,0.56640625,0.98828125,-0.7734375,-7.65625,6.0078125,1.3828125,-0.962890625,1.65039062,0.654296875
4538,45346230,45646230,0.648376465,-0.139709473,-0.669555664,0.334350586,0.8359375,0.87109375,-1.49609375,-7.6171875,6.0859375,1.2265625,-0.962890625,1.65039062,0.654296875
4539,45361550,45661550,0.651489258,-0.136413574,-0.66394043,0.340759277,0.8359375,0.87109375,-1.49609375,-7.6171875,6.0859375,1.2265625,-0.83984375,1.45117188,0.728515625
4540,45365295,45665295,0.65435791,-0.134094238,-0.658630371,0.346435547,0.94140625,0.36328125,-1.44921875,-7.5703125,6.171875,1.1015625,-0.83984375,1.45117188,0.728515625
4541,45382728,45682728,0.657287598,-0.133117676,-0.653320312,0.351257324,0.94140625,0.36328125,-1.44921875,-7.5703125,6.171875,1.1015625,-0.220703125,1.13476562,0.771484375
4542,45389992,45689992,0.659851074,-0.133728027,-0.648864746,0.354492188,-0.9765625,-0.43359375,-1.0859375,-7.4921875,6.28125,0.96875,-0.220703125,1.13476562,0.771484375
4543,45400034,45700034,0.66229248,-0.135559082,-0.644714355,0.356872559,-0.9765625,-0.43359375,-1.0859375,-7.4921875,6.28125,0.96875,0.27734375,0.708984375,0.71484375
4544,45413072,45713072,0.664550781,-0.137145996,-0.641052246,0.358642578,-1.390625,0.06640625,-0.24609375,-7.421875,6.390625,0.8203125,0.27734375,0.708984375,0.71484375
4545,45421490,45721490,0.666931152,-0.137878418,-0.637207031,0.360778809,-1.390625,0.06640625,-0.24609375,-7.421875,6.390625,0.8203125,-0.037109375,0.859375,0.501953125
4546,45428642,45728642,0.669250488,-0.137390137,-0.633422852,0.36328125,-0.12109375,0.88671875,0.54296875,-7.3515625,6.4921875,0.6796875,-0.037109375,0.859375,0.501953125
4547,45439882,45739882,0.671813965,-0.136047363,-0.629211426,0.366455078,-0.12109375,0.88671875,0.54296875,-7.3515625,6.4921875,0.6796875,-0.3359375,1.078125,0.4296875
4548,45447294,45747294,0.674072266,-0.134521484,-0.625183105,0.369628906,0.4765625,0.37109375,-0.02734375,-7.296875,6.546875,0.5625,-0.3359375,1.078125,0.4296875
4549,45460994,45760994,0.676269531,-0.133239746,-0.62121582,0.372741699,0.4765625,0.37109375,-0.02734375,-7.296875,6.546875,0.5625,-0.244140625,0.8671875,0.421875
4550,45466763,45766763,0.678039551,-0.13269043,-0.618103027,0.375,-1.53125,-0.6953125,0.265625,-7.2421875,6.6171875,0.4609375,-0.244140625,0.8671875,0.421875
4551,45481999,45781999,0.679382324,-0.132629395,-0.615783691,0.376403809,-1.53125,-0.6953125,0.265625,-7.2421875,6.6171875,0.4609375,0.01171875,0.4375,0.234375
4552,45490221,45790221,0.680541992,-0.132324219,-0.614013672,0.377258301,-2.64453125,-1.28515625,1.0390625,-7.203125,6.671875,0.375,0.01171875,0.4375,0.234375
4553,45500864,45800864,0.68170166,-0.13104248,-0.612426758,0.378234863,-2.64453125,-1.28515625,1.0390625,-7.203125,6.671875,0.375,-0.208984375,0.494140625,-0.0390625
4554,45507739,45807739,0.682983398,-0.128967285,-0.610900879,0.379150391,-1.5390625,-1.109375,1.46875,-7.1953125,6.6875,0.328125,-0.208984375,0.494140625,-0.0390625
4555,45520379,45820379,0.684326172,-0.126342773,-0.60925293,0.380187988,-1.5390625,-1.109375,1.46875,-7.1953125,6.6875,0.328125,-0.34375,0.642578125,-0.18359375
4556,45526751,45826751,0.68560791,-0.123535156,-0.607788086,0.381164551,-0.91015625,-1.0078125,1.05859375,-7.2109375,6.6640625,0.28125,-0.34375,0.642578125,-0.18359375
4557,45542091,45842091,0.686645508,-0.120483398,-0.606628418,0.382141113,-0.91015625,-1.0078125,1.05859375,-7.2109375,6.6640625,0.28125,-0.3984375,0.45703125,-0.24609375
4558,45547633,45847633,0.687194824,-0.117736816,-0.606079102,0.382873535,-1.83203125,-1.1328125,1.05859375,-7.25,6.6328125,0.2421875,-0.3984375,0.45703125,-0.24609375
4559,45560701,45860701,0.68737793,-0.114990234,-0.606018066,0.383422852,-1.83203125,-1.1328125,1.05859375,-7.25,6.6328125,0.2421875,-0.3671875,0.185546875,-0.328125
4560,45572585,45872585,0.687438965,-0.112487793,-0.606262207,0.383666992,-1.9453125,-1.3515625,1.51171875,-7.2890625,6.5859375,0.25,-0.3671875,0.185546875,-0.328125
4561,45581081,45881081,0.68762207,-0.110168457,-0.606445312,0.383789062,-1.9453125,-1.3515625,1.51171875,-7.2890625,6.5859375,0.25,-0.28125,0.1953125,-0.34765625
4562,45588176,45888176,0.687988281,-0.10760498,-0.606445312,0.383789062,-0.91015625,-1.26953125,0.99609375,-7.328125,6.5390625,0.265625,-0.28125,0.1953125,-0.34765625
4563,45601746,45901746,0.688598633,-0.105041504,-0.606201172,0.383850098,-0.91015625,-1.26953125,0.99609375,-7.328125,6.5390625,0.265625,-0.275390625,0.34375,-0.33984375
4564,45605479,45905479,0.689331055,-0.102539062,-0.605712891,0.384033203,-0.12890625,-0.67578125,0.19921875,-7.3828125,6.484375,0.2578125,-0.275390625,0.34375,-0.33984375
4565,45621755,45921755,0.690124512,-0.0999145508,-0.605041504,0.384338379,-0.12890625,-0.67578125,0.19921875,-7.3828125,6.484375,0.2578125,-0.265625,0.390625,-0.271484375
4566,45628621,45928621,0.690917969,-0.09765625,-0.604309082,0.38458252,-0.08984375,-0.3984375,-0.12890625,-7.421875,6.4375,0.2421875,-0.265625,0.390625,-0.271484375
4567,45641217,45941217,0.691772461,-0.095703125,-0.60357666,0.38470459,-0.08984375,-0.3984375,-0.12890625,-7.421875,6.4375,0.2421875,-0.130859375,0.33203125,-0.197265625
4568,45649221,45949221,0.692687988,-0.0941772461,-0.602844238,0.38458252,-0.40234375,-0.4765625,0.0546875,-7.453125,6.3984375,0.2109375,-0.130859375,0.33203125,-0.197265625
4569,45661812,45961812,0.693664551,-0.0931396484,-0.602172852,0.384094238,-0.40234375,-0.4765625,0.0546875,-7.453125,6.3984375,0.2109375,0.080078125,0.275390625,-0.169921875
4570,45667657,45967657,0.694763184,-0.0924682617,-0.601501465,0.383361816,-0.453125,-0.7109375,0.171875,-7.4765625,6.3671875,0.171875,0.080078125,0.275390625,-0.169921875
4571,45681201,45981201,0.695922852,-0.0919189453,-0.600830078,0.382507324,-0.453125,-0.7109375,0.171875,-7.4765625,6.3671875,0.171875,0.173828125,0.24609375,-0.142578125
4572,45686243,45986243,0.697021484,-0.0915527344,-0.600158691,0.381591797,-0.46875,-0.57421875,0.26171875,-7.5,6.34375,0.1171875,0.173828125,0.24609375,-0.142578125
4573,45701118,46001118,0.697937012,-0.0914916992,-0.599609375,0.38079834,-0.46875,-0.57421875,0.26171875,-7.5,6.34375,0.1171875,0.18359375,0.142578125,-0.064453125
4574,45707768,46007768,0.698608398,-0.0917358398,-0.599243164,0.380065918,-0.4921875,-0.21484375,0.2421875,-7.515625,6.328125,0.0625,0.18359375,0.142578125,-0.064453125
4575,45721337,46021337,0.699035645,-0.0924072266,-0.599182129,0.379211426,-0.4921875,-0.21484375,0.2421875,-7.515625,6.328125,0.0625,0.25,-0.06640625,-0.009765625
4576,45729743,46029743,0.699157715,-0.0933837891,-0.59954834,0.378112793,-0.9453125,0.1015625,0.50390625,-7.5234375,6.3203125,0.03125,0.25,-0.06640625,-0.009765625
4577,45740134,46040134,0.698974609,-0.0943603516,-0.600341797,0.376953125,-0.9453125,0.1015625,0.50390625,-7.5234375,6.3203125,0.03125,0.2578125,-0.287109375,-0.08984375
4578,45751668,46051668,0.698547363,-0.0953369141,-0.6015625,0.375549316,-1.16796875,-0.046875,0.84765625,-7.53125,6.3125,0.03125,0.2578125,-0.287109375,-0.08984375
4579,45760192,46060192,0.697937012,-0.0963134766,-0.603149414,0.373840332,-1.16796875,-0.046875,0.84765625,-7.53125,6.3125,0.03125,0.30078125,-0.447265625,-0.22265625
4580,45767775,46067775,0.69720459,-0.0972900391,-0.605224609,0.371643066,-1.2578125,-0.59765625,1.09375,-7.5546875,6.2890625,0.0546875,0.30078125,-0.447265625,-0.22265625
4581,45781471,46081471,0.696472168,-0.0980834961,-0.607543945,0.36907959,-1.2578125,-0.59765625,1.09375,-7.5546875,6.2890625,0.0546875,0.36328125,-0.552734375,-0.40625
4582,45787988,46087988,0.695617676,-0.0986328125,-0.610107422,0.366271973,-1.48828125,-0.93359375,1.25390625,-7.59375,6.2421875,0.0859375,0.36328125,-0.552734375,-0.40625
4583,45801144,46101144,0.694396973,-0.0991210938,-0.613525391,0.362792969,-1.48828125,-0.93359375,1.25390625,-7.59375,6.2421875,0.0859375,0.37109375,-0.73828125,-0.603515625
4584,45809967,46109967,0.692993164,-0.0995483398,-0.617248535,0.359008789,-1.69140625,-1.53515625,0.8515625,-7.65625,6.15625,0.140625,0.37109375,-0.73828125,-0.603515625
4585,45819611,46119611,0.691345215,-0.100158691,-0.621398926,0.354736328,-1.69140625,-1.53515625,0.8515625,-7.65625,6.15625,0.140625,0.498046875,-0.994140625,-0.763671875
4586,45831282,46131282,0.68939209,-0.100891113,-0.626159668,0.349975586,-1.796875,-1.75,0.73828125,-7.7421875,6.0625,0.21875,0.498046875,-0.994140625,-0.763671875
4587,45840920,46140920,0.687133789,-0.101745605,-0.631408691,0.344726562,-1.796875,-1.75,0.73828125,-7.7421875,6.0625,0.21875,0.55859375,-1.18359375,-0.865234375
4588,45845958,46145958,0.684692383,-0.102539062,-0.63671875,0.339538574,-1.3125,-1.42578125,0.89453125,-7.84375,5.9296875,0.328125,0.55859375,-1.18359375,-0.865234375
4589,45861674,46161674,0.681884766,-0.103210449,-0.642211914,0.334533691,-1.3125,-1.42578125,0.89453125,-7.84375,5.9296875,0.328125,0.44140625,-1.30664062,-0.87109375
4590,45867638,46167638,0.678771973,-0.103820801,-0.647888184,0.329772949,-0.9140625,-0.78515625,0.75390625,-7.9375,5.7890625,0.46875,0.44140625,-1.30664062,-0.87109375
4591,45880787,46180787,0.674926758,-0.104736328,-0.654174805,0.324829102,-0.9140625,-0.78515625,0.75390625,-7.9375,5.7890625,0.46875,0.40234375,-1.52539062,-0.8125
4592,45889163,46189163,0.670898438,-0.105773926,-0.660461426,0.320129395,-0.63671875,0.15234375,0.0703125,-8.0234375,5.65625,0.65625,0.40234375,-1.52539062,-0.8125
4593,45900265,46200265,0.666992188,-0.106506348,-0.666381836,0.315856934,-0.63671875,0.15234375,0.0703125,-8.0234375,5.65625,0.65625,0.259765625,-1.38476562,-0.787109375
4594,45910240,46210240,0.663574219,-0.106567383,-0.671630859,0.311767578,-0.15234375,0.890625,0.32421875,-8.0859375,5.53125,0.859375,0.259765625,-1.38476562,-0.787109375
4595,45921574,46221574,0.660339355,-0.106140137,-0.676879883,0.307373047,-0.15234375,0.890625,0.32421875,-8.0859375,5.53125,0.859375,0.20703125,-1.16015625,-0.8984375
4596,45927197,46227197,0.657226562,-0.105957031,-0.681945801,0.30291748,-0.41796875,1.0234375,-0.66796875,-8.1640625,5.3984375,1.046875,0.20703125,-1.16015625,-0.8984375
4597,45943187,46243187,0.653869629,-0.106689453,-0.68737793,0.297607422,-0.41796875,1.0234375,-0.66796875,-8.1640625,5.3984375,1.046875,0.556640625,-1.33007812,-0.80859375
4598,45949641,46249641,0.650634766,-0.108276367,-0.692382812,0.292541504,0.140625,0.58984375,-0.79296875,-8.2265625,5.2578125,1.2109375,0.556640625,-1.33007812,-0.80859375
4599,45961884,46261884,0.647033691,-0.110717773,-0.697631836,0.287109375,0.140625,0.58984375,-0.79296875,-8.2265625,5.2578125,1.2109375,0.69921875,-1.37890625,-0.57421875
4600,45970616,46270616,0.643676758,-0.113342285,-0.702209473,0.282470703,0.37890625,0,-0.57421875,-8.2734375,5.15625,1.375,0.69921875,-1.37890625,-0.57421875
4601,45981752,46281752,0.639953613,-0.116577148,-0.70690918,0.277648926,0.37890625,0,-0.57421875,-8.2734375,5.15625,1.375,0.75390625,-1.36523438,-0.37890625
4602,45987619,46287619,0.63659668,-0.119995117,-0.71105957,0.273254395,0.2734375,-0.09765625,-1.06640625,-8.28125,5.1015625,1.5234375,0.75390625,-1.36523438,-0.37890625
4603,46001140,46301140,0.633117676,-0.123901367,-0.715270996,0.268554688,0.2734375,-0.09765625,-1.06640625,-8.28125,5.1015625,1.5234375,0.8515625,-1.27929688,-0.2734375
4604,46006209,46306209,0.629821777,-0.127929688,-0.719116211,0.264160156,0.2265625,0.0859375,-1.16796875,-8.2734375,5.0703125,1.6640625,0.8515625,-1.27929688,-0.2734375
4605,46019347,46319347,0.626586914,-0.132202148,-0.722717285,0.25994873,0.2265625,0.0859375,-1.16796875,-8.2734375,5.0703125,1.6640625,0.8984375,-1.25,-0.134765625
4606,46030279,46330279,0.623535156,-0.136535645,-0.725952148,0.256103516,0.52734375,0.19921875,-1.09375,-8.265625,5.0703125,1.78125,0.8984375,-1.25,-0.134765625
4607,46041930,46341930,0.620300293,-0.141357422,-0.729187012,0.25213623,0.52734375,0.19921875,-1.09375,-8.265625,5.0703125,1.78125,0.923828125,-1.17773438,-0.0234375
4608,46050973,46350973,0.617248535,-0.146057129,-0.732055664,0.248413086,0.6015625,0.8359375,-0.859375,-8.2265625,5.0859375,1.890625,0.923828125,-1.17773438,-0.0234375
4609,46062728,46362728,0.613952637,-0.151245117,-0.735107422,0.244384766,0.6015625,0.8359375,-0.859375,-8.2265625,5.0859375,1.890625,0.95703125,-1.17578125,0.005859375
4610,46070011,46370011,0.610900879,-0.155944824,-0.737915039,0.240783691,0.36328125,0.921875,-0.73046875,-8.1796875,5.1171875,1.9921875,0.95703125,-1.17578125,0.005859375
4611,46081307,46381307,0.607727051,-0.160705566,-0.740661621,0.237121582,0.36328125,0.921875,-0.73046875,-8.1796875,5.1171875,1.9921875,0.880859375,-1.09765625,0.0078125
4612,46086339,46386339,0.604736328,-0.165344238,-0.743225098,0.233581543,0.5078125,0.5,-0.82421875,-8.1328125,5.15625,2.0859375,0.880859375,-1.09765625,0.0078125
4613,46100249,46400249,0.601928711,-0.16973877,-0.745483398,0.230529785,0.5078125,0.5,-0.82421875,-8.1328125,5.15625,2.0859375,0.81640625,-0.9921875,0.0859375
4614,46109726,46409726,0.598999023,-0.174194336,-0.747741699,0.227600098,0.57421875,0.3828125,-0.90234375,-8.0859375,5.1953125,2.1640625,0.81640625,-0.9921875,0.0859375
4615,46121024,46421024,0.596191406,-0.178283691,-0.749755859,0.225097656,0.57421875,0.3828125,-0.90234375,-8.0859375,5.1953125,2.1640625,0.6953125,-0.9296875,0.130859375
4616,46129984,46429984,0.593444824,-0.182189941,-0.751647949,0.22277832,0.75,0.48046875,-0.63671875,-8.03125,5.25,2.2421875,0.6953125,-0.9296875,0.130859375
4617,46142892,46442892,0.590881348,-0.185913086,-0.753417969,0.220581055,0.75,0.48046875,-0.63671875,-8.03125,5.25,2.2421875,0.619140625,-0.814453125,0.1171875
4618,46149580,46449580,0.588623047,-0.189147949,-0.755004883,0.218505859,0.65625,0.38671875,-0.73828125,-7.9765625,5.3046875,2.3046875,0.619140625,-0.814453125,0.1171875
4619,46161371,46461371,0.586364746,-0.192321777,-0.756591797,0.216369629,0.65625,0.38671875,-0.73828125,-7.9765625,5.3046875,2.3046875,0.541015625,-0.67578125,0.064453125
4620,46166409,46466409,0.584472656,-0.19519043,-0.757873535,0.214416504,0.53515625,0.3125,-0.53125,-7.9296875,5.34375,2.3671875,0.541015625,-0.67578125,0.064453125
4621,46180460,46480460,0.582519531,-0.198181152,-0.759155273,0.212219238,0.53515625,0.3125,-0.53125,-7.9296875,5.34375,2.3671875,0.56640625,-0.625,0.015625
4622,46191003,46491003,0.580749512,-0.200927734,-0.760437012,0.209960938,0.1953125,0.43359375,-0.65234375,-7.8984375,5.375,2.4140625,0.56640625,-0.625,0.015625
4623,46200976,46500976,0.579101562,-0.20324707,-0.761657715,0.207885742,0.1953125,0.43359375,-0.65234375,-7.8984375,5.375,2.4140625,0.455078125,-0.541015625,-0.0390625
4624,46208622,46508622,0.577636719,-0.205322266,-0.762756348,0.205932617,0.3203125,0.21875,-0.72265625,-7.8671875,5.3984375,2.4453125,0.455078125,-0.541015625,-0.0390625
4625,46220065,46520065,0.57635498,-0.207092285,-0.763671875,0.204162598,0.3203125,0.21875,-0.72265625,-7.8671875,5.3984375,2.4453125,0.333984375,-0.404296875,-0.06640625
4626,46229815,46529815,0.575378418,-0.208374023,-0.764526367,0.202575684,0.5703125,0.546875,-0.6015625,-7.8515625,5.4140625,2.4765625,0.333984375,-0.404296875,-0.06640625
4627,46241123,46541123,0.574584961,-0.209472656,-0.765258789,0.20098877,0.5703125,0.546875,-0.6015625,-7.8515625,5.4140625,2.4765625,0.28125,-0.291015625,-0.1171875
4628,46246154,46546154,0.573913574,-0.210327148,-0.765869141,0.199523926,0.41015625,0.32421875,-0.65625,-7.84375,5.40625,2.4921875,0.28125,-0.291015625,-0.1171875
4629,46261468,46561468,0.573486328,-0.21081543,-0.766418457,0.198303223,0.41015625,0.32421875,-0.65625,-7.84375,5.40625,2.4921875,0.134765625,-0.162109375,-0.125
4630,46268639,46568639,0.573242188,-0.21105957,-0.766784668,0.19732666,0.53125,0.484375,-0.59375,-7.8515625,5.3984375,2.5078125,0.134765625,-0.162109375,-0.125
4631,46279878,46579878,0.573181152,-0.211242676,-0.766967773,0.196533203,0.53125,0.484375,-0.59375,-7.8515625,5.3984375,2.5078125,0.0859375,-0.048828125,-0.09765625
4632,46293654,46593654,0.573242188,-0.211242676,-0.767028809,0.195983887,0.46484375,0.640625,-0.48046875,-7.859375,5.3984375,2.5078125,0.0859375,-0.048828125,-0.09765625
4633,46301322,46601322,0.573486328,-0.210998535,-0.767028809,0.195678711,0.46484375,0.640625,-0.48046875,-7.859375,5.3984375,2.5078125,-0.0234375,0.080078125,-0.064453125
4634,46308182,46608182,0.573974609,-0.210388184,-0.766784668,0.195800781,0.6640625,0.65625,-0.28125,-7.8671875,5.3828125,2.5,-0.0234375,0.080078125,-0.064453125
4635,46322453,46622453,0.574707031,-0.209411621,-0.766357422,0.196289062,0.6640625,0.65625,-0.28125,-7.8671875,5.3828125,2.5,-0.197265625,0.259765625,-0.041015625
4636,46326181,46626181,0.575622559,-0.208251953,-0.765808105,0.19708252,0.44921875,0.48046875,-0.37890625,-7.8828125,5.3671875,2.484375,-0.197265625,0.259765625,-0.041015625
4637,46340742,46640742,0.576721191,-0.206787109,-0.765136719,0.198120117,0.44921875,0.48046875,-0.37890625,-7.8828125,5.3671875,2.484375,-0.294921875,0.37890625,-0.017578125
4638,46347654,46647654,0.578063965,-0.20501709,-0.764221191,0.199462891,0.42578125,0.49609375,-0.47265625,-7.8984375,5.3515625,2.4609375,-0.294921875,0.37890625,-0.017578125
4639,46361730,46661730,0.579467773,-0.203125,-0.763244629,0.20098877,0.42578125,0.49609375,-0.47265625,-7.8984375,5.3515625,2.4609375,-0.40234375,0.501953125,-0.00390625
4640,46371355,46671355,0.581054688,-0.201049805,-0.762145996,0.202697754,0.3671875,0.625,-0.43359375,-7.9140625,5.3359375,2.421875,-0.40234375,0.501953125,-0.00390625
4641,46380630,46680630,0.582824707,-0.198669434,-0.760864258,0.204772949,0.3671875,0.625,-0.43359375,-7.9140625,5.3359375,2.421875,-0.474609375,0.59375,0.037109375
4642,46393274,46693274,0.584533691,-0.196289062,-0.759521484,0.20703125,0.359375,0.48828125,-0.39453125,-7.9453125,5.3203125,2.3828125,-0.474609375,0.59375,0.037109375
4643,46401138,46701138,0.586303711,-0.193786621,-0.758178711,0.209472656,0.359375,0.48828125,-0.39453125,-7.9453125,5.3203125,2.3828125,-0.58203125,0.673828125,0.08203125
4644,46407877,46707877,0.588256836,-0.190917969,-0.756530762,0.212402344,0.4140625,0.3515625,-0.30859375,-7.9609375,5.3046875,2.3359375,-0.58203125,0.673828125,0.08203125
4645,46421373,46721373,0.590393066,-0.187988281,-0.754760742,0.215576172,0.4140625,0.3515625,-0.30859375,-7.9609375,5.3046875,2.3359375,-0.68359375,0.80078125,0.138671875
4646,46427800,46727800,0.592651367,-0.184936523,-0.752746582,0.218933105,0.51171875,0.1640625,-0.25390625,-7.984375,5.296875,2.28125,-0.68359375,0.80078125,0.138671875
4647,46441663,46741663,0.595153809,-0.181884766,-0.750427246,0.22253418,0.51171875,0.1640625,-0.25390625,-7.984375,5.296875,2.28125,-0.689453125,0.962890625,0.205078125
4648,46450604,46750604,0.59777832,-0.179016113,-0.74798584,0.226135254,0.6875,-0.0546875,-0.3828125,-8.0078125,5.2890625,2.21875,-0.689453125,0.962890625,0.205078125
4649,46461153,46761153,0.600952148,-0.17590332,-0.744873047,0.230285645,0.6875,-0.0546875,-0.3828125,-8.0078125,5.2890625,2.21875,-0.689453125,1.12890625,0.2890625
4650,46467693,46767693,0.604309082,-0.172851562,-0.741516113,0.234619141,0.703125,-0.02734375,-0.47265625,-8.0234375,5.296875,2.1171875,-0.689453125,1.12890625,0.2890625
4651,46481552,46781552,0.607788086,-0.16998291,-0.737915039,0.239257812,0.703125,-0.02734375,-0.47265625,-8.0234375,5.296875,2.1171875,-0.7109375,1.30273438,0.427734375
4652,46488860,46788860,0.611450195,-0.167114258,-0.733825684,0.244384766,0.484375,0.125,-0.578125,-8.03125,5.3359375,1.9921875,-0.7109375,1.30273438,0.427734375
4653,46500893,46800893,0.614807129,-0.164550781,-0.729797363,0.249572754,0.484375,0.125,-0.578125,-8.03125,5.3359375,1.9921875,-0.72265625,1.296875,0.583984375
4654,46506226,46806226,0.617980957,-0.162231445,-0.725708008,0.255065918,0.16796875,0.5703125,-0.94140625,-8.0234375,5.390625,1.859375,-0.72265625,1.296875,0.583984375
4655,46521393,46821393,0.620910645,-0.160217285,-0.721618652,0.260803223,0.16796875,0.5703125,-0.94140625,-8.0234375,5.390625,1.859375,-0.70703125,1.20117188,0.732421875
4656,46529600,46829600,0.623718262,-0.158447266,-0.717407227,0.266784668,0.21484375,0.796875,-0.81640625,-7.9921875,5.46875,1.734375,-0.70703125,1.20117188,0.732421875
4657,46540268,46840268,0.626342773,-0.157043457,-0.713195801,0.272705078,0.21484375,0.796875,-0.81640625,-7.9921875,5.46875,1.734375,-0.65234375,1.15039062,0.84765625
4658,46546808,46846808,0.62878418,-0.155944824,-0.708984375,0.278625488,0.390625,0.84375,-0.5859375,-7.9375,5.578125,1.6171875,-0.65234375,1.15039062,0.84765625
4659,46560483,46860483,0.631164551,-0.154968262,-0.704589844,0.284851074,0.390625,0.84375,-0.5859375,-7.9375,5.578125,1.6171875,-0.65625,1.13476562,0.94140625
4660,46568061,46868061,0.633422852,-0.153930664,-0.700317383,0.29095459,0.328125,1.18359375,-0.29296875,-7.875,5.6953125,1.515625,-0.65625,1.13476562,0.94140625
4661,46580552,46880552,0.635986328,-0.152709961,-0.695373535,0.297790527,0.328125,1.18359375,-0.29296875,-7.875,5.6953125,1.515625,-0.716796875,1.24804688,0.96875
4662,46587113,46887113,0.638549805,-0.151367188,-0.690368652,0.304504395,-0.2890625,1.04296875,-0.48828125,-7.796875,5.8359375,1.40625,-0.716796875,1.24804688,0.96875
4663,46601226,46901226,0.641113281,-0.150024414,-0.685180664,0.311462402,-0.2890625,1.04296875,-0.48828125,-7.796875,5.8359375,1.40625,-0.775390625,1.32226562,1.04492188
4664,46609481,46909481,0.643615723,-0.148864746,-0.679870605,0.318359375,-0.44921875,0.63671875,-0.79296875,-7.7109375,5.9765625,1.2890625,-0.775390625,1.32226562,1.04492188
4665,46620533,46920533,0.646118164,-0.147888184,-0.674316406,0.325439453,-0.44921875,0.63671875,-0.79296875,-7.7109375,5.9765625,1.2890625,-0.6953125,1.29296875,1.109375
4666,46626773,46926773,0.64855957,-0.147094727,-0.668762207,0.332336426,-0.16796875,0.609375,-1.17578125,-7.609375,6.1171875,1.171875,-0.6953125,1.29296875,1.109375
4667,46640880,46940880,0.651062012,-0.146789551,-0.663269043,0.338562012,-0.16796875,0.609375,-1.17578125,-7.609375,6.1171875,1.171875,-0.443359375,1.23046875,1.07226562
4668,46646972,46946972,0.653625488,-0.147033691,-0.65802002,0.34387207,-0.125,-0.04296875,-1.31640625,-7.5,6.2734375,1.046875,-0.443359375,1.23046875,1.07226562
4669,46659934,46959934,0.656677246,-0.148071289,-0.652038574,0.348876953,-0.125,-0.04296875,-1.31640625,-7.5,6.2734375,1.046875,0.01171875,1.1796875,1.06054688
4670,46666109,46966109,0.659851074,-0.150024414,-0.646179199,0.352844238,-0.3125,-0.8515625,-0.9375,-7.390625,6.4296875,0.8984375,0.01171875,1.1796875,1.06054688
4671,46678790,46978790,0.663269043,-0.15246582,-0.640197754,0.356384277,-0.3125,-0.8515625,-0.9375,-7.390625,6.4296875,0.8984375,0.3046875,1.19921875,1.12890625
4672,46693155,46993155,0.666748047,-0.154785156,-0.633972168,0.359924316,-0.12890625,-0.5625,-0.4296875,-7.265625,6.6015625,0.6953125,0.3046875,1.19921875,1.12890625
4673,46699991,46999991,0.670349121,-0.156677246,-0.627502441,0.363769531,-0.12890625,-0.5625,-0.4296875,-7.265625,6.6015625,0.6953125,0.119140625,1.32421875,1.08007812
4674,46706769,47006769,0.673828125,-0.157958984,-0.620849609,0.368164062,-0.15625,0.3125,-0.6015625,-7.125,6.7578125,0.484375,0.119140625,1.32421875,1.08007812
4675,46720900,47020900,0.676696777,-0.158569336,-0.614746094,0.372802734,-0.15625,0.3125,-0.6015625,-7.125,6.7578125,0.484375,-0.21484375,1.2421875,0.984375
4676,46726634,47026634,0.679260254,-0.158935547,-0.609008789,0.377380371,-0.2109375,0.15625,-0.95703125,-6.9921875,6.9140625,0.3046875,-0.21484375,1.2421875,0.984375
4677,46738759,47038759,0.681762695,-0.159545898,-0.60357666,0.381408691,-0.2109375,0.15625,-0.95703125,-6.9921875,6.9140625,0.3046875,-0.048828125,1.09179688,0.87109375
4678,46749337,47049337,0.684204102,-0.160644531,-0.598388672,0.384643555,-0.2890625,-1,-0.1953125,-6.875,7.0390625,0.15625,-0.048828125,1.09179688,0.87109375
4679,46759125,47059125,0.686584473,-0.162109375,-0.593505859,0.387390137,-0.2890625,-1,-0.1953125,-6.875,7.0390625,0.15625,0.1328125,0.90625,0.80859375
4680,46773577,47073577,0.688842773,-0.163085938,-0.588684082,0.390319824,-0.453125,-0.7734375,0.7578125,-6.75,7.15625,0.0078125,0.1328125,0.90625,0.80859375
4681,46781579,47081579,0.690979004,-0.163330078,-0.58392334,0.393554688,-0.453125,-0.7734375,0.7578125,-6.75,7.15625,0.0078125,-0.16796875,1.0078125,0.685546875
4682,46789153,47089153,0.692932129,-0.162963867,-0.579162598,0.397277832,-0.37890625,0.3515625,1.30078125,-6.6328125,7.2578125,-0.1171875,-0.16796875,1.0078125,0.685546875
4683,46800929,47100929,0.694519043,-0.162109375,-0.574768066,0.401245117,-0.37890625,0.3515625,1.30078125,-6.6328125,7.2578125,-0.1171875,-0.48046875,0.994140625,0.65234375
4684,46806675,47106675,0.695739746,-0.161010742,-0.570556641,0.405578613,-0.25,-0.04296875,0.73828125,-6.53125,7.34375,-0.203125,-0.48046875,0.994140625,0.65234375
4685,46818782,47118782,0.696777344,-0.16015625,-0.566833496,0.409362793,-0.25,-0.04296875,0.73828125,-6.53125,7.34375,-0.203125,-0.3671875,0.74609375,0.5390625
4686,46828338,47128338,0.697570801,-0.159667969,-0.563781738,0.412353516,-1.5703125,-0.97265625,0.4375,-6.4375,7.4296875,-0.25,-0.3671875,0.74609375,0.5390625
4687,46840194,47140194,0.698242188,-0.159240723,-0.561096191,0.415039062,-1.5703125,-0.97265625,0.4375,-6.4375,7.4296875,-0.25,-0.26171875,0.49609375,0.390625
4688,46853401,47153401,0.698791504,-0.158752441,-0.558837891,0.417358398,-2.0234375,-0.99609375,1.12890625,-6.3671875,7.4921875,-0.2890625,-0.26171875,0.49609375,0.390625
4689,46860623,47160623,0.699462891,-0.157958984,-0.55670166,0.419433594,-2.0234375,-0.99609375,1.12890625,-6.3671875,7.4921875,-0.2890625,-0.2578125,0.552734375,0.234375
4690,46866767,47166767,0.700378418,-0.156677246,-0.554321289,0.421508789,-1.07421875,-0.4609375,0.84765625,-6.3203125,7.53125,-0.3125,-0.2578125,0.552734375,0.234375
4691,46881209,47181209,0.70135498,-0.155029297,-0.551879883,0.42364502,-1.07421875,-0.4609375,0.84765625,-6.3203125,7.53125,-0.3125,-0.34375,0.669921875,0.169921875
4692,46886958,47186958,0.702331543,-0.153320312,-0.549377441,0.42590332,-0.34765625,-0.0234375,-0.45703125,-6.28125,7.5546875,-0.3515625,-0.34375,0.669921875,0.169921875
4693,46900449,47200449,0.703308105,-0.151672363,-0.546813965,0.428283691,-0.34765625,-0.0234375,-0.45703125,-6.28125,7.5546875,-0.3515625,-0.361328125,0.69140625,0.22265625
4694,46907114,47207114,0.704284668,-0.15020752,-0.544128418,0.430541992,-0.37890625,0.09765625,-0.6171875,-6.25,7.5859375,-0.3828125,-0.361328125,0.69140625,0.22265625
4695,46920040,47220040,0.70526123,-0.149353027,-0.541564941,0.432434082,-0.37890625,0.09765625,-0.6171875,-6.25,7.5859375,-0.3828125,-0.150390625,0.587890625,0.291015625
4696,46929243,47229243,0.706481934,-0.148925781,-0.538879395,0.433959961,-0.80859375,-0.35546875,-0.421875,-6.203125,7.6171875,-0.421875,-0.150390625,0.587890625,0.291015625
4697,46938878,47238878,0.707763672,-0.148864746,-0.536315918,0.434997559,-0.80859375,-0.35546875,-0.421875,-6.203125,7.6171875,-0.421875,0.078125,0.509765625,0.267578125
4698,46949225,47249225,0.709228516,-0.149169922,-0.533874512,0.435546875,-1.0859375,-0.4296875,0.0234375,-6.15625,7.65625,-0.484375,0.078125,0.509765625,0.267578125
4699,46960083,47260083,0.710876465,-0.149963379,-0.531677246,0.435302734,-1.0859375,-0.4296875,0.0234375,-6.15625,7.65625,-0.484375,0.44140625,0.392578125,0.22265625
4700,46967003,47267003,0.712768555,-0.151367188,-0.529602051,0.434265137,-1.23828125,-1.06640625,0.30859375,-6.1171875,7.6796875,-0.578125,0.44140625,0.392578125,0.22265625
4701,46979557,47279557,0.714599609,-0.153015137,-0.528015137,0.432678223,-1.23828125,-1.06640625,0.30859375,-6.1171875,7.6796875,-0.578125,0.615234375,0.169921875,0.11328125
4702,46988967,47288967,0.716125488,-0.154602051,-0.526855469,0.430908203,-1.26953125,-0.9296875,0.8984375,-6.0859375,7.6953125,-0.7109375,0.615234375,0.169921875,0.11328125
4703,46999765,47299765,0.717407227,-0.155761719,-0.526062012,0.429382324,-1.26953125,-0.9296875,0.8984375,-6.0859375,7.6953125,-0.7109375,0.451171875,0.076171875,0.0078125
4704,47008495,47308495,0.718444824,-0.156738281,-0.525512695,0.42791748,-1.01171875,-0.80859375,1.4140625,-6.078125,7.6875,-0.8046875,0.451171875,0.076171875,0.0078125
4705,47019941,47319941,0.719055176,-0.157287598,-0.52545166,0.426757812,-1.01171875,-0.80859375,1.4140625,-6.078125,7.6875,-0.8046875,0.2109375,-0.04296875,-0.076171875
4706,47031590,47331590,0.719299316,-0.157592773,-0.525817871,0.42578125,-1.30859375,-0.8828125,1.6171875,-6.0859375,7.6875,-0.8515625,0.2109375,-0.04296875,-0.076171875
4707,47040278,47340278,0.719238281,-0.157836914,-0.526794434,0.424621582,-1.30859375,-0.8828125,1.6171875,-6.0859375,7.6875,-0.8515625,0.16015625,-0.267578125,-0.19921875
4708,47046000,47346000,0.718933105,-0.158203125,-0.528320312,0.423095703,-1.78515625,-1.47265625,1.43359375,-6.109375,7.6640625,-0.859375,0.16015625,-0.267578125,-0.19921875
4709,47059239,47359239,0.718261719,-0.158630371,-0.530639648,0.421081543,-1.78515625,-1.47265625,1.43359375,-6.109375,7.6640625,-0.859375,0.228515625,-0.583984375,-0.375
4710,47068486,47368486,0.717346191,-0.159118652,-0.533752441,0.418518066,-1.84375,-1.6171875,1.63671875,-6.1640625,7.6171875,-0.8359375,0.228515625,-0.583984375,-0.375
4711,47081329,47381329,0.716186523,-0.159484863,-0.537597656,0.415527344,-1.84375,-1.6171875,1.63671875,-6.1640625,7.6171875,-0.8359375,0.267578125,-0.884765625,-0.626953125
4712,47090862,47390862,0.71472168,-0.159667969,-0.542175293,0.41192627,-1.828125,-1.31640625,1.69921875,-6.2578125,7.546875,-0.78125,0.267578125,-0.884765625,-0.626953125
4713,47103715,47403715,0.71307373,-0.159606934,-0.547424316,0.407897949,-1.828125,-1.31640625,1.69921875,-6.2578125,7.546875,-0.78125,0.259765625,-1.109375,-0.904296875
4714,47111789,47411789,0.711242676,-0.159118652,-0.553100586,0.403564453,-1.77734375,-1.0625,1.60546875,-6.3828125,7.4453125,-0.6875,0.259765625,-1.109375,-0.904296875
4715,47120970,47420970,0.70916748,-0.15826416,-0.559509277,0.398742676,-1.77734375,-1.0625,1.60546875,-6.3828125,7.4453125,-0.6875,0.193359375,-1.26367188,-1.16796875
4716,47126944,47426944,0.706787109,-0.157043457,-0.56640625,0.393676758,-1.828125,-1.12109375,1.2890625,-6.5625,7.3125,-0.5625,0.193359375,-1.26367188,-1.16796875
4717,47139334,47439334,0.704040527,-0.155395508,-0.574035645,0.388122559,-1.828125,-1.12109375,1.2890625,-6.5625,7.3125,-0.5625,0.111328125,-1.43554688,-1.39648438
4718,47149463,47449463,0.701049805,-0.153503418,-0.581970215,0.382385254,-1.89453125,-0.7109375,0.98046875,-6.765625,7.1328125,-0.40625,0.111328125,-1.43554688,-1.39648438
4719,47160834,47460834,0.697753906,-0.151794434,-0.590087891,0.376647949,-1.89453125,-0.7109375,0.98046875,-6.765625,7.1328125,-0.40625,0.107421875,-1.63476562,-1.41015625
4720,47167745,47467745,0.694030762,-0.150268555,-0.598449707,0.370910645,-1.75,-0.76953125,0.58984375,-6.984375,6.921875,-0.2109375,0.107421875,-1.63476562,-1.41015625
4721,47183714,47483714,0.690124512,-0.148620605,-0.606872559,0.365234375,-1.75,-0.76953125,0.58984375,-6.984375,6.921875,-0.2109375,0.037109375,-1.68554688,-1.42773438
4722,47191795,47491795,0.686218262,-0.146850586,-0.614929199,0.359680176,-1.703125,-0.3046875,0.55078125,-7.1875,6.7265625,0.0234375,0.037109375,-1.68554688,-1.42773438
4723,47201360,47501360,0.682067871,-0.144836426,-0.623352051,0.353820801,-1.703125,-0.3046875,0.55078125,-7.1875,6.7265625,0.0234375,-0.009765625,-1.71679688,-1.50976562
4724,47206152,47506152,0.677124023,-0.14263916,-0.63269043,0.347595215,-1.55078125,0.71875,0.23046875,-7.375,6.5078125,0.265625,-0.009765625,-1.71679688,-1.50976562
4725,47222625,47522625,0.671569824,-0.140808105,-0.642150879,0.34173584,-1.55078125,0.71875,0.23046875,-7.375,6.5078125,0.265625,-0.115234375,-2.12890625,-1.421875
4726,47230464,47530464,0.66583252,-0.139648438,-0.651123047,0.336425781,-0.59765625,1.14453125,0.03125,-7.5625,6.2734375,0.578125,-0.115234375,-2.12890625,-1.421875
4727,47241519,47541519,0.660400391,-0.138244629,-0.659790039,0.330871582,-0.59765625,1.14453125,0.03125,-7.5625,6.2734375,0.578125,-0.044921875,-1.68554688,-1.328125
4728,47249500,47549500,0.65612793,-0.135864258,-0.667297363,0.325256348,-0.19921875,1.375,0.640625,-7.6953125,6.078125,0.890625,-0.044921875,-1.68554688,-1.328125
4729,47262149,47562149,0.652587891,-0.133239746,-0.674072266,0.319335938,-0.19921875,1.375,0.640625,-7.6953125,6.078125,0.890625,0.1015625,-1.38085938,-1.515625
4730,47270146,47570146,0.649108887,-0.131591797,-0.680847168,0.312683105,-1.11328125,0.5,-1.2421875,-7.8515625,5.84375,1.125,0.1015625,-1.38085938,-1.515625
4731,47280905,47580905,0.645019531,-0.131408691,-0.688354492,0.3046875,-1.11328125,0.5,-1.2421875,-7.8515625,5.84375,1.125,0.677734375,-1.79492188,-1.375
4732,47286892,47586892,0.64050293,-0.132507324,-0.695861816,0.296569824,-0.55859375,-1.04296875,-1.64453125,-7.984375,5.625,1.3359375,0.677734375,-1.79492188,-1.375
4733,47304109,47604109,0.635742188,-0.134155273,-0.70324707,0.288696289,-0.55859375,-1.04296875,-1.64453125,-7.984375,5.625,1.3359375,0.7578125,-1.89453125,-1.12109375
4734,47308111,47608111,0.631164551,-0.136108398,-0.709777832,0.281494141,0.29296875,-1.31640625,-1.2578125,-8.0703125,5.4375,1.5625,0.7578125,-1.89453125,-1.12109375
4735,47321366,47621366,0.626525879,-0.138916016,-0.716369629,0.273803711,0.29296875,-1.31640625,-1.2578125,-8.0703125,5.4375,1.5625,0.966796875,-1.72265625,-0.892578125
4736,47329485,47629485,0.622497559,-0.142333984,-0.722045898,0.266296387,0.53125,-0.9453125,-1.5703125,-8.1171875,5.296875,1.7578125,0.966796875,-1.72265625,-0.892578125
4737,47342546,47642546,0.618652344,-0.14654541,-0.727294922,0.258544922,0.53125,-0.9453125,-1.5703125,-8.1171875,5.296875,1.7578125,1.2890625,-1.63476562,-0.720703125
4738,47350519,47650519,0.61517334,-0.151062012,-0.731933594,0.251037598,0.33203125,0.22265625,-1.80078125,-8.1484375,5.203125,1.9140625,1.2890625,-1.63476562,-0.720703125
4739,47361932,47661932,0.611328125,-0.156311035,-0.736755371,0.242858887,0.33203125,0.22265625,-1.80078125,-8.1484375,5.203125,1.9140625,1.36328125,-1.578125,-0.603515625
4740,47366731,47666731,0.607727051,-0.161193848,-0.741027832,0.235717773,0.41796875,1.38671875,-1.390625,-8.15625,5.1484375,2.0390625,1.36328125,-1.578125,-0.603515625
4741,47383840,47683840,0.60357666,-0.166687012,-0.745544434,0.228210449,0.41796875,1.38671875,-1.390625,-8.15625,5.1484375,2.0390625,1.34765625,-1.61523438,-0.45703125
4742,47387925,47687925,0.599609375,-0.17199707,-0.749572754,0.221496582,0.484375,1.609375,-1.28515625,-8.1484375,5.1171875,2.1640625,1.34765625,-1.61523438,-0.45703125
4743,47400534,47700534,0.595458984,-0.177856445,-0.753479004,0.214477539,0.484375,1.609375,-1.28515625,-8.1484375,5.1171875,2.1640625,1.36132812,-1.48242188,-0.306640625
4744,47408847,47708847,0.59173584,-0.183349609,-0.756774902,0.208496094,0.68359375,0.8515625,-1.01171875,-8.1171875,5.109375,2.2734375,1.36132812,-1.48242188,-0.306640625
4745,47424502,47724502,0.58770752,-0.189025879,-0.760131836,0.202697754,0.68359375,0.8515625,-1.01171875,-8.1171875,5.109375,2.2734375,1.17382812,-1.40625,-0.146484375
4746,47429989,47729989,0.583557129,-0.194396973,-0.763305664,0.197692871,0.56640625,0.828125,-1.05078125,-8.078125,5.1328125,2.390625,1.17382812,-1.40625,-0.146484375
4747,47442281,47742281,0.579162598,-0.199829102,-0.766418457,0.192993164,0.56640625,0.828125,-1.05078125,-8.078125,5.1328125,2.390625,1.0390625,-1.39257812,0.005859375
4748,47446007,47746007,0.575073242,-0.204833984,-0.769165039,0.188903809,0.93359375,0.828125,-1.23828125,-8.0234375,5.171875,2.5,1.0390625,-1.39257812,0.005859375
4749,47463257,47763257,0.570739746,-0.210266113,-0.772033691,0.184509277,0.93359375,0.828125,-1.23828125,-8.0234375,5.171875,2.5,1.01171875,-1.29296875,0.03515625
4750,47467684,47767684,0.566833496,-0.215026855,-0.774475098,0.180725098,1.2109375,1.23046875,-0.87890625,-7.953125,5.2265625,2.6015625,1.01171875,-1.29296875,0.03515625
4751,47481225,47781225,0.562683105,-0.219787598,-0.776977539,0.177124023,1.2109375,1.23046875,-0.87890625,-7.953125,5.2265625,2.6015625,0.802734375,-1.13867188,0.095703125
4752,47489601,47789601,0.558959961,-0.224182129,-0.77911377,0.174072266,0.94921875,0.51953125,-0.828125,-7.8828125,5.2890625,2.703125,0.802734375,-1.13867188,0.095703125
4753,47504654,47804654,0.555358887,-0.22857666,-0.781066895,0.171142578,0.94921875,0.51953125,-0.828125,-7.8828125,5.2890625,2.703125,0.814453125,-1.0234375,0.138671875
4754,47509170,47809170,0.552062988,-0.232788086,-0.782775879,0.168334961,0.6015625,0.2265625,-0.8359375,-7.8046875,5.3515625,2.7890625,0.814453125,-1.0234375,0.138671875
4755,47521726,47821726,0.548828125,-0.236938477,-0.784423828,0.165527344,0.6015625,0.2265625,-0.8359375,-7.8046875,5.3515625,2.7890625,0.74609375,-0.935546875,0.111328125
4756,47526764,47826764,0.545654297,-0.240783691,-0.786010742,0.162841797,0.30078125,0.0859375,-1.0234375,-7.734375,5.4140625,2.859375,0.74609375,-0.935546875,0.111328125
4757,47544268,47844268,0.542907715,-0.244140625,-0.787353516,0.160400391,0.30078125,0.0859375,-1.0234375,-7.734375,5.4140625,2.859375,0.671875,-0.802734375,0.083984375
4758,47548737,47848737,0.540466309,-0.247497559,-0.788513184,0.15802002,0.359375,0.1484375,-0.92578125,-7.6796875,5.46875,2.9140625,0.671875,-0.802734375,0.083984375
4759,47560004,47860004,0.538269043,-0.250854492,-0.789367676,0.155639648,0.359375,0.1484375,-0.92578125,-7.6796875,5.46875,2.9140625,0.650390625,-0.583984375,0.056640625
4760,47572672,47872672,0.536560059,-0.253845215,-0.790039062,0.153442383,0.7265625,0.4453125,-0.609375,-7.625,5.515625,2.9453125,0.650390625,-0.583984375,0.056640625
4761,47582349,47882349,0.535400391,-0.25604248,-0.790466309,0.151733398,0.7265625,0.4453125,-0.609375,-7.625,5.515625,2.9453125,0.439453125,-0.34375,-0.001953125
4762,47586099,47886099,0.534545898,-0.257629395,-0.790771484,0.15032959,0.8515625,1.48828125,-0.58203125,-7.59375,5.546875,2.953125,0.439453125,-0.34375,-0.001953125
4763,47599995,47899995,0.533996582,-0.258361816,-0.79107666,0.149414062,0.8515625,1.48828125,-0.58203125,-7.59375,5.546875,2.953125,0.1015625,-0.142578125,-0.046875
4764,47607998,47907998,0.533630371,-0.258483887,-0.791381836,0.148986816,0.87890625,1.73046875,-0.92578125,-7.5859375,5.5703125,2.953125,0.1015625,-0.142578125,-0.046875
4765,47624214,47924214,0.53338623,-0.258056641,-0.791625977,0.148925781,0.87890625,1.73046875,-0.92578125,-7.5859375,5.5703125,2.953125,-0.1328125,-0.013671875,-0.037109375
4766,47628367,47928367,0.533447266,-0.257202148,-0.791809082,0.149291992,0.87890625,1.05078125,-1.09375,-7.5859375,5.5625,2.96875,-0.1328125,-0.013671875,-0.037109375
4767,47642653,47942653,0.533691406,-0.256103516,-0.791870117,0.149963379,0.87890625,1.05078125,-1.09375,-7.5859375,5.5625,2.96875,-0.236328125,0.146484375,-0.015625
4768,47651998,47951998,0.534301758,-0.254943848,-0.791687012,0.150817871,1.00390625,0.60546875,-1.33203125,-7.59375,5.546875,2.9765625,-0.236328125,0.146484375,-0.015625
4769,47664654,47964654,0.53527832,-0.253479004,-0.791259766,0.152038574,1.00390625,0.60546875,-1.33203125,-7.59375,5.546875,2.9765625,-0.36328125,0.37109375,0.01171875
4770,47668826,47968826,0.536682129,-0.251525879,-0.790588379,0.153869629,1.01953125,0.890625,-1.1328125,-7.609375,5.53125,2.96875,-0.36328125,0.37109375,0.01171875
4771,47680072,47980072,0.538208008,-0.249389648,-0.789794922,0.156066895,1.01953125,0.890625,-1.1328125,-7.609375,5.53125,2.96875,-0.529296875,0.55859375,0.09375
4772,47686988,47986988,0.540039062,-0.246887207,-0.788818359,0.158813477,1.1484375,1.140625,-0.94921875,-7.625,5.5078125,2.9375,-0.529296875,0.55859375,0.09375
4773,47704145,48004145,0.542053223,-0.24395752,-0.787658691,0.16217041,1.1484375,1.140625,-0.94921875,-7.625,5.5078125,2.9375,-0.73828125,0.734375,0.171875
4774,47708312,48008312,0.544128418,-0.240905762,-0.786376953,0.165710449,1.171875,1.07421875,-0.80078125,-7.6484375,5.5,2.90625,-0.73828125,0.734375,0.171875
4775,47721361,48021361,0.54675293,-0.237121582,-0.784729004,0.170349121,1.171875,1.07421875,-0.80078125,-7.6484375,5.5,2.90625,-0.93359375,0.97265625,0.2421875
4776,47735541,48035541,0.549682617,-0.233093262,-0.782775879,0.175231934,1.3125,1.01171875,-0.72265625,-7.671875,5.484375,2.8671875,-0.93359375,0.97265625,0.2421875
4777,47742463,48042463,0.553161621,-0.228637695,-0.780395508,0.180908203,1.3125,1.01171875,-0.72265625,-7.671875,5.484375,2.8671875,-1.13476562,1.32421875,0.33984375
4778,47750711,48050711,0.557006836,-0.223876953,-0.777587891,0.187011719,1.10546875,0.67578125,-0.9609375,-7.6953125,5.4765625,2.796875,-1.13476562,1.32421875,0.33984375
4779,47762352,48062352,0.561706543,-0.218505859,-0.773986816,0.194274902,1.10546875,0.67578125,-0.9609375,-7.6953125,5.4765625,2.796875,-1.30859375,1.69140625,0.470703125
4780,47766087,48066087,0.56640625,-0.213195801,-0.770141602,0.201599121,0.953125,0.5703125,-1.2109375,-7.734375,5.46875,2.703125,-1.30859375,1.69140625,0.470703125
4781,47783628,48083628,0.571594238,-0.207397461,-0.765625,0.210021973,0.953125,0.5703125,-1.2109375,-7.734375,5.46875,2.703125,-1.41992188,1.88476562,0.619140625
4782,47787851,48087851,0.576538086,-0.201965332,-0.761047363,0.218383789,0.75390625,0.5546875,-1.578125,-7.765625,5.484375,2.5703125,-1.41992188,1.88476562,0.619140625
4783,47802281,48102281,0.581665039,-0.196533203,-0.755859375,0.227294922,0.75390625,0.5546875,-1.578125,-7.765625,5.484375,2.5703125,-1.36328125,1.91796875,0.74609375
4784,47811012,48111012,0.586486816,-0.191772461,-0.750854492,0.235473633,0.6171875,0.62109375,-1.57421875,-7.78125,5.53125,2.4140625,-1.36328125,1.91796875,0.74609375
4785,47824669,48124669,0.59161377,-0.187255859,-0.745361328,0.243713379,0.6171875,0.62109375,-1.57421875,-7.78125,5.53125,2.4140625,-1.078125,1.84960938,0.73828125
4786,47829727,48129727,0.596435547,-0.183410645,-0.739990234,0.251098633,0.26953125,0.4453125,-1.4921875,-7.78125,5.59375,2.2578125,-1.078125,1.84960938,0.73828125
4787,47842339,48142339,0.601501465,-0.179748535,-0.73425293,0.258422852,0.26953125,0.4453125,-1.4921875,-7.78125,5.59375,2.2578125,-0.8984375,1.86914062,0.720703125
4788,47846074,48146074,0.606445312,-0.176330566,-0.72857666,0.265075684,0.0703125,0.56640625,-1.0859375,-7.7734375,5.6640625,2.078125,-0.8984375,1.86914062,0.720703125
4789,47865953,48165953,0.612121582,-0.172485352,-0.721984863,0.272521973,0.0703125,0.56640625,-1.0859375,-7.7734375,5.6640625,2.078125,-0.8984375,2.06054688,0.744140625
4790,47867439,48167439,0.617736816,-0.168701172,-0.715270996,0.279846191,0.25390625,0.59375,-1.140625,-7.765625,5.75,1.8671875,-0.8984375,2.06054688,0.744140625
4791,47881867,48181867,0.623352051,-0.164855957,-0.708251953,0.287353516,0.25390625,0.59375,-1.140625,-7.765625,5.75,1.8671875,-0.9140625,2.11523438,0.833984375
4792,47890955,48190955,0.628479004,-0.161621094,-0.701599121,0.294494629,0.15625,0.34765625,-1.48828125,-7.7421875,5.84375,1.640625,-0.9140625,2.11523438,0.833984375
4793,47904280,48204280,0.633605957,-0.158752441,-0.694519043,0.301635742,0.15625,0.34765625,-1.48828125,-7.7421875,5.84375,1.640625,-0.638671875,1.91015625,0.890625
4794,47908638,48208638,0.63848877,-0.157348633,-0.687744141,0.307678223,-0.54296875,-0.7578125,-1.84375,-7.6953125,5.953125,1.421875,-0.638671875,1.91015625,0.890625
4795,47921053,48221053,0.643371582,-0.157592773,-0.680786133,0.312683105,-0.54296875,-0.7578125,-1.84375,-7.6953125,5.953125,1.421875,0.1015625,1.56445312,0.99609375
4796,47928495,48228495,0.647766113,-0.159423828,-0.674438477,0.316467285,-1.1484375,-0.9765625,-1.44921875,-7.625,6.09375,1.1796875,0.1015625,1.56445312,0.99609375
4797,47944563,48244563,0.652099609,-0.162231445,-0.667724609,0.320251465,-1.1484375,-0.9765625,-1.44921875,-7.625,6.09375,1.1796875,0.35546875,1.34375,1.140625
4798,47949498,48249498,0.656188965,-0.164306641,-0.661193848,0.324401855,-0.9921875,0.5,0.29296875,-7.515625,6.265625,0.9296875,0.35546875,1.34375,1.140625
4799,47960830,48260830,0.66027832,-0.164794922,-0.654418945,0.329528809,-0.9921875,0.5,0.29296875,-7.515625,6.265625,0.9296875,-0.3125,1.63867188,0.990234375
4800,47974963,48274963,0.664245605,-0.163757324,-0.647583008,0.335449219,-0.3046875,1.25390625,0.375,-7.3984375,6.4296875,0.6953125,-0.3125,1.63867188,0.990234375
4801,47985990,48285990,0.668579102,-0.161987305,-0.640014648,0.342285156,-0.3046875,1.25390625,0.375,-7.3984375,6.4296875,0.6953125,-0.60546875,1.90820312,1
4802,47990013,48290013,0.672912598,-0.160705566,-0.632263184,0.348754883,-0.3359375,-0.42578125,-1.30078125,-7.2890625,6.578125,0.4921875,-0.60546875,1.90820312,1
4803,48001562,48301562,0.677001953,-0.160644531,-0.624816895,0.354248047,-0.3359375,-0.42578125,-1.30078125,-7.2890625,6.578125,0.4921875,-0.08984375,1.58203125,1.09375
4804,48009268,48309268,0.680603027,-0.161804199,-0.618041992,0.358581543,-0.69921875,-0.8046875,-1.546875,-7.15625,6.7265625,0.28125,-0.08984375,1.58203125,1.09375
4805,48022943,48322943,0.684570312,-0.163757324,-0.610900879,0.362365723,-0.69921875,-0.8046875,-1.546875,-7.15625,6.7265625,0.28125,0.2734375,1.39648438,1.04882812
4806,48026566,48326566,0.688354492,-0.165222168,-0.604187012,0.365844727,-0.41796875,0.6484375,0.40234375,-7.015625,6.8828125,0.0546875,0.2734375,1.39648438,1.04882812
4807,48041894,48341894,0.692199707,-0.165649414,-0.596923828,0.370178223,-0.41796875,0.6484375,0.40234375,-7.015625,6.8828125,0.0546875,-0.203125,1.55273438,0.900390625
4808,48050519,48350519,0.695617676,-0.164550781,-0.589904785,0.375549316,-0.328125,1.19921875,0.9296875,-6.875,7.0234375,-0.1640625,-0.203125,1.55273438,0.900390625
4809,48066403,48366403,0.698425293,-0.162536621,-0.583374023,0.381469727,-0.328125,1.19921875,0.9296875,-6.875,7.0234375,-0.1640625,-0.73046875,1.61523438,0.80859375
4810,48070429,48370429,0.701049805,-0.16027832,-0.576721191,0.387695312,-0.53125,0.12109375,-0.21875,-6.75,7.140625,-0.3203125,-0.73046875,1.61523438,0.80859375
4811,48082978,48382978,0.703430176,-0.158752441,-0.570617676,0.392944336,-0.53125,0.12109375,-0.21875,-6.75,7.140625,-0.3203125,-0.416015625,1.37695312,0.818359375
4812,48086593,48386593,0.705810547,-0.158630371,-0.564880371,0.396850586,-1.78125,-2.0625,-0.18359375,-6.609375,7.2578125,-0.4296875,-0.416015625,1.37695312,0.818359375
4813,48106039,48406039,0.708679199,-0.159973145,-0.559204102,0.399353027,-1.78125,-2.0625,-0.18359375,-6.609375,7.2578125,-0.4296875,0.3984375,0.947265625,0.763671875
4814,48110079,48410079,0.711669922,-0.162231445,-0.554077148,0.400268555,-2.4140625,-2.01171875,0.23828125,-6.4765625,7.359375,-0.5859375,0.3984375,0.947265625,0.763671875
4815,48122064,48422064,0.714660645,-0.164245605,-0.549316406,0.400695801,-2.4140625,-2.01171875,0.23828125,-6.4765625,7.359375,-0.5859375,0.513671875,0.904296875,0.5546875
4816,48130095,48430095,0.717529297,-0.165405273,-0.544677734,0.401367188,-1.21875,-0.296875,0.84765625,-6.3671875,7.4453125,-0.7734375,0.513671875,0.904296875,0.5546875
4817,48144251,48444251,0.720397949,-0.165771484,-0.539733887,0.402770996,-1.21875,-0.296875,0.84765625,-6.3671875,7.4453125,-0.7734375,0.0859375,1.00195312,0.451171875
4818,48148333,48448333,0.722717285,-0.165710449,-0.535400391,0.404418945,-1.12109375,0.375,0.375,-6.2734375,7.5,-0.953125,0.0859375,1.00195312,0.451171875
4819,48161481,48461481,0.725097656,-0.166320801,-0.531066895,0.405700684,-1.12109375,0.375,0.375,-6.2734375,7.5,-0.953125,0.302734375,0.755859375,0.466796875
4820,48166264,48466264,0.727294922,-0.16784668,-0.52734375,0.405944824,-1.7421875,-0.67578125,-0.05859375,-6.1875,7.5546875,-1.09375,0.302734375,0.755859375,0.466796875
4821,48184893,48484893,0.729309082,-0.170227051,-0.524414062,0.405090332,-1.7421875,-0.67578125,-0.05859375,-6.1875,7.5546875,-1.09375,0.728515625,0.302734375,0.396484375
4822,48189279,48489279,0.731201172,-0.173034668,-0.522277832,0.403320312,-2.55078125,-0.8359375,1.30859375,-6.109375,7.6015625,-1.234375,0.728515625,0.302734375,0.396484375
4823,48201267,48501267,0.733032227,-0.175354004,-0.520568848,0.401123047,-2.55078125,-0.8359375,1.30859375,-6.109375,7.6015625,-1.234375,0.767578125,0.1953125,0.10546875
4824,48209513,48509513,0.735107422,-0.176940918,-0.518859863,0.398864746,-1.33203125,-0.921875,2.67578125,-6.0625,7.609375,-1.375,0.767578125,0.1953125,0.10546875
4825,48224249,48524249,0.737060547,-0.17767334,-0.517272949,0.397094727,-1.33203125,-0.921875,2.67578125,-6.0625,7.609375,-1.375,0.46484375,0.33984375,-0.06640625
4826,48228761,48528761,0.738708496,-0.177734375,-0.515869141,0.395690918,-1.33984375,-1.01953125,2.04296875,-6.0546875,7.59375,-1.5078125,0.46484375,0.33984375,-0.06640625
4827,48243654,48543654,0.740112305,-0.177429199,-0.514953613,0.394470215,-1.33984375,-1.01953125,2.04296875,-6.0546875,7.59375,-1.5078125,0.240234375,0.2109375,-0.17578125
4828,48248243,48548243,0.741027832,-0.177124023,-0.514648438,0.393249512,-1.83203125,-1.41796875,0.90234375,-6.0625,7.5703125,-1.59375,0.240234375,0.2109375,-0.17578125
4829,48266183,48566183,0.741577148,-0.176879883,-0.515075684,0.391723633,-1.83203125,-1.41796875,0.90234375,-6.0625,7.5703125,-1.59375,0.212890625,-0.130859375,-0.271484375
4830,48270206,48570206,0.741760254,-0.176696777,-0.516235352,0.390014648,-1.984375,-1.71484375,0.90234375,-6.1015625,7.5234375,-1.6328125,0.212890625,-0.130859375,-0.271484375
4831,48281027,48581027,0.741516113,-0.176574707,-0.517883301,0.388366699,-1.984375,-1.71484375,0.90234375,-6.1015625,7.5234375,-1.6328125,0.140625,-0.390625,-0.345703125
4832,48289163,48589163,0.740966797,-0.176391602,-0.520019531,0.38659668,-1.421875,-1.71484375,1.62109375,-6.1640625,7.484375,-1.625,0.140625,-0.390625,-0.345703125
4833,48304931,48604931,0.74029541,-0.176025391,-0.522277832,0.385009766,-1.421875,-1.71484375,1.62109375,-6.1640625,7.484375,-1.625,0.05859375,-0.427734375,-0.375
4834,48308956,48608956,0.739685059,-0.175598145,-0.524475098,0.383422852,-1.0859375,-1.27734375,1.73828125,-6.234375,7.4296875,-1.5859375,0.05859375,-0.427734375,-0.375
4835,48320953,48620953,0.739074707,-0.175048828,-0.526855469,0.381530762,-1.0859375,-1.27734375,1.73828125,-6.234375,7.4296875,-1.5859375,0.10546875,-0.447265625,-0.455078125
4836,48328252,48628252,0.738464355,-0.174499512,-0.52935791,0.379394531,-1.16015625,-0.7265625,0.92578125,-6.3125,7.375,-1.5390625,0.10546875,-0.447265625,-0.455078125
4837,48344945,48644945,0.737792969,-0.173950195,-0.532348633,0.376831055,-1.16015625,-0.7265625,0.92578125,-6.3125,7.375,-1.5390625,0.17578125,-0.611328125,-0.6015625
4838,48349091,48649091,0.736938477,-0.173339844,-0.535827637,0.373901367,-1.140625,-0.5390625,0.4921875,-6.40625,7.3046875,-1.4921875,0.17578125,-0.611328125,-0.6015625
4839,48361788,48661788,0.735778809,-0.172485352,-0.539855957,0.370666504,-1.140625,-0.5390625,0.4921875,-6.40625,7.3046875,-1.4921875,0.1484375,-0.8203125,-0.783203125
4840,48370615,48670615,0.734436035,-0.171508789,-0.544494629,0.367126465,-1.36328125,-0.24609375,0.76953125,-6.53125,7.203125,-1.421875,0.1484375,-0.8203125,-0.783203125
4841,48386246,48686246,0.732849121,-0.170227051,-0.549621582,0.36315918,-1.36328125,-0.24609375,0.76953125,-6.53125,7.203125,-1.421875,0.154296875,-1.0234375,-0.984375
4842,48390458,48690458,0.731018066,-0.168823242,-0.555236816,0.358886719,-1.46484375,-0.390625,1.01171875,-6.6953125,7.078125,-1.3203125,0.154296875,-1.0234375,-0.984375
4843,48401495,48701495,0.729064941,-0.167175293,-0.561096191,0.354492188,-1.46484375,-0.390625,1.01171875,-6.6953125,7.078125,-1.3203125,0.099609375,-1.14648438,-1.13476562
4844,48408194,48708194,0.726989746,-0.165283203,-0.567260742,0.349853516,-1.37109375,-0.5078125,1.18359375,-6.8671875,6.9296875,-1.1875,0.099609375,-1.14648438,-1.13476562
4845,48426205,48726205,0.72479248,-0.163269043,-0.573608398,0.344970703,-1.37109375,-0.5078125,1.18359375,-6.8671875,6.9296875,-1.1875,0.123046875,-1.1875,-1.23046875
4846,48430339,48730339,0.722595215,-0.161193848,-0.57989502,0.33996582,-1.17578125,-0.4140625,0.9609375,-7.0625,6.7578125,-1.0390625,0.123046875,-1.1875,-1.23046875
4847,48441289,48741289,0.720458984,-0.159057617,-0.585998535,0.335021973,-1.17578125,-0.4140625,0.9609375,-7.0625,6.7578125,-1.0390625,0.1171875,-1.14648438,-1.23632812
4848,48449967,48749967,0.718322754,-0.156860352,-0.592041016,0.33001709,-0.86328125,0.1875,0.56640625,-7.2578125,6.578125,-0.875,0.1171875,-1.14648438,-1.23632812
4849,48463652,48763652,0.716125488,-0.154846191,-0.598022461,0.324951172,-0.86328125,0.1875,0.56640625,-7.2578125,6.578125,-0.875,0.193359375,-1.17578125,-1.19726562
4850,48467398,48767398,0.713867188,-0.153198242,-0.603820801,0.319885254,-0.9140625,0.453125,-0.34765625,-7.4375,6.390625,-0.7265625,0.193359375,-1.17578125,-1.19726562
4851,48481063,48781063,0.711303711,-0.151489258,-0.610107422,0.31439209,-0.9140625,0.453125,-0.34765625,-7.4375,6.390625,-0.7265625,0.201171875,-1.2421875,-1.17578125
4852,48487048,48787048,0.708435059,-0.150085449,-0.616516113,0.309082031,-0.97265625,1.13671875,-0.4296875,-7.609375,6.203125,-0.5703125,0.201171875,-1.2421875,-1.17578125
4853,48504981,48804981,0.704772949,-0.149414062,-0.623474121,0.303771973,-0.97265625,1.13671875,-0.4296875,-7.609375,6.203125,-0.5703125,0.25,-1.67773438,-1.01367188
4854,48509111,48809111,0.700439453,-0.149475098,-0.63067627,0.29876709,-0.3203125,0.97265625,-0.8984375,-7.765625,6.0234375,-0.3671875,0.25,-1.67773438,-1.01367188
4855,48521980,48821980,0.695922852,-0.149719238,-0.637756348,0.294311523,-0.3203125,0.97265625,-0.8984375,-7.765625,6.0234375,-0.3671875,0.11328125,-1.62109375,-0.76953125
4856,48530600,48830600,0.69152832,-0.149536133,-0.644287109,0.290344238,0.1796875,0.98828125,0.0078125,-7.8828125,5.890625,-0.125,0.11328125,-1.62109375,-0.76953125
4857,48544796,48844796,0.687561035,-0.149230957,-0.65020752,0.286682129,0.1796875,0.98828125,0.0078125,-7.8828125,5.890625,-0.125,0.091796875,-1.47265625,-0.755859375
4858,48548831,48848831,0.68347168,-0.149414062,-0.65625,0.282714844,-0.65234375,0.73046875,-1.56640625,-7.96875,5.765625,0.109375,0.091796875,-1.47265625,-0.755859375
4859,48560612,48860612,0.678894043,-0.150390625,-0.662658691,0.278137207,-0.65234375,0.73046875,-1.56640625,-7.96875,5.765625,0.109375,0.36328125,-1.66601562,-0.626953125
4860,48567536,48867536,0.674316406,-0.152282715,-0.668823242,0.2734375,-0.22265625,-0.0390625,-1.1796875,-8.0546875,5.65625,0.3359375,0.36328125,-1.66601562,-0.626953125
4861,48583439,48883439,0.66998291,-0.154846191,-0.674560547,0.268615723,-0.22265625,-0.0390625,-1.1796875,-8.0546875,5.65625,0.3359375,0.66796875,-1.62695312,-0.4375
4862,48587050,48887050,0.66595459,-0.157958984,-0.6796875,0.263671875,0.0078125,-0.14453125,-0.86328125,-8.09375,5.5703125,0.5546875,0.66796875,-1.62695312,-0.4375
4863,48599745,48899745,0.661987305,-0.161621094,-0.684875488,0.258117676,0.0078125,-0.14453125,-0.86328125,-8.09375,5.5703125,0.5546875,0.90234375,-1.52148438,-0.376953125
4864,48613375,48913375,0.65826416,-0.165649414,-0.689575195,0.252441406,0.34765625,-0.16796875,-1.140625,-8.125,5.515625,0.71875,0.90234375,-1.52148438,-0.376953125
4865,48624249,48924249,0.654785156,-0.16973877,-0.693847656,0.246948242,0.34765625,-0.16796875,-1.140625,-8.125,5.515625,0.71875,1.04882812,-1.50585938,-0.32421875
4866,48628618,48928618,0.651062012,-0.174194336,-0.698303223,0.241149902,0.171875,-0.3203125,-1.3984375,-8.140625,5.4765625,0.859375,1.04882812,-1.50585938,-0.32421875
4867,48640194,48940194,0.647094727,-0.178649902,-0.702758789,0.235534668,0.171875,-0.3203125,-1.3984375,-8.140625,5.4765625,0.859375,0.87890625,-1.44726562,-0.248046875
4868,48647110,48947110,0.643310547,-0.182312012,-0.70690918,0.230773926,0.29296875,0.74609375,-0.42578125,-8.1484375,5.4453125,1,0.87890625,-1.44726562,-0.248046875
4869,48662877,48962877,0.639526367,-0.185546875,-0.710876465,0.226379395,0.29296875,0.74609375,-0.42578125,-8.1484375,5.4453125,1,0.6875,-1.34375,-0.25
4870,48666501,48966501,0.635925293,-0.188598633,-0.714599609,0.222106934,0.6015625,0.5390625,-0.56640625,-8.1484375,5.421875,1.140625,0.6875,-1.34375,-0.25
4871,48680448,48980448,0.632202148,-0.192077637,-0.718505859,0.217285156,0.6015625,0.5390625,-0.56640625,-8.1484375,5.421875,1.140625,0.818359375,-1.31640625,-0.263671875
4872,48689814,48989814,0.628601074,-0.195861816,-0.722106934,0.212280273,0.6015625,-0.2421875,-0.25,-8.1484375,5.3984375,1.28125,0.818359375,-1.31640625,-0.263671875
4873,48704069,49004069,0.625183105,-0.199951172,-0.725341797,0.207397461,0.6015625,-0.2421875,-0.25,-8.1484375,5.3984375,1.28125,0.97265625,-1.27929688,-0.169921875
4874,48707692,49007692,0.621887207,-0.204101562,-0.72833252,0.202758789,0.28515625,-0.33984375,-0.48046875,-8.140625,5.3828125,1.3984375,0.97265625,-1.27929688,-0.169921875
4875,48720842,49020842,0.618591309,-0.208190918,-0.731262207,0.198181152,0.28515625,-0.33984375,-0.48046875,-8.140625,5.3828125,1.3984375,0.837890625,-1.12695312,-0.103515625
4876,48727772,49027772,0.61529541,-0.211853027,-0.734008789,0.194274902,0.38671875,0.1171875,-0.5,-8.125,5.3828125,1.4921875,0.837890625,-1.12695312,-0.103515625
4877,48743887,49043887,0.612243652,-0.215026855,-0.736572266,0.190917969,0.38671875,0.1171875,-0.5,-8.125,5.3828125,1.4921875,0.623046875,-1,-0.052734375
4878,48748129,49048129,0.609313965,-0.218078613,-0.738830566,0.187927246,0.70703125,0.45703125,-0.9375,-8.1015625,5.390625,1.5859375,0.623046875,-1,-0.052734375
4879,48761277,49061277,0.606323242,-0.221740723,-0.741088867,0.184570312,0.70703125,0.45703125,-0.9375,-8.1015625,5.390625,1.5859375,0.76171875,-0.9609375,0.01171875
4880,48769841,49069841,0.60345459,-0.225585938,-0.743041992,0.181152344,0.59765625,0.2421875,-0.9453125,-8.0703125,5.4140625,1.671875,0.76171875,-0.9609375,0.01171875
4881,48785136,49085136,0.600646973,-0.229614258,-0.744934082,0.17779541,0.59765625,0.2421875,-0.9453125,-8.0703125,5.4140625,1.671875,0.82421875,-0.916015625,0.052734375
4882,48789141,49089141,0.597961426,-0.233520508,-0.746643066,0.174560547,0.63671875,0.0546875,-0.625,-8.03125,5.4453125,1.734375,0.82421875,-0.916015625,0.052734375
4883,48801495,49101495,0.595153809,-0.237426758,-0.748291016,0.171569824,0.63671875,0.0546875,-0.625,-8.03125,5.4453125,1.734375,0.75,-0.873046875,0.119140625
4884,48807224,49107224,0.592468262,-0.241149902,-0.74987793,0.168884277,0.3671875,0.28515625,-0.83984375,-7.9921875,5.484375,1.796875,0.75,-0.873046875,0.119140625
4885,48824636,49124636,0.58996582,-0.244506836,-0.751342773,0.166381836,0.3671875,0.28515625,-0.83984375,-7.9921875,5.484375,1.796875,0.60546875,-0.7421875,0.095703125
4886,48828669,49128669,0.58770752,-0.247375488,-0.752624512,0.16418457,0.44140625,0.8984375,-0.8515625,-7.953125,5.5234375,1.84375,0.60546875,-0.7421875,0.095703125
4887,48840270,49140270,0.585510254,-0.24987793,-0.75390625,0.162231445,0.44140625,0.8984375,-0.8515625,-7.953125,5.5234375,1.84375,0.416015625,-0.6171875,0.064453125
4888,48853684,49153684,0.583557129,-0.251953125,-0.755126953,0.160583496,0.7578125,0.90234375,-0.8671875,-7.921875,5.5546875,1.8984375,0.416015625,-0.6171875,0.064453125
4889,48864224,49164224,0.581848145,-0.25378418,-0.756103516,0.159240723,0.7578125,0.90234375,-0.8671875,-7.921875,5.5546875,1.8984375,0.34375,-0.470703125,0.056640625
4890,48868229,49168229,0.580444336,-0.255554199,-0.756896973,0.157897949,0.609375,0.4609375,-0.75390625,-7.890625,5.578125,1.9375,0.34375,-0.470703125,0.056640625
4891,48882322,49182322,0.579223633,-0.257324219,-0.757446289,0.156738281,0.609375,0.4609375,-0.75390625,-7.890625,5.578125,1.9375,0.30859375,-0.310546875,0.0859375
4892,48887104,49187104,0.578186035,-0.258789062,-0.757873535,0.155944824,0.6640625,0.3984375,-0.9765625,-7.8671875,5.6015625,1.96875,0.30859375,-0.310546875,0.0859375
4893,48904077,49204077,0.577392578,-0.259765625,-0.758239746,0.155517578,0.6640625,0.3984375,-0.9765625,-7.8671875,5.6015625,1.96875,0.11328125,-0.19140625,0.095703125
4894,48908233,49208233,0.576721191,-0.260437012,-0.758544922,0.155395508,0.5625,0.87109375,-0.9921875,-7.84375,5.625,1.984375,0.11328125,-0.19140625,0.095703125
4895,48919855,49219855,0.57623291,-0.260803223,-0.758789062,0.155395508,0.5625,0.87109375,-0.9921875,-7.84375,5.625,1.984375,0.015625,-0.07421875,0.056640625
4896,48934018,49234018,0.57598877,-0.260986328,-0.758911133,0.155517578,0.5546875,0.92578125,-0.9609375,-7.8359375,5.6484375,1.9921875,0.015625,-0.07421875,0.056640625
4897,48945218,49245218,0.576049805,-0.260864258,-0.758850098,0.155822754,0.5546875,0.92578125,-0.9609375,-7.8359375,5.6484375,1.9921875,-0.08203125,0.076171875,0.0390625
4898,48949374,49249374,0.57635498,-0.260437012,-0.758605957,0.156494141,0.88671875,0.58203125,-0.73046875,-7.8203125,5.6484375,1.9921875,-0.08203125,0.076171875,0.0390625
4899,48959669,49259669,0.577026367,-0.25970459,-0.758178711,0.157470703,0.88671875,0.58203125,-0.73046875,-7.8203125,5.6484375,1.9921875,-0.2109375,0.26953125,0.04296875
4900,48968559,49268559,0.577880859,-0.258666992,-0.757629395,0.158691406,0.9296875,0.54296875,-0.76171875,-7.828125,5.6484375,1.984375,-0.2109375,0.26953125,0.04296875
4901,48981945,49281945,0.579162598,-0.257202148,-0.756774902,0.160400391,0.9296875,0.54296875,-0.76171875,-7.828125,5.6484375,1.984375,-0.34375,0.435546875,0.052734375
4902,48987010,49287010,0.580505371,-0.255615234,-0.755859375,0.16217041,0.82421875,0.54296875,-0.84375,-7.8359375,5.6484375,1.953125,-0.34375,0.435546875,0.052734375
4903,48999908,49299908,0.582092285,-0.253723145,-0.754821777,0.164306641,0.82421875,0.54296875,-0.84375,-7.8359375,5.6484375,1.953125,-0.453125,0.560546875,0.05859375
4904,49014319,49314319,0.583862305,-0.251525879,-0.753662109,0.166687012,0.71875,0.65625,-0.7734375,-7.84375,5.6484375,1.921875,-0.453125,0.560546875,0.05859375
4905,49025256,49325256,0.585876465,-0.248901367,-0.752380371,0.169311523,0.71875,0.65625,-0.7734375,-7.84375,5.6484375,1.921875,-0.61328125,0.716796875,0.029296875
4906,49029003,49329003,0.588134766,-0.245910645,-0.750976562,0.172302246,0.7421875,0.58984375,-0.69140625,-7.8671875,5.640625,1.875,-0.61328125,0.716796875,0.029296875
4907,49042552,49342552,0.590637207,-0.242553711,-0.749328613,0.175537109,0.7421875,0.58984375,-0.69140625,-7.8671875,5.640625,1.875,-0.74609375,0.890625,0.037109375
4908,49047603,49347603,0.593383789,-0.239013672,-0.747436523,0.179016113,0.83203125,0.54296875,-0.671875,-7.8828125,5.609375,1.8203125,-0.74609375,0.890625,0.037109375
4909,49062983,49362983,0.596740723,-0.234985352,-0.745117188,0.183166504,0.83203125,0.54296875,-0.671875,-7.8828125,5.609375,1.8203125,-0.875,1.15429688,0.0859375
4910,49066729,49366729,0.600158691,-0.230957031,-0.742492676,0.187561035,0.98046875,0.4453125,-0.55859375,-7.9140625,5.59375,1.7421875,-0.875,1.15429688,0.0859375
4911,49083286,49383286,0.604187012,-0.226318359,-0.739257812,0.192932129,0.98046875,0.4453125,-0.55859375,-7.9140625,5.59375,1.7421875,-1.03320312,1.4296875,0.20703125
4912,49091633,49391633,0.608215332,-0.221862793,-0.735839844,0.198486328,0.93359375,0.52734375,-0.65625,-7.9453125,5.5859375,1.6484375,-1.03320312,1.4296875,0.20703125
4913,49104368,49404368,0.612854004,-0.216918945,-0.731689453,0.20489502,0.93359375,0.52734375,-0.65625,-7.9453125,5.5859375,1.6484375,-1.09570312,1.609375,0.326171875
4914,49108428,49408428,0.61706543,-0.212524414,-0.727722168,0.2109375,0.75,0.62890625,-1.09765625,-7.953125,5.6015625,1.515625,-1.09570312,1.609375,0.326171875
4915,49122089,49422089,0.621704102,-0.207641602,-0.723144531,0.217773438,0.75,0.62890625,-1.09765625,-7.953125,5.6015625,1.515625,-1.09960938,1.671875,0.373046875
4916,49128079,49428079,0.625915527,-0.20324707,-0.718811035,0.223999023,0.4140625,0.796875,-1.23046875,-7.9609375,5.625,1.3828125,-1.09960938,1.671875,0.373046875
4917,49144559,49444559,0.630493164,-0.198364258,-0.713989258,0.230957031,0.4140625,0.796875,-1.23046875,-7.9609375,5.625,1.3828125,-1.13085938,1.68554688,0.408203125
4918,49148371,49448371,0.63458252,-0.193847656,-0.709472656,0.237426758,0.13671875,1.1796875,-1.3125,-7.953125,5.6640625,1.234375,-1.13085938,1.68554688,0.408203125
4919,49162844,49462844,0.639160156,-0.188781738,-0.704284668,0.244567871,0.13671875,1.1796875,-1.3125,-7.953125,5.6640625,1.234375,-1.14453125,1.765625,0.427734375
4920,49171506,49471506,0.643432617,-0.184326172,-0.699279785,0.251098633,0.20703125,0.90234375,-1.2421875,-7.9453125,5.7109375,1.0859375,-1.14453125,1.765625,0.427734375
4921,49183698,49483698,0.648071289,-0.179992676,-0.693481445,0.258178711,0.20703125,0.90234375,-1.2421875,-7.9453125,5.7109375,1.0859375,-0.990234375,1.81835938,0.572265625
4922,49187365,49487365,0.65246582,-0.176513672,-0.687805176,0.264648438,0.52734375,0.2734375,-1.34375,-7.921875,5.765625,0.921875,-0.990234375,1.81835938,0.572265625
4923,49203040,49503040,0.657287598,-0.173400879,-0.681274414,0.27154541,0.52734375,0.2734375,-1.34375,-7.921875,5.765625,0.921875,-0.748046875,1.78320312,0.705078125
4924,49206657,49506657,0.661499023,-0.171203613,-0.675354004,0.27746582,0.01171875,0.0234375,-1.3046875,-7.8671875,5.859375,0.7265625,-0.748046875,1.78320312,0.705078125
4925,49222684,49522684,0.66583252,-0.169616699,-0.669067383,0.28338623,0.01171875,0.0234375,-1.3046875,-7.8671875,5.859375,0.7265625,-0.453125,1.6171875,0.775390625
4926,49227505,49527505,0.669677734,-0.168762207,-0.663208008,0.288391113,-0.01953125,-0.19921875,-1.14453125,-7.796875,5.96875,0.53125,-0.453125,1.6171875,0.775390625
4927,49242356,49542356,0.67364502,-0.168395996,-0.657287598,0.29296875,-0.01953125,-0.19921875,-1.14453125,-7.796875,5.96875,0.53125,-0.15625,1.39648438,0.7109375
4928,49250517,49550517,0.677246094,-0.168395996,-0.651916504,0.296691895,-0.90234375,-0.0546875,-1.01953125,-7.71875,6.09375,0.328125,-0.15625,1.39648438,0.7109375
4929,49264259,49564259,0.681152344,-0.168457031,-0.646057129,0.300415039,-0.90234375,-0.0546875,-1.01953125,-7.71875,6.09375,0.328125,-0.05078125,1.38671875,0.6953125
4930,49267877,49567877,0.684936523,-0.168640137,-0.640380859,0.303955078,-0.48828125,-0.5390625,-0.203125,-7.6328125,6.1953125,0.125,-0.05078125,1.38671875,0.6953125
4931,49280966,49580966,0.688903809,-0.168640137,-0.634216309,0.307800293,-0.48828125,-0.5390625,-0.203125,-7.6328125,6.1953125,0.125,-0.09765625,1.43164062,0.705078125
4932,49288319,49588319,0.692443848,-0.168518066,-0.628540039,0.311584473,-0.19921875,-0.3515625,0.0078125,-7.5390625,6.3125,-0.0859375,-0.09765625,1.43164062,0.705078125
4933,49301646,49601646,0.696105957,-0.168212891,-0.622253418,0.316162109,-0.19921875,-0.3515625,0.0078125,-7.5390625,6.3125,-0.0859375,-0.248046875,1.41992188,0.775390625
4934,49307107,49607107,0.699279785,-0.16784668,-0.616394043,0.320739746,-0.1796875,0.18359375,0.05859375,-7.4453125,6.4296875,-0.2890625,-0.248046875,1.41992188,0.775390625
4935,49322395,49622395,0.702087402,-0.167602539,-0.610778809,0.325500488,-0.1796875,0.18359375,0.05859375,-7.4453125,6.4296875,-0.2890625,-0.3203125,1.22070312,0.80078125
4936,49331184,49631184,0.704406738,-0.167724609,-0.605712891,0.329833984,-0.95703125,-0.15625,0.0234375,-7.3203125,6.5390625,-0.4453125,-0.3203125,1.22070312,0.80078125
4937,49342729,49642729,0.706298828,-0.168334961,-0.601379395,0.333496094,-0.95703125,-0.15625,0.0234375,-7.3203125,6.5390625,-0.4453125,-0.126953125,0.830078125,0.7109375
4938,49347542,49647542,0.707824707,-0.169128418,-0.597717285,0.336303711,-1.5234375,-0.6640625,0.33984375,-7.2109375,6.6640625,-0.5703125,-0.126953125,0.830078125,0.7109375
4939,49361655,49661655,0.709533691,-0.169921875,-0.593994141,0.338928223,-1.5234375,-0.6640625,0.33984375,-7.2109375,6.6640625,-0.5703125,-0.044921875,0.7265625,0.564453125
4940,49369926,49669926,0.711120605,-0.170410156,-0.590454102,0.341491699,-1.3515625,-0.59765625,1.20703125,-7.1171875,6.75,-0.671875,-0.044921875,0.7265625,0.564453125
4941,49381394,49681394,0.712768555,-0.170654297,-0.587036133,0.343933105,-1.3515625,-0.59765625,1.20703125,-7.1171875,6.75,-0.671875,-0.10546875,0.76171875,0.494140625
4942,49387712,49687712,0.714355469,-0.170715332,-0.583618164,0.346313477,-0.86328125,0.20703125,0.49609375,-7.03125,6.828125,-0.765625,-0.10546875,0.76171875,0.494140625
4943,49400925,49700925,0.716003418,-0.170288086,-0.57989502,0.349304199,-0.86328125,0.20703125,0.49609375,-7.03125,6.828125,-0.765625,-0.318359375,0.873046875,0.46875
4944,49412952,49712952,0.717529297,-0.169250488,-0.57611084,0.353088379,-0.44140625,0.6328125,0.12109375,-6.953125,6.8984375,-0.8515625,-0.318359375,0.873046875,0.46875
4945,49424668,49724668,0.718566895,-0.167663574,-0.57244873,0.357543945,-0.44140625,0.6328125,0.12109375,-6.953125,6.8984375,-0.8515625,-0.76953125,0.9609375,0.521484375
4946,49429222,49729222,0.719543457,-0.165771484,-0.568725586,0.362487793,-0.10546875,0.74609375,0.09765625,-6.8671875,6.9765625,-0.90625,-0.76953125,0.9609375,0.521484375
4947,49442126,49742126,0.720703125,-0.164550781,-0.564880371,0.366699219,-0.10546875,0.74609375,0.09765625,-6.8671875,6.9765625,-0.90625,-0.318359375,0.798828125,0.5
4948,49446923,49746923,0.722229004,-0.164916992,-0.561462402,0.368652344,-1.50390625,-1.8203125,0.03125,-6.7734375,7.0546875,-0.953125,-0.318359375,0.798828125,0.5
4949,49461663,49761663,0.724182129,-0.166687012,-0.558654785,0.368286133,-1.50390625,-1.8203125,0.03125,-6.7734375,7.0546875,-0.953125,0.689453125,0.357421875,0.27734375
4950,49467661,49767661,0.726379395,-0.169128418,-0.55657959,0.366088867,-2.953125,-2.49609375,0.9921875,-6.703125,7.1171875,-1.0703125,0.689453125,0.357421875,0.27734375
4951,49481774,49781774,0.72857666,-0.171386719,-0.554992676,0.363037109,-2.953125,-2.49609375,0.9921875,-6.703125,7.1171875,-1.0703125,0.90234375,0.212890625,-0.0625
4952,49490249,49790249,0.730957031,-0.172546387,-0.553283691,0.360290527,-0.90625,-0.99609375,1.40625,-6.6796875,7.109375,-1.21875,0.90234375,0.212890625,-0.0625
4953,49504316,49804316,0.733032227,-0.17199707,-0.551269531,0.359313965,-0.90625,-0.99609375,1.40625,-6.6796875,7.109375,-1.21875,0.005859375,0.640625,-0.111328125
4954,49507978,49807978,0.734558105,-0.170043945,-0.549194336,0.360473633,0.171875,0.140625,1.42578125,-6.6875,7.0859375,-1.3515625,0.005859375,0.640625,-0.111328125
4955,49522431,49822431,0.735717773,-0.167724609,-0.546875,0.362670898,0.171875,0.140625,1.42578125,-6.6875,7.0859375,-1.3515625,-0.390625,0.65625,0.0859375
4956,49527225,49827225,0.73651123,-0.166137695,-0.544921875,0.364746094,-0.9921875,-0.328125,-0.59765625,-6.671875,7.09375,-1.3984375,-0.390625,0.65625,0.0859375
4957,49542812,49842812,0.736755371,-0.165283203,-0.543884277,0.366149902,-0.9921875,-0.328125,-0.59765625,-6.671875,7.09375,-1.3984375,-0.171875,0.166015625,0.08984375
4958,49547638,49847638,0.736877441,-0.165100098,-0.543457031,0.366699219,-1.58984375,-0.796875,0.80078125,-6.6484375,7.1015625,-1.4140625,-0.171875,0.166015625,0.08984375
4959,49561710,49861710,0.737304688,-0.165161133,-0.54309082,0.366333008,-1.58984375,-0.796875,0.80078125,-6.6484375,7.1015625,-1.4140625,0.193359375,0.115234375,-0.056640625
4960,49570093,49870093,0.738342285,-0.165161133,-0.542236328,0.36541748,-0.59375,-0.49609375,1.80078125,-6.6484375,7.109375,-1.421875,0.193359375,0.115234375,-0.056640625
4961,49584336,49884336,0.739929199,-0.164794922,-0.540893555,0.364379883,-0.59375,-0.49609375,1.80078125,-6.6484375,7.109375,-1.421875,0.28125,0.44921875,-0.142578125
4962,49588716,49888716,0.741760254,-0.164123535,-0.539123535,0.363525391,-0.43359375,0.0625,1.078125,-6.65625,7.0859375,-1.5,0.28125,0.44921875,-0.142578125
4963,49601974,49901974,0.743652344,-0.163146973,-0.53717041,0.363037109,-0.43359375,0.0625,1.078125,-6.65625,7.0859375,-1.5,0.1171875,0.537109375,-0.109375
4964,49608998,49908998,0.745300293,-0.16204834,-0.535400391,0.362854004,-0.27734375,0.046875,-0.09375,-6.65625,7.0625,-1.59375,0.1171875,0.537109375,-0.109375
4965,49620850,49920850,0.746398926,-0.161193848,-0.534057617,0.362976074,-0.27734375,0.046875,-0.09375,-6.65625,7.0625,-1.59375,-0.01171875,0.3125,-0.05078125
4966,49627515,49927515,0.747009277,-0.160522461,-0.533203125,0.36315918,-0.39453125,-0.3203125,-0.30078125,-6.65625,7.046875,-1.65625,-0.01171875,0.3125,-0.05078125
4967,49643794,49943794,0.747375488,-0.159973145,-0.532714844,0.36340332,-0.39453125,-0.3203125,-0.30078125,-6.65625,7.046875,-1.65625,-0.03125,0.103515625,-0.03515625
4968,49652497,49952497,0.747619629,-0.159790039,-0.532470703,0.363342285,-0.625,-0.65625,0.14453125,-6.65625,7.0390625,-1.6796875,-0.03125,0.103515625,-0.03515625
4969,49664796,49964796,0.747802734,-0.159851074,-0.532470703,0.362976074,-0.625,-0.65625,0.14453125,-6.65625,7.0390625,-1.6796875,0.12109375,-0.03125,-0.0390625
4970,49668836,49968836,0.747924805,-0.160217285,-0.532592773,0.362243652,-0.73828125,-0.609375,0.421875,-6.65625,7.03125,-1.6875,0.12109375,-0.03125,-0.0390625
4971,49681262,49981262,0.748168945,-0.160827637,-0.532836914,0.36126709,-0.73828125,-0.609375,0.421875,-6.65625,7.03125,-1.6875,0.2109375,-0.095703125,-0.05859375
4972,49687432,49987432,0.748291016,-0.161315918,-0.53314209,0.360229492,-0.5625,-0.10546875,0.7421875,-6.6796875,7.0234375,-1.703125,0.2109375,-0.095703125,-0.05859375
4973,49701152,50001152,0.748413086,-0.161682129,-0.533691406,0.359069824,-0.5625,-0.10546875,0.7421875,-6.6796875,7.0234375,-1.703125,0.201171875,-0.16015625,-0.126953125
4974,49709287,50009287,0.748413086,-0.162109375,-0.534484863,0.357666016,-0.77734375,-0.234375,0.7109375,-6.6953125,7,-1.7109375,0.201171875,-0.16015625,-0.126953125
4975,49722080,50022080,0.748291016,-0.162475586,-0.535705566,0.355957031,-0.77734375,-0.234375,0.7109375,-6.6953125,7,-1.7109375,0.275390625,-0.330078125,-0.2421875
4976,49730473,50030473,0.74798584,-0.162841797,-0.537353516,0.353820801,-1.08984375,-0.96875,0.98828125,-6.7265625,6.96875,-1.71875,0.275390625,-0.330078125,-0.2421875
4977,49744504,50044504,0.747558594,-0.162963867,-0.539489746,0.35144043,-1.08984375,-0.96875,0.98828125,-6.7265625,6.96875,-1.71875,0.26171875,-0.478515625,-0.42578125
4978,49748821,50048821,0.747009277,-0.162719727,-0.541931152,0.348999023,-1.09765625,-1.09765625,1.2734375,-6.796875,6.90625,-1.6953125,0.26171875,-0.478515625,-0.42578125
4979,49761193,50061193,0.746276855,-0.162109375,-0.54498291,0.346191406,-1.09765625,-1.09765625,1.2734375,-6.796875,6.90625,-1.6953125,0.16796875,-0.58984375,-0.607421875
4980,49767357,50067357,0.745361328,-0.161193848,-0.548278809,0.343322754,-1.203125,-1.25,1.15625,-6.8828125,6.828125,-1.65625,0.16796875,-0.58984375,-0.607421875
4981,49783143,50083143,0.744262695,-0.16003418,-0.551818848,0.340515137,-1.203125,-1.25,1.15625,-6.8828125,6.828125,-1.65625,0.08203125,-0.693359375,-0.724609375
4982,49786760,50086760,0.743041992,-0.158752441,-0.555480957,0.33782959,-1.16015625,-1.078125,0.95703125,-7,6.734375,-1.5703125,0.08203125,-0.693359375,-0.724609375
4983,49801658,50101658,0.741516113,-0.157165527,-0.559692383,0.335021973,-1.16015625,-1.078125,0.95703125,-7,6.734375,-1.5703125,-0.044921875,-0.763671875,-0.724609375
4984,49810493,50110493,0.739746094,-0.155700684,-0.563781738,0.332641602,-0.61328125,-0.203125,0.625,-7.125,6.625,-1.46875,-0.044921875,-0.763671875,-0.724609375
4985,49822768,50122768,0.737792969,-0.154541016,-0.567993164,0.330444336,-0.61328125,-0.203125,0.625,-7.125,6.625,-1.46875,-0.05078125,-0.85546875,-0.615234375
4986,49827042,50127042,0.735839844,-0.153747559,-0.571960449,0.32824707,-0.34375,0.28125,0.078125,-7.2421875,6.5234375,-1.34375,-0.05078125,-0.85546875,-0.615234375
4987,49841889,50141889,0.733886719,-0.153076172,-0.576171875,0.325622559,-0.34375,0.28125,0.078125,-7.2421875,6.5234375,-1.34375,0.07421875,-0.84375,-0.609375
4988,49849209,50149209,0.732116699,-0.152282715,-0.58001709,0.323059082,-0.2421875,0.48828125,0.06640625,-7.34375,6.4296875,-1.21875,0.07421875,-0.84375,-0.609375
4989,49861309,50161309,0.73034668,-0.151062012,-0.58404541,0.32043457,-0.2421875,0.48828125,0.06640625,-7.34375,6.4296875,-1.21875,-0.033203125,-0.77734375,-0.693359375
4990,49869271,50169271,0.728515625,-0.149536133,-0.588012695,0.317993164,-0.32421875,0.8125,0.1015625,-7.453125,6.3359375,-1.1015625,-0.033203125,-0.77734375,-0.693359375
4991,49882455,50182455,0.7265625,-0.147888184,-0.592346191,0.315246582,-0.32421875,0.8125,0.1015625,-7.453125,6.3359375,-1.1015625,-0.03125,-0.8359375,-0.77734375
4992,49891868,50191868,0.724609375,-0.146484375,-0.596740723,0.312072754,-0.3671875,0.26953125,-0.7578125,-7.5625,6.2265625,-0.96875,-0.03125,-0.8359375,-0.77734375
4993,49904606,50204606,0.722839355,-0.145446777,-0.601074219,0.308349609,-0.3671875,0.26953125,-0.7578125,-7.5625,6.2265625,-0.96875,0.232421875,-0.904296875,-0.814453125
4994,49908658,50208658,0.721191406,-0.144775391,-0.605163574,0.304504395,-0.25,-0.02734375,-0.68359375,-7.6796875,6.1015625,-0.8515625,0.232421875,-0.904296875,-0.814453125
4995,49923122,50223122,0.719543457,-0.14440918,-0.609375,0.300109863,-0.25,-0.02734375,-0.68359375,-7.6796875,6.1015625,-0.8515625,0.3984375,-0.87109375,-0.740234375
4996,49926730,50226730,0.718017578,-0.144592285,-0.613220215,0.295837402,-0.5546875,-0.5078125,-0.70703125,-7.796875,5.96875,-0.75,0.3984375,-0.87109375,-0.740234375
4997,49942025,50242025,0.716186523,-0.145629883,-0.617370605,0.291015625,-0.5546875,-0.5078125,-0.70703125,-7.796875,5.96875,-0.75,0.62109375,-1.03710938,-0.576171875
4998,49949349,50249349,0.714233398,-0.147338867,-0.621582031,0.286071777,-0.46875,-0.43359375,-0.75390625,-7.8828125,5.859375,-0.6640625,0.62109375,-1.03710938,-0.576171875
4999,49962925,50262925,0.712219238,-0.149658203,-0.625671387,0.280944824,-0.46875,-0.43359375,-0.75390625,-7.8828125,5.859375,-0.6640625,0.822265625,-1.13476562,-0.4375
5000,49971859,50271859,0.710205078,-0.15222168,-0.629455566,0.276062012,0.03125,0.00390625,-0.58203125,-7.9609375,5.765625,-0.5703125,0.822265625,-1.13476562,-0.4375
5001,49984427,50284427,0.707946777,-0.155212402,-0.633483887,0.270935059,0.03125,0.00390625,-0.58203125,-7.9609375,5.765625,-0.5703125,0.84375,-1.140625,-0.353515625
5002,49989130,50289130,0.705810547,-0.158081055,-0.637207031,0.266113281,0.16015625,0.41796875,-0.55078125,-8.015625,5.6953125,-0.484375,0.84375,-1.140625,-0.353515625
5003,50002241,50302241,0.703552246,-0.161010742,-0.640930176,0.261291504,0.16015625,0.41796875,-0.55078125,-8.015625,5.6953125,-0.484375,0.744140625,-1.06445312,-0.306640625
5004,50008230,50308230,0.701416016,-0.163513184,-0.644287109,0.257202148,0.7578125,0.7890625,-0.22265625,-8.078125,5.6328125,-0.390625,0.744140625,-1.06445312,-0.306640625
5005,50022373,50322373,0.69921875,-0.166015625,-0.647521973,0.253601074,0.7578125,0.7890625,-0.22265625,-8.078125,5.6328125,-0.390625,0.564453125,-0.951171875,-0.16015625
5006,50029155,50329155,0.696838379,-0.168579102,-0.650634766,0.250305176,0.5625,0.56640625,-0.15625,-8.109375,5.5859375,-0.3046875,0.564453125,-0.951171875,-0.16015625
5007,50043052,50343052,0.694458008,-0.171142578,-0.653686523,0.247192383,0.5625,0.56640625,-0.15625,-8.109375,5.5859375,-0.3046875,0.572265625,-0.970703125,-0.115234375
5008,50051630,50351630,0.692199707,-0.17376709,-0.656494141,0.244140625,-0.11328125,0.12890625,-0.25,-8.125,5.5625,-0.2109375,0.572265625,-0.970703125,-0.115234375
5009,50063264,50363264,0.689758301,-0.176818848,-0.659484863,0.240905762,-0.11328125,0.12890625,-0.25,-8.125,5.5625,-0.2109375,0.595703125,-0.958984375,-0.044921875
5010,50067015,50367015,0.687438965,-0.17980957,-0.66217041,0.237976074,-0.13671875,-0.0078125,-0.3046875,-8.140625,5.546875,-0.1171875,0.595703125,-0.958984375,-0.044921875
5011,50081371,50381371,0.684936523,-0.183288574,-0.664916992,0.234802246,-0.13671875,-0.0078125,-0.3046875,-8.140625,5.546875,-0.1171875,0.703125,-1.00585938,0.0546875
5012,50089047,50389047,0.682250977,-0.187255859,-0.667724609,0.231567383,-0.25,-0.15234375,-0.8515625,-8.140625,5.5390625,-0.03125,0.703125,-1.00585938,0.0546875
5013,50102515,50402515,0.679382324,-0.19152832,-0.670593262,0.228210449,-0.25,-0.15234375,-0.8515625,-8.140625,5.5390625,-0.03125,0.802734375,-1.10351562,0.13671875
5014,50108966,50408966,0.676391602,-0.195861816,-0.673400879,0.224975586,0.31640625,0.359375,-0.1015625,-8.1328125,5.5625,0.0625,0.802734375,-1.10351562,0.13671875
5015,50122874,50422874,0.673522949,-0.200073242,-0.676086426,0.221923828,0.31640625,0.359375,-0.1015625,-8.1328125,5.5625,0.0625,0.744140625,-1.05078125,0.162109375
5016,50131984,50431984,0.670715332,-0.204162598,-0.678588867,0.218994141,-0.00390625,0.18359375,-0.2734375,-8.1171875,5.5859375,0.15625,0.744140625,-1.05078125,0.162109375
5017,50143048,50443048,0.667663574,-0.208862305,-0.681274414,0.215637207,-0.00390625,0.18359375,-0.2734375,-8.1171875,5.5859375,0.15625,0.83203125,-1.08007812,0.1953125
5018,50146795,50446795,0.664733887,-0.213317871,-0.683654785,0.212646484,-0.02734375,0.15234375,0.29296875,-8.09375,5.6171875,0.2421875,0.83203125,-1.08007812,0.1953125
5019,50162506,50462506,0.661682129,-0.218017578,-0.686096191,0.209594727,-0.02734375,0.15234375,0.29296875,-8.09375,5.6171875,0.2421875,0.75390625,-1,0.234375
5020,50169597,50469597,0.658874512,-0.222167969,-0.688232422,0.206970215,-0.0234375,0.07421875,0.10546875,-8.0625,5.65625,0.3125,0.75390625,-1,0.234375
5021,50185216,50485216,0.65612793,-0.226135254,-0.690307617,0.204467773,-0.0234375,0.07421875,0.10546875,-8.0625,5.65625,0.3125,0.6484375,-0.921875,0.228515625
5022,50189390,50489390,0.653198242,-0.230163574,-0.692443848,0.202087402,-0.28125,0.48828125,-0.125,-8.03125,5.703125,0.390625,0.6484375,-0.921875,0.228515625
5023,50202355,50502355,0.65032959,-0.234069824,-0.694519043,0.199829102,-0.28125,0.48828125,-0.125,-8.03125,5.703125,0.390625,0.6015625,-0.916015625,0.240234375
5024,50211340,50511340,0.647521973,-0.237731934,-0.696533203,0.197753906,-0.0078125,0.49609375,-0.31640625,-8,5.734375,0.46875,0.6015625,-0.916015625,0.240234375
5025,50222978,50522978,0.644897461,-0.241088867,-0.698303223,0.195861816,-0.0078125,0.49609375,-0.31640625,-8,5.734375,0.46875,0.541015625,-0.828125,0.25
5026,50229373,50529373,0.642272949,-0.244506836,-0.700012207,0.194152832,0.49609375,0.171875,-0.359375,-7.96875,5.7890625,0.546875,0.541015625,-0.828125,0.25
5027,50242319,50542319,0.639831543,-0.247802734,-0.701477051,0.192687988,0.49609375,0.171875,-0.359375,-7.96875,5.7890625,0.546875,0.4375,-0.66796875,0.28515625
5028,50248309,50548309,0.637573242,-0.250915527,-0.702758789,0.19152832,0.8046875,0.125,-0.57421875,-7.9296875,5.8359375,0.609375,0.4375,-0.66796875,0.28515625
5029,50262517,50562517,0.635620117,-0.254089355,-0.703674316,0.190429688,0.8046875,0.125,-0.57421875,-7.9296875,5.8359375,0.609375,0.4609375,-0.51953125,0.33203125
5030,50269485,50569485,0.633972168,-0.257080078,-0.704284668,0.18963623,0.71875,0.109375,-0.58203125,-7.8828125,5.890625,0.65625,0.4609375,-0.51953125,0.33203125
5031,50282096,50582096,0.632568359,-0.25994873,-0.704650879,0.189086914,0.71875,0.109375,-0.58203125,-7.8828125,5.890625,0.65625,0.365234375,-0.341796875,0.353515625
5032,50290627,50590627,0.631347656,-0.262512207,-0.70489502,0.188842773,0.9765625,0.50390625,-0.75,-7.8359375,5.953125,0.671875,0.365234375,-0.341796875,0.353515625
5033,50302515,50602515,0.630310059,-0.264526367,-0.70501709,0.188842773,0.9765625,0.50390625,-0.75,-7.8359375,5.953125,0.671875,0.220703125,-0.201171875,0.28125
5034,50308954,50608954,0.629516602,-0.266174316,-0.705078125,0.188842773,0.74609375,0.71875,-1.06640625,-7.796875,6.0078125,0.6796875,0.220703125,-0.201171875,0.28125
5035,50320545,50620545,0.62890625,-0.267456055,-0.70513916,0.188903809,0.74609375,0.71875,-1.06640625,-7.796875,6.0078125,0.6796875,0.123046875,-0.11328125,0.193359375
5036,50329462,50629462,0.628479004,-0.268554688,-0.70513916,0.189025879,0.8671875,0.53515625,-0.98828125,-7.765625,6.0390625,0.6796875,0.123046875,-0.11328125,0.193359375
5037,50341350,50641350,0.628234863,-0.26940918,-0.704956055,0.189208984,0.8671875,0.53515625,-0.98828125,-7.765625,6.0390625,0.6796875,0.103515625,0.0078125,0.134765625
5038,50349090,50649090,0.628295898,-0.270019531,-0.704589844,0.189453125,0.76953125,0.2734375,-0.859375,-7.7421875,6.0703125,0.6640625,0.103515625,0.0078125,0.134765625
5039,50365153,50665153,0.628662109,-0.270324707,-0.704040527,0.189880371,0.76953125,0.2734375,-0.859375,-7.7421875,6.0703125,0.6640625,-0.01171875,0.169921875,0.0859375
5040,50373224,50673224,0.629211426,-0.270202637,-0.703430176,0.190490723,0.72265625,0.25,-0.71875,-7.734375,6.09375,0.640625,-0.01171875,0.169921875,0.0859375
5041,50385449,50685449,0.630004883,-0.26965332,-0.702697754,0.19128418,0.72265625,0.25,-0.71875,-7.734375,6.09375,0.640625,-0.14453125,0.3046875,0.015625
5042,50390309,50690309,0.63104248,-0.268676758,-0.701843262,0.192321777,0.63671875,0.51953125,-0.65625,-7.7265625,6.09375,0.6171875,-0.14453125,0.3046875,0.015625
5043,50400805,50700805,0.632324219,-0.267333984,-0.700927734,0.19342041,0.63671875,0.51953125,-0.65625,-7.7265625,6.09375,0.6171875,-0.25,0.419921875,-0.05078125
5044,50409382,50709382,0.633666992,-0.265686035,-0.699951172,0.194702148,0.68359375,0.52734375,-0.734375,-7.734375,6.0859375,0.578125,-0.25,0.419921875,-0.05078125
5045,50421384,50721384,0.635131836,-0.26361084,-0.699035645,0.196105957,0.68359375,0.52734375,-0.734375,-7.734375,6.0859375,0.578125,-0.3984375,0.4921875,-0.115234375
5046,50427940,50727940,0.636657715,-0.261230469,-0.698120117,0.197631836,0.69140625,0.45703125,-0.625,-7.7421875,6.078125,0.546875,-0.3984375,0.4921875,-0.115234375
5047,50440855,50740855,0.638305664,-0.258483887,-0.697143555,0.19921875,0.69140625,0.45703125,-0.625,-7.7421875,6.078125,0.546875,-0.4765625,0.57421875,-0.189453125
5048,50457211,50757211,0.640136719,-0.255493164,-0.696105957,0.200866699,0.5625,0.3671875,-0.640625,-7.765625,6.0546875,0.5234375,-0.4765625,0.57421875,-0.189453125
5049,50462168,50762168,0.642272949,-0.252197266,-0.694885254,0.202697754,0.5625,0.3671875,-0.640625,-7.765625,6.0546875,0.5234375,-0.5703125,0.705078125,-0.244140625
5050,50468551,50768551,0.644592285,-0.248474121,-0.693481445,0.204711914,0.44140625,0.25,-0.44921875,-7.796875,6.015625,0.484375,-0.5703125,0.705078125,-0.244140625
5051,50482487,50782487,0.647094727,-0.244567871,-0.691833496,0.206970215,0.44140625,0.25,-0.44921875,-7.796875,6.015625,0.484375,-0.685546875,0.875,-0.25390625
5052,50489402,50789402,0.649719238,-0.24041748,-0.690063477,0.209472656,0.43359375,0.2890625,-0.35546875,-7.828125,5.9765625,0.4296875,-0.685546875,0.875,-0.25390625
5053,50501388,50801388,0.652587891,-0.236083984,-0.687927246,0.212402344,0.43359375,0.2890625,-0.35546875,-7.828125,5.9765625,0.4296875,-0.78125,1.01171875,-0.19140625
5054,50507405,50807405,0.655517578,-0.231750488,-0.685668945,0.215637207,0.46484375,0.22265625,-0.1796875,-7.859375,5.9296875,0.3671875,-0.78125,1.01171875,-0.19140625
5055,50523138,50823138,0.658447266,-0.227478027,-0.683166504,0.219177246,0.46484375,0.22265625,-0.1796875,-7.859375,5.9296875,0.3671875,-0.80078125,1.08789062,-0.064453125
5056,50530616,50830616,0.661193848,-0.223632812,-0.680603027,0.22277832,0.41015625,0.4375,-0.17578125,-7.8828125,5.90625,0.2890625,-0.80078125,1.08789062,-0.064453125
5057,50542896,50842896,0.66418457,-0.219482422,-0.677612305,0.226867676,0.41015625,0.4375,-0.17578125,-7.8828125,5.90625,0.2890625,-0.845703125,1.1484375,0.03125
5058,50548909,50848909,0.667175293,-0.215148926,-0.674560547,0.231323242,0.49609375,0.67578125,-0.13671875,-7.890625,5.8984375,0.2109375,-0.845703125,1.1484375,0.03125
5059,50560524,50860524,0.66998291,-0.21105957,-0.671630859,0.235656738,0.49609375,0.67578125,-0.13671875,-7.890625,5.8984375,0.2109375,-0.91015625,1.18945312,0.052734375
5060,50568885,50868885,0.672729492,-0.20690918,-0.668640137,0.239868164,0.15234375,0.69921875,-0.51171875,-7.890625,5.9140625,0.125,-0.91015625,1.18945312,0.052734375
5061,50581308,50881308,0.675842285,-0.202392578,-0.665283203,0.244445801,0.15234375,0.69921875,-0.51171875,-7.890625,5.9140625,0.125,-0.896484375,1.23046875,0.037109375
5062,50587326,50887326,0.678771973,-0.198059082,-0.661865234,0.248962402,0.05859375,0.5078125,-0.8828125,-7.875,5.9140625,0.0390625,-0.896484375,1.23046875,0.037109375
5063,50603843,50903843,0.681640625,-0.193847656,-0.658325195,0.253723145,0.05859375,0.5078125,-0.8828125,-7.875,5.9140625,0.0390625,-0.9140625,1.25,0.146484375
5064,50612930,50912930,0.684326172,-0.190124512,-0.654846191,0.258361816,0.1640625,0.40625,-0.8671875,-7.8671875,5.9375,-0.0546875,-0.9140625,1.25,0.146484375
5065,50625839,50925839,0.686950684,-0.186645508,-0.651062012,0.263366699,0.1640625,0.40625,-0.8671875,-7.8671875,5.9375,-0.0546875,-0.81640625,1.21289062,0.310546875
5066,50629840,50929840,0.68951416,-0.183654785,-0.647094727,0.268493652,0.515625,0.18359375,-0.703125,-7.8359375,5.96875,-0.140625,-0.81640625,1.21289062,0.310546875
5067,50641822,50941822,0.691833496,-0.181274414,-0.643249512,0.273376465,0.515625,0.18359375,-0.703125,-7.8359375,5.96875,-0.140625,-0.669921875,1.10546875,0.453125
5068,50647552,50947552,0.693969727,-0.179443359,-0.639465332,0.278015137,0.42578125,0.2265625,-0.52734375,-7.78125,6.0390625,-0.2421875,-0.669921875,1.10546875,0.453125
5069,50661508,50961508,0.696105957,-0.177978516,-0.635620117,0.282409668,0.42578125,0.2265625,-0.52734375,-7.78125,6.0390625,-0.2421875,-0.49609375,0.99609375,0.501953125
5070,50668458,50968458,0.697998047,-0.176940918,-0.632019043,0.286437988,-0.40234375,0.1484375,-0.48046875,-7.71875,6.1171875,-0.328125,-0.49609375,0.99609375,0.501953125
5071,50680202,50980202,0.699768066,-0.176452637,-0.628601074,0.289916992,-0.40234375,0.1484375,-0.48046875,-7.71875,6.1171875,-0.328125,-0.287109375,0.8046875,0.505859375
5072,50695104,50995104,0.70135498,-0.176269531,-0.625488281,0.293029785,-0.64453125,0.140625,-0.64453125,-7.6328125,6.203125,-0.4296875,-0.287109375,0.8046875,0.505859375
5073,50703999,51003999,0.702941895,-0.176086426,-0.622253418,0.296142578,-0.64453125,0.140625,-0.64453125,-7.6328125,6.203125,-0.4296875,-0.29296875,0.7734375,0.484375
5074,50707626,51007626,0.704467773,-0.175476074,-0.61907959,0.299499512,0.17578125,0.25390625,0.16015625,-7.5703125,6.28125,-0.5078125,-0.29296875,0.7734375,0.484375
5075,50722938,51022938,0.706115723,-0.174438477,-0.615539551,0.303405762,0.17578125,0.25390625,0.16015625,-7.5703125,6.28125,-0.5078125,-0.484375,0.87890625,0.46484375
5076,50727732,51027732,0.707641602,-0.173278809,-0.612121582,0.307434082,0.1796875,-0.55078125,-0.14453125,-7.5,6.359375,-0.5859375,-0.484375,0.87890625,0.46484375
5077,50741402,51041402,0.708984375,-0.172485352,-0.608947754,0.311157227,0.1796875,-0.55078125,-0.14453125,-7.5,6.359375,-0.5859375,-0.3984375,0.76171875,0.501953125
5078,50747825,51047825,0.710144043,-0.172119141,-0.605957031,0.31451416,-0.546875,-0.8203125,-0.234375,-7.421875,6.4375,-0.6484375,-0.3984375,0.76171875,0.501953125
5079,50763113,51063113,0.71105957,-0.172119141,-0.60333252,0.317504883,-0.546875,-0.8203125,-0.234375,-7.421875,6.4375,-0.6484375,-0.24609375,0.537109375,0.494140625
5080,50771099,51071099,0.711730957,-0.172241211,-0.600952148,0.3203125,-1.3828125,-0.2109375,0.74609375,-7.3515625,6.515625,-0.7109375,-0.24609375,0.537109375,0.494140625
5081,50783112,51083112,0.712463379,-0.172241211,-0.598327637,0.323669434,-1.3828125,-0.2109375,0.74609375,-7.3515625,6.515625,-0.7109375,-0.353515625,0.5703125,0.5390625
5082,50787934,51087934,0.713256836,-0.172119141,-0.595581055,0.326965332,-1.00390625,0.1640625,0.3359375,-7.2734375,6.6015625,-0.7578125,-0.353515625,0.5703125,0.5390625
5083,50800971,51100971,0.714599609,-0.171875,-0.592163086,0.330322266,-1.00390625,0.1640625,0.3359375,-7.2734375,6.6015625,-0.7578125,-0.2421875,0.83984375,0.517578125
5084,50808388,51108388,0.716674805,-0.171508789,-0.588134766,0.333312988,0.18359375,-0.3359375,-0.8671875,-7.1953125,6.6796875,-0.8203125,-0.2421875,0.83984375,0.517578125
5085,50820250,51120250,0.719116211,-0.170898438,-0.583862305,0.33581543,0.18359375,-0.3359375,-0.8671875,-7.1953125,6.6796875,-0.8203125,-0.10546875,1.06835938,0.376953125
5086,50829287,51129287,0.721740723,-0.17010498,-0.579528809,0.338134766,0.375,-0.75,-0.7890625,-7.1171875,6.75,-0.9375,-0.10546875,1.06835938,0.376953125
5087,50841268,51141268,0.724060059,-0.169372559,-0.575622559,0.340209961,0.375,-0.75,-0.7890625,-7.1171875,6.75,-0.9375,-0.091796875,0.951171875,0.3203125
5088,50849505,51149505,0.726257324,-0.168701172,-0.571777344,0.342285156,-0.625,-0.375,0.0703125,-7.0390625,6.796875,-1.0703125,-0.091796875,0.951171875,0.3203125
5089,50864821,51164821,0.727966309,-0.168273926,-0.568786621,0.34387207,-0.625,-0.375,0.0703125,-7.0390625,6.796875,-1.0703125,-0.009765625,0.623046875,0.23046875
5090,50868778,51168778,0.729370117,-0.16809082,-0.566467285,0.344848633,-1.3671875,-0.30859375,0.25,-6.984375,6.84375,-1.171875,-0.009765625,0.623046875,0.23046875
5091,50882455,51182455,0.730773926,-0.16784668,-0.564208984,0.345703125,-1.3671875,-0.30859375,0.25,-6.984375,6.84375,-1.171875,-0.001953125,0.515625,0.150390625
5092,50887246,51187246,0.732055664,-0.167419434,-0.562011719,0.346679688,-0.7578125,-0.484375,0.7109375,-6.9453125,6.8671875,-1.25,-0.001953125,0.515625,0.150390625
5093,50900676,51200676,0.733459473,-0.166809082,-0.559631348,0.34777832,-0.7578125,-0.484375,0.7109375,-6.9453125,6.8671875,-1.25,-0.048828125,0.583984375,0.154296875
5094,50908212,51208212,0.734863281,-0.166320801,-0.557250977,0.348937988,-0.13671875,-0.625,0.4765625,-6.9140625,6.890625,-1.3203125,-0.048828125,0.583984375,0.154296875
5095,50923105,51223105,0.73626709,-0.16595459,-0.55480957,0.350036621,-0.13671875,-0.625,0.4765625,-6.9140625,6.890625,-1.3203125,-0.021484375,0.533203125,0.169921875
5096,50931476,51231476,0.737487793,-0.165588379,-0.552856445,0.350830078,-0.55859375,-0.30078125,0.4296875,-6.875,6.9140625,-1.390625,-0.021484375,0.533203125,0.169921875
5097,50945398,51245398,0.738769531,-0.165405273,-0.550964355,0.351196289,-0.55859375,-0.30078125,0.4296875,-6.875,6.9140625,-1.390625,0.1328125,0.40625,0.076171875
5098,50949748,51249748,0.739990234,-0.165405273,-0.549377441,0.351074219,-0.8203125,-0.6640625,0.203125,-6.84375,6.9296875,-1.46875,0.1328125,0.40625,0.076171875
5099,50962701,51262701,0.741149902,-0.165283203,-0.548034668,0.350769043,-0.8203125,-0.6640625,0.203125,-6.84375,6.9296875,-1.46875,0.1328125,0.28515625,-0.01171875
5100,50967482,51267482,0.742126465,-0.164916992,-0.546936035,0.350708008,-0.67578125,-0.39453125,0.76953125,-6.8359375,6.9296875,-1.5390625,0.1328125,0.28515625,-0.01171875
5101,50981127,51281127,0.742919922,-0.164245605,-0.545837402,0.350891113,-0.67578125,-0.39453125,0.76953125,-6.8359375,6.9296875,-1.5390625,-0.05078125,0.302734375,-0.033203125
5102,50988196,51288196,0.743591309,-0.163513184,-0.544921875,0.351318359,-0.453125,-0.2734375,0.6953125,-6.828125,6.921875,-1.578125,-0.05078125,0.302734375,-0.033203125
5103,51002301,51302301,0.74407959,-0.162719727,-0.544067383,0.351867676,-0.453125,-0.2734375,0.6953125,-6.828125,6.921875,-1.578125,-0.10546875,0.228515625,-0.017578125
5104,51010993,51310993,0.744506836,-0.16204834,-0.543395996,0.352416992,-0.57421875,-0.1953125,0.3046875,-6.8203125,6.921875,-1.609375,-0.10546875,0.228515625,-0.017578125
5105,51024734,51324734,0.744934082,-0.161376953,-0.542724609,0.352783203,-0.57421875,-0.1953125,0.3046875,-6.8203125,6.921875,-1.609375,-0.072265625,0.1875,-0.0234375
5106,51028371,51328371,0.745300293,-0.160827637,-0.542175293,0.353088379,-0.46875,-0.15625,0.2734375,-6.8125,6.921875,-1.6171875,-0.072265625,0.1875,-0.0234375
5107,51042240,51342240,0.745788574,-0.16027832,-0.541625977,0.353271484,-0.46875,-0.15625,0.2734375,-6.8125,6.921875,-1.6171875,-0.0234375,0.169921875,-0.0390625
5108,51048215,51348215,0.746276855,-0.159851074,-0.541015625,0.35333252,-0.34375,-0.15625,0.2890625,-6.8203125,6.921875,-1.6328125,-0.0234375,0.169921875,-0.0390625
5109,51063130,51363130,0.746765137,-0.159423828,-0.540466309,0.353271484,-0.34375,-0.15625,0.2890625,-6.8203125,6.921875,-1.6328125,0.0234375,0.158203125,-0.048828125
5110,51067958,51367958,0.747253418,-0.159057617,-0.539978027,0.353210449,-0.34375,-0.1484375,0.28125,-6.8203125,6.9140625,-1.6640625,0.0234375,0.158203125,-0.048828125
5111,51083249,51383249,0.747619629,-0.158752441,-0.539611816,0.353027344,-0.34375,-0.1484375,0.28125,-6.8203125,6.9140625,-1.6640625,0.021484375,0.09375,-0.048828125
5112,51091502,51391502,0.747924805,-0.158569336,-0.539367676,0.352905273,-0.4140625,-0.21875,0.26171875,-6.828125,6.90625,-1.6796875,0.021484375,0.09375,-0.048828125
5113,51104169,51404169,0.748168945,-0.158447266,-0.539245605,0.352661133,-0.4140625,-0.21875,0.26171875,-6.828125,6.90625,-1.6796875,0.052734375,0.0234375,-0.041015625
5114,51107802,51407802,0.748352051,-0.15838623,-0.53918457,0.352355957,-0.3671875,-0.40234375,0.19140625,-6.8359375,6.8984375,-1.6875,0.052734375,0.0234375,-0.041015625
5115,51123088,51423088,0.748596191,-0.158325195,-0.539123535,0.352050781,-0.3671875,-0.40234375,0.19140625,-6.8359375,6.8984375,-1.6875,0.05859375,0.033203125,-0.056640625
5116,51127887,51427887,0.748779297,-0.158203125,-0.5390625,0.351623535,-0.3671875,-0.39453125,0.3984375,-6.8359375,6.890625,-1.703125,0.05859375,0.033203125,-0.056640625
5117,51143479,51443479,0.748962402,-0.15814209,-0.53918457,0.351196289,-0.3671875,-0.39453125,0.3984375,-6.8359375,6.890625,-1.703125,0.072265625,-0.037109375,-0.0859375
5118,51147776,51447776,0.748962402,-0.15814209,-0.539550781,0.350646973,-0.54296875,-0.37890625,0.40625,-6.8515625,6.875,-1.7109375,0.072265625,-0.037109375,-0.0859375
5119,51163434,51463434,0.748840332,-0.15814209,-0.540100098,0.349975586,-0.54296875,-0.37890625,0.40625,-6.8515625,6.875,-1.7109375,0.064453125,-0.140625,-0.115234375
5120,51172473,51472473,0.748596191,-0.15814209,-0.540893555,0.349365234,-0.52734375,-0.40234375,0.484375,-6.8671875,6.859375,-1.7109375,0.064453125,-0.140625,-0.115234375
5121,51185482,51485482,0.74822998,-0.158081055,-0.541870117,0.348693848,-0.52734375,-0.40234375,0.484375,-6.8671875,6.859375,-1.7109375,0.0234375,-0.2265625,-0.126953125
5122,51189803,51489803,0.747680664,-0.158081055,-0.54296875,0.348144531,-0.54296875,-0.22265625,0.57421875,-6.890625,6.8359375,-1.6875,0.0234375,-0.2265625,-0.126953125
5123,51203039,51503039,0.747009277,-0.158081055,-0.544311523,0.34753418,-0.54296875,-0.22265625,0.57421875,-6.890625,6.8359375,-1.6875,-0.0078125,-0.302734375,-0.13671875
5124,51207843,51507843,0.74621582,-0.158081055,-0.545776367,0.346862793,-0.51171875,0.0234375,0.61328125,-6.921875,6.8203125,-1.6484375,-0.0078125,-0.302734375,-0.13671875
5125,51223729,51523729,0.745483398,-0.15802002,-0.547302246,0.346069336,-0.51171875,0.0234375,0.61328125,-6.921875,6.8203125,-1.6484375,0.0234375,-0.365234375,-0.2109375
5126,51228018,51528018,0.744689941,-0.157958984,-0.549072266,0.344970703,-0.55859375,-0.26171875,0.6015625,-6.953125,6.796875,-1.6015625,0.0234375,-0.365234375,-0.2109375
5127,51243320,51543320,0.743896484,-0.157897949,-0.551269531,0.343261719,-0.55859375,-0.26171875,0.6015625,-6.953125,6.796875,-1.6015625,0.146484375,-0.490234375,-0.34375
5128,51252853,51552853,0.743041992,-0.157958984,-0.553710938,0.341125488,-0.9921875,-0.75,0.78515625,-7.015625,6.75,-1.5546875,0.146484375,-0.490234375,-0.34375
5129,51265166,51565166,0.74206543,-0.15802002,-0.556640625,0.338439941,-0.9921875,-0.75,0.78515625,-7.015625,6.75,-1.5546875,0.25390625,-0.66015625,-0.470703125
5130,51269504,51569504,0.740905762,-0.158081055,-0.559814453,0.335632324,-1.265625,-0.91796875,0.84765625,-7.0859375,6.6875,-1.5,0.25390625,-0.66015625,-0.470703125
5131,51282784,51582784,0.739379883,-0.158081055,-0.563659668,0.332641602,-1.265625,-0.91796875,0.84765625,-7.0859375,6.6875,-1.5,0.189453125,-0.859375,-0.556640625
5132,51287569,51587569,0.737548828,-0.157836914,-0.567871094,0.329650879,-1.2890625,-0.640625,0.76171875,-7.1796875,6.6015625,-1.4140625,0.189453125,-0.859375,-0.556640625
5133,51304175,51604175,0.735351562,-0.157653809,-0.572387695,0.326721191,-1.2890625,-0.640625,0.76171875,-7.1796875,6.6015625,-1.4140625,0.12890625,-1.046875,-0.603515625
5134,51309375,51609375,0.733032227,-0.157592773,-0.577087402,0.323791504,-1.109375,-0.59375,0.52734375,-7.28125,6.515625,-1.296875,0.12890625,-1.046875,-0.603515625
5135,51322275,51622275,0.730102539,-0.157897949,-0.582580566,0.3203125,-1.109375,-0.59375,0.52734375,-7.28125,6.515625,-1.296875,0.185546875,-1.265625,-0.59765625
5136,51330862,51630862,0.727111816,-0.158447266,-0.588134766,0.316711426,-1.109375,-0.30078125,0.6796875,-7.3984375,6.4140625,-1.140625,0.185546875,-1.265625,-0.59765625
5137,51343791,51643791,0.723815918,-0.159423828,-0.593994141,0.312866211,-1.109375,-0.30078125,0.6796875,-7.3984375,6.4140625,-1.140625,0.287109375,-1.45898438,-0.587890625
5138,51347415,51647415,0.720397949,-0.16027832,-0.599853516,0.309020996,-1.04296875,0.13671875,0.7734375,-7.5,6.3203125,-0.96875,0.287109375,-1.45898438,-0.587890625
5139,51363328,51663328,0.716552734,-0.160949707,-0.606323242,0.304992676,-1.04296875,0.13671875,0.7734375,-7.5,6.3203125,-0.96875,0.1796875,-1.55078125,-0.65625
5140,51368123,51668123,0.712585449,-0.161437988,-0.612731934,0.301208496,-1.2421875,0.27734375,0.6484375,-7.609375,6.21875,-0.765625,0.1796875,-1.55078125,-0.65625
5141,51383485,51683485,0.708068848,-0.16192627,-0.619689941,0.297302246,-1.2421875,0.27734375,0.6484375,-7.609375,6.21875,-0.765625,0.12109375,-1.70703125,-0.662109375
5142,51387772,51687772,0.703491211,-0.162658691,-0.626464844,0.293518066,-1.28515625,0.49609375,-0.16015625,-7.71875,6.1171875,-0.53125,0.12109375,-1.70703125,-0.662109375
5143,51402369,51702369,0.698303223,-0.163574219,-0.633911133,0.289489746,-1.28515625,0.49609375,-0.16015625,-7.71875,6.1171875,-0.53125,0.123046875,-1.82617188,-0.59375
5144,51410493,51710493,0.693237305,-0.164489746,-0.640808105,0.285888672,-0.6953125,0.671875,-0.38671875,-7.8125,6.015625,-0.265625,0.123046875,-1.82617188,-0.59375
5145,51422757,51722757,0.687805176,-0.165344238,-0.647949219,0.282409668,-0.6953125,0.671875,-0.38671875,-7.8125,6.015625,-0.265625,0.021484375,-1.79296875,-0.533203125
5146,51427555,51727555,0.682495117,-0.166137695,-0.654785156,0.279052734,-0.078125,0.4921875,-0.4296875,-7.890625,5.9296875,0.0078125,0.021484375,-1.79296875,-0.533203125
5147,51443207,51743207,0.677246094,-0.167175293,-0.661376953,0.275634766,-0.078125,0.4921875,-0.4296875,-7.890625,5.9296875,0.0078125,0.146484375,-1.74023438,-0.4921875
5148,51447993,51747993,0.67199707,-0.168640137,-0.66796875,0.27166748,-0.29296875,-0.15234375,-0.63671875,-7.9453125,5.84375,0.2890625,0.146484375,-1.74023438,-0.4921875
5149,51462461,51762461,0.667297363,-0.170593262,-0.673828125,0.26763916,-0.29296875,-0.15234375,-0.63671875,-7.9453125,5.84375,0.2890625,0.486328125,-1.77734375,-0.458984375
5150,51467937,51767937,0.662231445,-0.173583984,-0.680053711,0.262390137,-0.4296875,-1,-0.80078125,-8,5.7734375,0.53125,0.486328125,-1.77734375,-0.458984375
5151,51483217,51783217,0.657470703,-0.177185059,-0.685791016,0.256896973,-0.4296875,-1,-0.80078125,-8,5.7734375,0.53125,0.861328125,-1.77539062,-0.37109375
5152,51491503,51791503,0.653076172,-0.181335449,-0.690917969,0.251464844,-0.09765625,-0.96875,-0.9375,-8.0234375,5.703125,0.7421875,0.861328125,-1.77539062,-0.37109375
5153,51503823,51803823,0.64855957,-0.185913086,-0.695983887,0.245849609,-0.09765625,-0.96875,-0.9375,-8.0234375,5.703125,0.7421875,0.931640625,-1.71679688,-0.236328125
5154,51507451,51807451,0.643981934,-0.190368652,-0.700866699,0.240539551,0.4375,-0.29296875,-0.91796875,-8.0234375,5.6796875,0.9140625,0.931640625,-1.71679688,-0.236328125
5155,51523144,51823144,0.639282227,-0.194641113,-0.705688477,0.235412598,0.4375,-0.29296875,-0.91796875,-8.0234375,5.6796875,0.9140625,0.787109375,-1.60351562,-0.22265625
5156,51527927,51827927,0.634643555,-0.198730469,-0.710449219,0.23034668,0.51171875,-0.078125,-0.97265625,-8.0234375,5.65625,1.0859375,0.787109375,-1.60351562,-0.22265625
5157,51541946,51841946,0.630554199,-0.202453613,-0.714416504,0.225769043,0.51171875,-0.078125,-0.97265625,-8.0234375,5.65625,1.0859375,0.86328125,-1.52734375,-0.20703125
5158,51547948,51847948,0.626403809,-0.206726074,-0.718505859,0.220581055,0.50390625,0.20703125,-0.87109375,-8.015625,5.640625,1.25,0.86328125,-1.52734375,-0.20703125
5159,51564851,51864851,0.622436523,-0.211181641,-0.722290039,0.215148926,0.50390625,0.20703125,-0.87109375,-8.015625,5.640625,1.25,1.00976562,-1.4140625,-0.232421875
5160,51573522,51873522,0.618896484,-0.215454102,-0.725646973,0.209777832,0.60546875,0.40625,-0.87890625,-8,5.6328125,1.375,1.00976562,-1.4140625,-0.232421875
5161,51585229,51885229,0.61541748,-0.219604492,-0.728942871,0.204345703,0.60546875,0.40625,-0.87890625,-8,5.6328125,1.375,0.98046875,-1.27734375,-0.263671875
5162,51589268,51889268,0.612121582,-0.223510742,-0.731933594,0.199157715,0.75,0.11328125,-0.8671875,-7.9921875,5.6171875,1.4765625,0.98046875,-1.27734375,-0.263671875
5163,51603697,51903697,0.608825684,-0.227172852,-0.734802246,0.194274902,0.75,0.11328125,-0.8671875,-7.9921875,5.6171875,1.4765625,0.8203125,-1.125,-0.197265625
5164,51607295,51907295,0.605895996,-0.23059082,-0.737304688,0.190002441,0.89453125,-0.17578125,-1.11328125,-7.984375,5.6015625,1.5703125,0.8203125,-1.125,-0.197265625
5165,51622328,51922328,0.603027344,-0.23425293,-0.739624023,0.18572998,0.89453125,-0.17578125,-1.11328125,-7.984375,5.6015625,1.5703125,0.837890625,-0.962890625,-0.109375
5166,51627799,51927799,0.600341797,-0.237976074,-0.741577148,0.18170166,0.765625,0.28125,-1.15234375,-7.96875,5.6015625,1.6484375,0.837890625,-0.962890625,-0.109375
5167,51643397,51943397,0.59777832,-0.241577148,-0.743408203,0.177856445,0.765625,0.28125,-1.15234375,-7.96875,5.6015625,1.6484375,0.826171875,-0.90234375,-0.099609375
5168,51651855,51951855,0.59552002,-0.244750977,-0.745056152,0.174194336,0.55078125,0.61328125,-1.16796875,-7.9453125,5.6171875,1.703125,0.826171875,-0.90234375,-0.099609375
5169,51663743,51963743,0.593200684,-0.24786377,-0.746704102,0.170593262,0.55078125,0.61328125,-1.16796875,-7.9453125,5.6171875,1.703125,0.677734375,-0.744140625,-0.09375
5170,51667364,51967364,0.591247559,-0.250671387,-0.74798584,0.167480469,0.765625,0.52734375,-1.25390625,-7.9296875,5.625,1.75,0.677734375,-0.744140625,-0.09375
5171,51681238,51981238,0.589294434,-0.253723145,-0.749267578,0.16418457,0.765625,0.52734375,-1.25390625,-7.9296875,5.625,1.75,0.689453125,-0.654296875,-0.060546875
5172,51692497,51992497,0.587646484,-0.256347656,-0.750244141,0.161437988,0.7890625,0.78125,-1.015625,-7.9140625,5.640625,1.78125,0.689453125,-0.654296875,-0.060546875
5173,51704522,52004522,0.585998535,-0.258850098,-0.751281738,0.158691406,0.7890625,0.78125,-1.015625,-7.9140625,5.640625,1.78125,0.515625,-0.537109375,-0.044921875
5174,51708174,52008174,0.584594727,-0.260742188,-0.752197266,0.156616211,0.2734375,0.84765625,-1.078125,-7.8984375,5.6484375,1.8046875,0.515625,-0.537109375,-0.044921875
5175,51723858,52023858,0.583129883,-0.262390137,-0.753051758,0.154785156,0.2734375,0.84765625,-1.078125,-7.8984375,5.6484375,1.8046875,0.330078125,-0.3984375,-0.03125
5176,51732476,52032476,0.582092285,-0.26373291,-0.753723145,0.153320312,0.80078125,0.83984375,-0.95703125,-7.890625,5.65625,1.8359375,0.330078125,-0.3984375,-0.03125
5177,51743691,52043691,0.581176758,-0.265014648,-0.754272461,0.151977539,0.80078125,0.83984375,-0.95703125,-7.890625,5.65625,1.8359375,0.265625,-0.248046875,-0.005859375
5178,51747333,52047333,0.580627441,-0.265930176,-0.754577637,0.151123047,0.82421875,0.7109375,-0.58203125,-7.875,5.671875,1.84375,0.265625,-0.248046875,-0.005859375
5179,51761620,52061620,0.58026123,-0.266540527,-0.754699707,0.150634766,0.82421875,0.7109375,-0.58203125,-7.875,5.671875,1.84375,0.080078125,-0.060546875,0.013671875
5180,51771496,52071496,0.580200195,-0.266662598,-0.754699707,0.15057373,0.96875,0.75,-0.50390625,-7.8671875,5.671875,1.84375,0.080078125,-0.060546875,0.013671875
5181,51781302,52081302,0.580322266,-0.266296387,-0.754699707,0.151000977,0.96875,0.75,-0.50390625,-7.8671875,5.671875,1.84375,-0.142578125,0.099609375,0.017578125
5182,51790226,52090226,0.580688477,-0.265441895,-0.754516602,0.151794434,0.77734375,0.85546875,-0.58203125,-7.8671875,5.6796875,1.84375,-0.142578125,0.099609375,0.017578125
5183,51803410,52103410,0.581298828,-0.264160156,-0.754272461,0.152954102,0.77734375,0.85546875,-0.58203125,-7.8671875,5.6796875,1.84375,-0.34375,0.271484375,-0.0078125
5184,51812509,52112509,0.582214355,-0.262451172,-0.753845215,0.15435791,0.703125,0.86328125,-0.7265625,-7.8671875,5.671875,1.8359375,-0.34375,0.271484375,-0.0078125
5185,51826184,52126184,0.583618164,-0.260070801,-0.753234863,0.156311035,0.703125,0.86328125,-0.7265625,-7.8671875,5.671875,1.8359375,-0.533203125,0.505859375,-0.044921875
5186,51830181,52130181,0.585388184,-0.257324219,-0.752319336,0.158508301,0.765625,0.609375,-0.8359375,-7.890625,5.65625,1.828125,-0.533203125,0.505859375,-0.044921875
5187,51843667,52143667,0.587524414,-0.254211426,-0.751159668,0.161193848,0.765625,0.609375,-0.8359375,-7.890625,5.65625,1.828125,-0.69921875,0.75,-0.029296875
5188,51847267,52147267,0.58984375,-0.250793457,-0.749816895,0.16418457,0.86328125,0.375,-0.8046875,-7.9140625,5.625,1.796875,-0.69921875,0.75,-0.029296875
5189,51862341,52162341,0.592712402,-0.246826172,-0.748046875,0.167785645,0.86328125,0.375,-0.8046875,-7.9140625,5.625,1.796875,-0.845703125,0.974609375,-0.005859375
5190,51869740,52169740,0.59588623,-0.242675781,-0.746032715,0.171630859,0.96484375,0.2890625,-0.671875,-7.9375,5.59375,1.7421875,-0.845703125,0.974609375,-0.005859375
5191,51882950,52182950,0.599243164,-0.23828125,-0.743774414,0.175842285,0.96484375,0.2890625,-0.671875,-7.9375,5.59375,1.7421875,-0.9375,1.16601562,0.017578125
5192,51891502,52191502,0.602783203,-0.233825684,-0.741333008,0.180175781,0.7734375,0.4296875,-0.6328125,-7.9765625,5.5703125,1.6640625,-0.9375,1.16601562,0.017578125
5193,51902640,52202640,0.606384277,-0.229125977,-0.738647461,0.184814453,0.7734375,0.4296875,-0.6328125,-7.9765625,5.5703125,1.6640625,-1.01367188,1.2578125,0.0625
5194,51910447,52210447,0.610046387,-0.224365234,-0.735900879,0.18963623,0.49609375,0.71875,-0.69140625,-8.0078125,5.546875,1.5703125,-1.01367188,1.2578125,0.0625
5195,51923075,52223075,0.613830566,-0.219299316,-0.732910156,0.194824219,0.49609375,0.71875,-0.69140625,-8.0078125,5.546875,1.5703125,-1.11328125,1.37109375,0.107421875
5196,51931645,52231645,0.617797852,-0.214050293,-0.729675293,0.200317383,0.59765625,0.7421875,-0.64453125,-8.03125,5.5234375,1.484375,-1.11328125,1.37109375,0.107421875
5197,51942657,52242657,0.621826172,-0.208740234,-0.726196289,0.205932617,0.59765625,0.7421875,-0.64453125,-8.03125,5.5234375,1.484375,-1.17382812,1.5078125,0.146484375
5198,51948660,52248660,0.625976562,-0.203430176,-0.722473145,0.211791992,0.515625,0.59765625,-1.03125,-8.0625,5.515625,1.375,-1.17382812,1.5078125,0.146484375
5199,51962961,52262961,0.630187988,-0.198120117,-0.718444824,0.217712402,0.515625,0.59765625,-1.03125,-8.0625,5.515625,1.375,-1.19140625,1.6171875,0.216796875
5200,51970615,52270615,0.634521484,-0.192932129,-0.714172363,0.223937988,0.56640625,0.55859375,-0.9453125,-8.078125,5.515625,1.25,-1.19140625,1.6171875,0.216796875
5201,51982763,52282763,0.638793945,-0.188049316,-0.709655762,0.230224609,0.56640625,0.55859375,-0.9453125,-8.078125,5.515625,1.25,-1.12109375,1.63867188,0.33984375
5202,51988770,52288770,0.642700195,-0.183654785,-0.70526123,0.236328125,0.33984375,0.4609375,-0.99609375,-8.078125,5.5390625,1.109375,-1.12109375,1.63867188,0.33984375
5203,52003080,52303080,0.646728516,-0.179077148,-0.700500488,0.242858887,0.33984375,0.4609375,-0.99609375,-8.078125,5.5390625,1.109375,-1.06640625,1.55273438,0.419921875
5204,52011312,52311312,0.650512695,-0.174987793,-0.695800781,0.249023438,0.1328125,0.71875,-0.93359375,-8.0625,5.5859375,0.96875,-1.06640625,1.55273438,0.419921875
5205,52022751,52322751,0.654052734,-0.171386719,-0.691345215,0.254699707,0.1328125,0.71875,-0.93359375,-8.0625,5.5859375,0.96875,-0.91015625,1.44335938,0.44140625
5206,52028752,52328752,0.657531738,-0.16784668,-0.686706543,0.260559082,0.078125,0.82421875,-0.37890625,-8.046875,5.6328125,0.8359375,-0.91015625,1.44335938,0.44140625
5207,52042658,52342658,0.661010742,-0.164611816,-0.682006836,0.266235352,0.078125,0.82421875,-0.37890625,-8.046875,5.6328125,0.8359375,-0.76953125,1.47851562,0.490234375
5208,52051224,52351224,0.664733887,-0.16192627,-0.676879883,0.271484375,-0.3046875,0.02734375,-0.7734375,-8.0078125,5.703125,0.6953125,-0.76953125,1.47851562,0.490234375
5209,52063548,52363548,0.668701172,-0.159729004,-0.671508789,0.276367188,-0.3046875,0.02734375,-0.7734375,-8.0078125,5.703125,0.6953125,-0.490234375,1.54492188,0.54296875
5210,52069947,52369947,0.672668457,-0.157958984,-0.66607666,0.280822754,0,-0.2109375,-0.9453125,-7.96875,5.7890625,0.5234375,-0.490234375,1.54492188,0.54296875
5211,52082594,52382594,0.677124023,-0.156188965,-0.659973145,0.285583496,0,-0.2109375,-0.9453125,-7.96875,5.7890625,0.5234375,-0.41796875,1.66015625,0.578125
5212,52091224,52391224,0.681640625,-0.154418945,-0.653686523,0.290222168,0.3203125,-0.13671875,-1.3203125,-7.90625,5.8671875,0.3203125,-0.41796875,1.66015625,0.578125
5213,52102474,52402474,0.686035156,-0.153137207,-0.647460938,0.294433594,0.3203125,-0.13671875,-1.3203125,-7.90625,5.8671875,0.3203125,-0.248046875,1.58007812,0.609375
5214,52109987,52409987,0.690124512,-0.152587891,-0.641479492,0.298156738,-0.0859375,-0.99609375,-1.27734375,-7.84375,5.9609375,0.0859375,-0.248046875,1.58007812,0.609375
5215,52122159,52422159,0.693664551,-0.153076172,-0.636169434,0.301086426,-0.0859375,-0.99609375,-1.27734375,-7.84375,5.9609375,0.0859375,0.107421875,1.19921875,0.6953125
5216,52130568,52430568,0.696899414,-0.154296875,-0.63104248,0.303710938,-0.671875,-0.67578125,-0.64453125,-7.7578125,6.0625,-0.125,0.107421875,1.19921875,0.6953125
5217,52143671,52443671,0.699829102,-0.155822754,-0.626281738,0.306152344,-0.671875,-0.67578125,-0.64453125,-7.7578125,6.0625,-0.125,0.146484375,0.98046875,0.689453125
5218,52147407,52447407,0.702392578,-0.156799316,-0.621887207,0.30871582,-0.6796875,-0.171875,0.41796875,-7.671875,6.171875,-0.3046875,0.146484375,0.98046875,0.689453125
5219,52162271,52462271,0.704772949,-0.156738281,-0.617553711,0.311950684,-0.6796875,-0.171875,0.41796875,-7.671875,6.171875,-0.3046875,-0.32421875,1.02929688,0.552734375
5220,52170342,52470342,0.70715332,-0.155517578,-0.613037109,0.316162109,-0.31640625,0.453125,0.640625,-7.578125,6.2734375,-0.453125,-0.32421875,1.02929688,0.552734375
5221,52182679,52482679,0.709350586,-0.153503418,-0.608520508,0.320800781,-0.31640625,0.453125,0.640625,-7.578125,6.2734375,-0.453125,-0.705078125,1.23632812,0.494140625
5222,52188679,52488679,0.711608887,-0.151000977,-0.603759766,0.32598877,-0.0546875,0.22265625,0.55859375,-7.4921875,6.3515625,-0.5625,-0.705078125,1.23632812,0.494140625
5223,52202610,52502610,0.713806152,-0.14831543,-0.598815918,0.331481934,-0.0546875,0.22265625,0.55859375,-7.4921875,6.3515625,-0.5625,-0.791015625,1.2734375,0.521484375
5224,52211969,52511969,0.715820312,-0.146118164,-0.594177246,0.336425781,-0.6328125,-0.21484375,0.109375,-7.4140625,6.4453125,-0.6484375,-0.791015625,1.2734375,0.521484375
5225,52225735,52525735,0.717834473,-0.144897461,-0.589782715,0.340393066,-0.6328125,-0.21484375,0.109375,-7.4140625,6.4453125,-0.6484375,-0.322265625,0.974609375,0.525390625
5226,52229891,52529891,0.719604492,-0.144714355,-0.586120605,0.343017578,-1.40625,-0.68359375,0.08984375,-7.328125,6.53125,-0.7421875,-0.322265625,0.974609375,0.525390625
5227,52242517,52542517,0.721435547,-0.145446777,-0.582763672,0.344604492,-1.40625,-0.68359375,0.08984375,-7.328125,6.53125,-0.7421875,0.173828125,0.5625,0.392578125
5228,52250544,52550544,0.723083496,-0.146179199,-0.58001709,0.34552002,-1.5546875,-0.6796875,0.19921875,-7.2578125,6.6015625,-0.8515625,0.173828125,0.5625,0.392578125
5229,52263934,52563934,0.72454834,-0.146057129,-0.577331543,0.346923828,-1.5546875,-0.6796875,0.19921875,-7.2578125,6.6015625,-0.8515625,-0.17578125,0.685546875,0.2421875
5230,52267683,52567683,0.725952148,-0.144775391,-0.574462891,0.349304199,-0.421875,0,1.32421875,-7.203125,6.6484375,-0.9453125,-0.17578125,0.685546875,0.2421875
5231,52282692,52582692,0.727294922,-0.142578125,-0.571044922,0.352966309,-0.421875,0,1.32421875,-7.203125,6.6484375,-0.9453125,-0.708984375,0.9296875,0.31640625
5232,52290800,52590800,0.72845459,-0.140136719,-0.567443848,0.357299805,0.328125,0.21484375,0.046875,-7.1484375,6.703125,-1.0078125,-0.708984375,0.9296875,0.31640625
5233,52301484,52601484,0.729553223,-0.138183594,-0.563842773,0.36151123,0.328125,0.21484375,0.046875,-7.1484375,6.703125,-1.0078125,-0.58984375,0.85546875,0.41015625
5234,52310637,52610637,0.73059082,-0.137329102,-0.560852051,0.364440918,-0.625,0.15234375,-0.37109375,-7.078125,6.765625,-1.046875,-0.58984375,0.85546875,0.41015625
5235,52321964,52621964,0.731750488,-0.138122559,-0.558410645,0.365661621,-0.625,0.15234375,-0.37109375,-7.078125,6.765625,-1.046875,0.296875,0.283203125,0.3515625
5236,52330693,52630693,0.732849121,-0.140319824,-0.557006836,0.364746094,-2.41015625,-1.55859375,0.21875,-7.015625,6.828125,-1.1015625,0.296875,0.283203125,0.3515625
5237,52343963,52643963,0.733886719,-0.143188477,-0.556396484,0.362365723,-2.41015625,-1.55859375,0.21875,-7.015625,6.828125,-1.1015625,0.837890625,-0.150390625,0.083984375
5238,52347715,52647715,0.734863281,-0.145507812,-0.556213379,0.359741211,-2.1328125,-1.6875,1.4609375,-6.984375,6.84375,-1.1953125,0.837890625,-0.150390625,0.083984375
5239,52364424,52664424,0.735839844,-0.146789551,-0.555908203,0.357727051,-2.1328125,-1.6875,1.4609375,-6.984375,6.84375,-1.1953125,0.3125,0.087890625,-0.0703125
5240,52374613,52674613,0.73651123,-0.14654541,-0.555358887,0.357299805,-0.41015625,-0.37109375,2.15234375,-6.984375,6.828125,-1.2734375,0.3125,0.087890625,-0.0703125
5241,52384712,52684712,0.736877441,-0.145324707,-0.5546875,0.358093262,-0.41015625,-0.37109375,2.15234375,-6.984375,6.828125,-1.2734375,-0.322265625,0.240234375,-0.046875
5242,52389206,52689206,0.736755371,-0.144042969,-0.554382324,0.35925293,-0.79296875,-0.1328125,1.05859375,-6.984375,6.8203125,-1.2890625,-0.322265625,0.240234375,-0.046875
5243,52402671,52702671,0.736328125,-0.143188477,-0.554748535,0.359985352,-0.79296875,-0.1328125,1.05859375,-6.984375,6.8203125,-1.2890625,-0.189453125,-0.12109375,-0.080078125
5244,52411613,52711613,0.735656738,-0.142822266,-0.555725098,0.360046387,-1.62890625,-0.97265625,0.7265625,-6.9921875,6.8203125,-1.265625,-0.189453125,-0.12109375,-0.080078125
5245,52423978,52723978,0.734863281,-0.14276123,-0.557128906,0.359436035,-1.62890625,-0.97265625,0.7265625,-6.9921875,6.8203125,-1.265625,0.025390625,-0.345703125,-0.1796875
5246,52428270,52728270,0.734130859,-0.142822266,-0.55859375,0.358520508,-1.2890625,-1.06640625,1.25390625,-7.0234375,6.796875,-1.21875,0.025390625,-0.345703125,-0.1796875
5247,52443692,52743692,0.733459473,-0.142822266,-0.560241699,0.357421875,-1.2890625,-1.06640625,1.25390625,-7.0234375,6.796875,-1.21875,0.056640625,-0.322265625,-0.21875
5248,52455274,52755274,0.732788086,-0.142700195,-0.561645508,0.356567383,-0.76171875,-0.53515625,1.015625,-7.0546875,6.765625,-1.171875,0.056640625,-0.322265625,-0.21875
5249,52465255,52765255,0.731994629,-0.142578125,-0.563171387,0.355957031,-0.76171875,-0.53515625,1.015625,-7.0546875,6.765625,-1.171875,-0.05859375,-0.318359375,-0.15234375
5250,52469409,52769409,0.731018066,-0.14251709,-0.56463623,0.35559082,-0.6171875,-0.015625,0.51953125,-7.0859375,6.7421875,-1.1328125,-0.05859375,-0.318359375,-0.15234375
5251,52481609,52781609,0.729797363,-0.14263916,-0.56652832,0.355163574,-0.6171875,-0.015625,0.51953125,-7.0859375,6.7421875,-1.1328125,-0.037109375,-0.47265625,-0.125
5252,52489547,52789547,0.728393555,-0.143127441,-0.568664551,0.354370117,-0.8125,-0.09765625,-0.05078125,-7.1171875,6.7109375,-1.0625,-0.037109375,-0.47265625,-0.125
5253,52501014,52801014,0.726989746,-0.143737793,-0.571044922,0.353149414,-0.8125,-0.09765625,-0.05078125,-7.1171875,6.7109375,-1.0625,0.12109375,-0.6171875,-0.21875
5254,52509372,52809372,0.725769043,-0.144287109,-0.573547363,0.351501465,-0.73046875,-0.390625,0.22265625,-7.1640625,6.6953125,-0.9921875,0.12109375,-0.6171875,-0.21875
5255,52522003,52822003,0.724487305,-0.14465332,-0.576416016,0.349182129,-0.73046875,-0.390625,0.22265625,-7.1640625,6.6953125,-0.9921875,0.228515625,-0.625,-0.40625
5256,52531365,52831365,0.723449707,-0.144897461,-0.579223633,0.346496582,-0.91015625,-0.83984375,0.65234375,-7.2109375,6.6484375,-0.921875,0.228515625,-0.625,-0.40625
5257,52541889,52841889,0.72253418,-0.145080566,-0.582214355,0.343505859,-0.91015625,-0.83984375,0.65234375,-7.2109375,6.6484375,-0.921875,0.31640625,-0.646484375,-0.525390625
5258,52551065,52851065,0.721496582,-0.145202637,-0.585266113,0.340332031,-0.87109375,-0.984375,0.3671875,-7.2890625,6.5625,-0.8671875,0.31640625,-0.646484375,-0.525390625
5259,52562365,52862365,0.720397949,-0.145568848,-0.588439941,0.336975098,-0.87109375,-0.984375,0.3671875,-7.2890625,6.5625,-0.8671875,0.376953125,-0.732421875,-0.529296875
5260,52570616,52870616,0.719177246,-0.146118164,-0.591796875,0.333496094,-1.015625,-0.90625,0.2734375,-7.375,6.484375,-0.8125,0.376953125,-0.732421875,-0.529296875
5261,52583968,52883968,0.717773438,-0.146911621,-0.595275879,0.32989502,-1.015625,-0.90625,0.2734375,-7.375,6.484375,-0.8125,0.4140625,-0.876953125,-0.494140625
5262,52587720,52887720,0.716186523,-0.147888184,-0.598876953,0.326477051,-0.81640625,-0.58984375,0.34765625,-7.4609375,6.3984375,-0.734375,0.4140625,-0.876953125,-0.494140625
5263,52603886,52903886,0.714233398,-0.148986816,-0.602905273,0.322814941,-0.81640625,-0.58984375,0.34765625,-7.4609375,6.3984375,-0.734375,0.390625,-0.966796875,-0.47265625
5264,52613961,52913961,0.712341309,-0.149963379,-0.606750488,0.319335938,-0.66796875,0.29296875,0.68359375,-7.53125,6.3203125,-0.6484375,0.390625,-0.966796875,-0.47265625
5265,52623607,52923607,0.710144043,-0.150878906,-0.610900879,0.315795898,-0.66796875,0.29296875,0.68359375,-7.53125,6.3203125,-0.6484375,0.34765625,-1.07617188,-0.505859375
5266,52629546,52929546,0.707641602,-0.151916504,-0.61541748,0.312194824,-0.55078125,0.71484375,0.3828125,-7.609375,6.2421875,-0.5390625,0.34765625,-1.07617188,-0.505859375
5267,52642159,52942159,0.704711914,-0.152954102,-0.620361328,0.308410645,-0.55078125,0.71484375,0.3828125,-7.609375,6.2421875,-0.5390625,0.318359375,-1.24609375,-0.513671875
5268,52650624,52950624,0.701416016,-0.154174805,-0.625549316,0.304870605,-0.58203125,0.83984375,0.3515625,-7.6953125,6.15625,-0.390625,0.318359375,-1.24609375,-0.513671875
5269,52661348,52961348,0.697570801,-0.155578613,-0.63104248,0.301513672,-0.58203125,0.83984375,0.3515625,-7.6953125,6.15625,-0.390625,0.19921875,-1.48632812,-0.3984375
5270,52667893,52967893,0.693603516,-0.156982422,-0.636413574,0.29876709,0.01953125,0.41796875,0.20703125,-7.7578125,6.078125,-0.2109375,0.19921875,-1.48632812,-0.3984375
5271,52681781,52981781,0.68927002,-0.15826416,-0.641845703,0.296386719,0.01953125,0.41796875,0.20703125,-7.7578125,6.078125,-0.2109375,-0.009765625,-1.36523438,-0.296875
5272,52690621,52990621,0.685180664,-0.158935547,-0.646911621,0.294616699,0.32421875,0.12109375,0.49609375,-7.796875,6.03125,0,-0.009765625,-1.36523438,-0.296875
5273,52705942,53005942,0.68145752,-0.159301758,-0.651367188,0.293151855,0.32421875,0.12109375,0.49609375,-7.796875,6.03125,0,-0.1171875,-1.18164062,-0.298828125
5274,52710070,53010070,0.677734375,-0.159973145,-0.655883789,0.291381836,-0.46875,-0.4375,-1.0546875,-7.84375,5.9765625,0.2109375,-0.1171875,-1.18164062,-0.298828125
5275,52724006,53024006,0.673583984,-0.161621094,-0.660888672,0.288757324,-0.46875,-0.4375,-1.0546875,-7.84375,5.9765625,0.2109375,0.2734375,-1.3828125,-0.244140625
5276,52730927,53030927,0.66986084,-0.16394043,-0.665344238,0.285766602,-0.41015625,-0.859375,-0.90625,-7.8671875,5.9375,0.40625,0.2734375,-1.3828125,-0.244140625
5277,52745972,53045972,0.666320801,-0.166992188,-0.66973877,0.282104492,-0.41015625,-0.859375,-0.90625,-7.8671875,5.9375,0.40625,0.615234375,-1.32617188,-0.20703125
5278,52750145,53050145,0.662963867,-0.170349121,-0.67388916,0.278076172,-0.125,-0.703125,-0.34375,-7.8828125,5.8984375,0.5703125,0.615234375,-1.32617188,-0.20703125
5279,52764063,53064063,0.659790039,-0.17388916,-0.67791748,0.273620605,-0.125,-0.703125,-0.34375,-7.8828125,5.8984375,0.5703125,0.763671875,-1.26757812,-0.251953125
5280,52775235,53075235,0.656860352,-0.177307129,-0.68170166,0.269165039,-0.03125,-0.44921875,-0.69921875,-7.8984375,5.875,0.6953125,0.763671875,-1.26757812,-0.251953125
5281,52785930,53085930,0.653808594,-0.180908203,-0.68548584,0.264465332,-0.03125,-0.44921875,-0.69921875,-7.8984375,5.875,0.6953125,0.828125,-1.29492188,-0.263671875
5282,52790075,53090075,0.65057373,-0.184631348,-0.68939209,0.259643555,0.09765625,-0.02734375,-0.73046875,-7.9140625,5.8359375,0.8046875,0.828125,-1.29492188,-0.263671875
5283,52803614,53103614,0.647338867,-0.188171387,-0.693237305,0.254943848,0.09765625,-0.02734375,-0.73046875,-7.9140625,5.8359375,0.8046875,0.736328125,-1.24804688,-0.255859375
5284,52809610,53109610,0.644348145,-0.191101074,-0.696655273,0.250854492,0.48828125,0.30078125,-0.49609375,-7.921875,5.8125,0.9140625,0.736328125,-1.24804688,-0.255859375
5285,52829769,53129769,0.641418457,-0.193725586,-0.700073242,0.246887207,0.48828125,0.30078125,-0.49609375,-7.921875,5.8125,0.9140625,0.564453125,-1.07617188,-0.28125
5286,52833963,53133963,0.638671875,-0.195983887,-0.70324707,0.243164062,0.53515625,0.1015625,-0.22265625,-7.9296875,5.78125,1.0234375,0.564453125,-1.07617188,-0.28125
5287,52841669,53141669,0.636047363,-0.198303223,-0.706176758,0.239685059,0.53515625,0.1015625,-0.22265625,-7.9296875,5.78125,1.0234375,0.55859375,-0.998046875,-0.205078125
5288,52857209,53157209,0.633300781,-0.201171875,-0.709106445,0.235961914,0.3125,-0.171875,-0.67578125,-7.9375,5.75,1.1328125,0.55859375,-0.998046875,-0.205078125
5289,52861699,53161699,0.630737305,-0.204223633,-0.711669922,0.232299805,0.3125,-0.171875,-0.67578125,-7.9375,5.75,1.1328125,0.703125,-0.966796875,-0.14453125
5290,52869997,53169997,0.628295898,-0.207336426,-0.714172363,0.22857666,0.3125,0.06640625,-0.53125,-7.9375,5.7421875,1.21875,0.703125,-0.966796875,-0.14453125
5291,52883039,53183039,0.625854492,-0.210327148,-0.716552734,0.224975586,0.3125,0.06640625,-0.53125,-7.9375,5.7421875,1.21875,0.65234375,-0.921875,-0.150390625
5292,52892189,53192189,0.623413086,-0.213134766,-0.718994141,0.221435547,0.08203125,0.11328125,-0.5234375,-7.9375,5.734375,1.2890625,0.65234375,-0.921875,-0.150390625
5293,52902919,53202919,0.620910645,-0.215759277,-0.721374512,0.217956543,0.08203125,0.11328125,-0.5234375,-7.9375,5.734375,1.2890625,0.599609375,-0.888671875,-0.17578125
5294,52907973,53207973,0.618591309,-0.218322754,-0.723632812,0.214538574,0.3828125,0.35546875,-0.6328125,-7.9296875,5.71875,1.359375,0.599609375,-0.888671875,-0.17578125
5295,52924485,53224485,0.616455078,-0.221008301,-0.725646973,0.211120605,0.3828125,0.35546875,-0.6328125,-7.9296875,5.71875,1.359375,0.6328125,-0.802734375,-0.150390625
5296,52934991,53234991,0.614562988,-0.223510742,-0.727416992,0.207946777,0.53515625,0.12890625,-0.734375,-7.9296875,5.71875,1.421875,0.6328125,-0.802734375,-0.150390625
5297,52945518,53245518,0.612731934,-0.226074219,-0.729064941,0.204650879,0.53515625,0.12890625,-0.734375,-7.9296875,5.71875,1.421875,0.619140625,-0.68359375,-0.12109375
5298,52949651,53249651,0.611022949,-0.22857666,-0.73059082,0.201721191,0.48828125,0.21875,-0.59765625,-7.921875,5.703125,1.4765625,0.619140625,-0.68359375,-0.12109375
5299,52962514,53262514,0.60925293,-0.230895996,-0.732055664,0.198974609,0.48828125,0.21875,-0.59765625,-7.921875,5.703125,1.4765625,0.478515625,-0.59375,-0.080078125
5300,52973854,53273854,0.607788086,-0.232910156,-0.733276367,0.196594238,0.671875,0.3359375,-0.4453125,-7.9140625,5.703125,1.515625,0.478515625,-0.59375,-0.080078125
5301,52982427,53282427,0.606628418,-0.234680176,-0.73425293,0.194458008,0.671875,0.3359375,-0.4453125,-7.9140625,5.703125,1.515625,0.46875,-0.435546875,-0.091796875
5302,52988811,53288811,0.605651855,-0.23651123,-0.735046387,0.192077637,0.5859375,0.10546875,-0.859375,-7.90625,5.703125,1.546875,0.46875,-0.435546875,-0.091796875
5303,53003150,53303150,0.605041504,-0.238098145,-0.735656738,0.190002441,0.5859375,0.10546875,-0.859375,-7.90625,5.703125,1.546875,0.41015625,-0.283203125,-0.119140625
5304,53017120,53317120,0.604675293,-0.239257812,-0.736022949,0.188110352,0.47265625,0.1796875,-0.66796875,-7.90625,5.703125,1.546875,0.41015625,-0.283203125,-0.119140625
5305,53021200,53321200,0.604553223,-0.24017334,-0.73626709,0.186401367,0.47265625,0.1796875,-0.66796875,-7.90625,5.703125,1.546875,0.29296875,-0.111328125,-0.14453125
5306,53029475,53329475,0.604736328,-0.240844727,-0.73626709,0.184936523,0.55859375,0.08203125,-0.96484375,-7.9140625,5.6875,1.5390625,0.29296875,-0.111328125,-0.14453125
5307,53042017,53342017,0.605041504,-0.241638184,-0.736206055,0.183227539,0.55859375,0.08203125,-0.96484375,-7.9140625,5.6875,1.5390625,0.34375,-0.05078125,-0.1640625
5308,53051598,53351598,0.60534668,-0.242370605,-0.736083984,0.181640625,0.34375,0.25,-0.93359375,-7.9296875,5.671875,1.5078125,0.34375,-0.05078125,-0.1640625
5309,53063529,53363529,0.605834961,-0.243041992,-0.735839844,0.180114746,0.34375,0.25,-0.93359375,-7.9296875,5.671875,1.5078125,0.27734375,0.013671875,-0.140625
5310,53070320,53370320,0.606384277,-0.243530273,-0.735534668,0.178833008,0.43359375,0.53515625,-0.40625,-7.9453125,5.65625,1.4765625,0.27734375,0.013671875,-0.140625
5311,53084191,53384191,0.607116699,-0.243835449,-0.735046387,0.177856445,0.43359375,0.53515625,-0.40625,-7.9453125,5.65625,1.4765625,0.19140625,0.146484375,-0.125
5312,53095473,53395473,0.608032227,-0.243896484,-0.734436035,0.177124023,0.44921875,0.65625,-0.2890625,-7.9609375,5.6484375,1.4375,0.19140625,0.146484375,-0.125
5313,53105653,53405653,0.609130859,-0.243835449,-0.733703613,0.176574707,0.44921875,0.65625,-0.2890625,-7.9609375,5.6484375,1.4375,0.115234375,0.2421875,-0.109375
5314,53110328,53410328,0.610229492,-0.243652344,-0.732910156,0.176269531,0.28125,0.6328125,-0.42578125,-7.984375,5.6328125,1.3828125,0.115234375,0.2421875,-0.109375
5315,53123893,53423893,0.61138916,-0.243225098,-0.732116699,0.176208496,0.28125,0.6328125,-0.42578125,-7.984375,5.6328125,1.3828125,-0.0078125,0.279296875,-0.056640625
5316,53129976,53429976,0.612365723,-0.242736816,-0.731384277,0.176452637,0.3359375,0.6875,-0.37890625,-8,5.6171875,1.3359375,-0.0078125,0.279296875,-0.056640625
5317,53143209,53443209,0.61340332,-0.2421875,-0.73059082,0.176940918,0.3359375,0.6875,-0.37890625,-8,5.6171875,1.3359375,-0.080078125,0.28515625,-0.01171875
5318,53148258,53448258,0.614440918,-0.241577148,-0.729797363,0.17755127,0.3515625,0.53515625,-0.33203125,-8.015625,5.6171875,1.2890625,-0.080078125,0.28515625,-0.01171875
5319,53164441,53464441,0.615478516,-0.240905762,-0.729003906,0.178222656,0.3515625,0.53515625,-0.33203125,-8.015625,5.6171875,1.2890625,-0.10546875,0.31640625,0
5320,53175509,53475509,0.616516113,-0.240234375,-0.728149414,0.178894043,0.27734375,0.4296875,-0.2578125,-8.015625,5.609375,1.25,-0.10546875,0.31640625,0
5321,53185595,53485595,0.617675781,-0.239379883,-0.727233887,0.17980957,0.27734375,0.4296875,-0.2578125,-8.015625,5.609375,1.25,-0.162109375,0.365234375,0.009765625
5322,53190707,53490707,0.618835449,-0.23840332,-0.726257324,0.180847168,0.359375,0.390625,-0.09375,-8.0234375,5.609375,1.203125,-0.162109375,0.365234375,0.009765625
5323,53203660,53503660,0.620239258,-0.237243652,-0.725158691,0.182189941,0.359375,0.390625,-0.09375,-8.0234375,5.609375,1.203125,-0.25390625,0.435546875,0.02734375
5324,53209108,53509108,0.621582031,-0.235839844,-0.724060059,0.183776855,0.29296875,0.4296875,-0.1328125,-8.03125,5.609375,1.1640625,-0.25390625,0.435546875,0.02734375
5325,53222896,53522896,0.622924805,-0.234313965,-0.722961426,0.185546875,0.29296875,0.4296875,-0.1328125,-8.03125,5.609375,1.1640625,-0.380859375,0.5,0.048828125
5326,53228898,53528898,0.624328613,-0.23248291,-0.721801758,0.18762207,0.328125,0.50390625,-0.09375,-8.03125,5.609375,1.125,-0.380859375,0.5,0.048828125
5327,53243358,53543358,0.625793457,-0.230407715,-0.720581055,0.190002441,0.328125,0.50390625,-0.09375,-8.03125,5.609375,1.125,-0.517578125,0.5546875,0.060546875
5328,53253503,53553503,0.627197266,-0.228088379,-0.719360352,0.192504883,0.26171875,0.4296875,-0.17578125,-8.0390625,5.609375,1.09375,-0.517578125,0.5546875,0.060546875
5329,53263628,53563628,0.62878418,-0.225524902,-0.718078613,0.195373535,0.26171875,0.4296875,-0.17578125,-8.0390625,5.609375,1.09375,-0.625,0.626953125,0.0703125
5330,53271334,53571334,0.630371094,-0.22277832,-0.716674805,0.198425293,0.30078125,0.421875,-0.18359375,-8.0390625,5.6171875,1.0625,-0.625,0.626953125,0.0703125
5331,53283336,53583336,0.632080078,-0.219848633,-0.715148926,0.201721191,0.30078125,0.421875,-0.18359375,-8.0390625,5.6171875,1.0625,-0.732421875,0.75,0.099609375
5332,53290120,53590120,0.633972168,-0.21673584,-0.713378906,0.205322266,0.453125,0.3125,-0.296875,-8.0390625,5.609375,1.0234375,-0.732421875,0.75,0.099609375
5333,53303013,53603013,0.635925293,-0.213684082,-0.711486816,0.209106445,0.453125,0.3125,-0.296875,-8.0390625,5.609375,1.0234375,-0.7578125,0.828125,0.173828125
5334,53309015,53609015,0.637878418,-0.210754395,-0.709411621,0.213134766,0.453125,0.23046875,-0.41015625,-8.0390625,5.6171875,0.984375,-0.7578125,0.828125,0.173828125
5335,53323915,53623915,0.639892578,-0.207885742,-0.707214355,0.217285156,0.453125,0.23046875,-0.41015625,-8.0390625,5.6171875,0.984375,-0.775390625,0.884765625,0.2578125
5336,53333500,53633500,0.641906738,-0.20513916,-0.70489502,0.221557617,0.7109375,0.359375,-0.3125,-8.03125,5.640625,0.921875,-0.775390625,0.884765625,0.2578125
5337,53343652,53643652,0.644104004,-0.202209473,-0.702148438,0.226379395,0.7109375,0.359375,-0.3125,-8.03125,5.640625,0.921875,-0.7890625,0.958984375,0.34765625
5338,53351144,53651144,0.646240234,-0.199523926,-0.699401855,0.231262207,0.58203125,0.39453125,-0.5234375,-8.015625,5.6796875,0.8671875,-0.7890625,0.958984375,0.34765625
5339,53364281,53664281,0.648071289,-0.19708252,-0.696838379,0.235717773,0.58203125,0.39453125,-0.5234375,-8.015625,5.6796875,0.8671875,-0.755859375,0.919921875,0.37890625
5340,53370625,53670625,0.650024414,-0.194702148,-0.694091797,0.240356445,0.359375,0.65625,-0.68359375,-7.984375,5.7265625,0.796875,-0.755859375,0.919921875,0.37890625
5341,53384732,53684732,0.652038574,-0.192382812,-0.691223145,0.245117188,0.359375,0.65625,-0.68359375,-7.984375,5.7265625,0.796875,-0.67578125,0.912109375,0.423828125
5342,53388488,53688488,0.653808594,-0.190490723,-0.688476562,0.249511719,0.09765625,0.71484375,-0.73828125,-7.953125,5.78125,0.734375,-0.67578125,0.912109375,0.423828125
5343,53412616,53712616,0.655578613,-0.188537598,-0.68560791,0.254150391,0.09765625,0.71484375,-0.73828125,-7.953125,5.78125,0.734375,-0.6796875,0.896484375,0.4453125
5344,53412664,53712664,0.657531738,-0.186340332,-0.682556152,0.258972168,0.28125,0.96875,-0.67578125,-7.90625,5.8359375,0.671875,-0.6796875,0.896484375,0.4453125
5345,53427002,53727002,0.659545898,-0.184082031,-0.679443359,0.26361084,0.28125,0.96875,-0.67578125,-7.90625,5.8359375,0.671875,-0.70703125,1.00195312,0.423828125
5346,53431147,53731147,0.661682129,-0.18182373,-0.676147461,0.268249512,0.51171875,0.4375,-0.671875,-7.8671875,5.90625,0.59375,-0.70703125,1.00195312,0.423828125
5347,53443799,53743799,0.66394043,-0.179870605,-0.672790527,0.272399902,0.51171875,0.4375,-0.671875,-7.8671875,5.90625,0.59375,-0.544921875,1.05273438,0.423828125
5348,53449259,53749259,0.666564941,-0.178283691,-0.668884277,0.276611328,0.203125,-0.15234375,-1.0546875,-7.828125,5.9609375,0.515625,-0.544921875,1.05273438,0.423828125
5349,53464457,53764457,0.668884277,-0.177490234,-0.665344238,0.280029297,0.203125,-0.15234375,-1.0546875,-7.828125,5.9609375,0.515625,-0.2421875,0.94140625,0.48828125
5350,53468203,53768203,0.671020508,-0.177124023,-0.66192627,0.28314209,-0.1875,-0.19140625,-0.66796875,-7.78125,6.0390625,0.3984375,-0.2421875,0.94140625,0.48828125
5351,53483989,53783989,0.673156738,-0.176818848,-0.65826416,0.286804199,-0.1875,-0.19140625,-0.66796875,-7.78125,6.0390625,0.3984375,-0.30859375,0.837890625,0.546875
5352,53495678,53795678,0.674804688,-0.176269531,-0.655151367,0.290405273,-0.2890625,0.53125,-0.21484375,-7.71875,6.1171875,0.2890625,-0.30859375,0.837890625,0.546875
5353,53505731,53805731,0.676452637,-0.175231934,-0.651794434,0.294799805,-0.2890625,0.53125,-0.21484375,-7.71875,6.1171875,0.2890625,-0.5703125,0.8828125,0.560546875
5354,53510009,53810009,0.677978516,-0.17388916,-0.6484375,0.299316406,0.17578125,0.484375,-0.328125,-7.6484375,6.203125,0.2109375,-0.5703125,0.8828125,0.560546875
5355,53523401,53823401,0.679870605,-0.172363281,-0.644592285,0.304199219,0.17578125,0.484375,-0.328125,-7.6484375,6.203125,0.2109375,-0.5546875,1.01953125,0.56640625
5356,53529233,53829233,0.682006836,-0.171142578,-0.640625,0.30859375,0.61328125,-0.25,-0.6796875,-7.5859375,6.2890625,0.140625,-0.5546875,1.01953125,0.56640625
5357,53544134,53844134,0.684387207,-0.170349121,-0.636352539,0.3125,0.61328125,-0.25,-0.6796875,-7.5859375,6.2890625,0.140625,-0.2578125,1.04882812,0.560546875
5358,53547875,53847875,0.686767578,-0.170043945,-0.632263184,0.315612793,0.45703125,-0.34375,-0.4453125,-7.5078125,6.3828125,0.0234375,-0.2578125,1.04882812,0.560546875
5359,53563589,53863589,0.689453125,-0.16986084,-0.627868652,0.318664551,0.45703125,-0.34375,-0.4453125,-7.5078125,6.3828125,0.0234375,-0.1171875,0.98828125,0.501953125
5360,53573603,53873603,0.691711426,-0.169494629,-0.624023438,0.321472168,-0.37109375,0.11328125,-0.015625,-7.4453125,6.4609375,-0.1015625,-0.1171875,0.98828125,0.501953125
5361,53586861,53886861,0.693847656,-0.168762207,-0.620239258,0.324645996,-0.37109375,0.11328125,-0.015625,-7.4453125,6.4609375,-0.1015625,-0.32421875,0.90234375,0.41015625
5362,53591870,53891870,0.695678711,-0.167297363,-0.616760254,0.328063965,-0.6015625,0.38671875,-0.05078125,-7.3671875,6.53125,-0.21875,-0.32421875,0.90234375,0.41015625
5363,53603475,53903475,0.69732666,-0.164978027,-0.613525391,0.331787109,-0.6015625,0.38671875,-0.05078125,-7.3671875,6.53125,-0.21875,-0.693359375,0.9765625,0.255859375
5364,53610092,53910092,0.699035645,-0.161743164,-0.610168457,0.3359375,0,0.30078125,-0.171875,-7.3203125,6.578125,-0.2890625,-0.693359375,0.9765625,0.255859375
5365,53623776,53923776,0.700927734,-0.157958984,-0.606750488,0.340026855,0,0.30078125,-0.171875,-7.3203125,6.578125,-0.2890625,-0.787109375,1.10742188,0.08984375
5366,53629531,53929531,0.703063965,-0.15411377,-0.60333252,0.343444824,-0.22265625,-0.6953125,-0.26953125,-7.2890625,6.6171875,-0.34375,-0.787109375,1.10742188,0.08984375
5367,53644181,53944181,0.705322266,-0.151062012,-0.600341797,0.345397949,-0.22265625,-0.6953125,-0.26953125,-7.2890625,6.6171875,-0.34375,-0.2421875,0.904296875,-0.115234375
5368,53653490,53953490,0.707580566,-0.148925781,-0.597900391,0.34588623,-1.1484375,-1.84375,-0.078125,-7.28125,6.6171875,-0.421875,-0.2421875,0.904296875,-0.115234375
5369,53663766,53963766,0.709960938,-0.147338867,-0.595947266,0.345092773,-1.1484375,-1.84375,-0.078125,-7.28125,6.6171875,-0.421875,0.236328125,0.537109375,-0.3046875
5370,53670229,53970229,0.711975098,-0.145996094,-0.594787598,0.343566895,-1.69921875,-1.58203125,0.53515625,-7.3046875,6.5859375,-0.5390625,0.236328125,0.537109375,-0.3046875
5371,53683353,53983353,0.713684082,-0.143981934,-0.594238281,0.341796875,-1.69921875,-1.58203125,0.53515625,-7.3046875,6.5859375,-0.5390625,0.037109375,0.310546875,-0.5546875
5372,53689105,53989105,0.71484375,-0.140991211,-0.594116211,0.340759277,-0.92578125,-0.21875,0.27734375,-7.3515625,6.5234375,-0.625,0.037109375,0.310546875,-0.5546875
5373,53703180,54003180,0.715515137,-0.136962891,-0.594116211,0.341003418,-0.92578125,-0.21875,0.27734375,-7.3515625,6.5234375,-0.625,-0.67578125,0.41015625,-0.564453125
5374,53707983,54007983,0.715881348,-0.132080078,-0.593933105,0.342529297,0.06640625,0.3203125,0.36328125,-7.421875,6.4453125,-0.6328125,-0.67578125,0.41015625,-0.564453125
5375,53722878,54022878,0.716186523,-0.126708984,-0.593383789,0.344848633,0.06640625,0.3203125,0.36328125,-7.421875,6.4453125,-0.6328125,-0.955078125,0.544921875,-0.421875
5376,53734824,54034824,0.716430664,-0.121520996,-0.592651367,0.347473145,-0.0703125,0.765625,0.0234375,-7.4765625,6.3828125,-0.6015625,-0.955078125,0.544921875,-0.421875
5377,53744220,54044220,0.716796875,-0.11706543,-0.59173584,0.349853516,-0.0703125,0.765625,0.0234375,-7.4765625,6.3828125,-0.6015625,-0.787109375,0.556640625,-0.30078125
5378,53748515,54048515,0.717407227,-0.11315918,-0.590637207,0.351623535,0.00390625,0.4296875,0.26171875,-7.515625,6.3359375,-0.5703125,-0.787109375,0.556640625,-0.30078125
5379,53763508,54063508,0.718322754,-0.110229492,-0.589660645,0.352294922,0.00390625,0.4296875,0.26171875,-7.515625,6.3359375,-0.5703125,-0.162109375,0.3984375,-0.302734375
5380,53769218,54069218,0.719482422,-0.108459473,-0.589050293,0.35168457,-0.765625,-0.87109375,0.1171875,-7.546875,6.296875,-0.578125,-0.162109375,0.3984375,-0.302734375
5381,53783798,54083798,0.72076416,-0.106933594,-0.588562012,0.350280762,-0.765625,-0.87109375,0.1171875,-7.546875,6.296875,-0.578125,0.1328125,0.28125,-0.392578125
5382,53790539,54090539,0.722045898,-0.105041504,-0.58807373,0.348999023,-0.69140625,-0.39453125,0.41015625,-7.5859375,6.2421875,-0.640625,0.1328125,0.28125,-0.392578125
5383,53803517,54103517,0.723144531,-0.102539062,-0.587463379,0.348449707,-0.69140625,-0.39453125,0.41015625,-7.5859375,6.2421875,-0.640625,-0.271484375,0.443359375,-0.4140625
5384,53814633,54114633,0.723999023,-0.0989990234,-0.586608887,0.349243164,0.12109375,0.546875,0.30078125,-7.6328125,6.1796875,-0.6875,-0.271484375,0.443359375,-0.4140625
5385,53823986,54123986,0.724365234,-0.0952758789,-0.585632324,0.351074219,0.12109375,0.546875,0.30078125,-7.6328125,6.1796875,-0.6875,-0.763671875,0.50390625,-0.234375
5386,53830393,54130393,0.72454834,-0.0916137695,-0.584594727,0.353393555,0.27734375,0.47265625,-0.72265625,-7.671875,6.140625,-0.6953125,-0.763671875,0.50390625,-0.234375
5387,53843019,54143019,0.724609375,-0.088684082,-0.583740234,0.35546875,0.27734375,0.47265625,-0.72265625,-7.671875,6.140625,-0.6953125,-0.537109375,0.310546875,-0.09765625
5388,53851161,54151161,0.724609375,-0.086730957,-0.583129883,0.356811523,-0.86328125,-0.73828125,-0.12890625,-7.6796875,6.125,-0.6796875,-0.537109375,0.310546875,-0.09765625
5389,53863520,54163520,0.724731445,-0.0856933594,-0.582946777,0.357177734,-0.86328125,-0.73828125,-0.12890625,-7.6796875,6.125,-0.6796875,-0.025390625,0.064453125,-0.10546875
5390,53870013,54170013,0.725036621,-0.0852661133,-0.582885742,0.356750488,-1.4296875,-1.3046875,0.70703125,-7.6875,6.1171875,-0.671875,-0.025390625,0.064453125,-0.10546875
5391,53884271,54184271,0.725524902,-0.0848388672,-0.582824707,0.356079102,-1.4296875,-1.3046875,0.70703125,-7.6875,6.1171875,-0.671875,0.078125,0.119140625,-0.158203125
5392,53894651,54194651,0.726074219,-0.0841064453,-0.582458496,0.355651855,-0.83203125,-0.859375,1.22265625,-7.7109375,6.09375,-0.6875,0.078125,0.119140625,-0.158203125
5393,53903989,54203989,0.7265625,-0.0828857422,-0.58190918,0.355957031,-0.83203125,-0.859375,1.22265625,-7.7109375,6.09375,-0.6875,-0.220703125,0.251953125,-0.099609375
5394,53908291,54208291,0.726745605,-0.0814208984,-0.581298828,0.356750488,-0.625,-0.1953125,0.59375,-7.7265625,6.078125,-0.7109375,-0.220703125,0.251953125,-0.099609375
5395,53923732,54223732,0.7265625,-0.0800170898,-0.581054688,0.357910156,-0.625,-0.1953125,0.59375,-7.7265625,6.078125,-0.7109375,-0.357421875,0.0546875,-0.05078125
5396,53930982,54230982,0.725891113,-0.0787353516,-0.581359863,0.359130859,-1.3828125,0.1953125,0.08984375,-7.734375,6.0703125,-0.703125,-0.357421875,0.0546875,-0.05078125
5397,53943886,54243886,0.724853516,-0.0775756836,-0.582092285,0.360107422,-1.3828125,0.1953125,0.08984375,-7.734375,6.0703125,-0.703125,-0.36328125,-0.1875,-0.115234375
5398,53950337,54250337,0.723632812,-0.0763549805,-0.583312988,0.360961914,-1.56640625,-0.21484375,0.9453125,-7.7421875,6.0625,-0.640625,-0.36328125,-0.1875,-0.115234375
5399,53962932,54262932,0.722412109,-0.0751342773,-0.584594727,0.361572266,-1.56640625,-0.21484375,0.9453125,-7.7421875,6.0625,-0.640625,-0.34375,-0.236328125,-0.21875
5400,53972609,54272609,0.721313477,-0.0737915039,-0.585876465,0.361938477,-1.4296875,-0.5,1.21875,-7.765625,6.0390625,-0.5703125,-0.34375,-0.236328125,-0.21875
5401,53983267,54283267,0.720397949,-0.0724487305,-0.587036133,0.362182617,-1.4296875,-0.5,1.21875,-7.765625,6.0390625,-0.5703125,-0.263671875,-0.15234375,-0.2578125
5402,53989279,54289279,0.719543457,-0.0709228516,-0.588134766,0.362365723,-1.12109375,-1.03515625,1.33203125,-7.8046875,6,-0.4921875,-0.263671875,-0.15234375,-0.2578125
5403,54003191,54303191,0.71862793,-0.0692749023,-0.589233398,0.362731934,-1.12109375,-1.03515625,1.33203125,-7.8046875,6,-0.4921875,-0.365234375,-0.158203125,-0.265625
5404,54009224,54309224,0.717529297,-0.067565918,-0.590454102,0.363220215,-0.9375,-0.96484375,0.97265625,-7.8359375,5.96875,-0.4375,-0.365234375,-0.158203125,-0.265625
5405,54022989,54322989,0.716369629,-0.0659790039,-0.59185791,0.363586426,-0.9375,-0.96484375,0.97265625,-7.8359375,5.96875,-0.4375,-0.333984375,-0.267578125,-0.2890625
5406,54030863,54330863,0.71496582,-0.064453125,-0.59362793,0.363708496,-0.9375,-1.453125,0.59375,-7.875,5.921875,-0.3671875,-0.333984375,-0.267578125,-0.2890625
5407,54043492,54343492,0.713562012,-0.0632324219,-0.59552002,0.363525391,-0.9375,-1.453125,0.59375,-7.875,5.921875,-0.3671875,-0.2109375,-0.373046875,-0.328125
5408,54055331,54355331,0.712219238,-0.0621948242,-0.597595215,0.363037109,-1.00390625,-1.37109375,0.69140625,-7.921875,5.875,-0.2734375,-0.2109375,-0.373046875,-0.328125
5409,54066189,54366189,0.71081543,-0.0614013672,-0.59967041,0.362426758,-1.00390625,-1.37109375,0.69140625,-7.921875,5.875,-0.2734375,-0.1171875,-0.447265625,-0.34765625
5410,54070337,54370337,0.709350586,-0.0607299805,-0.602050781,0.361572266,-1.04296875,-1.0078125,0.9140625,-7.9609375,5.8203125,-0.1875,-0.1171875,-0.447265625,-0.34765625
5411,54082938,54382938,0.707641602,-0.0601806641,-0.604614258,0.360595703,-1.04296875,-1.0078125,0.9140625,-7.9609375,5.8203125,-0.1875,-0.048828125,-0.556640625,-0.34375
5412,54090854,54390854,0.705932617,-0.0599975586,-0.607299805,0.359436035,-1.07421875,-0.984375,0.75,-8.0078125,5.7578125,-0.1015625,-0.048828125,-0.556640625,-0.34375
5413,54103264,54403264,0.704101562,-0.0600585938,-0.610351562,0.358032227,-1.07421875,-0.984375,0.75,-8.0078125,5.7578125,-0.1015625,0.07421875,-0.6796875,-0.3515625
5414,54109270,54409270,0.702270508,-0.0603637695,-0.61328125,0.356445312,-1.0625,-0.76953125,0.79296875,-8.0546875,5.6953125,0.0078125,0.07421875,-0.6796875,-0.3515625
5415,54123175,54423175,0.700195312,-0.0607910156,-0.616577148,0.354736328,-1.0625,-0.76953125,0.79296875,-8.0546875,5.6953125,0.0078125,0.12109375,-0.783203125,-0.365234375
5416,54134656,54434656,0.697937012,-0.061340332,-0.620117188,0.352905273,-1.0625,-0.67578125,0.76171875,-8.09375,5.640625,0.1171875,0.12109375,-0.783203125,-0.365234375
5417,54146903,54446903,0.69543457,-0.0619506836,-0.623840332,0.351196289,-1.0625,-0.67578125,0.76171875,-8.09375,5.640625,0.1171875,0.08984375,-1.02539062,-0.361328125
5418,54151819,54451819,0.692077637,-0.0630493164,-0.628417969,0.34942627,-0.55859375,-0.84375,0.4765625,-8.140625,5.578125,0.25,0.08984375,-1.02539062,-0.361328125
5419,54162684,54462684,0.688720703,-0.0642700195,-0.632873535,0.347900391,-0.55859375,-0.84375,0.4765625,-8.140625,5.578125,0.25,0.068359375,-1.171875,-0.265625
5420,54171235,54471235,0.68548584,-0.0654296875,-0.637023926,0.346435547,-0.140625,-1.01953125,0.6015625,-8.171875,5.5234375,0.4296875,0.068359375,-1.171875,-0.265625
5421,54182749,54482749,0.682312012,-0.0665893555,-0.641296387,0.344604492,-0.140625,-1.01953125,0.6015625,-8.171875,5.5234375,0.4296875,0.166015625,-1.01953125,-0.32421875
5422,54188748,54488748,0.679443359,-0.0681762695,-0.645385742,0.342407227,-0.84765625,-0.97265625,-0.296875,-8.1953125,5.4765625,0.6015625,0.166015625,-1.01953125,-0.32421875
5423,54201640,54501640,0.676391602,-0.0704956055,-0.649658203,0.339782715,-0.84765625,-0.97265625,-0.296875,-8.1953125,5.4765625,0.6015625,0.458984375,-1.20898438,-0.244140625
5424,54217171,54517171,0.673400879,-0.0735473633,-0.653991699,0.336853027,-0.36328125,-0.76171875,-0.1015625,-8.21875,5.421875,0.75,0.458984375,-1.20898438,-0.244140625
5425,54221980,54521980,0.670532227,-0.076965332,-0.65814209,0.333618164,-0.36328125,-0.76171875,-0.1015625,-8.21875,5.421875,0.75,0.646484375,-1.18359375,-0.181640625
5426,54230431,54530431,0.66784668,-0.0803222656,-0.66204834,0.330505371,0.79296875,-0.34765625,0.140625,-8.2265625,5.390625,0.890625,0.646484375,-1.18359375,-0.181640625
5427,54242124,54542124,0.665344238,-0.0836791992,-0.665527344,0.327636719,0.79296875,-0.34765625,0.140625,-8.2265625,5.390625,0.890625,0.6015625,-1.04101562,-0.0859375
5428,54252729,54552729,0.662963867,-0.0871582031,-0.668762207,0.325073242,0.5625,-0.37109375,-0.359375,-8.2265625,5.375,1.0078125,0.6015625,-1.04101562,-0.0859375
5429,54262626,54562626,0.660583496,-0.0906982422,-0.67175293,0.322753906,0.5625,-0.37109375,-0.359375,-8.2265625,5.375,1.0078125,0.537109375,-0.943359375,0.0390625
5430,54270176,54570176,0.658325195,-0.0940551758,-0.674438477,0.320861816,0.6171875,0.234375,-0.3515625,-8.203125,5.3828125,1.1171875,0.537109375,-0.943359375,0.0390625
5431,54281772,54581772,0.656188965,-0.0972900391,-0.676757812,0.319213867,0.6171875,0.234375,-0.3515625,-8.203125,5.3828125,1.1171875,0.482421875,-0.814453125,0.125
5432,54297177,54597177,0.654174805,-0.100708008,-0.678955078,0.317749023,0.66796875,0.36328125,-0.71484375,-8.1796875,5.40625,1.2109375,0.482421875,-0.814453125,0.125
5433,54306541,54606541,0.652160645,-0.104370117,-0.680908203,0.316345215,0.66796875,0.36328125,-0.71484375,-8.1796875,5.40625,1.2109375,0.5,-0.744140625,0.21875
5434,54310675,54610675,0.65045166,-0.107910156,-0.682678223,0.315063477,0.515625,0.1015625,-0.79296875,-8.140625,5.4375,1.2890625,0.5,-0.744140625,0.21875
5435,54326666,54626666,0.648864746,-0.111816406,-0.684204102,0.313598633,0.515625,0.1015625,-0.79296875,-8.140625,5.4375,1.2890625,0.625,-0.654296875,0.255859375
5436,54330794,54630794,0.647705078,-0.115722656,-0.68536377,0.312072754,0.70703125,-0.18359375,-0.578125,-8.1015625,5.4921875,1.34375,0.625,-0.654296875,0.255859375
5437,54343607,54643607,0.646728516,-0.120117188,-0.686218262,0.310546875,0.70703125,-0.18359375,-0.578125,-8.1015625,5.4921875,1.34375,0.71484375,-0.51171875,0.35546875
5438,54348685,54648685,0.645874023,-0.124267578,-0.686828613,0.309326172,0.31640625,-0.015625,-0.52734375,-8.0546875,5.5546875,1.3671875,0.71484375,-0.51171875,0.35546875
5439,54367685,54667685,0.645080566,-0.128662109,-0.687255859,0.308227539,0.31640625,-0.015625,-0.52734375,-8.0546875,5.5546875,1.3671875,0.640625,-0.4296875,0.4140625
5440,54369169,54669169,0.644348145,-0.132446289,-0.687561035,0.307495117,0.4140625,0.25,-0.52734375,-8,5.6328125,1.3671875,0.640625,-0.4296875,0.4140625
5441,54382160,54682160,0.643737793,-0.136108398,-0.68762207,0.307128906,0.4140625,0.25,-0.52734375,-8,5.6328125,1.3671875,0.443359375,-0.251953125,0.43359375
5442,54390040,54690040,0.643371582,-0.139160156,-0.687255859,0.307189941,0.89453125,0.48046875,-0.2578125,-7.9453125,5.7109375,1.3671875,0.443359375,-0.251953125,0.43359375
5443,54405761,54705761,0.643310547,-0.141906738,-0.686584473,0.307617188,0.89453125,0.48046875,-0.2578125,-7.9453125,5.7109375,1.3671875,0.314453125,-0.015625,0.458984375
5444,54410008,54710008,0.643432617,-0.144348145,-0.685668945,0.308166504,0.91796875,0.40234375,-0.2734375,-7.890625,5.7890625,1.34375,0.314453125,-0.015625,0.458984375
5445,54422271,54722271,0.643554688,-0.147216797,-0.684631348,0.308959961,0.91796875,0.40234375,-0.2734375,-7.890625,5.7890625,1.34375,0.330078125,-0.01953125,0.5390625
5446,54429584,54729584,0.643554688,-0.150085449,-0.68359375,0.309814453,0.2421875,0.125,-0.2734375,-7.828125,5.875,1.3046875,0.330078125,-0.01953125,0.5390625
5447,54446226,54746226,0.643554688,-0.152709961,-0.682495117,0.310974121,0.2421875,0.125,-0.2734375,-7.828125,5.875,1.3046875,0.2265625,0.033203125,0.58984375
5448,54455690,54755690,0.643615723,-0.155212402,-0.681274414,0.312316895,0.75390625,0.10546875,-0.38671875,-7.765625,5.96875,1.265625,0.2265625,0.033203125,0.58984375
5449,54465628,54765628,0.643798828,-0.157714844,-0.679748535,0.313903809,0.75390625,0.10546875,-0.38671875,-7.765625,5.96875,1.265625,0.193359375,0.140625,0.654296875
5450,54469388,54769388,0.644226074,-0.16015625,-0.677978516,0.315673828,0.64453125,-0.0625,-0.203125,-7.6953125,6.0625,1.234375,0.193359375,0.140625,0.654296875
5451,54485630,54785630,0.644897461,-0.162658691,-0.675842285,0.317565918,0.64453125,-0.0625,-0.203125,-7.6953125,6.0625,1.234375,0.205078125,0.306640625,0.6875
5452,54489966,54789966,0.645751953,-0.164855957,-0.67364502,0.319458008,0.03125,-0.171875,-0.0703125,-7.6171875,6.171875,1.1796875,0.205078125,0.306640625,0.6875
5453,54502561,54802561,0.646972656,-0.166931152,-0.670898438,0.321716309,0.03125,-0.171875,-0.0703125,-7.6171875,6.171875,1.1796875,0.1328125,0.478515625,0.677734375
5454,54509105,54809105,0.648254395,-0.168701172,-0.66809082,0.323974609,-0.27734375,-0.16796875,-0.17578125,-7.5390625,6.28125,1.09375,0.1328125,0.478515625,0.677734375
5455,54526168,54826168,0.649780273,-0.170227051,-0.665100098,0.326293945,-0.27734375,-0.16796875,-0.17578125,-7.5390625,6.28125,1.09375,0.09765625,0.58203125,0.654296875
5456,54539143,54839143,0.651245117,-0.171630859,-0.66217041,0.328491211,-0.26953125,-0.19140625,-0.2734375,-7.46875,6.3828125,1,0.09765625,0.58203125,0.654296875
5457,54544492,54844492,0.652954102,-0.172973633,-0.659057617,0.330688477,-0.26953125,-0.19140625,-0.2734375,-7.46875,6.3828125,1,0.125,0.62890625,0.603515625
5458,54550596,54850596,0.654785156,-0.174133301,-0.655883789,0.332824707,0.00390625,-0.0859375,-0.21875,-7.3984375,6.46875,0.90625,0.125,0.62890625,0.603515625
5459,54566657,54866657,0.656799316,-0.174987793,-0.652404785,0.335144043,0.00390625,-0.0859375,-0.21875,-7.3984375,6.46875,0.90625,0.021484375,0.76953125,0.55859375
5460,54570777,54870777,0.658874512,-0.175415039,-0.648925781,0.337646484,0.59375,-0.140625,-0.0625,-7.3359375,6.5625,0.7890625,0.021484375,0.76953125,0.55859375
5461,54583590,54883590,0.661071777,-0.175537109,-0.645080566,0.340637207,0.59375,-0.140625,-0.0625,-7.3359375,6.5625,0.7890625,-0.103515625,0.88671875,0.578125
5462,54589964,54889964,0.663146973,-0.175537109,-0.641418457,0.343566895,0.71484375,-0.41015625,-0.17578125,-7.265625,6.640625,0.671875,-0.103515625,0.88671875,0.578125
5463,54605257,54905257,0.665283203,-0.175415039,-0.637390137,0.346923828,0.71484375,-0.41015625,-0.17578125,-7.265625,6.640625,0.671875,-0.193359375,0.94140625,0.623046875
5464,54613615,54913615,0.667358398,-0.175109863,-0.633422852,0.350402832,0.98828125,-0.765625,-0.18359375,-7.1953125,6.7265625,0.5625,-0.193359375,0.94140625,0.623046875
5465,54624257,54924257,0.669433594,-0.174682617,-0.629089355,0.354370117,0.98828125,-0.765625,-0.18359375,-7.1953125,6.7265625,0.5625,-0.275390625,0.974609375,0.654296875
5466,54629355,54929355,0.671325684,-0.174255371,-0.625061035,0.358093262,1.0703125,-0.765625,-0.30859375,-7.125,6.8046875,0.4609375,-0.275390625,0.974609375,0.654296875
5467,54646652,54946652,0.673339844,-0.17376709,-0.620666504,0.362243652,1.0703125,-0.765625,-0.30859375,-7.125,6.8046875,0.4609375,-0.3125,1.02148438,0.712890625
5468,54651545,54951545,0.675292969,-0.173278809,-0.616149902,0.366455078,1.484375,-0.78515625,-0.171875,-7.0390625,6.8984375,0.359375,-0.3125,1.02148438,0.712890625
5469,54663315,54963315,0.67755127,-0.172668457,-0.611083984,0.37109375,1.484375,-0.78515625,-0.171875,-7.0390625,6.8984375,0.359375,-0.361328125,1.15625,0.77734375
5470,54670890,54970890,0.679748535,-0.17199707,-0.605957031,0.375732422,1.45703125,-0.88671875,-0.13671875,-6.9375,7,0.25,-0.361328125,1.15625,0.77734375
5471,54681681,54981681,0.682067871,-0.171386719,-0.600646973,0.380310059,1.45703125,-0.88671875,-0.13671875,-6.9375,7,0.25,-0.3671875,1.29492188,0.84375
5472,54699066,54999066,0.684692383,-0.170593262,-0.594604492,0.385437012,1.2734375,-0.8046875,-0.2578125,-6.828125,7.109375,0.140625,-0.3671875,1.29492188,0.84375
5473,54704393,55004393,0.687316895,-0.169921875,-0.588500977,0.390380859,1.2734375,-0.8046875,-0.2578125,-6.828125,7.109375,0.140625,-0.3125,1.3671875,0.890625
5474,54710184,55010184,0.689819336,-0.169433594,-0.582641602,0.394897461,0.6875,-0.69140625,-0.5390625,-6.703125,7.2265625,0,-0.3125,1.3671875,0.890625
5475,54725646,55025646,0.692565918,-0.169189453,-0.576538086,0.399169922,0.6875,-0.69140625,-0.5390625,-6.703125,7.2265625,0,-0.140625,1.31835938,0.83984375
5476,54730357,55030357,0.69543457,-0.169128418,-0.570495605,0.402954102,-0.25,-0.07421875,-0.4375,-6.5703125,7.3359375,-0.140625,-0.140625,1.31835938,0.83984375
5477,54743102,55043102,0.698425293,-0.169067383,-0.564086914,0.406677246,-0.25,-0.07421875,-0.4375,-6.5703125,7.3359375,-0.140625,-0.05859375,1.3046875,0.787109375
5478,54750007,55050007,0.70135498,-0.168823242,-0.557983398,0.41027832,-1.21875,0.74609375,-0.203125,-6.4453125,7.4375,-0.296875,-0.05859375,1.3046875,0.787109375
5479,54767770,55067770,0.704101562,-0.168151855,-0.551879883,0.414001465,-1.21875,0.74609375,-0.203125,-6.4453125,7.4375,-0.296875,-0.2109375,1.36132812,0.6875
5480,54776241,55076241,0.706665039,-0.166870117,-0.546203613,0.417602539,-1.45703125,2.0703125,-0.16015625,-6.3203125,7.53125,-0.453125,-0.2109375,1.36132812,0.6875
