sample_index,offset_us,timestamp_us,quat_i,quat_j,quat_k,quat_real,linear_accel_x_mps2,linear_accel_y_mps2,linear_accel_z_mps2,gravity_x_mps2,gravity_y_mps2,gravity_z_mps2,gyro_x_radps,gyro_y_radps,gyro_z_radps
0,32275,332275,0.781921387,-0.0913085938,-0.18145752,0.589355469,-0.05078125,-0.1640625,0.1875,-1.75,9.2265625,-2.375,0.033203125,0.037109375,0.046875
1,32323,332323,0.782104492,-0.0914306641,-0.181152344,0.589172363,0.0859375,0.16015625,-0.0546875,-1.6953125,9.25,-2.359375,0.033203125,0.037109375,0.046875
2,32356,332356,0.782409668,-0.0914916992,-0.180786133,0.588867188,0.0859375,0.16015625,-0.0546875,-1.6953125,9.25,-2.359375,0.1015625,0.041015625,0.03515625
3,32404,332404,0.782775879,-0.0916137695,-0.180480957,0.588500977,-0.12109375,-0.1015625,-0.0390625,-1.6796875,9.2421875,-2.375,0.1015625,0.041015625,0.03515625
4,32436,332436,0.78314209,-0.0917358398,-0.180175781,0.58807373,-0.12109375,-0.1015625,-0.0390625,-1.6796875,9.2421875,-2.375,0.109375,0.05859375,0.025390625
5,32483,332483,0.783508301,-0.0916748047,-0.17980957,0.58770752,-0.12890625,-0.140625,0.05859375,-1.671875,9.2421875,-2.3984375,0.109375,0.05859375,0.025390625
6,32515,332515,0.783752441,-0.0915527344,-0.179382324,0.587524414,-0.12890625,-0.140625,0.05859375,-1.671875,9.2421875,-2.3984375,0.046875,0.080078125,0.01171875
7,33974,333974,0.783630371,-0.0886230469,-0.173522949,0.58984375,-0.12890625,-0.140625,0.05859375,-1.6640625,9.2421875,-2.4140625,0.046875,0.080078125,0.01171875
8,45020,345020,0.783325195,-0.0881958008,-0.173095703,0.590454102,-0.12890625,-0.140625,0.05859375,-1.6640625,9.2421875,-2.4140625,-0.154296875,0.1328125,0.0078125
9,49980,349980,0.782958984,-0.0877075195,-0.172668457,0.591186523,-0.046875,0.03515625,0.04296875,-1.6015625,9.2578125,-2.3828125,-0.154296875,0.1328125,0.0078125
10,61363,361363,0.782592773,-0.0872192383,-0.172302246,0.59185791,-0.046875,0.03515625,0.04296875,-1.6015625,9.2578125,-2.3828125,-0.166015625,0.09375,-0.0078125
11,64921,364921,0.782226562,-0.0867919922,-0.172058105,0.592468262,-0.0546875,-0.0859375,0.01953125,-1.59375,9.265625,-2.359375,-0.166015625,0.09375,-0.0078125
12,76933,376933,0.781799316,-0.0862426758,-0.171813965,0.593139648,-0.0546875,-0.0859375,0.01953125,-1.59375,9.265625,-2.359375,-0.173828125,0.103515625,-0.021484375
13,84744,384744,0.781433105,-0.0857543945,-0.171508789,0.593811035,0.05859375,-0.09375,0.06640625,-1.59375,9.2734375,-2.328125,-0.173828125,0.103515625,-0.021484375
14,101652,401652,0.780944824,-0.0852050781,-0.171020508,0.594604492,0.05859375,-0.09375,0.06640625,-1.59375,9.2734375,-2.328125,-0.185546875,0.126953125,0.0078125
15,104636,404636,0.780517578,-0.084777832,-0.170593262,0.595397949,0.13671875,-0.1015625,-0.00390625,-1.59375,9.28125,-2.296875,-0.185546875,0.126953125,0.0078125
16,118635,418635,0.780029297,-0.0844726562,-0.170166016,0.596191406,0.13671875,-0.1015625,-0.00390625,-1.59375,9.28125,-2.296875,-0.173828125,0.0859375,0.0390625
17,124968,424968,0.779663086,-0.0842895508,-0.169799805,0.596862793,0.01171875,0.03515625,-0.07421875,-1.5859375,9.296875,-2.265625,-0.173828125,0.0859375,0.0390625
18,139288,439288,0.77935791,-0.0842285156,-0.169433594,0.597351074,0.01171875,0.03515625,-0.07421875,-1.5859375,9.296875,-2.265625,-0.10546875,0.0546875,0.076171875
19,144917,444917,0.778991699,-0.0843505859,-0.169006348,0.597900391,0.07421875,0.1796875,0.09375,-1.5703125,9.3046875,-2.2421875,-0.10546875,0.0546875,0.076171875
20,158984,458984,0.778625488,-0.0845336914,-0.168579102,0.598510742,0.07421875,0.1796875,0.09375,-1.5703125,9.3046875,-2.2421875,-0.14453125,0.033203125,0.12109375
21,164739,464739,0.778076172,-0.084777832,-0.168029785,0.599304199,0.01953125,0.36328125,0.1875,-1.5546875,9.3125,-2.21875,-0.14453125,0.033203125,0.12109375
22,181336,481336,0.77746582,-0.0850830078,-0.167419434,0.600219727,0.01953125,0.36328125,0.1875,-1.5546875,9.3125,-2.21875,-0.216796875,0.068359375,0.169921875
23,184894,484894,0.776794434,-0.0853881836,-0.166748047,0.601257324,0.06640625,0.5,0,-1.5234375,9.328125,-2.1875,-0.216796875,0.068359375,0.169921875
24,198522,498522,0.776062012,-0.0859375,-0.16595459,0.602294922,0.06640625,0.5,0,-1.5234375,9.328125,-2.1875,-0.21484375,0.04296875,0.234375
25,204849,504849,0.775390625,-0.0866699219,-0.165161133,0.60333252,0.1796875,0.33984375,0,-1.484375,9.3359375,-2.1484375,-0.21484375,0.04296875,0.234375
26,218826,518826,0.774719238,-0.0877075195,-0.164367676,0.604248047,0.1796875,0.33984375,0,-1.484375,9.3359375,-2.1484375,-0.16015625,-0.037109375,0.3125
27,225006,525006,0.774108887,-0.0891113281,-0.163635254,0.604980469,0.1171875,0.35546875,0.11328125,-1.421875,9.359375,-2.109375,-0.16015625,-0.037109375,0.3125
28,238525,538525,0.773498535,-0.0907592773,-0.162963867,0.605773926,0.1171875,0.35546875,0.11328125,-1.421875,9.359375,-2.109375,-0.14453125,-0.138671875,0.41796875
29,244947,544947,0.772644043,-0.0928344727,-0.16217041,0.606689453,0.09375,0.80078125,0.3125,-1.359375,9.375,-2.078125,-0.14453125,-0.138671875,0.41796875
30,260275,560275,0.771850586,-0.0949707031,-0.161132812,0.607666016,0.09375,0.80078125,0.3125,-1.359375,9.375,-2.078125,-0.171875,-0.064453125,0.515625
31,264388,564388,0.771118164,-0.0968017578,-0.159667969,0.608703613,0.28515625,1.0078125,-0.0234375,-1.28125,9.3984375,-2.046875,-0.171875,-0.064453125,0.515625
32,277341,577341,0.770507812,-0.0983276367,-0.157531738,0.609802246,0.28515625,1.0078125,-0.0234375,-1.28125,9.3984375,-2.046875,-0.154296875,0.212890625,0.546875
33,284493,584493,0.769958496,-0.0995483398,-0.154968262,0.610900879,0.3359375,0.68359375,-0.5078125,-1.1796875,9.4140625,-2.0234375,-0.154296875,0.212890625,0.546875
34,302143,602143,0.769470215,-0.100646973,-0.152282715,0.611999512,0.3359375,0.68359375,-0.5078125,-1.1796875,9.4140625,-2.0234375,-0.126953125,0.265625,0.5234375
35,305150,605150,0.769165039,-0.101867676,-0.149963379,0.612854004,0.06640625,0.27734375,-0.8359375,-1.0625,9.4375,-2,-0.126953125,0.265625,0.5234375
36,319530,619530,0.768981934,-0.103393555,-0.147888184,0.61328125,0.06640625,0.27734375,-0.8359375,-1.0625,9.4375,-2,0.060546875,0.08203125,0.482421875
37,324774,624774,0.769104004,-0.105163574,-0.146240234,0.613220215,-0.15234375,-0.234375,0.08203125,-0.9609375,9.453125,-2,0.060546875,0.08203125,0.482421875
38,336392,636392,0.76940918,-0.106872559,-0.145019531,0.612854004,-0.15234375,-0.234375,0.08203125,-0.9609375,9.453125,-2,0.17578125,-0.037109375,0.353515625
39,344836,644836,0.769775391,-0.108215332,-0.144042969,0.612365723,-0.23046875,-0.6953125,1.0234375,-0.8828125,9.453125,-2.0234375,0.17578125,-0.037109375,0.353515625
40,358682,658682,0.770324707,-0.109375,-0.142883301,0.611755371,-0.23046875,-0.6953125,1.0234375,-0.8828125,9.453125,-2.0234375,0.20703125,0.0625,0.236328125
41,364869,664869,0.770874023,-0.110046387,-0.141784668,0.61114502,-0.29296875,-0.8125,0.3359375,-0.8203125,9.453125,-2.0625,0.20703125,0.0625,0.236328125
42,380272,680272,0.771606445,-0.110290527,-0.140380859,0.610534668,-0.29296875,-0.8125,0.3359375,-0.8203125,9.453125,-2.0625,0.208984375,0.216796875,0.162109375
43,384394,684394,0.772277832,-0.110412598,-0.139038086,0.609924316,-0.5703125,-1.00390625,-0.19921875,-0.7734375,9.453125,-2.1015625,0.208984375,0.216796875,0.162109375
44,396915,696915,0.773254395,-0.110839844,-0.137878418,0.608947754,-0.5703125,-1.00390625,-0.19921875,-0.7734375,9.453125,-2.1015625,0.3203125,0.072265625,0.142578125
45,404288,704288,0.774047852,-0.11151123,-0.137268066,0.607910156,-0.984375,-1.72265625,-0.7265625,-0.7421875,9.4453125,-2.1484375,0.3203125,0.072265625,0.142578125
46,420284,720284,0.774841309,-0.112548828,-0.137084961,0.606811523,-0.984375,-1.72265625,-0.7265625,-0.7421875,9.4453125,-2.1484375,0.251953125,-0.146484375,0.126953125
47,424405,724405,0.775268555,-0.113708496,-0.137268066,0.605957031,-0.69921875,-1.20703125,-0.05078125,-0.71875,9.4296875,-2.2109375,0.251953125,-0.146484375,0.126953125
48,437545,737545,0.775512695,-0.114990234,-0.137634277,0.60534668,-0.69921875,-1.20703125,-0.05078125,-0.71875,9.4296875,-2.2109375,0.1171875,-0.20703125,0.123046875
49,444874,744874,0.775634766,-0.116088867,-0.137939453,0.604858398,-0.515625,-0.3203125,0.66796875,-0.7109375,9.421875,-2.2421875,0.1171875,-0.20703125,0.123046875
50,458837,758837,0.775817871,-0.117004395,-0.138122559,0.604370117,-0.515625,-0.3203125,0.66796875,-0.7109375,9.421875,-2.2421875,0.1328125,-0.119140625,0.080078125
51,464653,764653,0.776184082,-0.117553711,-0.138244629,0.603881836,-0.33984375,-0.00390625,0.33984375,-0.6953125,9.4140625,-2.2578125,0.1328125,-0.119140625,0.080078125
52,479011,779011,0.776611328,-0.117736816,-0.138244629,0.603271484,-0.33984375,-0.00390625,0.33984375,-0.6953125,9.4140625,-2.2578125,0.134765625,0.001953125,-0.02734375
53,484833,784833,0.777038574,-0.117492676,-0.138183594,0.602783203,-0.1796875,0.22265625,0.32421875,-0.703125,9.4140625,-2.28125,0.134765625,0.001953125,-0.02734375
54,500276,800276,0.77746582,-0.116943359,-0.138122559,0.602355957,-0.1796875,0.22265625,0.32421875,-0.703125,9.4140625,-2.28125,0.091796875,0.11328125,-0.115234375
55,504397,804397,0.777832031,-0.116210938,-0.137939453,0.601989746,-0.01953125,0.0390625,0.30078125,-0.7109375,9.40625,-2.296875,0.091796875,0.11328125,-0.115234375
56,518879,818879,0.778320312,-0.115478516,-0.137817383,0.6015625,-0.01953125,0.0390625,0.30078125,-0.7109375,9.40625,-2.296875,0.123046875,0.10546875,-0.115234375
57,524714,824714,0.778930664,-0.114868164,-0.137695312,0.600952148,-0.26953125,-0.44921875,-0.32421875,-0.7265625,9.3984375,-2.3203125,0.123046875,0.10546875,-0.115234375
58,538834,838834,0.779541016,-0.114318848,-0.137695312,0.600219727,-0.26953125,-0.44921875,-0.32421875,-0.7265625,9.3984375,-2.3203125,0.171875,0.044921875,-0.11328125
59,544636,844636,0.780151367,-0.114013672,-0.137878418,0.599487305,-0.33203125,-0.55078125,-0.30078125,-0.7421875,9.3828125,-2.34375,0.171875,0.044921875,-0.11328125
60,558840,858840,0.780700684,-0.113891602,-0.138244629,0.598693848,-0.33203125,-0.55078125,-0.30078125,-0.7421875,9.3828125,-2.34375,0.18359375,-0.072265625,-0.080078125
61,564667,864667,0.78125,-0.114013672,-0.13861084,0.597900391,-0.078125,-0.1953125,-0.22265625,-0.765625,9.375,-2.3828125,0.18359375,-0.072265625,-0.080078125
62,580281,880281,0.781738281,-0.114257812,-0.139038086,0.597045898,-0.078125,-0.1953125,-0.22265625,-0.765625,9.375,-2.3828125,0.189453125,-0.09375,-0.025390625
63,584403,884403,0.782287598,-0.114624023,-0.139282227,0.596252441,0.00390625,0.1640625,-0.078125,-0.7734375,9.359375,-2.4140625,0.189453125,-0.09375,-0.025390625
64,598611,898611,0.782958984,-0.11505127,-0.139343262,0.595275879,0.00390625,0.1640625,-0.078125,-0.7734375,9.359375,-2.4140625,0.244140625,-0.056640625,0.01953125
65,604423,904423,0.783630371,-0.115356445,-0.139282227,0.594299316,-0.0546875,0.86328125,0.15234375,-0.7890625,9.3515625,-2.453125,0.244140625,-0.056640625,0.01953125
66,620605,920605,0.784301758,-0.115539551,-0.138977051,0.593444824,-0.0546875,0.86328125,0.15234375,-0.7890625,9.3515625,-2.453125,0.21484375,0.0546875,0.021484375
67,624155,924155,0.784912109,-0.115539551,-0.138549805,0.592773438,-0.0234375,0.9140625,0.23828125,-0.78125,9.3359375,-2.5,0.21484375,0.0546875,0.021484375
68,637864,937864,0.785339355,-0.115478516,-0.138061523,0.592285156,-0.0234375,0.9140625,0.23828125,-0.78125,9.3359375,-2.5,0.1015625,0.08984375,0.01953125
69,644033,944033,0.785583496,-0.11541748,-0.137695312,0.592041016,-0.22265625,0.42578125,0.26953125,-0.7734375,9.328125,-2.53125,0.1015625,0.08984375,0.01953125
70,658418,958418,0.785705566,-0.11541748,-0.137451172,0.592041016,-0.22265625,0.42578125,0.26953125,-0.7734375,9.328125,-2.53125,-0.0078125,0.017578125,0.029296875
71,664262,964262,0.785583496,-0.115478516,-0.137329102,0.592163086,-0.26953125,0.08203125,0.54296875,-0.765625,9.328125,-2.5390625,-0.0078125,0.017578125,0.029296875
72,678388,978388,0.785400391,-0.115478516,-0.137268066,0.592407227,-0.26953125,0.08203125,0.54296875,-0.765625,9.328125,-2.5390625,-0.068359375,0.001953125,0.01953125
73,684760,984760,0.785217285,-0.115478516,-0.137268066,0.592712402,-0.00390625,-0.41796875,0.34375,-0.765625,9.328125,-2.53125,-0.068359375,0.001953125,0.01953125
74,699868,999868,0.78503418,-0.115478516,-0.137207031,0.592956543,-0.00390625,-0.41796875,0.34375,-0.765625,9.328125,-2.53125,-0.05078125,0.01953125,0.0078125
75,705127,1005127,0.784912109,-0.11541748,-0.137145996,0.593078613,0.07421875,-0.42578125,0.0625,-0.765625,9.3359375,-2.515625,-0.05078125,0.01953125,0.0078125
76,718905,1018905,0.784912109,-0.115356445,-0.137145996,0.593139648,0.07421875,-0.42578125,0.0625,-0.765625,9.3359375,-2.515625,0.001953125,0,-0.013671875
77,724723,1024723,0.784912109,-0.11529541,-0.137268066,0.593078613,-0.23046875,-0.50390625,-0.328125,-0.765625,9.3359375,-2.5078125,0.001953125,0,-0.013671875
78,739365,1039365,0.78503418,-0.11529541,-0.137634277,0.592895508,-0.23046875,-0.50390625,-0.328125,-0.765625,9.3359375,-2.5078125,0.0234375,-0.07421875,-0.064453125
79,744811,1044811,0.784973145,-0.11529541,-0.138183594,0.592773438,-0.30078125,-0.6171875,-0.24609375,-0.7734375,9.3359375,-2.515625,0.0234375,-0.07421875,-0.064453125
80,758901,1058901,0.784912109,-0.115234375,-0.138916016,0.592773438,-0.30078125,-0.6171875,-0.24609375,-0.7734375,9.3359375,-2.515625,-0.044921875,-0.12109375,-0.091796875
81,764715,1064715,0.784667969,-0.11517334,-0.139709473,0.592834473,-0.046875,-0.5390625,0.24609375,-0.796875,9.3359375,-2.5078125,-0.044921875,-0.12109375,-0.091796875
82,778399,1078399,0.784484863,-0.114929199,-0.140380859,0.593017578,-0.046875,-0.5390625,0.24609375,-0.796875,9.3359375,-2.5078125,-0.080078125,-0.07421875,-0.111328125
83,784031,1084031,0.784240723,-0.114624023,-0.141052246,0.593200684,-0.0625,-0.42578125,0.19140625,-0.8203125,9.3359375,-2.4921875,-0.080078125,-0.07421875,-0.111328125
84,798024,1098024,0.784057617,-0.114257812,-0.141784668,0.593383789,-0.0625,-0.42578125,0.19140625,-0.8203125,9.3359375,-2.4921875,-0.072265625,-0.0703125,-0.140625
85,804188,1104188,0.783874512,-0.113830566,-0.14251709,0.593566895,-0.30078125,-0.234375,0.296875,-0.8515625,9.3359375,-2.484375,-0.072265625,-0.0703125,-0.140625
86,818414,1118414,0.783508301,-0.113342285,-0.143371582,0.59387207,-0.30078125,-0.234375,0.296875,-0.8515625,9.3359375,-2.484375,-0.150390625,-0.0703125,-0.16796875
87,824416,1124416,0.783081055,-0.112731934,-0.144226074,0.594360352,-0.26953125,-0.08203125,0.3125,-0.8828125,9.3359375,-2.4609375,-0.150390625,-0.0703125,-0.16796875
88,838900,1138900,0.782592773,-0.111938477,-0.145263672,0.594909668,-0.26953125,-0.08203125,0.3125,-0.8828125,9.3359375,-2.4609375,-0.18359375,-0.056640625,-0.21484375
89,844718,1144718,0.782165527,-0.111083984,-0.146240234,0.595397949,-0.23046875,-0.2421875,0.16015625,-0.921875,9.34375,-2.421875,-0.18359375,-0.056640625,-0.21484375
90,859731,1159731,0.781738281,-0.110107422,-0.147338867,0.59588623,-0.23046875,-0.2421875,0.16015625,-0.921875,9.34375,-2.421875,-0.162109375,-0.052734375,-0.267578125
91,864410,1164410,0.78137207,-0.109069824,-0.1484375,0.596252441,-0.296875,-0.328125,0.08984375,-0.96875,9.3515625,-2.390625,-0.162109375,-0.052734375,-0.267578125
92,878773,1178773,0.78112793,-0.107910156,-0.149536133,0.596557617,-0.296875,-0.328125,0.08984375,-0.96875,9.3515625,-2.390625,-0.119140625,-0.03515625,-0.306640625
93,884577,1184577,0.781005859,-0.106689453,-0.150695801,0.596618652,-0.2421875,-0.3203125,-0.02734375,-1.0234375,9.34375,-2.3515625,-0.119140625,-0.03515625,-0.306640625
94,899408,1199408,0.781066895,-0.105285645,-0.151855469,0.596496582,-0.2421875,-0.3203125,-0.02734375,-1.0234375,9.34375,-2.3515625,-0.001953125,-0.015625,-0.375
95,904657,1204657,0.781311035,-0.103820801,-0.153076172,0.596069336,-0.28515625,-0.42578125,-0.1875,-1.09375,9.3359375,-2.34375,-0.001953125,-0.015625,-0.375
96,918793,1218793,0.781799316,-0.102111816,-0.15447998,0.595397949,-0.28515625,-0.42578125,-0.1875,-1.09375,9.3359375,-2.34375,0.111328125,-0.005859375,-0.48046875
97,924608,1224608,0.782470703,-0.100280762,-0.155883789,0.594482422,-0.23828125,-0.5625,-0.1015625,-1.1796875,9.3203125,-2.3515625,0.111328125,-0.005859375,-0.48046875
98,939290,1239290,0.783203125,-0.0983276367,-0.157287598,0.593444824,-0.23828125,-0.5625,-0.1015625,-1.1796875,9.3203125,-2.3515625,0.17578125,0.0234375,-0.525390625
99,944555,1244555,0.784057617,-0.0963745117,-0.158630371,0.592346191,-0.18359375,-0.5078125,-0.1484375,-1.2734375,9.3046875,-2.3828125,0.17578125,0.0234375,-0.525390625
100,958904,1258904,0.784851074,-0.094543457,-0.159912109,0.591186523,-0.18359375,-0.5078125,-0.1484375,-1.2734375,9.3046875,-2.3828125,0.17578125,0.009765625,-0.455078125
101,964727,1264727,0.785461426,-0.0930786133,-0.161132812,0.590270996,-0.05078125,-0.1796875,-0.19140625,-1.3671875,9.28125,-2.4140625,0.17578125,0.009765625,-0.455078125
102,978984,1278984,0.785888672,-0.0919799805,-0.16229248,0.589599609,-0.05078125,-0.1796875,-0.19140625,-1.3671875,9.28125,-2.4140625,0.08203125,-0.080078125,-0.30859375
103,984224,1284224,0.786071777,-0.0911865234,-0.163574219,0.589111328,0.05859375,0.609375,0.06640625,-1.4375,9.2578125,-2.4453125,0.08203125,-0.080078125,-0.30859375
104,997354,1297354,0.786071777,-0.090637207,-0.164733887,0.588867188,0.05859375,0.609375,0.06640625,-1.4375,9.2578125,-2.4453125,-0.033203125,-0.125,-0.208984375
105,1004301,1304301,0.785888672,-0.0901489258,-0.165710449,0.588867188,0.1484375,1.1171875,0.3359375,-1.4921875,9.25,-2.4453125,-0.033203125,-0.125,-0.208984375
106,1019403,1319403,0.785705566,-0.0895996094,-0.166687012,0.588989258,0.1484375,1.1171875,0.3359375,-1.4921875,9.25,-2.4453125,-0.08203125,-0.072265625,-0.185546875
107,1024854,1324854,0.785400391,-0.0889282227,-0.167541504,0.589172363,0.11328125,1.1171875,0.58984375,-1.53125,9.25,-2.4296875,-0.08203125,-0.072265625,-0.185546875
108,1037626,1337626,0.78515625,-0.0881347656,-0.168151855,0.589538574,0.11328125,1.1171875,0.58984375,-1.53125,9.25,-2.4296875,-0.130859375,0.01171875,-0.17578125
109,1044005,1344005,0.784851074,-0.0872802734,-0.168640137,0.58984375,0.11328125,0.84765625,0.2578125,-1.5703125,9.25,-2.40625,-0.130859375,0.01171875,-0.17578125
110,1058361,1358361,0.784667969,-0.0864868164,-0.169067383,0.590087891,0.11328125,0.84765625,0.2578125,-1.5703125,9.25,-2.40625,-0.091796875,0.0234375,-0.158203125
111,1066117,1366117,0.784423828,-0.0857543945,-0.169494629,0.590393066,-0.046875,0.234375,-0.0703125,-1.6015625,9.25,-2.3828125,-0.091796875,0.0234375,-0.158203125
112,1077772,1377772,0.784057617,-0.0852661133,-0.16998291,0.590881348,-0.046875,0.234375,-0.0703125,-1.6015625,9.25,-2.3828125,-0.158203125,-0.037109375,-0.0859375
113,1084142,1384142,0.783569336,-0.0850219727,-0.170471191,0.591430664,0.015625,0.11328125,-0.2109375,-1.625,9.2578125,-2.359375,-0.158203125,-0.037109375,-0.0859375
114,1100828,1400828,0.78302002,-0.0850830078,-0.170959473,0.59197998,0.015625,0.11328125,-0.2109375,-1.625,9.2578125,-2.359375,-0.126953125,-0.10546875,0.001953125
115,1104400,1404400,0.782592773,-0.0853881836,-0.171386719,0.592346191,0.10546875,-0.078125,-0.1640625,-1.640625,9.2578125,-2.328125,-0.126953125,-0.10546875,0.001953125
116,1118749,1418749,0.782287598,-0.0859985352,-0.171875,0.592529297,0.10546875,-0.078125,-0.1640625,-1.640625,9.2578125,-2.328125,-0.0234375,-0.154296875,0.05859375
117,1126171,1426171,0.782104492,-0.0866699219,-0.172302246,0.592529297,0.10546875,0.06640625,-0.2265625,-1.640625,9.265625,-2.3046875,-0.0234375,-0.154296875,0.05859375
118,1139004,1439004,0.781921387,-0.0874023438,-0.172668457,0.592529297,0.10546875,0.06640625,-0.2265625,-1.640625,9.265625,-2.3046875,0.001953125,-0.14453125,0.083984375
119,1144244,1444244,0.781799316,-0.0881958008,-0.172973633,0.592468262,0.25390625,0.44921875,-0.2734375,-1.6328125,9.265625,-2.296875,0.001953125,-0.14453125,0.083984375
120,1158926,1458926,0.781799316,-0.089050293,-0.173278809,0.592285156,0.25390625,0.44921875,-0.2734375,-1.6328125,9.265625,-2.296875,0.0703125,-0.134765625,0.091796875
121,1166169,1466169,0.781921387,-0.08984375,-0.173461914,0.59197998,0.24609375,0.48828125,-0.07421875,-1.625,9.265625,-2.3046875,0.0703125,-0.134765625,0.091796875
122,1178991,1478991,0.782104492,-0.0906982422,-0.17364502,0.591552734,0.24609375,0.48828125,-0.07421875,-1.625,9.265625,-2.3046875,0.130859375,-0.119140625,0.099609375
123,1184237,1484237,0.782348633,-0.0915527344,-0.173706055,0.591064453,0.15234375,0.3359375,-0.09375,-1.609375,9.265625,-2.3203125,0.130859375,-0.119140625,0.099609375
124,1198933,1498933,0.782592773,-0.0925292969,-0.17376709,0.590637207,0.15234375,0.3359375,-0.09375,-1.609375,9.265625,-2.3203125,0.119140625,-0.115234375,0.138671875
125,1206099,1506099,0.782653809,-0.0935668945,-0.173706055,0.590332031,0.09765625,0.296875,-0.15625,-1.59375,9.265625,-2.3359375,0.119140625,-0.115234375,0.138671875
126,1218837,1518837,0.782653809,-0.0947265625,-0.173583984,0.590209961,0.09765625,0.296875,-0.15625,-1.59375,9.265625,-2.3359375,0.02734375,-0.11328125,0.21875
127,1224105,1524105,0.782409668,-0.0960083008,-0.173339844,0.590393066,-0.00390625,0.2578125,0.04296875,-1.5703125,9.265625,-2.34375,0.02734375,-0.11328125,0.21875
128,1239589,1539589,0.782104492,-0.0974121094,-0.173095703,0.590637207,-0.00390625,0.2578125,0.04296875,-1.5703125,9.265625,-2.34375,-0.037109375,-0.150390625,0.287109375
129,1245309,1545309,0.781677246,-0.0989990234,-0.172790527,0.591003418,-0.078125,0.171875,0.04296875,-1.53125,9.2734375,-2.34375,-0.037109375,-0.150390625,0.287109375
130,1258121,1558121,0.781311035,-0.100585938,-0.172424316,0.591369629,-0.078125,0.171875,0.04296875,-1.53125,9.2734375,-2.34375,-0.048828125,-0.119140625,0.3046875
131,1265267,1565267,0.781005859,-0.101989746,-0.17199707,0.591674805,0.09765625,0.12109375,0.02734375,-1.4765625,9.2890625,-2.328125,-0.048828125,-0.119140625,0.3046875
132,1278671,1578671,0.780883789,-0.103271484,-0.171508789,0.59173584,0.09765625,0.12109375,0.02734375,-1.4765625,9.2890625,-2.328125,0.041015625,-0.080078125,0.259765625
133,1285853,1585853,0.780761719,-0.104492188,-0.171142578,0.591796875,-0.10546875,-0.078125,-0.01171875,-1.4296875,9.296875,-2.328125,0.041015625,-0.080078125,0.259765625
134,1299768,1599768,0.780456543,-0.105712891,-0.170837402,0.592041016,-0.10546875,-0.078125,-0.01171875,-1.4296875,9.296875,-2.328125,-0.052734375,-0.115234375,0.234375
135,1305462,1605462,0.780029297,-0.106872559,-0.170715332,0.592407227,-0.14453125,-0.1640625,0.25,-1.390625,9.3046875,-2.3203125,-0.052734375,-0.115234375,0.234375
136,1318794,1618794,0.779541016,-0.108093262,-0.170715332,0.592895508,-0.14453125,-0.1640625,0.25,-1.390625,9.3046875,-2.3203125,-0.080078125,-0.16015625,0.201171875
137,1325600,1625600,0.779052734,-0.10925293,-0.170837402,0.593200684,-0.17578125,-0.36328125,0.1171875,-1.359375,9.3125,-2.3046875,-0.080078125,-0.16015625,0.201171875
138,1339019,1639019,0.778564453,-0.110351562,-0.171020508,0.593688965,-0.17578125,-0.36328125,0.1171875,-1.359375,9.3125,-2.3046875,-0.11328125,-0.150390625,0.171875
139,1344800,1644800,0.777954102,-0.11126709,-0.171081543,0.594238281,0.0625,-0.44921875,-0.01953125,-1.328125,9.3203125,-2.28125,-0.11328125,-0.150390625,0.171875
140,1358208,1658208,0.77734375,-0.111877441,-0.171020508,0.594970703,0.0625,-0.44921875,-0.01953125,-1.328125,9.3203125,-2.28125,-0.189453125,-0.041015625,0.134765625
141,1365430,1665430,0.776794434,-0.112304688,-0.170898438,0.59564209,0.1171875,-0.3125,-0.2421875,-1.3046875,9.3359375,-2.25,-0.189453125,-0.041015625,0.134765625
142,1380083,1680083,0.776367188,-0.112792969,-0.170776367,0.596069336,0.1171875,-0.3125,-0.2421875,-1.3046875,9.3359375,-2.25,-0.060546875,-0.052734375,0.10546875
143,1383797,1683797,0.776184082,-0.11328125,-0.170837402,0.596252441,-0.25390625,-0.51171875,-0.2265625,-1.28125,9.34375,-2.2265625,-0.060546875,-0.052734375,0.10546875
144,1397543,1697543,0.776306152,-0.113891602,-0.171081543,0.59588623,-0.25390625,-0.51171875,-0.2265625,-1.28125,9.34375,-2.2265625,0.142578125,-0.134765625,0.037109375
145,1405087,1705087,0.776672363,-0.114562988,-0.171508789,0.595214844,-0.30078125,-0.703125,-0.07421875,-1.2734375,9.34375,-2.2265625,0.142578125,-0.134765625,0.037109375
146,1418894,1718894,0.777099609,-0.115234375,-0.172119141,0.594360352,-0.30078125,-0.703125,-0.07421875,-1.2734375,9.34375,-2.2265625,0.177734375,-0.1796875,-0.001953125
147,1424506,1724506,0.77734375,-0.115966797,-0.172790527,0.59362793,-0.13671875,-0.46484375,0.0703125,-1.28125,9.3359375,-2.2578125,0.177734375,-0.1796875,-0.001953125
148,1438107,1738107,0.77746582,-0.116638184,-0.17364502,0.593139648,-0.13671875,-0.46484375,0.0703125,-1.28125,9.3359375,-2.2578125,0.0625,-0.208984375,-0.0078125
149,1444871,1744871,0.77746582,-0.1171875,-0.174316406,0.592895508,-0.015625,-0.2265625,0.01171875,-1.2890625,9.328125,-2.2734375,0.0625,-0.208984375,-0.0078125
150,1458423,1758423,0.777404785,-0.117431641,-0.174560547,0.592712402,-0.015625,-0.2265625,0.01171875,-1.2890625,9.328125,-2.2734375,0.02734375,-0.03515625,0.015625
151,1464617,1764617,0.777526855,-0.117614746,-0.174621582,0.592590332,0.078125,0.125,0.05859375,-1.3046875,9.3203125,-2.28125,0.02734375,-0.03515625,0.015625
152,1478465,1778465,0.777587891,-0.117797852,-0.174621582,0.592407227,0.078125,0.125,0.05859375,-1.3046875,9.3203125,-2.28125,0.041015625,-0.01953125,0.01953125
153,1484656,1784656,0.777709961,-0.117980957,-0.174682617,0.592224121,0.18359375,0.125,0.1796875,-1.296875,9.3203125,-2.2890625,0.041015625,-0.01953125,0.01953125
154,1498901,1798901,0.777709961,-0.118347168,-0.175048828,0.592041016,0.18359375,0.125,0.1796875,-1.296875,9.3203125,-2.2890625,0.025390625,-0.1171875,-0.001953125
155,1504522,1804522,0.777709961,-0.118591309,-0.175476074,0.59185791,0.03125,-0.02734375,0.30078125,-1.296875,9.3203125,-2.296875,0.025390625,-0.1171875,-0.001953125
156,1516125,1816125,0.777770996,-0.118713379,-0.175842285,0.591674805,0.03125,-0.02734375,0.30078125,-1.296875,9.3203125,-2.296875,0.0390625,-0.0546875,-0.044921875
157,1524571,1824571,0.777893066,-0.118713379,-0.176147461,0.591430664,0.0078125,-0.1015625,0.1875,-1.3125,9.3203125,-2.296875,0.0390625,-0.0546875,-0.044921875
158,1538562,1838562,0.778015137,-0.118713379,-0.176391602,0.591125488,0.0078125,-0.1015625,0.1875,-1.3125,9.3203125,-2.296875,0.0546875,-0.056640625,-0.0390625
159,1544754,1844754,0.778137207,-0.118774414,-0.176757812,0.590881348,-0.05859375,-0.171875,0.08203125,-1.3203125,9.3125,-2.3046875,0.0546875,-0.056640625,-0.0390625
160,1558497,1858497,0.778198242,-0.11895752,-0.177185059,0.590637207,-0.05859375,-0.171875,0.08203125,-1.3203125,9.3125,-2.3046875,0.05078125,-0.095703125,-0.03125
161,1564114,1864114,0.778320312,-0.119140625,-0.17755127,0.590332031,0.1015625,-0.01953125,0.08984375,-1.328125,9.3125,-2.3125,0.05078125,-0.095703125,-0.03125
162,1578248,1878248,0.778442383,-0.119262695,-0.17791748,0.590026855,0.1015625,-0.01953125,0.08984375,-1.328125,9.3125,-2.3125,0.0625,-0.05859375,-0.025390625
163,1584443,1884443,0.778625488,-0.11932373,-0.178100586,0.58972168,0.0703125,0.06640625,0.2109375,-1.3359375,9.3046875,-2.3203125,0.0625,-0.05859375,-0.025390625
164,1597351,1897351,0.778869629,-0.119262695,-0.178283691,0.589355469,0.0703125,0.06640625,0.2109375,-1.3359375,9.3046875,-2.3203125,0.091796875,-0.0078125,-0.05859375
165,1604098,1904098,0.77923584,-0.119140625,-0.178405762,0.588867188,-0.03515625,-0.0859375,0.11328125,-1.34375,9.3046875,-2.3359375,0.091796875,-0.0078125,-0.05859375
166,1618114,1918114,0.779602051,-0.11895752,-0.178588867,0.588378906,-0.03515625,-0.0859375,0.11328125,-1.34375,9.3046875,-2.3359375,0.12109375,-0.00390625,-0.072265625
167,1624298,1924298,0.780029297,-0.118774414,-0.178710938,0.58782959,-0.05859375,-0.078125,0.08984375,-1.359375,9.296875,-2.3515625,0.12109375,-0.00390625,-0.072265625
168,1638494,1938494,0.780395508,-0.118652344,-0.178833008,0.587341309,-0.05859375,-0.078125,0.08984375,-1.359375,9.296875,-2.3515625,0.109375,0.0078125,-0.060546875
169,1644117,1944117,0.780761719,-0.118469238,-0.178955078,0.586791992,0.0703125,0.08203125,0.03515625,-1.375,9.2890625,-2.375,0.109375,0.0078125,-0.060546875
170,1657550,1957550,0.781188965,-0.118408203,-0.178955078,0.586303711,0.0703125,0.08203125,0.03515625,-1.375,9.2890625,-2.375,0.130859375,0.01953125,-0.0390625
171,1667130,1967130,0.781555176,-0.118286133,-0.178894043,0.585754395,0.078125,0.1640625,0.09765625,-1.3828125,9.28125,-2.3984375,0.130859375,0.01953125,-0.0390625
172,1678462,1978462,0.782043457,-0.118225098,-0.178771973,0.585205078,0.078125,0.1640625,0.09765625,-1.3828125,9.28125,-2.3984375,0.146484375,0.03125,-0.03125
173,1684302,1984302,0.782592773,-0.118041992,-0.178649902,0.584594727,0.00390625,0.13671875,0.2421875,-1.3828125,9.2734375,-2.4296875,0.146484375,0.03125,-0.03125
174,1699893,1999893,0.783081055,-0.117736816,-0.178344727,0.58404541,0.00390625,0.13671875,0.2421875,-1.3828125,9.2734375,-2.4296875,0.142578125,0.10546875,-0.060546875
175,1706274,2006274,0.783569336,-0.117248535,-0.178100586,0.583557129,-0.10546875,-0.125,0.08203125,-1.390625,9.265625,-2.4609375,0.142578125,0.10546875,-0.060546875
176,1719218,2019218,0.783996582,-0.116699219,-0.177856445,0.583129883,-0.10546875,-0.125,0.08203125,-1.390625,9.265625,-2.4609375,0.076171875,0.109375,-0.091796875
177,1725666,2025666,0.784301758,-0.116027832,-0.177734375,0.582946777,-0.05859375,-0.234375,0.0546875,-1.3984375,9.2578125,-2.46875,0.076171875,0.109375,-0.091796875
178,1738849,2038849,0.784423828,-0.11541748,-0.17779541,0.582885742,-0.05859375,-0.234375,0.0546875,-1.3984375,9.2578125,-2.46875,-0.025390625,0.046875,-0.1171875
179,1744834,2044834,0.784423828,-0.114807129,-0.178039551,0.582946777,0.109375,-0.0703125,0.17578125,-1.4140625,9.25,-2.4765625,-0.025390625,0.046875,-0.1171875
180,1758759,2058759,0.784301758,-0.114196777,-0.178283691,0.583190918,0.109375,-0.0703125,0.17578125,-1.4140625,9.25,-2.4765625,-0.08984375,0.03515625,-0.1171875
181,1764700,2064700,0.784057617,-0.113464355,-0.178527832,0.583496094,0.1328125,0.234375,0.28125,-1.4375,9.25,-2.46875,-0.08984375,0.03515625,-0.1171875
182,1781200,2081200,0.783752441,-0.112670898,-0.178649902,0.583984375,0.1328125,0.234375,0.28125,-1.4375,9.25,-2.46875,-0.154296875,0.083984375,-0.11328125
183,1784942,2084942,0.783447266,-0.111816406,-0.178710938,0.584594727,0.1484375,0.3125,0.14453125,-1.453125,9.25,-2.4453125,-0.154296875,0.083984375,-0.11328125
184,1799378,2099378,0.783081055,-0.110656738,-0.178710938,0.585327148,0.1484375,0.3125,0.14453125,-1.453125,9.25,-2.4453125,-0.205078125,0.134765625,-0.138671875
185,1805093,2105093,0.782653809,-0.109558105,-0.178771973,0.58605957,0.05078125,-0.0390625,-0.078125,-1.46875,9.2578125,-2.4140625,-0.205078125,0.134765625,-0.138671875
186,1818362,2118362,0.782226562,-0.108459473,-0.178894043,0.586791992,0.05078125,-0.0390625,-0.078125,-1.46875,9.2578125,-2.4140625,-0.19921875,0.08984375,-0.158203125
187,1826631,2126631,0.781860352,-0.107421875,-0.179199219,0.587402344,-0.04296875,-0.203125,-0.109375,-1.4921875,9.265625,-2.3828125,-0.19921875,0.08984375,-0.158203125
188,1839163,2139163,0.781433105,-0.106445312,-0.179504395,0.588012695,-0.04296875,-0.203125,-0.109375,-1.4921875,9.265625,-2.3828125,-0.17578125,0.06640625,-0.15625
189,1844874,2144874,0.781066895,-0.10546875,-0.179748535,0.588623047,0.13671875,-0.1640625,0.00390625,-1.515625,9.265625,-2.34375,-0.17578125,0.06640625,-0.15625
190,1858006,2158006,0.780700684,-0.104492188,-0.179931641,0.589233398,0.13671875,-0.1640625,0.00390625,-1.515625,9.265625,-2.34375,-0.177734375,0.109375,-0.140625
191,1865713,2165713,0.780334473,-0.103393555,-0.179931641,0.589904785,0.16015625,-0.09375,0.01953125,-1.5390625,9.2734375,-2.3203125,-0.177734375,0.109375,-0.140625
192,1878904,2178904,0.779968262,-0.102233887,-0.17980957,0.590637207,0.16015625,-0.09375,0.01953125,-1.5390625,9.2734375,-2.3203125,-0.1953125,0.171875,-0.123046875
193,1884677,2184677,0.779602051,-0.101013184,-0.17956543,0.591430664,0.06640625,0.13671875,-0.125,-1.5625,9.2734375,-2.2890625,-0.1953125,0.171875,-0.123046875
194,1900500,2200500,0.779174805,-0.0998535156,-0.179260254,0.592285156,0.06640625,0.13671875,-0.125,-1.5625,9.2734375,-2.2890625,-0.23046875,0.21484375,-0.091796875
195,1904250,2204250,0.778686523,-0.0986328125,-0.178771973,0.593200684,0.19140625,0.1640625,-0.203125,-1.5703125,9.28125,-2.25,-0.23046875,0.21484375,-0.091796875
196,1918191,2218191,0.778259277,-0.0972900391,-0.178222656,0.594238281,0.19140625,0.1640625,-0.203125,-1.5703125,9.28125,-2.25,-0.23828125,0.2421875,-0.08203125
197,1924049,2224049,0.777770996,-0.0961303711,-0.177612305,0.595153809,0.19921875,0.234375,-0.1953125,-1.578125,9.2890625,-2.21875,-0.23828125,0.2421875,-0.08203125
198,1940084,2240084,0.77746582,-0.0950927734,-0.177062988,0.596008301,0.19921875,0.234375,-0.1953125,-1.578125,9.2890625,-2.21875,-0.169921875,0.203125,-0.044921875
199,1943813,2243813,0.777160645,-0.0942993164,-0.176574707,0.596618652,-0.03125,0.11328125,-0.11328125,-1.578125,9.296875,-2.1875,-0.169921875,0.203125,-0.044921875
200,1961673,2261673,0.776855469,-0.0935668945,-0.176086426,0.597290039,-0.03125,0.11328125,-0.11328125,-1.578125,9.296875,-2.1875,-0.13671875,0.158203125,-0.01953125
201,1965563,2265563,0.776611328,-0.092956543,-0.175598145,0.59777832,0.04296875,0.10546875,-0.0234375,-1.578125,9.3046875,-2.1640625,-0.13671875,0.158203125,-0.01953125
202,1978823,2278823,0.776428223,-0.092590332,-0.175170898,0.598266602,0.04296875,0.10546875,-0.0234375,-1.578125,9.3046875,-2.1640625,-0.09765625,0.099609375,0.021484375
203,1984807,2284807,0.776123047,-0.0923461914,-0.174743652,0.598815918,-0.109375,0.02734375,0.0390625,-1.578125,9.3046875,-2.1484375,-0.09765625,0.099609375,0.021484375
204,1998333,2298333,0.775634766,-0.0922241211,-0.174255371,0.59954834,-0.109375,0.02734375,0.0390625,-1.578125,9.3046875,-2.1484375,-0.193359375,0.09375,0.091796875
205,2004194,2304194,0.775085449,-0.0921020508,-0.17364502,0.600524902,0.10546875,0.44140625,-0.13671875,-1.5625,9.3125,-2.125,-0.193359375,0.09375,0.091796875
206,2018763,2318763,0.774475098,-0.0921630859,-0.172912598,0.601501465,0.10546875,0.44140625,-0.13671875,-1.5625,9.3125,-2.125,-0.20703125,0.109375,0.15625
207,2028402,2328402,0.773864746,-0.0922851562,-0.172119141,0.602478027,0.11328125,0.46484375,-0.328125,-1.53125,9.328125,-2.0859375,-0.20703125,0.109375,0.15625
208,2042258,2342258,0.773193359,-0.0926513672,-0.171264648,0.60357666,0.11328125,0.46484375,-0.328125,-1.53125,9.328125,-2.0859375,-0.208984375,0.078125,0.224609375
209,2046256,2346256,0.772521973,-0.0931396484,-0.170227051,0.604553223,0.1875,0.640625,-0.17578125,-1.4921875,9.34375,-2.046875,-0.208984375,0.078125,0.224609375
210,2060088,2360088,0.771972656,-0.0936279297,-0.169006348,0.605651855,0.1875,0.640625,-0.17578125,-1.4921875,9.34375,-2.046875,-0.19140625,0.154296875,0.294921875
211,2063832,2363832,0.77142334,-0.0941772461,-0.167602539,0.606567383,0.28515625,0.69921875,0.13671875,-1.4375,9.359375,-2.015625,-0.19140625,0.154296875,0.294921875
212,2077723,2377723,0.771118164,-0.094909668,-0.16595459,0.607299805,0.28515625,0.69921875,0.13671875,-1.4375,9.359375,-2.015625,-0.037109375,0.166015625,0.330078125
213,2084597,2384597,0.771240234,-0.0957641602,-0.164306641,0.607421875,0.1484375,0.26171875,0.2265625,-1.375,9.375,-1.9921875,-0.037109375,0.166015625,0.330078125
214,2099799,2399799,0.771911621,-0.0967407227,-0.162597656,0.606872559,0.1484375,0.26171875,0.2265625,-1.375,9.375,-1.9921875,0.333984375,0.14453125,0.341796875
215,2103535,2403535,0.772888184,-0.0979003906,-0.160827637,0.605957031,-0.11328125,0.1484375,0.19140625,-1.3046875,9.375,-2.03125,0.333984375,0.14453125,0.341796875
216,2119680,2419680,0.773620605,-0.0991821289,-0.158935547,0.605285645,-0.11328125,0.1484375,0.19140625,-1.3046875,9.375,-2.03125,0.1953125,0.14453125,0.400390625
217,2124308,2424308,0.773803711,-0.100402832,-0.157165527,0.605407715,-0.078125,0.65234375,-0.0625,-1.2265625,9.3671875,-2.0859375,0.1953125,0.14453125,0.400390625
218,2136928,2436928,0.773376465,-0.101501465,-0.155273438,0.606201172,-0.078125,0.65234375,-0.0625,-1.2265625,9.3671875,-2.0859375,-0.18359375,0.162109375,0.4375
219,2145316,2445316,0.772705078,-0.102539062,-0.153503418,0.607299805,0.02734375,0.515625,-0.13671875,-1.140625,9.390625,-2.0859375,-0.18359375,0.162109375,0.4375
220,2157579,2457579,0.772216797,-0.103759766,-0.151794434,0.608154297,0.02734375,0.515625,-0.13671875,-1.140625,9.390625,-2.0859375,-0.03515625,0.083984375,0.404296875
221,2164471,2464471,0.772155762,-0.105163574,-0.150512695,0.608337402,-0.1328125,-0.79296875,-0.046875,-1.0546875,9.3984375,-2.0625,-0.03515625,0.083984375,0.404296875
222,2180863,2480863,0.772338867,-0.106628418,-0.149597168,0.608093262,-0.1328125,-0.79296875,-0.046875,-1.0546875,9.3984375,-2.0625,0.125,-0.056640625,0.302734375
223,2185972,2485972,0.772460938,-0.107788086,-0.148864746,0.607910156,-0.3125,-1.03125,0.8125,-0.9921875,9.40625,-2.078125,0.125,-0.056640625,0.302734375
224,2200531,2500531,0.772460938,-0.108581543,-0.148071289,0.607910156,-0.3125,-1.03125,0.8125,-0.9921875,9.40625,-2.078125,0.00390625,0.044921875,0.18359375
225,2204128,2504128,0.772277832,-0.109008789,-0.147338867,0.608276367,-0.12890625,-0.3828125,-0.015625,-0.9453125,9.40625,-2.09375,0.00390625,0.044921875,0.18359375
226,2220109,2520109,0.771911621,-0.109191895,-0.14642334,0.608947754,-0.12890625,-0.3828125,-0.015625,-0.9453125,9.40625,-2.09375,-0.142578125,0.146484375,0.173828125
227,2223845,2523845,0.771606445,-0.109375,-0.145385742,0.609558105,-0.20703125,-0.3515625,-0.60546875,-0.90625,9.4140625,-2.078125,-0.142578125,0.146484375,0.173828125
228,2237367,2537367,0.771484375,-0.109680176,-0.144348145,0.609863281,-0.20703125,-0.3515625,-0.60546875,-0.90625,9.4140625,-2.078125,0.0390625,0.083984375,0.1796875
229,2244014,2544014,0.771728516,-0.110229492,-0.143615723,0.609619141,-0.58984375,-1.125,-0.34375,-0.8671875,9.421875,-2.0703125,0.0390625,0.083984375,0.1796875
230,2258589,2558589,0.772216797,-0.110839844,-0.143310547,0.608947754,-0.58984375,-1.125,-0.34375,-0.8671875,9.421875,-2.0703125,0.2109375,-0.052734375,0.068359375
231,2265646,2565646,0.772705078,-0.11126709,-0.143371582,0.608215332,-0.65234375,-1.30859375,0.3671875,-0.84375,9.4140625,-2.09375,0.2109375,-0.052734375,0.068359375
232,2280176,2580176,0.773010254,-0.111450195,-0.143676758,0.607788086,-0.65234375,-1.30859375,0.3671875,-0.84375,9.4140625,-2.09375,0.05078125,-0.0625,-0.056640625
233,2283767,2583767,0.773071289,-0.11138916,-0.144042969,0.607666016,-0.30859375,-0.58203125,0.16015625,-0.84375,9.4140625,-2.1171875,0.05078125,-0.0625,-0.056640625
234,2299820,2599820,0.773010254,-0.111206055,-0.144470215,0.60760498,-0.30859375,-0.58203125,0.16015625,-0.84375,9.4140625,-2.1171875,-0.01953125,-0.041015625,-0.0625
235,2303556,2603556,0.773010254,-0.11114502,-0.144714355,0.60760498,-0.17578125,-0.11328125,-0.18359375,-0.859375,9.40625,-2.1171875,-0.01953125,-0.041015625,-0.0625
236,2317572,2617572,0.773071289,-0.11114502,-0.144897461,0.60748291,-0.17578125,-0.11328125,-0.18359375,-0.859375,9.40625,-2.1171875,0.04296875,-0.021484375,-0.01171875
237,2324650,2624650,0.773254395,-0.111206055,-0.144958496,0.607177734,-0.3515625,0.1171875,0.0546875,-0.875,9.40625,-2.125,0.04296875,-0.021484375,-0.01171875
238,2339789,2639789,0.773620605,-0.11126709,-0.145141602,0.606689453,-0.3515625,0.1171875,0.0546875,-0.875,9.40625,-2.125,0.134765625,-0.03515625,-0.033203125
239,2343524,2643524,0.773986816,-0.11126709,-0.145324707,0.606140137,-0.4296875,0.01171875,0.22265625,-0.875,9.3984375,-2.140625,0.134765625,-0.03515625,-0.033203125
240,2359665,2659665,0.774414062,-0.111206055,-0.145568848,0.60559082,-0.4296875,0.01171875,0.22265625,-0.875,9.3984375,-2.140625,0.08984375,-0.03125,-0.072265625
241,2364304,2664304,0.774658203,-0.111083984,-0.145874023,0.605224609,-0.296875,0.046875,0.046875,-0.890625,9.3984375,-2.15625,0.08984375,-0.03125,-0.072265625
242,2379083,2679083,0.774841309,-0.111022949,-0.146240234,0.604919434,-0.296875,0.046875,0.046875,-0.890625,9.3984375,-2.15625,0.0625,-0.056640625,-0.060546875
243,2384122,2684122,0.774963379,-0.111022949,-0.146606445,0.604675293,-0.08984375,0.0546875,0.0234375,-0.90625,9.390625,-2.171875,0.0625,-0.056640625,-0.060546875
244,2398492,2698492,0.775024414,-0.11114502,-0.146972656,0.604431152,-0.08984375,0.0546875,0.0234375,-0.90625,9.390625,-2.171875,0.0390625,-0.07421875,-0.029296875
245,2404742,2704742,0.775146484,-0.11126709,-0.147338867,0.604248047,0.0390625,0.09375,0.1484375,-0.921875,9.390625,-2.1796875,0.0390625,-0.07421875,-0.029296875
246,2419000,2719000,0.77520752,-0.111450195,-0.147644043,0.604003906,0.0390625,0.09375,0.1484375,-0.921875,9.390625,-2.1796875,0.0390625,-0.07421875,-0.01953125
247,2424049,2724049,0.775268555,-0.111633301,-0.147949219,0.603881836,-0.11328125,0.1796875,0.23046875,-0.921875,9.3828125,-2.1875,0.0390625,-0.07421875,-0.01953125
248,2439435,2739435,0.77520752,-0.111755371,-0.148193359,0.603820801,-0.11328125,0.1796875,0.23046875,-0.921875,9.3828125,-2.1875,-0.015625,-0.0625,0
249,2444053,2744053,0.775085449,-0.111999512,-0.148498535,0.603881836,-0.10546875,0.21875,0.078125,-0.9296875,9.3828125,-2.1875,-0.015625,-0.0625,0
250,2459086,2759086,0.774902344,-0.112243652,-0.148803711,0.603942871,-0.10546875,0.21875,0.078125,-0.9296875,9.3828125,-2.1875,-0.03515625,-0.083984375,0.01953125
251,2464137,2764137,0.774719238,-0.112609863,-0.149047852,0.604064941,-0.06640625,0.140625,0.03125,-0.9296875,9.3828125,-2.1796875,-0.03515625,-0.083984375,0.01953125
252,2478488,2778488,0.774536133,-0.112915039,-0.149291992,0.604187012,-0.06640625,0.140625,0.03125,-0.9296875,9.3828125,-2.1796875,-0.017578125,-0.076171875,0.037109375
253,2484716,2784716,0.774414062,-0.11328125,-0.149475098,0.604187012,0.046875,0.1328125,-0.08984375,-0.9296875,9.390625,-2.171875,-0.017578125,-0.076171875,0.037109375
254,2498787,2798787,0.774353027,-0.113586426,-0.149658203,0.604248047,0.046875,0.1328125,-0.08984375,-0.9296875,9.390625,-2.171875,0.001953125,-0.064453125,0.02734375
255,2503825,2803825,0.774291992,-0.113830566,-0.149841309,0.604187012,-0.06640625,-0.01171875,0.0625,-0.9296875,9.3828125,-2.171875,0.001953125,-0.064453125,0.02734375
256,2519444,2819444,0.774230957,-0.114074707,-0.150085449,0.604187012,-0.06640625,-0.01171875,0.0625,-0.9296875,9.3828125,-2.171875,-0.013671875,-0.0625,0.00390625
257,2524071,2824071,0.774108887,-0.114196777,-0.15032959,0.604248047,-0.10546875,-0.05078125,0.1015625,-0.9296875,9.3828125,-2.171875,-0.013671875,-0.0625,0.00390625
258,2538974,2838974,0.774047852,-0.114318848,-0.150634766,0.604248047,-0.10546875,-0.05078125,0.1015625,-0.9296875,9.3828125,-2.171875,0,-0.07421875,-0.025390625
259,2544020,2844020,0.774047852,-0.114440918,-0.151062012,0.604125977,-0.17578125,-0.359375,0.09375,-0.9375,9.3828125,-2.1640625,0,-0.07421875,-0.025390625
260,2557871,2857871,0.774047852,-0.114501953,-0.151550293,0.603942871,-0.17578125,-0.359375,0.09375,-0.9375,9.3828125,-2.1640625,0.017578125,-0.0859375,-0.06640625
261,2564890,2864890,0.774108887,-0.114440918,-0.152160645,0.603759766,-0.19921875,-0.43359375,0.16796875,-0.953125,9.3828125,-2.1640625,0.017578125,-0.0859375,-0.06640625
262,2578723,2878723,0.774108887,-0.114318848,-0.152832031,0.60357666,-0.19921875,-0.43359375,0.16796875,-0.953125,9.3828125,-2.1640625,0.021484375,-0.095703125,-0.126953125
263,2583767,2883767,0.774230957,-0.114013672,-0.153686523,0.603271484,-0.296875,-0.5859375,0.17578125,-0.96875,9.3828125,-2.171875,0.021484375,-0.095703125,-0.126953125
264,2599439,2899439,0.774353027,-0.113647461,-0.154602051,0.602966309,-0.296875,-0.5859375,0.17578125,-0.96875,9.3828125,-2.171875,0.037109375,-0.09765625,-0.2109375
265,2604057,2904057,0.774475098,-0.113037109,-0.155578613,0.602661133,-0.2578125,-0.734375,0.17578125,-1.0078125,9.375,-2.171875,0.037109375,-0.09765625,-0.2109375
266,2618458,2918458,0.774658203,-0.112243652,-0.156738281,0.602294922,-0.2578125,-0.734375,0.17578125,-1.0078125,9.375,-2.171875,0.02734375,-0.064453125,-0.287109375
267,2623490,2923490,0.774902344,-0.111206055,-0.157897949,0.601867676,-0.1328125,-0.76953125,0.0625,-1.0546875,9.375,-2.171875,0.02734375,-0.064453125,-0.287109375
268,2640042,2940042,0.775146484,-0.110046387,-0.159118652,0.60144043,-0.1328125,-0.76953125,0.0625,-1.0546875,9.375,-2.171875,0.052734375,-0.04296875,-0.369140625
269,2643636,2943636,0.775512695,-0.108764648,-0.160339355,0.600830078,-0.109375,-0.79296875,-0.08984375,-1.1171875,9.359375,-2.171875,0.052734375,-0.04296875,-0.369140625
270,2659817,2959817,0.776062012,-0.107116699,-0.161682129,0.600036621,-0.109375,-0.79296875,-0.08984375,-1.1171875,9.359375,-2.171875,0.123046875,-0.00390625,-0.458984375
271,2663570,2963570,0.776733398,-0.105407715,-0.163024902,0.599182129,-0.140625,-0.625,-0.3046875,-1.203125,9.34375,-2.1875,0.123046875,-0.00390625,-0.458984375
272,2679767,2979767,0.777648926,-0.103271484,-0.164489746,0.597961426,-0.140625,-0.625,-0.3046875,-1.203125,9.34375,-2.1875,0.203125,0.05078125,-0.560546875
273,2683351,2983351,0.778564453,-0.101074219,-0.165771484,0.596740723,-0.19140625,-0.6015625,-0.3515625,-1.3046875,9.3203125,-2.21875,0.203125,0.05078125,-0.560546875
274,2699189,2999189,0.779663086,-0.0986328125,-0.167175293,0.595397949,-0.19140625,-0.6015625,-0.3515625,-1.3046875,9.3203125,-2.21875,0.216796875,0.087890625,-0.59375
275,2704861,3004861,0.780517578,-0.0963745117,-0.168457031,0.594238281,-0.3203125,-0.42578125,-0.37890625,-1.40625,9.296875,-2.265625,0.216796875,0.087890625,-0.59375
276,2719733,3019733,0.78137207,-0.0941772461,-0.16986084,0.593078613,-0.3203125,-0.42578125,-0.37890625,-1.40625,9.296875,-2.265625,0.150390625,0.01953125,-0.51953125
277,2723334,3023334,0.781982422,-0.0924072266,-0.171264648,0.592163086,-0.21875,-0.046875,-0.42578125,-1.5078125,9.265625,-2.296875,0.150390625,0.01953125,-0.51953125
278,2739061,3039061,0.782409668,-0.0909423828,-0.172851562,0.591308594,-0.21875,-0.046875,-0.42578125,-1.5078125,9.265625,-2.296875,0.091796875,-0.0859375,-0.41796875
279,2744108,3044108,0.782775879,-0.0895996094,-0.174438477,0.590576172,0.06640625,0.77734375,-0.05859375,-1.6015625,9.2421875,-2.3203125,0.091796875,-0.0859375,-0.41796875
280,2759017,3059017,0.783081055,-0.0883789062,-0.17578125,0.58996582,0.06640625,0.77734375,-0.05859375,-1.6015625,9.2421875,-2.3203125,0.064453125,-0.04296875,-0.373046875
281,2768801,3068801,0.78338623,-0.087097168,-0.176818848,0.589416504,0.22265625,1.1796875,0.2578125,-1.6796875,9.2265625,-2.328125,0.064453125,-0.04296875,-0.373046875
282,2778778,3078778,0.783813477,-0.0853881836,-0.17767334,0.588928223,0.22265625,1.1796875,0.2578125,-1.6796875,9.2265625,-2.328125,0.03125,0.1015625,-0.369140625
283,2783809,3083809,0.784057617,-0.0836181641,-0.178283691,0.588562012,-0.05859375,1.23046875,0.1953125,-1.7421875,9.2109375,-2.34375,0.03125,0.1015625,-0.369140625
284,2798012,3098012,0.784362793,-0.0817871094,-0.178894043,0.588317871,-0.05859375,1.23046875,0.1953125,-1.7421875,9.2109375,-2.34375,0,0.1328125,-0.36328125
285,2805153,3105153,0.784606934,-0.080078125,-0.179443359,0.588012695,-0.15234375,0.85546875,-0.1015625,-1.8046875,9.203125,-2.3515625,0,0.1328125,-0.36328125
286,2818446,3118446,0.78503418,-0.0784912109,-0.180236816,0.587402344,-0.15234375,0.85546875,-0.1015625,-1.8046875,9.203125,-2.3515625,0.09765625,0.0546875,-0.33984375
287,2823484,3123484,0.785522461,-0.0772094727,-0.180969238,0.586669922,0.02734375,0.10546875,0.13671875,-1.8671875,9.1875,-2.359375,0.09765625,0.0546875,-0.33984375
288,2839849,3139849,0.786010742,-0.0762939453,-0.181762695,0.585998535,0.02734375,0.10546875,0.13671875,-1.8671875,9.1875,-2.359375,0.12109375,-0.04296875,-0.240234375
289,2843445,3143445,0.786254883,-0.0758056641,-0.182617188,0.585388184,0.15625,0.12890625,0.16015625,-1.921875,9.1640625,-2.3828125,0.12109375,-0.04296875,-0.240234375
290,2859076,3159076,0.786376953,-0.0756835938,-0.18371582,0.584899902,0.15625,0.12890625,0.16015625,-1.921875,9.1640625,-2.3828125,0.04296875,-0.189453125,-0.12890625
291,2864121,3164121,0.786315918,-0.0759277344,-0.184814453,0.584594727,0.16015625,0.25390625,-0.140625,-1.9609375,9.15625,-2.390625,0.04296875,-0.189453125,-0.12890625
292,2879301,3179301,0.786254883,-0.0765380859,-0.185974121,0.584289551,0.16015625,0.25390625,-0.140625,-1.9609375,9.15625,-2.390625,0.068359375,-0.259765625,-0.029296875
293,2883919,3183919,0.786254883,-0.0772705078,-0.186950684,0.583862305,0.06640625,0.375,0.01171875,-1.984375,9.1484375,-2.390625,0.068359375,-0.259765625,-0.029296875
294,2898857,3198857,0.786315918,-0.0780639648,-0.187866211,0.583374023,0.06640625,0.375,0.01171875,-1.984375,9.1484375,-2.390625,0.08203125,-0.220703125,0.017578125
295,2903896,3203896,0.786315918,-0.0787963867,-0.188598633,0.583068848,0.12109375,0.60546875,0.2890625,-2,9.1484375,-2.3984375,0.08203125,-0.220703125,0.017578125
296,2919440,3219440,0.786254883,-0.0794067383,-0.189208984,0.582824707,0.12109375,0.60546875,0.2890625,-2,9.1484375,-2.3984375,0.041015625,-0.154296875,0.017578125
297,2923032,3223032,0.786254883,-0.0798950195,-0.189697266,0.582580566,0.2734375,0.56640625,-0.015625,-2,9.1484375,-2.3984375,0.041015625,-0.154296875,0.017578125
298,2939099,3239099,0.786376953,-0.0805664062,-0.190307617,0.58215332,0.2734375,0.56640625,-0.015625,-2,9.1484375,-2.3984375,0.11328125,-0.185546875,0.029296875
299,2944177,3244177,0.786437988,-0.0813598633,-0.190856934,0.581787109,-0.140625,0.11328125,-0.1640625,-2.0078125,9.140625,-2.40625,0.11328125,-0.185546875,0.029296875
300,2959040,3259040,0.786376953,-0.0823364258,-0.19152832,0.581542969,-0.140625,0.11328125,-0.1640625,-2.0078125,9.140625,-2.40625,0.046875,-0.205078125,0.078125
301,2963952,3263952,0.786254883,-0.0832519531,-0.191955566,0.581359863,0.08984375,0,-0.0390625,-2.0078125,9.140625,-2.4140625,0.046875,-0.205078125,0.078125
302,2978794,3278794,0.786071777,-0.0841674805,-0.192321777,0.581420898,0.08984375,0,-0.0390625,-2.0078125,9.140625,-2.4140625,-0.0234375,-0.15625,0.107421875
303,2983825,3283825,0.785766602,-0.0850219727,-0.192565918,0.581542969,0.2734375,-0.16015625,-0.0078125,-2,9.1484375,-2.40625,-0.0234375,-0.15625,0.107421875
304,2997967,3297967,0.785583496,-0.0859985352,-0.192749023,0.581604004,0.2734375,-0.16015625,-0.0078125,-2,9.1484375,-2.40625,0.03515625,-0.173828125,0.154296875
305,3007138,3307138,0.785461426,-0.0871582031,-0.192993164,0.581542969,0.01953125,-0.046875,-0.015625,-1.9765625,9.1484375,-2.3984375,0.03515625,-0.173828125,0.154296875
306,3018459,3318459,0.78527832,-0.0882568359,-0.193237305,0.581542969,0.01953125,-0.046875,-0.015625,-1.9765625,9.1484375,-2.3984375,0.015625,-0.142578125,0.146484375
307,3025882,3325882,0.78503418,-0.089050293,-0.19329834,0.581726074,0.2734375,0.25390625,0.01953125,-1.9609375,9.15625,-2.3984375,0.015625,-0.142578125,0.146484375
308,3038466,3338466,0.784851074,-0.0895385742,-0.193237305,0.581970215,0.2734375,0.25390625,0.01953125,-1.9609375,9.15625,-2.3984375,-0.03515625,-0.025390625,0.099609375
309,3043355,3343355,0.784790039,-0.0900878906,-0.19317627,0.581970215,-0.09375,-0.140625,-0.29296875,-1.9375,9.1640625,-2.390625,-0.03515625,-0.025390625,0.099609375
310,3059439,3359439,0.784851074,-0.0906982422,-0.193237305,0.581726074,-0.09375,-0.140625,-0.29296875,-1.9375,9.1640625,-2.390625,0.09375,-0.103515625,0.0703125
311,3066136,3366136,0.78503418,-0.0913696289,-0.19342041,0.581359863,0.12890625,-0.140625,0.08984375,-1.9296875,9.1640625,-2.390625,0.09375,-0.103515625,0.0703125
312,3078668,3378668,0.78515625,-0.0922241211,-0.193725586,0.580932617,0.12890625,-0.140625,0.08984375,-1.9296875,9.1640625,-2.390625,0.09765625,-0.173828125,0.080078125
313,3088301,3388301,0.78515625,-0.0931396484,-0.194152832,0.580627441,0.00390625,-0.24609375,0.18359375,-1.921875,9.15625,-2.40625,0.09765625,-0.173828125,0.080078125
314,3098908,3398908,0.78503418,-0.0938720703,-0.194519043,0.580566406,0.00390625,-0.24609375,0.18359375,-1.921875,9.15625,-2.40625,-0.001953125,-0.123046875,0.076171875
315,3103944,3403944,0.784912109,-0.0944213867,-0.194702148,0.580627441,0.1875,-0.17578125,0.11328125,-1.9140625,9.1640625,-2.4140625,-0.001953125,-0.123046875,0.076171875
316,3118805,3418805,0.784790039,-0.0947875977,-0.194824219,0.580627441,0.1875,-0.17578125,0.11328125,-1.9140625,9.1640625,-2.4140625,0.001953125,-0.046875,0.044921875
317,3123708,3423708,0.784790039,-0.0950927734,-0.194824219,0.580627441,0.140625,0.08984375,-0.0078125,-1.90625,9.1640625,-2.40625,0.001953125,-0.046875,0.044921875
318,3139104,3439104,0.784912109,-0.0952148438,-0.194763184,0.580444336,0.140625,0.08984375,-0.0078125,-1.90625,9.1640625,-2.40625,0.064453125,-0.009765625,0.009765625
319,3145476,3445476,0.785095215,-0.0952758789,-0.194641113,0.580200195,-0.05078125,-0.1015625,-0.078125,-1.90625,9.1640625,-2.4140625,0.064453125,-0.009765625,0.009765625
320,3161821,3461821,0.785461426,-0.0952148438,-0.194335938,0.579833984,-0.05078125,-0.1015625,-0.078125,-1.90625,9.1640625,-2.4140625,0.123046875,0.080078125,0.0078125
321,3168945,3468945,0.785949707,-0.0950927734,-0.193969727,0.579345703,-0.09375,-0.20703125,-0.21484375,-1.8984375,9.15625,-2.4296875,0.123046875,0.080078125,0.0078125
322,3179347,3479347,0.786437988,-0.094909668,-0.193664551,0.578796387,-0.09375,-0.20703125,-0.21484375,-1.8984375,9.15625,-2.4296875,0.162109375,0.087890625,-0.025390625
323,3183077,3483077,0.786987305,-0.0947875977,-0.193359375,0.578125,-0.171875,-0.24609375,0.08203125,-1.8984375,9.15625,-2.4609375,0.162109375,0.087890625,-0.025390625
324,3199245,3499245,0.787536621,-0.0948486328,-0.193237305,0.577453613,-0.171875,-0.24609375,0.08203125,-1.8984375,9.15625,-2.4609375,0.171875,0,-0.0078125
325,3207616,3507616,0.787963867,-0.0950317383,-0.193237305,0.576843262,-0.01953125,-0.046875,0.34375,-1.8984375,9.1484375,-2.4921875,0.171875,0,-0.0078125
326,3219327,3519327,0.788269043,-0.0952758789,-0.193359375,0.57635498,-0.01953125,-0.046875,0.34375,-1.8984375,9.1484375,-2.4921875,0.087890625,-0.048828125,0.013671875
327,3223060,3523060,0.788391113,-0.0955200195,-0.193481445,0.57611084,0.05859375,0.26953125,0.62890625,-1.8984375,9.140625,-2.5078125,0.087890625,-0.048828125,0.013671875
328,3237989,3537989,0.788391113,-0.0956420898,-0.193664551,0.576049805,0.05859375,0.26953125,0.62890625,-1.8984375,9.140625,-2.5078125,-0.013671875,-0.044921875,-0.00390625
329,3249232,3549232,0.788208008,-0.095703125,-0.193908691,0.57611084,-0.01171875,0.27734375,0.63671875,-1.90625,9.1328125,-2.515625,-0.013671875,-0.044921875,-0.00390625
330,3256955,3556955,0.788024902,-0.0956420898,-0.194213867,0.576293945,-0.01171875,0.27734375,0.63671875,-1.90625,9.1328125,-2.515625,-0.072265625,-0.0390625,-0.029296875
331,3265960,3565960,0.787719727,-0.0955810547,-0.194519043,0.576599121,0.06640625,0.11328125,0.4765625,-1.90625,9.140625,-2.5078125,-0.072265625,-0.0390625,-0.029296875
332,3278547,3578547,0.787353516,-0.0955200195,-0.194824219,0.577026367,0.06640625,0.11328125,0.4765625,-1.90625,9.140625,-2.5078125,-0.125,-0.052734375,-0.0234375
333,3287618,3587618,0.78692627,-0.0954589844,-0.195251465,0.577514648,0.03515625,0.078125,0.14453125,-1.9140625,9.140625,-2.484375,-0.125,-0.052734375,-0.0234375
334,3299317,3599317,0.786437988,-0.0954589844,-0.195678711,0.57800293,0.03515625,0.078125,0.14453125,-1.9140625,9.140625,-2.484375,-0.14453125,-0.095703125,-0.021484375
335,3303050,3603050,0.786010742,-0.0955200195,-0.196228027,0.578430176,0.08203125,0.10546875,0.0078125,-1.921875,9.1484375,-2.4609375,-0.14453125,-0.095703125,-0.021484375
336,3318374,3618374,0.785522461,-0.0954589844,-0.196716309,0.578918457,0.08203125,0.10546875,0.0078125,-1.921875,9.1484375,-2.4609375,-0.126953125,-0.078125,-0.03515625
337,3327227,3627227,0.785095215,-0.0953979492,-0.19720459,0.579284668,0.1640625,0.0625,-0.0625,-1.9296875,9.15625,-2.4296875,-0.126953125,-0.078125,-0.03515625
338,3338557,3638557,0.784790039,-0.0952758789,-0.197570801,0.579650879,0.1640625,0.0625,-0.0625,-1.9296875,9.15625,-2.4296875,-0.09375,-0.046875,-0.048828125
339,3344868,3644868,0.784484863,-0.0950927734,-0.197937012,0.579956055,0.1796875,-0.015625,-0.19921875,-1.9453125,9.15625,-2.40625,-0.09375,-0.046875,-0.048828125
340,3358390,3658390,0.784240723,-0.0948486328,-0.198242188,0.580200195,0.1796875,-0.015625,-0.19921875,-1.9453125,9.15625,-2.40625,-0.080078125,-0.009765625,-0.048828125
341,3367620,3667620,0.784057617,-0.0946044922,-0.198425293,0.580505371,0.2734375,0.0234375,-0.21484375,-1.9609375,9.15625,-2.390625,-0.080078125,-0.009765625,-0.048828125
342,3378959,3678959,0.783813477,-0.0942382812,-0.198486328,0.580810547,0.2734375,0.0234375,-0.21484375,-1.9609375,9.15625,-2.390625,-0.095703125,0.03515625,-0.048828125
343,3385342,3685342,0.783630371,-0.0938720703,-0.198547363,0.581115723,0.2734375,0.12890625,-0.15625,-1.9609375,9.1640625,-2.375,-0.095703125,0.03515625,-0.048828125
344,3397871,3697871,0.783447266,-0.0933837891,-0.198486328,0.581481934,0.2734375,0.12890625,-0.15625,-1.9609375,9.1640625,-2.375,-0.087890625,0.060546875,-0.048828125
345,3406334,3706334,0.78326416,-0.0928955078,-0.198425293,0.581848145,0.08984375,0.08984375,-0.09375,-1.96875,9.1640625,-2.359375,-0.087890625,0.060546875,-0.048828125
346,3419327,3719327,0.783081055,-0.0924072266,-0.198303223,0.582214355,0.08984375,0.08984375,-0.09375,-1.96875,9.1640625,-2.359375,-0.09375,0.0859375,-0.046875
347,3423055,3723055,0.782897949,-0.0918579102,-0.198120117,0.582519531,-0.0546875,0.0546875,-0.1484375,-1.9765625,9.1640625,-2.34375,-0.09375,0.0859375,-0.046875
348,3440717,3740717,0.782775879,-0.0913085938,-0.197814941,0.582885742,-0.0546875,0.0546875,-0.1484375,-1.9765625,9.1640625,-2.34375,-0.076171875,0.1171875,-0.029296875
349,3448352,3748352,0.782714844,-0.0908203125,-0.197509766,0.583190918,-0.09375,0.046875,-0.125,-1.9765625,9.171875,-2.328125,-0.076171875,0.1171875,-0.029296875
350,3458348,3758348,0.782836914,-0.0902709961,-0.197021484,0.583312988,-0.09375,0.046875,-0.125,-1.9765625,9.171875,-2.328125,-0.0078125,0.1328125,-0.029296875
351,3464953,3764953,0.782958984,-0.0897827148,-0.196655273,0.583312988,-0.171875,0.0078125,-0.0859375,-1.9765625,9.171875,-2.328125,-0.0078125,0.1328125,-0.029296875
352,3480804,3780804,0.78314209,-0.0892944336,-0.196228027,0.583312988,-0.171875,0.0078125,-0.0859375,-1.9765625,9.171875,-2.328125,0.0078125,0.1171875,-0.037109375
353,3487617,3787617,0.78326416,-0.0888671875,-0.195922852,0.583312988,-0.20703125,-0.0234375,-0.04296875,-1.9765625,9.1640625,-2.3359375,0.0078125,0.1171875,-0.037109375
354,3498957,3798957,0.783203125,-0.0883178711,-0.195617676,0.583496094,-0.20703125,-0.0234375,-0.04296875,-1.9765625,9.1640625,-2.3359375,-0.06640625,0.107421875,-0.03125
355,3505338,3805338,0.78314209,-0.0878295898,-0.1953125,0.58380127,-0.171875,0.12109375,0.03515625,-1.9765625,9.171875,-2.3359375,-0.06640625,0.107421875,-0.03125
356,3517964,3817964,0.78302002,-0.0873413086,-0.194946289,0.584228516,-0.171875,0.12109375,0.03515625,-1.9765625,9.171875,-2.3359375,-0.080078125,0.12109375,-0.001953125
357,3525382,3825382,0.782897949,-0.0869140625,-0.194519043,0.584594727,-0.1796875,0.07421875,-0.01953125,-1.96875,9.1796875,-2.3203125,-0.080078125,0.12109375,-0.001953125
358,3538322,3838322,0.782775879,-0.0866088867,-0.194091797,0.584899902,-0.1796875,0.07421875,-0.01953125,-1.96875,9.1796875,-2.3203125,-0.05859375,0.08984375,0.025390625
359,3544307,3844307,0.782653809,-0.0864868164,-0.193725586,0.585144043,-0.1484375,0.07421875,0.01171875,-1.9609375,9.1796875,-2.3125,-0.05859375,0.08984375,0.025390625
360,3561195,3861195,0.782531738,-0.0864257812,-0.19342041,0.585449219,-0.1484375,0.07421875,0.01171875,-1.9609375,9.1796875,-2.3125,-0.078125,0.05078125,0.044921875
361,3568328,3868328,0.782287598,-0.0863037109,-0.193115234,0.585876465,0.03515625,0.18359375,0.1171875,-1.953125,9.1875,-2.3046875,-0.078125,0.05078125,0.044921875
362,3578363,3878363,0.782043457,-0.0861206055,-0.192687988,0.586425781,0.03515625,0.18359375,0.1171875,-1.953125,9.1875,-2.3046875,-0.125,0.095703125,0.041015625
363,3585347,3885347,0.781738281,-0.0858154297,-0.192199707,0.587036133,0.10546875,0.296875,0.02734375,-1.9453125,9.1875,-2.2890625,-0.125,0.095703125,0.041015625
364,3598279,3898279,0.78137207,-0.0855102539,-0.191589355,0.587768555,0.10546875,0.296875,0.02734375,-1.9453125,9.1875,-2.2890625,-0.181640625,0.142578125,0.072265625
365,3607640,3907640,0.780822754,-0.0852050781,-0.190795898,0.588745117,0.2421875,0.359375,-0.07421875,-1.9296875,9.203125,-2.265625,-0.181640625,0.142578125,0.072265625
366,3616640,3916640,0.780273438,-0.0848999023,-0.189880371,0.589782715,0.2421875,0.359375,-0.07421875,-1.9296875,9.203125,-2.265625,-0.234375,0.1796875,0.12109375
367,3625272,3925272,0.779724121,-0.0847167969,-0.188903809,0.590881348,0.25,0.46484375,-0.296875,-1.8984375,9.2109375,-2.234375,-0.234375,0.1796875,0.12109375
368,3638203,3938203,0.77923584,-0.0846557617,-0.187988281,0.59185791,0.25,0.46484375,-0.296875,-1.8984375,9.2109375,-2.234375,-0.17578125,0.12890625,0.162109375
369,3646325,3946325,0.778747559,-0.0848388672,-0.187133789,0.592712402,0.21875,0.44921875,-0.25,-1.8671875,9.2265625,-2.203125,-0.17578125,0.12890625,0.162109375
370,3657007,3957007,0.778320312,-0.0850830078,-0.186157227,0.593566895,0.21875,0.44921875,-0.25,-1.8671875,9.2265625,-2.203125,-0.166015625,0.12890625,0.203125
371,3665528,3965528,0.777832031,-0.0853271484,-0.185058594,0.594543457,0.37109375,0.47265625,0.0234375,-1.828125,9.2421875,-2.171875,-0.166015625,0.12890625,0.203125
372,3678141,3978141,0.777160645,-0.0855102539,-0.183776855,0.59576416,0.37109375,0.47265625,0.0234375,-1.828125,9.2421875,-2.171875,-0.255859375,0.193359375,0.244140625
373,3686846,3986846,0.776428223,-0.0855712891,-0.182250977,0.597167969,0.4453125,0.53515625,-0.0078125,-1.7890625,9.2578125,-2.140625,-0.255859375,0.193359375,0.244140625
374,3698210,3998210,0.77557373,-0.0855712891,-0.180480957,0.598815918,0.4453125,0.53515625,-0.0078125,-1.7890625,9.2578125,-2.140625,-0.333984375,0.287109375,0.306640625
375,3704878,4004878,0.774719238,-0.0856933594,-0.178527832,0.600463867,0.5390625,0.73046875,-0.359375,-1.7265625,9.2890625,-2.09375,-0.333984375,0.287109375,0.306640625
376,3718203,4018203,0.774047852,-0.0859985352,-0.176391602,0.601928711,0.5390625,0.73046875,-0.359375,-1.7265625,9.2890625,-2.09375,-0.22265625,0.2890625,0.380859375
377,3727100,4027100,0.773620605,-0.0865478516,-0.174194336,0.603088379,0.49609375,0.515625,-0.28515625,-1.6484375,9.3125,-2.0546875,-0.22265625,0.2890625,0.380859375
378,3736618,4036618,0.773376465,-0.0872802734,-0.171875,0.603881836,0.49609375,0.515625,-0.28515625,-1.6484375,9.3125,-2.0546875,-0.0546875,0.265625,0.451171875
379,3744231,4044231,0.773254395,-0.0883178711,-0.169555664,0.604614258,0.2109375,0.33984375,0.08203125,-1.5546875,9.3359375,-2.0390625,-0.0546875,0.265625,0.451171875
380,3758143,4058143,0.773132324,-0.0894165039,-0.167419434,0.605224609,0.2109375,0.33984375,0.08203125,-1.5546875,9.3359375,-2.0390625,-0.01953125,0.17578125,0.453125
381,3766334,4066334,0.773010254,-0.0906982422,-0.165466309,0.605712891,0.04296875,0.44140625,0.04296875,-1.4609375,9.3515625,-2.0390625,-0.01953125,0.17578125,0.453125
382,3777642,4077642,0.772827148,-0.0919799805,-0.163574219,0.606262207,0.04296875,0.44140625,0.04296875,-1.4609375,9.3515625,-2.0390625,-0.05859375,0.14453125,0.451171875
383,3783627,4083627,0.772521973,-0.0932006836,-0.161682129,0.606994629,0.0625,0.5390625,0.0078125,-1.3671875,9.3671875,-2.0390625,-0.05859375,0.14453125,0.451171875
384,3799713,4099713,0.772216797,-0.0942993164,-0.159729004,0.607666016,0.0625,0.5390625,0.0078125,-1.3671875,9.3671875,-2.0390625,-0.0546875,0.162109375,0.431640625
385,3807187,4107187,0.772216797,-0.0953979492,-0.157958984,0.607971191,-0.03125,0.109375,-0.421875,-1.2734375,9.375,-2.03125,-0.0546875,0.162109375,0.431640625
386,3817238,4117238,0.772644043,-0.0966186523,-0.156188965,0.607727051,-0.03125,0.109375,-0.421875,-1.2734375,9.375,-2.03125,0.236328125,0.09765625,0.353515625
387,3823207,4123207,0.77331543,-0.0979614258,-0.154785156,0.606994629,-0.37890625,-1.32421875,0.08984375,-1.1953125,9.390625,-2.046875,0.236328125,0.09765625,0.353515625
388,3836142,4136142,0.774047852,-0.0991210938,-0.153747559,0.606140137,-0.37890625,-1.32421875,0.08984375,-1.1953125,9.390625,-2.046875,0.26953125,0.009765625,0.240234375
389,3846362,4146362,0.774658203,-0.100036621,-0.153015137,0.60534668,-0.36328125,-1.27734375,0.56640625,-1.1328125,9.3828125,-2.1015625,0.26953125,0.009765625,0.240234375
390,3857738,4157738,0.775146484,-0.100646973,-0.152526855,0.604797363,-0.36328125,-1.27734375,0.56640625,-1.1328125,9.3828125,-2.1015625,0.134765625,0.001953125,0.087890625
391,3863727,4163727,0.775390625,-0.101013184,-0.15222168,0.604431152,-0.35546875,-1.3515625,0.375,-1.1015625,9.3828125,-2.140625,0.134765625,0.001953125,0.087890625
392,3879441,4179441,0.77557373,-0.101135254,-0.152099609,0.604309082,-0.35546875,-1.3515625,0.375,-1.1015625,9.3828125,-2.140625,0.02734375,0.01171875,0.021484375
393,3885643,4185643,0.775634766,-0.101196289,-0.152038574,0.604187012,-0.515625,-1.26953125,-0.03125,-1.09375,9.375,-2.15625,0.02734375,0.01171875,0.021484375
394,3898896,4198896,0.775695801,-0.101318359,-0.152099609,0.604125977,-0.515625,-1.26953125,-0.03125,-1.09375,9.375,-2.15625,0.029296875,-0.037109375,0.00390625
395,3904790,4204790,0.775695801,-0.10144043,-0.152282715,0.604003906,-0.78515625,-1,0.125,-1.09375,9.375,-2.15625,0.029296875,-0.037109375,0.00390625
396,3917414,4217414,0.775634766,-0.101623535,-0.152587891,0.603942871,-0.78515625,-1,0.125,-1.09375,9.375,-2.15625,-0.01171875,-0.083984375,-0.0234375
397,3927138,4227138,0.775512695,-0.101745605,-0.153015137,0.604003906,-0.625,-0.54296875,0.0078125,-1.1015625,9.375,-2.15625,-0.01171875,-0.083984375,-0.0234375
398,3937535,4237535,0.77532959,-0.101928711,-0.153381348,0.604125977,-0.625,-0.54296875,0.0078125,-1.1015625,9.375,-2.15625,-0.056640625,-0.076171875,-0.01171875
399,3943513,4243513,0.775146484,-0.102111816,-0.153686523,0.604248047,-0.26953125,0.1875,-0.15234375,-1.109375,9.375,-2.1484375,-0.056640625,-0.076171875,-0.01171875
400,3956940,4256940,0.775024414,-0.102294922,-0.153869629,0.604370117,-0.26953125,0.1875,-0.15234375,-1.109375,9.375,-2.1484375,-0.009765625,-0.0390625,0.0234375
401,3966936,4266936,0.774963379,-0.102478027,-0.153869629,0.604370117,-0.1953125,0.5234375,-0.0078125,-1.109375,9.3828125,-2.140625,-0.009765625,-0.0390625,0.0234375
402,3977850,4277850,0.775085449,-0.102600098,-0.153747559,0.604187012,-0.1953125,0.5234375,-0.0078125,-1.109375,9.3828125,-2.140625,0.06640625,0.009765625,0.0234375
403,3983860,4283860,0.775390625,-0.102722168,-0.153625488,0.603820801,-0.1953125,0.5703125,0.046875,-1.109375,9.375,-2.15625,0.06640625,0.009765625,0.0234375
404,3998583,4298583,0.775817871,-0.102844238,-0.153503418,0.603271484,-0.1953125,0.5703125,0.046875,-1.109375,9.375,-2.15625,0.15625,0.00390625,-0.00390625
405,4009248,4309248,0.776245117,-0.102905273,-0.153442383,0.602722168,-0.203125,0.234375,0.29296875,-1.1015625,9.3671875,-2.171875,0.15625,0.00390625,-0.00390625
406,4017037,4317037,0.776550293,-0.102905273,-0.153381348,0.602355957,-0.203125,0.234375,0.29296875,-1.1015625,9.3671875,-2.171875,0.087890625,0.00390625,-0.025390625
407,4023116,4323116,0.776794434,-0.102844238,-0.153442383,0.602050781,-0.1953125,-0.140625,0.125,-1.109375,9.359375,-2.1953125,0.087890625,0.00390625,-0.025390625
408,4041157,4341157,0.776916504,-0.102844238,-0.153625488,0.601806641,-0.1953125,-0.140625,0.125,-1.109375,9.359375,-2.1953125,0.025390625,-0.033203125,-0.033203125
409,4047059,4347059,0.776977539,-0.102783203,-0.153869629,0.601745605,-0.1875,-0.41015625,0.171875,-1.1171875,9.359375,-2.203125,0.025390625,-0.033203125,-0.033203125
410,4057084,4357084,0.776916504,-0.102722168,-0.15423584,0.60168457,-0.1875,-0.41015625,0.171875,-1.1171875,9.359375,-2.203125,-0.001953125,-0.048828125,-0.06640625
411,4063057,4363057,0.776977539,-0.102539062,-0.154724121,0.6015625,-0.1328125,-0.6015625,0.23828125,-1.1328125,9.359375,-2.1953125,-0.001953125,-0.048828125,-0.06640625
412,4079226,4379226,0.777099609,-0.102172852,-0.155334473,0.601318359,-0.1328125,-0.6015625,0.23828125,-1.1328125,9.359375,-2.1953125,0.048828125,-0.05859375,-0.169921875
413,4085332,4385332,0.777282715,-0.101623535,-0.156066895,0.600952148,-0.1484375,-0.83203125,0.32421875,-1.15625,9.359375,-2.203125,0.048828125,-0.05859375,-0.169921875
414,4098926,4398926,0.77746582,-0.100769043,-0.156982422,0.600646973,-0.1484375,-0.83203125,0.32421875,-1.15625,9.359375,-2.203125,0.0234375,-0.02734375,-0.275390625
415,4102662,4402662,0.777648926,-0.0997314453,-0.157897949,0.600341797,-0.0703125,-0.78515625,0.20703125,-1.1953125,9.3515625,-2.203125,0.0234375,-0.02734375,-0.275390625
416,4117366,4417366,0.777832031,-0.0983276367,-0.158874512,0.600097656,-0.0703125,-0.78515625,0.20703125,-1.1953125,9.3515625,-2.203125,-0.009765625,0.02734375,-0.341796875
417,4127660,4427660,0.777954102,-0.0969238281,-0.159851074,0.599853516,0.03125,-0.77734375,0.0625,-1.2578125,9.34375,-2.2109375,-0.009765625,0.02734375,-0.341796875
418,4139022,4439022,0.778259277,-0.0954589844,-0.160827637,0.599487305,0.03125,-0.77734375,0.0625,-1.2578125,9.34375,-2.2109375,0.060546875,0.015625,-0.35546875
419,4142753,4442753,0.778686523,-0.0941162109,-0.161682129,0.598815918,0.20703125,-0.46484375,-0.2421875,-1.3203125,9.3359375,-2.2109375,0.060546875,0.015625,-0.35546875
420,4159304,4459304,0.779418945,-0.092590332,-0.162475586,0.597961426,0.20703125,-0.46484375,-0.2421875,-1.3203125,9.3359375,-2.2109375,0.17578125,0.09765625,-0.373046875
421,4165652,4465652,0.780212402,-0.0909423828,-0.163024902,0.596984863,0.27734375,-0.32421875,-0.328125,-1.390625,9.3125,-2.2421875,0.17578125,0.09765625,-0.373046875
422,4178475,4478475,0.781066895,-0.0889892578,-0.163635254,0.596069336,0.27734375,-0.32421875,-0.328125,-1.390625,9.3125,-2.2421875,0.1640625,0.146484375,-0.3984375
423,4183530,4483530,0.781799316,-0.0871582031,-0.16418457,0.595153809,0.1484375,-0.1875,-0.5234375,-1.453125,9.2890625,-2.2734375,0.1640625,0.146484375,-0.3984375
424,4199837,4499837,0.782409668,-0.0853271484,-0.164855957,0.594482422,0.1484375,-0.1875,-0.5234375,-1.453125,9.2890625,-2.2734375,0.08984375,0.12109375,-0.412109375
425,4206693,4506693,0.782836914,-0.0834350586,-0.165588379,0.593994141,0.10546875,0.02734375,-0.37890625,-1.5234375,9.265625,-2.3046875,0.08984375,0.12109375,-0.412109375
426,4218969,4518969,0.78302002,-0.0812988281,-0.166320801,0.593811035,0.10546875,0.02734375,-0.37890625,-1.5234375,9.265625,-2.3046875,-0.078125,0.1484375,-0.4140625
427,4222692,4522692,0.78302002,-0.0791625977,-0.166870117,0.59387207,0.09765625,0.49609375,-0.07421875,-1.59375,9.2578125,-2.3046875,-0.078125,0.1484375,-0.4140625
428,4238860,4538860,0.78314209,-0.0767211914,-0.167419434,0.593933105,0.09765625,0.49609375,-0.07421875,-1.59375,9.2578125,-2.3046875,-0.052734375,0.216796875,-0.44140625
429,4245760,4545760,0.783447266,-0.0744018555,-0.167907715,0.59375,0.08984375,0.3515625,-0.1953125,-1.6640625,9.25,-2.296875,-0.052734375,0.216796875,-0.44140625
430,4258078,4558078,0.783874512,-0.0719604492,-0.168334961,0.593322754,0.08984375,0.3515625,-0.1953125,-1.6640625,9.25,-2.296875,0.0390625,0.21484375,-0.43359375
431,4263116,4563116,0.784301758,-0.0697021484,-0.168762207,0.592895508,0.0390625,0.296875,-0.21875,-1.7265625,9.2265625,-2.3125,0.0390625,0.21484375,-0.43359375
432,4278261,4578261,0.784606934,-0.0676879883,-0.169311523,0.592529297,0.0390625,0.296875,-0.21875,-1.7265625,9.2265625,-2.3125,0.009765625,0.138671875,-0.384765625
433,4286896,4586896,0.784851074,-0.0659790039,-0.16998291,0.592285156,-0.04296875,0.50390625,-0.203125,-1.796875,9.2109375,-2.328125,0.009765625,0.138671875,-0.384765625
434,4298195,4598195,0.784973145,-0.0646972656,-0.170898438,0.591918945,-0.04296875,0.50390625,-0.203125,-1.796875,9.2109375,-2.328125,0.046875,-0.033203125,-0.302734375
435,4303228,4603228,0.785339355,-0.0638427734,-0.17199707,0.591247559,-0.25,0.359375,-0.2421875,-1.859375,9.203125,-2.328125,0.046875,-0.033203125,-0.302734375
436,4317091,4617091,0.785949707,-0.0634765625,-0.173217773,0.590148926,-0.25,0.359375,-0.2421875,-1.859375,9.203125,-2.328125,0.26171875,-0.169921875,-0.23046875
437,4327126,4627126,0.786560059,-0.0634155273,-0.174377441,0.588928223,-0.5390625,0.265625,0.12890625,-1.9140625,9.1796875,-2.3515625,0.26171875,-0.169921875,-0.23046875
438,4337204,4637204,0.787109375,-0.0635986328,-0.175537109,0.587890625,-0.5390625,0.265625,0.12890625,-1.9140625,9.1796875,-2.3515625,0.162109375,-0.181640625,-0.119140625
439,4343769,4643769,0.787353516,-0.0637817383,-0.176452637,0.587280273,-0.22265625,0.63671875,0.3203125,-1.9609375,9.15625,-2.390625,0.162109375,-0.181640625,-0.119140625
440,4359096,4659096,0.787414551,-0.0640869141,-0.177124023,0.586975098,-0.22265625,0.63671875,0.3203125,-1.9609375,9.15625,-2.390625,0.02734375,-0.146484375,-0.0078125
441,4364812,4664812,0.787353516,-0.0646362305,-0.177612305,0.586853027,-0.015625,0.671875,0.13671875,-1.9765625,9.15625,-2.3984375,0.02734375,-0.146484375,-0.0078125
442,4377735,4677735,0.787231445,-0.0654296875,-0.178161621,0.586730957,-0.015625,0.671875,0.13671875,-1.9765625,9.15625,-2.3984375,0.03515625,-0.185546875,0.078125
443,4383712,4683712,0.78717041,-0.06640625,-0.178649902,0.586547852,0.13671875,0.63671875,0.05859375,-1.9765625,9.15625,-2.3984375,0.03515625,-0.185546875,0.078125
444,4399012,4699012,0.787109375,-0.0677490234,-0.179260254,0.586303711,0.13671875,0.63671875,0.05859375,-1.9765625,9.15625,-2.3984375,0.09765625,-0.291015625,0.146484375
445,4405209,4705209,0.787109375,-0.0693359375,-0.179992676,0.585876465,-0.0625,0.4453125,0.09765625,-1.96875,9.15625,-2.3984375,0.09765625,-0.291015625,0.146484375
446,4418134,4718134,0.78704834,-0.0712890625,-0.180786133,0.585449219,-0.0625,0.4453125,0.09765625,-1.96875,9.15625,-2.3984375,0.10546875,-0.32421875,0.20703125
447,4424117,4724117,0.78692627,-0.073059082,-0.181213379,0.585266113,0.34375,0.48046875,0.375,-1.953125,9.15625,-2.40625,0.10546875,-0.32421875,0.20703125
448,4439098,4739098,0.786682129,-0.0747070312,-0.181335449,0.585388184,0.34375,0.48046875,0.375,-1.953125,9.15625,-2.40625,0,-0.193359375,0.26953125
449,4445577,4745577,0.786376953,-0.076171875,-0.181274414,0.585632324,0.12109375,0.47265625,-0.0546875,-1.921875,9.1640625,-2.3984375,0,-0.193359375,0.26953125
450,4458327,4758327,0.786010742,-0.0778198242,-0.181091309,0.5859375,0.12109375,0.47265625,-0.0546875,-1.921875,9.1640625,-2.3984375,-0.013671875,-0.162109375,0.294921875
451,4464311,4764311,0.785705566,-0.0797119141,-0.181030273,0.586120605,-0.109375,0.11328125,-0.59765625,-1.8828125,9.1796875,-2.390625,-0.013671875,-0.162109375,0.294921875
452,4478763,4778763,0.785461426,-0.0818481445,-0.181213379,0.58605957,-0.109375,0.11328125,-0.59765625,-1.8828125,9.1796875,-2.390625,0.0703125,-0.330078125,0.322265625
453,4484841,4784841,0.78527832,-0.083984375,-0.18145752,0.5859375,0.1875,0.14453125,0.16015625,-1.8359375,9.1875,-2.3828125,0.0703125,-0.330078125,0.322265625
454,4497824,4797824,0.785095215,-0.0862426758,-0.181640625,0.58581543,0.1875,0.14453125,0.16015625,-1.8359375,9.1875,-2.3828125,0.087890625,-0.287109375,0.3203125
455,4503805,4803805,0.784851074,-0.0883178711,-0.181762695,0.58581543,-0.12890625,-0.1015625,0.43359375,-1.7890625,9.203125,-2.390625,0.087890625,-0.287109375,0.3203125
456,4519113,4819113,0.784423828,-0.08984375,-0.181518555,0.586242676,-0.12890625,-0.1015625,0.43359375,-1.7890625,9.203125,-2.390625,-0.08203125,-0.072265625,0.28515625
457,4525962,4825962,0.784179688,-0.091003418,-0.180908203,0.586547852,0.09375,-0.1171875,-0.1875,-1.7421875,9.21875,-2.3828125,-0.08203125,-0.072265625,0.28515625
458,4537220,4837220,0.784057617,-0.0923461914,-0.180297852,0.586669922,0.09375,-0.1171875,-0.1875,-1.7421875,9.21875,-2.3828125,0.04296875,-0.08203125,0.271484375
459,4543355,4843355,0.783996582,-0.0936889648,-0.179870605,0.586669922,0.046875,-0.0859375,-0.22265625,-1.6953125,9.2265625,-2.3828125,0.04296875,-0.08203125,0.271484375
460,4558652,4858652,0.783874512,-0.0951538086,-0.179626465,0.586669922,0.046875,-0.0859375,-0.22265625,-1.6953125,9.2265625,-2.3828125,0.046875,-0.171875,0.259765625
461,4565208,4865208,0.783691406,-0.0967407227,-0.179626465,0.586730957,-0.1171875,-0.32421875,0.3515625,-1.6484375,9.234375,-2.3828125,0.046875,-0.171875,0.259765625
462,4577500,4877500,0.783325195,-0.0983276367,-0.1796875,0.586853027,-0.1171875,-0.32421875,0.3515625,-1.6484375,9.234375,-2.3828125,-0.0234375,-0.18359375,0.248046875
463,4584273,4884273,0.782836914,-0.0997314453,-0.179748535,0.587280273,0.04296875,-0.37109375,0.58203125,-1.6171875,9.2421875,-2.3828125,-0.0234375,-0.18359375,0.248046875
464,4600119,4900119,0.782226562,-0.100952148,-0.179748535,0.587890625,0.04296875,-0.37109375,0.58203125,-1.6171875,9.2421875,-2.3828125,-0.166015625,-0.1484375,0.212890625
465,4605347,4905347,0.781433105,-0.101928711,-0.17980957,0.588745117,0.12109375,-0.2265625,0.2890625,-1.578125,9.25,-2.359375,-0.166015625,-0.1484375,0.212890625
466,4616914,4916914,0.780639648,-0.102722168,-0.179931641,0.589660645,0.12109375,-0.2265625,0.2890625,-1.578125,9.25,-2.359375,-0.236328125,-0.111328125,0.13671875
467,4623821,4923821,0.779785156,-0.10333252,-0.180114746,0.590637207,0.2109375,-0.203125,0.1328125,-1.5546875,9.265625,-2.3203125,-0.236328125,-0.111328125,0.13671875
468,4636880,4936880,0.778991699,-0.103881836,-0.180297852,0.591491699,0.2109375,-0.203125,0.1328125,-1.5546875,9.265625,-2.3203125,-0.208984375,-0.130859375,0.09375
469,4647603,4947603,0.778198242,-0.104431152,-0.180725098,0.592285156,-0.03515625,-0.484375,-0.140625,-1.5390625,9.28125,-2.2734375,-0.208984375,-0.130859375,0.09375
470,4658943,4958943,0.777587891,-0.104980469,-0.181213379,0.592895508,-0.03515625,-0.484375,-0.140625,-1.5390625,9.28125,-2.2734375,-0.12890625,-0.140625,0.048828125
471,4662672,4962672,0.777160645,-0.105407715,-0.18170166,0.593200684,-0.1171875,-0.609375,-0.1796875,-1.53125,9.2890625,-2.234375,-0.12890625,-0.140625,0.048828125
472,4678325,4978325,0.776855469,-0.105834961,-0.182434082,0.593261719,-0.1171875,-0.609375,-0.1796875,-1.53125,9.2890625,-2.234375,-0.01953125,-0.16796875,-0.046875
473,4684746,4984746,0.776794434,-0.106079102,-0.183166504,0.593139648,0.265625,-0.5,-0.04296875,-1.53125,9.296875,-2.21875,-0.01953125,-0.16796875,-0.046875
474,4699235,4999235,0.776855469,-0.106384277,-0.183837891,0.592773438,0.265625,-0.5,-0.04296875,-1.53125,9.296875,-2.21875,0.064453125,-0.15625,-0.046875
475,4702966,5002966,0.776916504,-0.106689453,-0.184509277,0.592407227,-0.140625,-0.45703125,0.0703125,-1.546875,9.2890625,-2.21875,0.064453125,-0.15625,-0.046875
476,4717836,5017836,0.776977539,-0.106994629,-0.185180664,0.592041016,-0.140625,-0.45703125,0.0703125,-1.546875,9.2890625,-2.21875,0.0546875,-0.126953125,-0.05859375
477,4724474,5024474,0.777099609,-0.107055664,-0.185791016,0.59173584,0.18359375,0.2421875,0.03125,-1.5625,9.28125,-2.21875,0.0546875,-0.126953125,-0.05859375
478,4737043,5037043,0.777160645,-0.106933594,-0.186279297,0.591491699,0.18359375,0.2421875,0.03125,-1.5625,9.28125,-2.21875,0.03125,-0.03515625,-0.109375
479,4743910,5043910,0.77734375,-0.106506348,-0.186645508,0.591247559,0.234375,0.2421875,-0.03515625,-1.578125,9.28125,-2.2265625,0.03125,-0.03515625,-0.109375
480,4759776,5059776,0.777587891,-0.106018066,-0.186889648,0.590881348,0.234375,0.2421875,-0.03515625,-1.578125,9.28125,-2.2265625,0.078125,0.0390625,-0.134765625
481,4766328,5066328,0.778015137,-0.10546875,-0.187011719,0.590454102,0.18359375,0.01953125,-0.10546875,-1.6015625,9.2734375,-2.234375,0.078125,0.0390625,-0.134765625
482,4778598,5078598,0.778564453,-0.105041504,-0.186950684,0.589782715,0.18359375,0.01953125,-0.10546875,-1.6015625,9.2734375,-2.234375,0.1640625,0.072265625,-0.076171875
483,4783644,5083644,0.779174805,-0.104736328,-0.186767578,0.589111328,0.16015625,0.2578125,-0.1953125,-1.6171875,9.265625,-2.2578125,0.1640625,0.072265625,-0.076171875
484,4798855,5098855,0.780029297,-0.104492188,-0.186401367,0.588134766,0.16015625,0.2578125,-0.1953125,-1.6171875,9.265625,-2.2578125,0.275390625,0.103515625,-0.0390625
485,4804376,5104376,0.781005859,-0.104431152,-0.185913086,0.587036133,0.015625,0.1953125,-0.30078125,-1.625,9.25,-2.3046875,0.275390625,0.103515625,-0.0390625
486,4817346,5117346,0.782104492,-0.104492188,-0.185424805,0.585632324,0.015625,0.1953125,-0.30078125,-1.625,9.25,-2.3046875,0.357421875,0.08203125,0.0078125
487,4825887,5125887,0.783203125,-0.104553223,-0.184875488,0.584411621,0.08984375,0.48046875,-0.125,-1.625,9.234375,-2.3671875,0.357421875,0.08203125,0.0078125
488,4838885,5138885,0.784118652,-0.104492188,-0.184265137,0.583374023,0.08984375,0.48046875,-0.125,-1.625,9.234375,-2.3671875,0.24609375,0.11328125,0.009765625
489,4844802,5144802,0.784729004,-0.104492188,-0.18371582,0.582641602,0.04296875,0.19140625,0.28125,-1.6171875,9.21875,-2.4296875,0.24609375,0.11328125,0.009765625
490,4856742,5156742,0.78515625,-0.104492188,-0.183227539,0.582214355,0.04296875,0.19140625,0.28125,-1.6171875,9.21875,-2.4296875,0.0859375,0.072265625,0.044921875
491,4863397,5163397,0.785400391,-0.104492188,-0.182800293,0.582092285,0.03515625,0.3515625,0.58203125,-1.609375,9.2109375,-2.4609375,0.0859375,0.072265625,0.044921875
492,4876703,5176703,0.785400391,-0.104431152,-0.182312012,0.582214355,0.03515625,0.3515625,0.58203125,-1.609375,9.2109375,-2.4609375,-0.03515625,0.087890625,0.033203125
493,4886638,5186638,0.78527832,-0.104248047,-0.182006836,0.582580566,-0.20703125,0.19140625,0.58984375,-1.59375,9.21875,-2.46875,-0.03515625,0.087890625,0.033203125
494,4898680,5198680,0.784912109,-0.104003906,-0.18182373,0.583129883,-0.20703125,0.19140625,0.58984375,-1.59375,9.21875,-2.46875,-0.158203125,0.03125,0.00390625
495,4904794,5204794,0.784423828,-0.103820801,-0.181884766,0.58380127,-0.33203125,-0.1171875,0.44921875,-1.5859375,9.21875,-2.4453125,-0.158203125,0.03125,0.00390625
496,4918870,5218870,0.783813477,-0.103637695,-0.182128906,0.584594727,-0.33203125,-0.1171875,0.44921875,-1.5859375,9.21875,-2.4453125,-0.21875,-0.03125,-0.01953125
497,4924094,5224094,0.783203125,-0.10345459,-0.182434082,0.585327148,-0.20703125,-0.1640625,0.07421875,-1.59375,9.2265625,-2.4140625,-0.21875,-0.03125,-0.01953125
498,4937448,5237448,0.782531738,-0.103271484,-0.182861328,0.586120605,-0.20703125,-0.1640625,0.07421875,-1.59375,9.2265625,-2.4140625,-0.205078125,-0.05859375,-0.04296875
499,4945780,5245780,0.781921387,-0.103088379,-0.183349609,0.586853027,-0.0859375,-0.171875,-0.1171875,-1.6015625,9.234375,-2.375,-0.205078125,-0.05859375,-0.04296875
500,4957898,5257898,0.781188965,-0.102844238,-0.183898926,0.587646484,-0.0859375,-0.171875,-0.1171875,-1.6015625,9.234375,-2.375,-0.22265625,-0.07421875,-0.05078125
501,4964055,5264055,0.780395508,-0.102661133,-0.184448242,0.588500977,0.07421875,-0.109375,0.02734375,-1.609375,9.25,-2.328125,-0.22265625,-0.07421875,-0.05078125
502,4978178,5278178,0.779602051,-0.102478027,-0.184936523,0.589477539,0.07421875,-0.109375,0.02734375,-1.609375,9.25,-2.328125,-0.271484375,-0.046875,-0.03515625
503,4982979,5282979,0.778808594,-0.102111816,-0.185302734,0.590515137,0.28125,0.07421875,-0.05859375,-1.625,9.2578125,-2.28125,-0.271484375,-0.046875,-0.03515625
504,4998079,5298079,0.777954102,-0.10168457,-0.18536377,0.591674805,0.28125,0.07421875,-0.05859375,-1.625,9.2578125,-2.28125,-0.306640625,0.076171875,-0.021484375
505,5002976,5302976,0.777099609,-0.100952148,-0.185180664,0.593017578,0.3203125,0.2578125,-0.10546875,-1.625,9.265625,-2.234375,-0.306640625,0.076171875,-0.021484375
506,5018950,5318950,0.776184082,-0.0999755859,-0.184814453,0.594482422,0.3203125,0.2578125,-0.10546875,-1.625,9.265625,-2.234375,-0.388671875,0.189453125,-0.021484375
507,5022673,5322673,0.775146484,-0.0989990234,-0.184326172,0.596130371,0.328125,0.2421875,-0.359375,-1.6328125,9.28125,-2.171875,-0.388671875,0.189453125,-0.021484375
508,5037217,5337217,0.773986816,-0.0977783203,-0.18359375,0.598083496,0.328125,0.2421875,-0.359375,-1.6328125,9.28125,-2.171875,-0.4765625,0.265625,0.013671875
509,5047450,5347450,0.772766113,-0.0966186523,-0.182678223,0.600097656,0.3203125,0.33203125,-0.51171875,-1.625,9.3046875,-2.09375,-0.4765625,0.265625,0.013671875
510,5058645,5358645,0.771484375,-0.0955200195,-0.181518555,0.602294922,0.3203125,0.33203125,-0.51171875,-1.625,9.3046875,-2.09375,-0.5078125,0.3203125,0.08984375
511,5062257,5362257,0.770385742,-0.094543457,-0.180236816,0.604248047,0.44921875,0.2734375,-0.58984375,-1.6015625,9.328125,-2.015625,-0.5078125,0.3203125,0.08984375
512,5078242,5378242,0.76940918,-0.0936889648,-0.178588867,0.606079102,0.44921875,0.2734375,-0.58984375,-1.6015625,9.328125,-2.015625,-0.3203125,0.328125,0.166015625
513,5083904,5383904,0.768798828,-0.0932006836,-0.176940918,0.607421875,0.296875,0.37109375,-0.73828125,-1.5625,9.34375,-1.9453125,-0.3203125,0.328125,0.166015625
514,5098383,5398383,0.768432617,-0.0930175781,-0.175537109,0.608276367,0.296875,0.37109375,-0.73828125,-1.5625,9.34375,-1.9453125,-0.09375,0.2265625,0.1953125
515,5104494,5404494,0.768432617,-0.0931396484,-0.174194336,0.608703613,0.36328125,0.31640625,-0.42578125,-1.515625,9.359375,-1.9140625,-0.09375,0.2265625,0.1953125
516,5117664,5417664,0.768615723,-0.0934448242,-0.172607422,0.608886719,0.36328125,0.31640625,-0.42578125,-1.515625,9.359375,-1.9140625,0.05078125,0.21484375,0.25
517,5122949,5422949,0.768798828,-0.0938110352,-0.170837402,0.609069824,0.39453125,0.34765625,0.12109375,-1.46875,9.3671875,-1.921875,0.05078125,0.21484375,0.25
518,5138895,5438895,0.768920898,-0.0941772461,-0.168945312,0.609375,0.39453125,0.34765625,0.12109375,-1.46875,9.3671875,-1.921875,0.013671875,0.28125,0.3125
519,5142495,5442495,0.769104004,-0.0944824219,-0.166870117,0.609680176,0.40234375,0.83984375,-0.1015625,-1.3984375,9.375,-1.9296875,0.013671875,0.28125,0.3125
520,5158085,5458085,0.76953125,-0.0948486328,-0.164489746,0.609680176,0.40234375,0.83984375,-0.1015625,-1.3984375,9.375,-1.9296875,0.193359375,0.322265625,0.326171875
521,5163874,5463874,0.770629883,-0.0953979492,-0.16217041,0.608886719,0.40625,0.5625,-0.38671875,-1.328125,9.3828125,-1.953125,0.193359375,0.322265625,0.326171875
522,5177492,5477492,0.772277832,-0.0962524414,-0.159973145,0.60723877,0.40625,0.5625,-0.38671875,-1.328125,9.3828125,-1.953125,0.591796875,0.244140625,0.318359375
523,5185168,5485168,0.774047852,-0.0971679688,-0.157714844,0.605407715,-0.23828125,-0.234375,0.50390625,-1.2578125,9.375,-2.0390625,0.591796875,0.244140625,0.318359375
524,5198653,5498653,0.775512695,-0.0979614258,-0.155334473,0.604003906,-0.23828125,-0.234375,0.50390625,-1.2578125,9.375,-2.0390625,0.369140625,0.318359375,0.3203125
525,5205569,5505569,0.776367188,-0.0983276367,-0.153076172,0.60345459,-0.4296875,0.125,0.03125,-1.1796875,9.359375,-2.140625,0.369140625,0.318359375,0.3203125
526,5217341,5517341,0.776611328,-0.0985107422,-0.150695801,0.603759766,-0.4296875,0.125,0.03125,-1.1796875,9.359375,-2.140625,-0.0546875,0.345703125,0.306640625
527,5224675,5524675,0.776306152,-0.098815918,-0.148742676,0.604553223,-0.34765625,-0.41015625,-0.703125,-1.109375,9.359375,-2.171875,-0.0546875,0.345703125,0.306640625
528,5238468,5538468,0.775756836,-0.0997314453,-0.147460938,0.605407715,-0.34765625,-0.41015625,-0.703125,-1.109375,9.359375,-2.171875,-0.125,-0.013671875,0.3515625
529,5244309,5544309,0.77532959,-0.101379395,-0.146850586,0.605834961,-0.6015625,-0.703125,0.09375,-1.046875,9.3828125,-2.1640625,-0.125,-0.013671875,0.3515625
530,5258074,5558074,0.775146484,-0.103637695,-0.146789551,0.605651855,-0.6015625,-0.703125,0.09375,-1.046875,9.3828125,-2.1640625,0.11328125,-0.333984375,0.34375
531,5264492,5564492,0.775085449,-0.106018066,-0.146972656,0.605285645,-0.47265625,-0.39453125,1.6171875,-0.984375,9.3828125,-2.15625,0.11328125,-0.333984375,0.34375
532,5277648,5577648,0.774963379,-0.107910156,-0.147216797,0.605102539,-0.47265625,-0.39453125,1.6171875,-0.984375,9.3828125,-2.15625,0.041015625,-0.2265625,0.24609375
533,5283846,5583846,0.774658203,-0.109436035,-0.147277832,0.605163574,-0.28125,-0.2109375,1.2890625,-0.9453125,9.390625,-2.171875,0.041015625,-0.2265625,0.24609375
534,5297462,5597462,0.774291992,-0.110534668,-0.147216797,0.60546875,-0.28125,-0.2109375,1.2890625,-0.9453125,9.390625,-2.171875,-0.103515625,-0.103515625,0.19921875
535,5303192,5603192,0.773742676,-0.11138916,-0.146911621,0.606079102,-0.28125,0.046875,0.125,-0.90625,9.3984375,-2.15625,-0.103515625,-0.103515625,0.19921875
536,5321099,5621099,0.773376465,-0.111938477,-0.14642334,0.606567383,-0.28125,0.046875,0.125,-0.90625,9.3984375,-2.15625,-0.08984375,0.060546875,0.171875
537,5324969,5624969,0.773071289,-0.112304688,-0.145629883,0.607116699,-0.24609375,-0.07421875,-0.23828125,-0.8671875,9.40625,-2.140625,-0.08984375,0.060546875,0.171875
538,5336986,5636986,0.772766113,-0.112548828,-0.144897461,0.60760498,-0.24609375,-0.07421875,-0.23828125,-0.8671875,9.40625,-2.140625,-0.10546875,0.08203125,0.14453125
539,5344700,5644700,0.772399902,-0.112854004,-0.144348145,0.608154297,-0.4296875,-0.6171875,-0.48046875,-0.8359375,9.4140625,-2.125,-0.10546875,0.08203125,0.14453125
540,5357877,5657877,0.772155762,-0.11328125,-0.144104004,0.608459473,-0.4296875,-0.6171875,-0.48046875,-0.8359375,9.4140625,-2.125,-0.02734375,-0.052734375,0.0859375
541,5364128,5664128,0.772033691,-0.113769531,-0.144165039,0.608520508,-0.5234375,-1.15625,-0.3828125,-0.8203125,9.4140625,-2.109375,-0.02734375,-0.052734375,0.0859375
542,5377077,5677077,0.771972656,-0.114135742,-0.144348145,0.608398438,-0.5234375,-1.15625,-0.3828125,-0.8203125,9.4140625,-2.109375,0.037109375,-0.068359375,0.021484375
543,5382807,5682807,0.772155762,-0.114379883,-0.144470215,0.608154297,-0.30078125,-0.65625,-0.3828125,-0.8125,9.4140625,-2.109375,0.037109375,-0.068359375,0.021484375
544,5402256,5702256,0.772521973,-0.114562988,-0.144470215,0.607666016,-0.30078125,-0.65625,-0.3828125,-0.8125,9.4140625,-2.109375,0.171875,-0.009765625,0.005859375
545,5403745,5703745,0.773132324,-0.114807129,-0.144348145,0.606811523,-0.4140625,-0.3125,-0.51953125,-0.8125,9.4140625,-2.125,0.171875,-0.009765625,0.005859375
546,5417893,5717893,0.774108887,-0.115112305,-0.144165039,0.60559082,-0.4140625,-0.3125,-0.51953125,-0.8125,9.4140625,-2.125,0.34375,-0.015625,0.017578125
547,5424415,5724415,0.775146484,-0.115478516,-0.143981934,0.604248047,-0.23046875,0.0859375,-0.359375,-0.8046875,9.3984375,-2.171875,0.34375,-0.015625,0.017578125
548,5436021,5736021,0.776123047,-0.116088867,-0.143920898,0.602905273,-0.23046875,0.0859375,-0.359375,-0.8046875,9.3984375,-2.171875,0.3359375,-0.07421875,0.044921875
549,5445482,5745482,0.776977539,-0.116699219,-0.143920898,0.60168457,-0.1171875,0.453125,-0.06640625,-0.8046875,9.375,-2.234375,0.3359375,-0.07421875,0.044921875
550,5456783,5756783,0.777648926,-0.117431641,-0.143981934,0.600646973,-0.1171875,0.453125,-0.06640625,-0.8046875,9.375,-2.234375,0.2265625,-0.115234375,0.0546875
551,5462758,5762758,0.778015137,-0.118103027,-0.144226074,0.599975586,-0.0390625,0.30078125,0.5234375,-0.8046875,9.375,-2.2890625,0.2265625,-0.115234375,0.0546875
552,5476447,5776447,0.778076172,-0.118652344,-0.144470215,0.599731445,-0.0390625,0.30078125,0.5234375,-0.8046875,9.375,-2.2890625,-0.001953125,-0.0859375,0.044921875
553,5486487,5786487,0.777832031,-0.11895752,-0.144592285,0.599914551,0.21875,0.234375,1.0078125,-0.796875,9.3671875,-2.3125,-0.001953125,-0.0859375,0.044921875
554,5497484,5797484,0.77746582,-0.118896484,-0.144592285,0.600463867,0.21875,0.234375,1.0078125,-0.796875,9.3671875,-2.3125,-0.1640625,0.02734375,0.00390625
555,5503872,5803872,0.776977539,-0.118591309,-0.144592285,0.601135254,0.01953125,-0.1875,0.44921875,-0.7890625,9.3671875,-2.2890625,-0.1640625,0.02734375,0.00390625
556,5517778,5817778,0.776550293,-0.118164062,-0.144775391,0.60168457,0.01953125,-0.1875,0.44921875,-0.7890625,9.3671875,-2.2890625,-0.1484375,0.01171875,-0.091796875
557,5524320,5824320,0.776184082,-0.117614746,-0.145263672,0.602172852,-0.31640625,-0.734375,0.0703125,-0.796875,9.375,-2.2578125,-0.1484375,0.01171875,-0.091796875
558,5537145,5837145,0.775817871,-0.117004395,-0.146057129,0.602539062,-0.31640625,-0.734375,0.0703125,-0.796875,9.375,-2.2578125,-0.115234375,-0.0703125,-0.201171875
559,5543135,5843135,0.775634766,-0.116394043,-0.147155762,0.602661133,-0.4375,-1.125,0.01171875,-0.828125,9.3828125,-2.234375,-0.115234375,-0.0703125,-0.201171875
560,5557442,5857442,0.775512695,-0.115844727,-0.14855957,0.602539062,-0.4375,-1.125,0.01171875,-0.828125,9.3828125,-2.234375,-0.03125,-0.181640625,-0.265625
561,5563091,5863091,0.77545166,-0.11529541,-0.150146484,0.602355957,-0.421875,-1.26953125,0.0703125,-0.8828125,9.375,-2.21875,-0.03125,-0.181640625,-0.265625
562,5576684,5876684,0.775390625,-0.114685059,-0.151855469,0.602172852,-0.421875,-1.26953125,0.0703125,-0.8828125,9.375,-2.21875,-0.037109375,-0.201171875,-0.31640625
563,5582677,5882677,0.77532959,-0.113952637,-0.153686523,0.601928711,-0.2421875,-0.83984375,-0.08984375,-0.9453125,9.3671875,-2.2109375,-0.037109375,-0.201171875,-0.31640625
564,5601236,5901236,0.77532959,-0.113098145,-0.155639648,0.6015625,-0.2421875,-0.83984375,-0.08984375,-0.9453125,9.3671875,-2.2109375,-0.009765625,-0.19921875,-0.404296875
565,5605068,5905068,0.775390625,-0.111938477,-0.157592773,0.601196289,-0.2421875,-0.640625,0.09375,-1.0234375,9.359375,-2.203125,-0.009765625,-0.19921875,-0.404296875
566,5615909,5915909,0.775512695,-0.110534668,-0.159545898,0.600769043,-0.2421875,-0.640625,0.09375,-1.0234375,9.359375,-2.203125,-0.01171875,-0.111328125,-0.490234375
567,5623559,5923559,0.775695801,-0.108886719,-0.161437988,0.600341797,-0.15625,-0.25,0.125,-1.109375,9.3515625,-2.1953125,-0.01171875,-0.111328125,-0.490234375
568,5637856,5937856,0.775878906,-0.107116699,-0.163269043,0.599914551,-0.15625,-0.25,0.125,-1.109375,9.3515625,-2.1953125,0.00390625,-0.060546875,-0.505859375
569,5644152,5944152,0.776123047,-0.105407715,-0.164855957,0.59942627,-0.046875,-0.15625,0.0078125,-1.21875,9.3359375,-2.1953125,0.00390625,-0.060546875,-0.505859375
570,5656589,5956589,0.776428223,-0.103759766,-0.166442871,0.598876953,-0.046875,-0.15625,0.0078125,-1.21875,9.3359375,-2.1953125,0.04296875,-0.04296875,-0.447265625
571,5662597,5962597,0.776794434,-0.102172852,-0.167907715,0.598266602,0.078125,0.203125,-0.18359375,-1.3046875,9.3203125,-2.1953125,0.04296875,-0.04296875,-0.447265625
572,5680551,5980551,0.77722168,-0.100585938,-0.169189453,0.59765625,0.078125,0.203125,-0.18359375,-1.3046875,9.3203125,-2.1953125,0.0703125,0.00390625,-0.421875
573,5684393,5984393,0.777648926,-0.0989990234,-0.170288086,0.597045898,0.125,0.41015625,-0.13671875,-1.390625,9.3046875,-2.203125,0.0703125,0.00390625,-0.421875
574,5696628,5996628,0.778259277,-0.0972290039,-0.171447754,0.596191406,0.125,0.41015625,-0.13671875,-1.390625,9.3046875,-2.203125,0.125,0.04296875,-0.443359375
575,5702604,6002604,0.778930664,-0.0953979492,-0.172546387,0.595336914,-0.1484375,0.38671875,-0.15234375,-1.4609375,9.2890625,-2.2265625,0.125,0.04296875,-0.443359375
576,5720304,6020304,0.779602051,-0.0935058594,-0.173583984,0.594421387,-0.1484375,0.38671875,-0.15234375,-1.4609375,9.2890625,-2.2265625,0.13671875,0.078125,-0.458984375
577,5724143,6024143,0.780273438,-0.0916748047,-0.174499512,0.59362793,-0.1796875,0.296875,-0.2421875,-1.546875,9.265625,-2.25,0.13671875,0.078125,-0.458984375
578,5736377,6036377,0.780883789,-0.0896606445,-0.175354004,0.592834473,-0.1796875,0.296875,-0.2421875,-1.546875,9.265625,-2.25,0.083984375,0.11328125,-0.419921875
579,5742375,6042375,0.781311035,-0.087890625,-0.176147461,0.592285156,-0.0625,0.3515625,-0.21875,-1.625,9.25,-2.2734375,0.083984375,0.11328125,-0.419921875
580,5760234,6060234,0.781616211,-0.0863037109,-0.176940918,0.591918945,-0.0625,0.3515625,-0.21875,-1.625,9.25,-2.2734375,0.029296875,0.033203125,-0.33984375
581,5768152,6068152,0.781799316,-0.0850830078,-0.17779541,0.591552734,0.046875,0.375,-0.1640625,-1.6953125,9.2265625,-2.2890625,0.029296875,0.033203125,-0.33984375
582,5776481,6076481,0.781982422,-0.0839233398,-0.178710938,0.591247559,0.046875,0.375,-0.1640625,-1.6953125,9.2265625,-2.2890625,-0.01171875,-0.01171875,-0.287109375
583,5783393,6083393,0.781982422,-0.082824707,-0.17956543,0.591125488,0.21484375,0.45703125,0.29296875,-1.75,9.21875,-2.2890625,-0.01171875,-0.01171875,-0.287109375
584,5801093,6101093,0.781921387,-0.0815429688,-0.180297852,0.591186523,0.21484375,0.45703125,0.29296875,-1.75,9.21875,-2.2890625,-0.09765625,0.052734375,-0.26953125
585,5805183,6105183,0.781799316,-0.0802001953,-0.180908203,0.591308594,0.30859375,0.50390625,0.32421875,-1.8046875,9.2109375,-2.28125,-0.09765625,0.052734375,-0.26953125
586,5818179,6118179,0.781738281,-0.0787353516,-0.18145752,0.591369629,0.30859375,0.50390625,0.32421875,-1.8046875,9.2109375,-2.28125,-0.08203125,0.080078125,-0.302734375
587,5822994,6122994,0.781677246,-0.0772705078,-0.182067871,0.591491699,0.05078125,0.20703125,0.078125,-1.8515625,9.203125,-2.265625,-0.08203125,0.080078125,-0.302734375
588,5840705,6140705,0.781616211,-0.0756835938,-0.182800293,0.591552734,0.05078125,0.20703125,0.078125,-1.8515625,9.203125,-2.265625,-0.087890625,0.080078125,-0.328125
589,5844418,6144418,0.781555176,-0.0740356445,-0.183532715,0.59161377,0.07421875,0.05859375,-0.08984375,-1.9140625,9.1953125,-2.25,-0.087890625,0.080078125,-0.328125
590,5856618,6156618,0.781433105,-0.0724487305,-0.184265137,0.59173584,0.07421875,0.05859375,-0.08984375,-1.9140625,9.1953125,-2.25,-0.09765625,0.05859375,-0.326171875
591,5863535,6163535,0.78137207,-0.0709838867,-0.185119629,0.59173584,-0.0234375,-0.0078125,-0.48828125,-1.96875,9.1875,-2.234375,-0.09765625,0.05859375,-0.326171875
592,5879273,6179273,0.781433105,-0.0697021484,-0.186035156,0.591552734,-0.0234375,-0.0078125,-0.48828125,-1.96875,9.1875,-2.234375,0.02734375,-0.021484375,-0.3046875
593,5882763,6182763,0.781677246,-0.0687866211,-0.187011719,0.591003418,-0.0859375,-0.078125,-0.5703125,-2.0234375,9.1796875,-2.2265625,0.02734375,-0.021484375,-0.3046875
594,5898147,6198147,0.782104492,-0.0681762695,-0.188171387,0.590087891,-0.0859375,-0.078125,-0.5703125,-2.0234375,9.1796875,-2.2265625,0.173828125,-0.1171875,-0.25
595,5902957,6202957,0.782592773,-0.0678710938,-0.189331055,0.589172363,-0.22265625,-0.0234375,-0.25,-2.078125,9.1640625,-2.2421875,0.173828125,-0.1171875,-0.25
596,5916360,6216360,0.783081055,-0.0679321289,-0.190551758,0.588134766,-0.22265625,-0.0234375,-0.25,-2.078125,9.1640625,-2.2421875,0.189453125,-0.208984375,-0.154296875
597,5925701,6225701,0.783447266,-0.0681762695,-0.191772461,0.587158203,0.16796875,0.453125,-0.02734375,-2.125,9.1484375,-2.2734375,0.189453125,-0.208984375,-0.154296875
598,5937441,6237441,0.783813477,-0.0685424805,-0.192810059,0.586303711,0.16796875,0.453125,-0.02734375,-2.125,9.1484375,-2.2734375,0.166015625,-0.203125,-0.087890625
599,5943416,6243416,0.784118652,-0.0689697266,-0.193725586,0.585510254,0.27734375,0.50390625,0.109375,-2.15625,9.1328125,-2.296875,0.166015625,-0.203125,-0.087890625
600,5959123,6259123,0.784423828,-0.069519043,-0.194519043,0.584777832,0.27734375,0.50390625,0.109375,-2.15625,9.1328125,-2.296875,0.166015625,-0.169921875,-0.025390625
601,5962604,6262604,0.784729004,-0.0700683594,-0.195129395,0.584106445,0.29296875,0.55078125,0.2109375,-2.171875,9.125,-2.3203125,0.166015625,-0.169921875,-0.025390625
602,5977621,6277621,0.78503418,-0.0707397461,-0.195739746,0.583435059,0.29296875,0.55078125,0.2109375,-2.171875,9.125,-2.3203125,0.16015625,-0.17578125,0.01953125
603,5983597,6283597,0.785217285,-0.0715332031,-0.196350098,0.582885742,0.03125,0.25390625,0.1484375,-2.1796875,9.1171875,-2.3359375,0.16015625,-0.17578125,0.01953125
604,5999732,6299732,0.785217285,-0.0723266602,-0.196960449,0.582580566,0.03125,0.25390625,0.1484375,-2.1796875,9.1171875,-2.3359375,0.02734375,-0.185546875,0.046875
605,6003873,6303873,0.78503418,-0.073059082,-0.197387695,0.582580566,0.30859375,0.3359375,-0.140625,-2.1875,9.109375,-2.3515625,0.02734375,-0.185546875,0.046875
606,6017986,6317986,0.784667969,-0.0737915039,-0.197631836,0.582885742,0.30859375,0.3359375,-0.140625,-2.1875,9.109375,-2.3515625,-0.087890625,-0.125,0.126953125
607,6023144,6323144,0.784240723,-0.0745239258,-0.197692871,0.583374023,0.22265625,0.3671875,-0.38671875,-2.1796875,9.1171875,-2.3359375,-0.087890625,-0.125,0.126953125
608,6041916,6341916,0.783874512,-0.0751953125,-0.197509766,0.583862305,0.22265625,0.3671875,-0.38671875,-2.1796875,9.1171875,-2.3359375,-0.068359375,-0.064453125,0.181640625
609,6043412,6343412,0.783569336,-0.0762329102,-0.197387695,0.58416748,-0.2578125,0.12890625,-0.484375,-2.15625,9.125,-2.3125,-0.068359375,-0.064453125,0.181640625
610,6057930,6357930,0.783508301,-0.0773925781,-0.197265625,0.584106445,-0.2578125,0.12890625,-0.484375,-2.15625,9.125,-2.3125,0.0625,-0.119140625,0.18359375
611,6063007,6363007,0.783630371,-0.0784912109,-0.19720459,0.583862305,0.046875,0.12109375,0.01953125,-2.1171875,9.1328125,-2.3203125,0.0625,-0.119140625,0.18359375
612,6079628,6379628,0.783935547,-0.0795288086,-0.19708252,0.583374023,0.046875,0.12109375,0.01953125,-2.1171875,9.1328125,-2.3203125,0.169921875,-0.0859375,0.142578125
613,6083849,6383849,0.784362793,-0.0803833008,-0.196899414,0.582702637,-0.015625,0.0390625,0.15625,-2.09375,9.140625,-2.34375,0.169921875,-0.0859375,0.142578125
614,6096905,6396905,0.784851074,-0.0811767578,-0.196716309,0.581970215,-0.015625,0.0390625,0.15625,-2.09375,9.140625,-2.34375,0.19921875,-0.0625,0.099609375
615,6103984,6403984,0.78527832,-0.0820922852,-0.196716309,0.581298828,-0.10546875,0.046875,0.11328125,-2.078125,9.1328125,-2.375,0.19921875,-0.0625,0.099609375
616,6120657,6420657,0.785461426,-0.0831298828,-0.196899414,0.580871582,-0.10546875,0.046875,0.11328125,-2.078125,9.1328125,-2.375,0.111328125,-0.19921875,0.150390625
617,6124533,6424533,0.785339355,-0.0844726562,-0.19720459,0.580749512,-0.16015625,-0.0703125,0.59765625,-2.0625,9.1328125,-2.3984375,0.111328125,-0.19921875,0.150390625
618,6136704,6436704,0.784912109,-0.0855712891,-0.197570801,0.580993652,-0.16015625,-0.0703125,0.59765625,-2.0625,9.1328125,-2.3984375,-0.099609375,-0.16796875,0.15234375
619,6144865,6444865,0.784423828,-0.0864257812,-0.197753906,0.581481934,0.16796875,0.19140625,0.54296875,-2.046875,9.140625,-2.3828125,-0.099609375,-0.16796875,0.15234375
620,6160649,6460649,0.783935547,-0.0872192383,-0.197875977,0.581970215,0.16796875,0.19140625,0.54296875,-2.046875,9.140625,-2.3828125,-0.1015625,-0.109375,0.12109375
621,6164512,6464512,0.783508301,-0.0878295898,-0.198059082,0.582397461,0.07421875,-0.046875,0.2890625,-2.03125,9.1484375,-2.359375,-0.1015625,-0.109375,0.12109375
622,6178092,6478092,0.783081055,-0.0883789062,-0.198242188,0.582824707,0.07421875,-0.046875,0.2890625,-2.03125,9.1484375,-2.359375,-0.095703125,-0.107421875,0.0703125
623,6183872,6483872,0.782653809,-0.0888061523,-0.198547363,0.583251953,-0.015625,-0.24609375,0.07421875,-2.015625,9.15625,-2.3359375,-0.095703125,-0.107421875,0.0703125
624,6200648,6500648,0.782043457,-0.0891723633,-0.198974609,0.58380127,-0.015625,-0.24609375,0.07421875,-2.015625,9.15625,-2.3359375,-0.16015625,-0.126953125,0.01953125
625,6204308,6504308,0.781494141,-0.0894165039,-0.199462891,0.584350586,0.2890625,-0.22265625,-0.02734375,-2.015625,9.171875,-2.3125,-0.16015625,-0.126953125,0.01953125
626,6217684,6517684,0.781005859,-0.0897216797,-0.199951172,0.584777832,0.2890625,-0.22265625,-0.02734375,-2.015625,9.171875,-2.3125,-0.08203125,-0.146484375,0.0234375
627,6224616,6524616,0.780639648,-0.0902709961,-0.200561523,0.585021973,-0.28515625,-0.56640625,-0.09765625,-2.015625,9.171875,-2.28125,-0.08203125,-0.146484375,0.0234375
628,6240657,6540657,0.780273438,-0.0907592773,-0.201171875,0.585205078,-0.28515625,-0.56640625,-0.09765625,-2.015625,9.171875,-2.28125,-0.0546875,-0.169921875,0.01953125
629,6244297,6544297,0.779968262,-0.0912475586,-0.201721191,0.585388184,0.2890625,-0.19140625,0.03515625,-2.015625,9.1796875,-2.2578125,-0.0546875,-0.169921875,0.01953125
630,6257736,6557736,0.779663086,-0.0914306641,-0.202087402,0.585571289,0.2890625,-0.19140625,0.03515625,-2.015625,9.1796875,-2.2578125,-0.064453125,-0.044921875,0.00390625
631,6264512,6564512,0.779541016,-0.0914916992,-0.202209473,0.585754395,0.64453125,0.0390625,0.2109375,-2.0234375,9.1796875,-2.2421875,-0.064453125,-0.044921875,0.00390625
632,6279628,6579628,0.779418945,-0.0915527344,-0.202331543,0.585876465,0.64453125,0.0390625,0.2109375,-2.0234375,9.1796875,-2.2421875,-0.03125,-0.033203125,0.005859375
633,6283758,6583758,0.77923584,-0.0916748047,-0.202514648,0.5859375,0.10546875,0.18359375,-0.02734375,-2.0234375,9.1875,-2.234375,-0.03125,-0.033203125,0.005859375
634,6298679,6598679,0.779052734,-0.0919799805,-0.20300293,0.585998535,0.10546875,0.18359375,-0.02734375,-2.0234375,9.1875,-2.234375,-0.015625,-0.126953125,-0.017578125
635,6302412,6602412,0.778869629,-0.0922241211,-0.203613281,0.585998535,0.06640625,0.22265625,-0.03515625,-2.0234375,9.1875,-2.2265625,-0.015625,-0.126953125,-0.017578125
636,6319642,6619642,0.778747559,-0.0922241211,-0.204345703,0.5859375,0.06640625,0.22265625,-0.03515625,-2.0234375,9.1875,-2.2265625,-0.03515625,-0.10546875,-0.09765625
637,6323719,6623719,0.778625488,-0.0921020508,-0.204956055,0.58581543,0.58203125,0.14453125,-0.08203125,-2.0390625,9.1875,-2.21875,-0.03515625,-0.10546875,-0.09765625
638,6338617,6638617,0.778747559,-0.0920410156,-0.205505371,0.585571289,0.58203125,0.14453125,-0.08203125,-2.0390625,9.1875,-2.21875,0.06640625,-0.0859375,-0.072265625
639,6342360,6642360,0.778930664,-0.0920410156,-0.205993652,0.585083008,-0.12109375,-0.0390625,-0.42578125,-2.0625,9.1796875,-2.21875,0.06640625,-0.0859375,-0.072265625
640,6359636,6659636,0.77935791,-0.0921020508,-0.206298828,0.584411621,-0.12109375,-0.0390625,-0.42578125,-2.0625,9.1796875,-2.21875,0.181640625,-0.05078125,-0.056640625
641,6363621,6663621,0.779907227,-0.0922851562,-0.206542969,0.583557129,-0.375,-0.30078125,-0.36328125,-2.078125,9.171875,-2.2421875,0.181640625,-0.05078125,-0.056640625
642,6377709,6677709,0.780578613,-0.0926513672,-0.206665039,0.582580566,-0.375,-0.30078125,-0.36328125,-2.078125,9.171875,-2.2421875,0.23828125,-0.052734375,0.00390625
643,6383453,6683453,0.781188965,-0.0930786133,-0.206787109,0.581604004,-0.40625,-0.29296875,-0.2109375,-2.0859375,9.1640625,-2.28125,0.23828125,-0.052734375,0.00390625
644,6398619,6698619,0.781921387,-0.0935668945,-0.206970215,0.580505371,-0.40625,-0.29296875,-0.2109375,-2.0859375,9.1640625,-2.28125,0.271484375,-0.068359375,0.001953125
645,6402226,6702226,0.782592773,-0.0940551758,-0.20715332,0.579528809,-0.25390625,0.26171875,0.171875,-2.0859375,9.1484375,-2.3203125,0.271484375,-0.068359375,0.001953125
646,6416247,6716247,0.783081055,-0.0944824219,-0.207336426,0.578613281,-0.25390625,0.26171875,0.171875,-2.0859375,9.1484375,-2.3203125,0.17578125,-0.068359375,-0.009765625
647,6424244,6724244,0.783447266,-0.0946655273,-0.207519531,0.578063965,0.1015625,0.421875,0.36328125,-2.09375,9.140625,-2.359375,0.17578125,-0.068359375,-0.009765625
648,6441739,6741739,0.783752441,-0.0946655273,-0.207519531,0.577697754,0.1015625,0.421875,0.36328125,-2.09375,9.140625,-2.359375,0.05078125,0.03125,-0.015625
649,6447069,6747069,0.783874512,-0.094543457,-0.207336426,0.577575684,0.17578125,0.390625,0.42578125,-2.09375,9.1328125,-2.3828125,0.05078125,0.03125,-0.015625
650,6458447,6758447,0.783935547,-0.0942993164,-0.20715332,0.577636719,0.17578125,0.390625,0.42578125,-2.09375,9.1328125,-2.3828125,-0.017578125,0.064453125,-0.001953125
651,6462186,6762186,0.783935547,-0.0941772461,-0.20690918,0.577758789,0.1015625,0.23828125,0.16015625,-2.09375,9.1328125,-2.3828125,-0.017578125,0.064453125,-0.001953125
652,6479634,6779634,0.783813477,-0.0941162109,-0.206726074,0.577941895,0.1015625,0.23828125,0.16015625,-2.09375,9.1328125,-2.3828125,-0.03125,0.021484375,0.037109375
653,6483600,6783600,0.783752441,-0.0942382812,-0.206604004,0.578063965,0.015625,0.27734375,0.00390625,-2.0859375,9.1328125,-2.3828125,-0.03125,0.021484375,0.037109375
654,6497704,6797704,0.783752441,-0.094543457,-0.206420898,0.578063965,0.015625,0.27734375,0.00390625,-2.0859375,9.1328125,-2.3828125,0.037109375,-0.015625,0.07421875
655,6503431,6803431,0.783874512,-0.094909668,-0.206176758,0.577941895,0.0859375,0.23828125,0.04296875,-2.078125,9.1328125,-2.3828125,0.037109375,-0.015625,0.07421875
656,6520551,6820551,0.784179688,-0.0952148438,-0.205688477,0.577636719,0.0859375,0.23828125,0.04296875,-2.078125,9.1328125,-2.3828125,0.1328125,0.08203125,0.099609375
657,6525311,6825311,0.784729004,-0.0955200195,-0.204956055,0.577148438,0.22265625,0.0078125,-0.1328125,-2.0625,9.1328125,-2.3984375,0.1328125,0.08203125,0.099609375
658,6537964,6837964,0.785339355,-0.0956420898,-0.204101562,0.576538086,0.22265625,0.0078125,-0.1328125,-2.0625,9.1328125,-2.3984375,0.19921875,0.150390625,0.0625
659,6541689,6841689,0.785949707,-0.0955200195,-0.20324707,0.576049805,0.23828125,0.046875,-0.29296875,-2.0390625,9.1328125,-2.4296875,0.19921875,0.150390625,0.0625
660,6560566,6860566,0.786376953,-0.0950927734,-0.202392578,0.575805664,0.23828125,0.046875,-0.29296875,-2.0390625,9.1328125,-2.4296875,0.01171875,0.181640625,0.0078125
661,6565345,6865345,0.786437988,-0.0946655273,-0.201721191,0.57611084,-0.0859375,-0.18359375,0.12109375,-2.0234375,9.1328125,-2.4609375,0.01171875,0.181640625,0.0078125
662,6577997,6877997,0.786132812,-0.0942382812,-0.20111084,0.576721191,-0.0859375,-0.18359375,0.12109375,-2.0234375,9.1328125,-2.4609375,-0.16796875,0.134765625,0.046875
663,6581720,6881720,0.785766602,-0.0938720703,-0.200500488,0.577575684,0.08984375,0.078125,0.23046875,-2.0078125,9.140625,-2.453125,-0.16796875,0.134765625,0.046875
664,6599631,6899631,0.78527832,-0.0933227539,-0.199768066,0.578552246,0.08984375,0.078125,0.23046875,-2.0078125,9.140625,-2.453125,-0.212890625,0.185546875,0.052734375
665,6604279,6904279,0.784851074,-0.0927734375,-0.198974609,0.579467773,0.19140625,0.453125,0.08203125,-1.9921875,9.1484375,-2.421875,-0.212890625,0.185546875,0.052734375
666,6617830,6917830,0.784423828,-0.0920410156,-0.198120117,0.580444336,0.19140625,0.453125,0.08203125,-1.9921875,9.1484375,-2.421875,-0.201171875,0.205078125,0.0234375
667,6624145,6924145,0.784057617,-0.0913696289,-0.19744873,0.581298828,0.01953125,0.17578125,-0.1796875,-1.9765625,9.15625,-2.390625,-0.201171875,0.205078125,0.0234375
668,6639652,6939652,0.783691406,-0.0906982422,-0.196777344,0.58215332,0.01953125,0.17578125,-0.1796875,-1.9765625,9.15625,-2.390625,-0.18359375,0.16796875,0.013671875
669,6643605,6943605,0.78326416,-0.0901489258,-0.196228027,0.582946777,0.12109375,-0.03125,-0.203125,-1.9609375,9.171875,-2.3671875,-0.18359375,0.16796875,0.013671875
670,6657169,6957169,0.782714844,-0.0897216797,-0.195678711,0.583984375,0.12109375,-0.03125,-0.203125,-1.9609375,9.171875,-2.3671875,-0.248046875,0.107421875,0.05859375
671,6662205,6962205,0.781982422,-0.0894775391,-0.195129395,0.585144043,0.34375,0.19140625,-0.0859375,-1.953125,9.1796875,-2.328125,-0.248046875,0.107421875,0.05859375
672,6679624,6979624,0.78125,-0.0892944336,-0.194458008,0.586425781,0.34375,0.19140625,-0.0859375,-1.953125,9.1796875,-2.328125,-0.2890625,0.1328125,0.138671875
673,6683959,6983959,0.780517578,-0.0891113281,-0.19354248,0.58770752,0.203125,0.328125,-0.01953125,-1.9296875,9.1953125,-2.28125,-0.2890625,0.1328125,0.138671875
674,6697426,6997426,0.779724121,-0.0888061523,-0.192321777,0.589233398,0.203125,0.328125,-0.01953125,-1.9296875,9.1953125,-2.28125,-0.3125,0.234375,0.181640625
675,6702221,7002221,0.778930664,-0.0885009766,-0.190856934,0.590759277,0.39453125,0.3828125,-0.06640625,-1.890625,9.21875,-2.234375,-0.3125,0.234375,0.181640625
676,6720503,7020503,0.778259277,-0.0880737305,-0.189086914,0.592285156,0.39453125,0.3828125,-0.06640625,-1.890625,9.21875,-2.234375,-0.302734375,0.333984375,0.220703125
677,6725151,7025151,0.777526855,-0.0877685547,-0.187438965,0.593811035,0.1484375,0.2109375,-0.265625,-1.8359375,9.234375,-2.1875,-0.302734375,0.333984375,0.220703125
678,6737536,7037536,0.776916504,-0.0877075195,-0.185913086,0.595092773,0.1484375,0.2109375,-0.265625,-1.8359375,9.234375,-2.1875,-0.2265625,0.224609375,0.23046875
679,6742330,7042330,0.776428223,-0.087890625,-0.184509277,0.596191406,0.09375,0.296875,-0.265625,-1.78125,9.265625,-2.1484375,-0.2265625,0.224609375,0.23046875
680,6760477,7060477,0.776000977,-0.0883178711,-0.183227539,0.597045898,0.09375,0.296875,-0.265625,-1.78125,9.265625,-2.1484375,-0.154296875,0.138671875,0.28125
681,6765146,7065146,0.77545166,-0.0889282227,-0.181884766,0.598083496,0,0.1640625,0.20703125,-1.7265625,9.28125,-2.125,-0.154296875,0.138671875,0.28125
682,6777175,7077175,0.774719238,-0.0896606445,-0.180541992,0.599304199,0,0.1640625,0.20703125,-1.7265625,9.28125,-2.125,-0.271484375,0.125,0.365234375
683,6781968,7081968,0.773864746,-0.0905761719,-0.179016113,0.600769043,0.24609375,0.2578125,-0.015625,-1.6640625,9.3046875,-2.09375,-0.271484375,0.125,0.365234375
684,6800956,7100956,0.773071289,-0.0916748047,-0.177612305,0.601989746,0.24609375,0.2578125,-0.015625,-1.6640625,9.3046875,-2.09375,-0.1640625,0.037109375,0.3984375
685,6802428,7102428,0.772521973,-0.0930786133,-0.176452637,0.602844238,0.08984375,0.1171875,-0.16796875,-1.5859375,9.328125,-2.0546875,-0.1640625,0.037109375,0.3984375
686,6817658,7117658,0.771911621,-0.094543457,-0.175354004,0.60369873,0.08984375,0.1171875,-0.16796875,-1.5859375,9.328125,-2.0546875,-0.138671875,-0.015625,0.390625
687,6823789,7123789,0.771240234,-0.0958862305,-0.174377441,0.604675293,0.1640625,0.1015625,0.2578125,-1.5078125,9.34375,-2.0234375,-0.138671875,-0.015625,0.390625
688,6837980,7137980,0.770446777,-0.0970458984,-0.173461914,0.605773926,0.1640625,0.1015625,0.2578125,-1.5078125,9.34375,-2.0234375,-0.21875,-0.013671875,0.32421875
689,6846111,7146111,0.76965332,-0.0981445312,-0.172729492,0.606811523,-0.05078125,0.0859375,0.07421875,-1.4453125,9.359375,-1.9921875,-0.21875,-0.013671875,0.32421875
690,6857416,7157416,0.768798828,-0.0993041992,-0.171875,0.607849121,-0.05078125,0.0859375,0.07421875,-1.4453125,9.359375,-1.9921875,-0.16796875,-0.01171875,0.306640625
691,6863881,7163881,0.768310547,-0.100280762,-0.170898438,0.608642578,0.125,-0.01171875,-0.00390625,-1.390625,9.3828125,-1.953125,-0.16796875,-0.01171875,0.306640625
692,6880393,7180393,0.768249512,-0.101135254,-0.169372559,0.608947754,0.125,-0.01171875,-0.00390625,-1.390625,9.3828125,-1.953125,0.0703125,0.201171875,0.337890625
693,6884623,7184623,0.768615723,-0.101745605,-0.167358398,0.609008789,0.0546875,-0.10546875,-0.4765625,-1.3203125,9.3984375,-1.9375,0.0703125,0.201171875,0.337890625
694,6898325,7198325,0.768920898,-0.102233887,-0.165100098,0.609191895,0.0546875,-0.10546875,-0.4765625,-1.3203125,9.3984375,-1.9375,0.029296875,0.291015625,0.345703125
695,6901941,7201941,0.768859863,-0.102783203,-0.163146973,0.609619141,-0.21484375,-0.1796875,-0.9921875,-1.2421875,9.3984375,-1.9609375,0.029296875,0.291015625,0.345703125
696,6917491,7217491,0.768554688,-0.10369873,-0.161376953,0.610351562,-0.21484375,-0.1796875,-0.9921875,-1.2421875,9.3984375,-1.9609375,-0.10546875,0.130859375,0.384765625
697,6925211,7225211,0.768127441,-0.104858398,-0.159912109,0.611083984,-0.41015625,-0.16015625,-0.30078125,-1.1640625,9.4140625,-1.9609375,-0.10546875,0.130859375,0.384765625
698,6936946,7236946,0.76763916,-0.106567383,-0.158813477,0.611633301,-0.41015625,-0.16015625,-0.30078125,-1.1640625,9.4140625,-1.9609375,-0.03125,-0.11328125,0.41796875
699,6943876,7243876,0.76739502,-0.108642578,-0.15814209,0.611816406,-0.25,0.1015625,0.52734375,-1.09375,9.421875,-1.9453125,-0.03125,-0.11328125,0.41796875
700,6960383,7260383,0.767272949,-0.110839844,-0.157592773,0.611633301,-0.25,0.1015625,0.52734375,-1.09375,9.421875,-1.9453125,0.109375,-0.189453125,0.388671875
701,6964237,7264237,0.767150879,-0.112976074,-0.157104492,0.611572266,-0.2421875,0.015625,1.18359375,-1.0234375,9.4296875,-1.953125,0.109375,-0.189453125,0.388671875
702,6976690,7276690,0.766845703,-0.114990234,-0.156494141,0.611755371,-0.2421875,0.015625,1.18359375,-1.0234375,9.4296875,-1.953125,-0.01171875,-0.142578125,0.3984375
703,6983686,7283686,0.766479492,-0.116760254,-0.155578613,0.612121582,0.109375,0.66015625,0.87890625,-0.953125,9.4375,-1.953125,-0.01171875,-0.142578125,0.3984375
704,7001931,7301931,0.766113281,-0.118164062,-0.15411377,0.612670898,0.109375,0.66015625,0.87890625,-0.953125,9.4375,-1.953125,-0.07421875,0.154296875,0.419921875
705,7006357,7306357,0.76574707,-0.118896484,-0.151794434,0.613586426,0.26171875,0.8046875,0.07421875,-0.875,9.4453125,-1.953125,-0.07421875,0.154296875,0.419921875
706,7017151,7317151,0.765258789,-0.119018555,-0.149108887,0.614807129,0.26171875,0.8046875,0.07421875,-0.875,9.4453125,-1.953125,-0.2265625,0.4609375,0.40234375
707,7023647,7323647,0.764526367,-0.11920166,-0.146606445,0.616271973,-0.140625,0.1484375,-1.3671875,-0.78125,9.453125,-1.9296875,-0.2265625,0.4609375,0.40234375
708,7037854,7337854,0.763671875,-0.119750977,-0.144897461,0.617614746,-0.140625,0.1484375,-1.3671875,-0.78125,9.453125,-1.9296875,-0.236328125,0.095703125,0.345703125
709,7046268,7346268,0.762817383,-0.120788574,-0.143981934,0.618713379,-0.640625,-1.1015625,-0.83203125,-0.703125,9.4765625,-1.890625,-0.236328125,0.095703125,0.345703125
710,7056704,7356704,0.76184082,-0.122192383,-0.143676758,0.619689941,-0.640625,-1.1015625,-0.83203125,-0.703125,9.4765625,-1.890625,-0.2109375,-0.18359375,0.2890625
711,7064007,7364007,0.760925293,-0.123718262,-0.143554688,0.620483398,-0.12109375,-1.078125,0.6171875,-0.6484375,9.4921875,-1.84375,-0.2109375,-0.18359375,0.2890625
712,7078557,7378557,0.760314941,-0.125183105,-0.143127441,0.62109375,-0.12109375,-1.078125,0.6171875,-0.6484375,9.4921875,-1.84375,-0.06640625,-0.060546875,0.296875
713,7087014,7387014,0.760192871,-0.126281738,-0.142272949,0.62121582,0.24609375,-0.58984375,0.66015625,-0.59375,9.5,-1.8125,-0.06640625,-0.060546875,0.296875
714,7096265,7396265,0.760620117,-0.12713623,-0.14074707,0.620849609,0.24609375,-0.58984375,0.66015625,-0.59375,9.5,-1.8125,0.244140625,0.189453125,0.28515625
715,7103872,7403872,0.761535645,-0.127685547,-0.13885498,0.620056152,-0.07421875,-0.20703125,-0.6171875,-0.5390625,9.5,-1.8359375,0.244140625,0.189453125,0.28515625
716,7121106,7421106,0.762756348,-0.128112793,-0.136962891,0.618896484,-0.07421875,-0.20703125,-0.6171875,-0.5390625,9.5,-1.8359375,0.400390625,0.212890625,0.203125
717,7125579,7425579,0.76385498,-0.128540039,-0.135681152,0.617797852,-0.4765625,-0.3515625,-1.046875,-0.484375,9.4921875,-1.90625,0.400390625,0.212890625,0.203125
718,7135999,7435999,0.764709473,-0.128967285,-0.13494873,0.616760254,-0.4765625,-0.3515625,-1.046875,-0.484375,9.4921875,-1.90625,0.234375,0,0.08203125
719,7142919,7442919,0.765197754,-0.129455566,-0.13470459,0.616088867,-0.19921875,-0.6796875,0.234375,-0.453125,9.4765625,-1.9609375,0.234375,0,0.08203125
720,7159937,7459937,0.765441895,-0.130004883,-0.134643555,0.615661621,-0.19921875,-0.6796875,0.234375,-0.453125,9.4765625,-1.9609375,0.064453125,-0.064453125,0.080078125
721,7163651,7463651,0.76550293,-0.130493164,-0.134460449,0.615600586,0.09765625,-0.375,0.91796875,-0.4453125,9.4765625,-1.9921875,0.064453125,-0.064453125,0.080078125
722,7176856,7476856,0.765563965,-0.130859375,-0.134033203,0.615478516,0.09765625,-0.375,0.91796875,-0.4453125,9.4765625,-1.9921875,0.056640625,0.048828125,0.11328125
723,7182595,7482595,0.765869141,-0.131103516,-0.133300781,0.615234375,-0.078125,-0.13671875,-0.0234375,-0.421875,9.46875,-2.0078125,0.056640625,0.048828125,0.11328125
724,7200597,7500597,0.766418457,-0.131225586,-0.132446289,0.614685059,-0.078125,-0.13671875,-0.0234375,-0.421875,9.46875,-2.0078125,0.193359375,0.12109375,0.072265625
725,7205071,7505071,0.767028809,-0.131225586,-0.131774902,0.614074707,-0.1796875,-0.25,-0.30859375,-0.3984375,9.46875,-2.03125,0.193359375,0.12109375,0.072265625
726,7216807,7516807,0.76751709,-0.131164551,-0.131286621,0.613586426,-0.1796875,-0.25,-0.30859375,-0.3984375,9.46875,-2.03125,0.13671875,0.0625,0.00390625
727,7222790,7522790,0.767944336,-0.13104248,-0.13104248,0.613098145,-0.1171875,-0.20703125,0.18359375,-0.3828125,9.4609375,-2.0625,0.13671875,0.0625,0.00390625
728,7240362,7540362,0.768371582,-0.130859375,-0.130859375,0.612670898,-0.1171875,-0.20703125,0.18359375,-0.3828125,9.4609375,-2.0625,0.119140625,0.048828125,-0.037109375
729,7244573,7544573,0.768798828,-0.130554199,-0.13067627,0.612243652,-0.26953125,-0.2265625,0.359375,-0.3828125,9.4453125,-2.0859375,0.119140625,0.048828125,-0.037109375
730,7256733,7556733,0.769348145,-0.130187988,-0.130493164,0.611694336,-0.26953125,-0.2265625,0.359375,-0.3828125,9.4453125,-2.0859375,0.169921875,0.080078125,-0.06640625
731,7262717,7562717,0.770019531,-0.129821777,-0.130310059,0.610961914,-0.1875,-0.4140625,-0.3046875,-0.390625,9.4375,-2.109375,0.169921875,0.080078125,-0.06640625
732,7280547,7580547,0.770812988,-0.129516602,-0.130249023,0.609985352,-0.1875,-0.4140625,-0.3046875,-0.390625,9.4375,-2.109375,0.255859375,0.015625,-0.09765625
733,7284399,7584399,0.771728516,-0.129333496,-0.130432129,0.608886719,-0.28515625,-0.44140625,-0.265625,-0.40625,9.4296875,-2.1484375,0.255859375,0.015625,-0.09765625
734,7297055,7597055,0.772521973,-0.129211426,-0.130737305,0.607788086,-0.28515625,-0.44140625,-0.265625,-0.40625,9.4296875,-2.1484375,0.267578125,-0.0546875,-0.103515625
735,7303042,7603042,0.773376465,-0.129211426,-0.13104248,0.606628418,-0.1484375,-0.16015625,0.171875,-0.4296875,9.4140625,-2.203125,0.267578125,-0.0546875,-0.103515625
736,7321326,7621326,0.774230957,-0.129150391,-0.131347656,0.60546875,-0.1484375,-0.16015625,0.171875,-0.4296875,9.4140625,-2.203125,0.2734375,-0.048828125,-0.08984375
737,7325578,7625578,0.775085449,-0.129150391,-0.131652832,0.604309082,-0.16015625,-0.06640625,0.140625,-0.453125,9.3984375,-2.25,0.2734375,-0.048828125,-0.08984375
738,7337300,7637300,0.775939941,-0.129150391,-0.131958008,0.603149414,-0.16015625,-0.06640625,0.140625,-0.453125,9.3984375,-2.25,0.271484375,-0.05859375,-0.0859375
739,7343688,7643688,0.776733398,-0.129150391,-0.132263184,0.602111816,-0.03125,-0.09765625,0.15625,-0.46875,9.390625,-2.3046875,0.271484375,-0.05859375,-0.0859375
740,7359655,7659655,0.77746582,-0.129089355,-0.132568359,0.601074219,-0.03125,-0.09765625,0.15625,-0.46875,9.390625,-2.3046875,0.23046875,-0.03515625,-0.08984375
741,7363549,7663549,0.778137207,-0.128967285,-0.132751465,0.600219727,0.03125,0.109375,0.2734375,-0.4921875,9.375,-2.34375,0.23046875,-0.03515625,-0.08984375
742,7376197,7676197,0.778747559,-0.128845215,-0.13293457,0.59942627,0.03125,0.109375,0.2734375,-0.4921875,9.375,-2.34375,0.154296875,-0.001953125,-0.0625
743,7382179,7682179,0.77911377,-0.128723145,-0.132995605,0.598876953,0.0859375,0.234375,0.203125,-0.5078125,9.3671875,-2.390625,0.154296875,-0.001953125,-0.0625
744,7401286,7701286,0.77947998,-0.128601074,-0.133117676,0.598449707,0.0859375,0.234375,0.203125,-0.5078125,9.3671875,-2.390625,0.09375,-0.021484375,-0.0546875
745,7405126,7705126,0.779785156,-0.128479004,-0.133361816,0.598022461,-0.13671875,-0.10546875,-0.0859375,-0.515625,9.359375,-2.40625,0.09375,-0.021484375,-0.0546875
746,7416436,7716436,0.780090332,-0.128356934,-0.133666992,0.597595215,-0.13671875,-0.10546875,-0.0859375,-0.515625,9.359375,-2.40625,0.08203125,-0.025390625,-0.080078125
747,7422418,7722418,0.780273438,-0.128173828,-0.133972168,0.597290039,-0.0078125,-0.140625,0.08203125,-0.53125,9.359375,-2.421875,0.08203125,-0.025390625,-0.080078125
748,7440220,7740220,0.780456543,-0.127868652,-0.134277344,0.597106934,-0.0078125,-0.140625,0.08203125,-0.53125,9.359375,-2.421875,0.017578125,-0.013671875,-0.1015625
749,7444449,7744449,0.780517578,-0.127502441,-0.134643555,0.596984863,-0.18359375,-0.2890625,0.16796875,-0.546875,9.3515625,-2.4296875,0.017578125,-0.013671875,-0.1015625
750,7458204,7758204,0.780578613,-0.12713623,-0.135131836,0.596923828,-0.18359375,-0.2890625,0.16796875,-0.546875,9.3515625,-2.4296875,-0.03125,-0.03515625,-0.12109375
751,7461935,7761935,0.780456543,-0.12677002,-0.135681152,0.596984863,-0.16015625,-0.328125,0.05078125,-0.5703125,9.3515625,-2.4296875,-0.03125,-0.03515625,-0.12109375
752,7479948,7779948,0.780273438,-0.126403809,-0.136291504,0.597229004,-0.16015625,-0.328125,0.05078125,-0.5703125,9.3515625,-2.4296875,-0.103515625,-0.05859375,-0.119140625
753,7483813,7783813,0.779907227,-0.126037598,-0.136962891,0.59753418,-0.05078125,-0.2109375,0.12109375,-0.6015625,9.3515625,-2.421875,-0.103515625,-0.05859375,-0.119140625
754,7496455,7796455,0.779541016,-0.125610352,-0.137634277,0.598022461,-0.05078125,-0.2109375,0.12109375,-0.6015625,9.3515625,-2.421875,-0.150390625,-0.046875,-0.119140625
755,7502433,7802433,0.77911377,-0.125183105,-0.138244629,0.598510742,-0.02734375,-0.05859375,0.08984375,-0.625,9.3515625,-2.390625,-0.150390625,-0.046875,-0.119140625
756,7520537,7820537,0.778686523,-0.124633789,-0.138916016,0.598999023,-0.02734375,-0.05859375,0.08984375,-0.625,9.3515625,-2.390625,-0.17578125,-0.044921875,-0.14453125
757,7524403,7824403,0.778198242,-0.124023438,-0.139648438,0.599609375,-0.12109375,-0.10546875,0.13671875,-0.6484375,9.359375,-2.359375,-0.17578125,-0.044921875,-0.14453125
758,7534722,7834722,0.777648926,-0.123352051,-0.140441895,0.600280762,-0.12109375,-0.10546875,0.13671875,-0.6484375,9.359375,-2.359375,-0.21484375,-0.033203125,-0.1796875
759,7543659,7843659,0.777099609,-0.122558594,-0.141296387,0.600952148,-0.08984375,-0.140625,0.09765625,-0.6796875,9.359375,-2.3203125,-0.21484375,-0.033203125,-0.1796875
760,7558610,7858610,0.776428223,-0.121704102,-0.142211914,0.601745605,-0.08984375,-0.140625,0.09765625,-0.6796875,9.359375,-2.3203125,-0.255859375,-0.033203125,-0.22265625
761,7563494,7863494,0.775817871,-0.120666504,-0.143188477,0.602539062,-0.234375,-0.37890625,0.171875,-0.7265625,9.3671875,-2.28125,-0.255859375,-0.033203125,-0.22265625
762,7575117,7875117,0.775146484,-0.119628906,-0.144348145,0.603271484,-0.234375,-0.37890625,0.171875,-0.7265625,9.3671875,-2.28125,-0.2265625,-0.05078125,-0.2578125
763,7583900,7883900,0.774597168,-0.118591309,-0.145507812,0.603942871,-0.22265625,-0.38671875,0.0859375,-0.7734375,9.375,-2.234375,-0.2265625,-0.05078125,-0.2578125
764,7598215,7898215,0.773986816,-0.117431641,-0.146911621,0.604614258,-0.22265625,-0.38671875,0.0859375,-0.7734375,9.375,-2.234375,-0.2421875,-0.08203125,-0.322265625
765,7601818,7901818,0.773498535,-0.116271973,-0.14831543,0.605163574,-0.20703125,-0.28125,0.23046875,-0.828125,9.3828125,-2.1875,-0.2421875,-0.08203125,-0.322265625
766,7614528,7914528,0.773132324,-0.114868164,-0.149963379,0.60546875,-0.20703125,-0.28125,0.23046875,-0.828125,9.3828125,-2.1875,-0.13671875,-0.099609375,-0.41015625
767,7623839,7923839,0.772949219,-0.113464355,-0.151733398,0.605529785,-0.3984375,-0.3203125,0.22265625,-0.90625,9.3828125,-2.140625,-0.13671875,-0.099609375,-0.41015625
768,7640211,7940211,0.772888184,-0.111572266,-0.153747559,0.605407715,-0.3984375,-0.3203125,0.22265625,-0.90625,9.3828125,-2.140625,-0.0703125,-0.0859375,-0.544921875
769,7643669,7943669,0.773010254,-0.109558105,-0.155822754,0.605163574,-0.49609375,-0.42578125,0.015625,-1,9.375,-2.125,-0.0703125,-0.0859375,-0.544921875
770,7657394,7957394,0.773254395,-0.10736084,-0.157897949,0.604675293,-0.49609375,-0.42578125,0.015625,-1,9.375,-2.125,0.005859375,-0.052734375,-0.62890625
771,7662188,7962188,0.773620605,-0.105224609,-0.159912109,0.604064941,-0.4921875,-0.48828125,-0.19140625,-1.1171875,9.359375,-2.109375,0.005859375,-0.052734375,-0.62890625
772,7678281,7978281,0.774108887,-0.103027344,-0.16204834,0.603210449,-0.4921875,-0.48828125,-0.19140625,-1.1171875,9.359375,-2.109375,0.080078125,-0.064453125,-0.583984375
773,7681750,7981750,0.774475098,-0.101257324,-0.16394043,0.602539062,-0.14453125,-0.39453125,-0.22265625,-1.234375,9.34375,-2.1171875,0.080078125,-0.064453125,-0.583984375
774,7695173,7995173,0.774658203,-0.0995483398,-0.16595459,0.602050781,-0.14453125,-0.39453125,-0.22265625,-1.234375,9.34375,-2.1171875,-0.0234375,-0.130859375,-0.470703125
775,7704082,8004082,0.774597168,-0.0982055664,-0.167907715,0.601806641,-0.04296875,0.234375,-0.13671875,-1.3359375,9.328125,-2.125,-0.0234375,-0.130859375,-0.470703125
776,7720116,8020116,0.774353027,-0.0971069336,-0.169921875,0.601745605,-0.04296875,0.234375,-0.13671875,-1.3359375,9.328125,-2.125,-0.130859375,-0.19140625,-0.392578125
777,7723998,8023998,0.773925781,-0.0960083008,-0.171813965,0.601867676,0.125,0.74609375,0.3359375,-1.4296875,9.3125,-2.1015625,-0.130859375,-0.19140625,-0.392578125
778,7735931,8035931,0.773620605,-0.0946655273,-0.173461914,0.602050781,0.125,0.74609375,0.3359375,-1.4296875,9.3125,-2.1015625,-0.125,-0.0625,-0.400390625
779,7743618,8043618,0.773498535,-0.0930786133,-0.174865723,0.602050781,0.203125,0.5546875,0.26953125,-1.5078125,9.3125,-2.0703125,-0.125,-0.0625,-0.400390625
780,7758340,8058340,0.7734375,-0.0912475586,-0.176025391,0.602050781,0.203125,0.5546875,0.26953125,-1.5078125,9.3125,-2.0703125,-0.087890625,0.0546875,-0.4140625
781,7761834,8061834,0.773376465,-0.0894775391,-0.177001953,0.602111816,0.16015625,0.41015625,-0.24609375,-1.578125,9.3046875,-2.0546875,-0.087890625,0.0546875,-0.4140625
782,7776986,8076986,0.773254395,-0.0877075195,-0.178039551,0.602233887,0.16015625,0.41015625,-0.24609375,-1.578125,9.3046875,-2.0546875,-0.119140625,0.046875,-0.353515625
783,7783760,8083760,0.773071289,-0.0862426758,-0.178894043,0.602416992,0.15234375,0.46484375,-0.4921875,-1.6484375,9.2890625,-2.0390625,-0.119140625,0.046875,-0.353515625
784,7799800,8099800,0.772949219,-0.0850219727,-0.179748535,0.602478027,0.15234375,0.46484375,-0.4921875,-1.6484375,9.2890625,-2.0390625,-0.068359375,0.00390625,-0.26953125
785,7805980,8105980,0.772888184,-0.0840454102,-0.180603027,0.602478027,0.3984375,0.38671875,-0.58203125,-1.703125,9.2890625,-2.0234375,-0.068359375,0.00390625,-0.26953125
786,7817346,8117346,0.772949219,-0.0833129883,-0.181518555,0.602233887,0.3984375,0.38671875,-0.58203125,-1.703125,9.2890625,-2.0234375,0.029296875,-0.078125,-0.20703125
787,7821074,8121074,0.773132324,-0.0829467773,-0.182434082,0.601745605,0.4140625,0.28125,-0.4375,-1.7578125,9.28125,-2.015625,0.029296875,-0.078125,-0.20703125
788,7838802,8138802,0.773681641,-0.082824707,-0.183410645,0.600769043,0.4140625,0.28125,-0.4375,-1.7578125,9.28125,-2.015625,0.23828125,-0.158203125,-0.162109375
789,7842415,8142415,0.774414062,-0.0830078125,-0.184387207,0.599487305,0.1015625,0.296875,-0.18359375,-1.7890625,9.265625,-2.0390625,0.23828125,-0.158203125,-0.162109375
790,7857334,8157334,0.77532959,-0.0832519531,-0.18548584,0.597900391,0.1015625,0.296875,-0.18359375,-1.7890625,9.265625,-2.0390625,0.345703125,-0.185546875,-0.14453125
791,7861070,8161070,0.776184082,-0.0835571289,-0.186401367,0.596496582,-0.05078125,0.50390625,0.16796875,-1.828125,9.25,-2.0859375,0.345703125,-0.185546875,-0.14453125
792,7878922,8178922,0.776916504,-0.0838623047,-0.187255859,0.595214844,-0.05078125,0.50390625,0.16796875,-1.828125,9.25,-2.0859375,0.232421875,-0.150390625,-0.087890625
793,7882521,8182521,0.77734375,-0.0842285156,-0.187866211,0.594421387,0.1328125,0.82421875,0.0703125,-1.859375,9.234375,-2.140625,0.232421875,-0.150390625,-0.087890625
794,7897450,8197450,0.777282715,-0.0847167969,-0.188476562,0.594238281,0.1328125,0.82421875,0.0703125,-1.859375,9.234375,-2.140625,-0.029296875,-0.1640625,0.03515625
795,7901061,8201061,0.776916504,-0.0853881836,-0.188903809,0.594482422,0.1015625,0.98828125,-0.07421875,-1.8671875,9.2265625,-2.1484375,-0.029296875,-0.1640625,0.03515625
796,7918334,8218334,0.776428223,-0.0861206055,-0.189208984,0.594970703,0.1015625,0.98828125,-0.07421875,-1.8671875,9.2265625,-2.1484375,-0.111328125,-0.126953125,0.12890625
797,7921818,8221818,0.775939941,-0.0869140625,-0.189331055,0.595397949,0.32421875,0.55859375,0.0625,-1.859375,9.234375,-2.1328125,-0.111328125,-0.126953125,0.12890625
798,7936385,8236385,0.77557373,-0.087890625,-0.189331055,0.59576416,0.32421875,0.55859375,0.0625,-1.859375,9.234375,-2.1328125,-0.044921875,-0.111328125,0.16796875
799,7942648,8242648,0.77532959,-0.0888061523,-0.189208984,0.595947266,0.30078125,0.359375,0.15234375,-1.8359375,9.2421875,-2.109375,-0.044921875,-0.111328125,0.16796875
800,7961867,8261867,0.775268555,-0.0897216797,-0.189025879,0.596008301,0.30078125,0.359375,0.15234375,-1.8359375,9.2421875,-2.109375,0.05078125,-0.0859375,0.177734375
801,7966036,8266036,0.77520752,-0.0906982422,-0.188781738,0.596008301,0.01171875,0.00390625,-0.11328125,-1.8125,9.25,-2.109375,0.05078125,-0.0859375,0.177734375
802,7977101,8277101,0.774902344,-0.0915527344,-0.188537598,0.596313477,0.01171875,0.00390625,-0.11328125,-1.8125,9.25,-2.109375,-0.087890625,-0.052734375,0.177734375
803,7983636,8283636,0.774475098,-0.0922241211,-0.188232422,0.596862793,0.36328125,-0.0390625,-0.54296875,-1.78125,9.2578125,-2.1015625,-0.087890625,-0.052734375,0.177734375
804,7996961,8296961,0.773864746,-0.0928344727,-0.187805176,0.59765625,0.36328125,-0.0390625,-0.54296875,-1.78125,9.2578125,-2.1015625,-0.173828125,-0.021484375,0.18359375
805,8002516,8302516,0.773254395,-0.0936279297,-0.1875,0.598449707,0.09375,-0.203125,-0.64453125,-1.7421875,9.265625,-2.078125,-0.173828125,-0.021484375,0.18359375
806,8017397,8317397,0.772705078,-0.094543457,-0.187316895,0.599060059,0.09375,-0.203125,-0.64453125,-1.7421875,9.265625,-2.078125,-0.10546875,-0.0859375,0.2109375
807,8021004,8321004,0.772399902,-0.0954589844,-0.187011719,0.59942627,0.14453125,-0.33984375,-0.21484375,-1.71875,9.2890625,-2.046875,-0.10546875,-0.0859375,0.2109375
808,8041682,8341682,0.772277832,-0.0965576172,-0.186584473,0.59954834,0.14453125,-0.33984375,-0.21484375,-1.71875,9.2890625,-2.046875,0.060546875,-0.060546875,0.205078125
809,8045704,8345704,0.772338867,-0.0974731445,-0.186096191,0.59942627,-0.0078125,-0.38671875,0.20703125,-1.6796875,9.296875,-2.046875,0.060546875,-0.060546875,0.205078125
810,8056906,8356906,0.772521973,-0.0980834961,-0.18548584,0.599304199,-0.0078125,-0.38671875,0.20703125,-1.6796875,9.296875,-2.046875,0.0859375,0.046875,0.15234375
811,8061696,8361696,0.772766113,-0.0986328125,-0.184875488,0.599121094,-0.23046875,-0.234375,-0.0078125,-1.6484375,9.296875,-2.0625,0.0859375,0.046875,0.15234375
812,8076982,8376982,0.772949219,-0.0992431641,-0.184448242,0.598876953,-0.23046875,-0.234375,-0.0078125,-1.6484375,9.296875,-2.0625,0.078125,-0.017578125,0.140625
813,8082544,8382544,0.773071289,-0.0999145508,-0.184082031,0.598693848,-0.0703125,-0.1171875,-0.03125,-1.6171875,9.296875,-2.078125,0.078125,-0.017578125,0.140625
814,8096666,8396666,0.773132324,-0.100524902,-0.183837891,0.598632812,-0.0703125,-0.1171875,-0.03125,-1.6171875,9.296875,-2.078125,0.02734375,-0.046875,0.134765625
815,8101449,8401449,0.773010254,-0.101135254,-0.18371582,0.598693848,0.01953125,0.11328125,0.015625,-1.59375,9.296875,-2.0859375,0.02734375,-0.046875,0.134765625
816,8118303,8418303,0.772827148,-0.101623535,-0.18359375,0.598937988,0.01953125,0.11328125,0.015625,-1.59375,9.296875,-2.0859375,-0.048828125,-0.001953125,0.099609375
817,8121778,8421778,0.772644043,-0.102111816,-0.18347168,0.599121094,0.3125,-0.1640625,0.08203125,-1.578125,9.3046875,-2.078125,-0.048828125,-0.001953125,0.099609375
818,8136652,8436652,0.772399902,-0.102722168,-0.18347168,0.599304199,0.3125,-0.1640625,0.08203125,-1.578125,9.3046875,-2.078125,-0.056640625,-0.087890625,0.09375
819,8141438,8441438,0.772155762,-0.103210449,-0.18347168,0.59954834,0.3671875,-0.125,0.3125,-1.5546875,9.3046875,-2.078125,-0.056640625,-0.087890625,0.09375
820,8156961,8456961,0.772033691,-0.103637695,-0.183349609,0.599609375,0.3671875,-0.125,0.3125,-1.5546875,9.3046875,-2.078125,0.009765625,-0.056640625,0.072265625
821,8161633,8461633,0.772033691,-0.104003906,-0.183349609,0.599609375,0.00390625,-0.25,0.11328125,-1.5390625,9.3125,-2.0703125,0.009765625,-0.056640625,0.072265625
822,8176639,8476639,0.772094727,-0.104370117,-0.183288574,0.599487305,0.00390625,-0.25,0.11328125,-1.5390625,9.3125,-2.0703125,0.04296875,-0.0234375,0.044921875
823,8181421,8481421,0.772155762,-0.104675293,-0.183288574,0.599304199,-0.04296875,-0.25,0.046875,-1.53125,9.3125,-2.078125,0.04296875,-0.0234375,0.044921875
824,8198735,8498735,0.772277832,-0.105102539,-0.183349609,0.599121094,-0.04296875,-0.25,0.046875,-1.53125,9.3125,-2.078125,0.05859375,-0.07421875,0.05078125
825,8202215,8502215,0.772277832,-0.10559082,-0.18347168,0.598937988,-0.203125,-0.44140625,-0.0234375,-1.5234375,9.3125,-2.0859375,0.05859375,-0.07421875,0.05078125
826,8217109,8517109,0.772277832,-0.106201172,-0.183654785,0.598815918,-0.203125,-0.44140625,-0.0234375,-1.5234375,9.3125,-2.0859375,0.029296875,-0.12890625,0.06640625
827,8221910,8521910,0.772216797,-0.106872559,-0.183959961,0.598693848,0.01953125,0.05859375,0.20703125,-1.515625,9.3125,-2.0859375,0.029296875,-0.12890625,0.06640625
828,8235312,8535312,0.772155762,-0.107543945,-0.184204102,0.598571777,0.01953125,0.05859375,0.20703125,-1.515625,9.3125,-2.0859375,0.00390625,-0.1015625,0.068359375
829,8241818,8541818,0.772033691,-0.108093262,-0.184387207,0.598571777,0.3203125,0.36328125,0.55859375,-1.5078125,9.3125,-2.09375,0.00390625,-0.1015625,0.068359375
830,8256263,8556263,0.771789551,-0.108642578,-0.184570312,0.598693848,0.3203125,0.36328125,0.55859375,-1.5078125,9.3125,-2.09375,-0.060546875,-0.107421875,0.0703125
831,8262990,8562990,0.771362305,-0.109069824,-0.184814453,0.599121094,0.2734375,0.36328125,0.55078125,-1.5,9.3125,-2.0859375,-0.060546875,-0.107421875,0.0703125
832,8282199,8582199,0.770751953,-0.109375,-0.184936523,0.59979248,0.2734375,0.36328125,0.55078125,-1.5,9.3125,-2.0859375,-0.19921875,-0.03515625,0.06640625
833,8286514,8586514,0.770080566,-0.109436035,-0.184997559,0.600646973,0.1484375,0.1640625,0.09765625,-1.4921875,9.3203125,-2.0546875,-0.19921875,-0.03515625,0.06640625
834,8295661,8595661,0.76953125,-0.10949707,-0.184997559,0.601318359,0.1484375,0.1640625,0.09765625,-1.4921875,9.3203125,-2.0546875,-0.125,-0.01953125,0.03125
835,8301782,8601782,0.769287109,-0.109680176,-0.185058594,0.6015625,-0.171875,-0.234375,-0.36328125,-1.4765625,9.3359375,-2.015625,-0.125,-0.01953125,0.03125
836,8315461,8615461,0.769348145,-0.110046387,-0.185180664,0.601379395,-0.171875,-0.234375,-0.36328125,-1.4765625,9.3359375,-2.015625,0.11328125,-0.07421875,0.044921875
837,8321986,8621986,0.76965332,-0.110717773,-0.18536377,0.600830078,-0.48828125,-0.5390625,-0.28515625,-1.46875,9.3359375,-2.015625,0.11328125,-0.07421875,0.044921875
838,8335621,8635621,0.769958496,-0.11151123,-0.185791016,0.600158691,-0.48828125,-0.5390625,-0.28515625,-1.46875,9.3359375,-2.015625,0.171875,-0.171875,0.044921875
839,8341784,8641784,0.770202637,-0.112365723,-0.186096191,0.59954834,0.1640625,0.109375,0.3125,-1.46875,9.3359375,-2.0390625,0.171875,-0.171875,0.044921875
840,8359405,8659405,0.770324707,-0.113098145,-0.186340332,0.599243164,0.1640625,0.109375,0.3125,-1.46875,9.3359375,-2.0390625,0.05859375,-0.107421875,0.0859375
841,8363687,8663687,0.770263672,-0.113708496,-0.186401367,0.599182129,0.08203125,0.234375,0.328125,-1.4609375,9.328125,-2.0546875,0.05859375,-0.107421875,0.0859375
842,8377385,8677385,0.770141602,-0.114135742,-0.186401367,0.599304199,0.08203125,0.234375,0.328125,-1.4609375,9.328125,-2.0546875,-0.025390625,-0.05078125,0.072265625
843,8381114,8681114,0.769958496,-0.114501953,-0.186340332,0.59942627,-0.00390625,0.109375,0.09765625,-1.453125,9.3359375,-2.0546875,-0.025390625,-0.05078125,0.072265625
844,8398080,8698080,0.769836426,-0.114746094,-0.186218262,0.599609375,-0.00390625,0.109375,0.09765625,-1.453125,9.3359375,-2.0546875,0.001953125,0,0.044921875
845,8401689,8701689,0.769897461,-0.114929199,-0.186096191,0.59954834,-0.09765625,-0.1171875,-0.1328125,-1.4375,9.3359375,-2.0546875,0.001953125,0,0.044921875
846,8415993,8715993,0.770080566,-0.11517334,-0.186035156,0.599243164,-0.09765625,-0.1171875,-0.1328125,-1.4375,9.3359375,-2.0546875,0.08203125,-0.02734375,0.03125
847,8423284,8723284,0.770324707,-0.115539551,-0.186096191,0.598876953,-0.328125,-0.2734375,-0.1328125,-1.4375,9.3359375,-2.0546875,0.08203125,-0.02734375,0.03125
848,8439726,8739726,0.770507812,-0.115966797,-0.186340332,0.598449707,-0.328125,-0.2734375,-0.1328125,-1.4375,9.3359375,-2.0546875,0.10546875,-0.10546875,0.01953125
849,8444811,8744811,0.770690918,-0.116394043,-0.186645508,0.598083496,0.01953125,-0.1484375,0.046875,-1.4375,9.328125,-2.078125,0.10546875,-0.10546875,0.01953125
850,8455257,8755257,0.770690918,-0.116760254,-0.186889648,0.597900391,0.01953125,-0.1484375,0.046875,-1.4375,9.328125,-2.078125,0.01953125,-0.0703125,0.015625
851,8461650,8761650,0.770690918,-0.116943359,-0.187072754,0.59777832,0.125,-0.03515625,0.16796875,-1.4296875,9.328125,-2.0859375,0.01953125,-0.0703125,0.015625
852,8478151,8778151,0.770690918,-0.116882324,-0.187194824,0.59777832,0.125,-0.03515625,0.16796875,-1.4296875,9.328125,-2.0859375,-0.001953125,-0.001953125,-0.037109375
853,8481755,8781755,0.770751953,-0.116760254,-0.187316895,0.597717285,0.1328125,-0.140625,0.08203125,-1.4375,9.3203125,-2.078125,-0.001953125,-0.001953125,-0.037109375
854,8496886,8796886,0.770935059,-0.116516113,-0.187438965,0.597473145,0.1328125,-0.140625,0.08203125,-1.4375,9.3203125,-2.078125,0.05078125,0.009765625,-0.06640625
855,8502563,8802563,0.771118164,-0.116333008,-0.18762207,0.597229004,0.140625,-0.140625,-0.0625,-1.4453125,9.3203125,-2.0859375,0.05078125,0.009765625,-0.06640625
856,8520617,8820617,0.77130127,-0.116088867,-0.187805176,0.596984863,0.140625,-0.140625,-0.0625,-1.4453125,9.3203125,-2.0859375,0.04296875,-0.009765625,-0.068359375
857,8525189,8825189,0.771362305,-0.115905762,-0.187988281,0.596801758,0.109375,-0.1328125,0.0234375,-1.453125,9.3125,-2.09375,0.04296875,-0.009765625,-0.068359375
858,8536905,8836905,0.771484375,-0.115661621,-0.188232422,0.596679688,0.109375,-0.1328125,0.0234375,-1.453125,9.3125,-2.09375,0.001953125,0,-0.072265625
859,8543608,8843608,0.771484375,-0.115356445,-0.188415527,0.596618652,0.1640625,0.05859375,0.13671875,-1.46875,9.3125,-2.09375,0.001953125,0,-0.072265625
860,8555184,8855184,0.771606445,-0.114929199,-0.188476562,0.596557617,0.1640625,0.05859375,0.13671875,-1.46875,9.3125,-2.09375,0.015625,0.05078125,-0.07421875
861,8563627,8863627,0.771789551,-0.114562988,-0.188476562,0.596374512,0.10546875,0.09765625,0.10546875,-1.484375,9.3125,-2.1015625,0.015625,0.05078125,-0.07421875
862,8576249,8876249,0.772094727,-0.114135742,-0.188354492,0.596130371,0.10546875,0.09765625,0.10546875,-1.484375,9.3125,-2.1015625,0.080078125,0.07421875,-0.06640625
863,8581285,8881285,0.772521973,-0.113647461,-0.188171387,0.59576416,0.03515625,0.33203125,-0.11328125,-1.4921875,9.3046875,-2.109375,0.080078125,0.07421875,-0.06640625
864,8600455,8900455,0.772949219,-0.113098145,-0.188049316,0.595336914,0.03515625,0.33203125,-0.11328125,-1.4921875,9.3046875,-2.109375,0.09765625,0.109375,-0.09765625
865,8601944,8901944,0.77331543,-0.112487793,-0.187805176,0.595031738,-0.02734375,-0.078125,0.0234375,-1.5078125,9.296875,-2.1328125,0.09765625,0.109375,-0.09765625
866,8617970,8917970,0.773620605,-0.111694336,-0.1875,0.594909668,-0.02734375,-0.078125,0.0234375,-1.5078125,9.296875,-2.1328125,0.009765625,0.16015625,-0.0859375
867,8621704,8921704,0.773742676,-0.110961914,-0.187133789,0.595031738,0.09765625,-0.1171875,0.0703125,-1.515625,9.296875,-2.140625,0.009765625,0.16015625,-0.0859375
868,8636863,8936863,0.773620605,-0.110168457,-0.186828613,0.595336914,0.09765625,-0.1171875,0.0703125,-1.515625,9.296875,-2.140625,-0.1015625,0.138671875,-0.056640625
869,8643188,8943188,0.7734375,-0.109436035,-0.186523438,0.595825195,0.14453125,0.11328125,0.14453125,-1.5234375,9.296875,-2.140625,-0.1015625,0.138671875,-0.056640625
870,8656354,8956354,0.773010254,-0.108703613,-0.186279297,0.596618652,0.14453125,0.11328125,0.14453125,-1.5234375,9.296875,-2.140625,-0.1953125,0.12109375,-0.041015625
871,8661393,8961393,0.772583008,-0.108032227,-0.186035156,0.597412109,0.2265625,0.33984375,0.0859375,-1.53125,9.296875,-2.1171875,-0.1953125,0.12109375,-0.041015625
872,8681181,8981181,0.772094727,-0.107177734,-0.185668945,0.598205566,0.2265625,0.33984375,0.0859375,-1.53125,9.296875,-2.1171875,-0.20703125,0.169921875,-0.044921875
873,8685156,8985156,0.771728516,-0.106262207,-0.185241699,0.599060059,0.2265625,0.2578125,-0.03125,-1.53125,9.3046875,-2.078125,-0.20703125,0.169921875,-0.044921875
874,8696499,8996499,0.771362305,-0.105285645,-0.184753418,0.59979248,0.2265625,0.2578125,-0.03125,-1.53125,9.3046875,-2.078125,-0.162109375,0.193359375,-0.0546875
875,8702483,9002483,0.771179199,-0.104370117,-0.184265137,0.600341797,0.11328125,0.09765625,-0.359375,-1.53125,9.3125,-2.0546875,-0.162109375,0.193359375,-0.0546875
876,8716920,9016920,0.771118164,-0.103515625,-0.183776855,0.600708008,0.11328125,0.09765625,-0.359375,-1.53125,9.3125,-2.0546875,-0.060546875,0.189453125,-0.060546875
877,8720659,9020659,0.771179199,-0.102722168,-0.183288574,0.600891113,0.15234375,-0.05859375,-0.375,-1.53125,9.3125,-2.0390625,-0.060546875,0.189453125,-0.060546875
878,8736865,9036865,0.771362305,-0.101989746,-0.182739258,0.601013184,0.15234375,-0.05859375,-0.375,-1.53125,9.3125,-2.0390625,-0.013671875,0.166015625,-0.0390625
879,8743621,9043621,0.77142334,-0.10144043,-0.182250977,0.601135254,0.12109375,-0.01953125,-0.1484375,-1.5390625,9.3125,-2.0390625,-0.013671875,0.166015625,-0.0390625
880,8759973,9059973,0.77142334,-0.100952148,-0.18170166,0.601379395,0.12109375,-0.01953125,-0.1484375,-1.5390625,9.3125,-2.0390625,-0.0546875,0.130859375,0.01171875
881,8764197,9064197,0.77130127,-0.100585938,-0.181213379,0.601806641,0.07421875,0.125,0.03515625,-1.53125,9.3203125,-2.03125,-0.0546875,0.130859375,0.01171875
882,8776053,9076053,0.771057129,-0.100280762,-0.180664062,0.602355957,0.07421875,0.125,0.03515625,-1.53125,9.3203125,-2.03125,-0.130859375,0.12109375,0.060546875
883,8783722,9083722,0.770751953,-0.100036621,-0.179992676,0.602966309,0.02734375,0.35546875,0.18359375,-1.5234375,9.3203125,-2.0234375,-0.130859375,0.12109375,0.060546875
884,8796861,9096861,0.770446777,-0.0997314453,-0.179199219,0.60357666,0.02734375,0.35546875,0.18359375,-1.5234375,9.3203125,-2.0234375,-0.11328125,0.177734375,0.0859375
885,8803218,9103218,0.770263672,-0.0994262695,-0.178283691,0.604187012,-0.07421875,0.1171875,0.16015625,-1.5,9.328125,-2,-0.11328125,0.177734375,0.0859375
886,8815652,9115652,0.770019531,-0.0990600586,-0.177062988,0.604858398,-0.07421875,0.1171875,0.16015625,-1.5,9.328125,-2,-0.130859375,0.25,0.123046875
887,8823683,9123683,0.769714355,-0.0986938477,-0.17578125,0.605712891,0.01953125,0.1484375,-0.01171875,-1.4765625,9.3359375,-1.984375,-0.130859375,0.25,0.123046875
888,8840643,9140643,0.769226074,-0.098449707,-0.174621582,0.606689453,0.01953125,0.1484375,-0.01171875,-1.4765625,9.3359375,-1.984375,-0.2421875,0.205078125,0.158203125
889,8844350,9144350,0.768432617,-0.0982666016,-0.173400879,0.608093262,-0.05859375,0.29296875,0.16015625,-1.4375,9.34375,-1.9609375,-0.2421875,0.205078125,0.158203125
890,8856982,9156982,0.767333984,-0.0981445312,-0.17199707,0.609863281,-0.05859375,0.29296875,0.16015625,-1.4375,9.34375,-1.9609375,-0.412109375,0.21484375,0.25390625
891,8863365,9163365,0.766296387,-0.0982055664,-0.170715332,0.611572266,-0.19140625,0.33984375,0.2890625,-1.3828125,9.375,-1.8984375,-0.412109375,0.21484375,0.25390625
892,8878377,9178377,0.765441895,-0.098449707,-0.169250488,0.612976074,-0.19140625,0.33984375,0.2890625,-1.3828125,9.375,-1.8984375,-0.21484375,0.177734375,0.29296875
893,8882508,9182508,0.765136719,-0.0989379883,-0.16784668,0.613708496,-0.16796875,0.09375,-0.5703125,-1.328125,9.390625,-1.84375,-0.21484375,0.177734375,0.29296875
894,8896518,9196518,0.765441895,-0.0996704102,-0.166564941,0.613586426,-0.16796875,0.09375,-0.5703125,-1.328125,9.390625,-1.84375,0.185546875,0.072265625,0.232421875
895,8903233,9203233,0.765930176,-0.100585938,-0.165588379,0.613037109,-0.03125,0.01171875,-1.1015625,-1.2734375,9.3984375,-1.8515625,0.185546875,0.072265625,0.232421875
896,8920618,9220618,0.766113281,-0.10144043,-0.164978027,0.612854004,-0.03125,0.01171875,-1.1015625,-1.2734375,9.3984375,-1.8515625,0.025390625,0.0078125,0.205078125
897,8922109,9222109,0.76574707,-0.102050781,-0.16418457,0.61340332,0.390625,-0.06640625,0.45703125,-1.234375,9.3984375,-1.875,0.025390625,0.0078125,0.205078125
898,8935687,9235687,0.764892578,-0.102416992,-0.163513184,0.614562988,0.390625,-0.06640625,0.45703125,-1.234375,9.3984375,-1.875,-0.330078125,0.068359375,0.1953125
899,8941682,9241682,0.763793945,-0.102722168,-0.162780762,0.616088867,0.3046875,-0.16015625,0.5390625,-1.1875,9.4140625,-1.84375,-0.330078125,0.068359375,0.1953125
900,8955852,9255852,0.762573242,-0.102905273,-0.162109375,0.617736816,0.3046875,-0.16015625,0.5390625,-1.1875,9.4140625,-1.84375,-0.392578125,0.07421875,0.205078125
901,8961706,9261706,0.761291504,-0.103210449,-0.161315918,0.619445801,0.2265625,0.0546875,-0.25,-1.1484375,9.4296875,-1.78125,-0.392578125,0.07421875,0.205078125
902,8976417,9276417,0.760192871,-0.10345459,-0.160461426,0.62097168,0.2265625,0.0546875,-0.25,-1.1484375,9.4296875,-1.78125,-0.302734375,0.10546875,0.228515625
903,8982405,9282405,0.759460449,-0.103820801,-0.159423828,0.622131348,0.265625,0.078125,-0.3203125,-1.109375,9.4453125,-1.7109375,-0.302734375,0.10546875,0.228515625
904,9001521,9301521,0.759277344,-0.104064941,-0.15814209,0.622680664,0.265625,0.078125,-0.3203125,-1.109375,9.4453125,-1.7109375,0.017578125,0.171875,0.208984375
905,9005926,9305926,0.759521484,-0.104309082,-0.156860352,0.622558594,0.06640625,-0.2734375,0.0390625,-1.0625,9.453125,-1.6875,0.017578125,0.171875,0.208984375
906,9016266,9316266,0.760070801,-0.104553223,-0.155517578,0.622192383,0.06640625,-0.2734375,0.0390625,-1.0625,9.453125,-1.6875,0.1640625,0.1796875,0.16796875
907,9022594,9322594,0.760620117,-0.104858398,-0.15423584,0.621826172,-0.25,-0.3125,0.17578125,-1.015625,9.453125,-1.7109375,0.1640625,0.1796875,0.16796875
908,9037406,9337406,0.760925293,-0.105224609,-0.153198242,0.621704102,-0.25,-0.3125,0.17578125,-1.015625,9.453125,-1.7109375,0.064453125,0.107421875,0.19140625
909,9041363,9341363,0.760925293,-0.105651855,-0.15222168,0.621887207,-0.3203125,-0.0078125,0.09375,-0.984375,9.453125,-1.7421875,0.064453125,0.107421875,0.19140625
910,9056407,9356407,0.760559082,-0.106140137,-0.151184082,0.622436523,-0.3203125,-0.0078125,0.09375,-0.984375,9.453125,-1.7421875,-0.115234375,0.099609375,0.224609375
911,9062395,9362395,0.760192871,-0.106567383,-0.150085449,0.62310791,-0.21484375,0.1015625,-0.14453125,-0.9375,9.4609375,-1.734375,-0.115234375,0.099609375,0.224609375
912,9079403,9379403,0.75994873,-0.107055664,-0.149047852,0.623596191,-0.21484375,0.1015625,-0.14453125,-0.9375,9.4609375,-1.734375,-0.05078125,0.103515625,0.216796875
913,9083072,9383072,0.75970459,-0.107543945,-0.148010254,0.623962402,-0.14453125,0.09375,-0.12109375,-0.890625,9.46875,-1.71875,-0.05078125,0.103515625,0.216796875
914,9096242,9396242,0.759460449,-0.108154297,-0.147033691,0.624450684,-0.14453125,0.09375,-0.12109375,-0.890625,9.46875,-1.71875,-0.0703125,0.06640625,0.240234375
915,9102844,9402844,0.759155273,-0.108825684,-0.146057129,0.624938965,-0.0390625,0.24609375,0.0234375,-0.84375,9.46875,-1.7109375,-0.0703125,0.06640625,0.240234375
916,9115522,9415522,0.758850098,-0.109375,-0.144897461,0.625427246,-0.0390625,0.24609375,0.0234375,-0.84375,9.46875,-1.7109375,-0.060546875,0.115234375,0.25390625
917,9121381,9421381,0.758666992,-0.109863281,-0.143615723,0.625854492,0.21875,0.4296875,0.390625,-0.796875,9.4765625,-1.6953125,-0.060546875,0.115234375,0.25390625
918,9134204,9434204,0.758666992,-0.110107422,-0.142150879,0.626159668,0.21875,0.4296875,0.390625,-0.796875,9.4765625,-1.6953125,0.037109375,0.220703125,0.2109375
919,9143417,9443417,0.758911133,-0.110229492,-0.140625,0.626220703,0.12890625,0.26953125,-0.0390625,-0.7421875,9.484375,-1.6875,0.037109375,0.220703125,0.2109375
920,9159374,9459374,0.759216309,-0.110290527,-0.139160156,0.626159668,0.12890625,0.26953125,-0.0390625,-0.7421875,9.484375,-1.6875,0.07421875,0.2109375,0.18359375
921,9163672,9463672,0.759521484,-0.110412598,-0.137817383,0.626037598,-0.265625,-0.15234375,-0.4453125,-0.6953125,9.484375,-1.703125,0.07421875,0.2109375,0.18359375
922,9177304,9477304,0.759887695,-0.110778809,-0.136657715,0.625793457,-0.265625,-0.15234375,-0.4453125,-0.6953125,9.484375,-1.703125,0.146484375,0.111328125,0.17578125
923,9181039,9481039,0.760375977,-0.11126709,-0.135742188,0.625366211,-0.49609375,-0.58203125,-0.22265625,-0.65625,9.4921875,-1.734375,0.146484375,0.111328125,0.17578125
924,9195409,9495409,0.760925293,-0.111877441,-0.134765625,0.624755859,-0.49609375,-0.58203125,-0.22265625,-0.65625,9.4921875,-1.734375,0.197265625,0.05859375,0.171875
925,9201266,9501266,0.761474609,-0.112426758,-0.133911133,0.624145508,-0.3359375,-0.53515625,0.15625,-0.625,9.484375,-1.765625,0.197265625,0.05859375,0.171875
926,9215703,9515703,0.762023926,-0.112854004,-0.133056641,0.623596191,-0.3359375,-0.53515625,0.15625,-0.625,9.484375,-1.765625,0.169921875,0.076171875,0.138671875
927,9221443,9521443,0.762451172,-0.11328125,-0.132324219,0.623168945,-0.2890625,-0.3828125,-0.03515625,-0.59375,9.484375,-1.8046875,0.169921875,0.076171875,0.138671875
928,9240494,9540494,0.762695312,-0.113708496,-0.131591797,0.62298584,-0.2890625,-0.3828125,-0.03515625,-0.59375,9.484375,-1.8046875,0.0546875,0.05078125,0.146484375
929,9244393,9544393,0.762756348,-0.114135742,-0.13092041,0.622924805,-0.359375,-0.11328125,-0.08984375,-0.5625,9.484375,-1.828125,0.0546875,0.05078125,0.146484375
930,9256966,9556966,0.762756348,-0.114685059,-0.130310059,0.62298584,-0.359375,-0.11328125,-0.08984375,-0.5625,9.484375,-1.828125,0.02734375,0.013671875,0.1640625
931,9260567,9560567,0.762756348,-0.11529541,-0.129760742,0.622924805,-0.3125,0.1171875,-0.00390625,-0.53125,9.484375,-1.8359375,0.02734375,0.013671875,0.1640625
932,9274914,9574914,0.762878418,-0.115844727,-0.129211426,0.62286377,-0.3125,0.1171875,-0.00390625,-0.53125,9.484375,-1.8359375,0.0625,0.015625,0.126953125
933,9281706,9581706,0.763000488,-0.116210938,-0.12878418,0.622680664,-0.22265625,0.046875,0.30859375,-0.5078125,9.4765625,-1.84375,0.0625,0.015625,0.126953125
934,9296753,9596753,0.763122559,-0.116455078,-0.128356934,0.622558594,-0.22265625,0.046875,0.30859375,-0.5078125,9.4765625,-1.84375,0.046875,0.056640625,0.056640625
935,9302204,9602204,0.763305664,-0.116394043,-0.127929688,0.622497559,0.03125,-0.10546875,0.171875,-0.4921875,9.4765625,-1.859375,0.046875,0.056640625,0.056640625
936,9317937,9617937,0.76348877,-0.116149902,-0.127380371,0.622436523,0.03125,-0.10546875,0.171875,-0.4921875,9.4765625,-1.859375,0.029296875,0.12109375,0.0234375
937,9321423,9621423,0.76361084,-0.115905762,-0.126831055,0.622375488,0.0234375,-0.2578125,-0.01171875,-0.484375,9.4765625,-1.8671875,0.029296875,0.12109375,0.0234375
938,9336652,9636652,0.76385498,-0.115661621,-0.126281738,0.622253418,0.0234375,-0.2578125,-0.01171875,-0.484375,9.4765625,-1.8671875,0.0625,0.109375,0.017578125
939,9341456,9641456,0.764099121,-0.115478516,-0.125854492,0.622070312,-0.22265625,-0.3359375,0.07421875,-0.46875,9.4765625,-1.875,0.0625,0.109375,0.017578125
940,9354745,9654745,0.764465332,-0.11541748,-0.125488281,0.621704102,-0.22265625,-0.3359375,0.07421875,-0.46875,9.4765625,-1.875,0.107421875,0.041015625,0.013671875
941,9361518,9661518,0.764831543,-0.11541748,-0.125305176,0.621276855,-0.26171875,-0.4453125,-0.1796875,-0.46875,9.46875,-1.890625,0.107421875,0.041015625,0.013671875
942,9376724,9676724,0.765258789,-0.115539551,-0.125244141,0.620788574,-0.26171875,-0.4453125,-0.1796875,-0.46875,9.46875,-1.890625,0.134765625,-0.013671875,-0.00390625
943,9380321,9680321,0.765625,-0.115661621,-0.125244141,0.620300293,-0.15234375,-0.3671875,-0.1953125,-0.4609375,9.46875,-1.9140625,0.134765625,-0.013671875,-0.00390625
944,9395925,9695925,0.765991211,-0.115722656,-0.125305176,0.619812012,-0.15234375,-0.3671875,-0.1953125,-0.4609375,9.46875,-1.9140625,0.107421875,-0.0234375,-0.025390625
945,9401522,9701522,0.766296387,-0.115722656,-0.125427246,0.619384766,-0.109375,-0.20703125,0.2109375,-0.46875,9.4609375,-1.9375,0.107421875,-0.0234375,-0.025390625
946,9417296,9717296,0.766662598,-0.115661621,-0.125488281,0.61895752,-0.109375,-0.20703125,0.2109375,-0.46875,9.4609375,-1.9375,0.126953125,-0.001953125,-0.033203125
947,9420909,9720909,0.767150879,-0.115661621,-0.125488281,0.618347168,-0.1015625,-0.08203125,0.2265625,-0.4765625,9.453125,-1.953125,0.126953125,-0.001953125,-0.033203125
948,9435626,9735626,0.767822266,-0.115539551,-0.125427246,0.617553711,-0.1015625,-0.08203125,0.2265625,-0.4765625,9.453125,-1.953125,0.234375,0.02734375,-0.041015625
949,9441217,9741217,0.768676758,-0.11541748,-0.125305176,0.616577148,-0.21484375,-0.15234375,-0.0390625,-0.4765625,9.4453125,-1.9921875,0.234375,0.02734375,-0.041015625
950,9456546,9756546,0.76953125,-0.115234375,-0.125061035,0.615539551,-0.21484375,-0.15234375,-0.0390625,-0.4765625,9.4453125,-1.9921875,0.263671875,0.0625,-0.052734375
951,9461347,9761347,0.770385742,-0.114990234,-0.12487793,0.614624023,-0.16796875,0.0546875,-0.109375,-0.484375,9.4296875,-2.0390625,0.263671875,0.0625,-0.052734375
952,9475976,9775976,0.771118164,-0.114807129,-0.124755859,0.613708496,-0.16796875,0.0546875,-0.109375,-0.484375,9.4296875,-2.0390625,0.203125,0.01953125,-0.05078125
953,9481575,9781575,0.771728516,-0.114746094,-0.124816895,0.612976074,-0.0390625,0.1484375,0.16796875,-0.5,9.4140625,-2.0859375,0.203125,0.01953125,-0.05078125
954,9495032,9795032,0.772155762,-0.114685059,-0.124938965,0.612365723,-0.0390625,0.1484375,0.16796875,-0.5,9.4140625,-2.0859375,0.115234375,-0.025390625,-0.05078125
955,9500749,9800749,0.772460938,-0.114624023,-0.125183105,0.611938477,0.0859375,-0.04296875,0.30859375,-0.5078125,9.4140625,-2.109375,0.115234375,-0.025390625,-0.05078125
956,9516265,9816265,0.772827148,-0.114562988,-0.125427246,0.61151123,0.0859375,-0.04296875,0.30859375,-0.5078125,9.4140625,-2.109375,0.099609375,-0.041015625,-0.06640625
957,9521828,9821828,0.773132324,-0.114501953,-0.125793457,0.610961914,0.0234375,-0.1875,0.13671875,-0.5234375,9.40625,-2.1328125,0.099609375,-0.041015625,-0.06640625
958,9535008,9835008,0.773620605,-0.114318848,-0.126098633,0.610351562,0.0234375,-0.1875,0.13671875,-0.5234375,9.40625,-2.1328125,0.1640625,-0.03125,-0.109375
959,9540737,9840737,0.774169922,-0.114013672,-0.126525879,0.609619141,-0.11328125,-0.52734375,0.125,-0.5390625,9.3984375,-2.15625,0.1640625,-0.03125,-0.109375
960,9559207,9859207,0.774780273,-0.113708496,-0.127075195,0.608825684,-0.11328125,-0.52734375,0.125,-0.5390625,9.3984375,-2.15625,0.16015625,-0.056640625,-0.1640625
961,9563104,9863104,0.77520752,-0.11328125,-0.127746582,0.608154297,-0.08203125,-0.48046875,0.15625,-0.5703125,9.390625,-2.1875,0.16015625,-0.056640625,-0.1640625
962,9576469,9876469,0.77545166,-0.112854004,-0.128479004,0.607788086,-0.08203125,-0.48046875,0.15625,-0.5703125,9.390625,-2.1875,0.029296875,-0.068359375,-0.17578125
963,9582042,9882042,0.775512695,-0.112487793,-0.129333496,0.60760498,-0.2421875,-0.2421875,0.0546875,-0.6015625,9.3828125,-2.203125,0.029296875,-0.068359375,-0.17578125
964,9594591,9894591,0.77557373,-0.112182617,-0.130371094,0.607421875,-0.2421875,-0.2421875,0.0546875,-0.6015625,9.3828125,-2.203125,-0.005859375,-0.146484375,-0.169921875
965,9602967,9902967,0.775512695,-0.111938477,-0.131469727,0.607299805,-0.203125,-0.2421875,0.171875,-0.640625,9.3828125,-2.203125,-0.005859375,-0.146484375,-0.169921875
966,9616564,9916564,0.775390625,-0.111633301,-0.132568359,0.60723877,-0.203125,-0.2421875,0.171875,-0.640625,9.3828125,-2.203125,-0.033203125,-0.134765625,-0.1953125
967,9620289,9920289,0.77532959,-0.111206055,-0.133728027,0.607116699,-0.125,-0.12890625,0.31640625,-0.6796875,9.3828125,-2.1953125,-0.033203125,-0.134765625,-0.1953125
968,9639231,9939231,0.775390625,-0.110595703,-0.13494873,0.606933594,-0.125,-0.12890625,0.31640625,-0.6796875,9.3828125,-2.1953125,0,-0.099609375,-0.2578125
969,9643085,9943085,0.77545166,-0.109802246,-0.136108398,0.606689453,-0.26953125,-0.2734375,0.27734375,-0.7265625,9.375,-2.1953125,0,-0.099609375,-0.2578125
970,9654407,9954407,0.77557373,-0.108764648,-0.137268066,0.606506348,-0.26953125,-0.2734375,0.27734375,-0.7265625,9.375,-2.1953125,-0.025390625,-0.041015625,-0.3359375
971,9662788,9962788,0.775634766,-0.10736084,-0.13848877,0.606323242,-0.171875,-0.3046875,0.19921875,-0.7890625,9.3671875,-2.1953125,-0.025390625,-0.041015625,-0.3359375
972,9676839,9976839,0.775817871,-0.105834961,-0.139770508,0.606079102,-0.171875,-0.3046875,0.19921875,-0.7890625,9.3671875,-2.1953125,0.005859375,-0.001953125,-0.41796875
973,9680566,9980566,0.776123047,-0.104248047,-0.141052246,0.605712891,-0.3203125,-0.52734375,0.0390625,-0.8671875,9.359375,-2.1875,0.005859375,-0.001953125,-0.41796875
974,9696184,9996184,0.776550293,-0.102355957,-0.14239502,0.605163574,-0.3203125,-0.52734375,0.0390625,-0.8671875,9.359375,-2.1875,0.05078125,0.021484375,-0.498046875
975,9701226,10001226,0.776977539,-0.100219727,-0.143920898,0.604614258,-0.16796875,-0.7109375,-0.15234375,-0.9453125,9.3515625,-2.1875,0.05078125,0.021484375,-0.498046875
976,9717494,10017494,0.77734375,-0.0982055664,-0.145324707,0.604125977,-0.16796875,-0.7109375,-0.15234375,-0.9453125,9.3515625,-2.1875,0.015625,0.029296875,-0.517578125
977,9721095,10021095,0.777648926,-0.0962524414,-0.146728516,0.603759766,-0.02734375,-0.50390625,-0.18359375,-1.046875,9.3359375,-2.1953125,0.015625,0.029296875,-0.517578125
978,9736429,10036429,0.777893066,-0.0942382812,-0.14831543,0.60333252,-0.02734375,-0.50390625,-0.18359375,-1.046875,9.3359375,-2.1953125,0.017578125,-0.015625,-0.478515625
979,9740159,10040159,0.778198242,-0.092590332,-0.149658203,0.602844238,0.1796875,0.00390625,-0.375,-1.140625,9.328125,-2.1953125,0.017578125,-0.015625,-0.478515625
980,9755103,10055103,0.778808594,-0.0908813477,-0.151062012,0.601989746,0.1796875,0.00390625,-0.375,-1.140625,9.328125,-2.1953125,0.16796875,0.01171875,-0.44921875
981,9762804,10062804,0.779663086,-0.0891723633,-0.15222168,0.600830078,0.15234375,0.171875,-0.234375,-1.2265625,9.3125,-2.21875,0.16796875,0.01171875,-0.44921875
982,9775978,10075978,0.780639648,-0.0873413086,-0.153381348,0.59954834,0.15234375,0.171875,-0.234375,-1.2265625,9.3125,-2.21875,0.271484375,0.0703125,-0.48828125
983,9781032,10081032,0.781738281,-0.0853271484,-0.154418945,0.598083496,0.0078125,0.234375,-0.04296875,-1.3125,9.2890625,-2.2578125,0.271484375,0.0703125,-0.48828125
984,9796131,10096131,0.782836914,-0.0833129883,-0.155578613,0.596679688,0.0078125,0.234375,-0.04296875,-1.3125,9.2890625,-2.2578125,0.248046875,0.07421875,-0.525390625
985,9804533,10104533,0.783752441,-0.0811157227,-0.156860352,0.595458984,-0.16796875,0.34375,0.08203125,-1.40625,9.2578125,-2.3046875,0.248046875,0.07421875,-0.525390625
986,9815408,10115408,0.784423828,-0.0789794922,-0.158081055,0.594482422,-0.16796875,0.34375,0.08203125,-1.40625,9.2578125,-2.3046875,0.119140625,0.048828125,-0.544921875
987,9826628,10126628,0.784912109,-0.0768432617,-0.159484863,0.59375,-0.33984375,0.2890625,0.04296875,-1.5,9.234375,-2.34375,0.119140625,0.048828125,-0.544921875
988,9836656,10136656,0.78527832,-0.0748291016,-0.161010742,0.593200684,-0.33984375,0.2890625,0.04296875,-1.5,9.234375,-2.34375,0,-0.009765625,-0.51953125
989,9840387,10140387,0.78527832,-0.0728759766,-0.162597656,0.592956543,-0.32421875,0.15234375,0.28125,-1.59375,9.21875,-2.3515625,0,-0.009765625,-0.51953125
990,9856064,10156064,0.784912109,-0.071105957,-0.16418457,0.593200684,-0.32421875,0.15234375,0.28125,-1.59375,9.21875,-2.3515625,-0.1953125,-0.04296875,-0.400390625
991,9861110,10161110,0.784362793,-0.0695800781,-0.165527344,0.59375,0.15234375,0.3203125,0.1875,-1.6875,9.203125,-2.3359375,-0.1953125,-0.04296875,-0.400390625
992,9878499,10178499,0.783691406,-0.068359375,-0.166625977,0.594482422,0.15234375,0.3203125,0.1875,-1.6875,9.203125,-2.3359375,-0.2578125,-0.048828125,-0.2578125
993,9882488,10182488,0.782958984,-0.0673828125,-0.167663574,0.595214844,0.29296875,0.59765625,-0.08984375,-1.75,9.1953125,-2.2890625,-0.2578125,-0.048828125,-0.2578125
994,9896206,10196206,0.782409668,-0.0666503906,-0.168518066,0.595825195,0.29296875,0.59765625,-0.08984375,-1.75,9.1953125,-2.2890625,-0.162109375,-0.0625,-0.17578125
995,9901921,10201921,0.781982422,-0.0660400391,-0.169311523,0.596191406,0.1796875,0.94140625,-0.1640625,-1.7890625,9.1953125,-2.25,-0.162109375,-0.0625,-0.17578125
996,9915054,10215054,0.781738281,-0.0654907227,-0.170043945,0.596374512,0.1796875,0.94140625,-0.1640625,-1.7890625,9.1953125,-2.25,-0.052734375,-0.048828125,-0.1640625
997,9923049,10223049,0.781738281,-0.0649414062,-0.170776367,0.596252441,0.1796875,1.01953125,-0.234375,-1.828125,9.1953125,-2.21875,-0.052734375,-0.048828125,-0.1640625
998,9936398,10236398,0.782043457,-0.064453125,-0.171447754,0.595703125,0.1796875,1.01953125,-0.234375,-1.828125,9.1953125,-2.21875,0.140625,-0.04296875,-0.17578125
999,9940134,10240134,0.782592773,-0.0641479492,-0.172058105,0.594848633,0.09375,0.52734375,-0.3046875,-1.859375,9.1875,-2.2265625,0.140625,-0.04296875,-0.17578125
1000,9957456,10257456,0.783325195,-0.0639648438,-0.172912598,0.59362793,0.09375,0.52734375,-0.3046875,-1.859375,9.1875,-2.2265625,0.27734375,-0.119140625,-0.15625
1001,9961061,10261061,0.783996582,-0.0640869141,-0.17376709,0.592468262,0.01953125,0.15234375,-0.1796875,-1.8984375,9.1796875,-2.2734375,0.27734375,-0.119140625,-0.15625
1002,9975750,10275750,0.784423828,-0.0643310547,-0.174865723,0.591552734,0.01953125,0.15234375,-0.1796875,-1.8984375,9.1796875,-2.2734375,0.146484375,-0.208984375,-0.08984375
1003,9980787,10280787,0.784606934,-0.0648193359,-0.17590332,0.591003418,0.39453125,0.0546875,0.04296875,-1.9296875,9.1640625,-2.3046875,0.146484375,-0.208984375,-0.08984375
1004,9994730,10294730,0.784545898,-0.0653686523,-0.176757812,0.590759277,0.39453125,0.0546875,0.04296875,-1.9296875,9.1640625,-2.3046875,0.001953125,-0.20703125,-0.00390625
1005,10002544,10302544,0.784301758,-0.0659179688,-0.177429199,0.590759277,0.52734375,0.21484375,0.05078125,-1.9453125,9.15625,-2.3125,0.001953125,-0.20703125,-0.00390625
1006,10016871,10316871,0.784057617,-0.0665283203,-0.177978516,0.590881348,0.52734375,0.21484375,0.05078125,-1.9453125,9.15625,-2.3125,-0.03515625,-0.1484375,0.048828125
1007,10021011,10321011,0.783874512,-0.0670776367,-0.178405762,0.590942383,0.3359375,0.48046875,-0.15625,-1.9453125,9.15625,-2.296875,-0.03515625,-0.1484375,0.048828125
1008,10039743,10339743,0.783813477,-0.0677490234,-0.178833008,0.590759277,0.3359375,0.48046875,-0.15625,-1.9453125,9.15625,-2.296875,0.080078125,-0.150390625,0.04296875
1009,10041239,10341239,0.783996582,-0.0685424805,-0.179321289,0.590332031,0.02734375,0.3203125,-0.1171875,-1.9453125,9.1640625,-2.296875,0.080078125,-0.150390625,0.04296875
1010,10056894,10356894,0.784240723,-0.0695800781,-0.179992676,0.589660645,0.02734375,0.3203125,-0.1171875,-1.9453125,9.1640625,-2.296875,0.189453125,-0.212890625,0.052734375
1011,10060499,10360499,0.784667969,-0.0704345703,-0.180419922,0.588867188,0.05859375,0.08984375,0.05078125,-1.9375,9.1640625,-2.3125,0.189453125,-0.212890625,0.052734375
1012,10074433,10374433,0.78515625,-0.0712280273,-0.180725098,0.58807373,0.05859375,0.08984375,0.05078125,-1.9375,9.1640625,-2.3125,0.19921875,-0.12890625,0.05859375
1013,10081095,10381095,0.785583496,-0.0721435547,-0.181030273,0.587219238,-0.01953125,0.0625,0.00390625,-1.9375,9.15625,-2.34375,0.19921875,-0.12890625,0.05859375
1014,10096146,10396146,0.785888672,-0.0733032227,-0.18145752,0.586608887,-0.01953125,0.0625,0.00390625,-1.9375,9.15625,-2.34375,0.15625,-0.22265625,0.12890625
1015,10100965,10400965,0.785949707,-0.0745849609,-0.181884766,0.586242676,-0.0625,0.26171875,-0.27734375,-1.9296875,9.1484375,-2.3671875,0.15625,-0.22265625,0.12890625
1016,10116941,10416941,0.785522461,-0.0759887695,-0.182312012,0.586486816,-0.0625,0.26171875,-0.27734375,-1.9296875,9.1484375,-2.3671875,-0.12890625,-0.220703125,0.193359375
1017,10120556,10420556,0.784790039,-0.0771484375,-0.182434082,0.587219238,-0.00390625,0.13671875,0.06640625,-1.9140625,9.15625,-2.3671875,-0.12890625,-0.220703125,0.193359375
1018,10135558,10435558,0.784057617,-0.0783081055,-0.182128906,0.588134766,-0.00390625,0.13671875,0.06640625,-1.9140625,9.15625,-2.3671875,-0.15234375,-0.07421875,0.26953125
1019,10141536,10441536,0.783569336,-0.0795288086,-0.181640625,0.588806152,-0.15625,0.08203125,-0.234375,-1.875,9.171875,-2.3359375,-0.15234375,-0.07421875,0.26953125
1020,10156441,10456441,0.783203125,-0.0809326172,-0.181335449,0.589172363,-0.15625,0.08203125,-0.234375,-1.875,9.171875,-2.3359375,0.005859375,-0.150390625,0.271484375
1021,10160044,10460044,0.783081055,-0.0822753906,-0.181030273,0.589233398,-0.47265625,0.06640625,-0.21875,-1.828125,9.1875,-2.3125,0.005859375,-0.150390625,0.271484375
1022,10176493,10476493,0.783203125,-0.0836791992,-0.180725098,0.588989258,-0.47265625,0.06640625,-0.21875,-1.828125,9.1875,-2.3125,0.14453125,-0.12890625,0.21484375
1023,10180102,10480102,0.783447266,-0.0850219727,-0.180603027,0.588500977,-0.43359375,-0.0546875,0.44140625,-1.7890625,9.1953125,-2.3203125,0.14453125,-0.12890625,0.21484375
1024,10196948,10496948,0.783752441,-0.0866699219,-0.180603027,0.58782959,-0.43359375,-0.0546875,0.44140625,-1.7890625,9.1953125,-2.3203125,0.20703125,-0.212890625,0.21484375
1025,10200553,10500553,0.783996582,-0.0882568359,-0.180725098,0.587280273,-0.3515625,-0.31640625,0.3203125,-1.7578125,9.1875,-2.3515625,0.20703125,-0.212890625,0.21484375
1026,10215397,10515397,0.784179688,-0.0900878906,-0.180847168,0.586730957,-0.3515625,-0.31640625,0.3203125,-1.7578125,9.1875,-2.3515625,0.158203125,-0.248046875,0.259765625
1027,10221376,10521376,0.784179688,-0.0921020508,-0.181091309,0.586364746,-0.3046875,-0.24609375,0.45703125,-1.7265625,9.1953125,-2.375,0.158203125,-0.248046875,0.259765625
1028,10234788,10534788,0.783874512,-0.0941772461,-0.181396484,0.586303711,-0.3046875,-0.24609375,0.45703125,-1.7265625,9.1953125,-2.375,-0.01171875,-0.296875,0.30078125
1029,10240763,10540763,0.78338623,-0.0960693359,-0.18170166,0.586547852,0.078125,0.015625,0.38671875,-1.6875,9.203125,-2.3828125,-0.01171875,-0.296875,0.30078125
1030,10257038,10557038,0.782958984,-0.0978393555,-0.181884766,0.586791992,0.078125,0.015625,0.38671875,-1.6875,9.203125,-2.3828125,-0.01953125,-0.25,0.251953125
1031,10260643,10560643,0.782653809,-0.0995483398,-0.182250977,0.586853027,-0.26953125,-0.26171875,0.14453125,-1.6484375,9.2109375,-2.3671875,-0.01953125,-0.25,0.251953125
1032,10276840,10576840,0.782348633,-0.101318359,-0.182739258,0.586791992,-0.26953125,-0.26171875,0.14453125,-1.6484375,9.2109375,-2.3671875,0.009765625,-0.302734375,0.19921875
1033,10280448,10580448,0.781982422,-0.102844238,-0.183349609,0.586791992,0.3203125,-0.078125,0.2890625,-1.625,9.21875,-2.359375,0.009765625,-0.302734375,0.19921875
1034,10295424,10595424,0.781616211,-0.104370117,-0.184020996,0.586791992,0.3203125,-0.078125,0.2890625,-1.625,9.21875,-2.359375,0.00390625,-0.283203125,0.171875
1035,10305624,10605624,0.78112793,-0.105895996,-0.184692383,0.586914062,0.23046875,-0.125,0.3125,-1.609375,9.2265625,-2.34375,0.00390625,-0.283203125,0.171875
1036,10315620,10615620,0.780456543,-0.107177734,-0.185302734,0.587463379,0.23046875,-0.125,0.3125,-1.609375,9.2265625,-2.34375,-0.173828125,-0.2578125,0.158203125
1037,10320651,10620651,0.779602051,-0.108276367,-0.185913086,0.588195801,0.3203125,0.13671875,0.1328125,-1.5859375,9.234375,-2.3203125,-0.173828125,-0.2578125,0.158203125
1038,10334335,10634335,0.778686523,-0.109008789,-0.186340332,0.589050293,0.3203125,0.13671875,0.1328125,-1.5859375,9.234375,-2.3203125,-0.244140625,-0.142578125,0.08984375
1039,10344621,10644621,0.777893066,-0.109375,-0.186706543,0.58996582,0.07421875,-0.1875,0.05859375,-1.5703125,9.25,-2.28125,-0.244140625,-0.142578125,0.08984375
1040,10357607,10657607,0.777282715,-0.10949707,-0.187133789,0.590637207,0.07421875,-0.1875,0.05859375,-1.5703125,9.25,-2.28125,-0.138671875,-0.080078125,-0.015625
1041,10361931,10661931,0.776916504,-0.10949707,-0.18762207,0.590942383,-0.1171875,-0.38671875,-0.6328125,-1.5703125,9.2578125,-2.2421875,-0.138671875,-0.080078125,-0.015625
1042,10374833,10674833,0.776794434,-0.109375,-0.188171387,0.590942383,-0.1171875,-0.38671875,-0.6328125,-1.5703125,9.2578125,-2.2421875,0.001953125,-0.064453125,-0.10546875
1043,10385637,10685637,0.776916504,-0.109069824,-0.188659668,0.590698242,0.16796875,-0.27734375,-0.6171875,-1.5859375,9.265625,-2.21875,0.001953125,-0.064453125,-0.10546875
1044,10395634,10695634,0.77722168,-0.108581543,-0.189086914,0.590209961,0.16796875,-0.27734375,-0.6171875,-1.5859375,9.265625,-2.21875,0.1015625,0.01953125,-0.14453125
1045,10400673,10700673,0.777709961,-0.108032227,-0.18927002,0.589660645,0.34375,-0.34765625,-0.10546875,-1.609375,9.2578125,-2.234375,0.1015625,0.01953125,-0.14453125
1046,10416179,10716179,0.778320312,-0.10736084,-0.189208984,0.588989258,0.34375,-0.34765625,-0.10546875,-1.609375,9.2578125,-2.234375,0.16796875,0.103515625,-0.119140625
1047,10424610,10724610,0.778991699,-0.106872559,-0.189025879,0.588256836,0.328125,0.01171875,-0.2734375,-1.6328125,9.2421875,-2.2578125,0.16796875,0.103515625,-0.119140625
1048,10439140,10739140,0.779724121,-0.106506348,-0.188720703,0.587463379,0.328125,0.01171875,-0.2734375,-1.6328125,9.2421875,-2.2578125,0.220703125,0.109375,-0.056640625
1049,10442888,10742888,0.780578613,-0.106079102,-0.188293457,0.586486816,-0.0078125,0.51953125,-0.08203125,-1.640625,9.234375,-2.296875,0.220703125,0.109375,-0.056640625
1050,10454830,10754830,0.781555176,-0.105529785,-0.187683105,0.585510254,-0.0078125,0.51953125,-0.08203125,-1.640625,9.234375,-2.296875,0.271484375,0.201171875,-0.078125
1051,10465645,10765645,0.782531738,-0.104797363,-0.186950684,0.584594727,-0.0390625,0.07421875,0.08984375,-1.6484375,9.21875,-2.3515625,0.271484375,0.201171875,-0.078125
1052,10475674,10775674,0.783325195,-0.103881836,-0.186157227,0.583862305,-0.0390625,0.07421875,0.08984375,-1.6484375,9.21875,-2.3515625,0.150390625,0.251953125,-0.0859375
1053,10480725,10780725,0.783935547,-0.103027344,-0.185302734,0.583496094,-0.109375,-0.0234375,0.2109375,-1.65625,9.203125,-2.3984375,0.150390625,0.251953125,-0.0859375
1054,10496333,10796333,0.784362793,-0.102416992,-0.184448242,0.583312988,-0.109375,-0.0234375,0.2109375,-1.65625,9.203125,-2.3984375,0.0625,0.203125,0.021484375
1055,10500059,10800059,0.784667969,-0.101989746,-0.183532715,0.583251953,-0.078125,0.48046875,0.12109375,-1.6484375,9.1953125,-2.421875,0.0625,0.203125,0.021484375
1056,10517172,10817172,0.784912109,-0.101501465,-0.182495117,0.583374023,-0.078125,0.48046875,0.12109375,-1.6484375,9.1953125,-2.421875,-0.029296875,0.24609375,0.052734375
1057,10520781,10820781,0.784912109,-0.100952148,-0.181396484,0.58380127,0.13671875,0.55859375,0.25,-1.6328125,9.1953125,-2.4375,-0.029296875,0.24609375,0.052734375
1058,10536057,10836057,0.784729004,-0.100280762,-0.180236816,0.584533691,0.13671875,0.55859375,0.25,-1.6328125,9.1953125,-2.4375,-0.173828125,0.265625,0.0546875
1059,10544649,10844649,0.784362793,-0.0995483398,-0.179199219,0.585388184,0.03515625,0.28125,0.359375,-1.609375,9.203125,-2.4296875,-0.173828125,0.265625,0.0546875
1060,10555568,10855568,0.783935547,-0.0987548828,-0.178222656,0.586486816,0.03515625,0.28125,0.359375,-1.609375,9.203125,-2.4296875,-0.22265625,0.240234375,0.03515625
1061,10562091,10862091,0.783447266,-0.0980224609,-0.177307129,0.587463379,0.01171875,0.03515625,0.2109375,-1.5859375,9.21875,-2.3984375,-0.22265625,0.240234375,0.03515625
1062,10576286,10876286,0.782958984,-0.0974121094,-0.176635742,0.588439941,0.01171875,0.03515625,0.2109375,-1.5859375,9.21875,-2.3984375,-0.2109375,0.16796875,0.033203125
1063,10585377,10885377,0.782531738,-0.0969238281,-0.176025391,0.589355469,0.03515625,-0.0078125,-0.09375,-1.5703125,9.2265625,-2.359375,-0.2109375,0.16796875,0.033203125
1064,10599951,10899951,0.782043457,-0.0964355469,-0.175476074,0.590209961,0.03515625,-0.0078125,-0.09375,-1.5703125,9.2265625,-2.359375,-0.189453125,0.138671875,0.033203125
1065,10601429,10901429,0.781555176,-0.0960083008,-0.174926758,0.591064453,-0.0546875,-0.0234375,-0.05078125,-1.5546875,9.2421875,-2.328125,-0.189453125,0.138671875,0.033203125
1066,10616343,10916343,0.781066895,-0.0955200195,-0.174438477,0.591918945,-0.0546875,-0.0234375,-0.05078125,-1.5546875,9.2421875,-2.328125,-0.205078125,0.14453125,0.021484375
1067,10620069,10920069,0.780639648,-0.0950317383,-0.173950195,0.592773438,0.16796875,0.04296875,-0.04296875,-1.546875,9.25,-2.296875,-0.205078125,0.14453125,0.021484375
1068,10636097,10936097,0.780090332,-0.0944824219,-0.173400879,0.59375,0.16796875,0.04296875,-0.04296875,-1.546875,9.25,-2.296875,-0.224609375,0.140625,0.025390625
1069,10641974,10941974,0.779541016,-0.0939941406,-0.172790527,0.594665527,0.16015625,0.15234375,0.04296875,-1.5390625,9.2578125,-2.265625,-0.224609375,0.140625,0.025390625
1070,10655879,10955879,0.778991699,-0.0933837891,-0.17199707,0.595703125,0.16015625,0.15234375,0.04296875,-1.5390625,9.2578125,-2.265625,-0.220703125,0.228515625,0.056640625
1071,10663484,10963484,0.778503418,-0.0927124023,-0.171020508,0.596740723,0.2109375,0.09765625,0.0390625,-1.515625,9.2734375,-2.2265625,-0.220703125,0.228515625,0.056640625
1072,10675952,10975952,0.777893066,-0.0921020508,-0.16998291,0.597900391,0.2109375,0.09765625,0.0390625,-1.515625,9.2734375,-2.2265625,-0.267578125,0.220703125,0.080078125
1073,10681570,10981570,0.77722168,-0.0915527344,-0.169128418,0.599182129,0.2265625,0.04296875,0.078125,-1.4921875,9.2890625,-2.1875,-0.267578125,0.220703125,0.080078125
1074,10695694,10995694,0.776367188,-0.091003418,-0.168334961,0.600524902,0.2265625,0.04296875,0.078125,-1.4921875,9.2890625,-2.1875,-0.3046875,0.158203125,0.044921875
1075,10704879,11004879,0.775695801,-0.0904541016,-0.16784668,0.601623535,0.203125,-0.05078125,-0.046875,-1.46875,9.3046875,-2.140625,-0.3046875,0.158203125,0.044921875
1076,10716456,11016456,0.77520752,-0.0900268555,-0.167541504,0.602416992,0.203125,-0.05078125,-0.046875,-1.46875,9.3046875,-2.140625,-0.125,0.0546875,-0.013671875
1077,10720079,11020079,0.774963379,-0.0897827148,-0.167541504,0.602783203,-0.1875,-0.36328125,0.18359375,-1.4609375,9.3125,-2.1015625,-0.125,0.0546875,-0.013671875
1078,10735714,11035714,0.774719238,-0.0895996094,-0.167663574,0.603027344,-0.1875,-0.36328125,0.18359375,-1.4609375,9.3125,-2.1015625,-0.09375,0,-0.033203125
1079,10743496,11043496,0.774414062,-0.0893554688,-0.167907715,0.603393555,-0.140625,-0.296875,0.359375,-1.46875,9.3203125,-2.0859375,-0.09375,0,-0.033203125
1080,10755966,11055966,0.774047852,-0.0891113281,-0.16809082,0.603820801,-0.140625,-0.296875,0.359375,-1.46875,9.3203125,-2.0859375,-0.12890625,-0.00390625,-0.04296875
1081,10762024,11062024,0.773681641,-0.0888671875,-0.168273926,0.604309082,-0.171875,-0.41015625,-0.19921875,-1.4765625,9.3203125,-2.0625,-0.12890625,-0.00390625,-0.04296875
1082,10774164,11074164,0.773193359,-0.088684082,-0.168334961,0.604980469,-0.171875,-0.41015625,-0.19921875,-1.4765625,9.3203125,-2.0625,-0.17578125,0.009765625,-0.009765625
1083,10783505,11083505,0.772705078,-0.0885009766,-0.168395996,0.60559082,-0.1328125,-0.2265625,-0.30859375,-1.4765625,9.328125,-2.03125,-0.17578125,0.009765625,-0.009765625
1084,10795867,11095867,0.772277832,-0.0884399414,-0.168457031,0.606140137,-0.1328125,-0.2265625,-0.30859375,-1.4765625,9.328125,-2.03125,-0.107421875,-0.01171875,0.017578125
1085,10801985,11101985,0.771972656,-0.0885009766,-0.168457031,0.606506348,-0.2109375,-0.03515625,-0.21484375,-1.4765625,9.328125,-2.0078125,-0.107421875,-0.01171875,0.017578125
1086,10814967,11114967,0.77166748,-0.0886230469,-0.168518066,0.606872559,-0.2109375,-0.03515625,-0.21484375,-1.4765625,9.328125,-2.0078125,-0.068359375,-0.02734375,0.02734375
1087,10823850,11123850,0.771484375,-0.0887451172,-0.168640137,0.606994629,0.05859375,0.1484375,-0.0390625,-1.4765625,9.3359375,-1.9921875,-0.068359375,-0.02734375,0.02734375
1088,10838527,11138527,0.771484375,-0.0889892578,-0.168823242,0.606994629,0.05859375,0.1484375,-0.0390625,-1.4765625,9.3359375,-1.9921875,0.03515625,-0.080078125,0.017578125
1089,10842430,11142430,0.771484375,-0.0892944336,-0.169006348,0.606811523,-0.01953125,0.03515625,0.18359375,-1.4765625,9.3359375,-1.984375,0.03515625,-0.080078125,0.017578125
1090,10853413,11153413,0.77154541,-0.0895996094,-0.169128418,0.606689453,-0.01953125,0.03515625,0.18359375,-1.4765625,9.3359375,-1.984375,0.029296875,-0.041015625,0.037109375
1091,10864252,11164252,0.77154541,-0.0899047852,-0.169128418,0.606689453,0.1328125,0.265625,0.265625,-1.4765625,9.3359375,-1.9921875,0.029296875,-0.041015625,0.037109375
1092,10875387,11175387,0.77130127,-0.0902099609,-0.168945312,0.606933594,0.1328125,0.265625,0.265625,-1.4765625,9.3359375,-1.9921875,-0.078125,-0.001953125,0.103515625
1093,10880997,11180997,0.770812988,-0.090637207,-0.168518066,0.60760498,0.00390625,0.68359375,-0.0859375,-1.4609375,9.3359375,-1.984375,-0.078125,-0.001953125,0.103515625
1094,10895246,11195246,0.770141602,-0.0910644531,-0.167785645,0.608642578,0.00390625,0.68359375,-0.0859375,-1.4609375,9.3359375,-1.984375,-0.232421875,0.083984375,0.234375
1095,10903503,11203503,0.769714355,-0.0916748047,-0.166748047,0.609375,0.234375,0.86328125,-0.65234375,-1.421875,9.3515625,-1.953125,-0.232421875,0.083984375,0.234375
1096,10917912,11217912,0.770202637,-0.0928344727,-0.165588379,0.608886719,0.234375,0.86328125,-0.65234375,-1.421875,9.3515625,-1.953125,0.3671875,0.01953125,0.302734375
1097,10922090,11222090,0.771728516,-0.0942993164,-0.164428711,0.607055664,-0.08203125,0.35546875,-0.875,-1.375,9.359375,-1.9609375,0.3671875,0.01953125,0.302734375
1098,10935269,11235269,0.774414062,-0.0960083008,-0.163085938,0.60369873,-0.08203125,0.35546875,-0.875,-1.375,9.359375,-1.9609375,1.03125,0.044921875,0.228515625
1099,10944102,11244102,0.77746582,-0.0974731445,-0.161743164,0.599914551,-0.09765625,-0.38671875,0.14453125,-1.3203125,9.3359375,-2.1015625,1.03125,0.044921875,0.228515625
1100,10954937,11254937,0.780029297,-0.0985717773,-0.160522461,0.596679688,-0.09765625,-0.38671875,0.14453125,-1.3203125,9.3359375,-2.1015625,0.74609375,0.068359375,0.146484375
1101,10960520,11260520,0.781677246,-0.0994262695,-0.159667969,0.594604492,0.20703125,0.3046875,0.671875,-1.28125,9.296875,-2.28125,0.74609375,0.068359375,0.146484375
1102,10974300,11274300,0.782287598,-0.100158691,-0.159179688,0.593811035,0.20703125,0.3046875,0.671875,-1.28125,9.296875,-2.28125,0.0859375,-0.052734375,0.134765625
1103,10983502,11283502,0.782287598,-0.101074219,-0.159057617,0.59375,0.375,-0.02734375,0.203125,-1.2578125,9.28125,-2.3515625,0.0859375,-0.052734375,0.134765625
1104,10995969,11295969,0.781921387,-0.102172852,-0.158996582,0.593994141,0.375,-0.02734375,0.203125,-1.2578125,9.28125,-2.3515625,-0.06640625,-0.138671875,0.22265625
1105,11002008,11302008,0.781494141,-0.103393555,-0.158813477,0.594482422,0.16015625,-0.265625,0.1640625,-1.234375,9.2890625,-2.3515625,-0.06640625,-0.138671875,0.22265625
1106,11014761,11314761,0.780883789,-0.104858398,-0.15838623,0.595092773,0.16015625,-0.265625,0.1640625,-1.234375,9.2890625,-2.3515625,-0.107421875,-0.111328125,0.326171875
1107,11023412,11323412,0.780395508,-0.106506348,-0.157775879,0.59564209,0.21875,0.33203125,0.140625,-1.1796875,9.3046875,-2.328125,-0.107421875,-0.111328125,0.326171875
1108,11033825,11333825,0.780151367,-0.108215332,-0.156860352,0.59588623,0.21875,0.33203125,0.140625,-1.1796875,9.3046875,-2.328125,0.064453125,-0.041015625,0.3828125
1109,11042848,11342848,0.780273438,-0.109619141,-0.155822754,0.595703125,0.03515625,0.515625,0.171875,-1.109375,9.3125,-2.3203125,0.064453125,-0.041015625,0.3828125
1110,11054877,11354877,0.780517578,-0.110595703,-0.154785156,0.59552002,0.03515625,0.515625,0.171875,-1.109375,9.3125,-2.3203125,0.09375,0.060546875,0.23046875
1111,11062502,11362502,0.780578613,-0.111328125,-0.153869629,0.59552002,-0.25,-0.01953125,0.1484375,-1.0546875,9.3125,-2.3359375,0.09375,0.060546875,0.23046875
1112,11073995,11373995,0.780517578,-0.111816406,-0.153137207,0.59564209,-0.25,-0.01953125,0.1484375,-1.0546875,9.3125,-2.3359375,-0.005859375,0.0625,0.158203125
1113,11081503,11381503,0.780456543,-0.112243652,-0.152404785,0.59588623,-0.13671875,0.2421875,-0.140625,-1.015625,9.3203125,-2.3515625,-0.005859375,0.0625,0.158203125
1114,11094679,11394679,0.780334473,-0.112731934,-0.151611328,0.596130371,-0.13671875,0.2421875,-0.140625,-1.015625,9.3203125,-2.3515625,-0.03125,0.060546875,0.197265625
1115,11103099,11403099,0.780212402,-0.113342285,-0.150756836,0.596435547,0.0234375,-0.1015625,-0.37890625,-0.984375,9.3203125,-2.34375,-0.03125,0.060546875,0.197265625
1116,11112945,11412945,0.780090332,-0.114074707,-0.150085449,0.596618652,0.0234375,-0.1015625,-0.37890625,-0.984375,9.3203125,-2.34375,-0.005859375,0,0.19921875
1117,11120824,11420824,0.779968262,-0.114868164,-0.149597168,0.596679688,-0.359375,-0.6875,-0.109375,-0.9453125,9.328125,-2.34375,-0.005859375,0,0.19921875
1118,11134756,11434756,0.780029297,-0.115783691,-0.149230957,0.596557617,-0.359375,-0.6875,-0.109375,-0.9453125,9.328125,-2.34375,0.09375,-0.052734375,0.1796875
1119,11143102,11443102,0.780212402,-0.116699219,-0.148803711,0.596252441,-0.3125,-0.45703125,-0.0703125,-0.9140625,9.328125,-2.34375,0.09375,-0.052734375,0.1796875
1120,11157264,11457264,0.780456543,-0.117431641,-0.14831543,0.595947266,-0.3125,-0.45703125,-0.0703125,-0.9140625,9.328125,-2.34375,0.099609375,0.009765625,0.146484375
1121,11160748,11460748,0.780578613,-0.117980957,-0.147827148,0.59576416,-0.34375,-0.41796875,-0.1640625,-0.8828125,9.328125,-2.3671875,0.099609375,0.009765625,0.146484375
1122,11174829,11474829,0.780639648,-0.118469238,-0.147338867,0.595703125,-0.34375,-0.41796875,-0.1640625,-0.8828125,9.328125,-2.3671875,0.04296875,0.01171875,0.125
1123,11182433,11482433,0.780761719,-0.119018555,-0.146911621,0.59552002,-0.40625,-0.1171875,0.04296875,-0.859375,9.3359375,-2.3828125,0.04296875,0.01171875,0.125
1124,11193415,11493415,0.781066895,-0.119506836,-0.14666748,0.595092773,-0.40625,-0.1171875,0.04296875,-0.859375,9.3359375,-2.3828125,0.146484375,-0.03125,0.087890625
1125,11201308,11501308,0.781433105,-0.119995117,-0.146484375,0.594543457,-0.46875,-0.33984375,0.296875,-0.8359375,9.328125,-2.40625,0.146484375,-0.03125,0.087890625
1126,11214510,11514510,0.781799316,-0.120178223,-0.146484375,0.594055176,-0.46875,-0.33984375,0.296875,-0.8359375,9.328125,-2.40625,0.107421875,-0.009765625,-0.015625
1127,11223502,11523502,0.782043457,-0.120117188,-0.14654541,0.593688965,-0.1328125,-0.37109375,0.20703125,-0.828125,9.3203125,-2.4296875,0.107421875,-0.009765625,-0.015625
1128,11237949,11537949,0.782104492,-0.119934082,-0.14666748,0.59362793,-0.1328125,-0.37109375,0.20703125,-0.828125,9.3203125,-2.4296875,-0.021484375,-0.0078125,-0.05859375
1129,11241993,11541993,0.782043457,-0.119750977,-0.146972656,0.593688965,-0.0390625,-0.41015625,0.13671875,-0.84375,9.3203125,-2.4375,-0.021484375,-0.0078125,-0.05859375
1130,11254740,11554740,0.781921387,-0.119628906,-0.147338867,0.593811035,-0.0390625,-0.41015625,0.13671875,-0.84375,9.3203125,-2.4375,-0.03125,-0.060546875,-0.0625
1131,11263481,11563481,0.781860352,-0.119628906,-0.147827148,0.59375,-0.0703125,-0.5234375,0.015625,-0.8515625,9.3203125,-2.4296875,-0.03125,-0.060546875,-0.0625
1132,11273301,11573301,0.781799316,-0.119750977,-0.148376465,0.59362793,-0.0703125,-0.5234375,0.015625,-0.8515625,9.3203125,-2.4296875,0.021484375,-0.10546875,-0.041015625
1133,11281191,11581191,0.781860352,-0.119934082,-0.148864746,0.593444824,-0.0234375,-0.40234375,-0.0703125,-0.859375,9.3125,-2.421875,0.021484375,-0.10546875,-0.041015625
1134,11295946,11595946,0.781921387,-0.120117188,-0.149353027,0.593200684,-0.0234375,-0.40234375,-0.0703125,-0.859375,9.3125,-2.421875,0.037109375,-0.09375,-0.033203125
1135,11301650,11601650,0.781921387,-0.120239258,-0.149719238,0.593078613,0.03125,0.01953125,-0.1484375,-0.875,9.3125,-2.421875,0.037109375,-0.09375,-0.033203125
1136,11316473,11616473,0.781860352,-0.120300293,-0.15020752,0.593017578,0.03125,0.01953125,-0.1484375,-0.875,9.3125,-2.421875,-0.02734375,-0.0703125,-0.060546875
1137,11320206,11620206,0.781738281,-0.120178223,-0.150695801,0.593078613,-0.0390625,0.01953125,0.12109375,-0.8828125,9.3125,-2.421875,-0.02734375,-0.0703125,-0.060546875
1138,11336104,11636104,0.781555176,-0.119995117,-0.151245117,0.593200684,-0.0390625,0.01953125,0.12109375,-0.8828125,9.3125,-2.421875,-0.080078125,-0.060546875,-0.099609375
1139,11342702,11642702,0.78125,-0.119628906,-0.151855469,0.593505859,-0.19921875,-0.0859375,0.53515625,-0.9140625,9.3046875,-2.4140625,-0.080078125,-0.060546875,-0.099609375
1140,11356621,11656621,0.780761719,-0.11920166,-0.152587891,0.594116211,-0.19921875,-0.0859375,0.53515625,-0.9140625,9.3046875,-2.4140625,-0.208984375,-0.0546875,-0.126953125
1141,11360374,11660374,0.780090332,-0.118652344,-0.153320312,0.594909668,-0.17578125,0.05859375,0.47265625,-0.9375,9.3125,-2.390625,-0.208984375,-0.0546875,-0.126953125
1142,11374096,11674096,0.779174805,-0.118041992,-0.15423584,0.596008301,-0.17578125,0.05859375,0.47265625,-0.9375,9.3125,-2.390625,-0.333984375,-0.072265625,-0.150390625
1143,11382616,11682616,0.778076172,-0.117370605,-0.155212402,0.597229004,-0.18359375,-0.2578125,0.33984375,-0.96875,9.3203125,-2.3359375,-0.333984375,-0.072265625,-0.150390625
1144,11397145,11697145,0.776916504,-0.116638184,-0.15625,0.598693848,-0.18359375,-0.2578125,0.33984375,-0.96875,9.3203125,-2.3359375,-0.443359375,-0.0703125,-0.171875
1145,11400750,11700750,0.775695801,-0.115783691,-0.157226562,0.600158691,0.00390625,-0.3125,0.2265625,-1,9.3359375,-2.2578125,-0.443359375,-0.0703125,-0.171875
1146,11413477,11713477,0.774414062,-0.114746094,-0.158325195,0.60168457,0.00390625,-0.3125,0.2265625,-1,9.3359375,-2.2578125,-0.41796875,-0.0390625,-0.224609375
1147,11423922,11723922,0.773254395,-0.113586426,-0.159484863,0.603088379,-0.1875,-0.40234375,0.0703125,-1.0390625,9.3515625,-2.1796875,-0.41796875,-0.0390625,-0.224609375
1148,11436196,11736196,0.772216797,-0.112487793,-0.160766602,0.604309082,-0.1875,-0.40234375,0.0703125,-1.0390625,9.3515625,-2.1796875,-0.353515625,-0.068359375,-0.275390625
1149,11439941,11739941,0.77142334,-0.111328125,-0.161987305,0.605163574,-0.171875,-0.45703125,0.10546875,-1.09375,9.3671875,-2.1015625,-0.353515625,-0.068359375,-0.275390625
1150,11455836,11755836,0.770935059,-0.110046387,-0.163269043,0.605712891,-0.171875,-0.45703125,0.10546875,-1.09375,9.3671875,-2.1015625,-0.1640625,-0.037109375,-0.3359375
1151,11462598,11762598,0.770751953,-0.108703613,-0.164489746,0.605895996,-0.15625,-0.37890625,-0.25390625,-1.1484375,9.3671875,-2.046875,-0.1640625,-0.037109375,-0.3359375
1152,11477186,11777186,0.770935059,-0.107177734,-0.165710449,0.605529785,-0.15625,-0.37890625,-0.25390625,-1.1484375,9.3671875,-2.046875,0.05859375,0.009765625,-0.396484375
1153,11481520,11781520,0.771484375,-0.105651855,-0.166748047,0.604858398,-0.0859375,-0.5703125,-0.375,-1.21875,9.3671875,-2.0390625,0.05859375,0.009765625,-0.396484375
1154,11495087,11795087,0.772216797,-0.103881836,-0.167907715,0.603881836,-0.0859375,-0.5703125,-0.375,-1.21875,9.3671875,-2.0390625,0.18359375,0.05859375,-0.458984375
1155,11500212,11800212,0.773132324,-0.102050781,-0.168945312,0.602783203,0,-0.47265625,-0.390625,-1.3046875,9.34375,-2.0625,0.18359375,0.05859375,-0.458984375
1156,11516403,11816403,0.773986816,-0.100158691,-0.17010498,0.601623535,0,-0.47265625,-0.390625,-1.3046875,9.34375,-2.0625,0.1953125,0.05078125,-0.49609375
1157,11520143,11820143,0.774780273,-0.0982666016,-0.171325684,0.600524902,-0.06640625,-0.33203125,-0.19921875,-1.390625,9.3203125,-2.1015625,0.1953125,0.05078125,-0.49609375
1158,11535246,11835246,0.775512695,-0.0963745117,-0.172729492,0.59954834,-0.06640625,-0.33203125,-0.19921875,-1.390625,9.3203125,-2.1015625,0.109375,0.005859375,-0.494140625
1159,11541606,11841606,0.775939941,-0.0946044922,-0.174194336,0.598815918,-0.1328125,-0.04296875,0.16796875,-1.4765625,9.296875,-2.125,0.109375,0.005859375,-0.494140625
1160,11555498,11855498,0.776184082,-0.0928955078,-0.175720215,0.598327637,-0.1328125,-0.04296875,0.16796875,-1.4765625,9.296875,-2.125,-0.013671875,-0.046875,-0.455078125
1161,11562480,11862480,0.776245117,-0.0912475586,-0.177307129,0.598083496,-0.1171875,0.12890625,0.30078125,-1.5703125,9.28125,-2.140625,-0.013671875,-0.046875,-0.455078125
1162,11576063,11876063,0.776123047,-0.0896606445,-0.178833008,0.598022461,-0.1171875,0.12890625,0.30078125,-1.5703125,9.28125,-2.140625,-0.091796875,-0.056640625,-0.427734375
1163,11583356,11883356,0.775939941,-0.0881347656,-0.180297852,0.598022461,0.15234375,0.2578125,0.32421875,-1.6484375,9.265625,-2.125,-0.091796875,-0.056640625,-0.427734375
1164,11595426,11895426,0.775756836,-0.0864868164,-0.18182373,0.598083496,0.15234375,0.2578125,0.32421875,-1.6484375,9.265625,-2.125,-0.142578125,-0.03515625,-0.412109375
1165,11602259,11902259,0.77545166,-0.084777832,-0.183227539,0.598266602,0.19921875,0.37890625,0.4140625,-1.734375,9.2578125,-2.1015625,-0.142578125,-0.03515625,-0.412109375
1166,11615862,11915862,0.77520752,-0.0830688477,-0.184509277,0.598449707,0.19921875,0.37890625,0.4140625,-1.734375,9.2578125,-2.1015625,-0.138671875,0.013671875,-0.41796875
1167,11621696,11921696,0.774963379,-0.0813598633,-0.185668945,0.598632812,0.1640625,0.6171875,0,-1.8125,9.25,-2.0703125,-0.138671875,0.013671875,-0.41796875
1168,11636533,11936533,0.774780273,-0.0795288086,-0.187011719,0.598693848,0.1640625,0.6171875,0,-1.8125,9.25,-2.0703125,-0.087890625,0.001953125,-0.4140625
1169,11640276,11940276,0.774780273,-0.0780029297,-0.188293457,0.598449707,0.04296875,0.51171875,-0.32421875,-1.8828125,9.2421875,-2.0546875,-0.087890625,0.001953125,-0.4140625
1170,11655412,11955412,0.774963379,-0.0767211914,-0.189758301,0.597900391,0.04296875,0.51171875,-0.32421875,-1.8828125,9.2421875,-2.0546875,0.06640625,-0.10546875,-0.369140625
1171,11661221,11961221,0.775268555,-0.0758666992,-0.19128418,0.597167969,0.01171875,0.07421875,-0.484375,-1.96875,9.21875,-2.046875,0.06640625,-0.10546875,-0.369140625
1172,11676078,11976078,0.775756836,-0.075378418,-0.192749023,0.596130371,0.01171875,0.07421875,-0.484375,-1.96875,9.21875,-2.046875,0.212890625,-0.18359375,-0.27734375
1173,11679822,11979822,0.776367188,-0.0752563477,-0.194152832,0.594909668,0.45703125,-0.5234375,-0.61328125,-2.03125,9.203125,-2.0703125,0.212890625,-0.18359375,-0.27734375
1174,11695805,11995805,0.777038574,-0.0755004883,-0.195556641,0.593566895,0.45703125,-0.5234375,-0.61328125,-2.03125,9.203125,-2.0703125,0.287109375,-0.248046875,-0.15234375
1175,11701767,12001767,0.777648926,-0.0759887695,-0.196838379,0.592285156,0.58203125,-0.15625,-0.57421875,-2.078125,9.1796875,-2.109375,0.287109375,-0.248046875,-0.15234375
1176,11716171,12016171,0.778198242,-0.0765380859,-0.198059082,0.591064453,0.58203125,-0.15625,-0.57421875,-2.078125,9.1796875,-2.109375,0.21875,-0.216796875,-0.091796875
1177,11719903,12019903,0.778625488,-0.0768432617,-0.198852539,0.590209961,0.58203125,0.97265625,-0.34375,-2.1171875,9.1640625,-2.1484375,0.21875,-0.216796875,-0.091796875
1178,11734522,12034522,0.779052734,-0.0770263672,-0.199584961,0.589294434,0.58203125,0.97265625,-0.34375,-2.1171875,9.1640625,-2.1484375,0.1953125,-0.10546875,-0.091796875
1179,11744702,12044702,0.779663086,-0.0772094727,-0.200317383,0.588256836,0.26171875,1.2578125,-0.703125,-2.140625,9.1484375,-2.171875,0.1953125,-0.10546875,-0.091796875
1180,11754220,12054220,0.780456543,-0.0775756836,-0.201049805,0.586853027,0.26171875,1.2578125,-0.703125,-2.140625,9.1484375,-2.171875,0.400390625,-0.15625,-0.109375
1181,11760479,12060479,0.781616211,-0.0781860352,-0.201843262,0.584960938,-0.14453125,0.734375,-0.15234375,-2.15625,9.1328125,-2.2265625,0.400390625,-0.15625,-0.109375
1182,11776072,12076072,0.782714844,-0.0789794922,-0.202514648,0.583190918,-0.14453125,0.734375,-0.15234375,-2.15625,9.1328125,-2.2265625,0.37109375,-0.16015625,-0.005859375
1183,11782625,12082625,0.78338623,-0.0797729492,-0.202819824,0.582092285,-0.1953125,0.453125,0.6484375,-2.1796875,9.109375,-2.296875,0.37109375,-0.16015625,-0.005859375
1184,11797142,12097142,0.783630371,-0.0806274414,-0.20300293,0.581604004,-0.1953125,0.453125,0.6484375,-2.1796875,9.109375,-2.296875,0.05078125,-0.134765625,0.1171875
1185,11800747,12100747,0.783447266,-0.0815429688,-0.203125,0.581665039,-0.3203125,0.26953125,0.5625,-2.171875,9.1015625,-2.328125,0.05078125,-0.134765625,0.1171875
1186,11816111,12116111,0.78302002,-0.0827026367,-0.203186035,0.58203125,-0.3203125,0.26953125,0.5625,-2.171875,9.1015625,-2.328125,-0.078125,-0.158203125,0.201171875
1187,11821988,12121988,0.782531738,-0.0838623047,-0.20324707,0.582519531,-0.19140625,0.4140625,0.25,-2.1484375,9.109375,-2.3203125,-0.078125,-0.158203125,0.201171875
1188,11835582,12135582,0.782104492,-0.0850830078,-0.203186035,0.582946777,-0.19140625,0.4140625,0.25,-2.1484375,9.109375,-2.3203125,-0.0703125,-0.1328125,0.22265625
1189,11840487,12140487,0.781677246,-0.0863037109,-0.202941895,0.583374023,0.23046875,0.4296875,0.1875,-2.109375,9.1328125,-2.296875,-0.0703125,-0.1328125,0.22265625
1190,11854480,12154480,0.781555176,-0.0875244141,-0.202636719,0.583496094,0.23046875,0.4296875,0.1875,-2.109375,9.1328125,-2.296875,0.072265625,-0.140625,0.259765625
1191,11864695,12164695,0.781433105,-0.0892333984,-0.202636719,0.583374023,-0.4609375,0.19140625,-0.01171875,-2.0703125,9.140625,-2.2890625,0.072265625,-0.140625,0.259765625
1192,11879573,12179573,0.78125,-0.0912475586,-0.202758789,0.583251953,-0.4609375,0.19140625,-0.01171875,-2.0703125,9.140625,-2.2890625,0.07421875,-0.267578125,0.302734375
1193,11881061,12181061,0.781005859,-0.0932617188,-0.202941895,0.583190918,-0.421875,0.0703125,0.1796875,-2.03125,9.1484375,-2.2890625,0.07421875,-0.267578125,0.302734375
1194,11893717,12193717,0.780639648,-0.0952148438,-0.203125,0.583312988,-0.421875,0.0703125,0.1796875,-2.03125,9.1484375,-2.2890625,-0.01953125,-0.240234375,0.2734375
1195,11903482,12203482,0.780273438,-0.0968017578,-0.203125,0.583496094,0.11328125,0.0625,0.21875,-1.9921875,9.15625,-2.2890625,-0.01953125,-0.240234375,0.2734375
1196,11915148,12215148,0.779968262,-0.098449707,-0.20300293,0.583740234,0.11328125,0.0625,0.21875,-1.9921875,9.15625,-2.2890625,-0.009765625,-0.181640625,0.279296875
1197,11919939,12219939,0.779602051,-0.100036621,-0.20300293,0.583984375,-0.1953125,-0.19140625,0.01171875,-1.953125,9.1796875,-2.2734375,-0.009765625,-0.181640625,0.279296875
1198,11934146,12234146,0.779174805,-0.1015625,-0.20300293,0.584289551,-0.1953125,-0.19140625,0.01171875,-1.953125,9.1796875,-2.2734375,-0.041015625,-0.19921875,0.244140625
1199,11943453,12243453,0.778686523,-0.102966309,-0.203125,0.584655762,0.33984375,0.06640625,0.26953125,-1.9140625,9.1875,-2.265625,-0.041015625,-0.19921875,0.244140625
1200,11956119,12256119,0.778015137,-0.104064941,-0.203125,0.585327148,0.33984375,0.06640625,0.26953125,-1.9140625,9.1875,-2.265625,-0.169921875,-0.119140625,0.201171875
1201,11959722,12259722,0.77722168,-0.104919434,-0.203063965,0.586242676,0.578125,0.015625,0.09375,-1.8828125,9.203125,-2.2421875,-0.169921875,-0.119140625,0.201171875
1202,11976015,12276015,0.776245117,-0.10559082,-0.20300293,0.587402344,0.578125,0.015625,0.09375,-1.8828125,9.203125,-2.2421875,-0.29296875,-0.07421875,0.1640625
1203,11982479,12282479,0.77532959,-0.106079102,-0.202941895,0.588562012,0.39453125,0.11328125,-0.2578125,-1.8515625,9.21875,-2.1953125,-0.29296875,-0.07421875,0.1640625
1204,11995005,12295005,0.774536133,-0.106445312,-0.202941895,0.589538574,0.39453125,0.11328125,-0.2578125,-1.8515625,9.21875,-2.1953125,-0.16796875,-0.037109375,0.087890625
1205,12001194,12301194,0.774169922,-0.106689453,-0.202941895,0.590026855,0.21875,-0.36328125,-0.49609375,-1.828125,9.234375,-2.1484375,-0.16796875,-0.037109375,0.087890625
1206,12015880,12315880,0.774108887,-0.106933594,-0.20300293,0.58996582,0.21875,-0.36328125,-0.49609375,-1.828125,9.234375,-2.1484375,0.056640625,-0.046875,0.015625
1207,12021603,12321603,0.774291992,-0.10723877,-0.203186035,0.589660645,0.2109375,-0.484375,-0.28125,-1.8203125,9.2421875,-2.1328125,0.056640625,-0.046875,0.015625
1208,12036535,12336535,0.774475098,-0.107666016,-0.203552246,0.589233398,0.2109375,-0.484375,-0.28125,-1.8203125,9.2421875,-2.1328125,0.083984375,-0.115234375,-0.009765625
1209,12041466,12341466,0.774597168,-0.107910156,-0.203918457,0.588867188,0.29296875,-0.24609375,-0.07421875,-1.828125,9.234375,-2.1484375,0.083984375,-0.115234375,-0.009765625
1210,12057417,12357417,0.774841309,-0.107910156,-0.204345703,0.588439941,0.29296875,-0.24609375,-0.07421875,-1.828125,9.234375,-2.1484375,0.0859375,-0.037109375,-0.080078125
1211,12063500,12363500,0.775146484,-0.107727051,-0.204589844,0.58795166,0.1484375,-0.1640625,-0.10546875,-1.8359375,9.2265625,-2.15625,0.0859375,-0.037109375,-0.080078125
1212,12075454,12375454,0.775634766,-0.107543945,-0.204711914,0.587280273,0.1484375,-0.1640625,-0.10546875,-1.8359375,9.2265625,-2.15625,0.1640625,0.00390625,-0.07421875
1213,12080262,12380262,0.776184082,-0.107421875,-0.204833984,0.586547852,-0.10546875,-0.1953125,-0.19140625,-1.8515625,9.21875,-2.1875,0.1640625,0.00390625,-0.07421875
1214,12094911,12394911,0.776733398,-0.10748291,-0.20489502,0.585754395,-0.10546875,-0.1953125,-0.19140625,-1.8515625,9.21875,-2.1875,0.1953125,-0.0234375,-0.029296875
1215,12105051,12405051,0.77722168,-0.107788086,-0.20501709,0.585021973,-0.140625,-0.1171875,-0.00390625,-1.8515625,9.21875,-2.21875,0.1953125,-0.0234375,-0.029296875
1216,12117997,12417997,0.777587891,-0.108215332,-0.205322266,0.584411621,-0.140625,-0.1171875,-0.00390625,-1.8515625,9.21875,-2.21875,0.125,-0.111328125,-0.001953125
1217,12121938,12421938,0.777832031,-0.108642578,-0.205688477,0.58380127,0.01953125,0.234375,0.21875,-1.859375,9.2109375,-2.25,0.125,-0.111328125,-0.001953125
1218,12135920,12435920,0.778198242,-0.109069824,-0.206115723,0.583068848,0.01953125,0.234375,0.21875,-1.859375,9.2109375,-2.25,0.158203125,-0.111328125,-0.0390625
1219,12141494,12441494,0.778564453,-0.10925293,-0.206481934,0.582458496,-0.1640625,0.05859375,0.43359375,-1.8671875,9.1953125,-2.2734375,0.158203125,-0.111328125,-0.0390625
1220,12156201,12456201,0.778869629,-0.109191895,-0.206787109,0.581970215,-0.1640625,0.05859375,0.43359375,-1.8671875,9.1953125,-2.2734375,0.09765625,-0.001953125,-0.07421875
1221,12159841,12459841,0.77923584,-0.109008789,-0.20690918,0.581481934,-0.07421875,-0.0546875,0.02734375,-1.8828125,9.1953125,-2.2890625,0.09765625,-0.001953125,-0.07421875
1222,12174480,12474480,0.779663086,-0.108886719,-0.207092285,0.580871582,-0.07421875,-0.0546875,0.02734375,-1.8828125,9.1953125,-2.2890625,0.1484375,-0.021484375,-0.078125
1223,12184508,12484508,0.780151367,-0.108825684,-0.207336426,0.58013916,-0.1328125,-0.15625,-0.140625,-1.8984375,9.1796875,-2.3125,0.1484375,-0.021484375,-0.078125
1224,12199520,12499520,0.780639648,-0.108886719,-0.207580566,0.579345703,-0.1328125,-0.15625,-0.140625,-1.8984375,9.1796875,-2.3125,0.1796875,-0.05078125,-0.056640625
1225,12203537,12503537,0.78112793,-0.109069824,-0.207824707,0.578552246,0.02734375,-0.1484375,0.12109375,-1.90625,9.171875,-2.34375,0.1796875,-0.05078125,-0.056640625
1226,12215926,12515926,0.781555176,-0.109313965,-0.208007812,0.577880859,0.02734375,-0.1484375,0.12109375,-1.90625,9.171875,-2.34375,0.166015625,-0.056640625,-0.013671875
1227,12222506,12522506,0.781982422,-0.109558105,-0.208190918,0.577209473,-0.00390625,0.24609375,0.07421875,-1.9140625,9.1640625,-2.375,0.166015625,-0.056640625,-0.013671875
1228,12235426,12535426,0.782348633,-0.109741211,-0.208251953,0.576660156,-0.00390625,0.24609375,0.07421875,-1.9140625,9.1640625,-2.375,0.12109375,-0.0234375,-0.01953125
1229,12242453,12542453,0.782653809,-0.109863281,-0.208312988,0.576171875,-0.03515625,0.40625,0.25,-1.921875,9.15625,-2.3984375,0.12109375,-0.0234375,-0.01953125
1230,12255278,12555278,0.782897949,-0.109863281,-0.208312988,0.575866699,-0.03515625,0.40625,0.25,-1.921875,9.15625,-2.3984375,0.060546875,0.013671875,-0.009765625
1231,12264153,12564153,0.783081055,-0.109863281,-0.208190918,0.575622559,-0.02734375,0.3671875,0.3046875,-1.9296875,9.15625,-2.4140625,0.060546875,0.013671875,-0.009765625
1232,12277303,12577303,0.78326416,-0.109680176,-0.207946777,0.575500488,-0.02734375,0.3671875,0.3046875,-1.9296875,9.15625,-2.4140625,0.046875,0.078125,-0.009765625
1233,12280784,12580784,0.783447266,-0.109436035,-0.207580566,0.575439453,0.12109375,0.10546875,0.16015625,-1.921875,9.1484375,-2.421875,0.046875,0.078125,-0.009765625
1234,12295109,12595109,0.783569336,-0.108947754,-0.206970215,0.575622559,0.12109375,0.10546875,0.16015625,-1.921875,9.1484375,-2.421875,-0.05859375,0.197265625,0
1235,12301574,12601574,0.783508301,-0.108154297,-0.206176758,0.57611084,0.11328125,0.03125,0.20703125,-1.9140625,9.1484375,-2.4296875,-0.05859375,0.197265625,0
1236,12315686,12615686,0.78338623,-0.107116699,-0.20526123,0.576843262,0.11328125,0.03125,0.20703125,-1.9140625,9.1484375,-2.4296875,-0.173828125,0.2890625,-0.0390625
1237,12321687,12621687,0.783203125,-0.105957031,-0.204345703,0.577575684,0.10546875,-0.0546875,-0.078125,-1.90625,9.15625,-2.4140625,-0.173828125,0.2890625,-0.0390625
1238,12336507,12636507,0.782958984,-0.104736328,-0.203430176,0.578430176,0.10546875,-0.0546875,-0.078125,-1.90625,9.15625,-2.4140625,-0.1875,0.279296875,-0.052734375
1239,12342805,12642805,0.782714844,-0.10357666,-0.202697754,0.579284668,0.06640625,-0.0625,-0.21484375,-1.90625,9.1640625,-2.390625,-0.1875,0.279296875,-0.052734375
1240,12358321,12658321,0.782348633,-0.102294922,-0.202026367,0.58026123,0.06640625,-0.0625,-0.21484375,-1.90625,9.1640625,-2.390625,-0.236328125,0.23828125,-0.076171875
1241,12362664,12662664,0.781921387,-0.101013184,-0.201538086,0.581237793,0.296875,0.19921875,-0.1640625,-1.90625,9.171875,-2.3671875,-0.236328125,0.23828125,-0.076171875
1242,12375349,12675349,0.781433105,-0.0997924805,-0.20111084,0.58215332,0.296875,0.19921875,-0.1640625,-1.90625,9.171875,-2.3671875,-0.23828125,0.208984375,-0.109375
1243,12381820,12681820,0.781005859,-0.098449707,-0.200805664,0.583129883,0.21875,0.07421875,0.10546875,-1.90625,9.1796875,-2.328125,-0.23828125,0.208984375,-0.109375
1244,12394224,12694224,0.780578613,-0.0971069336,-0.200500488,0.58404541,0.21875,0.07421875,0.10546875,-1.90625,9.1796875,-2.328125,-0.240234375,0.216796875,-0.14453125
1245,12401186,12701186,0.780212402,-0.0956420898,-0.200134277,0.584838867,0.3125,-0.19921875,0.06640625,-1.921875,9.1875,-2.2890625,-0.240234375,0.216796875,-0.14453125
1246,12415667,12715667,0.779907227,-0.0940551758,-0.199707031,0.585632324,0.3125,-0.19921875,0.06640625,-1.921875,9.1875,-2.2890625,-0.21875,0.267578125,-0.171875
1247,12422518,12722518,0.779663086,-0.0924072266,-0.199279785,0.586425781,0.06640625,-0.31640625,-0.1875,-1.9453125,9.1875,-2.265625,-0.21875,0.267578125,-0.171875
1248,12438327,12738327,0.77935791,-0.0905761719,-0.198852539,0.587219238,0.06640625,-0.31640625,-0.1875,-1.9453125,9.1875,-2.265625,-0.197265625,0.2578125,-0.1953125
1249,12442307,12742307,0.779174805,-0.0889282227,-0.198547363,0.587890625,-0.21484375,-0.390625,-0.44921875,-1.96875,9.1875,-2.234375,-0.197265625,0.2578125,-0.1953125
1250,12456003,12756003,0.778991699,-0.0874023438,-0.198242188,0.588439941,-0.21484375,-0.390625,-0.44921875,-1.96875,9.1875,-2.234375,-0.158203125,0.23046875,-0.18359375
1251,12461512,12761512,0.778869629,-0.0858764648,-0.197937012,0.588928223,0.02734375,-0.171875,-0.2421875,-1.984375,9.1953125,-2.2109375,-0.158203125,0.23046875,-0.18359375
1252,12475624,12775624,0.778747559,-0.0844116211,-0.197509766,0.589416504,0.02734375,-0.171875,-0.2421875,-1.984375,9.1953125,-2.2109375,-0.130859375,0.236328125,-0.142578125
1253,12481984,12781984,0.778625488,-0.0831298828,-0.197021484,0.589904785,0.16015625,0.0234375,0.046875,-2,9.1953125,-2.1953125,-0.130859375,0.236328125,-0.142578125
1254,12494651,12794651,0.778442383,-0.0818481445,-0.196533203,0.590576172,0.16015625,0.0234375,0.046875,-2,9.1953125,-2.1953125,-0.201171875,0.236328125,-0.11328125
1255,12501927,12801927,0.778076172,-0.0805053711,-0.196044922,0.591308594,0.2890625,0.2890625,0.140625,-2.015625,9.1953125,-2.171875,-0.201171875,0.236328125,-0.11328125
1256,12515411,12815411,0.777893066,-0.0794677734,-0.195739746,0.59185791,0.2890625,0.2890625,0.140625,-2.015625,9.1953125,-2.171875,-0.107421875,0.134765625,-0.103515625
1257,12522567,12822567,0.777709961,-0.0786132812,-0.195617676,0.592224121,-0.19921875,0.05859375,0.15234375,-2.0234375,9.1953125,-2.1484375,-0.107421875,0.134765625,-0.103515625
1258,12534603,12834603,0.777587891,-0.0775756836,-0.195495605,0.592529297,-0.19921875,0.05859375,0.15234375,-2.0234375,9.1953125,-2.1484375,-0.08203125,0.146484375,-0.134765625
1259,12542341,12842341,0.777587891,-0.0765380859,-0.195373535,0.592773438,-0.03125,-0.0546875,-0.0546875,-2.0390625,9.1953125,-2.1328125,-0.08203125,0.146484375,-0.134765625
1260,12555643,12855643,0.777587891,-0.0754394531,-0.195129395,0.592956543,-0.03125,-0.0546875,-0.0546875,-2.0390625,9.1953125,-2.1328125,-0.09375,0.173828125,-0.123046875
1261,12561630,12861630,0.77746582,-0.0744018555,-0.194824219,0.593383789,0.0703125,-0.015625,0.0234375,-2.0625,9.1953125,-2.1328125,-0.09375,0.173828125,-0.123046875
1262,12574648,12874648,0.777282715,-0.0733642578,-0.194396973,0.59387207,0.0703125,-0.015625,0.0234375,-2.0625,9.1953125,-2.1328125,-0.130859375,0.185546875,-0.078125
1263,12580087,12880087,0.777160645,-0.0724487305,-0.193969727,0.594299316,-0.078125,0.09765625,-0.4140625,-2.0703125,9.1953125,-2.1171875,-0.130859375,0.185546875,-0.078125
1264,12594391,12894391,0.777099609,-0.0718994141,-0.193725586,0.594482422,-0.078125,0.09765625,-0.4140625,-2.0703125,9.1953125,-2.1171875,-0.03125,0.09375,-0.04296875
1265,12602674,12902674,0.777160645,-0.0715332031,-0.19354248,0.594482422,-0.296875,0.17578125,-0.3125,-2.078125,9.1953125,-2.1015625,-0.03125,0.09375,-0.04296875
1266,12615112,12915112,0.77722168,-0.0713500977,-0.19342041,0.594482422,-0.296875,0.17578125,-0.3125,-2.078125,9.1953125,-2.1015625,0.015625,0.037109375,-0.00390625
1267,12621574,12921574,0.777282715,-0.0712280273,-0.19317627,0.594482422,-0.18359375,0.21484375,0.078125,-2.078125,9.1953125,-2.109375,0.015625,0.037109375,-0.00390625
1268,12634489,12934489,0.777404785,-0.0711669922,-0.192932129,0.594421387,-0.18359375,0.21484375,0.078125,-2.078125,9.1953125,-2.109375,0.025390625,0.05859375,0.033203125
1269,12640218,12940218,0.777526855,-0.0712890625,-0.192565918,0.594360352,-0.14453125,0.3671875,0.15234375,-2.078125,9.1953125,-2.109375,0.025390625,0.05859375,0.033203125
1270,12654876,12954876,0.777709961,-0.0715332031,-0.192199707,0.594238281,-0.14453125,0.3671875,0.15234375,-2.078125,9.1953125,-2.109375,0.046875,0.044921875,0.09765625
1271,12660084,12960084,0.777770996,-0.0718383789,-0.191589355,0.594299316,-0.046875,0.7890625,0.28515625,-2.0625,9.1953125,-2.125,0.046875,0.044921875,0.09765625
1272,12675074,12975074,0.777770996,-0.0720214844,-0.190734863,0.594543457,-0.046875,0.7890625,0.28515625,-2.0625,9.1953125,-2.125,-0.05078125,0.123046875,0.150390625
1273,12680667,12980667,0.777648926,-0.0721435547,-0.189819336,0.595031738,0.15234375,0.78125,-0.0234375,-2.03125,9.203125,-2.125,-0.05078125,0.123046875,0.150390625
1274,12694641,12994641,0.777404785,-0.072265625,-0.188842773,0.59564209,0.15234375,0.78125,-0.0234375,-2.03125,9.203125,-2.125,-0.126953125,0.1328125,0.15234375
1275,12700108,13000108,0.777038574,-0.0723266602,-0.187927246,0.596313477,0.12109375,0.390625,-0.22265625,-2,9.2109375,-2.1171875,-0.126953125,0.1328125,0.15234375
1276,12713566,13013566,0.776611328,-0.0724487305,-0.187072754,0.597167969,0.12109375,0.390625,-0.22265625,-2,9.2109375,-2.1171875,-0.1796875,0.10546875,0.1640625
1277,12721956,13021956,0.776000977,-0.0726928711,-0.186279297,0.598205566,0.12890625,0.06640625,0.09765625,-1.96875,9.2265625,-2.09375,-0.1796875,0.10546875,0.1640625
1278,12734419,13034419,0.775146484,-0.073059082,-0.18560791,0.599487305,0.12890625,0.06640625,0.09765625,-1.96875,9.2265625,-2.09375,-0.3125,0.029296875,0.212890625
1279,12740111,13040111,0.774108887,-0.0736083984,-0.184997559,0.600952148,0.35546875,0.203125,0.51171875,-1.9296875,9.2421875,-2.046875,-0.3125,0.029296875,0.212890625
1280,12755450,13055450,0.773254395,-0.0741577148,-0.184326172,0.602172852,0.35546875,0.203125,0.51171875,-1.9296875,9.2421875,-2.046875,-0.2109375,0.044921875,0.220703125
1281,12761440,13061440,0.772949219,-0.0745849609,-0.183410645,0.602783203,0.38671875,0.14453125,0.3046875,-1.8828125,9.265625,-1.9921875,-0.2109375,0.044921875,0.220703125
1282,12774224,13074224,0.773254395,-0.0748291016,-0.182250977,0.602722168,0.38671875,0.14453125,0.3046875,-1.8828125,9.265625,-1.9921875,0.154296875,0.1875,0.150390625
1283,12781919,13081919,0.773864746,-0.0749511719,-0.181030273,0.602294922,-0.15625,-0.32421875,-0.53125,-1.8359375,9.2734375,-2,0.154296875,0.1875,0.150390625
1284,12792927,13092927,0.774353027,-0.0750732422,-0.179931641,0.601928711,-0.15625,-0.32421875,-0.53125,-1.8359375,9.2734375,-2,0.11328125,0.14453125,0.12109375
1285,12801911,13101911,0.774658203,-0.0752563477,-0.179199219,0.601745605,-0.2578125,-0.5234375,-0.65234375,-1.8125,9.28125,-2.03125,0.11328125,0.14453125,0.12109375
1286,12813939,13113939,0.774719238,-0.0754394531,-0.178833008,0.601745605,-0.2578125,-0.5234375,-0.65234375,-1.8125,9.28125,-2.03125,0,0.001953125,0.06640625
1287,12820096,13120096,0.774719238,-0.0758056641,-0.178710938,0.601745605,-0.08984375,-0.5625,-0.25390625,-1.7890625,9.28125,-2.046875,0,0.001953125,0.06640625
1288,12836036,13136036,0.774841309,-0.076171875,-0.178833008,0.6015625,-0.08984375,-0.5625,-0.25390625,-1.7890625,9.28125,-2.046875,0.076171875,-0.08203125,0.03125
1289,12839640,13139640,0.775024414,-0.0765991211,-0.179016113,0.601135254,-0.13671875,-0.83203125,0.12890625,-1.78125,9.28125,-2.046875,0.076171875,-0.08203125,0.03125
1290,12853700,13153700,0.775390625,-0.0768432617,-0.179199219,0.600646973,-0.13671875,-0.83203125,0.12890625,-1.78125,9.28125,-2.046875,0.1328125,-0.021484375,-0.013671875
1291,12860093,13160093,0.775817871,-0.0769042969,-0.179199219,0.600097656,0.140625,-0.37109375,0.4609375,-1.7890625,9.28125,-2.0703125,0.1328125,-0.021484375,-0.013671875
1292,12873705,13173705,0.776245117,-0.0768432617,-0.179016113,0.59954834,0.140625,-0.37109375,0.4609375,-1.7890625,9.28125,-2.0703125,0.13671875,0.0546875,-0.00390625
1293,12881720,13181720,0.776794434,-0.0768432617,-0.178710938,0.598999023,0.0234375,0.171875,0.13671875,-1.7890625,9.2734375,-2.09375,0.13671875,0.0546875,-0.00390625
1294,12893546,13193546,0.777526855,-0.0770263672,-0.178283691,0.598083496,0.0234375,0.171875,0.13671875,-1.7890625,9.2734375,-2.09375,0.244140625,0.0390625,0.033203125
1295,12901884,13201884,0.778320312,-0.0772705078,-0.178039551,0.597167969,-0.2109375,0.10546875,-0.62890625,-1.78125,9.265625,-2.1328125,0.244140625,0.0390625,0.033203125
1296,12916121,13216121,0.77911377,-0.0775146484,-0.17791748,0.596069336,-0.2109375,0.10546875,-0.62890625,-1.78125,9.265625,-2.1328125,0.271484375,-0.021484375,-0.01953125
1297,12919725,13219725,0.779724121,-0.0776977539,-0.178100586,0.595214844,-0.25,-0.26171875,-0.265625,-1.78125,9.25,-2.1875,0.271484375,-0.021484375,-0.01953125
1298,12933449,13233449,0.780029297,-0.0779418945,-0.178466797,0.594665527,-0.25,-0.26171875,-0.265625,-1.78125,9.25,-2.1875,0.04296875,-0.091796875,-0.03125
1299,12941886,13241886,0.779968262,-0.0780639648,-0.178833008,0.594665527,0.140625,0.203125,0.79296875,-1.7890625,9.2421875,-2.2109375,0.04296875,-0.091796875,-0.03125
1300,12953248,13253248,0.779663086,-0.078125,-0.179016113,0.594970703,0.140625,0.203125,0.79296875,-1.7890625,9.2421875,-2.2109375,-0.087890625,-0.03125,0.021484375
1301,12961866,13261866,0.779418945,-0.0782470703,-0.178955078,0.595275879,0.22265625,0.46484375,0.515625,-1.796875,9.25,-2.203125,-0.087890625,-0.03125,0.021484375
1302,12974553,13274553,0.77923584,-0.0784301758,-0.178710938,0.595581055,0.22265625,0.46484375,0.515625,-1.796875,9.25,-2.203125,-0.029296875,0.0390625,0.080078125
1303,12980093,13280093,0.779296875,-0.0786132812,-0.178222656,0.59564209,0.20703125,0.42578125,-0.18359375,-1.78125,9.25,-2.1953125,-0.029296875,0.0390625,0.080078125
1304,12996396,13296396,0.77947998,-0.0788574219,-0.17767334,0.59552002,0.20703125,0.42578125,-0.18359375,-1.78125,9.25,-2.1953125,0.0859375,0.056640625,0.10546875
1305,13000022,13300022,0.779724121,-0.0792236328,-0.177185059,0.595275879,-0.04296875,0.38671875,-0.40234375,-1.7578125,9.25,-2.203125,0.0859375,0.056640625,0.10546875
1306,13014463,13314463,0.779907227,-0.0796508789,-0.176757812,0.595092773,-0.04296875,0.38671875,-0.40234375,-1.7578125,9.25,-2.203125,0.0625,0.00390625,0.099609375
1307,13020087,13320087,0.780029297,-0.0801391602,-0.176513672,0.595031738,-0.13671875,0.1953125,-0.12109375,-1.7421875,9.25,-2.21875,0.0625,0.00390625,0.099609375
1308,13033792,13333792,0.779968262,-0.0806274414,-0.176269531,0.595031738,-0.13671875,0.1953125,-0.12109375,-1.7421875,9.25,-2.21875,-0.0078125,-0.03515625,0.1015625
1309,13042302,13342302,0.779846191,-0.0811157227,-0.176147461,0.595153809,-0.07421875,0.04296875,-0.00390625,-1.7265625,9.25,-2.21875,-0.0078125,-0.03515625,0.1015625
1310,13058215,13358215,0.779724121,-0.0816650391,-0.175964355,0.595275879,-0.07421875,0.04296875,-0.00390625,-1.7265625,9.25,-2.21875,-0.0078125,-0.0390625,0.103515625
1311,13062539,13362539,0.779602051,-0.0821533203,-0.175842285,0.595397949,-0.0625,-0.15625,0.33984375,-1.703125,9.2578125,-2.21875,-0.0078125,-0.0390625,0.103515625
1312,13076515,13376515,0.779541016,-0.0825195312,-0.17565918,0.59552002,-0.0625,-0.15625,0.33984375,-1.703125,9.2578125,-2.21875,-0.01953125,-0.025390625,0.0703125
1313,13080132,13380132,0.779418945,-0.082824707,-0.175598145,0.59564209,-0.0703125,-0.1640625,0.1796875,-1.6953125,9.265625,-2.2109375,-0.01953125,-0.025390625,0.0703125
1314,13093882,13393882,0.77923584,-0.0830688477,-0.17565918,0.595825195,-0.0703125,-0.1640625,0.1796875,-1.6953125,9.265625,-2.2109375,-0.03515625,-0.041015625,0.03125
1315,13101821,13401821,0.77911377,-0.0833129883,-0.17578125,0.595947266,-0.046875,-0.27734375,0.140625,-1.6796875,9.265625,-2.2109375,-0.03515625,-0.041015625,0.03125
1316,13113795,13413795,0.778869629,-0.0834960938,-0.176025391,0.596191406,-0.046875,-0.27734375,0.140625,-1.6796875,9.265625,-2.2109375,-0.064453125,-0.080078125,0.015625
1317,13120592,13420592,0.778564453,-0.0837402344,-0.176391602,0.596435547,0.03125,-0.31640625,0.125,-1.6796875,9.265625,-2.1953125,-0.064453125,-0.080078125,0.015625
1318,13134091,13434091,0.778137207,-0.083984375,-0.176757812,0.596801758,0.03125,-0.31640625,0.125,-1.6796875,9.265625,-2.1953125,-0.115234375,-0.10546875,0.00390625
1319,13140082,13440082,0.777709961,-0.0842285156,-0.177246094,0.597229004,0.0390625,-0.36328125,0.140625,-1.6875,9.2734375,-2.171875,-0.115234375,-0.10546875,0.00390625
1320,13156044,13456044,0.77722168,-0.0844116211,-0.177734375,0.59765625,0.0390625,-0.36328125,0.140625,-1.6875,9.2734375,-2.171875,-0.1171875,-0.103515625,-0.01953125
1321,13159658,13459658,0.776855469,-0.0844726562,-0.178222656,0.597961426,0.0390625,-0.41015625,0.1171875,-1.6875,9.28125,-2.1484375,-0.1171875,-0.103515625,-0.01953125
1322,13172452,13472452,0.776672363,-0.0843505859,-0.178710938,0.598083496,0.0390625,-0.41015625,0.1171875,-1.6875,9.28125,-2.1484375,-0.03125,-0.05859375,-0.078125
1323,13183462,13483462,0.776611328,-0.0841064453,-0.179199219,0.598083496,-0.0625,-0.41015625,0.0625,-1.703125,9.28125,-2.1328125,-0.03125,-0.05859375,-0.078125
1324,13195214,13495214,0.776611328,-0.0838012695,-0.1796875,0.597961426,-0.0625,-0.41015625,0.0625,-1.703125,9.28125,-2.1328125,0.021484375,-0.03515625,-0.138671875
1325,13200007,13500007,0.776794434,-0.0833129883,-0.180358887,0.597595215,-0.11328125,-0.36328125,-0.08984375,-1.7265625,9.2734375,-2.1328125,0.021484375,-0.03515625,-0.138671875
1326,13216046,13516046,0.777038574,-0.0827636719,-0.181030273,0.597106934,-0.11328125,-0.36328125,-0.08984375,-1.7265625,9.2734375,-2.1328125,0.08984375,-0.037109375,-0.212890625
1327,13222552,13522552,0.77734375,-0.0820922852,-0.181762695,0.596618652,-0.04296875,-0.546875,-0.0078125,-1.7578125,9.265625,-2.140625,0.08984375,-0.037109375,-0.212890625
1328,13235503,13535503,0.777526855,-0.0811767578,-0.182556152,0.596252441,-0.04296875,-0.546875,-0.0078125,-1.7578125,9.265625,-2.140625,0.001953125,-0.013671875,-0.255859375
1329,13241020,13541020,0.777587891,-0.0802001953,-0.183349609,0.596130371,0.15625,-0.15625,-0.15234375,-1.8046875,9.2578125,-2.1484375,0.001953125,-0.013671875,-0.255859375
1330,13258126,13558126,0.77746582,-0.0791015625,-0.184265137,0.596069336,0.15625,-0.15625,-0.15234375,-1.8046875,9.2578125,-2.1484375,-0.0703125,0.00390625,-0.2734375
1331,13262219,13562219,0.777404785,-0.0778808594,-0.185058594,0.596130371,0.125,-0.03125,-0.19921875,-1.8515625,9.25,-2.140625,-0.0703125,0.00390625,-0.2734375
1332,13275171,13575171,0.77734375,-0.0767211914,-0.185852051,0.596069336,0.125,-0.03125,-0.19921875,-1.8515625,9.25,-2.140625,-0.03515625,0.01953125,-0.30078125
1333,13279963,13579963,0.777404785,-0.0753173828,-0.186706543,0.59588623,-0.1640625,0.01171875,-0.12890625,-1.90625,9.2421875,-2.1328125,-0.03515625,0.01953125,-0.30078125
1334,13297616,13597616,0.77746582,-0.0739746094,-0.1875,0.595703125,-0.1640625,0.01171875,-0.12890625,-1.90625,9.2421875,-2.1328125,-0.0234375,0.046875,-0.330078125
1335,13301762,13601762,0.777587891,-0.0725708008,-0.188293457,0.595458984,-0.22265625,0.10546875,-0.17578125,-1.9609375,9.2265625,-2.125,-0.0234375,0.046875,-0.330078125
1336,13316519,13616519,0.777770996,-0.0709838867,-0.18927002,0.595214844,-0.22265625,0.10546875,-0.17578125,-1.9609375,9.2265625,-2.125,-0.00390625,0.044921875,-0.349609375
1337,13320559,13620559,0.777893066,-0.0695800781,-0.190063477,0.594909668,-0.125,-0.0703125,-0.0234375,-2.0234375,9.2109375,-2.125,-0.00390625,0.044921875,-0.349609375
1338,13337157,13637157,0.778137207,-0.0679931641,-0.190917969,0.594543457,-0.125,-0.0703125,-0.0234375,-2.0234375,9.2109375,-2.125,0.015625,0.056640625,-0.34375
1339,13345551,13645551,0.778320312,-0.0666503906,-0.191650391,0.594177246,0.09375,-0.1328125,0.0546875,-2.0859375,9.1953125,-2.125,0.015625,0.056640625,-0.34375
1340,13353626,13653626,0.778442383,-0.0653686523,-0.192382812,0.593933105,0.09375,-0.1328125,0.0546875,-2.0859375,9.1953125,-2.125,-0.005859375,0.021484375,-0.275390625
1341,13359593,13659593,0.778503418,-0.0642700195,-0.193115234,0.59375,0.1484375,0.19140625,0.09375,-2.140625,9.1796875,-2.125,-0.005859375,0.021484375,-0.275390625
1342,13378262,13678262,0.778381348,-0.0635375977,-0.193664551,0.59375,0.1484375,0.19140625,0.09375,-2.140625,9.1796875,-2.125,-0.0546875,-0.013671875,-0.1640625
1343,13382719,13682719,0.778259277,-0.0630493164,-0.194213867,0.593811035,0.140625,0.62109375,-0.17578125,-2.171875,9.171875,-2.125,-0.0546875,-0.013671875,-0.1640625
1344,13397490,13697490,0.778137207,-0.0628662109,-0.194824219,0.59375,0.140625,0.62109375,-0.17578125,-2.171875,9.171875,-2.125,-0.01171875,-0.095703125,-0.080078125
1345,13401506,13701506,0.778076172,-0.0629272461,-0.195373535,0.59362793,-0.06640625,1.078125,-0.0703125,-2.1953125,9.171875,-2.1171875,-0.01171875,-0.095703125,-0.080078125
1346,13415639,13715639,0.778198242,-0.0631103516,-0.195861816,0.593383789,-0.06640625,1.078125,-0.0703125,-2.1953125,9.171875,-2.1171875,0.091796875,-0.080078125,-0.029296875
1347,13423841,13723841,0.778503418,-0.0633544922,-0.196105957,0.592834473,0.1796875,1.0859375,-0.03125,-2.2109375,9.1640625,-2.1171875,0.091796875,-0.080078125,-0.029296875
1348,13435066,13735066,0.779052734,-0.0639038086,-0.196350098,0.59197998,0.1796875,1.0859375,-0.03125,-2.2109375,9.1640625,-2.1171875,0.255859375,-0.10546875,0.029296875
1349,13440123,13740123,0.779785156,-0.0648193359,-0.196594238,0.590820312,-0.08203125,0.59765625,-0.11328125,-2.21875,9.15625,-2.1484375,0.255859375,-0.10546875,0.029296875
1350,13457631,13757631,0.780456543,-0.0661010742,-0.196838379,0.58972168,-0.08203125,0.59765625,-0.11328125,-2.21875,9.15625,-2.1484375,0.298828125,-0.19921875,0.142578125
1351,13462078,13762078,0.781005859,-0.067565918,-0.197021484,0.588806152,-0.05078125,0.51953125,0.09375,-2.2109375,9.15625,-2.203125,0.298828125,-0.19921875,0.142578125
1352,13476878,13776878,0.781311035,-0.0694580078,-0.19708252,0.58807373,-0.05078125,0.51953125,0.09375,-2.2109375,9.15625,-2.203125,0.171875,-0.236328125,0.271484375
1353,13481189,13781189,0.78137207,-0.0714111328,-0.197143555,0.587768555,0.03125,0.52734375,0.01171875,-2.1796875,9.1484375,-2.234375,0.171875,-0.236328125,0.271484375
1354,13498238,13798238,0.78125,-0.0738525391,-0.197265625,0.587646484,0.03125,0.52734375,0.01171875,-2.1796875,9.1484375,-2.234375,0.083984375,-0.328125,0.37109375
1355,13502733,13802733,0.780944824,-0.0764160156,-0.19744873,0.587646484,-0.20703125,0.4375,-0.13671875,-2.1328125,9.1640625,-2.2421875,0.083984375,-0.328125,0.37109375
1356,13515774,13815774,0.780456543,-0.0791015625,-0.197631836,0.58782959,-0.20703125,0.4375,-0.13671875,-2.1328125,9.1640625,-2.2421875,-0.013671875,-0.333984375,0.419921875
1357,13519538,13819538,0.779968262,-0.0814819336,-0.197509766,0.588195801,-0.03125,0.52734375,0.23046875,-2.078125,9.1875,-2.2265625,-0.013671875,-0.333984375,0.419921875
1358,13536610,13836610,0.779541016,-0.0837402344,-0.197021484,0.588623047,-0.03125,0.52734375,0.23046875,-2.078125,9.1875,-2.2265625,-0.0078125,-0.1484375,0.42578125
1359,13541374,13841374,0.77923584,-0.0856933594,-0.196228027,0.589050293,-0.0625,0.3203125,0.1484375,-2.0078125,9.203125,-2.21875,-0.0078125,-0.1484375,0.42578125
1360,13557281,13857281,0.778991699,-0.0876464844,-0.19519043,0.589355469,-0.0625,0.3203125,0.1484375,-2.0078125,9.203125,-2.21875,0.0234375,-0.060546875,0.421875
1361,13561469,13861469,0.778869629,-0.0894165039,-0.194274902,0.589538574,-0.4375,-0.1171875,-0.16796875,-1.9375,9.21875,-2.2109375,0.0234375,-0.060546875,0.421875
1362,13577130,13877130,0.778869629,-0.0914916992,-0.193481445,0.589599609,-0.4375,-0.1171875,-0.16796875,-1.9375,9.21875,-2.2109375,0.1015625,-0.14453125,0.392578125
1363,13585161,13885161,0.778808594,-0.0935668945,-0.192993164,0.589477539,-0.546875,-0.4296875,-0.234375,-1.8671875,9.2265625,-2.21875,0.1015625,-0.14453125,0.392578125
1364,13595175,13895175,0.778747559,-0.0958251953,-0.192626953,0.589294434,-0.546875,-0.4296875,-0.234375,-1.8671875,9.2265625,-2.21875,0.107421875,-0.2421875,0.3828125
1365,13600228,13900228,0.778564453,-0.0980834961,-0.192443848,0.589172363,-0.1875,-0.63671875,-0.02734375,-1.8046875,9.2421875,-2.234375,0.107421875,-0.2421875,0.3828125
1366,13616203,13916203,0.778442383,-0.100524902,-0.192321777,0.588989258,-0.1875,-0.63671875,-0.02734375,-1.8046875,9.2421875,-2.234375,0.115234375,-0.27734375,0.375
1367,13623950,13923950,0.778259277,-0.102905273,-0.192382812,0.588806152,-0.09765625,-0.609375,0.09375,-1.7421875,9.25,-2.2421875,0.115234375,-0.27734375,0.375
1368,13637223,13937223,0.778015137,-0.105529785,-0.192504883,0.588684082,-0.09765625,-0.609375,0.09375,-1.7421875,9.25,-2.2421875,0.052734375,-0.3125,0.365234375
1369,13641533,13941533,0.777587891,-0.107666016,-0.192565918,0.588806152,0.23046875,-0.15625,0.37109375,-1.6875,9.2578125,-2.25,0.052734375,-0.3125,0.365234375
1370,13655508,13955508,0.777038574,-0.109741211,-0.192565918,0.589172363,0.23046875,-0.15625,0.37109375,-1.6875,9.2578125,-2.25,-0.052734375,-0.23046875,0.337890625
1371,13663482,13963482,0.776428223,-0.111694336,-0.192504883,0.589599609,0.06640625,0.171875,0.40234375,-1.640625,9.2734375,-2.2421875,-0.052734375,-0.23046875,0.337890625
1372,13674416,13974416,0.775634766,-0.113647461,-0.192565918,0.590270996,0.06640625,0.171875,0.40234375,-1.640625,9.2734375,-2.2421875,-0.15234375,-0.248046875,0.32421875
1373,13680266,13980266,0.774780273,-0.11541748,-0.192626953,0.591003418,0.3984375,0.04296875,-0.00390625,-1.5859375,9.2890625,-2.21875,-0.15234375,-0.248046875,0.32421875
1374,13697099,13997099,0.774047852,-0.117126465,-0.192810059,0.59161377,0.3984375,0.04296875,-0.00390625,-1.5859375,9.2890625,-2.21875,-0.076171875,-0.240234375,0.267578125
1375,13701410,14001410,0.773498535,-0.118652344,-0.192993164,0.591918945,0.2421875,-0.31640625,-0.265625,-1.546875,9.3046875,-2.1875,-0.076171875,-0.240234375,0.267578125
1376,13716090,14016090,0.773071289,-0.120178223,-0.193237305,0.592163086,0.2421875,-0.31640625,-0.265625,-1.546875,9.3046875,-2.1875,-0.017578125,-0.193359375,0.1953125
1377,13719694,14019694,0.772827148,-0.121337891,-0.193359375,0.592163086,0.546875,-0.48046875,-0.12890625,-1.5078125,9.3125,-2.171875,-0.017578125,-0.193359375,0.1953125
1378,13736126,14036126,0.772766113,-0.122436523,-0.19342041,0.59197998,0.546875,-0.48046875,-0.12890625,-1.5078125,9.3125,-2.171875,0.078125,-0.1328125,0.138671875
1379,13743110,14043110,0.772766113,-0.123352051,-0.193481445,0.59173584,0.10546875,-0.5625,-0.12890625,-1.484375,9.3203125,-2.171875,0.078125,-0.1328125,0.138671875
1380,13755101,14055101,0.772888184,-0.124328613,-0.193603516,0.591369629,0.10546875,-0.5625,-0.12890625,-1.484375,9.3203125,-2.171875,0.0859375,-0.134765625,0.09375
1381,13762496,14062496,0.772949219,-0.12512207,-0.193786621,0.591064453,0.05078125,-0.37109375,-0.16015625,-1.46875,9.3203125,-2.1796875,0.0859375,-0.134765625,0.09375
1382,13776379,14076379,0.773132324,-0.125854492,-0.193908691,0.590637207,0.05078125,-0.37109375,-0.16015625,-1.46875,9.3203125,-2.1796875,0.125,-0.1171875,0.0625
1383,13780004,14080004,0.7734375,-0.126464844,-0.194152832,0.590026855,-0.03515625,-0.32421875,-0.01953125,-1.4609375,9.3125,-2.203125,0.125,-0.1171875,0.0625
1384,13795076,14095076,0.773803711,-0.127075195,-0.194458008,0.589294434,-0.03515625,-0.32421875,-0.01953125,-1.4609375,9.3125,-2.203125,0.177734375,-0.115234375,0.0078125
1385,13802165,14102165,0.774169922,-0.127624512,-0.194885254,0.588562012,-0.2265625,-0.2109375,0.23046875,-1.4609375,9.3125,-2.2265625,0.177734375,-0.115234375,0.0078125
1386,13818080,14118080,0.774353027,-0.128051758,-0.1953125,0.58807373,-0.2265625,-0.2109375,0.23046875,-1.4609375,9.3125,-2.2265625,0.099609375,-0.111328125,-0.01953125
1387,13823059,14123059,0.774536133,-0.128234863,-0.195617676,0.587646484,-0.11328125,-0.1953125,0.32421875,-1.4609375,9.296875,-2.2421875,0.099609375,-0.111328125,-0.01953125
1388,13835053,14135053,0.774719238,-0.128295898,-0.195922852,0.587341309,-0.11328125,-0.1953125,0.32421875,-1.4609375,9.296875,-2.2421875,0.029296875,-0.046875,-0.068359375
1389,13839856,14139856,0.774841309,-0.128173828,-0.196289062,0.587097168,-0.2890625,-0.2265625,0.37890625,-1.4765625,9.2890625,-2.2578125,0.029296875,-0.046875,-0.068359375
1390,13856140,14156140,0.774902344,-0.128234863,-0.196777344,0.586853027,-0.2890625,-0.2265625,0.37890625,-1.4765625,9.2890625,-2.2578125,0.033203125,-0.1328125,-0.056640625
1391,13859764,14159764,0.774902344,-0.128540039,-0.19744873,0.586547852,-0.28125,-0.2265625,-0.12109375,-1.484375,9.2890625,-2.2578125,0.033203125,-0.1328125,-0.056640625
1392,13875289,14175289,0.774963379,-0.128967285,-0.198181152,0.58605957,-0.28125,-0.2265625,-0.12109375,-1.484375,9.2890625,-2.2578125,0.087890625,-0.1796875,-0.037109375
1393,13880090,14180090,0.775024414,-0.129394531,-0.198913574,0.585693359,-0.109375,-0.03515625,0.1171875,-1.5,9.2890625,-2.265625,0.087890625,-0.1796875,-0.037109375
1394,13897515,14197515,0.774902344,-0.129760742,-0.199707031,0.585449219,-0.109375,-0.03515625,0.1171875,-1.5,9.2890625,-2.265625,-0.0078125,-0.146484375,-0.056640625
1395,13901523,14201523,0.774780273,-0.129821777,-0.200378418,0.585388184,0.44140625,0.3203125,0.34765625,-1.515625,9.28125,-2.265625,-0.0078125,-0.146484375,-0.056640625
1396,13913415,14213415,0.774597168,-0.129577637,-0.200927734,0.585449219,0.44140625,0.3203125,0.34765625,-1.515625,9.28125,-2.265625,-0.056640625,-0.044921875,-0.09765625
1397,13920058,14220058,0.774536133,-0.129211426,-0.20135498,0.585571289,0.46484375,0.203125,0.109375,-1.5390625,9.28125,-2.2578125,-0.056640625,-0.044921875,-0.09765625
1398,13937347,14237347,0.774536133,-0.128662109,-0.201660156,0.585571289,0.46484375,0.203125,0.109375,-1.5390625,9.28125,-2.2578125,-0.021484375,0.044921875,-0.130859375
1399,13941360,14241360,0.774658203,-0.127990723,-0.201843262,0.585449219,0.2109375,-0.0625,-0.28125,-1.5546875,9.28125,-2.25,-0.021484375,0.044921875,-0.130859375
1400,13956078,14256078,0.774902344,-0.127563477,-0.202026367,0.585144043,0.2109375,-0.0625,-0.28125,-1.5546875,9.28125,-2.25,0.0859375,0.015625,-0.099609375
1401,13959694,14259694,0.77532959,-0.127319336,-0.202148438,0.584594727,-0.03125,-0.09375,-0.50390625,-1.578125,9.2734375,-2.2578125,0.0859375,0.015625,-0.099609375
1402,13977491,14277491,0.776062012,-0.127258301,-0.202270508,0.583679199,-0.03125,-0.09375,-0.50390625,-1.578125,9.2734375,-2.2578125,0.26171875,-0.009765625,-0.068359375
1403,13981487,14281487,0.776855469,-0.127319336,-0.202270508,0.582519531,-0.171875,0.06640625,-0.2421875,-1.59375,9.265625,-2.2890625,0.26171875,-0.009765625,-0.068359375
1404,13993737,14293737,0.777893066,-0.127380371,-0.202148438,0.581176758,-0.171875,0.06640625,-0.2421875,-1.59375,9.265625,-2.2890625,0.3359375,0.037109375,-0.044921875
1405,14001782,14301782,0.778930664,-0.127441406,-0.201843262,0.57989502,0.14453125,0.1953125,-0.0703125,-1.6015625,9.25,-2.34375,0.3359375,0.037109375,-0.044921875
1406,14019096,14319096,0.779907227,-0.127319336,-0.20135498,0.578796387,0.14453125,0.1953125,-0.0703125,-1.6015625,9.25,-2.34375,0.275390625,0.1171875,-0.013671875
1407,14020601,14320601,0.780761719,-0.127197266,-0.200683594,0.577941895,0.265625,0.40234375,0.18359375,-1.609375,9.234375,-2.40625,0.275390625,0.1171875,-0.013671875
1408,14037931,14337931,0.78137207,-0.126953125,-0.199829102,0.577392578,0.265625,0.40234375,0.18359375,-1.609375,9.234375,-2.40625,0.12109375,0.18359375,0.01953125
1409,14043442,14343442,0.781799316,-0.126525879,-0.199035645,0.577209473,0.14453125,0.296875,0.265625,-1.6015625,9.2265625,-2.453125,0.12109375,0.18359375,0.01953125
1410,14056970,14356970,0.781860352,-0.125976562,-0.198425293,0.577453613,0.14453125,0.296875,0.265625,-1.6015625,9.2265625,-2.453125,-0.06640625,0.142578125,-0.005859375
1411,14061096,14361096,0.781738281,-0.125549316,-0.197998047,0.577880859,-0.21484375,-0.0390625,0.50390625,-1.5859375,9.21875,-2.4609375,-0.06640625,0.142578125,-0.005859375
1412,14073636,14373636,0.781311035,-0.12512207,-0.197875977,0.578552246,-0.21484375,-0.0390625,0.50390625,-1.5859375,9.21875,-2.4609375,-0.208984375,0.05078125,-0.02734375
1413,14081721,14381721,0.780700684,-0.124572754,-0.197998047,0.579467773,-0.1796875,0.18359375,0.55859375,-1.5859375,9.2265625,-2.4375,-0.208984375,0.05078125,-0.02734375
1414,14096130,14396130,0.780029297,-0.123901367,-0.198242188,0.580444336,-0.1796875,0.18359375,0.55859375,-1.5859375,9.2265625,-2.4375,-0.267578125,0.02734375,-0.09765625
1415,14103842,14403842,0.779418945,-0.123168945,-0.198547363,0.581298828,-0.09375,-0.015625,0.359375,-1.59375,9.234375,-2.390625,-0.267578125,0.02734375,-0.09765625
1416,14119173,14419173,0.778747559,-0.122314453,-0.198913574,0.582214355,-0.09375,-0.015625,0.359375,-1.59375,9.234375,-2.390625,-0.25390625,0.046875,-0.13671875
1417,14123323,14423323,0.778137207,-0.121337891,-0.19921875,0.583129883,0.0078125,0.01171875,0.01171875,-1.6171875,9.2421875,-2.3515625,-0.25390625,0.046875,-0.13671875
1418,14137654,14437654,0.777526855,-0.120361328,-0.199462891,0.584106445,0.0078125,0.01171875,0.01171875,-1.6171875,9.2421875,-2.3515625,-0.2578125,0.083984375,-0.12109375
1419,14142715,14442715,0.776977539,-0.119384766,-0.199584961,0.585021973,-0.015625,-0.1875,-0.45703125,-1.6328125,9.25,-2.3046875,-0.2578125,0.083984375,-0.12109375
1420,14155351,14455351,0.776367188,-0.118286133,-0.199645996,0.58605957,-0.015625,-0.1875,-0.45703125,-1.6328125,9.25,-2.3046875,-0.26171875,0.140625,-0.119140625
1421,14161610,14461610,0.775817871,-0.1171875,-0.199584961,0.586914062,0.27734375,-0.203125,-0.578125,-1.65625,9.265625,-2.2578125,-0.26171875,0.140625,-0.119140625
1422,14175129,14475129,0.77532959,-0.116027832,-0.19934082,0.58795166,0.27734375,-0.203125,-0.578125,-1.65625,9.265625,-2.2578125,-0.267578125,0.1953125,-0.08984375
1423,14183148,14483148,0.774780273,-0.114868164,-0.199035645,0.589050293,0.3203125,0.14453125,-0.50390625,-1.6640625,9.265625,-2.21875,-0.267578125,0.1953125,-0.08984375
1424,14196214,14496214,0.773986816,-0.113586426,-0.198547363,0.590454102,0.3203125,0.14453125,-0.50390625,-1.6640625,9.265625,-2.21875,-0.38671875,0.244140625,-0.052734375
1425,14199973,14499973,0.773010254,-0.112304688,-0.197937012,0.592163086,0.484375,0.47265625,-0.25,-1.671875,9.28125,-2.1640625,-0.38671875,0.244140625,-0.052734375
1426,14216636,14516636,0.771789551,-0.110839844,-0.19708252,0.594299316,0.484375,0.47265625,-0.25,-1.671875,9.28125,-2.1640625,-0.53125,0.310546875,0.021484375
1427,14220935,14520935,0.770446777,-0.109558105,-0.195983887,0.596618652,0.54296875,0.71484375,-0.3671875,-1.65625,9.3046875,-2.0859375,-0.53125,0.310546875,0.021484375
1428,14237184,14537184,0.768981934,-0.108215332,-0.194396973,0.599304199,0.54296875,0.71484375,-0.3671875,-1.65625,9.3046875,-2.0859375,-0.60546875,0.423828125,0.16015625
1429,14241938,14541938,0.767578125,-0.10723877,-0.192504883,0.601867676,0.703125,0.72265625,-0.38671875,-1.625,9.3359375,-1.9921875,-0.60546875,0.423828125,0.16015625
1430,14257919,14557919,0.766296387,-0.106567383,-0.190063477,0.604431152,0.703125,0.72265625,-0.38671875,-1.625,9.3359375,-1.9921875,-0.4609375,0.451171875,0.353515625
1431,14262870,14562870,0.765197754,-0.106262207,-0.187438965,0.606689453,0.7578125,0.85546875,-0.171875,-1.5625,9.359375,-1.8984375,-0.4609375,0.451171875,0.353515625
1432,14276533,14576533,0.764343262,-0.106323242,-0.184875488,0.608520508,0.7578125,0.85546875,-0.171875,-1.5625,9.359375,-1.8984375,-0.2734375,0.369140625,0.400390625
1433,14280860,14580860,0.763916016,-0.106628418,-0.182739258,0.609680176,0.6328125,0.5234375,-0.07421875,-1.4765625,9.3828125,-1.84375,-0.2734375,0.369140625,0.400390625
1434,14297323,14597323,0.763977051,-0.107421875,-0.181091309,0.609924316,0.6328125,0.5234375,-0.07421875,-1.4765625,9.3828125,-1.84375,0.15625,0.09375,0.271484375
1435,14301452,14601452,0.764526367,-0.108276367,-0.179992676,0.609375,-0.16796875,-0.14453125,0.1484375,-1.40625,9.3984375,-1.8359375,0.15625,0.09375,0.271484375
1436,14315723,14615723,0.765197754,-0.109008789,-0.179016113,0.608703613,-0.16796875,-0.14453125,0.1484375,-1.40625,9.3984375,-1.8359375,0.169921875,0.08984375,0.171875
1437,14319473,14619473,0.76550293,-0.109313965,-0.178039551,0.608581543,-0.06640625,-0.6015625,0.69921875,-1.3515625,9.3984375,-1.890625,0.169921875,0.08984375,0.171875
1438,14336136,14636136,0.765380859,-0.10925293,-0.177062988,0.609008789,-0.06640625,-0.6015625,0.69921875,-1.3515625,9.3984375,-1.890625,-0.115234375,0.162109375,0.115234375
1439,14343831,14643831,0.765075684,-0.109130859,-0.176330566,0.609619141,0.31640625,-0.44921875,0.05078125,-1.3125,9.3984375,-1.890625,-0.115234375,0.162109375,0.115234375
1440,14358161,14658161,0.764770508,-0.109130859,-0.17578125,0.610168457,0.31640625,-0.44921875,0.05078125,-1.3125,9.3984375,-1.890625,-0.078125,0.048828125,0.0703125
1441,14362048,14662048,0.764587402,-0.109191895,-0.175476074,0.610473633,0.14453125,-0.7265625,0.30078125,-1.296875,9.40625,-1.875,-0.078125,0.048828125,0.0703125
1442,14377232,14677232,0.764404297,-0.109191895,-0.175231934,0.610717773,0.14453125,-0.7265625,0.30078125,-1.296875,9.40625,-1.875,-0.056640625,0.056640625,0.021484375
1443,14381431,14681431,0.764404297,-0.108886719,-0.174926758,0.610961914,-0.0234375,-0.6953125,0.1796875,-1.28125,9.4140625,-1.8671875,-0.056640625,0.056640625,0.021484375
1444,14395382,14695382,0.764648438,-0.108215332,-0.174499512,0.610900879,-0.0234375,-0.6953125,0.1796875,-1.28125,9.4140625,-1.8671875,0.0703125,0.181640625,-0.0859375
1445,14399111,14699111,0.765136719,-0.107421875,-0.174072266,0.610473633,-0.4453125,-0.92578125,-0.625,-1.28125,9.4140625,-1.8671875,0.0703125,0.181640625,-0.0859375
1446,14418245,14718245,0.765869141,-0.106750488,-0.173828125,0.609741211,-0.4453125,-0.92578125,-0.625,-1.28125,9.4140625,-1.8671875,0.19140625,0.078125,-0.125
1447,14422375,14722375,0.766662598,-0.106323242,-0.174072266,0.608825684,-1.30078125,-1.5234375,-0.8984375,-1.3046875,9.3984375,-1.8984375,0.19140625,0.078125,-0.125
1448,14436259,14736259,0.76751709,-0.106140137,-0.174621582,0.607543945,-1.30078125,-1.5234375,-0.8984375,-1.3046875,9.3984375,-1.8984375,0.3203125,-0.10546875,-0.18359375
1449,14441200,14741200,0.768493652,-0.106079102,-0.175537109,0.606140137,-1.1640625,-1.1328125,-0.203125,-1.328125,9.390625,-1.9453125,0.3203125,-0.10546875,-0.18359375
1450,14458214,14758214,0.76940918,-0.106140137,-0.176635742,0.604614258,-1.1640625,-1.1328125,-0.203125,-1.328125,9.390625,-1.9453125,0.310546875,-0.19921875,-0.197265625
1451,14463089,14763089,0.770202637,-0.106323242,-0.17779541,0.603210449,-0.84765625,-0.265625,0.54296875,-1.375,9.3671875,-2,0.310546875,-0.19921875,-0.197265625
1452,14474390,14774390,0.770874023,-0.106384277,-0.178894043,0.601989746,-0.84765625,-0.265625,0.54296875,-1.375,9.3671875,-2,0.2265625,-0.150390625,-0.154296875
1453,14480247,14780247,0.771484375,-0.106445312,-0.179626465,0.601013184,-0.51171875,0.59375,0.58203125,-1.40625,9.3515625,-2.0390625,0.2265625,-0.150390625,-0.154296875
1454,14496250,14796250,0.771972656,-0.106323242,-0.179992676,0.600341797,-0.51171875,0.59375,0.58203125,-1.40625,9.3515625,-2.0390625,0.13671875,-0.00390625,-0.080078125
1455,14499997,14799997,0.772399902,-0.106140137,-0.179992676,0.59979248,-0.14453125,1.22265625,0.15234375,-1.4296875,9.3359375,-2.0703125,0.13671875,-0.00390625,-0.080078125
1456,14514829,14814829,0.772766113,-0.105773926,-0.179870605,0.59942627,-0.14453125,1.22265625,0.15234375,-1.4296875,9.3359375,-2.0703125,0.0625,0.076171875,-0.056640625
1457,14521245,14821245,0.772949219,-0.10534668,-0.179748535,0.599243164,-0.3125,0.5390625,0.63671875,-1.453125,9.328125,-2.09375,0.0625,0.076171875,-0.056640625
1458,14538969,14838969,0.773010254,-0.104980469,-0.179931641,0.599243164,-0.3125,0.5390625,0.63671875,-1.453125,9.328125,-2.09375,-0.03515625,-0.009765625,-0.083984375
1459,14543111,14843111,0.772827148,-0.104675293,-0.180236816,0.59942627,-0.11328125,0.1953125,0.64453125,-1.4609375,9.328125,-2.1015625,-0.03515625,-0.009765625,-0.083984375
1460,14554727,14854727,0.772460938,-0.104309082,-0.180541992,0.599853516,-0.11328125,0.1953125,0.64453125,-1.4609375,9.328125,-2.1015625,-0.146484375,-0.005859375,-0.05078125
1461,14561560,14861560,0.772033691,-0.104064941,-0.180725098,0.600402832,0.171875,0.1171875,0.0078125,-1.4765625,9.328125,-2.078125,-0.146484375,-0.005859375,-0.05078125
1462,14577673,14877673,0.771728516,-0.103881836,-0.180664062,0.600830078,0.171875,0.1171875,0.0078125,-1.4765625,9.328125,-2.078125,-0.09375,0.03125,0.0234375
1463,14581815,14881815,0.77154541,-0.103881836,-0.180480957,0.601135254,0.171875,0.15625,-0.4375,-1.4765625,9.328125,-2.0546875,-0.09375,0.03125,0.0234375
1464,14595225,14895225,0.77154541,-0.104064941,-0.180175781,0.601135254,0.171875,0.15625,-0.4375,-1.4765625,9.328125,-2.0546875,0.05078125,0.005859375,0.060546875
1465,14598955,14898955,0.771728516,-0.104431152,-0.180053711,0.600891113,0.05078125,-0.00390625,-0.67578125,-1.46875,9.3359375,-2.046875,0.05078125,0.005859375,0.060546875
1466,14617654,14917654,0.771972656,-0.104980469,-0.180175781,0.600463867,0.05078125,-0.00390625,-0.67578125,-1.46875,9.3359375,-2.046875,0.12890625,-0.1015625,0.0390625
1467,14621774,14921774,0.772216797,-0.105529785,-0.180480957,0.599975586,0.08203125,-0.1171875,-0.1171875,-1.4609375,9.3359375,-2.0703125,0.12890625,-0.1015625,0.0390625
1468,14635165,14935165,0.772338867,-0.106079102,-0.180908203,0.59954834,0.08203125,-0.1171875,-0.1171875,-1.4609375,9.3359375,-2.0703125,0.064453125,-0.1484375,0.0078125
1469,14638899,14938899,0.772338867,-0.106567383,-0.181396484,0.599365234,0.234375,-0.109375,0.359375,-1.4609375,9.328125,-2.0859375,0.064453125,-0.1484375,0.0078125
1470,14657740,14957740,0.772094727,-0.106872559,-0.181884766,0.59942627,0.234375,-0.109375,0.359375,-1.4609375,9.328125,-2.0859375,-0.064453125,-0.091796875,-0.00390625
1471,14661859,14961859,0.771850586,-0.106994629,-0.182189941,0.59967041,0.31640625,-0.03515625,0.3515625,-1.46875,9.328125,-2.078125,-0.064453125,-0.091796875,-0.00390625
1472,14675068,14975068,0.771606445,-0.106994629,-0.182495117,0.599914551,0.31640625,-0.03515625,0.3515625,-1.46875,9.328125,-2.078125,-0.056640625,-0.044921875,-0.02734375
1473,14678794,14978794,0.77142334,-0.106994629,-0.182800293,0.600036621,0.05859375,-0.3046875,0.26171875,-1.4765625,9.328125,-2.0625,-0.056640625,-0.044921875,-0.02734375
1474,14697340,14997340,0.77130127,-0.106872559,-0.183166504,0.600097656,0.05859375,-0.3046875,0.26171875,-1.4765625,9.328125,-2.0625,-0.048828125,-0.048828125,-0.0703125
1475,14702261,15002261,0.771118164,-0.106628418,-0.183654785,0.600219727,-0.01171875,-0.34765625,0.25390625,-1.484375,9.3359375,-2.0546875,-0.048828125,-0.048828125,-0.0703125
1476,14713582,15013582,0.770874023,-0.106262207,-0.184265137,0.600402832,-0.01171875,-0.34765625,0.25390625,-1.484375,9.3359375,-2.0546875,-0.08203125,-0.056640625,-0.140625
1477,14719558,15019558,0.770690918,-0.105712891,-0.185058594,0.600524902,-0.02734375,-0.53125,0.23828125,-1.5078125,9.328125,-2.0390625,-0.08203125,-0.056640625,-0.140625
1478,14736996,15036996,0.770568848,-0.105102539,-0.185913086,0.600463867,-0.02734375,-0.53125,0.23828125,-1.5078125,9.328125,-2.0390625,-0.03125,-0.064453125,-0.21875
1479,14741883,15041883,0.770568848,-0.104370117,-0.186767578,0.600341797,0.04296875,-0.76171875,-0.0390625,-1.5390625,9.328125,-2.03125,-0.03125,-0.064453125,-0.21875
1480,14754807,15054807,0.770690918,-0.103393555,-0.187683105,0.600097656,0.04296875,-0.76171875,-0.0390625,-1.5390625,9.328125,-2.03125,0.005859375,-0.015625,-0.265625
1481,14761271,15061271,0.770874023,-0.102416992,-0.188598633,0.59979248,0.01953125,-0.5625,-0.35546875,-1.59375,9.3203125,-2.0234375,0.005859375,-0.015625,-0.265625
1482,14777669,15077669,0.771118164,-0.101501465,-0.189453125,0.599304199,0.01953125,-0.5625,-0.35546875,-1.59375,9.3203125,-2.0234375,0.05859375,-0.01953125,-0.28515625
1483,14781804,15081804,0.771484375,-0.100524902,-0.190368652,0.598754883,-0.0859375,-0.40234375,-0.421875,-1.640625,9.3125,-2.03125,0.05859375,-0.01953125,-0.28515625
1484,14795891,15095891,0.771911621,-0.0994262695,-0.191223145,0.598083496,-0.0859375,-0.40234375,-0.421875,-1.640625,9.3125,-2.03125,0.126953125,0.00390625,-0.310546875
1485,14799663,15099663,0.772521973,-0.0983886719,-0.192016602,0.597229004,-0.22265625,-0.1171875,-0.33203125,-1.6953125,9.296875,-2.046875,0.126953125,0.00390625,-0.310546875
1486,14816877,15116877,0.77331543,-0.0972900391,-0.192810059,0.596069336,-0.22265625,-0.1171875,-0.33203125,-1.6953125,9.296875,-2.046875,0.21875,0.0078125,-0.326171875
1487,14821070,15121070,0.774108887,-0.0963134766,-0.193664551,0.594970703,-0.3125,0.05078125,-0.22265625,-1.7578125,9.28125,-2.078125,0.21875,0.0078125,-0.326171875
1488,14834116,15134116,0.774963379,-0.0952148438,-0.194519043,0.593688965,-0.3125,0.05078125,-0.22265625,-1.7578125,9.28125,-2.078125,0.234375,-0.00390625,-0.310546875
1489,14840002,15140002,0.775756836,-0.0943603516,-0.1953125,0.592590332,-0.2890625,0.2734375,0.20703125,-1.8203125,9.25,-2.125,0.234375,-0.00390625,-0.310546875
1490,14857389,15157389,0.776306152,-0.0935668945,-0.196166992,0.59173584,-0.2890625,0.2734375,0.20703125,-1.8203125,9.25,-2.125,0.123046875,-0.0390625,-0.2421875
1491,14861772,15161772,0.776672363,-0.092956543,-0.196899414,0.591064453,-0.00390625,0.3671875,0.31640625,-1.875,9.234375,-2.15625,0.123046875,-0.0390625,-0.2421875
1492,14873771,15173771,0.776794434,-0.0924682617,-0.197692871,0.590759277,-0.00390625,0.3671875,0.31640625,-1.875,9.234375,-2.15625,-0.001953125,-0.060546875,-0.162109375
1493,14879505,15179505,0.776672363,-0.0920410156,-0.198364258,0.590698242,0.21875,0.45703125,0.4765625,-1.90625,9.21875,-2.1640625,-0.001953125,-0.060546875,-0.162109375
1494,14896306,15196306,0.776367188,-0.0916137695,-0.198852539,0.591003418,0.21875,0.45703125,0.4765625,-1.90625,9.21875,-2.1640625,-0.158203125,-0.0234375,-0.107421875
1495,14899934,15199934,0.775878906,-0.0910644531,-0.19921875,0.59161377,0.35546875,0.6484375,0.3828125,-1.9296875,9.21875,-2.1484375,-0.158203125,-0.0234375,-0.107421875
1496,14915076,15215076,0.775268555,-0.0903930664,-0.199462891,0.592468262,0.35546875,0.6484375,0.3828125,-1.9296875,9.21875,-2.1484375,-0.236328125,0.0546875,-0.080078125
1497,14920545,15220545,0.774658203,-0.0896606445,-0.199523926,0.593322754,0.34375,0.6015625,0.078125,-1.953125,9.2265625,-2.109375,-0.236328125,0.0546875,-0.080078125
1498,14936011,15236011,0.774108887,-0.0888061523,-0.199584961,0.594177246,0.34375,0.6015625,0.078125,-1.953125,9.2265625,-2.109375,-0.224609375,0.09765625,-0.091796875
1499,14939633,15239633,0.773620605,-0.0879516602,-0.199584961,0.594909668,0.3125,0.41015625,-0.15234375,-1.9609375,9.2265625,-2.0703125,-0.224609375,0.09765625,-0.091796875
1500,14955310,15255310,0.77331543,-0.0869750977,-0.199584961,0.595458984,0.3125,0.41015625,-0.15234375,-1.9609375,9.2265625,-2.0703125,-0.12890625,0.095703125,-0.134765625
1501,14958926,15258926,0.773132324,-0.0861206055,-0.199768066,0.59576416,-0.19921875,-0.0546875,-0.453125,-1.984375,9.234375,-2.0390625,-0.12890625,0.095703125,-0.134765625
1502,14976712,15276712,0.773071289,-0.0853271484,-0.200012207,0.59588623,-0.19921875,-0.0546875,-0.453125,-1.984375,9.234375,-2.0390625,-0.04296875,0.021484375,-0.146484375
1503,14981084,15281084,0.773071289,-0.0847167969,-0.200500488,0.595825195,-0.453125,-0.0546875,-0.66015625,-2,9.234375,-2.0234375,-0.04296875,0.021484375,-0.146484375
1504,14993560,15293560,0.773193359,-0.0843505859,-0.201171875,0.595458984,-0.453125,-0.0546875,-0.66015625,-2,9.234375,-2.0234375,0.072265625,-0.087890625,-0.15234375
1505,14999303,15299303,0.7734375,-0.0842285156,-0.202026367,0.594909668,-0.5,-0.0078125,-0.62109375,-2.03125,9.2265625,-2.0234375,0.072265625,-0.087890625,-0.15234375
1506,15014972,15314972,0.773864746,-0.0844116211,-0.202880859,0.594055176,-0.5,-0.0078125,-0.62109375,-2.03125,9.2265625,-2.0234375,0.216796875,-0.169921875,-0.109375
1507,15020463,15320463,0.774414062,-0.084777832,-0.203735352,0.592895508,-0.27734375,0.12109375,-0.40625,-2.0625,9.2109375,-2.046875,0.216796875,-0.169921875,-0.109375
1508,15034673,15334673,0.77520752,-0.0852661133,-0.204528809,0.591552734,-0.27734375,0.12109375,-0.40625,-2.0625,9.2109375,-2.046875,0.32421875,-0.154296875,-0.068359375
1509,15039455,15339455,0.776123047,-0.0858154297,-0.205078125,0.590148926,0.20703125,0.3671875,0.328125,-2.0859375,9.1953125,-2.09375,0.32421875,-0.154296875,-0.068359375
1510,15056015,15356015,0.776794434,-0.0863037109,-0.205383301,0.589050293,0.20703125,0.3671875,0.328125,-2.0859375,9.1953125,-2.09375,0.232421875,-0.072265625,0.005859375
1511,15059628,15359628,0.77722168,-0.086730957,-0.205383301,0.588378906,0.18359375,0.52734375,0.421875,-2.1015625,9.1875,-2.1484375,0.232421875,-0.072265625,0.005859375
1512,15075073,15375073,0.777404785,-0.087097168,-0.20526123,0.588195801,0.18359375,0.52734375,0.421875,-2.1015625,9.1875,-2.1484375,0.025390625,-0.01171875,0.0703125
1513,15078709,15378709,0.77734375,-0.0874633789,-0.20513916,0.588256836,0.0234375,0.4140625,0.32421875,-2.09375,9.1875,-2.1640625,0.025390625,-0.01171875,0.0703125
1514,15096254,15396254,0.777099609,-0.0879516602,-0.20501709,0.588562012,0.0234375,0.4140625,0.32421875,-2.09375,9.1875,-2.1640625,-0.05859375,-0.064453125,0.119140625
1515,15100616,15400616,0.776733398,-0.0885620117,-0.204956055,0.588928223,-0.10546875,0.22265625,0.16015625,-2.078125,9.1875,-2.15625,-0.05859375,-0.064453125,0.119140625
1516,15113295,15413295,0.776306152,-0.0892333984,-0.20489502,0.589355469,-0.10546875,0.22265625,0.16015625,-2.078125,9.1875,-2.15625,-0.078125,-0.068359375,0.134765625
1517,15119269,15419269,0.775939941,-0.08984375,-0.204772949,0.58984375,0.21484375,-0.0625,-0.0078125,-2.0546875,9.203125,-2.140625,-0.078125,-0.068359375,0.134765625
1518,15135196,15435196,0.77545166,-0.0903930664,-0.204650879,0.590393066,0.21484375,-0.0625,-0.0078125,-2.0546875,9.203125,-2.140625,-0.12890625,-0.0390625,0.134765625
1519,15138927,15438927,0.775024414,-0.0909423828,-0.204467773,0.591003418,0.2734375,-0.1875,-0.13671875,-2.0390625,9.2109375,-2.125,-0.12890625,-0.0390625,0.134765625
1520,15155062,15455062,0.774658203,-0.0914916992,-0.204223633,0.591491699,0.2734375,-0.1875,-0.13671875,-2.0390625,9.2109375,-2.125,-0.060546875,-0.033203125,0.126953125
1521,15158787,15458787,0.774536133,-0.0919189453,-0.203979492,0.59161377,0.13671875,-0.26953125,-0.46875,-2.015625,9.21875,-2.1015625,-0.060546875,-0.033203125,0.126953125
1522,15175210,15475210,0.774658203,-0.0923461914,-0.203674316,0.591491699,0.13671875,-0.26953125,-0.46875,-2.015625,9.21875,-2.1015625,0.08203125,0.0078125,0.0703125
1523,15178952,15478952,0.774963379,-0.0926513672,-0.203491211,0.591125488,0.07421875,-0.34765625,-0.390625,-1.9921875,9.21875,-2.1015625,0.08203125,0.0078125,0.0703125
1524,15193438,15493438,0.77545166,-0.0931396484,-0.203430176,0.590454102,0.07421875,-0.34765625,-0.390625,-1.9921875,9.21875,-2.1015625,0.201171875,-0.064453125,0.025390625
1525,15201562,15501562,0.776000977,-0.0936279297,-0.203552246,0.589599609,-0.125,-0.421875,-0.24609375,-1.984375,9.21875,-2.1328125,0.201171875,-0.064453125,0.025390625
1526,15215234,15515234,0.776611328,-0.0940551758,-0.203796387,0.588623047,-0.125,-0.421875,-0.24609375,-1.984375,9.21875,-2.1328125,0.2265625,-0.083984375,-0.013671875
1527,15218969,15518969,0.777099609,-0.0944824219,-0.204101562,0.58782959,-0.1171875,-0.33984375,0.1328125,-1.9921875,9.2109375,-2.1640625,0.2265625,-0.083984375,-0.013671875
1528,15234469,15534469,0.777587891,-0.0949707031,-0.204284668,0.587097168,-0.1171875,-0.33984375,0.1328125,-1.9921875,9.2109375,-2.1640625,0.1484375,-0.0625,0.017578125
1529,15239498,15539498,0.777893066,-0.0952148438,-0.204345703,0.586608887,0.19140625,-0.140625,0.0859375,-1.9921875,9.203125,-2.1953125,0.1484375,-0.0625,0.017578125
1530,15255266,15555266,0.778137207,-0.0953369141,-0.204223633,0.586303711,0.19140625,-0.140625,0.0859375,-1.9921875,9.203125,-2.1953125,0.083984375,0.02734375,0.0234375
1531,15260376,15560376,0.778381348,-0.0955810547,-0.204040527,0.5859375,-0.15625,0.09765625,-0.16015625,-1.9921875,9.1953125,-2.21875,0.083984375,0.02734375,0.0234375
1532,15273820,15573820,0.778686523,-0.0960083008,-0.203979492,0.585510254,-0.15625,0.09765625,-0.16015625,-1.9921875,9.1953125,-2.21875,0.123046875,-0.037109375,0.0625
1533,15280186,15580186,0.778991699,-0.096496582,-0.203857422,0.585083008,0.02734375,0.17578125,0.203125,-1.984375,9.1953125,-2.234375,0.123046875,-0.037109375,0.0625
1534,15295228,15595228,0.77923584,-0.0970458984,-0.203918457,0.584655762,0.02734375,0.17578125,0.203125,-1.984375,9.1953125,-2.234375,0.099609375,-0.080078125,0.05078125
1535,15298969,15598969,0.779418945,-0.0974731445,-0.203979492,0.584289551,0.09765625,0.22265625,0.45703125,-1.9765625,9.1875,-2.2578125,0.099609375,-0.080078125,0.05078125
1536,15314451,15614451,0.779602051,-0.0979614258,-0.204101562,0.58392334,0.09765625,0.22265625,0.45703125,-1.9765625,9.1875,-2.2578125,0.11328125,-0.095703125,0.04296875
1537,15319484,15619484,0.779724121,-0.0985107422,-0.204345703,0.583618164,-0.33203125,-0.046875,0.43359375,-1.96875,9.1875,-2.2734375,0.11328125,-0.095703125,0.04296875
1538,15334543,15634543,0.779602051,-0.0989379883,-0.204528809,0.583618164,-0.33203125,-0.046875,0.43359375,-1.96875,9.1875,-2.2734375,-0.041015625,-0.06640625,0.041015625
1539,15339586,15639586,0.77935791,-0.0992431641,-0.204650879,0.58380127,0.203125,0.18359375,0.0859375,-1.96875,9.1875,-2.2734375,-0.041015625,-0.06640625,0.041015625
1540,15354490,15654490,0.77911377,-0.0995483398,-0.204772949,0.584106445,0.203125,0.18359375,0.0859375,-1.96875,9.1875,-2.2734375,-0.056640625,-0.076171875,0.07421875
1541,15359528,15659528,0.778808594,-0.100097656,-0.204956055,0.584350586,0.04296875,0.05859375,-0.04296875,-1.9609375,9.1953125,-2.2578125,-0.056640625,-0.076171875,0.07421875
1542,15374880,15674880,0.778503418,-0.100646973,-0.205200195,0.584533691,0.04296875,0.05859375,-0.04296875,-1.9609375,9.1953125,-2.2578125,-0.029296875,-0.134765625,0.0703125
1543,15378607,15678607,0.778259277,-0.101318359,-0.205566406,0.584594727,0.15234375,0.17578125,0.140625,-1.953125,9.1953125,-2.25,-0.029296875,-0.134765625,0.0703125
1544,15394424,15694424,0.778015137,-0.101928711,-0.206054688,0.584655762,0.15234375,0.17578125,0.140625,-1.953125,9.1953125,-2.25,-0.0234375,-0.150390625,0.044921875
1545,15399466,15699466,0.777770996,-0.102539062,-0.206542969,0.584777832,0.06640625,0.08984375,0.24609375,-1.9453125,9.203125,-2.2421875,-0.0234375,-0.150390625,0.044921875
1546,15414836,15714836,0.77746582,-0.103027344,-0.206970215,0.584838867,0.06640625,0.08984375,0.24609375,-1.9453125,9.203125,-2.2421875,-0.044921875,-0.13671875,0.02734375
1547,15418566,15718566,0.777282715,-0.10345459,-0.207397461,0.584838867,-0.09375,-0.0703125,-0.03515625,-1.9375,9.2109375,-2.2265625,-0.044921875,-0.13671875,0.02734375
1548,15435069,15735069,0.777282715,-0.103942871,-0.207824707,0.584716797,-0.09375,-0.0703125,-0.03515625,-1.9375,9.2109375,-2.2265625,0.041015625,-0.125,0.029296875
1549,15438796,15738796,0.77722168,-0.104492188,-0.208190918,0.584533691,-0.125,-0.1484375,-0.07421875,-1.9453125,9.2109375,-2.2265625,0.041015625,-0.125,0.029296875
1550,15454374,15754374,0.777282715,-0.105102539,-0.208618164,0.584228516,-0.125,-0.1484375,-0.07421875,-1.9453125,9.2109375,-2.2265625,0.087890625,-0.140625,0.02734375
1551,15459421,15759421,0.77746582,-0.105773926,-0.209106445,0.583679199,-0.046875,-0.109375,-0.3046875,-1.9453125,9.2109375,-2.2265625,0.087890625,-0.140625,0.02734375
1552,15473420,15773420,0.777832031,-0.106384277,-0.209655762,0.582885742,-0.046875,-0.109375,-0.3046875,-1.9453125,9.2109375,-2.2265625,0.193359375,-0.15625,-0.009765625
1553,15481903,15781903,0.778259277,-0.106994629,-0.210083008,0.58203125,0.296875,-0.0234375,0.02734375,-1.9453125,9.203125,-2.25,0.193359375,-0.15625,-0.009765625
1554,15495363,15795363,0.778625488,-0.10748291,-0.210449219,0.581298828,0.296875,-0.0234375,0.02734375,-1.9453125,9.203125,-2.25,0.14453125,-0.1015625,0.01171875
1555,15499104,15799104,0.778869629,-0.107971191,-0.210693359,0.580810547,-0.1171875,-0.015625,0.1328125,-1.953125,9.1953125,-2.28125,0.14453125,-0.1015625,0.01171875
1556,15512960,15812960,0.779052734,-0.108459473,-0.210876465,0.580383301,-0.1171875,-0.015625,0.1328125,-1.953125,9.1953125,-2.28125,0.080078125,-0.087890625,0.03125
1557,15519867,15819867,0.779174805,-0.108947754,-0.211120605,0.58001709,-0.078125,0.22265625,0.07421875,-1.953125,9.1875,-2.296875,0.080078125,-0.087890625,0.03125
1558,15533903,15833903,0.77935791,-0.109619141,-0.211364746,0.579589844,-0.078125,0.22265625,0.07421875,-1.953125,9.1875,-2.296875,0.103515625,-0.138671875,0.056640625
1559,15538946,15838946,0.77947998,-0.110351562,-0.211669922,0.579223633,-0.1953125,-0.046875,0.1171875,-1.953125,9.1875,-2.3046875,0.103515625,-0.138671875,0.056640625
1560,15553813,15853813,0.779602051,-0.111022949,-0.211914062,0.578796387,-0.1953125,-0.046875,0.1171875,-1.953125,9.1875,-2.3046875,0.095703125,-0.099609375,0.056640625
1561,15561856,15861856,0.779724121,-0.111572266,-0.212036133,0.578491211,-0.01171875,-0.0390625,0.09765625,-1.9453125,9.1796875,-2.3203125,0.095703125,-0.099609375,0.056640625
1562,15573802,15873802,0.779846191,-0.111999512,-0.212158203,0.578125,-0.01171875,-0.0390625,0.09765625,-1.9453125,9.1796875,-2.3203125,0.083984375,-0.064453125,0.033203125
1563,15578836,15878836,0.780029297,-0.112365723,-0.212219238,0.577819824,-0.125,0,-0.1171875,-1.9453125,9.1796875,-2.3359375,0.083984375,-0.064453125,0.033203125
1564,15595342,15895342,0.780212402,-0.112670898,-0.212341309,0.577453613,-0.125,0,-0.1171875,-1.9453125,9.1796875,-2.3359375,0.072265625,-0.05859375,0.013671875
1565,15599080,15899080,0.780334473,-0.112976074,-0.212524414,0.577209473,-0.09375,-0.078125,-0.0703125,-1.9375,9.1796875,-2.34375,0.072265625,-0.05859375,0.013671875
1566,15613824,15913824,0.780517578,-0.113220215,-0.21282959,0.576843262,-0.09375,-0.078125,-0.0703125,-1.9375,9.1796875,-2.34375,0.095703125,-0.0703125,-0.017578125
1567,15618861,15918861,0.780761719,-0.113464355,-0.21307373,0.576293945,-0.0859375,-0.18359375,-0.0546875,-1.9453125,9.171875,-2.359375,0.095703125,-0.0703125,-0.017578125
1568,15633793,15933793,0.781066895,-0.113769531,-0.213378906,0.575744629,-0.0859375,-0.18359375,-0.0546875,-1.9453125,9.171875,-2.359375,0.125,-0.0625,-0.025390625
1569,15641763,15941763,0.781311035,-0.113891602,-0.213562012,0.575317383,0.15234375,-0.1484375,0.2265625,-1.953125,9.171875,-2.375,0.125,-0.0625,-0.025390625
1570,15654500,15954500,0.781494141,-0.113891602,-0.213684082,0.575073242,0.15234375,-0.1484375,0.2265625,-1.953125,9.171875,-2.375,0.037109375,-0.0078125,-0.02734375
1571,15660188,15960188,0.781555176,-0.113830566,-0.213684082,0.574890137,0.16015625,0.0546875,0.05078125,-1.9609375,9.1640625,-2.390625,0.037109375,-0.0078125,-0.02734375
1572,15675055,15975055,0.781799316,-0.113586426,-0.213623047,0.574707031,0.16015625,0.0546875,0.05078125,-1.9609375,9.1640625,-2.390625,0.052734375,0.056640625,-0.048828125
1573,15678796,15978796,0.782043457,-0.113220215,-0.213500977,0.574462891,0.12109375,0.015625,-0.09375,-1.9609375,9.1640625,-2.3984375,0.052734375,0.056640625,-0.048828125
1574,15694200,15994200,0.782470703,-0.112731934,-0.213378906,0.574035645,0.12109375,0.015625,-0.09375,-1.9609375,9.1640625,-2.3984375,0.107421875,0.083984375,-0.095703125
1575,15699263,15999263,0.782958984,-0.112243652,-0.213256836,0.573486328,0.12890625,-0.0859375,0.03515625,-1.96875,9.1484375,-2.4140625,0.107421875,0.083984375,-0.095703125
1576,15715486,16015486,0.783447266,-0.111633301,-0.21307373,0.572998047,0.12890625,-0.0859375,0.03515625,-1.96875,9.1484375,-2.4140625,0.123046875,0.109375,-0.111328125
1577,15719235,16019235,0.783935547,-0.111022949,-0.212890625,0.572509766,0.06640625,-0.046875,0.22265625,-1.984375,9.1484375,-2.4453125,0.123046875,0.109375,-0.111328125
1578,15734205,16034205,0.784301758,-0.110412598,-0.21270752,0.57220459,0.06640625,-0.046875,0.22265625,-1.984375,9.1484375,-2.4453125,0.0390625,0.109375,-0.08984375
1579,15739259,16039259,0.784423828,-0.109741211,-0.212524414,0.57220459,0.0078125,0.0078125,0.2734375,-2,9.1328125,-2.4609375,0.0390625,0.109375,-0.08984375
1580,15753098,16053098,0.784301758,-0.109069824,-0.212341309,0.572631836,0.0078125,0.0078125,0.2734375,-2,9.1328125,-2.4609375,-0.14453125,0.10546875,-0.060546875
1581,15761426,16061426,0.783935547,-0.108398438,-0.212219238,0.573303223,0.0234375,0.19140625,0.34375,-2.015625,9.140625,-2.453125,-0.14453125,0.10546875,-0.060546875
1582,15774882,16074882,0.783325195,-0.107543945,-0.212036133,0.574279785,0.0234375,0.19140625,0.34375,-2.015625,9.140625,-2.453125,-0.2734375,0.119140625,-0.0546875
1583,15778616,16078616,0.782714844,-0.106689453,-0.211914062,0.575439453,0.09765625,0.34375,0.3046875,-2.015625,9.140625,-2.4140625,-0.2734375,0.119140625,-0.0546875
1584,15795919,16095919,0.781982422,-0.105529785,-0.211730957,0.576660156,0.09765625,0.34375,0.3046875,-2.015625,9.140625,-2.4140625,-0.32421875,0.15625,-0.1015625
1585,15800641,16100641,0.78125,-0.104309082,-0.211608887,0.577880859,-0.0078125,0.17578125,0.2578125,-2.0234375,9.15625,-2.3671875,-0.32421875,0.15625,-0.1015625
1586,15814204,16114204,0.780517578,-0.102966309,-0.211608887,0.579101562,-0.0078125,0.17578125,0.2578125,-2.0234375,9.15625,-2.3671875,-0.326171875,0.140625,-0.146484375
1587,15819246,16119246,0.779785156,-0.101623535,-0.211730957,0.580322266,-0.109375,-0.1015625,-0.1796875,-2.0390625,9.1640625,-2.3125,-0.326171875,0.140625,-0.146484375
1588,15833097,16133097,0.77911377,-0.100341797,-0.211975098,0.581420898,-0.109375,-0.1015625,-0.1796875,-2.0390625,9.1640625,-2.3125,-0.30859375,0.103515625,-0.177734375
1589,15841198,16141198,0.778320312,-0.0989379883,-0.212280273,0.582519531,0,-0.1171875,-0.1953125,-2.0703125,9.1796875,-2.2578125,-0.30859375,0.103515625,-0.177734375
1590,15853283,16153283,0.777648926,-0.09765625,-0.212524414,0.583618164,0,-0.1171875,-0.1953125,-2.0703125,9.1796875,-2.2578125,-0.31640625,0.103515625,-0.177734375
1591,15861473,16161473,0.776916504,-0.0963745117,-0.21282959,0.584655762,0.0234375,-0.1171875,-0.05859375,-2.09375,9.1796875,-2.203125,-0.31640625,0.103515625,-0.177734375
1592,15875851,16175851,0.776184082,-0.0951538086,-0.21307373,0.585754395,0.0234375,-0.1171875,-0.05859375,-2.09375,9.1796875,-2.203125,-0.3203125,0.091796875,-0.16015625
1593,15880324,16180324,0.77545166,-0.0939331055,-0.213256836,0.586853027,0.046875,-0.046875,-0.0390625,-2.1171875,9.1875,-2.1484375,-0.3203125,0.091796875,-0.16015625
1594,15894548,16194548,0.774780273,-0.0927124023,-0.213378906,0.587890625,0.046875,-0.046875,-0.0390625,-2.1171875,9.1875,-2.1484375,-0.265625,0.11328125,-0.12890625
1595,15901310,16201310,0.774230957,-0.0916748047,-0.213500977,0.588745117,0.03125,0.05859375,-0.12109375,-2.140625,9.1953125,-2.1015625,-0.265625,0.11328125,-0.12890625
1596,15913212,16213212,0.773681641,-0.0905151367,-0.213562012,0.589538574,0.03125,0.05859375,-0.12109375,-2.140625,9.1953125,-2.1015625,-0.21484375,0.130859375,-0.150390625
1597,15921627,16221627,0.773376465,-0.0892944336,-0.213562012,0.590148926,0.28515625,0.08984375,-0.125,-2.1640625,9.203125,-2.0625,-0.21484375,0.130859375,-0.150390625
1598,15934541,16234541,0.773193359,-0.0880737305,-0.213500977,0.590576172,0.28515625,0.08984375,-0.125,-2.1640625,9.203125,-2.0625,-0.134765625,0.146484375,-0.16796875
1599,15940911,16240911,0.773010254,-0.0868530273,-0.213439941,0.591125488,0.1171875,0.0234375,-0.26171875,-2.1875,9.1953125,-2.0390625,-0.134765625,0.146484375,-0.16796875
1600,15956828,16256828,0.772583008,-0.0855102539,-0.213195801,0.59185791,0.1171875,0.0234375,-0.26171875,-2.1875,9.1953125,-2.0390625,-0.23046875,0.1953125,-0.130859375
1601,15960839,16260839,0.772155762,-0.0842285156,-0.212890625,0.592773438,0.01953125,0.16796875,-0.171875,-2.203125,9.203125,-2.015625,-0.23046875,0.1953125,-0.130859375
1602,15974851,16274851,0.77166748,-0.0829467773,-0.212524414,0.593688965,0.01953125,0.16796875,-0.171875,-2.203125,9.203125,-2.015625,-0.244140625,0.185546875,-0.083984375
1603,15978580,16278580,0.771179199,-0.0819091797,-0.212097168,0.594604492,-0.00390625,0.12890625,-0.28515625,-2.21875,9.203125,-1.9765625,-0.244140625,0.185546875,-0.083984375
1604,15996871,16296871,0.770751953,-0.080871582,-0.211547852,0.59552002,-0.00390625,0.12890625,-0.28515625,-2.21875,9.203125,-1.9765625,-0.203125,0.203125,-0.037109375
1605,16000871,16300871,0.770385742,-0.0800170898,-0.21105957,0.596252441,-0.00390625,0.08203125,-0.32421875,-2.21875,9.2109375,-1.9375,-0.203125,0.203125,-0.037109375
1606,16014546,16314546,0.770141602,-0.079284668,-0.210571289,0.596862793,-0.00390625,0.08203125,-0.32421875,-2.21875,9.2109375,-1.9375,-0.119140625,0.134765625,-0.029296875
1607,16021291,16321291,0.770019531,-0.0787353516,-0.210266113,0.597229004,0.00390625,0.19921875,-0.109375,-2.2265625,9.2109375,-1.921875,-0.119140625,0.134765625,-0.029296875
1608,16034961,16334961,0.769897461,-0.0781860352,-0.209899902,0.597595215,0.00390625,0.19921875,-0.109375,-2.2265625,9.2109375,-1.921875,-0.08984375,0.1328125,-0.015625
1609,16038703,16338703,0.769714355,-0.0775756836,-0.209289551,0.598083496,0.0703125,0.609375,0.10546875,-2.21875,9.21875,-1.90625,-0.08984375,0.1328125,-0.015625
1610,16055588,16355588,0.769470215,-0.0768432617,-0.208374023,0.598815918,0.0703125,0.609375,0.10546875,-2.21875,9.21875,-1.90625,-0.177734375,0.265625,0.05078125
1611,16059337,16359337,0.769287109,-0.0759887695,-0.207092285,0.59967041,0.0625,0.52734375,-0.1796875,-2.2109375,9.2265625,-1.890625,-0.177734375,0.265625,0.05078125
1612,16074654,16374654,0.769226074,-0.0751342773,-0.205566406,0.600341797,0.0625,0.52734375,-0.1796875,-2.2109375,9.2265625,-1.890625,-0.080078125,0.353515625,0.0859375
1613,16078382,16378382,0.76940918,-0.0745239258,-0.204101562,0.600646973,0.23046875,0.17578125,-0.578125,-2.1875,9.234375,-1.875,-0.080078125,0.353515625,0.0859375
1614,16092537,16392537,0.769897461,-0.0742797852,-0.202819824,0.600463867,0.23046875,0.17578125,-0.578125,-2.1875,9.234375,-1.875,0.14453125,0.189453125,0.115234375
1615,16100990,16400990,0.770507812,-0.0744628906,-0.201721191,0.600036621,0.0078125,0.01953125,-0.05859375,-2.15625,9.234375,-1.8984375,0.14453125,0.189453125,0.115234375
1616,16113058,16413058,0.771118164,-0.0748291016,-0.200805664,0.599609375,0.0078125,0.01953125,-0.05859375,-2.15625,9.234375,-1.8984375,0.1640625,0.12109375,0.16796875
1617,16121215,16421215,0.771606445,-0.0753173828,-0.199584961,0.599304199,-0.17578125,0.2109375,0.47265625,-2.125,9.234375,-1.9296875,0.1640625,0.12109375,0.16796875
1618,16132532,16432532,0.771911621,-0.0757446289,-0.198303223,0.599243164,-0.17578125,0.2109375,0.47265625,-2.125,9.234375,-1.9296875,0.0703125,0.19140625,0.232421875
1619,16140957,16440957,0.772094727,-0.076171875,-0.196777344,0.59942627,-0.0234375,0.43359375,0.04296875,-2.0859375,9.2421875,-1.9609375,0.0703125,0.19140625,0.232421875
1620,16156438,16456438,0.772094727,-0.0765991211,-0.195129395,0.599975586,-0.0234375,0.43359375,0.04296875,-2.0859375,9.2421875,-1.9609375,-0.087890625,0.203125,0.29296875
1621,16160423,16460423,0.771728516,-0.0770263672,-0.193603516,0.600830078,0.10546875,0.54296875,-0.140625,-2.0234375,9.25,-1.96875,-0.087890625,0.203125,0.29296875
1622,16173532,16473532,0.771179199,-0.0774536133,-0.191894531,0.602050781,0.10546875,0.54296875,-0.140625,-2.0234375,9.25,-1.96875,-0.23828125,0.197265625,0.314453125
1623,16179516,16479516,0.770629883,-0.0778198242,-0.190368652,0.603149414,0.38671875,0.296875,-0.0859375,-1.9609375,9.265625,-1.9453125,-0.23828125,0.197265625,0.314453125
1624,16196487,16496487,0.770507812,-0.0783691406,-0.189147949,0.603637695,0.38671875,0.296875,-0.0859375,-1.9609375,9.265625,-1.9453125,0.052734375,0.08984375,0.21484375
1625,16200504,16500504,0.770874023,-0.0789794922,-0.188415527,0.60333252,0.10546875,-0.6171875,0.39453125,-1.90625,9.296875,-1.9296875,0.052734375,0.08984375,0.21484375
1626,16213846,16513846,0.771484375,-0.0795288086,-0.187927246,0.602600098,0.10546875,-0.6171875,0.39453125,-1.90625,9.296875,-1.9296875,0.23046875,0.013671875,0.068359375
1627,16219841,16519841,0.772155762,-0.0798339844,-0.187561035,0.601806641,-0.234375,-0.80859375,0.9609375,-1.875,9.296875,-1.9609375,0.23046875,0.013671875,0.068359375
1628,16233689,16533689,0.772827148,-0.0798339844,-0.187011719,0.601135254,-0.234375,-0.80859375,0.9609375,-1.875,9.296875,-1.9609375,0.16796875,0.134765625,0.021484375
1629,16240350,16540350,0.7734375,-0.0795898438,-0.186218262,0.600646973,-0.203125,0.15625,0.00390625,-1.8671875,9.2890625,-2,0.16796875,0.134765625,0.021484375
1630,16253525,16553525,0.773864746,-0.0794067383,-0.185180664,0.600402832,-0.203125,0.15625,0.00390625,-1.8671875,9.2890625,-2,0.08203125,0.197265625,0.103515625
1631,16260982,16560982,0.774291992,-0.0795288086,-0.184143066,0.600219727,-0.33203125,0.12890625,-0.99609375,-1.8515625,9.28125,-2.03125,0.08203125,0.197265625,0.103515625
1632,16274213,16574213,0.774719238,-0.0800170898,-0.183410645,0.59979248,-0.33203125,0.12890625,-0.99609375,-1.8515625,9.28125,-2.03125,0.17578125,0.005859375,0.1484375
1633,16280718,16580718,0.775146484,-0.080871582,-0.183105469,0.599243164,-0.48046875,-0.8671875,-0.4375,-1.8203125,9.28125,-2.0546875,0.17578125,0.005859375,0.1484375
1634,16294400,16594400,0.77557373,-0.0817871094,-0.183227539,0.598571777,-0.48046875,-0.8671875,-0.4375,-1.8203125,9.28125,-2.0546875,0.189453125,-0.162109375,0.076171875
1635,16301115,16601115,0.775878906,-0.0825805664,-0.18359375,0.597900391,-0.42578125,-0.79296875,0.40625,-1.796875,9.28125,-2.09375,0.189453125,-0.162109375,0.076171875
1636,16313341,16613341,0.776123047,-0.0832519531,-0.184143066,0.597351074,-0.42578125,-0.79296875,0.40625,-1.796875,9.28125,-2.09375,0.08984375,-0.1328125,-0.001953125
1637,16319340,16619340,0.776184082,-0.0836181641,-0.184509277,0.597045898,-0.2734375,-0.32421875,0.84375,-1.796875,9.2734375,-2.109375,0.08984375,-0.1328125,-0.001953125
1638,16333836,16633836,0.776184082,-0.0837402344,-0.184692383,0.597045898,-0.2734375,-0.32421875,0.84375,-1.796875,9.2734375,-2.109375,-0.017578125,-0.009765625,0.005859375
1639,16340342,16640342,0.776062012,-0.0837402344,-0.184570312,0.597167969,-0.15234375,0.13671875,0.23828125,-1.8046875,9.2734375,-2.1171875,-0.017578125,-0.009765625,0.005859375
1640,16354186,16654186,0.775939941,-0.0836791992,-0.184326172,0.597412109,-0.15234375,0.13671875,0.23828125,-1.8046875,9.2734375,-2.1171875,-0.03515625,0.05078125,0.05078125
1641,16360036,16660036,0.775878906,-0.0838012695,-0.183959961,0.597595215,-0.12109375,0.59375,-0.19140625,-1.796875,9.2734375,-2.109375,-0.03515625,0.05078125,0.05078125
1642,16373902,16673902,0.775878906,-0.0839233398,-0.183776855,0.597595215,-0.12109375,0.59375,-0.19140625,-1.796875,9.2734375,-2.109375,0.025390625,-0.001953125,0.0390625
1643,16380467,16680467,0.776062012,-0.0841064453,-0.18371582,0.597412109,-0.203125,0.28125,-0.15234375,-1.7890625,9.28125,-2.109375,0.025390625,-0.001953125,0.0390625
1644,16392721,16692721,0.776306152,-0.0841674805,-0.183776855,0.597045898,-0.203125,0.28125,-0.15234375,-1.7890625,9.28125,-2.109375,0.10546875,-0.021484375,-0.03125
1645,16399879,16699879,0.776550293,-0.0841064453,-0.183959961,0.596740723,-0.16796875,-0.4765625,0.27734375,-1.7890625,9.2734375,-2.1171875,0.10546875,-0.021484375,-0.03125
1646,16413628,16713628,0.776611328,-0.0837402344,-0.184143066,0.596557617,-0.16796875,-0.4765625,0.27734375,-1.7890625,9.2734375,-2.1171875,-0.01953125,0.021484375,-0.095703125
1647,16420222,16720222,0.776550293,-0.0833129883,-0.184387207,0.596679688,0.03125,-0.515625,0.0234375,-1.796875,9.2734375,-2.1328125,-0.01953125,0.021484375,-0.095703125
1648,16436434,16736434,0.776428223,-0.0828857422,-0.184692383,0.596862793,0.03125,-0.515625,0.0234375,-1.796875,9.2734375,-2.1328125,-0.068359375,-0.005859375,-0.0859375
1649,16440981,16740981,0.776306152,-0.0825805664,-0.184936523,0.596923828,0.125,-0.40234375,-0.25390625,-1.8125,9.2734375,-2.125,-0.068359375,-0.005859375,-0.0859375
1650,16453534,16753534,0.776245117,-0.0825195312,-0.185302734,0.596923828,0.125,-0.40234375,-0.25390625,-1.8125,9.2734375,-2.125,0.005859375,-0.046875,-0.0390625
1651,16459527,16759527,0.776306152,-0.0825805664,-0.185546875,0.596740723,0.21875,-0.0859375,-0.22265625,-1.828125,9.265625,-2.1171875,0.005859375,-0.046875,-0.0390625
1652,16473707,16773707,0.776550293,-0.0826416016,-0.185852051,0.596374512,0.21875,-0.0859375,-0.22265625,-1.828125,9.265625,-2.1171875,0.12109375,-0.060546875,-0.048828125
1653,16479556,16779556,0.776855469,-0.0827026367,-0.186218262,0.59576416,0.078125,-0.046875,0.12890625,-1.84375,9.265625,-2.125,0.12109375,-0.060546875,-0.048828125
1654,16494170,16794170,0.77722168,-0.0827026367,-0.186584473,0.595214844,0.078125,-0.046875,0.12890625,-1.84375,9.265625,-2.125,0.095703125,-0.044921875,-0.083984375
1655,16500945,16800945,0.77746582,-0.0825195312,-0.186950684,0.594848633,0.1328125,0.12109375,0.3828125,-1.859375,9.25,-2.1484375,0.095703125,-0.044921875,-0.083984375
1656,16514194,16814194,0.777526855,-0.0821533203,-0.187194824,0.594665527,0.1328125,0.12109375,0.3828125,-1.859375,9.25,-2.1484375,-0.001953125,0.013671875,-0.08984375
1657,16520429,16820429,0.777526855,-0.0817871094,-0.18737793,0.594665527,0.109375,0.234375,0.23828125,-1.875,9.25,-2.15625,-0.001953125,0.013671875,-0.08984375
1658,16533843,16833843,0.77746582,-0.0814208984,-0.1875,0.594787598,0.109375,0.234375,0.23828125,-1.875,9.25,-2.15625,-0.05078125,0.015625,-0.05859375
1659,16540318,16840318,0.777282715,-0.0811157227,-0.187683105,0.594970703,-0.06640625,0.2421875,0.0390625,-1.890625,9.2421875,-2.1484375,-0.05078125,0.015625,-0.05859375
1660,16552905,16852905,0.777038574,-0.080871582,-0.187866211,0.595275879,-0.06640625,0.2421875,0.0390625,-1.890625,9.2421875,-2.1484375,-0.095703125,-0.015625,-0.037109375
1661,16558879,16858879,0.776733398,-0.0807495117,-0.188110352,0.595581055,-0.1328125,0.08984375,0.13671875,-1.8984375,9.2421875,-2.1328125,-0.095703125,-0.015625,-0.037109375
1662,16573487,16873487,0.776489258,-0.0805664062,-0.188354492,0.595947266,-0.1328125,0.08984375,0.13671875,-1.8984375,9.2421875,-2.1328125,-0.111328125,-0.01953125,-0.0390625
1663,16579218,16879218,0.776123047,-0.0803222656,-0.188537598,0.596374512,-0.125,0.00390625,0.23828125,-1.90625,9.25,-2.1171875,-0.111328125,-0.01953125,-0.0390625
1664,16593055,16893055,0.775695801,-0.0800170898,-0.188781738,0.596862793,-0.125,0.00390625,0.23828125,-1.90625,9.25,-2.1171875,-0.140625,-0.0078125,-0.04296875
1665,16598774,16898774,0.77532959,-0.0797729492,-0.189025879,0.597290039,-0.1171875,0.04296875,0.0625,-1.9140625,9.25,-2.09375,-0.140625,-0.0078125,-0.04296875
1666,16614459,16914459,0.775146484,-0.0796508789,-0.189331055,0.597473145,-0.1171875,0.04296875,0.0625,-1.9140625,9.25,-2.09375,-0.03515625,-0.033203125,-0.056640625
1667,16620251,16920251,0.775146484,-0.0794677734,-0.189575195,0.597412109,-0.1484375,-0.0390625,-0.1171875,-1.921875,9.2578125,-2.0703125,-0.03515625,-0.033203125,-0.056640625
1668,16631697,16931697,0.775268555,-0.0791625977,-0.189758301,0.597167969,-0.1484375,-0.0390625,-0.1171875,-1.921875,9.2578125,-2.0703125,0.060546875,0.0234375,-0.080078125
1669,16639199,16939199,0.77557373,-0.0787963867,-0.189819336,0.596862793,-0.171875,-0.1484375,-0.14453125,-1.9375,9.25,-2.078125,0.060546875,0.0234375,-0.080078125
1670,16653352,16953352,0.775939941,-0.0783081055,-0.189880371,0.596435547,-0.171875,-0.1484375,-0.14453125,-1.9375,9.25,-2.078125,0.08984375,0.072265625,-0.103515625
1671,16659089,16959089,0.776367188,-0.0777587891,-0.189880371,0.595947266,-0.1640625,-0.30078125,-0.28515625,-1.9453125,9.25,-2.09375,0.08984375,0.072265625,-0.103515625
1672,16673416,16973416,0.776733398,-0.0772705078,-0.189941406,0.59552002,-0.1640625,-0.30078125,-0.28515625,-1.9453125,9.25,-2.09375,0.08203125,0.046875,-0.109375
1673,16679142,16979142,0.776977539,-0.0768432617,-0.190124512,0.595153809,-0.140625,-0.28515625,-0.10546875,-1.96875,9.234375,-2.1171875,0.08203125,0.046875,-0.109375
1674,16694323,16994323,0.777160645,-0.0765380859,-0.190429688,0.594848633,-0.140625,-0.28515625,-0.10546875,-1.96875,9.234375,-2.1171875,0.046875,-0.02734375,-0.095703125
1675,16699854,16999854,0.777282715,-0.0763549805,-0.190856934,0.594665527,-0.0078125,-0.09375,0.24609375,-1.984375,9.234375,-2.125,0.046875,-0.02734375,-0.095703125
1676,16713015,17013015,0.777282715,-0.0762939453,-0.191345215,0.594482422,-0.0078125,-0.09375,0.24609375,-1.984375,9.234375,-2.125,-0.005859375,-0.080078125,-0.0703125
1677,16718735,17018735,0.777099609,-0.076171875,-0.191894531,0.594543457,0.05078125,0.14453125,0.3984375,-2.0078125,9.2265625,-2.125,-0.005859375,-0.080078125,-0.0703125
1678,16732348,17032348,0.776794434,-0.0760498047,-0.192260742,0.594848633,0.05078125,0.14453125,0.3984375,-2.0078125,9.2265625,-2.125,-0.125,-0.05078125,-0.048828125
1679,16739268,17039268,0.776367188,-0.0758666992,-0.192626953,0.595275879,0.10546875,0.44921875,0.19921875,-2.0234375,9.2265625,-2.1171875,-0.125,-0.05078125,-0.048828125
1680,16754393,17054393,0.776000977,-0.0756835938,-0.192993164,0.59564209,0.10546875,0.44921875,0.19921875,-2.0234375,9.2265625,-2.1171875,-0.103515625,-0.025390625,-0.0546875
1681,16759193,17059193,0.775756836,-0.0754394531,-0.193237305,0.595947266,-0.0390625,0.25,0.17578125,-2.03125,9.234375,-2.09375,-0.103515625,-0.025390625,-0.0546875
1682,16772110,17072110,0.775634766,-0.0750732422,-0.19354248,0.596069336,-0.0390625,0.25,0.17578125,-2.03125,9.234375,-2.09375,-0.048828125,-0.013671875,-0.08203125
1683,16779573,17079573,0.77545166,-0.0747070312,-0.193847656,0.596252441,-0.26171875,0.05859375,0.07421875,-2.0390625,9.234375,-2.0703125,-0.048828125,-0.013671875,-0.08203125
1684,16794430,17094430,0.775146484,-0.0743408203,-0.194213867,0.596557617,-0.26171875,0.05859375,0.07421875,-2.0390625,9.234375,-2.0703125,-0.107421875,-0.021484375,-0.08984375
1685,16800576,17100576,0.774902344,-0.0739746094,-0.194641113,0.596740723,-0.16015625,0.01953125,-0.20703125,-2.0625,9.234375,-2.0546875,-0.107421875,-0.021484375,-0.08984375
1686,16812846,17112846,0.774719238,-0.0737304688,-0.195251465,0.596862793,-0.16015625,0.01953125,-0.20703125,-2.0625,9.234375,-2.0546875,-0.029296875,-0.076171875,-0.111328125
1687,16818829,17118829,0.774658203,-0.0735473633,-0.195922852,0.596740723,0.015625,-0.24609375,-0.18359375,-2.0859375,9.234375,-2.0390625,-0.029296875,-0.076171875,-0.111328125
1688,16834765,17134765,0.774780273,-0.073425293,-0.196655273,0.596374512,0.015625,-0.24609375,-0.18359375,-2.0859375,9.234375,-2.0390625,0.076171875,-0.107421875,-0.111328125
1689,16838495,17138495,0.774963379,-0.0734863281,-0.197387695,0.59588623,0.078125,-0.23828125,-0.22265625,-2.109375,9.2265625,-2.0390625,0.076171875,-0.107421875,-0.111328125
1690,16852843,17152843,0.77520752,-0.0737304688,-0.198181152,0.595214844,0.078125,-0.23828125,-0.22265625,-2.109375,9.2265625,-2.0390625,0.158203125,-0.177734375,-0.083984375
1691,16858820,17158820,0.775634766,-0.0742797852,-0.199157715,0.594299316,-0.20703125,-0.15625,-0.20703125,-2.1328125,9.21875,-2.0546875,0.158203125,-0.177734375,-0.083984375
1692,16872246,17172246,0.776184082,-0.0750732422,-0.200256348,0.593139648,-0.20703125,-0.15625,-0.20703125,-2.1328125,9.21875,-2.0546875,0.271484375,-0.263671875,-0.0546875
1693,16879502,17179502,0.776794434,-0.0759277344,-0.20135498,0.59185791,-0.15234375,0.015625,0.0546875,-2.1484375,9.203125,-2.0859375,0.271484375,-0.263671875,-0.0546875
1694,16892009,17192009,0.77734375,-0.0769042969,-0.202514648,0.590637207,-0.15234375,0.015625,0.0546875,-2.1484375,9.203125,-2.0859375,0.259765625,-0.283203125,-0.044921875
1695,16899576,17199576,0.777770996,-0.0778198242,-0.203613281,0.589538574,0.21484375,0.10546875,0.015625,-2.171875,9.1875,-2.125,0.259765625,-0.283203125,-0.044921875
1696,16915495,17215495,0.778076172,-0.0786743164,-0.204589844,0.588684082,0.21484375,0.10546875,0.015625,-2.171875,9.1875,-2.125,0.13671875,-0.251953125,-0.013671875
1697,16919237,17219237,0.778076172,-0.0794677734,-0.205444336,0.588256836,0.421875,0.23046875,0.0859375,-2.1875,9.1796875,-2.15625,0.13671875,-0.251953125,-0.013671875
1698,16933610,17233610,0.777954102,-0.0804443359,-0.206298828,0.588012695,0.421875,0.23046875,0.0859375,-2.1875,9.1796875,-2.15625,0.041015625,-0.271484375,0.052734375
1699,16938645,17238645,0.777709961,-0.0815429688,-0.20715332,0.58782959,0.31640625,0.421875,0.125,-2.1953125,9.1796875,-2.15625,0.041015625,-0.271484375,0.052734375
1700,16951534,17251534,0.77746582,-0.082824707,-0.208007812,0.587768555,0.31640625,0.421875,0.125,-2.1953125,9.1796875,-2.15625,0.0234375,-0.298828125,0.123046875
1701,16959979,17259979,0.777160645,-0.0841674805,-0.208740234,0.58770752,0.125,0.45703125,0.1171875,-2.1953125,9.1796875,-2.1484375,0.0234375,-0.298828125,0.123046875
1702,16972865,17272865,0.776916504,-0.0855102539,-0.209289551,0.587585449,0.125,0.45703125,0.1171875,-2.1953125,9.1796875,-2.1484375,0.03125,-0.212890625,0.138671875
1703,16978851,17278851,0.776794434,-0.0866699219,-0.209594727,0.587524414,0.03125,0.3359375,0.0703125,-2.1796875,9.1875,-2.140625,0.03125,-0.212890625,0.138671875
1704,16995169,17295169,0.776733398,-0.0877075195,-0.209716797,0.587341309,0.03125,0.3359375,0.0703125,-2.1796875,9.1875,-2.140625,0.09375,-0.1328125,0.140625
1705,16998907,17298907,0.776855469,-0.088684082,-0.209777832,0.587036133,-0.25,0.03125,-0.19140625,-2.1640625,9.1875,-2.1484375,0.09375,-0.1328125,0.140625
1706,17013373,17313373,0.777099609,-0.0897827148,-0.209960938,0.586425781,-0.25,0.03125,-0.19140625,-2.1640625,9.1875,-2.1484375,0.173828125,-0.166015625,0.115234375
1707,17018418,17318418,0.77746582,-0.091003418,-0.210266113,0.585754395,-0.3125,-0.27734375,-0.328125,-2.140625,9.1875,-2.1640625,0.173828125,-0.166015625,0.115234375
1708,17035016,17335016,0.777770996,-0.0922241211,-0.210754395,0.584960938,-0.3125,-0.27734375,-0.328125,-2.140625,9.1875,-2.1640625,0.19921875,-0.232421875,0.09375
1709,17038756,17338756,0.778015137,-0.0933837891,-0.211181641,0.584289551,-0.12890625,-0.31640625,0,-2.1328125,9.1875,-2.1875,0.19921875,-0.232421875,0.09375
1710,17054586,17354586,0.778259277,-0.0946044922,-0.211608887,0.583618164,-0.12890625,-0.31640625,0,-2.1328125,9.1875,-2.1875,0.19140625,-0.228515625,0.107421875
1711,17058329,17358329,0.778442383,-0.0957641602,-0.212097168,0.583007812,-0.2890625,-0.19140625,-0.05078125,-2.125,9.1796875,-2.2109375,0.19140625,-0.228515625,0.107421875
1712,17074751,17374751,0.778564453,-0.0969848633,-0.212524414,0.582458496,-0.2890625,-0.19140625,-0.05078125,-2.125,9.1796875,-2.2109375,0.1484375,-0.19921875,0.103515625
1713,17078495,17378495,0.778686523,-0.0980834961,-0.21295166,0.58190918,-0.07421875,0.0390625,0.01171875,-2.109375,9.1796875,-2.234375,0.1484375,-0.19921875,0.103515625
1714,17094079,17394079,0.778808594,-0.0991210938,-0.213317871,0.581481934,-0.07421875,0.0390625,0.01171875,-2.109375,9.1796875,-2.234375,0.08203125,-0.15625,0.078125
1715,17099762,17399762,0.778808594,-0.0997924805,-0.213623047,0.581237793,0.421875,0.12109375,0.44921875,-2.109375,9.171875,-2.25,0.08203125,-0.15625,0.078125
1716,17114624,17414624,0.778747559,-0.100341797,-0.213867188,0.581115723,0.421875,0.12109375,0.44921875,-2.109375,9.171875,-2.25,0,-0.107421875,0.05078125
1717,17118355,17418355,0.778503418,-0.100708008,-0.214111328,0.581298828,0.0703125,-0.1171875,0.1796875,-2.1015625,9.1796875,-2.25,0,-0.107421875,0.05078125
1718,17133897,17433897,0.778198242,-0.100891113,-0.214355469,0.581604004,0.0703125,-0.1171875,0.1796875,-2.1015625,9.1796875,-2.25,-0.056640625,-0.052734375,0.009765625
1719,17138983,17438983,0.778015137,-0.101013184,-0.214599609,0.581787109,0.13671875,-0.15625,-0.3359375,-2.09375,9.1796875,-2.234375,-0.056640625,-0.052734375,0.009765625
1720,17154441,17454441,0.777770996,-0.101196289,-0.214904785,0.58190918,0.13671875,-0.15625,-0.3359375,-2.09375,9.1796875,-2.234375,-0.0234375,-0.091796875,0.009765625
1721,17158168,17458168,0.777648926,-0.1015625,-0.215270996,0.581848145,-0.08203125,-0.27734375,-0.07421875,-2.1015625,9.1875,-2.2265625,-0.0234375,-0.091796875,0.009765625
1722,17174450,17474450,0.777587891,-0.101928711,-0.215820312,0.581726074,-0.08203125,-0.27734375,-0.07421875,-2.1015625,9.1875,-2.2265625,0.03125,-0.119140625,-0.013671875
1723,17178192,17478192,0.777587891,-0.102233887,-0.216247559,0.581542969,0.109375,-0.23046875,0.15625,-2.1015625,9.1796875,-2.2265625,0.03125,-0.119140625,-0.013671875
1724,17194378,17494378,0.777526855,-0.102355957,-0.216674805,0.581420898,0.109375,-0.23046875,0.15625,-2.1015625,9.1796875,-2.2265625,-0.013671875,-0.072265625,-0.029296875
1725,17198108,17498108,0.77746582,-0.102478027,-0.21697998,0.581359863,0.15234375,0,0.1953125,-2.109375,9.1796875,-2.2265625,-0.013671875,-0.072265625,-0.029296875
1726,17214083,17514083,0.77746582,-0.102661133,-0.217346191,0.581176758,0.15234375,0,0.1953125,-2.109375,9.1796875,-2.2265625,0.048828125,-0.08203125,-0.01953125
1727,17219131,17519131,0.777587891,-0.102844238,-0.217712402,0.580871582,-0.03125,0.07421875,-0.03515625,-2.1171875,9.1796875,-2.2265625,0.048828125,-0.08203125,-0.01953125
1728,17234787,17534787,0.777709961,-0.103027344,-0.218078613,0.580566406,-0.03125,0.07421875,-0.03515625,-2.1171875,9.1796875,-2.2265625,0.0625,-0.0625,-0.041015625
1729,17238534,17538534,0.777770996,-0.103088379,-0.218383789,0.58026123,0.17578125,0.16015625,0.0390625,-2.1328125,9.171875,-2.2265625,0.0625,-0.0625,-0.041015625
1730,17254876,17554876,0.777893066,-0.103088379,-0.218688965,0.580078125,0.17578125,0.16015625,0.0390625,-2.1328125,9.171875,-2.2265625,0.0390625,-0.044921875,-0.041015625
1731,17258601,17558601,0.777954102,-0.103088379,-0.218994141,0.579772949,-0.08203125,0.0078125,-0.14453125,-2.140625,9.171875,-2.234375,0.0390625,-0.044921875,-0.041015625
1732,17274259,17574259,0.778137207,-0.103210449,-0.219238281,0.579467773,-0.08203125,0.0078125,-0.14453125,-2.140625,9.171875,-2.234375,0.072265625,-0.046875,-0.021484375
1733,17277991,17577991,0.778381348,-0.103393555,-0.219421387,0.579040527,-0.07421875,-0.0234375,-0.05078125,-2.1484375,9.1640625,-2.25,0.072265625,-0.046875,-0.021484375
1734,17293855,17593855,0.778747559,-0.10357666,-0.219665527,0.578430176,-0.07421875,-0.0234375,-0.05078125,-2.1484375,9.1640625,-2.25,0.162109375,-0.052734375,-0.029296875
1735,17298883,17598883,0.779174805,-0.103881836,-0.219848633,0.577758789,-0.18359375,-0.0625,-0.03515625,-2.15625,9.1640625,-2.265625,0.162109375,-0.052734375,-0.029296875
1736,17314477,17614477,0.779541016,-0.104248047,-0.220031738,0.577087402,-0.18359375,-0.0625,-0.03515625,-2.15625,9.1640625,-2.265625,0.15234375,-0.068359375,0.033203125
1737,17318211,17618211,0.779785156,-0.104797363,-0.220031738,0.576660156,-0.296875,0.0234375,0.1015625,-2.15625,9.15625,-2.2890625,0.15234375,-0.068359375,0.033203125
1738,17334122,17634122,0.779968262,-0.105529785,-0.219970703,0.57635498,-0.296875,0.0234375,0.1015625,-2.15625,9.15625,-2.2890625,0.072265625,-0.072265625,0.11328125
1739,17339189,17639189,0.779968262,-0.106201172,-0.219848633,0.57623291,-0.07421875,0.4453125,0.1640625,-2.1484375,9.15625,-2.3125,0.072265625,-0.072265625,0.11328125
1740,17354040,17654040,0.779907227,-0.106811523,-0.219726562,0.576293945,-0.07421875,0.4453125,0.1640625,-2.1484375,9.15625,-2.3125,0.005859375,-0.046875,0.115234375
1741,17360007,17660007,0.779724121,-0.107299805,-0.219604492,0.576416016,0.0546875,0.3671875,0.125,-2.125,9.15625,-2.3125,0.005859375,-0.046875,0.115234375
1742,17373806,17673806,0.779541016,-0.10760498,-0.219482422,0.576660156,0.0546875,0.3671875,0.125,-2.125,9.15625,-2.3125,-0.052734375,0.001953125,0.05859375
1743,17378836,17678836,0.77947998,-0.107727051,-0.219299316,0.576843262,0.078125,0.08984375,-0.03515625,-2.109375,9.1640625,-2.3046875,-0.052734375,0.001953125,0.05859375
1744,17393768,17693768,0.77947998,-0.107849121,-0.219238281,0.576782227,0.078125,0.08984375,-0.03515625,-2.109375,9.1640625,-2.3046875,0.041015625,-0.0078125,0.017578125
1745,17398814,17698814,0.779663086,-0.108032227,-0.219238281,0.576538086,-0.23046875,-0.33203125,-0.1875,-2.109375,9.1640625,-2.3046875,0.041015625,-0.0078125,0.017578125
1746,17413943,17713943,0.779846191,-0.108215332,-0.219360352,0.576171875,-0.23046875,-0.33203125,-0.1875,-2.109375,9.1640625,-2.3046875,0.115234375,-0.048828125,-0.0078125
1747,17418739,17718739,0.780151367,-0.108459473,-0.219543457,0.575683594,0,-0.28515625,-0.05859375,-2.109375,9.15625,-2.3203125,0.115234375,-0.048828125,-0.0078125
1748,17434018,17734018,0.780456543,-0.108581543,-0.219665527,0.575195312,0,-0.28515625,-0.05859375,-2.109375,9.15625,-2.3203125,0.099609375,-0.029296875,-0.0234375
1749,17438822,17738822,0.780700684,-0.108581543,-0.219787598,0.574829102,0.078125,-0.09375,0.1875,-2.109375,9.15625,-2.3359375,0.099609375,-0.029296875,-0.0234375
1750,17453461,17753461,0.780883789,-0.108459473,-0.219909668,0.574523926,0.078125,-0.09375,0.1875,-2.109375,9.15625,-2.3359375,0.041015625,0.015625,-0.056640625
1751,17459444,17759444,0.781066895,-0.108154297,-0.219970703,0.57434082,0.125,-0.046875,0.28125,-2.1171875,9.1484375,-2.3515625,0.041015625,0.015625,-0.056640625
1752,17474079,17774079,0.781188965,-0.107788086,-0.220031738,0.57421875,0.125,-0.046875,0.28125,-2.1171875,9.1484375,-2.3515625,0.0234375,0.044921875,-0.08984375
1753,17478876,17778876,0.78137207,-0.107299805,-0.220092773,0.574035645,0.0234375,-0.078125,0.2109375,-2.1328125,9.140625,-2.359375,0.0234375,0.044921875,-0.08984375
1754,17492282,17792282,0.781433105,-0.106689453,-0.220275879,0.573974609,0.0234375,-0.078125,0.2109375,-2.1328125,9.140625,-2.359375,-0.017578125,0.04296875,-0.1171875
1755,17498924,17798924,0.781433105,-0.106079102,-0.22052002,0.573974609,-0.03515625,-0.0390625,0.171875,-2.1484375,9.140625,-2.359375,-0.017578125,0.04296875,-0.1171875
1756,17513046,17813046,0.781433105,-0.10546875,-0.220703125,0.574035645,-0.03515625,-0.0390625,0.171875,-2.1484375,9.140625,-2.359375,-0.048828125,0.041015625,-0.11328125
1757,17519027,17819027,0.78137207,-0.104858398,-0.22088623,0.574157715,-0.05078125,-0.03125,0.1640625,-2.171875,9.1328125,-2.3515625,-0.048828125,0.041015625,-0.11328125
1758,17533925,17833925,0.78125,-0.104187012,-0.220947266,0.574401855,-0.05078125,-0.03125,0.1640625,-2.171875,9.1328125,-2.3515625,-0.080078125,0.072265625,-0.099609375
1759,17538726,17838726,0.781188965,-0.103515625,-0.221008301,0.574645996,0.0390625,0.046875,0.12109375,-2.1875,9.1328125,-2.34375,-0.080078125,0.072265625,-0.099609375
1760,17553995,17853995,0.78112793,-0.102783203,-0.220947266,0.574890137,0.0390625,0.046875,0.12109375,-2.1875,9.1328125,-2.34375,-0.07421875,0.095703125,-0.09375
1761,17558793,17858793,0.781066895,-0.102050781,-0.22088623,0.575134277,-0.02734375,0.046875,-0.04296875,-2.1953125,9.1328125,-2.3359375,-0.07421875,0.095703125,-0.09375
1762,17573459,17873459,0.780944824,-0.101257324,-0.220825195,0.575439453,-0.02734375,0.046875,-0.04296875,-2.1953125,9.1328125,-2.3359375,-0.09375,0.109375,-0.103515625
1763,17580757,17880757,0.780883789,-0.100341797,-0.220703125,0.575744629,0.1015625,0.12109375,-0.05859375,-2.2109375,9.1328125,-2.3203125,-0.09375,0.109375,-0.103515625
1764,17593775,17893775,0.780822754,-0.0993041992,-0.22052002,0.57611084,0.1015625,0.12109375,-0.05859375,-2.2109375,9.1328125,-2.3203125,-0.111328125,0.158203125,-0.130859375
1765,17598555,17898555,0.780700684,-0.0982055664,-0.220336914,0.576477051,0.04296875,0.0078125,-0.02734375,-2.2265625,9.1328125,-2.3125,-0.111328125,0.158203125,-0.130859375
1766,17612438,17912438,0.780517578,-0.0970458984,-0.220214844,0.576965332,0.04296875,0.0078125,-0.02734375,-2.2265625,9.1328125,-2.3125,-0.15234375,0.142578125,-0.140625
1767,17619079,17919079,0.780273438,-0.0959472656,-0.220153809,0.577453613,0.02734375,0.046875,-0.1640625,-2.25,9.1328125,-2.2890625,-0.15234375,0.142578125,-0.140625
1768,17633677,17933677,0.780029297,-0.0947875977,-0.220214844,0.578063965,0.02734375,0.046875,-0.1640625,-2.25,9.1328125,-2.2890625,-0.1796875,0.123046875,-0.142578125
1769,17638451,17938451,0.779663086,-0.0936889648,-0.220214844,0.578674316,0.04296875,0.0859375,0.1171875,-2.265625,9.1328125,-2.265625,-0.1796875,0.123046875,-0.142578125
1770,17652576,17952576,0.77935791,-0.0925292969,-0.220092773,0.579284668,0.04296875,0.0859375,0.1171875,-2.265625,9.1328125,-2.265625,-0.197265625,0.16796875,-0.13671875
1771,17660990,17960990,0.779052734,-0.0911865234,-0.219909668,0.58001709,-0.01171875,0.0859375,0.125,-2.2890625,9.1328125,-2.234375,-0.197265625,0.16796875,-0.13671875
1772,17675116,17975116,0.778686523,-0.0899047852,-0.219665527,0.580749512,-0.01171875,0.0859375,0.125,-2.2890625,9.1328125,-2.234375,-0.1875,0.1953125,-0.14453125
1773,17678736,17978736,0.778442383,-0.0885620117,-0.219421387,0.581359863,-0.03515625,0.0390625,-0.08984375,-2.3046875,9.140625,-2.2109375,-0.1875,0.1953125,-0.14453125
1774,17692444,17992444,0.778198242,-0.0871582031,-0.219055176,0.582092285,-0.03515625,0.0390625,-0.08984375,-2.3046875,9.140625,-2.2109375,-0.17578125,0.2109375,-0.142578125
1775,17700625,18000625,0.777954102,-0.0856933594,-0.218811035,0.582763672,-0.203125,0.0390625,-0.19921875,-2.328125,9.140625,-2.1796875,-0.17578125,0.2109375,-0.142578125
1776,17714355,18014355,0.777587891,-0.0842285156,-0.218444824,0.583557129,-0.203125,0.0390625,-0.19921875,-2.328125,9.140625,-2.1796875,-0.224609375,0.240234375,-0.15234375
1777,17717960,18017960,0.777282715,-0.0827026367,-0.218017578,0.584289551,-0.1484375,0.15234375,-0.06640625,-2.34375,9.140625,-2.15625,-0.224609375,0.240234375,-0.15234375
1778,17732486,18032486,0.777038574,-0.0809326172,-0.217468262,0.585144043,-0.1484375,0.15234375,-0.06640625,-2.34375,9.140625,-2.15625,-0.203125,0.298828125,-0.15625
1779,17740477,18040477,0.776855469,-0.079284668,-0.216918945,0.58581543,-0.015625,0.10546875,-0.21484375,-2.359375,9.1484375,-2.125,-0.203125,0.298828125,-0.15625
1780,17753261,18053261,0.776733398,-0.0776367188,-0.216552734,0.586303711,-0.015625,0.10546875,-0.21484375,-2.359375,9.1484375,-2.125,-0.125,0.24609375,-0.185546875
1781,17762203,18062203,0.776733398,-0.076171875,-0.216308594,0.586608887,-0.1171875,0,-0.23046875,-2.375,9.140625,-2.109375,-0.125,0.24609375,-0.185546875
1782,17774220,18074220,0.776672363,-0.0749511719,-0.216308594,0.586791992,-0.1171875,0,-0.23046875,-2.375,9.140625,-2.109375,-0.076171875,0.115234375,-0.181640625
1783,17780359,18080359,0.776672363,-0.0739135742,-0.216430664,0.586914062,-0.046875,-0.23046875,-0.0078125,-2.40625,9.140625,-2.1015625,-0.076171875,0.115234375,-0.181640625
1784,17794082,18094082,0.776672363,-0.0729370117,-0.216491699,0.587036133,-0.046875,-0.23046875,-0.0078125,-2.40625,9.140625,-2.1015625,-0.060546875,0.111328125,-0.1328125
1785,17802203,18102203,0.776611328,-0.0721435547,-0.216369629,0.587219238,0.28125,-0.14453125,0.13671875,-2.4296875,9.1328125,-2.09375,-0.060546875,0.111328125,-0.1328125
1786,17816404,18116404,0.776428223,-0.0713500977,-0.216064453,0.587646484,0.28125,-0.14453125,0.13671875,-2.4296875,9.1328125,-2.09375,-0.14453125,0.154296875,-0.0390625
1787,17820419,18120419,0.776123047,-0.0705566406,-0.215515137,0.588378906,0.4140625,0.16015625,0.08984375,-2.4453125,9.1328125,-2.0859375,-0.14453125,0.154296875,-0.0390625
1788,17833588,18133588,0.775756836,-0.0697021484,-0.214782715,0.589233398,0.4140625,0.16015625,0.08984375,-2.4453125,9.1328125,-2.0859375,-0.20703125,0.201171875,0.001953125
1789,17838392,18138392,0.77545166,-0.0689697266,-0.214050293,0.590026855,0.55078125,0.34375,-0.20703125,-2.4296875,9.140625,-2.0546875,-0.20703125,0.201171875,0.001953125
1790,17854530,18154530,0.775268555,-0.0682373047,-0.213378906,0.590576172,0.55078125,0.34375,-0.20703125,-2.4296875,9.140625,-2.0546875,-0.083984375,0.173828125,-0.001953125
1791,17858132,18158132,0.775268555,-0.0678100586,-0.212890625,0.590820312,0.28125,0.3359375,-0.1484375,-2.4296875,9.1484375,-2.0390625,-0.083984375,0.173828125,-0.001953125
1792,17873376,18173376,0.77532959,-0.0675048828,-0.212463379,0.590881348,0.28125,0.3359375,-0.1484375,-2.4296875,9.1484375,-2.0390625,-0.005859375,0.08203125,0.00390625
1793,17882204,18182204,0.775390625,-0.0673217773,-0.212158203,0.591003418,-0.18359375,0.14453125,0.3515625,-2.421875,9.1484375,-2.0390625,-0.005859375,0.08203125,0.00390625
1794,17895876,18195876,0.77532959,-0.0672607422,-0.211730957,0.591186523,-0.18359375,0.14453125,0.3515625,-2.421875,9.1484375,-2.0390625,-0.05859375,0.076171875,0.06640625
1795,17899871,18199871,0.775146484,-0.0672607422,-0.211242676,0.59161377,-0.1171875,0.18359375,0.04296875,-2.4140625,9.1484375,-2.0390625,-0.05859375,0.076171875,0.06640625
1796,17912758,18212758,0.774780273,-0.0673217773,-0.210571289,0.592346191,-0.1171875,0.18359375,0.04296875,-2.4140625,9.1484375,-2.0390625,-0.15234375,0.083984375,0.13671875
1797,17923302,18223302,0.774291992,-0.0675048828,-0.209838867,0.593200684,0.16796875,0.4375,-0.35546875,-2.390625,9.1640625,-2.0234375,-0.15234375,0.083984375,0.13671875
1798,17934517,18234517,0.773742676,-0.0678100586,-0.20892334,0.594238281,0.16796875,0.4375,-0.35546875,-2.390625,9.1640625,-2.0234375,-0.212890625,0.091796875,0.23046875
1799,17938120,18238120,0.773132324,-0.0682373047,-0.207946777,0.595336914,0.3203125,0.6875,-0.30859375,-2.3515625,9.1796875,-1.9921875,-0.212890625,0.091796875,0.23046875
1800,17953103,18253103,0.772460938,-0.0687255859,-0.206665039,0.596557617,0.3203125,0.6875,-0.30859375,-2.3515625,9.1796875,-1.9921875,-0.220703125,0.126953125,0.29296875
1801,17963502,18263502,0.771911621,-0.0692749023,-0.205322266,0.597595215,0.1484375,0.703125,0.11328125,-2.296875,9.203125,-1.953125,-0.220703125,0.126953125,0.29296875
1802,17973155,18273155,0.77166748,-0.0698242188,-0.204040527,0.598327637,0.1484375,0.703125,0.11328125,-2.296875,9.203125,-1.953125,-0.046875,0.12890625,0.25390625
1803,17980453,18280453,0.77166748,-0.0703125,-0.202880859,0.598632812,-0.02734375,0.41796875,0.13671875,-2.234375,9.21875,-1.9375,-0.046875,0.12890625,0.25390625
1804,17993621,18293621,0.771911621,-0.0708007812,-0.201782227,0.598693848,-0.02734375,0.41796875,0.13671875,-2.234375,9.21875,-1.9375,0.08203125,0.115234375,0.18359375
1805,18001444,18301444,0.772277832,-0.0712280273,-0.200805664,0.598510742,-0.14453125,-0.1640625,-0.05078125,-2.1953125,9.2265625,-1.9453125,0.08203125,0.115234375,0.18359375
1806,18013826,18313826,0.772827148,-0.0718383789,-0.199951172,0.598022461,-0.14453125,-0.1640625,-0.05078125,-2.1953125,9.2265625,-1.9453125,0.2109375,0.076171875,0.15625
1807,18019959,18319959,0.773498535,-0.0723876953,-0.19921875,0.597351074,-0.2578125,-0.4765625,0.17578125,-2.15625,9.234375,-1.9765625,0.2109375,0.076171875,0.15625
1808,18033435,18333435,0.774169922,-0.0731201172,-0.198486328,0.596557617,-0.2578125,-0.4765625,0.17578125,-2.15625,9.234375,-1.9765625,0.23046875,0.02734375,0.14453125
1809,18042198,18342198,0.774719238,-0.0737915039,-0.197875977,0.595947266,-0.3984375,-0.35546875,0.18359375,-2.1328125,9.2265625,-2.0234375,0.23046875,0.02734375,0.14453125
1810,18053671,18353671,0.774902344,-0.0745239258,-0.19744873,0.59576416,-0.3984375,-0.35546875,0.18359375,-2.1328125,9.2265625,-2.0234375,0.033203125,-0.025390625,0.166015625
1811,18060078,18360078,0.774719238,-0.0753173828,-0.19708252,0.596069336,-0.4296875,-0.1640625,0.05078125,-2.1015625,9.2265625,-2.046875,0.033203125,-0.025390625,0.166015625
1812,18073242,18373242,0.774169922,-0.076171875,-0.196777344,0.596801758,-0.4296875,-0.1640625,0.05078125,-2.1015625,9.2265625,-2.046875,-0.185546875,-0.076171875,0.212890625
1813,18081273,18381273,0.77331543,-0.0770263672,-0.196472168,0.597839355,-0.26953125,0.05078125,-0.26953125,-2.0703125,9.2421875,-2.03125,-0.185546875,-0.076171875,0.212890625
1814,18093293,18393293,0.772338867,-0.0779418945,-0.196105957,0.599121094,-0.26953125,0.05078125,-0.26953125,-2.0703125,9.2421875,-2.03125,-0.28125,-0.060546875,0.248046875
1815,18099351,18399351,0.771484375,-0.0787963867,-0.195739746,0.600219727,-0.078125,-0.078125,-0.01953125,-2.03125,9.2578125,-1.9765625,-0.28125,-0.060546875,0.248046875
1816,18113058,18413058,0.770935059,-0.0797729492,-0.19543457,0.600891113,-0.078125,-0.078125,-0.01953125,-2.03125,9.2578125,-1.9765625,-0.064453125,-0.0859375,0.19921875
1817,18121310,18421310,0.770690918,-0.0806274414,-0.19519043,0.601196289,-0.1640625,-0.29296875,0.44921875,-1.984375,9.28125,-1.9453125,-0.064453125,-0.0859375,0.19921875
1818,18133329,18433329,0.770568848,-0.0812988281,-0.194885254,0.601379395,-0.1640625,-0.29296875,0.44921875,-1.984375,9.28125,-1.9453125,0,-0.00390625,0.12890625
1819,18139409,18439409,0.770507812,-0.0816650391,-0.194458008,0.601501465,0.12890625,0.00390625,0.21875,-1.96875,9.2890625,-1.9453125,0,-0.00390625,0.12890625
1820,18153309,18453309,0.770507812,-0.0818481445,-0.193969727,0.60168457,0.12890625,0.00390625,0.21875,-1.96875,9.2890625,-1.9453125,-0.025390625,0.072265625,0.08984375
1821,18161620,18461620,0.770446777,-0.0819702148,-0.193359375,0.601928711,0.10546875,0.03515625,-0.1328125,-1.9453125,9.296875,-1.9375,-0.025390625,0.072265625,0.08984375
1822,18172427,18472427,0.770324707,-0.08203125,-0.192687988,0.602233887,0.10546875,0.03515625,-0.1328125,-1.9453125,9.296875,-1.9375,-0.04296875,0.10546875,0.115234375
1823,18179894,18479894,0.770263672,-0.0821533203,-0.191955566,0.602539062,-0.03515625,0.11328125,-0.40234375,-1.921875,9.296875,-1.9375,-0.04296875,0.10546875,0.115234375
1824,18191965,18491965,0.770263672,-0.0825805664,-0.191345215,0.602722168,-0.03515625,0.11328125,-0.40234375,-1.921875,9.296875,-1.9375,0.015625,0.015625,0.1484375
1825,18201278,18501278,0.770263672,-0.0832519531,-0.190917969,0.602722168,-0.29296875,-0.05078125,-0.44140625,-1.890625,9.3046875,-1.9375,0.015625,0.015625,0.1484375
1826,18213357,18513357,0.770385742,-0.0841064453,-0.190795898,0.602539062,-0.29296875,-0.05078125,-0.44140625,-1.890625,9.3046875,-1.9375,0.115234375,-0.115234375,0.134765625
1827,18219790,18519790,0.770629883,-0.085144043,-0.190917969,0.601989746,-0.31640625,-0.671875,0.14453125,-1.8671875,9.3125,-1.9453125,0.115234375,-0.115234375,0.134765625
1828,18232963,18532963,0.770935059,-0.0861206055,-0.19128418,0.601379395,-0.31640625,-0.671875,0.14453125,-1.8671875,9.3125,-1.9453125,0.16796875,-0.181640625,0.0625
1829,18241299,18541299,0.771179199,-0.0869750977,-0.191711426,0.600830078,-0.2578125,-0.625,0.51171875,-1.8515625,9.3046875,-1.96875,0.16796875,-0.181640625,0.0625
1830,18252121,18552121,0.771240234,-0.0874633789,-0.192077637,0.600524902,-0.2578125,-0.625,0.51171875,-1.8515625,9.3046875,-1.96875,0.03125,-0.087890625,0.015625
1831,18260098,18560098,0.771179199,-0.0877075195,-0.192260742,0.600463867,0.1640625,-0.0859375,0.48828125,-1.8515625,9.3046875,-1.984375,0.03125,-0.087890625,0.015625
1832,18273754,18573754,0.771057129,-0.0877075195,-0.192321777,0.600646973,0.1640625,-0.0859375,0.48828125,-1.8515625,9.3046875,-1.984375,-0.056640625,0.005859375,0.00390625
1833,18282186,18582186,0.770935059,-0.0876464844,-0.192321777,0.600830078,0.05078125,-0.01171875,0.09765625,-1.8515625,9.3046875,-1.9765625,-0.056640625,0.005859375,0.00390625
1834,18293038,18593038,0.770812988,-0.0876464844,-0.192443848,0.600952148,0.05078125,-0.01171875,0.09765625,-1.8515625,9.3046875,-1.9765625,-0.015625,-0.02734375,-0.013671875
1835,18298776,18598776,0.770751953,-0.0877075195,-0.192687988,0.600891113,-0.140625,-0.31640625,0.05078125,-1.8515625,9.3046875,-1.96875,-0.015625,-0.02734375,-0.013671875
1836,18310551,18610551,0.770751953,-0.0877685547,-0.19317627,0.600769043,-0.140625,-0.31640625,0.05078125,-1.8515625,9.3046875,-1.96875,0.01953125,-0.103515625,-0.0625
1837,18321097,18621097,0.770690918,-0.0878295898,-0.193786621,0.600646973,-0.203125,-0.5078125,0.16796875,-1.8671875,9.3046875,-1.96875,0.01953125,-0.103515625,-0.0625
1838,18333131,18633131,0.770507812,-0.087890625,-0.194519043,0.600585938,-0.203125,-0.5078125,0.16796875,-1.8671875,9.3046875,-1.96875,-0.041015625,-0.130859375,-0.07421875
1839,18338874,18638874,0.770324707,-0.0879516602,-0.195251465,0.600585938,-0.07421875,-0.28125,0.04296875,-1.8828125,9.3046875,-1.9609375,-0.041015625,-0.130859375,-0.07421875
1840,18353975,18653975,0.770263672,-0.0879516602,-0.195983887,0.600463867,-0.07421875,-0.28125,0.04296875,-1.8828125,9.3046875,-1.9609375,0.03515625,-0.099609375,-0.099609375
1841,18362990,18662990,0.770385742,-0.0878295898,-0.196594238,0.600097656,-0.01171875,-0.30859375,0.07421875,-1.90625,9.296875,-1.953125,0.03515625,-0.099609375,-0.099609375
1842,18375533,18675533,0.770690918,-0.0875244141,-0.197143555,0.599609375,-0.01171875,-0.30859375,0.07421875,-1.90625,9.296875,-1.953125,0.095703125,-0.01953125,-0.140625
1843,18379675,18679675,0.771057129,-0.087097168,-0.197570801,0.599060059,0.01171875,-0.109375,0.203125,-1.9296875,9.2890625,-1.96875,0.095703125,-0.01953125,-0.140625
1844,18391288,18691288,0.77142334,-0.0864257812,-0.197998047,0.598510742,0.01171875,-0.109375,0.203125,-1.9296875,9.2890625,-1.96875,0.09375,0.015625,-0.19140625
1845,18401690,18701690,0.771850586,-0.0856933594,-0.198486328,0.597961426,-0.00390625,-0.2109375,0.10546875,-1.953125,9.2734375,-1.984375,0.09375,0.015625,-0.19140625
1846,18412989,18712989,0.772277832,-0.0848388672,-0.199035645,0.597351074,-0.00390625,-0.2109375,0.10546875,-1.953125,9.2734375,-1.984375,0.107421875,0.03125,-0.228515625
1847,18418988,18718988,0.772705078,-0.0839233398,-0.199523926,0.596740723,0,-0.39453125,-0.1484375,-1.9921875,9.265625,-2,0.107421875,0.03125,-0.228515625
1848,18434409,18734409,0.773071289,-0.0829467773,-0.200012207,0.596252441,0,-0.39453125,-0.1484375,-1.9921875,9.265625,-2,0.068359375,0.060546875,-0.23828125
1849,18440490,18740490,0.773376465,-0.0819091797,-0.200439453,0.595825195,0.07421875,-0.26171875,-0.31640625,-2.03125,9.25,-2.0234375,0.068359375,0.060546875,-0.23828125
1850,18454089,18754089,0.773742676,-0.0808105469,-0.20098877,0.595336914,0.07421875,-0.26171875,-0.31640625,-2.03125,9.25,-2.0234375,0.0625,0.052734375,-0.26171875
1851,18457823,18757823,0.774047852,-0.0797119141,-0.201477051,0.594909668,-0.14453125,-0.1796875,-0.19140625,-2.078125,9.2421875,-2.03125,0.0625,0.052734375,-0.26171875
1852,18474329,18774329,0.774353027,-0.0784301758,-0.202087402,0.594421387,-0.14453125,-0.1796875,-0.19140625,-2.078125,9.2421875,-2.03125,0.044921875,0.078125,-0.287109375
1853,18480496,18780496,0.774658203,-0.0770874023,-0.202575684,0.594055176,-0.08984375,-0.0390625,-0.1015625,-2.1328125,9.21875,-2.046875,0.044921875,0.078125,-0.287109375
1854,18494821,18794821,0.774902344,-0.0756835938,-0.203063965,0.593811035,-0.08984375,-0.0390625,-0.1015625,-2.1328125,9.21875,-2.046875,-0.001953125,0.103515625,-0.2734375
1855,18498580,18798580,0.775085449,-0.0744628906,-0.203430176,0.593566895,-0.04296875,0.16796875,-0.1328125,-2.1796875,9.203125,-2.0546875,-0.001953125,0.103515625,-0.2734375
1856,18514380,18814380,0.775268555,-0.0731811523,-0.203857422,0.593322754,-0.04296875,0.16796875,-0.1328125,-2.1796875,9.203125,-2.0546875,0.013671875,0.078125,-0.234375
1857,18520469,18820469,0.77545166,-0.0722045898,-0.204223633,0.593078613,0.03515625,0.2890625,0.0234375,-2.21875,9.1953125,-2.0546875,0.013671875,0.078125,-0.234375
1858,18531290,18831290,0.775634766,-0.0712280273,-0.204650879,0.592773438,0.03515625,0.2890625,0.0234375,-2.21875,9.1953125,-2.0546875,0.033203125,0.0390625,-0.201171875
1859,18539071,18839071,0.775878906,-0.0704345703,-0.20513916,0.592407227,0.03515625,0.3359375,0.14453125,-2.2578125,9.1875,-2.0625,0.033203125,0.0390625,-0.201171875
1860,18554706,18854706,0.776123047,-0.0697021484,-0.205688477,0.592041016,0.03515625,0.3359375,0.14453125,-2.2578125,9.1875,-2.0625,0.0234375,-0.001953125,-0.19921875
1861,18562082,18862082,0.776184082,-0.0689697266,-0.206237793,0.59185791,-0.04296875,0.3515625,0.23828125,-2.296875,9.171875,-2.078125,0.0234375,-0.001953125,-0.19921875
1862,18574030,18874030,0.776000977,-0.0680541992,-0.206665039,0.59197998,-0.04296875,0.3515625,0.23828125,-2.296875,9.171875,-2.078125,-0.10546875,0.041015625,-0.166015625
1863,18577640,18877640,0.775756836,-0.067199707,-0.206970215,0.592346191,0.10546875,0.7421875,0.0390625,-2.328125,9.1640625,-2.0703125,-0.10546875,0.041015625,-0.166015625
1864,18591072,18891072,0.77532959,-0.0663452148,-0.207275391,0.592834473,0.10546875,0.7421875,0.0390625,-2.328125,9.1640625,-2.0703125,-0.162109375,0.044921875,-0.123046875
1865,18602228,18902228,0.775085449,-0.0656738281,-0.207519531,0.593200684,-0.0234375,0.62890625,-0.26171875,-2.3515625,9.1640625,-2.0390625,-0.162109375,0.044921875,-0.123046875
1866,18611777,18911777,0.775024414,-0.0651245117,-0.207824707,0.593261719,-0.0234375,0.62890625,-0.26171875,-2.3515625,9.1640625,-2.0390625,0.01171875,-0.0078125,-0.103515625
1867,18618708,18918708,0.775146484,-0.0649414062,-0.208251953,0.592895508,-0.15625,0.08984375,-0.26953125,-2.375,9.1640625,-2.03125,0.01171875,-0.0078125,-0.103515625
1868,18634023,18934023,0.77545166,-0.0649414062,-0.20892334,0.592285156,-0.15625,0.08984375,-0.26953125,-2.375,9.1640625,-2.03125,0.169921875,-0.12890625,-0.087890625
1869,18639494,18939494,0.775878906,-0.0653076172,-0.209655762,0.591430664,-0.28515625,-0.015625,-0.1484375,-2.3984375,9.15625,-2.0390625,0.169921875,-0.12890625,-0.087890625
1870,18651751,18951751,0.776367188,-0.0657958984,-0.210510254,0.590454102,-0.28515625,-0.015625,-0.1484375,-2.3984375,9.15625,-2.0390625,0.21484375,-0.197265625,-0.05859375
1871,18658659,18958659,0.776794434,-0.0664672852,-0.211364746,0.589477539,-0.3828125,-0.23046875,0.19140625,-2.4140625,9.140625,-2.0703125,0.21484375,-0.197265625,-0.05859375
1872,18671848,18971848,0.777160645,-0.067199707,-0.212280273,0.588623047,-0.3828125,-0.23046875,0.19140625,-2.4140625,9.140625,-2.0703125,0.18359375,-0.2265625,-0.021484375
1873,18682245,18982245,0.777404785,-0.0679931641,-0.213134766,0.58782959,-0.24609375,-0.18359375,0.0625,-2.4375,9.1328125,-2.09375,0.18359375,-0.2265625,-0.021484375
1874,18692206,18992206,0.777648926,-0.0689086914,-0.213989258,0.587158203,-0.24609375,-0.18359375,0.0625,-2.4375,9.1328125,-2.09375,0.15234375,-0.240234375,0.021484375
1875,18697926,18997926,0.777770996,-0.0698852539,-0.214782715,0.586547852,0.14453125,0.28515625,-0.11328125,-2.4453125,9.125,-2.109375,0.15234375,-0.240234375,0.021484375
1876,18712205,19012205,0.777770996,-0.0709228516,-0.215576172,0.586120605,0.14453125,0.28515625,-0.11328125,-2.4453125,9.125,-2.109375,0.095703125,-0.251953125,0.06640625
1877,18720353,19020353,0.777770996,-0.0721435547,-0.216308594,0.585693359,0.10546875,0.3984375,-0.0234375,-2.4453125,9.125,-2.125,0.095703125,-0.251953125,0.06640625
1878,18733468,19033468,0.777770996,-0.0736083984,-0.217163086,0.585266113,0.10546875,0.3984375,-0.0234375,-2.4453125,9.125,-2.125,0.125,-0.322265625,0.138671875
1879,18739443,19039443,0.777648926,-0.0752563477,-0.217956543,0.584899902,-0.125,0.24609375,0.21484375,-2.4453125,9.125,-2.1328125,0.125,-0.322265625,0.138671875
1880,18754085,19054085,0.777526855,-0.0766601562,-0.218505859,0.584655762,-0.125,0.24609375,0.21484375,-2.4453125,9.125,-2.1328125,0.05859375,-0.2265625,0.142578125
1881,18760721,19060721,0.77746582,-0.0777587891,-0.21875,0.584533691,0.3984375,0.3203125,0.17578125,-2.4296875,9.125,-2.1328125,0.05859375,-0.2265625,0.142578125
1882,18774048,19074048,0.777282715,-0.0786743164,-0.218688965,0.584655762,0.3984375,0.3203125,0.17578125,-2.4296875,9.125,-2.1328125,-0.01171875,-0.087890625,0.16015625
1883,18777655,19077655,0.777038574,-0.0794677734,-0.218566895,0.584899902,0.06640625,0.046875,-0.015625,-2.40625,9.1328125,-2.1328125,-0.01171875,-0.087890625,0.16015625
1884,18792938,19092938,0.776733398,-0.0803222656,-0.218383789,0.585266113,0.06640625,0.046875,-0.015625,-2.40625,9.1328125,-2.1328125,-0.03515625,-0.099609375,0.16015625
1885,18800461,19100461,0.776489258,-0.0812988281,-0.218444824,0.585388184,0.0078125,-0.23046875,-0.14453125,-2.3828125,9.140625,-2.1171875,-0.03515625,-0.099609375,0.16015625
1886,18813427,19113427,0.776367188,-0.0824584961,-0.21862793,0.585388184,0.0078125,-0.23046875,-0.14453125,-2.3828125,9.140625,-2.1171875,0.0625,-0.185546875,0.150390625
1887,18819408,19119408,0.776367188,-0.0835571289,-0.21887207,0.585144043,0.13671875,-0.24609375,0.12109375,-2.359375,9.15625,-2.1171875,0.0625,-0.185546875,0.150390625
1888,18834092,19134092,0.776367188,-0.0844726562,-0.219116211,0.584838867,0.13671875,-0.24609375,0.12109375,-2.359375,9.15625,-2.1171875,0.099609375,-0.130859375,0.0859375
1889,18839496,19139496,0.776611328,-0.0853271484,-0.219421387,0.584350586,-0.140625,-0.24609375,-0.0234375,-2.3515625,9.15625,-2.125,0.099609375,-0.130859375,0.0859375
1890,18853737,19153737,0.776855469,-0.0864257812,-0.219848633,0.583740234,-0.140625,-0.24609375,-0.0234375,-2.3515625,9.15625,-2.125,0.142578125,-0.20703125,0.08203125
1891,18858535,19158535,0.776977539,-0.0873413086,-0.220275879,0.583251953,0.12109375,-0.015625,0.26953125,-2.34375,9.15625,-2.1484375,0.142578125,-0.20703125,0.08203125
1892,18873855,19173855,0.777038574,-0.0881958008,-0.220703125,0.582885742,0.12109375,-0.015625,0.26953125,-2.34375,9.15625,-2.1484375,0.0859375,-0.142578125,0.064453125
1893,18880356,19180356,0.777038574,-0.0889892578,-0.221008301,0.582580566,0.07421875,-0.16796875,0.19921875,-2.3359375,9.15625,-2.15625,0.0859375,-0.142578125,0.064453125
1894,18893312,19193312,0.777038574,-0.08984375,-0.221313477,0.582397461,0.07421875,-0.16796875,0.19921875,-2.3359375,9.15625,-2.15625,0.025390625,-0.150390625,0.087890625
1895,18898092,19198092,0.776733398,-0.0905761719,-0.221679688,0.582519531,0.10546875,-0.09375,0.1328125,-2.328125,9.15625,-2.1640625,0.025390625,-0.150390625,0.087890625
1896,18913071,19213071,0.776367188,-0.0911254883,-0.221984863,0.582763672,0.10546875,-0.09375,0.1328125,-2.328125,9.15625,-2.1640625,-0.080078125,-0.126953125,0.07421875
1897,18919704,19219704,0.775939941,-0.0917358398,-0.222351074,0.583129883,0.01953125,0.12890625,0.1171875,-2.3203125,9.1640625,-2.1484375,-0.080078125,-0.126953125,0.07421875
1898,18932006,19232006,0.77557373,-0.0923461914,-0.22265625,0.583435059,0.01953125,0.12890625,0.1171875,-2.3203125,9.1640625,-2.1484375,-0.0703125,-0.123046875,0.068359375
1899,18940032,19240032,0.77520752,-0.0928344727,-0.222961426,0.583740234,0.15625,0.0078125,0.16796875,-2.3046875,9.171875,-2.125,-0.0703125,-0.123046875,0.068359375
1900,18953594,19253594,0.774902344,-0.0932617188,-0.223205566,0.58392334,0.15625,0.0078125,0.16796875,-2.3046875,9.171875,-2.125,-0.04296875,-0.103515625,0.048828125
1901,18959648,19259648,0.774658203,-0.0936889648,-0.223510742,0.584106445,0.04296875,-0.1484375,-0.0390625,-2.3046875,9.171875,-2.109375,-0.04296875,-0.103515625,0.048828125
1902,18971945,19271945,0.774414062,-0.0939941406,-0.223876953,0.584228516,0.04296875,-0.1484375,-0.0390625,-2.3046875,9.171875,-2.109375,-0.029296875,-0.103515625,0.005859375
1903,18980333,19280333,0.774230957,-0.0943603516,-0.224304199,0.584228516,-0.078125,-0.26953125,-0.0859375,-2.296875,9.1796875,-2.1015625,-0.029296875,-0.103515625,0.005859375
1904,18993737,19293737,0.774230957,-0.0946655273,-0.22479248,0.583984375,-0.078125,-0.26953125,-0.0859375,-2.296875,9.1796875,-2.1015625,0.076171875,-0.13671875,-0.025390625
1905,19000492,19300492,0.774353027,-0.0950927734,-0.225402832,0.583557129,-0.1875,-0.30078125,0.0234375,-2.3046875,9.171875,-2.09375,0.076171875,-0.13671875,-0.025390625
1906,19012121,19312121,0.774475098,-0.0953979492,-0.225952148,0.583129883,-0.1875,-0.30078125,0.0234375,-2.3046875,9.171875,-2.09375,0.064453125,-0.11328125,-0.04296875
1907,19020150,19320150,0.774536133,-0.0956420898,-0.226501465,0.582824707,-0.0625,-0.0625,0.10546875,-2.3125,9.1640625,-2.1015625,0.064453125,-0.11328125,-0.04296875
1908,19033313,19333313,0.774536133,-0.0958251953,-0.226989746,0.582580566,-0.0625,-0.0625,0.10546875,-2.3125,9.1640625,-2.1015625,0.025390625,-0.119140625,-0.03125
1909,19039825,19339825,0.774475098,-0.0961303711,-0.227478027,0.582397461,-0.046875,0.12890625,0,-2.328125,9.1640625,-2.109375,0.025390625,-0.119140625,-0.03125
1910,19054010,19354010,0.774414062,-0.096496582,-0.228027344,0.582214355,-0.046875,0.12890625,0,-2.328125,9.1640625,-2.109375,0.02734375,-0.138671875,0.001953125
1911,19057733,19357733,0.774353027,-0.0969848633,-0.228515625,0.58203125,-0.234375,0.0625,0.15234375,-2.3359375,9.15625,-2.109375,0.02734375,-0.138671875,0.001953125
1912,19073060,19373060,0.774230957,-0.0974731445,-0.229125977,0.58190918,-0.234375,0.0625,0.15234375,-2.3359375,9.15625,-2.109375,0.01171875,-0.15234375,0.0078125
1913,19079632,19379632,0.774047852,-0.0979003906,-0.229675293,0.581848145,-0.03125,0.21484375,0.18359375,-2.34375,9.15625,-2.1015625,0.01171875,-0.15234375,0.0078125
1914,19092267,19392267,0.773803711,-0.0982055664,-0.230163574,0.58190918,-0.03125,0.21484375,0.18359375,-2.34375,9.15625,-2.1015625,-0.044921875,-0.109375,-0.013671875
1915,19101141,19401141,0.77355957,-0.098449707,-0.23059082,0.581970215,0.234375,0.25390625,0.0625,-2.34375,9.15625,-2.09375,-0.044921875,-0.109375,-0.013671875
1916,19114320,19414320,0.7734375,-0.0986938477,-0.231018066,0.58203125,0.234375,0.25390625,0.0625,-2.34375,9.15625,-2.09375,-0.015625,-0.099609375,0.001953125
1917,19120404,19420404,0.773254395,-0.0989379883,-0.231323242,0.58203125,0.01171875,-0.015625,-0.1015625,-2.3515625,9.15625,-2.0859375,-0.015625,-0.099609375,0.001953125
1918,19134025,19434025,0.773193359,-0.0991821289,-0.231567383,0.581970215,0.01171875,-0.015625,-0.1015625,-2.3515625,9.15625,-2.0859375,0,-0.064453125,0.013671875
1919,19137768,19437768,0.773132324,-0.0994262695,-0.231750488,0.581970215,-0.0625,-0.015625,-0.0703125,-2.3515625,9.15625,-2.078125,0,-0.064453125,0.013671875
1920,19153774,19453774,0.773193359,-0.0997314453,-0.231872559,0.581848145,-0.0625,-0.015625,-0.0703125,-2.3515625,9.15625,-2.078125,0.05078125,-0.048828125,0.025390625
1921,19159499,19459499,0.773254395,-0.0999755859,-0.231933594,0.581604004,0.08984375,0.0234375,-0.22265625,-2.3515625,9.15625,-2.078125,0.05078125,-0.048828125,0.025390625
1922,19174167,19474167,0.7734375,-0.100341797,-0.232116699,0.581237793,0.08984375,0.0234375,-0.22265625,-2.3515625,9.15625,-2.078125,0.087890625,-0.076171875,0.005859375
1923,19177903,19477903,0.773620605,-0.100708008,-0.232421875,0.580871582,-0.0234375,0.0234375,-0.09375,-2.3515625,9.15625,-2.09375,0.087890625,-0.076171875,0.005859375
1924,19191881,19491881,0.773864746,-0.101013184,-0.232727051,0.580383301,-0.0234375,0.0234375,-0.09375,-2.3515625,9.15625,-2.09375,0.109375,-0.0703125,-0.01953125
1925,19201917,19501917,0.774047852,-0.101135254,-0.232971191,0.579956055,0.12890625,0.0234375,0.15234375,-2.3515625,9.15625,-2.109375,0.109375,-0.0703125,-0.01953125
1926,19212227,19512227,0.774291992,-0.101196289,-0.233154297,0.579528809,0.12890625,0.0234375,0.15234375,-2.3515625,9.15625,-2.109375,0.0859375,-0.03515625,-0.0390625
1927,19221353,19521353,0.774536133,-0.101196289,-0.233276367,0.579162598,-0.0859375,-0.0859375,0.046875,-2.3671875,9.1484375,-2.1171875,0.0859375,-0.03515625,-0.0390625
1928,19235139,19535139,0.774780273,-0.101074219,-0.233459473,0.578857422,-0.0859375,-0.0859375,0.046875,-2.3671875,9.1484375,-2.1171875,0.076171875,0.005859375,-0.0625
1929,19241324,19541324,0.775024414,-0.100891113,-0.233581543,0.578430176,0,-0.078125,-0.0625,-2.375,9.140625,-2.125,0.076171875,0.005859375,-0.0625
1930,19253591,19553591,0.77545166,-0.100708008,-0.233642578,0.577941895,0,-0.078125,-0.0625,-2.375,9.140625,-2.125,0.126953125,0.013671875,-0.06640625
1931,19257314,19557314,0.775878906,-0.100646973,-0.233703613,0.577331543,-0.0234375,-0.1171875,-0.0390625,-2.390625,9.140625,-2.1484375,0.126953125,0.013671875,-0.06640625
1932,19274317,19574317,0.776428223,-0.100646973,-0.233642578,0.576538086,-0.0234375,-0.1171875,-0.0390625,-2.390625,9.140625,-2.1484375,0.1953125,0.015625,-0.03125
1933,19280494,19580494,0.776977539,-0.100708008,-0.233581543,0.575805664,-0.09375,0.09375,0.03125,-2.3984375,9.125,-2.1796875,0.1953125,0.015625,-0.03125
1934,19292797,19592797,0.77746582,-0.100891113,-0.233581543,0.575134277,-0.09375,0.09375,0.03125,-2.3984375,9.125,-2.1796875,0.150390625,-0.017578125,-0.0078125
1935,19300827,19600827,0.777832031,-0.101013184,-0.233581543,0.574645996,-0.0546875,0.29296875,0.25390625,-2.3984375,9.1171875,-2.2109375,0.150390625,-0.017578125,-0.0078125
1936,19314826,19614826,0.778076172,-0.101013184,-0.233276367,0.574401855,-0.0546875,0.29296875,0.25390625,-2.3984375,9.1171875,-2.2109375,0.05078125,0.08203125,0.029296875
1937,19321314,19621314,0.778259277,-0.101013184,-0.232788086,0.574401855,0.13671875,0.25390625,0.26953125,-2.3984375,9.1171875,-2.2265625,0.05078125,0.08203125,0.029296875
1938,19333935,19633935,0.778320312,-0.101013184,-0.232177734,0.574523926,0.13671875,0.25390625,0.26953125,-2.3984375,9.1171875,-2.2265625,-0.01171875,0.09765625,0.091796875
1939,19337685,19637685,0.778320312,-0.101074219,-0.231567383,0.574768066,0.12109375,0.4453125,-0.02734375,-2.3828125,9.1171875,-2.234375,-0.01171875,0.09765625,0.091796875
1940,19353859,19653859,0.778320312,-0.101196289,-0.230834961,0.575073242,0.12109375,0.4453125,-0.02734375,-2.3828125,9.1171875,-2.234375,-0.025390625,0.1015625,0.11328125
1941,19359598,19659598,0.778320312,-0.101196289,-0.230163574,0.575378418,0.25,0.3984375,-0.10546875,-2.359375,9.125,-2.234375,-0.025390625,0.1015625,0.11328125
1942,19372164,19672164,0.778198242,-0.101013184,-0.229431152,0.575866699,0.25,0.3984375,-0.10546875,-2.359375,9.125,-2.234375,-0.115234375,0.1640625,0.048828125
1943,19380496,19680496,0.777954102,-0.100524902,-0.228759766,0.576477051,0.1875,0.19921875,-0.02734375,-2.3359375,9.1328125,-2.234375,-0.115234375,0.1640625,0.048828125
1944,19395511,19695511,0.777648926,-0.0999145508,-0.228088379,0.577270508,0.1875,0.19921875,-0.02734375,-2.3359375,9.1328125,-2.234375,-0.17578125,0.15625,0.03125
1945,19401653,19701653,0.777282715,-0.0994262695,-0.227600098,0.578063965,-0.01953125,-0.23046875,-0.01171875,-2.3203125,9.140625,-2.2109375,-0.17578125,0.15625,0.03125
1946,19412132,19712132,0.776855469,-0.0989990234,-0.227111816,0.578918457,-0.01953125,-0.23046875,-0.01171875,-2.3203125,9.140625,-2.2109375,-0.18359375,0.1171875,0.029296875
1947,19420885,19720885,0.776428223,-0.0985107422,-0.226623535,0.579711914,0.1640625,0.10546875,-0.03515625,-2.3125,9.1484375,-2.1875,-0.18359375,0.1171875,0.029296875
1948,19433533,19733533,0.776062012,-0.0979614258,-0.226013184,0.580566406,0.1640625,0.10546875,-0.03515625,-2.3125,9.1484375,-2.1875,-0.189453125,0.185546875,0.04296875
1949,19440796,19740796,0.775695801,-0.0973510742,-0.225219727,0.581481934,0.234375,0.2890625,-0.03125,-2.3046875,9.15625,-2.15625,-0.189453125,0.185546875,0.04296875
1950,19452434,19752434,0.77520752,-0.0966186523,-0.224304199,0.582580566,0.234375,0.2890625,-0.03125,-2.3046875,9.15625,-2.15625,-0.25,0.228515625,0.05078125
1951,19460885,19760885,0.774719238,-0.0958251953,-0.223266602,0.583740234,0.171875,0.2734375,-0.17578125,-2.28125,9.171875,-2.125,-0.25,0.228515625,0.05078125
1952,19474253,19774253,0.774291992,-0.094909668,-0.222167969,0.584960938,0.171875,0.2734375,-0.17578125,-2.28125,9.171875,-2.125,-0.234375,0.291015625,0.05859375
1953,19479787,19779787,0.773925781,-0.0940551758,-0.220947266,0.585998535,0.03515625,0.15234375,-0.4765625,-2.2578125,9.1796875,-2.09375,-0.234375,0.291015625,0.05859375
1954,19493370,19793370,0.773681641,-0.092956543,-0.219421387,0.587036133,0.03515625,0.15234375,-0.4765625,-2.2578125,9.1796875,-2.09375,-0.17578125,0.380859375,0.064453125
1955,19499091,19799091,0.773620605,-0.0919799805,-0.217895508,0.58782959,0.26953125,0.09765625,-0.4609375,-2.2265625,9.1953125,-2.0703125,-0.17578125,0.380859375,0.064453125
1956,19512627,19812627,0.773742676,-0.0909423828,-0.216247559,0.588439941,0.26953125,0.09765625,-0.4609375,-2.2265625,9.1953125,-2.0703125,-0.068359375,0.39453125,0.064453125
1957,19519086,19819086,0.774047852,-0.0900268555,-0.214538574,0.588867188,0.09375,-0.21484375,-0.27734375,-2.203125,9.203125,-2.0625,-0.068359375,0.39453125,0.064453125
1958,19532643,19832643,0.774353027,-0.0892944336,-0.21295166,0.589111328,0.09375,-0.21484375,-0.27734375,-2.203125,9.203125,-2.0625,0.029296875,0.333984375,0.0859375
1959,19539963,19839963,0.774841309,-0.0887451172,-0.211425781,0.589172363,0.1015625,-0.03125,-0.4921875,-2.171875,9.2109375,-2.078125,0.029296875,0.333984375,0.0859375
1960,19554550,19854550,0.775268555,-0.0881958008,-0.209899902,0.589172363,0.1015625,-0.03125,-0.4921875,-2.171875,9.2109375,-2.078125,0.044921875,0.326171875,0.076171875
1961,19561199,19861199,0.775634766,-0.0874023438,-0.208312988,0.589416504,0.23046875,0.2265625,-0.3125,-2.1484375,9.21875,-2.1015625,0.044921875,0.326171875,0.076171875
1962,19572980,19872980,0.775756836,-0.0863037109,-0.206481934,0.590026855,0.23046875,0.2265625,-0.3125,-2.1484375,9.21875,-2.1015625,-0.12890625,0.4375,0.056640625
1963,19577767,19877767,0.775817871,-0.085144043,-0.204772949,0.590698242,0.19921875,-0.15625,-0.15234375,-2.1171875,9.21875,-2.109375,-0.12890625,0.4375,0.056640625
1964,19593038,19893038,0.776062012,-0.0841064453,-0.203308105,0.591064453,0.19921875,-0.15625,-0.15234375,-2.1171875,9.21875,-2.109375,0.00390625,0.330078125,0.021484375
1965,19598089,19898089,0.776428223,-0.0833129883,-0.202026367,0.591125488,-0.08984375,-0.5859375,0.11328125,-2.09375,9.2265625,-2.109375,0.00390625,0.330078125,0.021484375
1966,19612823,19912823,0.776794434,-0.0827026367,-0.200927734,0.591125488,-0.08984375,-0.5859375,0.11328125,-2.09375,9.2265625,-2.109375,0.009765625,0.24609375,0.033203125
1967,19617606,19917606,0.776977539,-0.0822143555,-0.200012207,0.591186523,-0.52734375,-0.39453125,0.67578125,-2.078125,9.2265625,-2.1328125,0.009765625,0.24609375,0.033203125
1968,19633622,19933622,0.777099609,-0.0821533203,-0.19934082,0.591247559,-0.52734375,-0.39453125,0.67578125,-2.078125,9.2265625,-2.1328125,0.029296875,0.078125,0.078125
1969,19640348,19940348,0.777282715,-0.0824584961,-0.198913574,0.591186523,-0.4765625,-0.1640625,0.453125,-2.0546875,9.2265625,-2.140625,0.029296875,0.078125,0.078125
1970,19653095,19953095,0.777587891,-0.0831298828,-0.198364258,0.590881348,-0.4765625,-0.1640625,0.453125,-2.0546875,9.2265625,-2.140625,0.146484375,0.001953125,0.173828125
1971,19657897,19957897,0.777954102,-0.0840454102,-0.197692871,0.590454102,0,0.6015625,0.20703125,-2.03125,9.2265625,-2.1640625,0.146484375,0.001953125,0.173828125
1972,19673513,19973513,0.778259277,-0.084777832,-0.196777344,0.590209961,0,0.6015625,0.20703125,-2.03125,9.2265625,-2.1640625,0.083984375,0.09765625,0.216796875
1973,19679491,19979491,0.778320312,-0.0852661133,-0.195678711,0.590454102,0.390625,0.79296875,0.078125,-2,9.2265625,-2.1875,0.083984375,0.09765625,0.216796875
1974,19693369,19993369,0.778015137,-0.0855102539,-0.194519043,0.591247559,0.390625,0.79296875,0.078125,-2,9.2265625,-2.1875,-0.21484375,0.15625,0.205078125
1975,19699523,19999523,0.77722168,-0.0855102539,-0.19342041,0.592590332,0.07421875,0.3203125,0.26953125,-1.953125,9.2421875,-2.1875,-0.21484375,0.15625,0.205078125
1976,19713046,20013046,0.776123047,-0.0855712891,-0.192504883,0.594299316,0.07421875,0.3203125,0.26953125,-1.953125,9.2421875,-2.1875,-0.376953125,0.09375,0.189453125
1977,19720162,20020162,0.775085449,-0.0858154297,-0.191833496,0.59588623,-0.0859375,-0.046875,0.24609375,-1.90625,9.265625,-2.125,-0.376953125,0.09375,0.189453125
1978,19733111,20033111,0.774230957,-0.0862426758,-0.19128418,0.597106934,-0.0859375,-0.046875,0.24609375,-1.90625,9.265625,-2.125,-0.1796875,0.009765625,0.1875
1979,19739532,20039532,0.773803711,-0.086730957,-0.190673828,0.59777832,0.109375,-0.21875,0.26953125,-1.875,9.28125,-2.0703125,-0.1796875,0.009765625,0.1875
1980,19752677,20052677,0.773681641,-0.0871582031,-0.189819336,0.598144531,0.109375,-0.21875,0.26953125,-1.875,9.28125,-2.0703125,-0.02734375,0.10546875,0.19140625
1981,19758965,20058965,0.773681641,-0.0875854492,-0.188842773,0.598388672,0.109375,-0.078125,0.0234375,-1.8359375,9.296875,-2.0546875,-0.02734375,0.10546875,0.19140625
1982,19772895,20072895,0.773925781,-0.087890625,-0.187744141,0.598388672,0.109375,-0.078125,0.0234375,-1.8359375,9.296875,-2.0546875,0.091796875,0.146484375,0.158203125
1983,19779335,20079335,0.774414062,-0.0881347656,-0.186706543,0.598083496,-0.1953125,-0.203125,-0.31640625,-1.796875,9.3046875,-2.0625,0.091796875,0.146484375,0.158203125
1984,19793434,20093434,0.775146484,-0.0884399414,-0.185791016,0.597351074,-0.1953125,-0.203125,-0.31640625,-1.796875,9.3046875,-2.0625,0.2734375,0.09765625,0.09375
1985,19799488,20099488,0.775939941,-0.0888061523,-0.185180664,0.596374512,-0.49609375,-0.43359375,-0.51171875,-1.765625,9.3046875,-2.09375,0.2734375,0.09765625,0.09375
1986,19812654,20112654,0.776794434,-0.0892944336,-0.184936523,0.595275879,-0.49609375,-0.43359375,-0.51171875,-1.765625,9.3046875,-2.09375,0.267578125,-0.0390625,0.044921875
1987,19819407,20119407,0.777404785,-0.08984375,-0.184936523,0.594482422,-0.40625,-0.609375,-0.18359375,-1.7421875,9.2890625,-2.15625,0.267578125,-0.0390625,0.044921875
1988,19833313,20133313,0.777648926,-0.0902709961,-0.185058594,0.593994141,-0.40625,-0.609375,-0.18359375,-1.7421875,9.2890625,-2.15625,0.05078125,-0.076171875,0.037109375
1989,19839487,20139487,0.777587891,-0.090637207,-0.185119629,0.593994141,-0.17578125,-0.5234375,0.15625,-1.7421875,9.28125,-2.1875,0.05078125,-0.076171875,0.037109375
1990,19852696,20152696,0.777282715,-0.0909423828,-0.185058594,0.594360352,-0.17578125,-0.5234375,0.15625,-1.7421875,9.28125,-2.1875,-0.107421875,-0.013671875,0.08203125
1991,19859379,20159379,0.776916504,-0.0911865234,-0.184875488,0.594848633,-0.03125,-0.03515625,0.4921875,-1.734375,9.2890625,-2.1796875,-0.107421875,-0.013671875,0.08203125
1992,19878206,20178206,0.776733398,-0.0913696289,-0.184509277,0.595275879,-0.03125,-0.03515625,0.4921875,-1.734375,9.2890625,-2.1796875,-0.04296875,0.048828125,0.072265625
1993,19882063,20182063,0.776733398,-0.0913696289,-0.184020996,0.595336914,0.03125,0.11328125,0.23828125,-1.71875,9.296875,-2.15625,-0.04296875,0.048828125,0.072265625
1994,19892219,20192219,0.777160645,-0.0912475586,-0.183532715,0.595031738,0.03125,0.11328125,0.23828125,-1.71875,9.296875,-2.15625,0.146484375,0.125,0
1995,19899513,20199513,0.777770996,-0.0908813477,-0.182983398,0.594360352,0.0234375,-0.03515625,-0.12890625,-1.7109375,9.2890625,-2.171875,0.146484375,0.125,0
1996,19913445,20213445,0.778564453,-0.0905151367,-0.182556152,0.593566895,0.0234375,-0.03515625,-0.12890625,-1.7109375,9.2890625,-2.171875,0.20703125,0.11328125,-0.06640625
1997,19919491,20219491,0.779174805,-0.0901489258,-0.182312012,0.592895508,-0.12109375,-0.21875,-0.2421875,-1.71875,9.28125,-2.2109375,0.20703125,0.11328125,-0.06640625
1998,19933697,20233697,0.779541016,-0.0899047852,-0.182312012,0.592407227,-0.12109375,-0.21875,-0.2421875,-1.71875,9.28125,-2.2109375,0.076171875,0.00390625,-0.046875
1999,19937448,20237448,0.779724121,-0.0899047852,-0.182434082,0.592163086,-0.0390625,-0.25,-0.171875,-1.7265625,9.2734375,-2.2421875,0.076171875,0.00390625,-0.046875
2000,19957206,20257206,0.779846191,-0.0900268555,-0.182617188,0.591918945,-0.0390625,-0.25,-0.171875,-1.7265625,9.2734375,-2.2421875,0.064453125,-0.044921875,0.005859375
2001,19961046,20261046,0.780029297,-0.0902709961,-0.182678223,0.59161377,-0.07421875,-0.32421875,0.02734375,-1.7265625,9.2734375,-2.25,0.064453125,-0.044921875,0.005859375
2002,19971956,20271956,0.780395508,-0.0905151367,-0.182739258,0.591064453,-0.07421875,-0.32421875,0.02734375,-1.7265625,9.2734375,-2.25,0.142578125,-0.025390625,0.001953125
2003,19979657,20279657,0.780822754,-0.0906982422,-0.182739258,0.590515137,-0.06640625,-0.01171875,-0.07421875,-1.734375,9.265625,-2.265625,0.142578125,-0.025390625,0.001953125
2004,19991746,20291746,0.781311035,-0.0908203125,-0.182861328,0.589782715,-0.06640625,-0.01171875,-0.07421875,-1.734375,9.265625,-2.265625,0.16796875,-0.02734375,-0.01953125
2005,20000919,20300919,0.781738281,-0.091003418,-0.182922363,0.589172363,-0.06640625,0.34375,0.2265625,-1.734375,9.2578125,-2.296875,0.16796875,-0.02734375,-0.01953125
2006,20012779,20312779,0.782104492,-0.0911865234,-0.183105469,0.588623047,-0.06640625,0.34375,0.2265625,-1.734375,9.2578125,-2.296875,0.1171875,-0.03515625,-0.01953125
2007,20018763,20318763,0.782348633,-0.0912475586,-0.183227539,0.588195801,0.09375,0.234375,0.25,-1.7421875,9.25,-2.3203125,0.1171875,-0.03515625,-0.01953125
2008,20037203,20337203,0.782531738,-0.0912475586,-0.183410645,0.58795166,0.09375,0.234375,0.25,-1.7421875,9.25,-2.3203125,0.05078125,-0.009765625,-0.03125
2009,20041192,20341192,0.782714844,-0.0911254883,-0.183410645,0.587768555,0.1328125,0.08984375,0.1484375,-1.7421875,9.2421875,-2.3359375,0.05078125,-0.009765625,-0.03125
2010,20052990,20352990,0.782836914,-0.0908813477,-0.183410645,0.587585449,0.1328125,0.08984375,0.1484375,-1.7421875,9.2421875,-2.3359375,0.029296875,0.046875,-0.044921875
2011,20058988,20358988,0.782958984,-0.090637207,-0.183410645,0.587463379,0.0234375,-0.1796875,0.00390625,-1.75,9.2421875,-2.34375,0.029296875,0.046875,-0.044921875
2012,20072920,20372920,0.78302002,-0.0904541016,-0.183532715,0.587341309,0.0234375,-0.1796875,0.00390625,-1.75,9.2421875,-2.34375,0.021484375,-0.0234375,-0.041015625
2013,20079853,20379853,0.783081055,-0.0905151367,-0.183776855,0.587158203,-0.08203125,-0.29296875,0.01171875,-1.7578125,9.2421875,-2.3515625,0.021484375,-0.0234375,-0.041015625
2014,20092849,20392849,0.783203125,-0.0906982422,-0.184143066,0.586914062,-0.08203125,-0.29296875,0.01171875,-1.7578125,9.2421875,-2.3515625,0.056640625,-0.091796875,-0.021484375
2015,20098832,20398832,0.783325195,-0.0909423828,-0.184509277,0.586608887,0.1171875,-0.015625,0.01171875,-1.765625,9.234375,-2.3515625,0.056640625,-0.091796875,-0.021484375
2016,20115224,20415224,0.783447266,-0.0911254883,-0.184814453,0.586303711,0.1171875,-0.015625,0.01171875,-1.765625,9.234375,-2.3515625,0.06640625,-0.060546875,-0.013671875
2017,20119364,20419364,0.783569336,-0.0913085938,-0.185058594,0.58605957,0.23828125,0.14453125,-0.01953125,-1.7734375,9.2265625,-2.359375,0.06640625,-0.060546875,-0.013671875
2018,20132539,20432539,0.783630371,-0.0913085938,-0.185302734,0.585876465,0.23828125,0.14453125,-0.01953125,-1.7734375,9.2265625,-2.359375,0.021484375,-0.041015625,-0.04296875
2019,20138520,20438520,0.783630371,-0.0912475586,-0.18560791,0.58581543,0.015625,-0.046875,0.06640625,-1.78125,9.2265625,-2.3671875,0.021484375,-0.041015625,-0.04296875
2020,20152447,20452447,0.783447266,-0.0910644531,-0.186035156,0.585876465,0.015625,-0.046875,0.06640625,-1.78125,9.2265625,-2.3671875,-0.05859375,-0.046875,-0.068359375
2021,20158227,20458227,0.78326416,-0.0908813477,-0.186462402,0.586120605,-0.12890625,-0.0859375,0.2890625,-1.7890625,9.2265625,-2.359375,-0.05859375,-0.046875,-0.068359375
2022,20171629,20471629,0.782897949,-0.090637207,-0.186889648,0.586425781,-0.12890625,-0.0859375,0.2890625,-1.7890625,9.2265625,-2.359375,-0.125,-0.044921875,-0.076171875
2023,20178973,20478973,0.782470703,-0.0903320312,-0.18737793,0.586914062,-0.11328125,-0.23828125,0.234375,-1.8046875,9.2265625,-2.34375,-0.125,-0.044921875,-0.076171875
2024,20196223,20496223,0.781982422,-0.0900268555,-0.187805176,0.587463379,-0.11328125,-0.23828125,0.234375,-1.8046875,9.2265625,-2.34375,-0.1796875,-0.0390625,-0.076171875
2025,20200236,20500236,0.78137207,-0.0895996094,-0.188293457,0.588195801,-0.01953125,-0.24609375,0.1640625,-1.8203125,9.234375,-2.3125,-0.1796875,-0.0390625,-0.076171875
2026,20211716,20511716,0.780700684,-0.0892333984,-0.188781738,0.588989258,-0.01953125,-0.24609375,0.1640625,-1.8203125,9.234375,-2.3125,-0.232421875,-0.048828125,-0.0859375
2027,20217682,20517682,0.780029297,-0.0888061523,-0.189331055,0.58972168,-0.08203125,-0.2109375,0.05078125,-1.8359375,9.234375,-2.2734375,-0.232421875,-0.048828125,-0.0859375
2028,20231082,20531082,0.779418945,-0.0883178711,-0.190002441,0.590393066,-0.08203125,-0.2109375,0.05078125,-1.8359375,9.234375,-2.2734375,-0.19921875,-0.052734375,-0.1171875
2029,20240416,20540416,0.778869629,-0.0878295898,-0.190612793,0.591003418,-0.05859375,-0.1015625,0.0390625,-1.859375,9.2421875,-2.2265625,-0.19921875,-0.052734375,-0.1171875
2030,20251741,20551741,0.778442383,-0.0872192383,-0.191345215,0.591491699,-0.05859375,-0.1015625,0.0390625,-1.859375,9.2421875,-2.2265625,-0.130859375,-0.0390625,-0.158203125
2031,20257713,20557713,0.778137207,-0.0865478516,-0.191955566,0.59173584,0.04296875,-0.140625,0.0078125,-1.8828125,9.2421875,-2.1953125,-0.130859375,-0.0390625,-0.158203125
2032,20277283,20577283,0.777954102,-0.0858154297,-0.192626953,0.59185791,0.04296875,-0.140625,0.0078125,-1.8828125,9.2421875,-2.1953125,-0.056640625,-0.01171875,-0.181640625
2033,20280916,20580916,0.777893066,-0.0850830078,-0.19317627,0.59185791,0.08203125,-0.1796875,-0.16796875,-1.921875,9.2421875,-2.171875,-0.056640625,-0.01171875,-0.181640625
2034,20292008,20592008,0.777893066,-0.0843505859,-0.193725586,0.59185791,0.08203125,-0.1796875,-0.16796875,-1.921875,9.2421875,-2.171875,-0.033203125,-0.001953125,-0.1796875
2035,20297991,20597991,0.777832031,-0.0836791992,-0.194335938,0.591796875,-0.00390625,-0.0234375,-0.21484375,-1.953125,9.2421875,-2.1640625,-0.033203125,-0.001953125,-0.1796875
2036,20311917,20611917,0.777832031,-0.0831298828,-0.194885254,0.591674805,-0.00390625,-0.0234375,-0.21484375,-1.953125,9.2421875,-2.1640625,-0.009765625,-0.029296875,-0.15625
2037,20319717,20619717,0.777832031,-0.0825805664,-0.19543457,0.59161377,-0.0859375,0.13671875,-0.0234375,-1.984375,9.234375,-2.1640625,-0.009765625,-0.029296875,-0.15625
2038,20332366,20632366,0.777709961,-0.0820922852,-0.195983887,0.591674805,-0.0859375,0.13671875,-0.0234375,-1.984375,9.234375,-2.1640625,-0.07421875,-0.01953125,-0.123046875
2039,20338348,20638348,0.77746582,-0.0816040039,-0.196411133,0.59185791,0.0234375,0.375,0.0859375,-2.015625,9.2265625,-2.15625,-0.07421875,-0.01953125,-0.123046875
2040,20355649,20655649,0.77722168,-0.0810546875,-0.196777344,0.592102051,0.0234375,0.375,0.0859375,-2.015625,9.2265625,-2.15625,-0.103515625,0.005859375,-0.123046875
2041,20359648,20659648,0.776977539,-0.0803833008,-0.197143555,0.592407227,-0.0390625,0.3359375,0.109375,-2.03125,9.2265625,-2.140625,-0.103515625,0.005859375,-0.123046875
2042,20371993,20671993,0.776794434,-0.0797119141,-0.197509766,0.592651367,-0.0390625,0.3359375,0.109375,-2.03125,9.2265625,-2.140625,-0.076171875,0.02734375,-0.1328125
2043,20377981,20677981,0.776672363,-0.0790405273,-0.197814941,0.592773438,-0.09375,0.14453125,0.09375,-2.0546875,9.2265625,-2.125,-0.076171875,0.02734375,-0.1328125
2044,20392242,20692242,0.776550293,-0.0783691406,-0.198120117,0.592956543,-0.09375,0.14453125,0.09375,-2.0546875,9.2265625,-2.125,-0.068359375,0.037109375,-0.130859375
2045,20398253,20698253,0.776367188,-0.0776977539,-0.198364258,0.593139648,-0.14453125,-0.0078125,0.0390625,-2.078125,9.2265625,-2.109375,-0.068359375,0.037109375,-0.130859375
2046,20413752,20713752,0.776184082,-0.0770874023,-0.198669434,0.593444824,-0.14453125,-0.0078125,0.0390625,-2.078125,9.2265625,-2.109375,-0.111328125,0.013671875,-0.109375
2047,20417484,20717484,0.775878906,-0.0765991211,-0.199035645,0.59375,-0.08203125,-0.046875,-0.0546875,-2.1015625,9.2265625,-2.09375,-0.111328125,0.013671875,-0.109375
2048,20434616,20734616,0.775512695,-0.0761108398,-0.199401855,0.594116211,-0.08203125,-0.046875,-0.0546875,-2.1015625,9.2265625,-2.09375,-0.126953125,-0.029296875,-0.095703125
2049,20438979,20738979,0.775146484,-0.0757446289,-0.199829102,0.594543457,-0.03125,-0.0078125,-0.0390625,-2.1171875,9.2265625,-2.0703125,-0.126953125,-0.029296875,-0.095703125
2050,20452416,20752416,0.774719238,-0.0753173828,-0.200195312,0.595031738,-0.03125,-0.0078125,-0.0390625,-2.1171875,9.2265625,-2.0703125,-0.140625,-0.0078125,-0.080078125
2051,20458865,20758865,0.774353027,-0.0748901367,-0.200500488,0.595458984,0.0625,0.10546875,-0.140625,-2.1328125,9.2265625,-2.046875,-0.140625,-0.0078125,-0.080078125
2052,20470966,20770966,0.773986816,-0.0745239258,-0.200805664,0.59588623,0.0625,0.10546875,-0.140625,-2.1328125,9.2265625,-2.046875,-0.11328125,-0.017578125,-0.072265625
2053,20480903,20780903,0.773742676,-0.07421875,-0.20111084,0.596130371,0.078125,0.10546875,-0.1640625,-2.1484375,9.2265625,-2.0234375,-0.11328125,-0.017578125,-0.072265625
2054,20493174,20793174,0.773681641,-0.0740356445,-0.201477051,0.596130371,0.078125,0.10546875,-0.1640625,-2.1484375,9.2265625,-2.0234375,0.001953125,-0.03515625,-0.068359375
2055,20498222,20798222,0.773681641,-0.0739135742,-0.201782227,0.596008301,0.015625,0.02734375,-0.0625,-2.1640625,9.2265625,-2.0078125,0.001953125,-0.03515625,-0.068359375
2056,20515649,20815649,0.773803711,-0.0737915039,-0.202148438,0.595703125,0.015625,0.02734375,-0.0625,-2.1640625,9.2265625,-2.0078125,0.060546875,-0.037109375,-0.0703125
2057,20519457,20819457,0.773986816,-0.0737304688,-0.202514648,0.595397949,0.078125,0.11328125,0.05859375,-2.1875,9.21875,-2.015625,0.060546875,-0.037109375,-0.0703125
2058,20533713,20833713,0.774230957,-0.0736694336,-0.202941895,0.594970703,0.078125,0.11328125,0.05859375,-2.1875,9.21875,-2.015625,0.087890625,-0.068359375,-0.076171875
2059,20537449,20837449,0.774414062,-0.0737304688,-0.203430176,0.594543457,0.01953125,0.0078125,0.03515625,-2.203125,9.2109375,-2.03125,0.087890625,-0.068359375,-0.076171875
2060,20551357,20851357,0.774536133,-0.0737915039,-0.204040527,0.594116211,0.01953125,0.0078125,0.03515625,-2.203125,9.2109375,-2.03125,0.048828125,-0.109375,-0.0703125
2061,20559329,20859329,0.774597168,-0.0739135742,-0.204650879,0.59387207,-0.00390625,0.015625,0.12109375,-2.21875,9.203125,-2.0390625,0.048828125,-0.109375,-0.0703125
2062,20572644,20872644,0.774597168,-0.0739746094,-0.205322266,0.59362793,-0.00390625,0.015625,0.12109375,-2.21875,9.203125,-2.0390625,0.03125,-0.123046875,-0.080078125
2063,20580634,20880634,0.774597168,-0.0740966797,-0.206054688,0.593383789,0.01171875,0.05078125,0.0078125,-2.234375,9.203125,-2.0390625,0.03125,-0.123046875,-0.080078125
2064,20596218,20896218,0.774597168,-0.07421875,-0.206726074,0.593017578,0.01171875,0.05078125,0.0078125,-2.234375,9.203125,-2.0390625,0.052734375,-0.125,-0.080078125
2065,20600207,20900207,0.774658203,-0.0742797852,-0.207397461,0.592712402,-0.00390625,-0.015625,0.05078125,-2.2578125,9.1953125,-2.046875,0.052734375,-0.125,-0.080078125
2066,20613843,20913843,0.774719238,-0.0744018555,-0.208007812,0.592468262,-0.00390625,-0.015625,0.05078125,-2.2578125,9.1953125,-2.046875,0.02734375,-0.109375,-0.056640625
2067,20617575,20917575,0.774658203,-0.0745849609,-0.208557129,0.592285156,-0.1015625,0.06640625,-0.0234375,-2.2734375,9.1875,-2.046875,0.02734375,-0.109375,-0.056640625
2068,20633609,20933609,0.774658203,-0.0747680664,-0.20916748,0.592102051,-0.1015625,0.06640625,-0.0234375,-2.2734375,9.1875,-2.046875,0.017578125,-0.111328125,-0.041015625
2069,20637358,20937358,0.774597168,-0.0749511719,-0.209716797,0.591918945,0.02734375,-0.0078125,-0.1015625,-2.2890625,9.1875,-2.046875,0.017578125,-0.111328125,-0.041015625
2070,20653554,20953554,0.774658203,-0.0752563477,-0.210266113,0.59161377,0.02734375,-0.0078125,-0.1015625,-2.2890625,9.1875,-2.046875,0.064453125,-0.134765625,-0.037109375
2071,20657285,20957285,0.774719238,-0.0756225586,-0.2109375,0.591247559,0.03515625,-0.0078125,-0.1015625,-2.296875,9.1875,-2.046875,0.064453125,-0.134765625,-0.037109375
2072,20674610,20974610,0.774841309,-0.0760498047,-0.211608887,0.590759277,0.03515625,-0.0078125,-0.1015625,-2.296875,9.1875,-2.046875,0.107421875,-0.16796875,-0.037109375
2073,20678354,20978354,0.775024414,-0.0765380859,-0.212341309,0.590209961,-0.02734375,-0.078125,0.05859375,-2.3125,9.1796875,-2.0546875,0.107421875,-0.16796875,-0.037109375
2074,20692941,20992941,0.775268555,-0.0770263672,-0.213134766,0.589599609,-0.02734375,-0.078125,0.05859375,-2.3125,9.1796875,-2.0546875,0.130859375,-0.19140625,-0.033203125
2075,20698987,20998987,0.775390625,-0.0776367188,-0.213867188,0.589050293,-0.1640625,-0.0703125,0.11328125,-2.328125,9.171875,-2.0703125,0.130859375,-0.19140625,-0.033203125
2076,20715011,21015011,0.77545166,-0.0782470703,-0.21472168,0.588623047,-0.1640625,-0.0703125,0.11328125,-2.328125,9.171875,-2.0703125,0.08203125,-0.20703125,-0.00390625
2077,20719215,21019215,0.775390625,-0.078918457,-0.215454102,0.588317871,-0.1171875,0.16796875,0.0078125,-2.3359375,9.1640625,-2.078125,0.08203125,-0.20703125,-0.00390625
2078,20731510,21031510,0.775268555,-0.0795288086,-0.216125488,0.588134766,-0.1171875,0.16796875,0.0078125,-2.3359375,9.1640625,-2.078125,0.01171875,-0.15625,0.013671875
2079,20738870,21038870,0.77520752,-0.0800170898,-0.21661377,0.588012695,0.12109375,0.28125,-0.0703125,-2.34375,9.1640625,-2.078125,0.01171875,-0.15625,0.013671875
2080,20754628,21054628,0.775146484,-0.0805664062,-0.21697998,0.58782959,0.12109375,0.28125,-0.0703125,-2.34375,9.1640625,-2.078125,0.05859375,-0.115234375,0.033203125
2081,20758365,21058365,0.77520752,-0.0810546875,-0.217285156,0.587585449,0.08203125,0.16796875,-0.109375,-2.34375,9.1640625,-2.078125,0.05859375,-0.115234375,0.033203125
2082,20772300,21072300,0.775390625,-0.0816040039,-0.217590332,0.587158203,0.08203125,0.16796875,-0.109375,-2.34375,9.1640625,-2.078125,0.09765625,-0.119140625,0.025390625
2083,20779712,21079712,0.77545166,-0.0821533203,-0.218017578,0.586853027,-0.03125,0.015625,0.015625,-2.34375,9.1640625,-2.0859375,0.09765625,-0.119140625,0.025390625
2084,20795651,21095651,0.775512695,-0.0827026367,-0.218322754,0.586547852,-0.03125,0.015625,0.015625,-2.34375,9.1640625,-2.0859375,0.0546875,-0.087890625,0.021484375
2085,20799654,21099654,0.775634766,-0.0830688477,-0.218566895,0.586303711,0.234375,0.0234375,0.17578125,-2.34375,9.15625,-2.09375,0.0546875,-0.087890625,0.021484375
2086,20813260,21113260,0.775817871,-0.0835571289,-0.21887207,0.585876465,0.234375,0.0234375,0.17578125,-2.34375,9.15625,-2.09375,0.109375,-0.103515625,0.013671875
2087,20816990,21116990,0.776000977,-0.0839233398,-0.219177246,0.585449219,-0.03125,-0.09375,0.0390625,-2.34375,9.15625,-2.109375,0.109375,-0.103515625,0.013671875
2088,20834618,21134618,0.776184082,-0.0843505859,-0.219421387,0.585021973,-0.03125,-0.09375,0.0390625,-2.34375,9.15625,-2.109375,0.09375,-0.08203125,0.017578125
2089,20838359,21138359,0.776245117,-0.084777832,-0.219665527,0.584838867,-0.1328125,-0.1640625,-0.17578125,-2.28125,9.2265625,-2.046875,0.09375,-0.08203125,0.017578125
2090,20853607,21153607,0.776184082,-0.0850830078,-0.219848633,0.584777832,-0.1328125,-0.1640625,-0.17578125,-2.28125,9.2265625,-2.046875,-0.01171875,-0.048828125,0.009765625
2091,20857216,21157216,0.776062012,-0.0853881836,-0.219970703,0.584777832,0.171875,0.07421875,-0.015625,-2.28125,9.21875,-2.0546875,-0.01171875,-0.048828125,0.009765625
2092,20874500,21174500,0.776062012,-0.0858154297,-0.220153809,0.584716797,0.171875,0.07421875,-0.015625,-2.28125,9.21875,-2.0546875,0.0546875,-0.109375,0.041015625
2093,20878117,21178117,0.776123047,-0.0863647461,-0.220458984,0.584472656,-0.05859375,-0.0078125,0.05859375,-2.28125,9.2265625,-2.0546875,0.0546875,-0.109375,0.041015625
2094,20892720,21192720,0.776184082,-0.0867919922,-0.22064209,0.58416748,-0.05859375,-0.0078125,0.05859375,-2.28125,9.2265625,-2.0546875,0.060546875,-0.05078125,0.005859375
2095,20898849,21198849,0.776306152,-0.0870361328,-0.22076416,0.583984375,0.171875,0.03515625,0.18359375,-2.28125,9.21875,-2.0625,0.060546875,-0.05078125,0.005859375
2096,20915521,21215521,0.776367188,-0.0873413086,-0.221008301,0.58380127,0.171875,0.03515625,0.18359375,-2.28125,9.21875,-2.0625,0.048828125,-0.076171875,0.009765625
2097,20919674,21219674,0.776306152,-0.0876464844,-0.221191406,0.583740234,-0.09375,-0.1171875,0.07421875,-2.28125,9.21875,-2.0703125,0.048828125,-0.076171875,0.009765625
2098,20932619,21232619,0.776245117,-0.0880126953,-0.221374512,0.583679199,-0.09375,-0.1171875,0.07421875,-2.28125,9.21875,-2.0703125,0.017578125,-0.072265625,0.01953125
2099,20939621,21239621,0.776184082,-0.0883178711,-0.221557617,0.583679199,-0.05078125,-0.078125,-0.125,-2.2890625,9.21875,-2.0625,0.017578125,-0.072265625,0.01953125
2100,20954493,21254493,0.776123047,-0.0886230469,-0.221740723,0.583557129,-0.05078125,-0.078125,-0.125,-2.2890625,9.21875,-2.0625,0.02734375,-0.056640625,0.01953125
2101,20958098,21258098,0.776123047,-0.0888061523,-0.221862793,0.583557129,-0.04296875,-0.03125,-0.1171875,-2.296875,9.2109375,-2.0703125,0.02734375,-0.056640625,0.01953125
2102,20972908,21272908,0.776000977,-0.0889892578,-0.221984863,0.583618164,-0.04296875,-0.03125,-0.1171875,-2.296875,9.2109375,-2.0703125,0,-0.037109375,0.017578125
2103,20977715,21277715,0.775939941,-0.0892333984,-0.222045898,0.583679199,-0.0859375,-0.03125,-0.03125,-2.2890625,9.2109375,-2.078125,0,-0.037109375,0.017578125
2104,20995533,21295533,0.775817871,-0.0894775391,-0.222167969,0.583740234,-0.0859375,-0.03125,-0.03125,-2.2890625,9.2109375,-2.078125,-0.001953125,-0.04296875,0.025390625
2105,21000088,21300088,0.775756836,-0.0897216797,-0.222229004,0.583740234,0.02734375,-0.0703125,0,-2.2890625,9.2109375,-2.0703125,-0.001953125,-0.04296875,0.025390625
2106,21013130,21313130,0.775817871,-0.0899047852,-0.222351074,0.583618164,0.02734375,-0.0703125,0,-2.2890625,9.2109375,-2.0703125,0.060546875,-0.046875,-0.00390625
2107,21017929,21317929,0.775939941,-0.0900878906,-0.222473145,0.583312988,-0.125,-0.21484375,-0.14453125,-2.2890625,9.203125,-2.078125,0.060546875,-0.046875,-0.00390625
2108,21033514,21333514,0.776184082,-0.0902709961,-0.222717285,0.582946777,-0.125,-0.21484375,-0.14453125,-2.2890625,9.203125,-2.078125,0.083984375,-0.05078125,-0.033203125
2109,21041273,21341273,0.776306152,-0.0903320312,-0.222961426,0.582702637,-0.1171875,-0.20703125,-0.0859375,-2.296875,9.1953125,-2.1015625,0.083984375,-0.05078125,-0.033203125
2110,21052702,21352702,0.776367188,-0.0903320312,-0.223144531,0.582519531,-0.1171875,-0.20703125,-0.0859375,-2.296875,9.1953125,-2.1015625,0.046875,-0.04296875,-0.02734375
2111,21060031,21360031,0.776489258,-0.0905151367,-0.223388672,0.582275391,-0.140625,-0.046875,-0.11328125,-2.3125,9.1875,-2.109375,0.046875,-0.04296875,-0.02734375
2112,21076075,21376075,0.776550293,-0.0907592773,-0.223693848,0.581970215,-0.140625,-0.046875,-0.11328125,-2.3125,9.1875,-2.109375,0.072265625,-0.10546875,-0.01171875
2113,21081041,21381041,0.776611328,-0.0911254883,-0.224121094,0.581665039,-0.1640625,-0.0625,0.0546875,-2.328125,9.1640625,-2.125,0.072265625,-0.10546875,-0.01171875
2114,21091866,21391866,0.776733398,-0.0914306641,-0.224487305,0.581298828,-0.1640625,-0.0625,0.0546875,-2.328125,9.1640625,-2.125,0.078125,-0.087890625,-0.021484375
2115,21097845,21397845,0.776855469,-0.0916137695,-0.224853516,0.580993652,-0.0703125,-0.015625,0.21484375,-2.34375,9.15625,-2.1328125,0.078125,-0.087890625,-0.021484375
2116,21115536,21415536,0.776916504,-0.0916137695,-0.225158691,0.580810547,-0.0703125,-0.015625,0.21484375,-2.34375,9.15625,-2.1328125,0.005859375,-0.03515625,-0.033203125
2117,21119524,21419524,0.776855469,-0.0916748047,-0.225402832,0.580749512,-0.140625,-0.046875,0.1015625,-2.3515625,9.1484375,-2.1328125,0.005859375,-0.03515625,-0.033203125
2118,21132292,21432292,0.776855469,-0.091796875,-0.225708008,0.580566406,-0.140625,-0.046875,0.1015625,-2.3515625,9.1484375,-2.1328125,0.0390625,-0.068359375,-0.0234375
2119,21138290,21438290,0.776916504,-0.0919799805,-0.226135254,0.580322266,-0.125,-0.0390625,-0.13671875,-2.3671875,9.140625,-2.125,0.0390625,-0.068359375,-0.0234375
2120,21156084,21456084,0.776977539,-0.0921630859,-0.226623535,0.580078125,-0.125,-0.0390625,-0.13671875,-2.3671875,9.140625,-2.125,0.044921875,-0.111328125,-0.04296875
2121,21160743,21460743,0.776977539,-0.0923461914,-0.227172852,0.579772949,-0.0625,-0.0703125,-0.0078125,-2.390625,9.1328125,-2.140625,0.044921875,-0.111328125,-0.04296875
2122,21172594,21472594,0.777038574,-0.0924682617,-0.227722168,0.579528809,-0.0625,-0.0703125,-0.0078125,-2.390625,9.1328125,-2.140625,0.048828125,-0.09375,-0.05078125
2123,21179559,21479559,0.777038574,-0.092590332,-0.228149414,0.579223633,0,-0.14453125,0.0625,-2.4140625,9.1328125,-2.1328125,0.048828125,-0.09375,-0.05078125
2124,21193508,21493508,0.777099609,-0.0926513672,-0.22857666,0.579040527,0,-0.14453125,0.0625,-2.4140625,9.1328125,-2.1328125,0.0234375,-0.0625,-0.048828125
2125,21201177,21501177,0.777099609,-0.092590332,-0.228942871,0.578918457,0.12890625,0.1015625,-0.046875,-2.4296875,9.1171875,-2.140625,0.0234375,-0.0625,-0.048828125
2126,21212312,21512312,0.777099609,-0.0923461914,-0.229187012,0.578796387,0.12890625,0.1015625,-0.046875,-2.4296875,9.1171875,-2.140625,0.009765625,0,-0.06640625
2127,21217339,21517339,0.777160645,-0.0920410156,-0.229370117,0.578735352,0.09765625,0.03125,-0.3125,-2.4375,9.109375,-2.140625,0.009765625,0,-0.06640625
2128,21234056,21534056,0.777282715,-0.0916748047,-0.229553223,0.578552246,0.09765625,0.03125,-0.3125,-2.4375,9.109375,-2.140625,0.04296875,0.033203125,-0.091796875
2129,21242913,21542913,0.777526855,-0.0912475586,-0.229614258,0.57824707,0.10546875,-0.0078125,-0.375,-2.4453125,9.109375,-2.15625,0.04296875,0.033203125,-0.091796875
2130,21252529,21552529,0.777954102,-0.0907592773,-0.229675293,0.577819824,0.10546875,-0.0078125,-0.375,-2.4453125,9.109375,-2.15625,0.123046875,0.06640625,-0.09765625
2131,21257576,21557576,0.778442383,-0.0903320312,-0.229614258,0.577209473,-0.03125,-0.11328125,-0.2421875,-2.4609375,9.1015625,-2.171875,0.123046875,0.06640625,-0.09765625
2132,21273342,21573342,0.778930664,-0.0899658203,-0.229614258,0.576599121,-0.03125,-0.11328125,-0.2421875,-2.4609375,9.1015625,-2.171875,0.111328125,0.060546875,-0.0859375
2133,21281370,21581370,0.779296875,-0.0895996094,-0.229553223,0.576171875,0.17578125,0.20703125,-0.08984375,-2.4765625,9.0859375,-2.2109375,0.111328125,0.060546875,-0.0859375
2134,21292662,21592662,0.779663086,-0.0891723633,-0.229431152,0.575744629,0.17578125,0.20703125,-0.08984375,-2.4765625,9.0859375,-2.2109375,0.08984375,0.0859375,-0.0625
2135,21297709,21597709,0.780090332,-0.0888061523,-0.229187012,0.575378418,0.109375,0.33203125,0.046875,-2.484375,9.078125,-2.234375,0.08984375,0.0859375,-0.0625
2136,21315693,21615693,0.780517578,-0.0885009766,-0.228881836,0.575012207,0.109375,0.33203125,0.046875,-2.484375,9.078125,-2.234375,0.10546875,0.09375,-0.017578125
2137,21320740,21620740,0.780944824,-0.0883789062,-0.22845459,0.574584961,0.0703125,0.33984375,0.0625,-2.484375,9.0703125,-2.25,0.10546875,0.09375,-0.017578125
2138,21331160,21631160,0.78137207,-0.0884399414,-0.227905273,0.574157715,0.0703125,0.33984375,0.0625,-2.484375,9.0703125,-2.25,0.126953125,0.09375,0.060546875
2139,21337570,21637570,0.781738281,-0.0885620117,-0.227294922,0.573852539,-0.046875,0.4453125,0.1328125,-2.484375,9.078125,-2.28125,0.126953125,0.09375,0.060546875
2140,21353658,21653658,0.782043457,-0.0886230469,-0.226623535,0.573730469,-0.046875,0.4453125,0.1328125,-2.484375,9.078125,-2.28125,0.0546875,0.119140625,0.076171875
2141,21361593,21661593,0.782287598,-0.0885620117,-0.225891113,0.573730469,-0.109375,0.22265625,0.15625,-2.4609375,9.0703125,-2.3046875,0.0546875,0.119140625,0.076171875
2142,21373002,21673002,0.782348633,-0.0884399414,-0.225097656,0.573913574,-0.109375,0.22265625,0.15625,-2.4609375,9.0703125,-2.3046875,-0.021484375,0.142578125,0.087890625
2143,21376728,21676728,0.782409668,-0.0883789062,-0.224365234,0.57421875,-0.0859375,0.17578125,0.08984375,-2.4453125,9.078125,-2.3125,-0.021484375,0.142578125,0.087890625
2144,21393663,21693663,0.782348633,-0.0883789062,-0.223632812,0.574584961,-0.0859375,0.17578125,0.08984375,-2.4453125,9.078125,-2.3125,-0.06640625,0.12109375,0.103515625
2145,21401611,21701611,0.782226562,-0.0883178711,-0.222900391,0.575012207,0.0390625,0.25390625,0.171875,-2.4140625,9.078125,-2.3203125,-0.06640625,0.12109375,0.103515625
2146,21413961,21713961,0.782043457,-0.0882568359,-0.222045898,0.575622559,0.0390625,0.25390625,0.171875,-2.4140625,9.078125,-2.3203125,-0.115234375,0.150390625,0.111328125
2147,21417716,21717716,0.781799316,-0.0880737305,-0.221252441,0.576293945,0.05078125,0.1328125,0.1640625,-2.390625,9.0859375,-2.3125,-0.115234375,0.150390625,0.111328125
2148,21434140,21734140,0.781433105,-0.0878295898,-0.220397949,0.577148438,0.05078125,0.1328125,0.1640625,-2.390625,9.0859375,-2.3125,-0.1796875,0.154296875,0.09375
2149,21441587,21741587,0.781005859,-0.0875244141,-0.219665527,0.57800293,0.02734375,0.1171875,0.140625,-2.3671875,9.1015625,-2.2890625,-0.1796875,0.154296875,0.09375
2150,21453277,21753277,0.780517578,-0.0872802734,-0.218994141,0.578979492,0.02734375,0.1171875,0.140625,-2.3671875,9.1015625,-2.2890625,-0.21875,0.12109375,0.08984375
2151,21457031,21757031,0.779968262,-0.0870361328,-0.218383789,0.579956055,0.08203125,0.1015625,-0.00390625,-2.34375,9.1171875,-2.2578125,-0.21875,0.12109375,0.08984375
2152,21473674,21773674,0.779418945,-0.086730957,-0.217590332,0.581115723,0.08203125,0.1015625,-0.00390625,-2.34375,9.1171875,-2.2578125,-0.248046875,0.15234375,0.08984375
2153,21481618,21781618,0.778869629,-0.0863037109,-0.21685791,0.58215332,0.2109375,0.16015625,-0.15234375,-2.3203125,9.1328125,-2.2265625,-0.248046875,0.15234375,0.08984375
2154,21493590,21793590,0.778320312,-0.0858764648,-0.215942383,0.583312988,0.2109375,0.16015625,-0.15234375,-2.3203125,9.1328125,-2.2265625,-0.224609375,0.189453125,0.09375
2155,21497326,21797326,0.777832031,-0.0855102539,-0.215026855,0.584289551,0.3046875,0.10546875,-0.2265625,-2.296875,9.1484375,-2.1875,-0.224609375,0.189453125,0.09375
2156,21513026,21813026,0.77746582,-0.085144043,-0.214050293,0.585205078,0.3046875,0.10546875,-0.2265625,-2.296875,9.1484375,-2.1875,-0.16796875,0.189453125,0.095703125
2157,21520946,21820946,0.77722168,-0.084777832,-0.213134766,0.585998535,0.234375,0.08984375,-0.21484375,-2.265625,9.1640625,-2.1640625,-0.16796875,0.189453125,0.095703125
2158,21532287,21832287,0.776916504,-0.0844116211,-0.212158203,0.586730957,0.234375,0.08984375,-0.21484375,-2.265625,9.1640625,-2.1640625,-0.140625,0.169921875,0.10546875
2159,21538991,21838991,0.776550293,-0.0841064453,-0.211181641,0.587585449,0.05078125,0.12109375,-0.046875,-2.234375,9.171875,-2.140625,-0.140625,0.169921875,0.10546875
2160,21553341,21853341,0.776062012,-0.0836791992,-0.210021973,0.588684082,0.05078125,0.12109375,-0.046875,-2.234375,9.171875,-2.140625,-0.236328125,0.24609375,0.126953125
2161,21561292,21861292,0.77557373,-0.0832519531,-0.20880127,0.589904785,0.21875,0.09765625,-0.0703125,-2.2109375,9.1953125,-2.1171875,-0.236328125,0.24609375,0.126953125
2162,21572784,21872784,0.774841309,-0.0828857422,-0.207519531,0.591369629,0.21875,0.09765625,-0.0703125,-2.2109375,9.1953125,-2.1171875,-0.31640625,0.224609375,0.181640625
2163,21579166,21879166,0.774108887,-0.0826416016,-0.206298828,0.592712402,0.0234375,-0.03125,-0.0703125,-2.171875,9.2109375,-2.078125,-0.31640625,0.224609375,0.181640625
2164,21596685,21896685,0.773498535,-0.0827026367,-0.205200195,0.593933105,0.0234375,-0.03125,-0.0703125,-2.171875,9.2109375,-2.078125,-0.1796875,0.126953125,0.19140625
2165,21600636,21900636,0.773071289,-0.0829467773,-0.204284668,0.594787598,-0.05859375,0.10546875,-0.33984375,-2.125,9.2265625,-2.0390625,-0.1796875,0.126953125,0.19140625
2166,21611821,21911821,0.772644043,-0.0832519531,-0.203369141,0.595581055,-0.05859375,0.10546875,-0.33984375,-2.125,9.2265625,-2.0390625,-0.13671875,0.091796875,0.19921875
2167,21619997,21919997,0.772216797,-0.0836181641,-0.202453613,0.596374512,-0.13671875,0.05078125,0.18359375,-2.0859375,9.2421875,-2.0234375,-0.13671875,0.091796875,0.19921875
2168,21635509,21935509,0.771728516,-0.0839233398,-0.201293945,0.597351074,-0.13671875,0.05078125,0.18359375,-2.0859375,9.2421875,-2.0234375,-0.189453125,0.162109375,0.236328125
2169,21640517,21940517,0.771240234,-0.0841674805,-0.199951172,0.598388672,0.08203125,0.15234375,-0.1953125,-2.0390625,9.2578125,-1.9921875,-0.189453125,0.162109375,0.236328125
2170,21654862,21954862,0.770812988,-0.0844726562,-0.198486328,0.599487305,0.08203125,0.15234375,-0.1953125,-2.0390625,9.2578125,-1.9921875,-0.1796875,0.181640625,0.291015625
2171,21659069,21959069,0.770324707,-0.0849609375,-0.19708252,0.600402832,0.02734375,0.171875,-0.33203125,-1.984375,9.2734375,-1.96875,-0.1796875,0.181640625,0.291015625
2172,21676666,21976666,0.769958496,-0.0856933594,-0.195556641,0.601379395,0.02734375,0.171875,-0.33203125,-1.984375,9.2734375,-1.96875,-0.11328125,0.1171875,0.328125
2173,21678151,21978151,0.769592285,-0.0865478516,-0.194213867,0.602111816,-0.1484375,0.3125,0.06640625,-1.921875,9.2890625,-1.9453125,-0.11328125,0.1171875,0.328125
2174,21692843,21992843,0.769348145,-0.0874633789,-0.193054199,0.602661133,-0.1484375,0.3125,0.06640625,-1.921875,9.2890625,-1.9453125,-0.056640625,0.0625,0.314453125
2175,21699225,21999225,0.769165039,-0.0883789062,-0.191894531,0.603149414,-0.25,0.1328125,0.2890625,-1.859375,9.3125,-1.9375,-0.056640625,0.0625,0.314453125
2176,21713380,22013380,0.769042969,-0.0892333984,-0.190734863,0.603515625,-0.25,0.1328125,0.2890625,-1.859375,9.3125,-1.9375,-0.01171875,0.0859375,0.28125
2177,21717130,22017130,0.768920898,-0.0899658203,-0.18951416,0.603942871,-0.1953125,-0.06640625,0.203125,-1.796875,9.3203125,-1.9296875,-0.01171875,0.0859375,0.28125
2178,21732752,22032752,0.768737793,-0.0905761719,-0.188171387,0.604492188,-0.1953125,-0.06640625,0.203125,-1.796875,9.3203125,-1.9296875,-0.068359375,0.14453125,0.275390625
2179,21739458,22039458,0.768493652,-0.0911254883,-0.186828613,0.605163574,-0.05859375,0.03515625,0.05078125,-1.7421875,9.3359375,-1.9296875,-0.068359375,0.14453125,0.275390625
2180,21755498,22055498,0.768005371,-0.0917358398,-0.185241699,0.606201172,-0.05859375,0.03515625,0.05078125,-1.7421875,9.3359375,-1.9296875,-0.189453125,0.16796875,0.337890625
2181,21759492,22059492,0.767333984,-0.0924072266,-0.18359375,0.60736084,0.10546875,0.4765625,-0.01171875,-1.6796875,9.3515625,-1.90625,-0.189453125,0.16796875,0.337890625
2182,21772860,22072860,0.766723633,-0.0932617188,-0.181884766,0.608520508,0.10546875,0.4765625,-0.01171875,-1.6796875,9.3515625,-1.90625,-0.15625,0.150390625,0.396484375
2183,21779553,22079553,0.766540527,-0.0942382812,-0.180297852,0.609130859,0.18359375,0.33984375,-0.3046875,-1.6015625,9.375,-1.8828125,-0.15625,0.150390625,0.396484375
2184,21796645,22096645,0.766906738,-0.0953369141,-0.178649902,0.608947754,0.18359375,0.33984375,-0.3046875,-1.6015625,9.375,-1.8828125,0.259765625,0.1328125,0.318359375
2185,21798136,22098136,0.767822266,-0.0963134766,-0.177001953,0.608093262,-0.15625,-0.55859375,-0.1796875,-1.53125,9.390625,-1.890625,0.259765625,0.1328125,0.318359375
2186,21812362,22112362,0.768859863,-0.0971679688,-0.175476074,0.607177734,-0.15625,-0.55859375,-0.1796875,-1.53125,9.390625,-1.890625,0.29296875,0.15234375,0.244140625
2187,21818349,22118349,0.769592285,-0.0978393555,-0.174133301,0.606506348,-0.10546875,-0.51171875,0.37890625,-1.46875,9.3828125,-1.953125,0.29296875,0.15234375,0.244140625
2188,21834798,22134798,0.769958496,-0.0983886719,-0.172973633,0.606262207,-0.10546875,-0.51171875,0.37890625,-1.46875,9.3828125,-1.953125,0.0859375,0.123046875,0.21484375
2189,21839704,22139704,0.770019531,-0.0988769531,-0.17175293,0.606445312,0.15625,0.1796875,0.03515625,-1.421875,9.3828125,-1.9921875,0.0859375,0.123046875,0.21484375
2190,21852341,22152341,0.769714355,-0.0993041992,-0.170349121,0.607177734,0.15625,0.1796875,0.03515625,-1.421875,9.3828125,-1.9921875,-0.16015625,0.17578125,0.275390625
2191,21859426,22159426,0.769165039,-0.0996704102,-0.168762207,0.608276367,0.26171875,0.171875,-0.421875,-1.375,9.390625,-1.9921875,-0.16015625,0.17578125,0.275390625
2192,21874625,22174625,0.768676758,-0.100036621,-0.166931152,0.609313965,0.26171875,0.171875,-0.421875,-1.375,9.390625,-1.9921875,-0.134765625,0.248046875,0.322265625
2193,21879413,22179413,0.768554688,-0.100463867,-0.165283203,0.609863281,-0.0078125,-0.49609375,-0.67578125,-1.296875,9.40625,-1.96875,-0.134765625,0.248046875,0.322265625
2194,21892042,22192042,0.768798828,-0.101196289,-0.163818359,0.609863281,-0.0078125,-0.49609375,-0.67578125,-1.296875,9.40625,-1.96875,0.14453125,0.091796875,0.251953125
2195,21898034,22198034,0.769226074,-0.101989746,-0.162841797,0.609375,-0.25390625,-1,0.05859375,-1.2421875,9.4140625,-1.9765625,0.14453125,0.091796875,0.251953125
2196,21914622,22214622,0.76965332,-0.102844238,-0.162353516,0.608886719,-0.25390625,-1,0.05859375,-1.2421875,9.4140625,-1.9765625,0.130859375,-0.05078125,0.14453125
2197,21918787,22218787,0.769775391,-0.103515625,-0.162109375,0.608703613,-0.25390625,-0.3828125,1.19921875,-1.203125,9.40625,-2.0078125,0.130859375,-0.05078125,0.14453125
2198,21932374,22232374,0.769592285,-0.104064941,-0.161804199,0.608886719,-0.25390625,-0.3828125,1.19921875,-1.203125,9.40625,-2.0078125,-0.052734375,-0.005859375,0.126953125
2199,21938346,22238346,0.76940918,-0.104553223,-0.161254883,0.609130859,-0.0859375,0.1484375,0.47265625,-1.1796875,9.4140625,-2.0078125,-0.052734375,-0.005859375,0.126953125
2200,21955836,22255836,0.76965332,-0.104919434,-0.160400391,0.609008789,-0.0859375,0.1484375,0.47265625,-1.1796875,9.4140625,-2.0078125,0.154296875,0.14453125,0.16015625
2201,21959770,22259770,0.770568848,-0.105102539,-0.159118652,0.608154297,-0.1953125,-0.16015625,-0.62890625,-1.1484375,9.4140625,-2.015625,0.154296875,0.14453125,0.16015625
2202,21970159,22270159,0.772094727,-0.105285645,-0.157775879,0.606506348,-0.1953125,-0.16015625,-0.62890625,-1.1484375,9.4140625,-2.015625,0.55859375,0.1875,0.08203125
2203,21979135,22279135,0.773803711,-0.105529785,-0.156799316,0.604553223,-0.609375,-0.6796875,-0.67578125,-1.1171875,9.3984375,-2.0859375,0.55859375,0.1875,0.08203125
2204,21995461,22295461,0.77532959,-0.105834961,-0.15637207,0.602661133,-0.609375,-0.6796875,-0.67578125,-1.1171875,9.3984375,-2.0859375,0.4375,-0.001953125,-0.01953125
2205,21999066,22299066,0.776550293,-0.106018066,-0.156311035,0.601135254,-0.1953125,-0.5859375,0.0390625,-1.109375,9.3828125,-2.1875,0.4375,-0.001953125,-0.01953125
2206,22011248,22311248,0.777404785,-0.106018066,-0.156433105,0.599914551,-0.1953125,-0.5859375,0.0390625,-1.109375,9.3828125,-2.1875,0.2265625,-0.005859375,-0.072265625
2207,22019046,22319046,0.777954102,-0.105895996,-0.156494141,0.599243164,-0.03515625,-0.41796875,0.21875,-1.1171875,9.3671875,-2.25,0.2265625,-0.005859375,-0.072265625
2208,22033952,22333952,0.778320312,-0.105651855,-0.15637207,0.598876953,-0.03515625,-0.41796875,0.21875,-1.1171875,9.3671875,-2.25,0.06640625,0.068359375,-0.033203125
2209,22038647,22338647,0.778564453,-0.105407715,-0.156188965,0.598632812,0.203125,-0.296875,-0.02734375,-1.125,9.359375,-2.2734375,0.06640625,0.068359375,-0.033203125
2210,22053875,22353875,0.778930664,-0.105102539,-0.156005859,0.598205566,0.203125,-0.296875,-0.02734375,-1.125,9.359375,-2.2734375,0.111328125,0.048828125,-0.0546875
2211,22057621,22357621,0.77935791,-0.104858398,-0.156005859,0.597717285,-0.0546875,-0.2109375,-0.08203125,-1.1328125,9.3515625,-2.296875,0.111328125,0.048828125,-0.0546875
2212,22075363,22375363,0.779907227,-0.104675293,-0.156188965,0.596984863,-0.0546875,-0.2109375,-0.08203125,-1.1328125,9.3515625,-2.296875,0.1875,-0.02734375,-0.091796875
2213,22079359,22379359,0.780517578,-0.104553223,-0.156494141,0.596130371,-0.1953125,-0.1640625,0.5546875,-1.1484375,9.34375,-2.3203125,0.1875,-0.02734375,-0.091796875
2214,22091806,22391806,0.78112793,-0.104309082,-0.156799316,0.595336914,-0.1953125,-0.1640625,0.5546875,-1.1484375,9.34375,-2.3203125,0.16796875,-0.00390625,-0.107421875
2215,22097547,22397547,0.781616211,-0.104064941,-0.156982422,0.594665527,-0.140625,-0.08203125,0.328125,-1.1640625,9.3359375,-2.359375,0.16796875,-0.00390625,-0.107421875
2216,22116612,22416612,0.781982422,-0.10369873,-0.157104492,0.594177246,-0.140625,-0.08203125,0.328125,-1.1640625,9.3359375,-2.359375,0.0859375,0.037109375,-0.080078125
2217,22120903,22420903,0.782287598,-0.103393555,-0.157104492,0.59387207,0,0.31640625,-0.1875,-1.1875,9.3203125,-2.3828125,0.0859375,0.037109375,-0.080078125
2218,22132077,22432077,0.782531738,-0.103210449,-0.157043457,0.593566895,0,0.31640625,-0.1875,-1.1875,9.3203125,-2.3828125,0.0625,0.013671875,-0.029296875
2219,22137810,22437810,0.782714844,-0.103149414,-0.157104492,0.593322754,-0.109375,0.43359375,-0.29296875,-1.1953125,9.3203125,-2.390625,0.0625,0.013671875,-0.029296875
2220,22154372,22454372,0.782836914,-0.103088379,-0.157287598,0.593139648,-0.109375,0.43359375,-0.29296875,-1.1953125,9.3203125,-2.390625,0.03125,-0.02734375,-0.029296875
2221,22158303,22458303,0.782897949,-0.103088379,-0.157470703,0.593017578,-0.0625,0.2890625,0.296875,-1.203125,9.3125,-2.40625,0.03125,-0.02734375,-0.029296875
2222,22171486,22471486,0.782897949,-0.103027344,-0.157531738,0.593017578,-0.0625,0.2890625,0.296875,-1.203125,9.3125,-2.40625,-0.00390625,0,-0.0078125
2223,22177215,22477215,0.782897949,-0.103027344,-0.157531738,0.593017578,-0.1015625,0.1328125,0.18359375,-1.203125,9.3125,-2.40625,-0.00390625,0,-0.0078125
2224,22194724,22494724,0.782897949,-0.103027344,-0.157531738,0.592956543,-0.1015625,0.1328125,0.18359375,-1.203125,9.3125,-2.40625,0.021484375,-0.01171875,-0.001953125
2225,22199320,22499320,0.782958984,-0.103149414,-0.157653809,0.592834473,-0.17578125,-0.05859375,0.18359375,-1.203125,9.3125,-2.40625,0.021484375,-0.01171875,-0.001953125
2226,22210519,22510519,0.78302002,-0.103271484,-0.157897949,0.592712402,-0.17578125,-0.05859375,0.18359375,-1.203125,9.3125,-2.40625,0.005859375,-0.072265625,-0.015625
2227,22219241,22519241,0.782897949,-0.103393555,-0.15826416,0.592712402,-0.20703125,-0.2109375,0.296875,-1.2109375,9.3125,-2.40625,0.005859375,-0.072265625,-0.015625
2228,22233361,22533361,0.782653809,-0.10333252,-0.158752441,0.592956543,-0.20703125,-0.2109375,0.296875,-1.2109375,9.3125,-2.40625,-0.11328125,-0.07421875,-0.0703125
2229,22236971,22536971,0.782226562,-0.103149414,-0.159362793,0.593383789,-0.078125,-0.32421875,0.2890625,-1.2265625,9.3125,-2.3984375,-0.11328125,-0.07421875,-0.0703125
2230,22250679,22550679,0.781677246,-0.102905273,-0.160095215,0.593933105,-0.078125,-0.32421875,0.2890625,-1.2265625,9.3125,-2.3984375,-0.201171875,-0.09765625,-0.103515625
2231,22257960,22557960,0.780944824,-0.102661133,-0.161010742,0.594665527,-0.13671875,-0.515625,0.3359375,-1.2421875,9.3125,-2.3671875,-0.201171875,-0.09765625,-0.103515625
2232,22276557,22576557,0.780212402,-0.102416992,-0.16204834,0.595458984,-0.13671875,-0.515625,0.3359375,-1.2421875,9.3125,-2.3671875,-0.255859375,-0.16796875,-0.123046875
2233,22280936,22580936,0.77935791,-0.102233887,-0.163208008,0.596252441,-0.0703125,-0.609375,0.1328125,-1.2734375,9.328125,-2.3203125,-0.255859375,-0.16796875,-0.123046875
2234,22293040,22593040,0.778503418,-0.102050781,-0.164367676,0.597106934,-0.0703125,-0.609375,0.1328125,-1.2734375,9.328125,-2.3203125,-0.267578125,-0.1640625,-0.12109375
2235,22296771,22596771,0.777648926,-0.101867676,-0.165405273,0.597900391,-0.0078125,-0.34765625,-0.03515625,-1.296875,9.3359375,-2.265625,-0.267578125,-0.1640625,-0.12109375
2236,22315029,22615029,0.776855469,-0.101806641,-0.166625977,0.598693848,-0.0078125,-0.34765625,-0.03515625,-1.296875,9.3359375,-2.265625,-0.21875,-0.1875,-0.103515625
2237,22319388,22619388,0.776184082,-0.101745605,-0.167724609,0.599243164,-0.05078125,-0.00390625,0.0625,-1.328125,9.3359375,-2.2109375,-0.21875,-0.1875,-0.103515625
2238,22333219,22633219,0.77557373,-0.1015625,-0.168823242,0.599731445,-0.05078125,-0.00390625,0.0625,-1.328125,9.3359375,-2.2109375,-0.162109375,-0.138671875,-0.125
2239,22336953,22636953,0.775146484,-0.101379395,-0.16973877,0.600097656,0.046875,0.1796875,0.0625,-1.3515625,9.34375,-2.171875,-0.162109375,-0.138671875,-0.125
2240,22354670,22654670,0.774780273,-0.101013184,-0.170776367,0.600341797,0.046875,0.1796875,0.0625,-1.3515625,9.34375,-2.171875,-0.087890625,-0.109375,-0.162109375
2241,22358869,22658869,0.774536133,-0.100585938,-0.171630859,0.600402832,0.046875,0.03515625,0.078125,-1.390625,9.3359375,-2.1484375,-0.087890625,-0.109375,-0.162109375
2242,22373055,22673055,0.774475098,-0.0999145508,-0.172485352,0.600341797,0.046875,0.03515625,0.078125,-1.390625,9.3359375,-2.1484375,-0.029296875,-0.02734375,-0.20703125
2243,22376795,22676795,0.774536133,-0.0991210938,-0.173156738,0.600219727,0.01171875,-0.04296875,-0.046875,-1.4296875,9.3359375,-2.140625,-0.029296875,-0.02734375,-0.20703125
2244,22394628,22694628,0.774719238,-0.0980834961,-0.17401123,0.599975586,0.01171875,-0.04296875,-0.046875,-1.4296875,9.3359375,-2.140625,0.029296875,-0.00390625,-0.271484375
2245,22398780,22698780,0.774963379,-0.0971069336,-0.174865723,0.599487305,-0.171875,-0.265625,-0.08984375,-1.4765625,9.328125,-2.1328125,0.029296875,-0.00390625,-0.271484375
2246,22412053,22712053,0.775390625,-0.0958862305,-0.175842285,0.598876953,-0.171875,-0.265625,-0.08984375,-1.4765625,9.328125,-2.1328125,0.087890625,-0.013671875,-0.33203125
2247,22417087,22717087,0.775756836,-0.0947265625,-0.176879883,0.598266602,-0.34765625,-0.5234375,-0.19140625,-1.53125,9.3203125,-2.1484375,0.087890625,-0.013671875,-0.33203125
2248,22435345,22735345,0.776123047,-0.0935668945,-0.177978516,0.59765625,-0.34765625,-0.5234375,-0.19140625,-1.53125,9.3203125,-2.1484375,0.076171875,-0.03125,-0.33984375
2249,22439335,22739335,0.776489258,-0.0924072266,-0.179077148,0.597045898,-0.171875,-0.5078125,-0.21484375,-1.59375,9.3046875,-2.1640625,0.076171875,-0.03125,-0.33984375
2250,22452967,22752967,0.776611328,-0.0913085938,-0.180175781,0.596740723,-0.171875,-0.5078125,-0.21484375,-1.59375,9.3046875,-2.1640625,-0.01953125,-0.037109375,-0.30078125
2251,22456696,22756696,0.776550293,-0.0903320312,-0.181213379,0.596618652,0.12109375,0.00390625,-0.09765625,-1.65625,9.2890625,-2.1640625,-0.01953125,-0.037109375,-0.30078125
2252,22473205,22773205,0.776489258,-0.0892944336,-0.182434082,0.596557617,0.12109375,0.00390625,-0.09765625,-1.65625,9.2890625,-2.1640625,-0.056640625,-0.078125,-0.30078125
2253,22476934,22776934,0.776428223,-0.0883178711,-0.18359375,0.596374512,0.14453125,0.203125,-0.06640625,-1.71875,9.28125,-2.15625,-0.056640625,-0.078125,-0.30078125
2254,22492629,22792629,0.776489258,-0.087097168,-0.184753418,0.596069336,0.14453125,0.203125,-0.06640625,-1.71875,9.28125,-2.15625,0.001953125,-0.01171875,-0.337890625
2255,22498202,22798202,0.776733398,-0.0857543945,-0.185668945,0.595703125,0.23828125,0.25,0.26953125,-1.7734375,9.2734375,-2.1484375,0.001953125,-0.01171875,-0.337890625
2256,22516570,22816570,0.776977539,-0.0842285156,-0.186462402,0.595397949,0.23828125,0.25,0.26953125,-1.7734375,9.2734375,-2.1484375,-0.001953125,0.083984375,-0.3203125
2257,22520877,22820877,0.777099609,-0.0827636719,-0.187011719,0.595275879,0.0703125,0.37890625,0.1171875,-1.8359375,9.2578125,-2.1484375,-0.001953125,0.083984375,-0.3203125
2258,22532609,22832609,0.777099609,-0.0815429688,-0.1875,0.595275879,0.0703125,0.37890625,0.1171875,-1.8359375,9.2578125,-2.1484375,-0.060546875,0.056640625,-0.23046875
2259,22538600,22838600,0.777099609,-0.0806274414,-0.187988281,0.595214844,0.2421875,0.46484375,-0.34375,-1.890625,9.25,-2.1484375,-0.060546875,0.056640625,-0.23046875
2260,22552202,22852202,0.777160645,-0.0798950195,-0.188598633,0.594970703,0.2421875,0.46484375,-0.34375,-1.890625,9.25,-2.1484375,0.01171875,-0.02734375,-0.171875
2261,22557234,22857234,0.77722168,-0.0794067383,-0.189208984,0.594848633,0.34765625,0.40234375,-0.08203125,-1.921875,9.234375,-2.140625,0.01171875,-0.02734375,-0.171875
2262,22571944,22871944,0.777160645,-0.0790405273,-0.189758301,0.594787598,0.34765625,0.40234375,-0.08203125,-1.921875,9.234375,-2.140625,-0.044921875,-0.0546875,-0.11328125
2263,22578590,22878590,0.777099609,-0.0787353516,-0.190368652,0.594726562,0.34375,0.71875,-0.046875,-1.953125,9.2265625,-2.140625,-0.044921875,-0.0546875,-0.11328125
2264,22595324,22895324,0.77722168,-0.0786132812,-0.190917969,0.594360352,0.34375,0.71875,-0.046875,-1.953125,9.2265625,-2.140625,0.091796875,-0.07421875,-0.109375
2265,22599215,22899215,0.777587891,-0.0786132812,-0.191589355,0.593688965,0.01953125,0.375,-0.08203125,-1.9765625,9.2265625,-2.140625,0.091796875,-0.07421875,-0.109375
2266,22612200,22912200,0.778015137,-0.0788574219,-0.192504883,0.592834473,0.01953125,0.375,-0.08203125,-1.9765625,9.2265625,-2.140625,0.193359375,-0.1875,-0.107421875
2267,22616995,22916995,0.778320312,-0.079284668,-0.193481445,0.59197998,-0.26171875,0.234375,0.0546875,-2,9.2109375,-2.1640625,0.193359375,-0.1875,-0.107421875
2268,22631265,22931265,0.778503418,-0.0798339844,-0.194335938,0.591430664,-0.26171875,0.234375,0.0546875,-2,9.2109375,-2.1640625,0.076171875,-0.220703125,-0.005859375
2269,22638645,22938645,0.778381348,-0.0806884766,-0.195129395,0.591186523,-0.0078125,0.43359375,0.109375,-2.0234375,9.203125,-2.1796875,0.076171875,-0.220703125,-0.005859375
2270,22652284,22952284,0.778137207,-0.0817260742,-0.195861816,0.591125488,-0.0078125,0.43359375,0.109375,-2.0234375,9.203125,-2.1796875,0,-0.25,0.1015625
2271,22657068,22957068,0.777832031,-0.0829467773,-0.196472168,0.591186523,0.375,0.51171875,-0.12109375,-2.0234375,9.203125,-2.1796875,0,-0.25,0.1015625
2272,22674493,22974493,0.777526855,-0.0842285156,-0.196960449,0.591247559,0.375,0.51171875,-0.12109375,-2.0234375,9.203125,-2.1796875,0.02734375,-0.23046875,0.1640625
2273,22678707,22978707,0.77746582,-0.0855712891,-0.197265625,0.591003418,0.3203125,0.34375,-0.20703125,-2.0078125,9.21875,-2.171875,0.02734375,-0.23046875,0.1640625
2274,22691983,22991983,0.777648926,-0.087097168,-0.197570801,0.590515137,0.3203125,0.34375,-0.20703125,-2.0078125,9.21875,-2.171875,0.185546875,-0.23828125,0.1796875
2275,22696765,22996765,0.777893066,-0.0887451172,-0.197814941,0.58984375,-0.125,0.21875,0.109375,-1.984375,9.2265625,-2.1796875,0.185546875,-0.23828125,0.1796875
2276,22711273,23011273,0.778076172,-0.0903320312,-0.197998047,0.589294434,-0.125,0.21875,0.109375,-1.984375,9.2265625,-2.1796875,0.1484375,-0.205078125,0.205078125
2277,22717909,23017909,0.778137207,-0.0917358398,-0.197998047,0.588989258,-0.1953125,0.18359375,0.015625,-1.953125,9.2265625,-2.203125,0.1484375,-0.205078125,0.205078125
2278,22731714,23031714,0.778015137,-0.0928955078,-0.197814941,0.589050293,-0.1953125,0.18359375,0.015625,-1.953125,9.2265625,-2.203125,-0.0078125,-0.08203125,0.2265625
2279,22737696,23037696,0.777648926,-0.0941162109,-0.19744873,0.589355469,-0.109375,0.21875,-0.5859375,-1.921875,9.2265625,-2.2109375,-0.0078125,-0.08203125,0.2265625
2280,22756859,23056859,0.77722168,-0.0953979492,-0.19708252,0.589904785,-0.109375,0.21875,-0.5859375,-1.921875,9.2265625,-2.2109375,-0.099609375,-0.109375,0.291015625
2281,22760571,23060571,0.776672363,-0.096862793,-0.196777344,0.590454102,-0.03515625,0.2421875,-0.48828125,-1.8828125,9.2421875,-2.1953125,-0.099609375,-0.109375,0.291015625
2282,22772674,23072674,0.776306152,-0.0986328125,-0.196594238,0.590759277,-0.03515625,0.2421875,-0.48828125,-1.8828125,9.2421875,-2.1953125,0.01171875,-0.208984375,0.31640625
2283,22778140,23078140,0.776123047,-0.100402832,-0.196472168,0.590759277,0.02734375,-0.1171875,0.30078125,-1.828125,9.2578125,-2.1796875,0.01171875,-0.208984375,0.31640625
2284,22790958,23090958,0.776062012,-0.102355957,-0.196411133,0.590515137,0.02734375,-0.1171875,0.30078125,-1.828125,9.2578125,-2.1796875,0.1015625,-0.203125,0.26953125
2285,22797590,23097590,0.776000977,-0.10369873,-0.196166992,0.590454102,0.0546875,-0.2421875,0.61328125,-1.78125,9.265625,-2.1875,0.1015625,-0.203125,0.26953125
2286,22812679,23112679,0.775878906,-0.104553223,-0.195556641,0.590576172,0.0546875,-0.2421875,0.61328125,-1.78125,9.265625,-2.1875,0.00390625,0.03515625,0.189453125
2287,22816430,23116430,0.775817871,-0.105163574,-0.194885254,0.590759277,-0.05078125,-0.27734375,-0.07421875,-1.75,9.265625,-2.1875,0.00390625,0.03515625,0.189453125
2288,22835046,23135046,0.775695801,-0.106018066,-0.194274902,0.591003418,-0.05078125,-0.27734375,-0.07421875,-1.75,9.265625,-2.1875,0.0078125,-0.01953125,0.205078125
2289,22839039,23139039,0.775634766,-0.106933594,-0.193847656,0.591064453,-0.0546875,-0.1328125,-0.53515625,-1.7109375,9.2734375,-2.1875,0.0078125,-0.01953125,0.205078125
2290,22852609,23152609,0.775634766,-0.108032227,-0.19342041,0.591064453,-0.0546875,-0.1328125,-0.53515625,-1.7109375,9.2734375,-2.1875,0.060546875,-0.07421875,0.21484375
2291,22857653,23157653,0.775634766,-0.109191895,-0.19317627,0.590881348,0.0234375,-0.1015625,0.015625,-1.671875,9.28125,-2.203125,0.060546875,-0.07421875,0.21484375
2292,22872507,23172507,0.77557373,-0.110595703,-0.193054199,0.590759277,0.0234375,-0.1015625,0.015625,-1.671875,9.28125,-2.203125,0.05859375,-0.142578125,0.23046875
2293,22878145,23178145,0.77545166,-0.111755371,-0.192871094,0.590759277,0.05859375,-0.37109375,0.33203125,-1.6328125,9.28125,-2.2109375,0.05859375,-0.142578125,0.23046875
2294,22891249,23191249,0.775268555,-0.112548828,-0.192565918,0.590942383,0.05859375,-0.37109375,0.33203125,-1.6328125,9.28125,-2.2109375,-0.041015625,-0.01171875,0.158203125
2295,22898046,23198046,0.775024414,-0.11315918,-0.192199707,0.591247559,0.10546875,-0.1875,0.171875,-1.6015625,9.2890625,-2.203125,-0.041015625,-0.01171875,0.158203125
2296,22917132,23217132,0.774841309,-0.113708496,-0.191833496,0.591491699,0.10546875,-0.1875,0.171875,-1.6015625,9.2890625,-2.203125,-0.033203125,-0.005859375,0.12109375
2297,22921012,23221012,0.774780273,-0.114013672,-0.191467285,0.591674805,0.08203125,-0.234375,0.171875,-1.578125,9.296875,-2.203125,-0.033203125,-0.005859375,0.12109375
2298,22931250,23231250,0.774719238,-0.114196777,-0.191101074,0.59185791,0.08203125,-0.234375,0.171875,-1.578125,9.296875,-2.203125,-0.017578125,0.03515625,0.087890625
2299,22938057,23238057,0.774597168,-0.114440918,-0.190734863,0.592041016,0.02734375,-0.1171875,-0.02734375,-1.5625,9.296875,-2.1953125,-0.017578125,0.03515625,0.087890625
2300,22953636,23253636,0.774536133,-0.114685059,-0.190368652,0.592163086,0.02734375,-0.1171875,-0.02734375,-1.5625,9.296875,-2.1953125,-0.001953125,0.025390625,0.091796875
2301,22957378,23257378,0.774597168,-0.11505127,-0.190063477,0.592163086,0.16015625,-0.28125,-0.2578125,-1.5390625,9.3046875,-2.1953125,-0.001953125,0.025390625,0.091796875
2302,22971655,23271655,0.774780273,-0.115539551,-0.189941406,0.59185791,0.16015625,-0.28125,-0.2578125,-1.5390625,9.3046875,-2.1953125,0.12890625,-0.05078125,0.068359375
2303,22976690,23276690,0.775146484,-0.116088867,-0.189880371,0.591247559,0.07421875,-0.35546875,0.015625,-1.53125,9.3046875,-2.203125,0.12890625,-0.05078125,0.068359375
2304,22996327,23296327,0.77557373,-0.116455078,-0.190002441,0.590637207,0.07421875,-0.35546875,0.015625,-1.53125,9.3046875,-2.203125,0.15234375,-0.064453125,-0.0078125
2305,23000349,23300349,0.775939941,-0.116699219,-0.190185547,0.590026855,0.14453125,-0.15625,0.31640625,-1.5234375,9.296875,-2.234375,0.15234375,-0.064453125,-0.0078125
2306,23012006,23312006,0.776306152,-0.116882324,-0.190246582,0.589477539,0.14453125,-0.15625,0.31640625,-1.5234375,9.296875,-2.234375,0.12890625,-0.044921875,-0.005859375
2307,23017045,23317045,0.776611328,-0.117004395,-0.190368652,0.589050293,0.03515625,-0.1875,0.41796875,-1.53125,9.2890625,-2.2578125,0.12890625,-0.044921875,-0.005859375
2308,23032497,23332497,0.776794434,-0.116943359,-0.190490723,0.588745117,0.03515625,-0.1875,0.41796875,-1.53125,9.2890625,-2.2578125,0.0546875,0.015625,-0.03515625
2309,23038406,23338406,0.777038574,-0.116943359,-0.190551758,0.588439941,0.2265625,-0.03515625,0.1640625,-1.53125,9.2890625,-2.2734375,0.0546875,0.015625,-0.03515625
2310,23054836,23354836,0.777282715,-0.117004395,-0.190734863,0.58795166,0.2265625,-0.03515625,0.1640625,-1.53125,9.2890625,-2.2734375,0.109375,-0.0625,-0.041015625
2311,23059279,23359279,0.777648926,-0.1171875,-0.191101074,0.587402344,-0.0703125,-0.140625,0.1015625,-1.5390625,9.28125,-2.2890625,0.109375,-0.0625,-0.041015625
2312,23076321,23376321,0.778015137,-0.11730957,-0.191467285,0.586730957,-0.0703125,-0.140625,0.1015625,-1.5390625,9.28125,-2.2890625,0.150390625,-0.0859375,-0.0625
2313,23080707,23380707,0.778381348,-0.117431641,-0.191894531,0.58605957,-0.2109375,-0.28515625,0.1953125,-1.5546875,9.2734375,-2.3046875,0.150390625,-0.0859375,-0.0625
2314,23092041,23392041,0.778747559,-0.117553711,-0.192199707,0.585449219,-0.2109375,-0.28515625,0.1953125,-1.5546875,9.2734375,-2.3046875,0.125,-0.060546875,-0.05078125
2315,23097086,23397086,0.779052734,-0.117614746,-0.192565918,0.584960938,-0.15625,-0.203125,0.265625,-1.5703125,9.265625,-2.3359375,0.125,-0.060546875,-0.05078125
2316,23112921,23412921,0.77935791,-0.117675781,-0.192932129,0.584411621,-0.15625,-0.203125,0.265625,-1.5703125,9.265625,-2.3359375,0.10546875,-0.05859375,-0.06640625
2317,23116657,23416657,0.779663086,-0.117614746,-0.193237305,0.58392334,0.01171875,-0.00390625,0.08984375,-1.5859375,9.2578125,-2.3515625,0.10546875,-0.05859375,-0.06640625
2318,23132397,23432397,0.780029297,-0.117492676,-0.19354248,0.583374023,0.01171875,-0.00390625,0.08984375,-1.5859375,9.2578125,-2.3515625,0.11328125,-0.015625,-0.083984375
2319,23137443,23437443,0.780395508,-0.117370605,-0.193725586,0.582824707,0.02734375,0.04296875,0.10546875,-1.6015625,9.25,-2.3671875,0.11328125,-0.015625,-0.083984375
2320,23156278,23456278,0.780883789,-0.11730957,-0.193786621,0.58215332,0.02734375,0.04296875,0.10546875,-1.6015625,9.25,-2.3671875,0.17578125,-0.009765625,-0.05078125
2321,23160017,23460017,0.781433105,-0.117492676,-0.193908691,0.581359863,-0.0390625,0.17578125,0.08984375,-1.609375,9.234375,-2.390625,0.17578125,-0.009765625,-0.05078125
2322,23170514,23470514,0.781982422,-0.117919922,-0.194091797,0.580505371,-0.0390625,0.17578125,0.08984375,-1.609375,9.234375,-2.390625,0.23828125,-0.087890625,0.025390625
2323,23177199,23477199,0.782592773,-0.118347168,-0.194091797,0.579528809,0.03515625,0.48828125,0.20703125,-1.609375,9.2265625,-2.4296875,0.23828125,-0.087890625,0.025390625
2324,23192148,23492148,0.783081055,-0.118469238,-0.193969727,0.578857422,0.03515625,0.48828125,0.20703125,-1.609375,9.2265625,-2.4296875,0.134765625,0.048828125,-0.025390625
2325,23196928,23496928,0.783447266,-0.118286133,-0.193786621,0.578552246,0,-0.26953125,0.19921875,-1.609375,9.21875,-2.4609375,0.134765625,0.048828125,-0.025390625
2326,23210636,23510636,0.783508301,-0.118103027,-0.193664551,0.578491211,0,-0.26953125,0.19921875,-1.609375,9.21875,-2.4609375,-0.0234375,0.025390625,-0.005859375
2327,23218907,23518907,0.78338623,-0.118041992,-0.193664551,0.578674316,0.11328125,0.0078125,0.28125,-1.609375,9.2109375,-2.46875,-0.0234375,0.025390625,-0.005859375
2328,23236276,23536276,0.78314209,-0.118103027,-0.193603516,0.578979492,0.11328125,0.0078125,0.28125,-1.609375,9.2109375,-2.46875,-0.08203125,-0.001953125,0.029296875
2329,23239775,23539775,0.782836914,-0.118041992,-0.19354248,0.579406738,0.34375,0.45703125,0.19921875,-1.609375,9.21875,-2.4609375,-0.08203125,-0.001953125,0.029296875
2330,23251283,23551283,0.782531738,-0.117797852,-0.193481445,0.579956055,0.34375,0.45703125,0.19921875,-1.609375,9.21875,-2.4609375,-0.15234375,0.06640625,-0.0078125
2331,23259268,23559268,0.782104492,-0.11730957,-0.19329834,0.580688477,0.34375,0.3359375,0.03125,-1.609375,9.2265625,-2.4453125,-0.15234375,0.06640625,-0.0078125
2332,23272346,23572346,0.781616211,-0.116699219,-0.193115234,0.581542969,0.34375,0.3359375,0.03125,-1.609375,9.2265625,-2.4453125,-0.22265625,0.103515625,-0.037109375
2333,23276680,23576680,0.781066895,-0.116027832,-0.192932129,0.582397461,0.22265625,0.05859375,-0.125,-1.6015625,9.234375,-2.40625,-0.22265625,0.103515625,-0.037109375
2334,23291402,23591402,0.780639648,-0.115234375,-0.192810059,0.583251953,0.22265625,0.05859375,-0.125,-1.6015625,9.234375,-2.40625,-0.19140625,0.119140625,-0.0703125
2335,23299704,23599704,0.780273438,-0.114440918,-0.192626953,0.58392334,0.18359375,-0.0625,-0.1953125,-1.6015625,9.2421875,-2.375,-0.19140625,0.119140625,-0.0703125
2336,23316257,23616257,0.779968262,-0.113647461,-0.192443848,0.584533691,0.18359375,-0.0625,-0.1953125,-1.6015625,9.2421875,-2.375,-0.140625,0.126953125,-0.068359375
2337,23320284,23620284,0.779724121,-0.112854004,-0.192260742,0.585083008,0.11328125,-0.109375,-0.26171875,-1.609375,9.25,-2.34375,-0.140625,0.126953125,-0.068359375
2338,23330595,23630595,0.77947998,-0.112121582,-0.192016602,0.585632324,0.11328125,-0.109375,-0.26171875,-1.609375,9.25,-2.34375,-0.150390625,0.123046875,-0.076171875
2339,23338925,23638925,0.779174805,-0.11126709,-0.191772461,0.586303711,0.04296875,0.03515625,-0.2109375,-1.6171875,9.2578125,-2.3203125,-0.150390625,0.123046875,-0.076171875
2340,23354425,23654425,0.778808594,-0.110290527,-0.191467285,0.587036133,0.04296875,0.03515625,-0.2109375,-1.6171875,9.2578125,-2.3203125,-0.197265625,0.169921875,-0.078125
2341,23358600,23658600,0.778503418,-0.109313965,-0.191162109,0.587768555,0.12890625,0.15234375,-0.1171875,-1.625,9.2578125,-2.296875,-0.197265625,0.169921875,-0.078125
2342,23372262,23672262,0.778076172,-0.108215332,-0.190673828,0.588684082,0.12890625,0.15234375,-0.1171875,-1.625,9.2578125,-2.296875,-0.23828125,0.216796875,-0.064453125
2343,23378966,23678966,0.777587891,-0.107116699,-0.190063477,0.589660645,0.2890625,0.21875,-0.07421875,-1.6328125,9.265625,-2.265625,-0.23828125,0.216796875,-0.064453125
2344,23397262,23697262,0.777160645,-0.105895996,-0.18927002,0.590698242,0.2890625,0.21875,-0.07421875,-1.6328125,9.265625,-2.265625,-0.224609375,0.271484375,-0.04296875
2345,23401845,23701845,0.776794434,-0.104797363,-0.188476562,0.591674805,0.13671875,0.01953125,-0.11328125,-1.6328125,9.2734375,-2.2265625,-0.224609375,0.271484375,-0.04296875
2346,23411861,23711861,0.776489258,-0.103637695,-0.18762207,0.592590332,0.13671875,0.01953125,-0.11328125,-1.6328125,9.2734375,-2.2265625,-0.1640625,0.248046875,-0.02734375
2347,23418219,23718219,0.776306152,-0.102783203,-0.186889648,0.593200684,-0.1015625,-0.1484375,-0.2109375,-1.625,9.2890625,-2.203125,-0.1640625,0.248046875,-0.02734375
2348,23430915,23730915,0.776123047,-0.102050781,-0.186096191,0.59375,-0.1015625,-0.1484375,-0.2109375,-1.625,9.2890625,-2.203125,-0.13671875,0.2109375,0.017578125
2349,23438668,23738668,0.775817871,-0.101379395,-0.185302734,0.594604492,-0.1484375,-0.03515625,0.0703125,-1.6171875,9.2890625,-2.1796875,-0.13671875,0.2109375,0.017578125
2350,23452339,23752339,0.775146484,-0.100769043,-0.184509277,0.59576416,-0.1484375,-0.03515625,0.0703125,-1.6171875,9.2890625,-2.1796875,-0.306640625,0.208984375,0.07421875
2351,23458706,23758706,0.774353027,-0.100219727,-0.18359375,0.597167969,0.10546875,0.296875,-0.07421875,-1.6015625,9.3046875,-2.1484375,-0.306640625,0.208984375,0.07421875
2352,23476184,23776184,0.773498535,-0.0997314453,-0.182556152,0.598632812,0.10546875,0.296875,-0.07421875,-1.6015625,9.3046875,-2.1484375,-0.306640625,0.201171875,0.111328125
2353,23480593,23780593,0.772827148,-0.0994262695,-0.181640625,0.599853516,0.03515625,0.28125,-0.24609375,-1.5703125,9.3203125,-2.09375,-0.306640625,0.201171875,0.111328125
2354,23492444,23792444,0.772399902,-0.0993041992,-0.180786133,0.600708008,0.03515625,0.28125,-0.24609375,-1.5703125,9.3203125,-2.09375,-0.1171875,0.130859375,0.123046875
2355,23498829,23798829,0.772216797,-0.0992431641,-0.179992676,0.601135254,0.203125,0.08203125,0.05859375,-1.546875,9.328125,-2.0546875,-0.1171875,0.130859375,0.123046875
2356,23512096,23812096,0.772338867,-0.0992431641,-0.179260254,0.601257324,0.203125,0.08203125,0.05859375,-1.546875,9.328125,-2.0546875,0.03515625,0.119140625,0.07421875
2357,23518402,23818402,0.772583008,-0.0991821289,-0.178649902,0.601196289,0.09765625,-0.1171875,0.328125,-1.515625,9.3359375,-2.0546875,0.03515625,0.119140625,0.07421875
2358,23532094,23832094,0.772888184,-0.0991821289,-0.178100586,0.600952148,0.09765625,-0.1171875,0.328125,-1.515625,9.3359375,-2.0546875,0.09375,0.080078125,0.03125
2359,23538465,23838465,0.773132324,-0.0991210938,-0.177734375,0.600708008,-0.1484375,-0.15625,0.23046875,-1.5,9.3359375,-2.0703125,0.09375,0.080078125,0.03125
2360,23555463,23855463,0.77331543,-0.0989990234,-0.177307129,0.600646973,-0.1484375,-0.15625,0.23046875,-1.5,9.3359375,-2.0703125,-0.005859375,0.08984375,0.021484375
2361,23559451,23859451,0.773193359,-0.098815918,-0.176940918,0.600891113,-0.00390625,0.03515625,0.08984375,-1.4921875,9.3359375,-2.0859375,-0.005859375,0.08984375,0.021484375
2362,23572114,23872114,0.772888184,-0.0986328125,-0.176574707,0.601379395,-0.00390625,0.03515625,0.08984375,-1.4921875,9.3359375,-2.0859375,-0.13671875,0.048828125,0.044921875
2363,23578805,23878805,0.772460938,-0.0986328125,-0.176330566,0.602050781,-0.01171875,-0.05078125,-0.30859375,-1.484375,9.34375,-2.0703125,-0.13671875,0.048828125,0.044921875
2364,23592115,23892115,0.771850586,-0.0986328125,-0.176025391,0.602905273,-0.01171875,-0.05078125,-0.30859375,-1.484375,9.34375,-2.0703125,-0.23046875,0.0703125,0.095703125
2365,23598105,23898105,0.771179199,-0.0985107422,-0.175354004,0.604003906,0.1640625,0.02734375,-0.23046875,-1.46875,9.34375,-2.03125,-0.23046875,0.0703125,0.095703125
2366,23611303,23911303,0.770690918,-0.0983886719,-0.174560547,0.604858398,0.1640625,0.02734375,-0.23046875,-1.46875,9.34375,-2.03125,-0.15234375,0.154296875,0.123046875
2367,23617047,23917047,0.770507812,-0.0983886719,-0.173706055,0.605407715,0.05859375,0.01171875,-0.33984375,-1.4375,9.359375,-2,-0.15234375,0.154296875,0.123046875
2368,23634713,23934713,0.770629883,-0.0986328125,-0.172912598,0.60534668,0.05859375,0.01171875,-0.33984375,-1.4375,9.359375,-2,0.1328125,0.0546875,0.1328125
2369,23639055,23939055,0.771179199,-0.0993041992,-0.172424316,0.604675293,-0.3125,-0.37109375,-0.109375,-1.4140625,9.359375,-2,0.1328125,0.0546875,0.1328125
2370,23649901,23949901,0.771972656,-0.100219727,-0.172180176,0.603637695,-0.3125,-0.37109375,-0.109375,-1.4140625,9.359375,-2,0.30859375,-0.103515625,0.099609375
2371,23658016,23958016,0.772644043,-0.101074219,-0.172180176,0.602661133,-0.296875,-0.171875,0.47265625,-1.390625,9.3515625,-2.046875,0.30859375,-0.103515625,0.099609375
2372,23671121,23971121,0.773010254,-0.101806641,-0.172241211,0.601989746,-0.296875,-0.171875,0.47265625,-1.390625,9.3515625,-2.046875,0.08203125,-0.072265625,0.064453125
2373,23676840,23976840,0.773071289,-0.102172852,-0.172241211,0.601928711,0.00390625,0.515625,0.4375,-1.3828125,9.3515625,-2.0859375,0.08203125,-0.072265625,0.064453125
2374,23690454,23990454,0.772949219,-0.102355957,-0.172058105,0.602111816,0.00390625,0.515625,0.4375,-1.3828125,9.3515625,-2.0859375,-0.048828125,0.037109375,0.0546875
2375,23697556,23997556,0.772766113,-0.102355957,-0.171691895,0.602355957,0.0625,0.29296875,-0.18359375,-1.3671875,9.34375,-2.078125,-0.048828125,0.037109375,0.0546875
2376,23716080,24016080,0.772705078,-0.102233887,-0.171142578,0.602600098,0.0625,0.29296875,-0.18359375,-1.3671875,9.34375,-2.078125,-0.01171875,0.099609375,0.0546875
2377,23720302,24020302,0.772766113,-0.102172852,-0.170593262,0.602722168,0.046875,-0.2109375,-0.03125,-1.3515625,9.3515625,-2.078125,-0.01171875,0.099609375,0.0546875
2378,23731457,24031457,0.772888184,-0.102172852,-0.170227051,0.602722168,0.046875,-0.2109375,-0.03125,-1.3515625,9.3515625,-2.078125,0.017578125,0.04296875,0.037109375
2379,23737221,24037221,0.772888184,-0.102233887,-0.17010498,0.602661133,-0.23046875,-0.44140625,0.4296875,-1.34375,9.3515625,-2.078125,0.017578125,0.04296875,0.037109375
2380,23751323,24051323,0.772888184,-0.102416992,-0.170227051,0.602600098,-0.23046875,-0.44140625,0.4296875,-1.34375,9.3515625,-2.078125,0.017578125,-0.0703125,-0.001953125
2381,23757048,24057048,0.772949219,-0.102722168,-0.170593262,0.602355957,-0.23046875,-0.40234375,0.23828125,-1.34375,9.3515625,-2.078125,0.017578125,-0.0703125,-0.001953125
2382,23771370,24071370,0.773193359,-0.103088379,-0.171142578,0.601867676,-0.23046875,-0.40234375,0.23828125,-1.34375,9.3515625,-2.078125,0.146484375,-0.140625,-0.033203125
2383,23777116,24077116,0.773620605,-0.10345459,-0.171569824,0.601135254,-0.296875,-0.44140625,-0.09375,-1.3515625,9.3515625,-2.09375,0.146484375,-0.140625,-0.033203125
2384,23794918,24094918,0.774230957,-0.10357666,-0.171875,0.600219727,-0.296875,-0.44140625,-0.09375,-1.3515625,9.3515625,-2.09375,0.220703125,-0.033203125,-0.056640625
2385,23799269,24099269,0.774902344,-0.10357666,-0.17199707,0.599365234,-0.01953125,-0.203125,-0.55859375,-1.359375,9.34375,-2.125,0.220703125,-0.033203125,-0.056640625
2386,23811297,24111297,0.77545166,-0.103393555,-0.172180176,0.598632812,-0.01953125,-0.203125,-0.55859375,-1.359375,9.34375,-2.125,0.1484375,-0.015625,-0.087890625
2387,23817050,24117050,0.775878906,-0.103271484,-0.172485352,0.597961426,0.03125,-0.109375,-0.05859375,-1.375,9.328125,-2.1640625,0.1484375,-0.015625,-0.087890625
2388,23830537,24130537,0.776245117,-0.10333252,-0.173034668,0.597351074,0.03125,-0.109375,-0.05859375,-1.375,9.328125,-2.1640625,0.130859375,-0.10546875,-0.0859375
2389,23837457,24137457,0.776611328,-0.10345459,-0.173583984,0.596679688,-0.01953125,0.08984375,0.26953125,-1.3984375,9.3203125,-2.1875,0.130859375,-0.10546875,-0.0859375
2390,23851305,24151305,0.776916504,-0.10369873,-0.17401123,0.596130371,-0.01953125,0.08984375,0.26953125,-1.3984375,9.3203125,-2.1875,0.125,-0.078125,-0.033203125
2391,23857046,24157046,0.777282715,-0.103881836,-0.174255371,0.595581055,0.03515625,0.2890625,0.09375,-1.4140625,9.3125,-2.203125,0.125,-0.078125,-0.033203125
2392,23874366,24174366,0.777648926,-0.104125977,-0.174255371,0.595031738,0.03515625,0.2890625,0.09375,-1.4140625,9.3125,-2.203125,0.150390625,-0.015625,0.01953125
2393,23878815,24178815,0.778076172,-0.104431152,-0.174133301,0.594482422,0.03515625,0.40234375,-0.2578125,-1.4140625,9.3125,-2.234375,0.150390625,-0.015625,0.01953125
2394,23890511,24190511,0.778442383,-0.104858398,-0.173950195,0.593933105,0.03515625,0.40234375,-0.2578125,-1.4140625,9.3125,-2.234375,0.12890625,-0.025390625,0.07421875
2395,23897420,24197420,0.778625488,-0.10534668,-0.17376709,0.59362793,0.1015625,0.83203125,-0.04296875,-1.40625,9.3046875,-2.2578125,0.12890625,-0.025390625,0.07421875
2396,23909278,24209278,0.778625488,-0.105834961,-0.173522949,0.59362793,0.1015625,0.83203125,-0.04296875,-1.40625,9.3046875,-2.2578125,-0.021484375,-0.017578125,0.109375
2397,23917243,24217243,0.778442383,-0.106262207,-0.173278809,0.59387207,0.0859375,0.6015625,0.00390625,-1.390625,9.3046875,-2.265625,-0.021484375,-0.017578125,0.109375
2398,23930196,24230196,0.778259277,-0.106628418,-0.173095703,0.594116211,0.0859375,0.6015625,0.00390625,-1.390625,9.3046875,-2.265625,-0.037109375,-0.015625,0.08203125
2399,23937124,24237124,0.778198242,-0.106994629,-0.172912598,0.594238281,0.0703125,-0.05078125,0.30859375,-1.375,9.3046875,-2.265625,-0.037109375,-0.015625,0.08203125
2400,23954421,24254421,0.778259277,-0.10723877,-0.172668457,0.594177246,0.0703125,-0.05078125,0.30859375,-1.375,9.3046875,-2.265625,0.0625,0.009765625,0.0625
2401,23958440,24258440,0.778442383,-0.10748291,-0.172424316,0.593933105,0.015625,-0.2109375,0.15625,-1.359375,9.3125,-2.265625,0.0625,0.009765625,0.0625
2402,23970885,24270885,0.778808594,-0.107727051,-0.172058105,0.593505859,0.015625,-0.2109375,0.15625,-1.359375,9.3125,-2.265625,0.12890625,0.029296875,0.0546875
2403,23976863,24276863,0.779174805,-0.107971191,-0.171691895,0.593078613,0,-0.35546875,-0.2890625,-1.34375,9.3046875,-2.28125,0.12890625,0.029296875,0.0546875
2404,23989506,24289506,0.77947998,-0.108154297,-0.171508789,0.592773438,0,-0.35546875,-0.2890625,-1.34375,9.3046875,-2.28125,0.076171875,-0.00390625,0.021484375
2405,23998415,24298415,0.779541016,-0.108337402,-0.171630859,0.592529297,-0.04296875,-0.5859375,-0.30078125,-1.3359375,9.3046875,-2.3046875,0.076171875,-0.00390625,0.021484375
2406,24011105,24311105,0.77947998,-0.108581543,-0.17199707,0.592529297,-0.04296875,-0.5859375,-0.30078125,-1.3359375,9.3046875,-2.3046875,-0.029296875,-0.115234375,-0.01171875
2407,24017103,24317103,0.779174805,-0.108825684,-0.172546387,0.592651367,0,-0.5,0.38671875,-1.34375,9.296875,-2.3046875,-0.029296875,-0.115234375,-0.01171875
2408,24034781,24334781,0.778808594,-0.108886719,-0.173095703,0.592956543,0,-0.5,0.38671875,-1.34375,9.296875,-2.3046875,-0.119140625,-0.087890625,-0.044921875
2409,24039151,24339151,0.778381348,-0.108825684,-0.17364502,0.593383789,0.0078125,-0.35546875,0.29296875,-1.3515625,9.3046875,-2.2890625,-0.119140625,-0.087890625,-0.044921875
2410,24053340,24353340,0.777954102,-0.108581543,-0.174316406,0.593811035,0.0078125,-0.35546875,0.29296875,-1.3515625,9.3046875,-2.2890625,-0.1484375,-0.080078125,-0.091796875
2411,24057081,24357081,0.777526855,-0.108337402,-0.174987793,0.594238281,-0.08203125,-0.43359375,0.26171875,-1.375,9.3046875,-2.2578125,-0.1484375,-0.080078125,-0.091796875
2412,24071563,24371563,0.777038574,-0.108032227,-0.17578125,0.594726562,-0.08203125,-0.43359375,0.26171875,-1.375,9.3046875,-2.2578125,-0.15234375,-0.091796875,-0.125
2413,24078996,24378996,0.776550293,-0.10760498,-0.176574707,0.595153809,-0.06640625,-0.40234375,0.30859375,-1.390625,9.3125,-2.2265625,-0.15234375,-0.091796875,-0.125
2414,24091889,24391889,0.776000977,-0.107177734,-0.177429199,0.59564209,-0.06640625,-0.40234375,0.30859375,-1.390625,9.3125,-2.2265625,-0.166015625,-0.083984375,-0.150390625
2415,24096963,24396963,0.775512695,-0.106689453,-0.178405762,0.596130371,-0.03515625,-0.32421875,0.125,-1.421875,9.3125,-2.1953125,-0.166015625,-0.083984375,-0.150390625
2416,24114199,24414199,0.775024414,-0.106140137,-0.179382324,0.596557617,-0.03515625,-0.32421875,0.125,-1.421875,9.3125,-2.1953125,-0.169921875,-0.109375,-0.181640625
2417,24118315,24418315,0.774597168,-0.105651855,-0.180419922,0.596923828,0.04296875,-0.36328125,0.20703125,-1.4609375,9.3125,-2.1640625,-0.169921875,-0.109375,-0.181640625
2418,24130903,24430903,0.774169922,-0.104980469,-0.181396484,0.597229004,0.04296875,-0.36328125,0.20703125,-1.4609375,9.3125,-2.1640625,-0.125,-0.078125,-0.193359375
2419,24136898,24436898,0.773864746,-0.104370117,-0.182312012,0.59753418,0.12109375,-0.1015625,0.0234375,-1.5,9.3203125,-2.1328125,-0.125,-0.078125,-0.193359375
2420,24151544,24451544,0.77355957,-0.103637695,-0.183166504,0.597717285,0.12109375,-0.1015625,0.0234375,-1.5,9.3203125,-2.1328125,-0.10546875,-0.048828125,-0.1953125
2421,24159207,24459207,0.773376465,-0.102966309,-0.183959961,0.597900391,0.12109375,-0.06640625,-0.19140625,-1.5390625,9.3203125,-2.109375,-0.10546875,-0.048828125,-0.1953125
2422,24170527,24470527,0.773193359,-0.102294922,-0.184631348,0.597961426,0.12109375,-0.06640625,-0.19140625,-1.5390625,9.3203125,-2.109375,-0.052734375,-0.02734375,-0.185546875
2423,24176502,24476502,0.773193359,-0.1015625,-0.185302734,0.597961426,0.07421875,0.10546875,-0.328125,-1.5703125,9.3046875,-2.0859375,-0.052734375,-0.02734375,-0.185546875
2424,24193209,24493209,0.773254395,-0.100952148,-0.185791016,0.59777832,0.07421875,0.10546875,-0.328125,-1.5703125,9.3046875,-2.0859375,0.017578125,0.001953125,-0.1640625
2425,24196949,24496949,0.7734375,-0.100341797,-0.186218262,0.59753418,0.06640625,0.21875,-0.25390625,-1.6015625,9.3046875,-2.0859375,0.017578125,0.001953125,-0.1640625
2426,24210620,24510620,0.773681641,-0.0996704102,-0.186523438,0.597167969,0.06640625,0.21875,-0.25390625,-1.6015625,9.3046875,-2.0859375,0.076171875,0.0390625,-0.140625
2427,24216593,24516593,0.774047852,-0.0991210938,-0.186706543,0.596740723,0.09765625,0.37890625,-0.09375,-1.6328125,9.296875,-2.09375,0.076171875,0.0390625,-0.140625
2428,24230743,24530743,0.774475098,-0.098449707,-0.186828613,0.596374512,0.09765625,0.37890625,-0.09375,-1.6328125,9.296875,-2.09375,0.078125,0.072265625,-0.12890625
2429,24238310,24538310,0.774780273,-0.0978393555,-0.186828613,0.596008301,0.046875,0.46484375,0.078125,-1.65625,9.2890625,-2.109375,0.078125,0.072265625,-0.12890625
2430,24251726,24551726,0.775024414,-0.0971679688,-0.186950684,0.59576416,0.046875,0.46484375,0.078125,-1.65625,9.2890625,-2.109375,0.03515625,0.06640625,-0.12890625
2431,24256796,24556796,0.77520752,-0.096496582,-0.187072754,0.59564209,-0.0546875,0.35546875,0.16796875,-1.671875,9.28125,-2.125,0.03515625,0.06640625,-0.12890625
2432,24273192,24573192,0.77520752,-0.0957641602,-0.18737793,0.595581055,-0.0546875,0.35546875,0.16796875,-1.671875,9.28125,-2.125,-0.03125,0.0390625,-0.146484375
2433,24278043,24578043,0.77520752,-0.0950927734,-0.18762207,0.59564209,0.0078125,0.12890625,0.20703125,-1.6953125,9.28125,-2.125,-0.03125,0.0390625,-0.146484375
2434,24291496,24591496,0.775085449,-0.0943603516,-0.188049316,0.595825195,0.0078125,0.12890625,0.20703125,-1.6953125,9.28125,-2.125,-0.09375,0.015625,-0.142578125
2435,24296529,24596529,0.774780273,-0.09375,-0.188476562,0.596130371,0.0390625,-0.2109375,0.27734375,-1.7265625,9.2734375,-2.1171875,-0.09375,0.015625,-0.142578125
2436,24312073,24612073,0.774353027,-0.0933227539,-0.188964844,0.596618652,0.0390625,-0.2109375,0.27734375,-1.7265625,9.2734375,-2.1171875,-0.16015625,-0.056640625,-0.08984375
2437,24317679,24617679,0.773864746,-0.0931396484,-0.189575195,0.597167969,0.1015625,-0.2578125,0.21484375,-1.75,9.28125,-2.09375,-0.16015625,-0.056640625,-0.08984375
2438,24332257,24632257,0.773132324,-0.0931396484,-0.190307617,0.597839355,0.1015625,-0.2578125,0.21484375,-1.75,9.28125,-2.09375,-0.208984375,-0.14453125,-0.033203125
2439,24335996,24635996,0.772399902,-0.0933227539,-0.191040039,0.598510742,0.0703125,0.01171875,0.09765625,-1.7578125,9.28125,-2.0546875,-0.208984375,-0.14453125,-0.033203125
2440,24354207,24654207,0.77166748,-0.0935668945,-0.191894531,0.599182129,0.0703125,0.01171875,0.09765625,-1.7578125,9.28125,-2.0546875,-0.1796875,-0.1796875,-0.01171875
2441,24358340,24658340,0.770996094,-0.0939331055,-0.192687988,0.59967041,0.0859375,0.12109375,0.01171875,-1.7734375,9.2890625,-2.0078125,-0.1796875,-0.1796875,-0.01171875
2442,24371603,24671603,0.770446777,-0.0942382812,-0.193481445,0.600036621,0.0859375,0.12109375,0.01171875,-1.7734375,9.2890625,-2.0078125,-0.1015625,-0.16796875,-0.04296875
2443,24376635,24676635,0.770080566,-0.0943603516,-0.194335938,0.600219727,0.015625,0.11328125,0.01953125,-1.78125,9.296875,-1.9765625,-0.1015625,-0.16796875,-0.04296875
2444,24392444,24692444,0.769897461,-0.0943603516,-0.195129395,0.600219727,0.015625,0.11328125,0.01953125,-1.78125,9.296875,-1.9765625,-0.015625,-0.12109375,-0.12109375
2445,24396183,24696183,0.769836426,-0.0941772461,-0.195922852,0.600036621,-0.03515625,-0.04296875,-0.30078125,-1.8046875,9.296875,-1.9609375,-0.015625,-0.12109375,-0.12109375
2446,24412233,24712233,0.769836426,-0.0938720703,-0.196716309,0.599853516,-0.03515625,-0.04296875,-0.30078125,-1.8046875,9.296875,-1.9609375,0.013671875,-0.07421875,-0.142578125
2447,24415975,24715975,0.769897461,-0.0935668945,-0.19732666,0.599609375,-0.12109375,-0.109375,-0.4921875,-1.8359375,9.2890625,-1.9609375,0.013671875,-0.07421875,-0.142578125
2448,24432497,24732497,0.770019531,-0.0933227539,-0.197998047,0.599304199,-0.12109375,-0.109375,-0.4921875,-1.8359375,9.2890625,-1.9609375,0.0703125,-0.080078125,-0.119140625
2449,24436228,24736228,0.770263672,-0.0932617188,-0.198608398,0.598754883,-0.25,-0.21875,-0.5703125,-1.859375,9.28125,-1.9609375,0.0703125,-0.080078125,-0.119140625
2450,24451584,24751584,0.770690918,-0.0933837891,-0.199279785,0.598022461,-0.25,-0.21875,-0.5703125,-1.859375,9.28125,-1.9609375,0.1875,-0.123046875,-0.087890625
2451,24456608,24756608,0.771240234,-0.09375,-0.200012207,0.596984863,-0.109375,-0.25,-0.4296875,-1.8828125,9.2734375,-1.984375,0.1875,-0.123046875,-0.087890625
2452,24472859,24772859,0.771850586,-0.0944213867,-0.200744629,0.595825195,-0.109375,-0.25,-0.4296875,-1.8828125,9.2734375,-1.984375,0.27734375,-0.201171875,-0.04296875
2453,24476604,24776604,0.772460938,-0.0950927734,-0.201477051,0.594726562,0.02734375,-0.01171875,-0.20703125,-1.90625,9.265625,-2.015625,0.27734375,-0.201171875,-0.04296875
2454,24492276,24792276,0.773071289,-0.0958862305,-0.202209473,0.593566895,0.02734375,-0.01171875,-0.20703125,-1.90625,9.265625,-2.015625,0.25,-0.1796875,-0.015625
2455,24496009,24796009,0.77355957,-0.0966186523,-0.202758789,0.592590332,0.265625,0.54296875,0.26171875,-1.9140625,9.25,-2.0625,0.25,-0.1796875,-0.015625
2456,24514225,24814225,0.773925781,-0.0973510742,-0.203186035,0.591796875,0.265625,0.54296875,0.26171875,-1.9140625,9.25,-2.0625,0.15234375,-0.138671875,0.029296875
2457,24518374,24818374,0.774169922,-0.0979614258,-0.203552246,0.591247559,0.1953125,0.51171875,0.40625,-1.921875,9.2421875,-2.09375,0.15234375,-0.138671875,0.029296875
2458,24532187,24832187,0.774353027,-0.098449707,-0.203857422,0.590881348,0.1953125,0.51171875,0.40625,-1.921875,9.2421875,-2.09375,0.078125,-0.10546875,0.021484375
2459,24535928,24835928,0.774414062,-0.0989379883,-0.204101562,0.590637207,0.04296875,0.48046875,0.34375,-1.921875,9.234375,-2.109375,0.078125,-0.10546875,0.021484375
2460,24552061,24852061,0.774414062,-0.0994873047,-0.204406738,0.590454102,0.04296875,0.48046875,0.34375,-1.921875,9.234375,-2.109375,0.041015625,-0.150390625,0.044921875
2461,24555793,24855793,0.774291992,-0.100097656,-0.204833984,0.590332031,-0.1875,0.09765625,0.046875,-1.921875,9.234375,-2.1171875,0.041015625,-0.150390625,0.044921875
2462,24571823,24871823,0.774169922,-0.100646973,-0.205200195,0.590270996,-0.1875,0.09765625,0.046875,-1.921875,9.234375,-2.1171875,0.0234375,-0.09375,0.044921875
2463,24576868,24876868,0.774169922,-0.101257324,-0.205444336,0.590087891,0.11328125,-0.015625,-0.26171875,-1.9140625,9.234375,-2.1171875,0.0234375,-0.09375,0.044921875
2464,24592764,24892764,0.774291992,-0.102050781,-0.205810547,0.589660645,0.11328125,-0.015625,-0.26171875,-1.9140625,9.234375,-2.1171875,0.095703125,-0.1796875,0.078125
2465,24596505,24896505,0.774353027,-0.103027344,-0.206237793,0.589294434,-0.078125,-0.171875,-0.0625,-1.9140625,9.234375,-2.125,0.095703125,-0.1796875,0.078125
2466,24611339,24911339,0.774475098,-0.104064941,-0.206542969,0.588806152,-0.078125,-0.171875,-0.0625,-1.9140625,9.234375,-2.125,0.111328125,-0.150390625,0.09375
2467,24617694,24917694,0.774597168,-0.105102539,-0.206848145,0.588378906,0.1796875,0.01953125,0.0703125,-1.90625,9.234375,-2.140625,0.111328125,-0.150390625,0.09375
2468,24631058,24931058,0.774780273,-0.106140137,-0.20715332,0.58782959,0.1796875,0.01953125,0.0703125,-1.90625,9.234375,-2.140625,0.13671875,-0.17578125,0.107421875
2469,24637038,24937038,0.775024414,-0.10723877,-0.207397461,0.587219238,-0.02734375,-0.1328125,0.046875,-1.890625,9.234375,-2.15625,0.13671875,-0.17578125,0.107421875
2470,24651766,24951766,0.775390625,-0.108215332,-0.207702637,0.586425781,-0.02734375,-0.1328125,0.046875,-1.890625,9.234375,-2.15625,0.228515625,-0.1640625,0.064453125
2471,24656564,24956564,0.775817871,-0.109130859,-0.208007812,0.585571289,-0.07421875,-0.0078125,0.03125,-1.8828125,9.2265625,-2.1796875,0.228515625,-0.1640625,0.064453125
2472,24674321,24974321,0.776184082,-0.110168457,-0.208435059,0.584777832,-0.07421875,-0.0078125,0.03125,-1.8828125,9.2265625,-2.1796875,0.181640625,-0.21875,0.087890625
2473,24678323,24978323,0.776306152,-0.111328125,-0.20892334,0.584228516,-0.00390625,0.02734375,0.37109375,-1.875,9.2265625,-2.2109375,0.181640625,-0.21875,0.087890625
2474,24690006,24990006,0.776184082,-0.112243652,-0.209228516,0.58404541,-0.00390625,0.02734375,0.37109375,-1.875,9.2265625,-2.2109375,0.00390625,-0.130859375,0.10546875
2475,24696664,24996664,0.776000977,-0.113098145,-0.209350586,0.584106445,0.37109375,0.3359375,0.15625,-1.8671875,9.2265625,-2.2265625,0.00390625,-0.130859375,0.10546875
2476,24711437,25011437,0.775817871,-0.113952637,-0.209472656,0.58416748,0.37109375,0.3359375,0.15625,-1.8671875,9.2265625,-2.2265625,-0.017578125,-0.13671875,0.140625
2477,24716230,25016230,0.775512695,-0.114868164,-0.209594727,0.584350586,0.05078125,0.02734375,0.1875,-1.8515625,9.2265625,-2.21875,-0.017578125,-0.13671875,0.140625
2478,24731913,25031913,0.77520752,-0.115661621,-0.209716797,0.584533691,0.05078125,0.02734375,0.1875,-1.8515625,9.2265625,-2.21875,-0.021484375,-0.115234375,0.109375
2479,24736714,25036714,0.775085449,-0.116333008,-0.209838867,0.584533691,0.0703125,-0.015625,0.0234375,-1.8359375,9.234375,-2.2109375,-0.021484375,-0.115234375,0.109375
2480,24751549,25051549,0.774963379,-0.116882324,-0.210083008,0.584472656,0.0703125,-0.015625,0.0234375,-1.8359375,9.234375,-2.2109375,0.013671875,-0.087890625,0.04296875
2481,24756332,25056332,0.774902344,-0.11730957,-0.210266113,0.584350586,0.24609375,-0.0546875,0.015625,-1.8203125,9.234375,-2.203125,0.013671875,-0.087890625,0.04296875
2482,24769938,25069938,0.774963379,-0.117858887,-0.210632324,0.58416748,0.24609375,-0.0546875,0.015625,-1.8203125,9.234375,-2.203125,0.064453125,-0.14453125,0.037109375
2483,24776639,25076639,0.774902344,-0.118469238,-0.210998535,0.58392334,-0.2109375,-0.36328125,-0.05078125,-1.8203125,9.234375,-2.2109375,0.064453125,-0.14453125,0.037109375
2484,24791314,25091314,0.774780273,-0.11895752,-0.211364746,0.583862305,-0.2109375,-0.36328125,-0.05078125,-1.8203125,9.234375,-2.2109375,0.001953125,-0.10546875,0.03515625
2485,24796118,25096118,0.774719238,-0.11932373,-0.211669922,0.58380127,0.171875,0.01953125,-0.12890625,-1.8203125,9.234375,-2.2109375,0.001953125,-0.10546875,0.03515625
2486,24812023,25112023,0.774597168,-0.119628906,-0.211975098,0.583740234,0.171875,0.01953125,-0.12890625,-1.8203125,9.234375,-2.2109375,0,-0.0859375,-0.005859375
2487,24816823,25116823,0.774536133,-0.119873047,-0.212280273,0.583679199,0.24609375,0.05859375,-0.01171875,-1.8203125,9.234375,-2.2109375,0,-0.0859375,-0.005859375
2488,24832907,25132907,0.774475098,-0.120056152,-0.212585449,0.583557129,0.24609375,0.05859375,-0.01171875,-1.8203125,9.234375,-2.2109375,0.02734375,-0.07421875,-0.01171875
2489,24836545,25136545,0.774536133,-0.120178223,-0.212890625,0.583435059,0.02734375,-0.1328125,0.015625,-1.828125,9.234375,-2.203125,0.02734375,-0.07421875,-0.01171875
2490,24850288,25150288,0.774536133,-0.120300293,-0.213134766,0.583251953,0.02734375,-0.1328125,0.015625,-1.828125,9.234375,-2.203125,0.0234375,-0.044921875,-0.017578125
2491,24856928,25156928,0.774536133,-0.120361328,-0.213317871,0.583129883,-0.01171875,-0.015625,-0.05078125,-1.828125,9.234375,-2.2109375,0.0234375,-0.044921875,-0.017578125
2492,24870863,25170863,0.774658203,-0.120422363,-0.213500977,0.582946777,-0.01171875,-0.015625,-0.05078125,-1.828125,9.234375,-2.2109375,0.05078125,-0.033203125,-0.02734375
2493,24876866,25176866,0.774780273,-0.120483398,-0.213684082,0.582641602,-0.1640625,-0.0546875,-0.08984375,-1.828125,9.234375,-2.2109375,0.05078125,-0.033203125,-0.02734375
2494,24891388,25191388,0.775024414,-0.120483398,-0.213928223,0.582275391,-0.1640625,-0.0546875,-0.08984375,-1.828125,9.234375,-2.2109375,0.09765625,-0.037109375,-0.0546875
2495,24900473,25200473,0.77532959,-0.120422363,-0.214111328,0.581848145,-0.15625,-0.09375,0.078125,-1.8359375,9.234375,-2.2265625,0.09765625,-0.037109375,-0.0546875
2496,24914924,25214924,0.77557373,-0.120361328,-0.214294434,0.581420898,-0.15625,-0.09375,0.078125,-1.8359375,9.234375,-2.2265625,0.091796875,-0.0078125,-0.052734375
2497,24918791,25218791,0.775817871,-0.120300293,-0.214416504,0.581054688,-0.06640625,-0.0078125,0.09375,-1.8515625,9.2265625,-2.2421875,0.091796875,-0.0078125,-0.052734375
2498,24932078,25232078,0.776062012,-0.120300293,-0.214538574,0.580749512,-0.06640625,-0.0078125,0.09375,-1.8515625,9.2265625,-2.2421875,0.076171875,-0.009765625,-0.021484375
2499,24940485,25240485,0.776245117,-0.120361328,-0.214599609,0.580444336,0.05859375,0.19140625,0.1484375,-1.859375,9.21875,-2.2578125,0.076171875,-0.009765625,-0.021484375
2500,24951578,25251578,0.776489258,-0.120605469,-0.214660645,0.580078125,0.05859375,0.19140625,0.1484375,-1.859375,9.21875,-2.2578125,0.095703125,-0.04296875,0.0078125
2501,24956358,25256358,0.776672363,-0.120910645,-0.214782715,0.579650879,-0.171875,0.15234375,0.15625,-1.859375,9.21875,-2.265625,0.095703125,-0.04296875,0.0078125
2502,24972030,25272030,0.776855469,-0.121337891,-0.21484375,0.579345703,-0.171875,0.15234375,0.15625,-1.859375,9.21875,-2.265625,0.091796875,-0.05859375,0.052734375
2503,24975631,25275631,0.777038574,-0.121765137,-0.214782715,0.579040527,-0.05859375,0.2734375,0.36328125,-1.859375,9.2109375,-2.28125,0.091796875,-0.05859375,0.052734375
2504,24992921,25292921,0.777160645,-0.122131348,-0.214599609,0.578857422,-0.05859375,0.2734375,0.36328125,-1.859375,9.2109375,-2.28125,0.046875,0.009765625,0.056640625
2505,24996547,25296547,0.777160645,-0.122253418,-0.214355469,0.578857422,-0.140625,0.08203125,0.265625,-1.8515625,9.2109375,-2.296875,0.046875,0.009765625,0.056640625
2506,25010252,25310252,0.777038574,-0.122314453,-0.214111328,0.579101562,-0.140625,0.08203125,0.265625,-1.8515625,9.2109375,-2.296875,-0.078125,0.025390625,0.0390625
2507,25020538,25320538,0.776733398,-0.122253418,-0.214050293,0.579589844,-0.11328125,0.08203125,0.1015625,-1.84375,9.2109375,-2.2890625,-0.078125,0.025390625,0.0390625
2508,25031688,25331688,0.776123047,-0.122192383,-0.214050293,0.580383301,-0.11328125,0.08203125,0.1015625,-1.84375,9.2109375,-2.2890625,-0.2109375,0,0.033203125
2509,25036486,25336486,0.775512695,-0.122131348,-0.214050293,0.581298828,0.1484375,0.14453125,0.1171875,-1.8359375,9.2265625,-2.265625,-0.2109375,0,0.033203125
2510,25055213,25355213,0.774719238,-0.121948242,-0.214172363,0.582336426,0.1484375,0.14453125,0.1171875,-1.8359375,9.2265625,-2.265625,-0.26171875,0.009765625,0.017578125
2511,25061102,25361102,0.773986816,-0.121582031,-0.214172363,0.583312988,0.1796875,0.25,0.1875,-1.828125,9.234375,-2.21875,-0.26171875,0.009765625,0.017578125
2512,25074511,25374511,0.77331543,-0.12097168,-0.214050293,0.584411621,0.1796875,0.25,0.1875,-1.828125,9.234375,-2.21875,-0.265625,0.1015625,-0.037109375
2513,25078372,25378372,0.772705078,-0.120117188,-0.213928223,0.585449219,0.171875,-0.1796875,-0.05078125,-1.8203125,9.2421875,-2.171875,-0.265625,0.1015625,-0.037109375
2514,25091373,25391373,0.772155762,-0.11920166,-0.213806152,0.586364746,0.171875,-0.1796875,-0.05078125,-1.8203125,9.2421875,-2.171875,-0.21484375,0.14453125,-0.080078125
2515,25096159,25396159,0.771789551,-0.118225098,-0.213562012,0.587158203,0.140625,-0.30078125,-0.359375,-1.828125,9.25,-2.1328125,-0.21484375,0.14453125,-0.080078125
2516,25111970,25411970,0.77154541,-0.11730957,-0.213378906,0.587768555,0.140625,-0.30078125,-0.359375,-1.828125,9.25,-2.1328125,-0.15625,0.146484375,-0.103515625
2517,25115574,25415574,0.77130127,-0.116333008,-0.213195801,0.588317871,0.1484375,0.00390625,-0.46875,-1.8359375,9.25,-2.1015625,-0.15625,0.146484375,-0.103515625
2518,25131335,25431335,0.770996094,-0.11529541,-0.21307373,0.588928223,0.1484375,0.00390625,-0.46875,-1.8359375,9.25,-2.1015625,-0.171875,0.138671875,-0.111328125
2519,25136118,25436118,0.770690918,-0.114257812,-0.21295166,0.589660645,0.2109375,0.07421875,-0.30078125,-1.859375,9.2578125,-2.078125,-0.171875,0.138671875,-0.111328125
2520,25151910,25451910,0.770263672,-0.11315918,-0.212646484,0.590454102,0.2109375,0.07421875,-0.30078125,-1.859375,9.2578125,-2.078125,-0.232421875,0.203125,-0.09765625
2521,25155512,25455512,0.769897461,-0.111877441,-0.212219238,0.591369629,0.41015625,0.2265625,0.015625,-1.8671875,9.2578125,-2.046875,-0.232421875,0.203125,-0.09765625
2522,25171361,25471361,0.769592285,-0.110351562,-0.211486816,0.592285156,0.41015625,0.2265625,0.015625,-1.8671875,9.2578125,-2.046875,-0.205078125,0.306640625,-0.099609375
2523,25180105,25480105,0.769348145,-0.108886719,-0.210693359,0.593139648,0.265625,-0.01171875,-0.0546875,-1.875,9.265625,-2.015625,-0.205078125,0.306640625,-0.099609375
2524,25190908,25490908,0.769104004,-0.107421875,-0.209960938,0.594055176,0.265625,-0.01171875,-0.0546875,-1.875,9.265625,-2.015625,-0.208984375,0.3046875,-0.083984375
2525,25198213,25498213,0.768798828,-0.106018066,-0.209106445,0.594970703,0.1875,-0.0859375,0.02734375,-1.875,9.265625,-1.984375,-0.208984375,0.3046875,-0.083984375
2526,25211155,25511155,0.768432617,-0.104736328,-0.208374023,0.595947266,0.1875,-0.0859375,0.02734375,-1.875,9.265625,-1.984375,-0.23828125,0.2578125,-0.037109375
2527,25215940,25515940,0.767883301,-0.103637695,-0.207580566,0.597106934,0.15625,-0.09375,-0.00390625,-1.8828125,9.2734375,-1.953125,-0.23828125,0.2578125,-0.037109375
2528,25231890,25531890,0.767089844,-0.102661133,-0.206665039,0.598632812,0.15625,-0.09375,-0.00390625,-1.8828125,9.2734375,-1.953125,-0.376953125,0.2421875,0.0625
2529,25238003,25538003,0.766113281,-0.101928711,-0.205810547,0.600280762,0.02734375,0.3125,-0.05078125,-1.8671875,9.2890625,-1.90625,-0.376953125,0.2421875,0.0625
2530,25251258,25551258,0.765014648,-0.10144043,-0.20501709,0.602050781,0.02734375,0.3125,-0.05078125,-1.8671875,9.2890625,-1.90625,-0.392578125,0.166015625,0.125
2531,25259508,25559508,0.764038086,-0.101135254,-0.204284668,0.60357666,-0.04296875,0.44140625,-0.234375,-1.8359375,9.3125,-1.8359375,-0.392578125,0.166015625,0.125
2532,25271492,25571492,0.763305664,-0.101074219,-0.203857422,0.604614258,-0.04296875,0.44140625,-0.234375,-1.8359375,9.3125,-1.8359375,-0.17578125,0.04296875,0.080078125
2533,25278343,25578343,0.762939453,-0.101013184,-0.203552246,0.605285645,0.046875,0.1953125,-0.08984375,-1.8125,9.328125,-1.7890625,-0.17578125,0.04296875,0.080078125
2534,25291448,25591448,0.762695312,-0.100769043,-0.203125,0.605712891,0.046875,0.1953125,-0.08984375,-1.8125,9.328125,-1.7890625,-0.08203125,0.130859375,0.015625
2535,25300550,25600550,0.762573242,-0.100219727,-0.202514648,0.606140137,0.00390625,0.07421875,0.30859375,-1.8046875,9.3359375,-1.765625,-0.08203125,0.130859375,0.015625
2536,25314872,25614872,0.762390137,-0.0994873047,-0.201660156,0.606750488,0.00390625,0.07421875,0.30859375,-1.8046875,9.3359375,-1.765625,-0.15625,0.2578125,0.017578125
2537,25318729,25618729,0.762084961,-0.0986328125,-0.200622559,0.607666016,-0.203125,0.1484375,-0.0078125,-1.7890625,9.3359375,-1.7578125,-0.15625,0.2578125,0.017578125
2538,25330570,25630570,0.76159668,-0.0977172852,-0.199462891,0.608825684,-0.203125,0.1484375,-0.0078125,-1.7890625,9.3359375,-1.7578125,-0.2734375,0.2890625,0.08203125
2539,25339139,25639139,0.760986328,-0.0969848633,-0.198242188,0.610107422,-0.3359375,-0.05078125,-0.84375,-1.7734375,9.34375,-1.7265625,-0.2734375,0.2890625,0.08203125
2540,25351126,25651126,0.760437012,-0.096496582,-0.197021484,0.611206055,-0.3359375,-0.05078125,-0.84375,-1.7734375,9.34375,-1.7265625,-0.18359375,0.22265625,0.123046875
2541,25356861,25656861,0.760253906,-0.0962524414,-0.195983887,0.611877441,-0.17578125,-0.37109375,-0.8828125,-1.7421875,9.359375,-1.6875,-0.18359375,0.22265625,0.123046875
2542,25370861,25670861,0.760437012,-0.0963134766,-0.19519043,0.611877441,-0.17578125,-0.37109375,-0.8828125,-1.7421875,9.359375,-1.6875,0.12890625,0.091796875,0.1015625
2543,25379102,25679102,0.760986328,-0.0966796875,-0.194519043,0.611328125,-0.390625,-0.34375,0.19140625,-1.71875,9.3671875,-1.6875,0.12890625,0.091796875,0.1015625
2544,25392324,25692324,0.761535645,-0.0971679688,-0.194030762,0.610717773,-0.390625,-0.34375,0.19140625,-1.71875,9.3671875,-1.6875,0.1640625,0.04296875,0.10546875
2545,25395928,25695928,0.761901855,-0.0975341797,-0.19342041,0.610412598,-0.14453125,0.1171875,1.04296875,-1.6953125,9.3671875,-1.734375,0.1640625,0.04296875,0.10546875
2546,25410908,25710908,0.762084961,-0.0978393555,-0.192565918,0.610412598,-0.14453125,0.1171875,1.04296875,-1.6953125,9.3671875,-1.734375,-0.00390625,0.1171875,0.158203125
2547,25418510,25718510,0.761962891,-0.0980224609,-0.19140625,0.610900879,0.13671875,0.69140625,0.21484375,-1.671875,9.3671875,-1.75,-0.00390625,0.1171875,0.158203125
2548,25430466,25730466,0.761779785,-0.0981445312,-0.190124512,0.61151123,0.13671875,0.69140625,0.21484375,-1.671875,9.3671875,-1.75,-0.080078125,0.208984375,0.21875
2549,25437832,25737832,0.76171875,-0.0983276367,-0.188720703,0.611938477,0.3203125,0.37890625,-0.40625,-1.625,9.375,-1.7421875,-0.080078125,0.208984375,0.21875
2550,25454146,25754146,0.761962891,-0.0986328125,-0.187438965,0.611999512,0.3203125,0.37890625,-0.40625,-1.625,9.375,-1.7421875,0.087890625,0.146484375,0.1953125
2551,25460945,25760945,0.762207031,-0.0991210938,-0.186401367,0.611877441,0.2734375,0.0625,0.55859375,-1.578125,9.3828125,-1.75,0.087890625,0.146484375,0.1953125
2552,25475613,25775613,0.762390137,-0.0996704102,-0.18572998,0.611816406,0.2734375,0.0625,0.55859375,-1.578125,9.3828125,-1.75,0.037109375,0.02734375,0.1328125
2553,25477101,25777101,0.762390137,-0.0999145508,-0.185180664,0.611938477,0.2109375,0.1015625,1.41015625,-1.5546875,9.3828125,-1.7578125,0.037109375,0.02734375,0.1328125
2554,25490391,25790391,0.762268066,-0.0997314453,-0.184509277,0.612304688,0.2109375,0.1015625,1.41015625,-1.5546875,9.3828125,-1.7578125,-0.076171875,0.15234375,0.048828125
2555,25499616,25799616,0.762084961,-0.0993041992,-0.183898926,0.612792969,0.07421875,-0.3671875,-0.08203125,-1.53125,9.390625,-1.7578125,-0.076171875,0.15234375,0.048828125
2556,25510472,25810472,0.761779785,-0.0986938477,-0.183288574,0.613525391,0.07421875,-0.3671875,-0.08203125,-1.53125,9.390625,-1.7578125,-0.1640625,0.177734375,0.00390625
2557,25516441,25816441,0.761413574,-0.0981445312,-0.182739258,0.614135742,-0.01953125,-0.640625,-0.8359375,-1.515625,9.3984375,-1.734375,-0.1640625,0.177734375,0.00390625
2558,25530996,25830996,0.761169434,-0.0977172852,-0.182250977,0.614685059,-0.01953125,-0.640625,-0.8359375,-1.515625,9.3984375,-1.734375,-0.08984375,0.095703125,0.03125
2559,25538223,25838223,0.761108398,-0.0975952148,-0.181884766,0.614929199,-0.37109375,-0.87890625,-0.54296875,-1.5078125,9.40625,-1.71875,-0.08984375,0.095703125,0.03125
2560,25550199,25850199,0.761291504,-0.0977172852,-0.18182373,0.614685059,-0.37109375,-0.87890625,-0.54296875,-1.5078125,9.40625,-1.71875,0.103515625,-0.025390625,0
2561,25558950,25858950,0.76159668,-0.0979003906,-0.182006836,0.614196777,-0.41015625,-0.91796875,0.03125,-1.5078125,9.40625,-1.71875,0.103515625,-0.025390625,0
2562,25570311,25870311,0.761962891,-0.0980224609,-0.182373047,0.613647461,-0.41015625,-0.91796875,0.03125,-1.5078125,9.40625,-1.71875,0.1171875,-0.087890625,-0.06640625
2563,25578874,25878874,0.762207031,-0.0980834961,-0.182861328,0.61315918,-0.01953125,-0.2578125,0.0546875,-1.515625,9.3984375,-1.7421875,0.1171875,-0.087890625,-0.06640625
2564,25589525,25889525,0.762451172,-0.0980224609,-0.183166504,0.612792969,-0.01953125,-0.2578125,0.0546875,-1.515625,9.3984375,-1.7421875,0.064453125,-0.01953125,-0.06640625
2565,25598003,25898003,0.762695312,-0.0979003906,-0.183288574,0.612487793,-0.00390625,0.2109375,-0.03515625,-1.53125,9.390625,-1.765625,0.064453125,-0.01953125,-0.06640625
2566,25610633,25910633,0.763061523,-0.0977172852,-0.183166504,0.612121582,-0.00390625,0.2109375,-0.03515625,-1.53125,9.390625,-1.765625,0.11328125,0.064453125,-0.02734375
2567,25619921,25919921,0.76361084,-0.0975341797,-0.182922363,0.61151123,-0.00390625,0.26171875,0.046875,-1.53125,9.375,-1.7734375,0.11328125,0.064453125,-0.02734375
2568,25634510,25934510,0.764343262,-0.0974121094,-0.182678223,0.610656738,-0.00390625,0.26171875,0.046875,-1.53125,9.375,-1.7734375,0.248046875,0.05859375,-0.044921875
2569,25638516,25938516,0.765075684,-0.0972900391,-0.182617188,0.609802246,-0.33984375,0.00390625,0.35546875,-1.5390625,9.3671875,-1.8125,0.248046875,0.05859375,-0.044921875
2570,25650673,25950673,0.765563965,-0.0971679688,-0.182739258,0.609130859,-0.33984375,0.00390625,0.35546875,-1.5390625,9.3671875,-1.8125,0.1015625,-0.015625,-0.0859375
2571,25658743,25958743,0.76574707,-0.0969238281,-0.183105469,0.608825684,-0.21875,-0.06640625,0.5,-1.546875,9.359375,-1.84375,0.1015625,-0.015625,-0.0859375
2572,25672320,25972320,0.765686035,-0.0966186523,-0.183532715,0.608825684,-0.21875,-0.06640625,0.5,-1.546875,9.359375,-1.84375,-0.064453125,-0.04296875,-0.099609375
2573,25676061,25976061,0.765441895,-0.0963745117,-0.184020996,0.609008789,-0.1171875,-0.2578125,0.27734375,-1.5703125,9.359375,-1.8515625,-0.064453125,-0.04296875,-0.099609375
2574,25690273,25990273,0.765136719,-0.0961914062,-0.184570312,0.609313965,-0.1171875,-0.2578125,0.27734375,-1.5703125,9.359375,-1.8515625,-0.11328125,-0.064453125,-0.064453125
2575,25698609,25998609,0.764709473,-0.0960693359,-0.185058594,0.609680176,-0.0546875,-0.1796875,0.0546875,-1.59375,9.359375,-1.8203125,-0.11328125,-0.064453125,-0.064453125
2576,25710176,26010176,0.764343262,-0.0960083008,-0.18548584,0.610046387,-0.0546875,-0.1796875,0.0546875,-1.59375,9.359375,-1.8203125,-0.1015625,-0.068359375,-0.0390625
2577,25718564,26018564,0.764038086,-0.0960083008,-0.185913086,0.610290527,-0.046875,0.01171875,-0.00390625,-1.6015625,9.359375,-1.796875,-0.1015625,-0.068359375,-0.0390625
2578,25729809,26029809,0.76385498,-0.0960083008,-0.186279297,0.610412598,-0.046875,0.01171875,-0.00390625,-1.6015625,9.359375,-1.796875,-0.0234375,-0.05859375,-0.033203125
2579,25737903,26037903,0.76385498,-0.0960693359,-0.186584473,0.610351562,0,0.1953125,-0.16796875,-1.609375,9.3671875,-1.7890625,-0.0234375,-0.05859375,-0.033203125
2580,25750494,26050494,0.763916016,-0.0961914062,-0.186889648,0.610168457,0,0.1953125,-0.16796875,-1.609375,9.3671875,-1.7890625,0.05078125,-0.05078125,-0.02734375
2581,25757063,26057063,0.764099121,-0.0962524414,-0.187072754,0.609863281,0.0078125,0.2421875,-0.12890625,-1.6171875,9.359375,-1.7890625,0.05078125,-0.05078125,-0.02734375
2582,25771033,26071033,0.764282227,-0.0963745117,-0.187255859,0.60949707,0.0078125,0.2421875,-0.12890625,-1.6171875,9.359375,-1.7890625,0.083984375,-0.03125,-0.017578125
2583,25779921,26079921,0.764526367,-0.096496582,-0.18737793,0.609191895,0.015625,0.27734375,0.0390625,-1.625,9.359375,-1.8046875,0.083984375,-0.03125,-0.017578125
2584,25794136,26094136,0.764709473,-0.0967407227,-0.1875,0.608886719,0.015625,0.27734375,0.0390625,-1.625,9.359375,-1.8046875,0.06640625,-0.05078125,-0.005859375
2585,25795610,26095610,0.764831543,-0.0969238281,-0.187744141,0.608581543,-0.0234375,0.203125,0.0859375,-1.625,9.359375,-1.8125,0.06640625,-0.05078125,-0.005859375
2586,25809627,26109627,0.764953613,-0.0972290039,-0.187988281,0.608337402,-0.0234375,0.203125,0.0859375,-1.625,9.359375,-1.8125,0.05078125,-0.080078125,0.001953125
2587,25818993,26118993,0.764953613,-0.0975341797,-0.188293457,0.608154297,-0.015625,-0.01953125,0.1796875,-1.6328125,9.3515625,-1.828125,0.05078125,-0.080078125,0.001953125
2588,25829798,26129798,0.764953613,-0.0977783203,-0.188537598,0.608093262,-0.015625,-0.01953125,0.1796875,-1.6328125,9.3515625,-1.828125,-0.005859375,-0.0703125,0.00390625
2589,25838247,26138247,0.764831543,-0.0979614258,-0.188781738,0.608093262,0.05859375,-0.01953125,0.25390625,-1.6328125,9.3515625,-1.828125,-0.005859375,-0.0703125,0.00390625
2590,25851884,26151884,0.764709473,-0.0980834961,-0.188964844,0.608154297,0.05859375,-0.01953125,0.25390625,-1.6328125,9.3515625,-1.828125,-0.01953125,-0.0390625,-0.013671875
2591,25857612,26157612,0.764648438,-0.0980834961,-0.189147949,0.608215332,0.09765625,-0.1328125,0.171875,-1.6328125,9.3515625,-1.8203125,-0.01953125,-0.0390625,-0.013671875
2592,25870706,26170706,0.764587402,-0.0979003906,-0.189331055,0.608215332,0.09765625,-0.1328125,0.171875,-1.6328125,9.3515625,-1.8203125,-0.017578125,0.001953125,-0.0625
2593,25878274,26178274,0.764587402,-0.0975341797,-0.189575195,0.608215332,0.06640625,-0.2109375,0.1328125,-1.640625,9.3515625,-1.8203125,-0.017578125,0.001953125,-0.0625
2594,25891564,26191564,0.764648438,-0.0970458984,-0.189880371,0.608154297,0.06640625,-0.2109375,0.1328125,-1.640625,9.3515625,-1.8203125,-0.005859375,0.009765625,-0.13671875
2595,25897604,26197604,0.764770508,-0.096496582,-0.190307617,0.607971191,-0.1015625,-0.48046875,0.046875,-1.6640625,9.3515625,-1.8125,-0.005859375,0.009765625,-0.13671875
2596,25910020,26210020,0.765075684,-0.0957641602,-0.190795898,0.607543945,-0.1015625,-0.48046875,0.046875,-1.6640625,9.3515625,-1.8125,0.078125,0.009765625,-0.203125
2597,25918545,26218545,0.765441895,-0.0950317383,-0.19140625,0.606994629,-0.15234375,-0.6640625,-0.01953125,-1.6875,9.34375,-1.8203125,0.078125,0.009765625,-0.203125
2598,25930043,26230043,0.765808105,-0.0942382812,-0.192016602,0.606445312,-0.15234375,-0.6640625,-0.01953125,-1.6875,9.34375,-1.8203125,0.107421875,-0.00390625,-0.236328125
2599,25938505,26238505,0.766296387,-0.0934448242,-0.192749023,0.605773926,-0.06640625,-0.5703125,-0.3046875,-1.734375,9.328125,-1.84375,0.107421875,-0.00390625,-0.236328125
2600,25952526,26252526,0.766723633,-0.0927124023,-0.193481445,0.605102539,-0.06640625,-0.5703125,-0.3046875,-1.734375,9.328125,-1.84375,0.111328125,-0.01953125,-0.25390625
2601,25956172,26256172,0.767089844,-0.0918579102,-0.194213867,0.604492188,-0.13671875,-0.33203125,-0.25,-1.78125,9.3203125,-1.859375,0.111328125,-0.01953125,-0.25390625
2602,25971343,26271343,0.76751709,-0.0908813477,-0.195068359,0.603881836,-0.13671875,-0.33203125,-0.25,-1.78125,9.3203125,-1.859375,0.08203125,0,-0.267578125
2603,25977850,26277850,0.767822266,-0.0899658203,-0.195739746,0.60333252,-0.1640625,-0.05078125,-0.234375,-1.828125,9.3046875,-1.875,0.08203125,0,-0.267578125
2604,25990146,26290146,0.768188477,-0.0889282227,-0.196472168,0.602844238,-0.1640625,-0.05078125,-0.234375,-1.828125,9.3046875,-1.875,0.07421875,0.03515625,-0.263671875
2605,25995881,26295881,0.768615723,-0.0878295898,-0.197021484,0.602233887,0.03515625,0.1484375,-0.140625,-1.875,9.296875,-1.890625,0.07421875,0.03515625,-0.263671875
2606,26009772,26309772,0.769104004,-0.0866699219,-0.19744873,0.601623535,0.03515625,0.1484375,-0.140625,-1.875,9.296875,-1.890625,0.099609375,0.0859375,-0.26953125
2607,26018482,26318482,0.769592285,-0.0855102539,-0.197937012,0.601074219,0.00390625,0.13671875,-0.05078125,-1.921875,9.2734375,-1.90625,0.099609375,0.0859375,-0.26953125
2608,26031960,26331960,0.769897461,-0.0844116211,-0.198425293,0.600646973,0.00390625,0.13671875,-0.05078125,-1.921875,9.2734375,-1.90625,0.041015625,0.0546875,-0.23828125
2609,26035574,26335574,0.770080566,-0.0834350586,-0.198852539,0.600402832,0.1953125,0.44921875,0.08203125,-1.9609375,9.265625,-1.921875,0.041015625,0.0546875,-0.23828125
2610,26052527,26352527,0.770141602,-0.0825195312,-0.199157715,0.600341797,0.1953125,0.44921875,0.08203125,-1.9609375,9.265625,-1.921875,-0.052734375,0.056640625,-0.16796875
2611,26059205,26359205,0.770080566,-0.0817260742,-0.199462891,0.600463867,0.234375,0.6953125,0.08203125,-2,9.25,-1.921875,-0.052734375,0.056640625,-0.16796875
2612,26071337,26371337,0.769958496,-0.0809936523,-0.199645996,0.600585938,0.234375,0.6953125,0.08203125,-2,9.25,-1.921875,-0.048828125,0.05078125,-0.119140625
2613,26076135,26376135,0.769958496,-0.0803833008,-0.199829102,0.600585938,0.10546875,0.46484375,-0.08203125,-2.0234375,9.25,-1.9140625,-0.048828125,0.05078125,-0.119140625
2614,26091290,26391290,0.770080566,-0.0798339844,-0.200012207,0.600524902,0.10546875,0.46484375,-0.08203125,-2.0234375,9.25,-1.9140625,0,0.03125,-0.11328125
2615,26097488,26397488,0.770141602,-0.0793457031,-0.200256348,0.600402832,-0.0234375,0.38671875,0.07421875,-2.046875,9.25,-1.9140625,0,0.03125,-0.11328125
2616,26112683,26412683,0.770202637,-0.0787963867,-0.200500488,0.600280762,-0.0234375,0.38671875,0.07421875,-2.046875,9.25,-1.9140625,0.005859375,0.03125,-0.12109375
2617,26116629,26416629,0.770324707,-0.0782470703,-0.200744629,0.600158691,-0.046875,0.12890625,-0.00390625,-2.0625,9.2421875,-1.9140625,0.005859375,0.03125,-0.12109375
2618,26131182,26431182,0.770507812,-0.0776367188,-0.20098877,0.599853516,-0.046875,0.12890625,-0.00390625,-2.0625,9.2421875,-1.9140625,0.05078125,0.021484375,-0.1328125
2619,26137479,26437479,0.770812988,-0.0772705078,-0.20135498,0.59942627,-0.13671875,-0.09375,-0.2265625,-2.0859375,9.234375,-1.921875,0.05078125,0.021484375,-0.1328125
2620,26150746,26450746,0.771179199,-0.0771484375,-0.201904297,0.598815918,-0.13671875,-0.09375,-0.2265625,-2.0859375,9.234375,-1.921875,0.150390625,-0.09375,-0.109375
2621,26155523,26455523,0.771606445,-0.0772705078,-0.202636719,0.598022461,-0.23046875,-0.046875,-0.1328125,-2.109375,9.2265625,-1.9375,0.150390625,-0.09375,-0.109375
2622,26170865,26470865,0.771972656,-0.0778198242,-0.203308105,0.597229004,-0.23046875,-0.046875,-0.1328125,-2.109375,9.2265625,-1.9375,0.193359375,-0.189453125,-0.015625
2623,26176090,26476090,0.772338867,-0.0786743164,-0.203979492,0.596374512,-0.3671875,0.11328125,-0.0625,-2.125,9.21875,-1.96875,0.193359375,-0.189453125,-0.015625
2624,26190999,26490999,0.772705078,-0.0799560547,-0.204650879,0.59552002,-0.3671875,0.11328125,-0.0625,-2.125,9.21875,-1.96875,0.22265625,-0.25390625,0.099609375
2625,26195785,26495785,0.773071289,-0.0813598633,-0.20513916,0.594665527,-0.015625,0.58203125,0.11328125,-2.1328125,9.2109375,-1.9921875,0.22265625,-0.25390625,0.099609375
2626,26209593,26509593,0.7734375,-0.0829467773,-0.205444336,0.59387207,-0.015625,0.58203125,0.11328125,-2.1328125,9.2109375,-1.9921875,0.224609375,-0.236328125,0.189453125
2627,26219820,26519820,0.773742676,-0.0845947266,-0.205627441,0.593200684,-0.15234375,0.65625,0.375,-2.109375,9.2109375,-2.0234375,0.224609375,-0.236328125,0.189453125
2628,26231968,26531968,0.773864746,-0.0863647461,-0.205810547,0.592712402,-0.15234375,0.65625,0.375,-2.109375,9.2109375,-2.0234375,0.130859375,-0.23046875,0.2265625
2629,26235584,26535584,0.773864746,-0.0879516602,-0.205993652,0.592407227,-0.0625,0.65625,0.40625,-2.0859375,9.2109375,-2.0546875,0.130859375,-0.23046875,0.2265625
2630,26249312,26549312,0.773681641,-0.0894775391,-0.206176758,0.592346191,-0.0625,0.65625,0.40625,-2.0859375,9.2109375,-2.0546875,0.01171875,-0.201171875,0.19921875
2631,26259865,26559865,0.773376465,-0.0908203125,-0.206359863,0.592468262,0.0625,0.45703125,0.4140625,-2.0546875,9.21875,-2.0625,0.01171875,-0.201171875,0.19921875
2632,26273962,26573962,0.772888184,-0.0921630859,-0.206542969,0.592895508,0.0625,0.45703125,0.4140625,-2.0546875,9.21875,-2.0625,-0.125,-0.181640625,0.2109375
2633,26278752,26578752,0.772155762,-0.0932617188,-0.206481934,0.59362793,0.22265625,0.10546875,0.0078125,-2.0234375,9.2265625,-2.0390625,-0.125,-0.181640625,0.2109375
2634,26289612,26589612,0.77142334,-0.0941162109,-0.206237793,0.594543457,0.22265625,0.10546875,0.0078125,-2.0234375,9.2265625,-2.0390625,-0.1875,-0.046875,0.2109375
2635,26298493,26598493,0.770874023,-0.094909668,-0.205871582,0.595275879,0.11328125,-0.0625,-0.4453125,-1.9921875,9.2421875,-2.0078125,-0.1875,-0.046875,0.2109375
2636,26309751,26609751,0.770507812,-0.0958862305,-0.205383301,0.59576416,0.11328125,-0.0625,-0.4453125,-1.9921875,9.2421875,-2.0078125,-0.025390625,-0.060546875,0.2265625
2637,26316348,26616348,0.770324707,-0.0969238281,-0.204956055,0.596008301,-0.1171875,-0.578125,-0.4296875,-1.953125,9.2578125,-1.984375,-0.025390625,-0.060546875,0.2265625
2638,26331495,26631495,0.770385742,-0.0980834961,-0.204650879,0.59588623,-0.1171875,-0.578125,-0.4296875,-1.953125,9.2578125,-1.984375,0.13671875,-0.095703125,0.19921875
2639,26337506,26637506,0.770690918,-0.0992431641,-0.204467773,0.595275879,-0.234375,-0.546875,-0.34765625,-1.9140625,9.265625,-1.9921875,0.13671875,-0.095703125,0.19921875
2640,26352391,26652391,0.771179199,-0.100524902,-0.204345703,0.594482422,-0.234375,-0.546875,-0.34765625,-1.9140625,9.265625,-1.9921875,0.23046875,-0.107421875,0.1328125
2641,26356012,26656012,0.77166748,-0.101318359,-0.204223633,0.59375,0.01171875,-0.39453125,0.02734375,-1.890625,9.265625,-2.0234375,0.23046875,-0.107421875,0.1328125
2642,26370676,26670676,0.772277832,-0.102050781,-0.204101562,0.592834473,0.01171875,-0.39453125,0.02734375,-1.890625,9.265625,-2.0234375,0.2578125,-0.080078125,0.068359375
2643,26380215,26680215,0.772888184,-0.102844238,-0.204223633,0.591918945,-0.46484375,-0.34765625,-0.0859375,-1.875,9.2578125,-2.0625,0.2578125,-0.080078125,0.068359375
2644,26391941,26691941,0.773376465,-0.10345459,-0.204345703,0.591064453,-0.46484375,-0.34765625,-0.0859375,-1.875,9.2578125,-2.0625,0.1953125,-0.056640625,0.048828125
2645,26395682,26695682,0.773803711,-0.104064941,-0.204284668,0.590454102,-0.125,0.00390625,0.18359375,-1.8671875,9.25,-2.1015625,0.1953125,-0.056640625,0.048828125
2646,26411051,26711051,0.774047852,-0.104858398,-0.204284668,0.590026855,-0.125,0.00390625,0.18359375,-1.8671875,9.25,-2.1015625,0.083984375,-0.095703125,0.12109375
2647,26417936,26717936,0.774047852,-0.105651855,-0.204284668,0.589904785,0.2109375,0.3125,0.27734375,-1.859375,9.25,-2.1171875,0.083984375,-0.095703125,0.12109375
2648,26432175,26732175,0.773925781,-0.106567383,-0.204284668,0.589904785,0.2109375,0.3125,0.27734375,-1.859375,9.25,-2.1171875,0.037109375,-0.12109375,0.150390625
2649,26435936,26735936,0.773803711,-0.107666016,-0.204406738,0.589782715,-0.03515625,0.04296875,0.32421875,-1.84375,9.25,-2.125,0.037109375,-0.12109375,0.150390625
2650,26451679,26751679,0.773742676,-0.108947754,-0.204650879,0.589538574,-0.03515625,0.04296875,0.32421875,-1.84375,9.25,-2.125,0.0625,-0.1796875,0.162109375
2651,26458958,26758958,0.773681641,-0.110046387,-0.204833984,0.589355469,0.28515625,-0.0390625,0.4765625,-1.8203125,9.2578125,-2.125,0.0625,-0.1796875,0.162109375
2652,26471225,26771225,0.773742676,-0.111206055,-0.205078125,0.588989258,0.28515625,-0.0390625,0.4765625,-1.8203125,9.2578125,-2.125,0.09375,-0.166015625,0.123046875
2653,26474953,26774953,0.773742676,-0.112182617,-0.205322266,0.588745117,-0.11328125,-0.1171875,0.18359375,-1.8046875,9.2578125,-2.140625,0.09375,-0.166015625,0.123046875
2654,26492037,26792037,0.773620605,-0.11328125,-0.205566406,0.588562012,-0.11328125,-0.1171875,0.18359375,-1.8046875,9.2578125,-2.140625,0.02734375,-0.1640625,0.126953125
2655,26497613,26797613,0.773498535,-0.114196777,-0.205749512,0.588439941,0.140625,0.1875,-0.07421875,-1.7890625,9.2578125,-2.1484375,0.02734375,-0.1640625,0.126953125
2656,26512130,26812130,0.773498535,-0.115234375,-0.205810547,0.588256836,0.140625,0.1875,-0.07421875,-1.7890625,9.2578125,-2.1484375,0.083984375,-0.13671875,0.134765625
2657,26515869,26815869,0.77355957,-0.116210938,-0.205871582,0.58795166,0.26953125,0.1875,-0.11328125,-1.765625,9.2578125,-2.1484375,0.083984375,-0.13671875,0.134765625
2658,26531087,26831087,0.773681641,-0.11730957,-0.205993652,0.587524414,0.26953125,0.1875,-0.11328125,-1.765625,9.2578125,-2.1484375,0.12890625,-0.150390625,0.134765625
2659,26537871,26837871,0.773803711,-0.118286133,-0.206054688,0.587219238,0.0625,-0.1171875,0.0546875,-1.75,9.2578125,-2.1640625,0.12890625,-0.150390625,0.134765625
2660,26551542,26851542,0.773742676,-0.11932373,-0.205993652,0.587036133,0.0625,-0.1171875,0.0546875,-1.75,9.2578125,-2.1640625,0.0390625,-0.099609375,0.146484375
2661,26555145,26855145,0.773681641,-0.120117188,-0.205932617,0.587036133,0.15234375,-0.0390625,0.1484375,-1.7265625,9.2578125,-2.1796875,0.0390625,-0.099609375,0.146484375
2662,26571117,26871117,0.77355957,-0.12097168,-0.205871582,0.586975098,0.15234375,-0.0390625,0.1484375,-1.7265625,9.2578125,-2.1796875,0.0234375,-0.10546875,0.125
2663,26577482,26877482,0.773498535,-0.121704102,-0.205871582,0.586914062,-0.08984375,0.21875,-0.0078125,-1.7109375,9.265625,-2.1796875,0.0234375,-0.10546875,0.125
2664,26591916,26891916,0.773498535,-0.122375488,-0.205810547,0.586791992,-0.08984375,0.21875,-0.0078125,-1.7109375,9.265625,-2.1796875,0.041015625,-0.056640625,0.087890625
2665,26595518,26895518,0.773498535,-0.122802734,-0.205688477,0.586730957,-0.15234375,0.02734375,0,-1.6875,9.265625,-2.1875,0.041015625,-0.056640625,0.087890625
2666,26611856,26911856,0.77355957,-0.12322998,-0.205566406,0.586608887,-0.15234375,0.02734375,0,-1.6875,9.265625,-2.1875,0.060546875,-0.037109375,0.0703125
2667,26617877,26917877,0.773681641,-0.123657227,-0.205505371,0.586425781,-0.390625,-0.203125,-0.10546875,-1.6796875,9.265625,-2.1953125,0.060546875,-0.037109375,0.0703125
2668,26630795,26930795,0.773864746,-0.124145508,-0.205505371,0.586120605,-0.390625,-0.203125,-0.10546875,-1.6796875,9.265625,-2.1953125,0.083984375,-0.04296875,0.041015625
2669,26637967,26937967,0.774047852,-0.124450684,-0.205505371,0.58581543,-0.015625,-0.125,0.0546875,-1.671875,9.265625,-2.203125,0.083984375,-0.04296875,0.041015625
2670,26651110,26951110,0.774230957,-0.124633789,-0.205444336,0.585510254,-0.015625,-0.125,0.0546875,-1.671875,9.265625,-2.203125,0.083984375,-0.01171875,0.015625
2671,26657493,26957493,0.774414062,-0.124816895,-0.205383301,0.585205078,0.015625,-0.1640625,-0.08203125,-1.6640625,9.265625,-2.21875,0.083984375,-0.01171875,0.015625
2672,26670690,26970690,0.774658203,-0.125,-0.205444336,0.584838867,0.015625,-0.1640625,-0.08203125,-1.6640625,9.265625,-2.21875,0.08984375,-0.037109375,-0.001953125
2673,26677992,26977992,0.774902344,-0.125183105,-0.205566406,0.584472656,0.08984375,-0.15625,0.0859375,-1.6640625,9.2578125,-2.234375,0.08984375,-0.037109375,-0.001953125
2674,26690876,26990876,0.775085449,-0.125244141,-0.205566406,0.58416748,0.08984375,-0.15625,0.0859375,-1.6640625,9.2578125,-2.234375,0.06640625,-0.005859375,-0.017578125
2675,26696104,26996104,0.775268555,-0.125244141,-0.205627441,0.58392334,0.0546875,-0.1171875,0.09375,-1.6640625,9.2578125,-2.2421875,0.06640625,-0.005859375,-0.017578125
2676,26710534,27010534,0.77545166,-0.12512207,-0.205688477,0.583740234,0.0546875,-0.1171875,0.09375,-1.6640625,9.2578125,-2.2421875,0.041015625,0.0078125,-0.044921875
2677,26717852,27017852,0.77557373,-0.124938965,-0.205749512,0.583496094,-0.015625,-0.109375,0.1875,-1.671875,9.25,-2.2578125,0.041015625,0.0078125,-0.044921875
2678,26731253,27031253,0.775756836,-0.124633789,-0.205871582,0.583312988,-0.015625,-0.109375,0.1875,-1.671875,9.25,-2.2578125,0.03125,0.025390625,-0.064453125
2679,26737970,27037970,0.775878906,-0.124328613,-0.205932617,0.583190918,0.0703125,-0.0703125,0.15625,-1.6796875,9.25,-2.265625,0.03125,0.025390625,-0.064453125
2680,26752157,27052157,0.776000977,-0.123840332,-0.205871582,0.583129883,0.0703125,-0.0703125,0.15625,-1.6796875,9.25,-2.265625,-0.00390625,0.072265625,-0.078125
2681,26755903,27055903,0.776123047,-0.123291016,-0.205810547,0.583129883,0.0859375,-0.0703125,0.1953125,-1.6953125,9.25,-2.265625,-0.00390625,0.072265625,-0.078125
2682,26770643,27070643,0.776306152,-0.122680664,-0.205627441,0.583129883,0.0859375,-0.0703125,0.1953125,-1.6953125,9.25,-2.265625,-0.005859375,0.11328125,-0.078125
2683,26777598,27077598,0.776428223,-0.122009277,-0.205444336,0.583129883,0.015625,-0.0234375,-0.06640625,-1.703125,9.2421875,-2.2734375,-0.005859375,0.11328125,-0.078125
2684,26792089,27092089,0.776550293,-0.121398926,-0.20526123,0.583190918,0.015625,-0.0234375,-0.06640625,-1.703125,9.2421875,-2.2734375,-0.01171875,0.08984375,-0.07421875
2685,26795832,27095832,0.776611328,-0.120910645,-0.205200195,0.583251953,-0.0546875,0.01171875,-0.140625,-1.7109375,9.2421875,-2.2734375,-0.01171875,0.08984375,-0.07421875
2686,26810138,27110138,0.776550293,-0.120361328,-0.205200195,0.583374023,-0.0546875,0.01171875,-0.140625,-1.7109375,9.2421875,-2.2734375,-0.064453125,0.05859375,-0.08203125
2687,26815211,27115211,0.776489258,-0.119750977,-0.20526123,0.583618164,0.1171875,-0.0234375,0.15625,-1.7265625,9.2421875,-2.265625,-0.064453125,0.05859375,-0.08203125
2688,26829948,27129948,0.776306152,-0.11895752,-0.20526123,0.583984375,0.1171875,-0.0234375,0.15625,-1.7265625,9.2421875,-2.265625,-0.115234375,0.09765625,-0.115234375
2689,26837788,27137788,0.776123047,-0.118041992,-0.205322266,0.584411621,0.1328125,-0.0234375,0.1796875,-1.7421875,9.2421875,-2.25,-0.115234375,0.09765625,-0.115234375
2690,26850321,27150321,0.775878906,-0.117126465,-0.205383301,0.584899902,0.1328125,-0.0234375,0.1796875,-1.7421875,9.2421875,-2.25,-0.158203125,0.111328125,-0.150390625
2691,26856907,27156907,0.77557373,-0.115966797,-0.205505371,0.585449219,0.22265625,0.05078125,-0.06640625,-1.7578125,9.2421875,-2.234375,-0.158203125,0.111328125,-0.150390625
2692,26870343,27170343,0.775390625,-0.114746094,-0.205505371,0.585998535,0.22265625,0.05078125,-0.06640625,-1.7578125,9.2421875,-2.234375,-0.150390625,0.15234375,-0.169921875
2693,26877897,27177897,0.77520752,-0.113464355,-0.205444336,0.586486816,0.20703125,0.08984375,-0.08984375,-1.78125,9.2421875,-2.2109375,-0.150390625,0.15234375,-0.169921875
2694,26890091,27190091,0.775146484,-0.112182617,-0.205322266,0.586853027,0.20703125,0.08984375,-0.08984375,-1.78125,9.2421875,-2.2109375,-0.10546875,0.17578125,-0.169921875
2695,26896912,27196912,0.775146484,-0.110961914,-0.205200195,0.587158203,-0.11328125,0.01171875,-0.2265625,-1.8046875,9.2421875,-2.1875,-0.10546875,0.17578125,-0.169921875
2696,26910144,27210144,0.775146484,-0.109802246,-0.20513916,0.587402344,-0.11328125,0.01171875,-0.2265625,-1.8046875,9.2421875,-2.1875,-0.080078125,0.14453125,-0.158203125
2697,26918253,27218253,0.775085449,-0.108642578,-0.20513916,0.587646484,-0.203125,-0.0234375,-0.16015625,-1.828125,9.2421875,-2.1796875,-0.080078125,0.14453125,-0.158203125
2698,26930502,27230502,0.775024414,-0.107421875,-0.205078125,0.588012695,-0.203125,-0.0234375,-0.16015625,-1.828125,9.2421875,-2.1796875,-0.11328125,0.154296875,-0.166015625
2699,26936565,27236565,0.774963379,-0.106201172,-0.20501709,0.588378906,-0.10546875,-0.1015625,-0.05859375,-1.8515625,9.2421875,-2.1640625,-0.11328125,0.154296875,-0.166015625
2700,26949414,27249414,0.774841309,-0.104980469,-0.20501709,0.588684082,-0.10546875,-0.1015625,-0.05859375,-1.8515625,9.2421875,-2.1640625,-0.115234375,0.138671875,-0.1640625
2701,26957638,27257638,0.774719238,-0.103881836,-0.205078125,0.589050293,-0.1171875,-0.09375,-0.0390625,-1.875,9.234375,-2.1484375,-0.115234375,0.138671875,-0.1640625
2702,26969536,27269536,0.774536133,-0.102844238,-0.205200195,0.589416504,-0.1171875,-0.09375,-0.0390625,-1.875,9.234375,-2.1484375,-0.126953125,0.083984375,-0.150390625
2703,26979200,27279200,0.774291992,-0.101928711,-0.205383301,0.58984375,-0.01953125,0.2109375,0.12890625,-1.8984375,9.234375,-2.125,-0.126953125,0.083984375,-0.150390625
2704,26992593,27292593,0.773986816,-0.100952148,-0.205505371,0.590332031,-0.01953125,0.2109375,0.12890625,-1.8984375,9.234375,-2.125,-0.154296875,0.09375,-0.13671875
2705,26996987,27296987,0.773742676,-0.100036621,-0.205627441,0.590820312,0.00390625,0.2890625,0.22265625,-1.921875,9.234375,-2.1015625,-0.154296875,0.09375,-0.13671875
2706,27010034,27310034,0.773498535,-0.0991210938,-0.205749512,0.591247559,0.00390625,0.2890625,0.22265625,-1.921875,9.234375,-2.1015625,-0.1171875,0.095703125,-0.12109375
2707,27015215,27315215,0.773254395,-0.0982666016,-0.205810547,0.591674805,-0.125,0.13671875,0.046875,-1.9453125,9.234375,-2.078125,-0.1171875,0.095703125,-0.12109375
2708,27033021,27333021,0.772949219,-0.0974731445,-0.205871582,0.592163086,-0.125,0.13671875,0.046875,-1.9453125,9.234375,-2.078125,-0.142578125,0.083984375,-0.099609375
2709,27037482,27337482,0.772644043,-0.0966796875,-0.205871582,0.592651367,-0.0703125,0.17578125,-0.0078125,-1.9609375,9.234375,-2.0625,-0.142578125,0.083984375,-0.099609375
2710,27050498,27350498,0.772277832,-0.0958862305,-0.205810547,0.593322754,-0.0703125,0.17578125,-0.0078125,-1.9609375,9.234375,-2.0625,-0.181640625,0.107421875,-0.08203125
2711,27058152,27358152,0.771850586,-0.0950317383,-0.205688477,0.594055176,-0.015625,0.16796875,-0.078125,-1.9765625,9.2421875,-2.03125,-0.181640625,0.107421875,-0.08203125
2712,27073658,27373658,0.77130127,-0.0941162109,-0.205322266,0.595092773,-0.015625,0.16796875,-0.078125,-1.9765625,9.2421875,-2.03125,-0.27734375,0.169921875,-0.029296875
2713,27077646,27377646,0.770507812,-0.0932006836,-0.204833984,0.596374512,0.02734375,0.234375,-0.15625,-1.984375,9.25,-1.9921875,-0.27734375,0.169921875,-0.029296875
2714,27095203,27395203,0.769714355,-0.0922851562,-0.204040527,0.59777832,0.02734375,0.234375,-0.15625,-1.984375,9.25,-1.9921875,-0.326171875,0.240234375,0.04296875
2715,27099340,27399340,0.769104004,-0.0914916992,-0.203125,0.599060059,0.3203125,0.2265625,-0.36328125,-1.96875,9.2578125,-1.9375,-0.326171875,0.240234375,0.04296875
2716,27110644,27410644,0.768615723,-0.0908203125,-0.202148438,0.600036621,0.3203125,0.2265625,-0.36328125,-1.96875,9.2578125,-1.9375,-0.1796875,0.21484375,0.0703125
2717,27117031,27417031,0.768432617,-0.0903930664,-0.20135498,0.600708008,0.34375,0.09765625,-0.31640625,-1.953125,9.2734375,-1.90625,-0.1796875,0.21484375,0.0703125
2718,27133539,27433539,0.768310547,-0.0901489258,-0.200622559,0.601074219,0.34375,0.09765625,-0.31640625,-1.953125,9.2734375,-1.90625,-0.052734375,0.119140625,0.05859375
2719,27137687,27437687,0.768188477,-0.0899658203,-0.200073242,0.601501465,0.2890625,0.12890625,0.2890625,-1.9375,9.28125,-1.8984375,-0.052734375,0.119140625,0.05859375
2720,27151194,27451194,0.767944336,-0.0896606445,-0.199523926,0.601989746,0.2890625,0.12890625,0.2890625,-1.9375,9.28125,-1.8984375,-0.1328125,0.125,0.041015625
2721,27154932,27454932,0.767700195,-0.0892333984,-0.198974609,0.602600098,0.2734375,0.15625,0.30859375,-1.921875,9.2890625,-1.8828125,-0.1328125,0.125,0.041015625
2722,27170719,27470719,0.767578125,-0.088684082,-0.198181152,0.603088379,0.2734375,0.15625,0.30859375,-1.921875,9.2890625,-1.8828125,-0.07421875,0.205078125,0.01953125
2723,27177936,27477936,0.76763916,-0.0880737305,-0.19732666,0.603393555,0.2265625,0.07421875,-0.08984375,-1.9140625,9.296875,-1.8671875,-0.07421875,0.205078125,0.01953125
2724,27190175,27490175,0.767700195,-0.0875854492,-0.196411133,0.60357666,0.2265625,0.07421875,-0.08984375,-1.9140625,9.296875,-1.8671875,-0.009765625,0.177734375,0.048828125
2725,27196483,27496483,0.76776123,-0.0873413086,-0.195678711,0.603820801,0.09765625,-0.15625,-0.42578125,-1.8984375,9.296875,-1.875,-0.009765625,0.177734375,0.048828125
2726,27210417,27510417,0.767578125,-0.0873413086,-0.195007324,0.604248047,0.09765625,-0.15625,-0.42578125,-1.8984375,9.296875,-1.875,-0.130859375,0.09375,0.111328125
2727,27217613,27517613,0.767089844,-0.0873413086,-0.194335938,0.605102539,0.140625,0.10546875,-0.08984375,-1.8671875,9.3046875,-1.8671875,-0.130859375,0.09375,0.111328125
2728,27233205,27533205,0.766479492,-0.0873413086,-0.193603516,0.606140137,0.140625,0.10546875,-0.08984375,-1.8671875,9.3046875,-1.8671875,-0.220703125,0.107421875,0.14453125
2729,27237321,27537321,0.765930176,-0.0873413086,-0.192871094,0.607055664,0.15625,0.125,0.03515625,-1.84375,9.3203125,-1.8359375,-0.220703125,0.107421875,0.14453125
2730,27250422,27550422,0.765380859,-0.0874633789,-0.192077637,0.608032227,0.15625,0.125,0.03515625,-1.84375,9.3203125,-1.8359375,-0.185546875,0.080078125,0.150390625
2731,27258468,27558468,0.764709473,-0.0875854492,-0.19140625,0.609008789,-0.2578125,0.2734375,0.1953125,-1.8125,9.328125,-1.8046875,-0.185546875,0.080078125,0.150390625
2732,27269769,27569769,0.76385498,-0.0875854492,-0.190612793,0.610290527,-0.2578125,0.2734375,0.1953125,-1.8125,9.328125,-1.8046875,-0.326171875,0.123046875,0.16796875
2733,27275750,27575750,0.763000488,-0.0875244141,-0.189697266,0.611694336,-0.10546875,0.484375,0.1484375,-1.7734375,9.34375,-1.7578125,-0.326171875,0.123046875,0.16796875
2734,27290388,27590388,0.762451172,-0.0875244141,-0.188781738,0.612670898,-0.10546875,0.484375,0.1484375,-1.7734375,9.34375,-1.7578125,-0.09375,0.142578125,0.140625
2735,27296550,27596550,0.762512207,-0.0876464844,-0.187866211,0.612854004,-0.09765625,-0.02734375,-0.46875,-1.7421875,9.359375,-1.71875,-0.09375,0.142578125,0.140625
2736,27312401,27612401,0.762939453,-0.0878295898,-0.187011719,0.612548828,-0.09765625,-0.02734375,-0.46875,-1.7421875,9.359375,-1.71875,0.17578125,0.103515625,0.11328125
2737,27316549,27616549,0.76361084,-0.0881347656,-0.186279297,0.611938477,-0.16796875,-0.37109375,0.046875,-1.7109375,9.359375,-1.734375,0.17578125,0.103515625,0.11328125
2738,27329913,27629913,0.764404297,-0.0883789062,-0.18560791,0.611083984,-0.16796875,-0.37109375,0.046875,-1.7109375,9.359375,-1.734375,0.2421875,0.078125,0.05859375
2739,27335209,27635209,0.765136719,-0.0885620117,-0.185058594,0.610290527,-0.48828125,-0.25,0.24609375,-1.6953125,9.3515625,-1.78125,0.2421875,0.078125,0.05859375
2740,27350090,27650090,0.76574707,-0.0887451172,-0.184631348,0.609619141,-0.48828125,-0.25,0.24609375,-1.6953125,9.3515625,-1.78125,0.154296875,0.046875,0.04296875
2741,27356691,27656691,0.766113281,-0.0888671875,-0.184265137,0.60925293,-0.3046875,-0.328125,-0.09765625,-1.6875,9.3515625,-1.8203125,0.154296875,0.046875,0.04296875
2742,27369617,27669617,0.766357422,-0.0889892578,-0.183776855,0.609130859,-0.3046875,-0.328125,-0.09765625,-1.6875,9.3515625,-1.8203125,0.033203125,0.060546875,0.078125
2743,27377619,27677619,0.766418457,-0.0892333984,-0.183288574,0.609130859,-0.16796875,-0.1328125,-0.42578125,-1.671875,9.3515625,-1.8359375,0.033203125,0.060546875,0.078125
2744,27390936,27690936,0.766418457,-0.0896606445,-0.182739258,0.60925293,-0.16796875,-0.1328125,-0.42578125,-1.671875,9.3515625,-1.8359375,-0.001953125,0.033203125,0.146484375
2745,27394535,27694535,0.766418457,-0.0900878906,-0.182189941,0.609375,0.11328125,-0.05859375,-0.1875,-1.6484375,9.3515625,-1.84375,-0.001953125,0.033203125,0.146484375
2746,27409853,27709853,0.766601562,-0.0907592773,-0.18182373,0.609130859,0.11328125,-0.05859375,-0.1875,-1.6484375,9.3515625,-1.84375,0.1328125,-0.044921875,0.109375
2747,27416099,27716099,0.767089844,-0.0914306641,-0.181762695,0.608398438,-0.1484375,-0.37109375,0.125,-1.6171875,9.359375,-1.8515625,0.1328125,-0.044921875,0.109375
2748,27429767,27729767,0.767883301,-0.0920410156,-0.182006836,0.607299805,-0.1484375,-0.37109375,0.125,-1.6171875,9.359375,-1.8515625,0.302734375,-0.09765625,-0.02734375
2749,27435499,27735499,0.768676758,-0.0922241211,-0.182250977,0.606201172,0.0078125,-0.36328125,0.9296875,-1.6171875,9.3515625,-1.890625,0.302734375,-0.09765625,-0.02734375
2750,27449213,27749213,0.769287109,-0.0918579102,-0.182250977,0.605407715,0.0078125,-0.36328125,0.9296875,-1.6171875,9.3515625,-1.890625,0.1484375,0.0859375,-0.115234375
2751,27456224,27756224,0.769775391,-0.0911865234,-0.182128906,0.604919434,-0.24609375,0.07421875,0.6328125,-1.6328125,9.3359375,-1.9375,0.1484375,0.0859375,-0.115234375
2752,27470139,27770139,0.770080566,-0.0903930664,-0.18182373,0.604736328,-0.24609375,0.07421875,0.6328125,-1.6328125,9.3359375,-1.9375,0.013671875,0.162109375,-0.08203125
2753,27476259,27776259,0.770324707,-0.0897216797,-0.18145752,0.604675293,-0.1171875,0.08203125,0.2265625,-1.6484375,9.328125,-1.953125,0.013671875,0.162109375,-0.08203125
2754,27489639,27789639,0.770568848,-0.0892944336,-0.181335449,0.604492188,-0.1171875,0.08203125,0.2265625,-1.6484375,9.328125,-1.953125,0.072265625,0.03125,-0.05859375
2755,27496841,27796841,0.770812988,-0.0891723633,-0.181640625,0.604125977,-0.3359375,-0.2265625,-0.41796875,-1.65625,9.328125,-1.9609375,0.072265625,0.03125,-0.05859375
2756,27508398,27808398,0.770874023,-0.0893554688,-0.182373047,0.603759766,-0.3359375,-0.2265625,-0.41796875,-1.65625,9.328125,-1.9609375,0.03515625,-0.181640625,-0.08984375
2757,27515878,27815878,0.770751953,-0.0895385742,-0.183349609,0.60357666,0.17578125,-0.37109375,-0.4453125,-1.671875,9.3203125,-1.96875,0.03515625,-0.181640625,-0.08984375
2758,27530143,27830143,0.770507812,-0.0895996094,-0.184204102,0.60357666,0.17578125,-0.37109375,-0.4453125,-1.671875,9.3203125,-1.96875,-0.072265625,-0.1171875,-0.08984375
2759,27536102,27836102,0.770263672,-0.0894165039,-0.184814453,0.603759766,0.28515625,-0.2578125,0.08203125,-1.703125,9.3203125,-1.9609375,-0.072265625,-0.1171875,-0.08984375
2760,27550351,27850351,0.770202637,-0.089050293,-0.185058594,0.603820801,0.28515625,-0.2578125,0.08203125,-1.703125,9.3203125,-1.9609375,-0.005859375,0.025390625,-0.08984375
2761,27556107,27856107,0.770385742,-0.0886230469,-0.185302734,0.60357666,-0.08203125,-0.296875,-0.04296875,-1.71875,9.3203125,-1.953125,-0.005859375,0.025390625,-0.08984375
2762,27569728,27869728,0.770751953,-0.0883789062,-0.185546875,0.603027344,-0.08203125,-0.296875,-0.04296875,-1.71875,9.3203125,-1.953125,0.146484375,-0.03125,-0.10546875
2763,27575078,27875078,0.77130127,-0.0881958008,-0.185974121,0.602294922,-0.2578125,-0.25,-0.21875,-1.734375,9.3125,-1.96875,0.146484375,-0.03125,-0.10546875
2764,27589580,27889580,0.771789551,-0.0880126953,-0.186462402,0.601501465,-0.2578125,-0.25,-0.21875,-1.734375,9.3125,-1.96875,0.16796875,-0.0390625,-0.138671875
2765,27595311,27895311,0.772277832,-0.0877075195,-0.186950684,0.600769043,-0.0078125,-0.01171875,0.2265625,-1.7578125,9.3046875,-1.9921875,0.16796875,-0.0390625,-0.138671875
2766,27607399,27907399,0.772583008,-0.0872802734,-0.187438965,0.600280762,-0.0078125,-0.01171875,0.2265625,-1.7578125,9.3046875,-1.9921875,0.0546875,-0.001953125,-0.146484375
2767,27618090,27918090,0.772705078,-0.086730957,-0.187805176,0.600097656,0.0546875,0.11328125,0.25,-1.78125,9.296875,-2.015625,0.0546875,-0.001953125,-0.146484375
2768,27632183,27932183,0.772705078,-0.0861206055,-0.188110352,0.600097656,0.0546875,0.11328125,0.25,-1.78125,9.296875,-2.015625,-0.037109375,0.01953125,-0.115234375
2769,27636721,27936721,0.772644043,-0.0856933594,-0.188354492,0.600158691,0.01953125,0.1640625,0.05859375,-1.8203125,9.28125,-2.015625,-0.037109375,0.01953125,-0.115234375
2770,27648441,27948441,0.772644043,-0.0852050781,-0.188598633,0.600158691,0.01953125,0.1640625,0.05859375,-1.8203125,9.28125,-2.015625,-0.01953125,0.021484375,-0.095703125
2771,27658694,27958694,0.772644043,-0.0847167969,-0.188842773,0.600158691,0.0703125,0.1640625,-0.1015625,-1.8359375,9.28125,-2.0078125,-0.01953125,0.021484375,-0.095703125
2772,27671258,27971258,0.772766113,-0.0842285156,-0.189025879,0.600036621,0.0703125,0.1640625,-0.1015625,-1.8359375,9.28125,-2.0078125,0.005859375,0.037109375,-0.109375
2773,27675002,27975002,0.772888184,-0.0836791992,-0.189208984,0.599914551,0.01171875,-0.02734375,-0.0234375,-1.8515625,9.28125,-2.0078125,0.005859375,0.037109375,-0.109375
2774,27689519,27989519,0.773010254,-0.0830688477,-0.18939209,0.59967041,0.01171875,-0.02734375,-0.0234375,-1.8515625,9.28125,-2.0078125,0.02734375,0.04296875,-0.140625
2775,27695218,27995218,0.773193359,-0.0823974609,-0.189697266,0.599487305,-0.04296875,-0.1328125,-0.09375,-1.875,9.2734375,-2.015625,0.02734375,0.04296875,-0.140625
2776,27711406,28011406,0.773376465,-0.0817260742,-0.190002441,0.599243164,-0.04296875,-0.1328125,-0.09375,-1.875,9.2734375,-2.015625,0.033203125,0.021484375,-0.15234375
2777,27715176,28015176,0.77355957,-0.0811767578,-0.190429688,0.598937988,-0.09375,-0.1640625,-0.19921875,-1.8984375,9.265625,-2.0234375,0.033203125,0.021484375,-0.15234375
2778,27728026,28028026,0.773803711,-0.0807495117,-0.190856934,0.598571777,-0.09375,-0.1640625,-0.19921875,-1.8984375,9.265625,-2.0234375,0.064453125,-0.021484375,-0.126953125
2779,27738699,28038699,0.774047852,-0.0803833008,-0.191223145,0.598205566,-0.1015625,-0.1953125,-0.078125,-1.9296875,9.2578125,-2.03125,0.064453125,-0.021484375,-0.126953125
2780,27748221,28048221,0.774230957,-0.0798950195,-0.191467285,0.597900391,-0.1015625,-0.1953125,-0.078125,-1.9296875,9.2578125,-2.03125,0.037109375,0.044921875,-0.11328125
2781,27755912,28055912,0.774414062,-0.079284668,-0.19152832,0.597717285,0.10546875,0.08203125,0.12890625,-1.9453125,9.25,-2.046875,0.037109375,0.044921875,-0.11328125
2782,27768253,28068253,0.774536133,-0.0784912109,-0.19140625,0.597717285,0.10546875,0.08203125,0.12890625,-1.9453125,9.25,-2.046875,-0.03125,0.1328125,-0.109375
2783,27778052,28078052,0.774597168,-0.0776367188,-0.191223145,0.597839355,0.04296875,0.3203125,0.23828125,-1.9609375,9.2421875,-2.0390625,-0.03125,0.1328125,-0.109375
2784,27792145,28092145,0.774597168,-0.0769042969,-0.191101074,0.597961426,0.04296875,0.3203125,0.23828125,-1.9609375,9.2421875,-2.0390625,-0.041015625,0.1015625,-0.095703125
2785,27796351,28096351,0.774597168,-0.0762939453,-0.191101074,0.598022461,-0.28515625,0.43359375,0.12109375,-1.9765625,9.2421875,-2.0390625,-0.041015625,0.1015625,-0.095703125
2786,27812604,28112604,0.774536133,-0.0758056641,-0.191345215,0.598144531,-0.28515625,0.43359375,0.12109375,-1.9765625,9.2421875,-2.0390625,-0.03125,0,-0.087890625
2787,27816726,28116726,0.774536133,-0.0755004883,-0.191650391,0.598083496,-0.3828125,0.328125,-0.0390625,-1.9921875,9.234375,-2.03125,-0.03125,0,-0.087890625
2788,27830268,28130268,0.774658203,-0.0752563477,-0.192077637,0.597839355,-0.3828125,0.328125,-0.0390625,-1.9921875,9.234375,-2.03125,0.05078125,-0.04296875,-0.1015625
2789,27835342,28135342,0.774719238,-0.075012207,-0.192565918,0.597595215,-0.20703125,0.01953125,-0.0703125,-2.015625,9.234375,-2.0390625,0.05078125,-0.04296875,-0.1015625
2790,27848089,28148089,0.774658203,-0.0747070312,-0.193054199,0.59753418,-0.20703125,0.01953125,-0.0703125,-2.015625,9.234375,-2.0390625,-0.048828125,-0.04296875,-0.1015625
2791,27859052,28159052,0.774414062,-0.0744018555,-0.193481445,0.59777832,-0.0390625,-0.09375,0.04296875,-2.03125,9.234375,-2.0390625,-0.048828125,-0.04296875,-0.1015625
2792,27873188,28173188,0.773864746,-0.0739746094,-0.193969727,0.598327637,-0.0390625,-0.09375,0.04296875,-2.03125,9.234375,-2.0390625,-0.2109375,-0.0234375,-0.076171875
2793,27877318,28177318,0.773193359,-0.0735473633,-0.194335938,0.599182129,0.0234375,-0.1328125,0.05859375,-2.0546875,9.234375,-2.015625,-0.2109375,-0.0234375,-0.076171875
2794,27892773,28192773,0.772521973,-0.0731811523,-0.194702148,0.599975586,0.0234375,-0.1328125,0.05859375,-2.0546875,9.234375,-2.015625,-0.20703125,-0.02734375,-0.060546875
2795,27897227,28197227,0.771972656,-0.0728759766,-0.195068359,0.600524902,0.03125,-0.140625,-0.0625,-2.0625,9.2421875,-1.96875,-0.20703125,-0.02734375,-0.060546875
2796,27910783,28210783,0.77166748,-0.0726318359,-0.195495605,0.600891113,0.03125,-0.140625,-0.0625,-2.0625,9.2421875,-1.96875,-0.064453125,-0.046875,-0.078125
2797,27914528,28214528,0.77154541,-0.0724487305,-0.195922852,0.600891113,0.0078125,-0.140625,-0.0859375,-2.078125,9.2421875,-1.9453125,-0.064453125,-0.046875,-0.078125
2798,27931499,28231499,0.77166748,-0.0723266602,-0.196533203,0.600585938,0.0078125,-0.140625,-0.0859375,-2.078125,9.2421875,-1.9453125,0.078125,-0.08203125,-0.10546875
2799,27939395,28239395,0.771911621,-0.072265625,-0.197143555,0.600036621,-0.12890625,-0.09375,-0.203125,-2.09375,9.234375,-1.9453125,0.078125,-0.08203125,-0.10546875
2800,27952510,28252510,0.772277832,-0.0723876953,-0.197875977,0.599304199,-0.12890625,-0.09375,-0.203125,-2.09375,9.234375,-1.9453125,0.1640625,-0.13671875,-0.1015625
2801,27956757,28256757,0.772644043,-0.0726318359,-0.198669434,0.598571777,-0.21484375,0.13671875,-0.1484375,-2.125,9.234375,-1.9609375,0.1640625,-0.13671875,-0.1015625
2802,27971040,28271040,0.772949219,-0.073059082,-0.199401855,0.597900391,-0.21484375,0.13671875,-0.1484375,-2.125,9.234375,-1.9609375,0.134765625,-0.169921875,-0.037109375
2803,27977947,28277947,0.773132324,-0.0736083984,-0.200073242,0.597351074,-0.16015625,0.265625,0.02734375,-2.140625,9.21875,-1.984375,0.134765625,-0.169921875,-0.037109375
2804,27989696,28289696,0.773193359,-0.0744018555,-0.200866699,0.596923828,-0.16015625,0.265625,0.02734375,-2.140625,9.21875,-1.984375,0.076171875,-0.22265625,0.037109375
2805,27995673,28295673,0.773132324,-0.0754394531,-0.201599121,0.596618652,-0.11328125,0.34375,0.03515625,-2.1484375,9.21875,-1.9921875,0.076171875,-0.22265625,0.037109375
2806,28012096,28312096,0.773071289,-0.0765380859,-0.202453613,0.596252441,-0.11328125,0.34375,0.03515625,-2.1484375,9.21875,-1.9921875,0.08984375,-0.26953125,0.072265625
2807,28016240,28316240,0.773071289,-0.0776367188,-0.203125,0.59588623,0,0.34375,0.00390625,-2.1484375,9.21875,-2,0.08984375,-0.26953125,0.072265625
2808,28031106,28331106,0.773010254,-0.0787353516,-0.203796387,0.595581055,0,0.34375,0.00390625,-2.1484375,9.21875,-2,0.0625,-0.2109375,0.083984375
2809,28034725,28334725,0.772949219,-0.0797119141,-0.204223633,0.595397949,0.0703125,0.19140625,0.08984375,-2.140625,9.21875,-2.0078125,0.0625,-0.2109375,0.083984375
2810,28052105,28352105,0.772827148,-0.0806274414,-0.204589844,0.595336914,0.0703125,0.19140625,0.08984375,-2.140625,9.21875,-2.0078125,0.025390625,-0.150390625,0.1015625
2811,28057586,28357586,0.772705078,-0.0814208984,-0.204772949,0.595275879,0.17578125,0.11328125,0.01171875,-2.1328125,9.21875,-2.0078125,0.025390625,-0.150390625,0.1015625
2812,28069676,28369676,0.772583008,-0.0822143555,-0.204956055,0.595275879,0.17578125,0.11328125,0.01171875,-2.1328125,9.21875,-2.0078125,0.02734375,-0.123046875,0.103515625
2813,28075653,28375653,0.772460938,-0.0831298828,-0.20526123,0.595214844,-0.06640625,-0.0390625,-0.03125,-2.1171875,9.21875,-2,0.02734375,-0.123046875,0.103515625
2814,28090493,28390493,0.772277832,-0.0844116211,-0.205749512,0.595092773,-0.06640625,-0.0390625,-0.03125,-2.1171875,9.21875,-2,0.05078125,-0.2734375,0.15234375
2815,28098412,28398412,0.772033691,-0.0858154297,-0.206298828,0.594970703,-0.07421875,0.02734375,0.00390625,-2.109375,9.2265625,-2,0.05078125,-0.2734375,0.15234375
2816,28111892,28411892,0.771850586,-0.0872802734,-0.206848145,0.594848633,-0.07421875,0.02734375,0.00390625,-2.109375,9.2265625,-2,0.048828125,-0.2265625,0.146484375
2817,28115518,28415518,0.771789551,-0.0885009766,-0.207214355,0.594604492,0.12890625,0.02734375,-0.0390625,-2.0859375,9.2265625,-1.9921875,0.048828125,-0.2265625,0.146484375
2818,28132529,28432529,0.771911621,-0.08984375,-0.207519531,0.594116211,0.12890625,0.02734375,-0.0390625,-2.0859375,9.2265625,-1.9921875,0.146484375,-0.21875,0.142578125
2819,28136895,28436895,0.772033691,-0.0911254883,-0.207885742,0.593688965,-0.15234375,-0.09375,-0.1796875,-2.0703125,9.234375,-2.0078125,0.146484375,-0.21875,0.142578125
2820,28149839,28449839,0.771972656,-0.0924072266,-0.208312988,0.593444824,-0.15234375,-0.09375,-0.1796875,-2.0703125,9.234375,-2.0078125,0.048828125,-0.203125,0.123046875
2821,28155820,28455820,0.771850586,-0.0935058594,-0.208740234,0.593261719,0.328125,0.13671875,-0.0546875,-2.0546875,9.234375,-2.015625,0.048828125,-0.203125,0.123046875
2822,28172524,28472524,0.771728516,-0.094543457,-0.209106445,0.593139648,0.328125,0.13671875,-0.0546875,-2.0546875,9.234375,-2.015625,0.009765625,-0.177734375,0.115234375
2823,28176556,28476556,0.771484375,-0.0953979492,-0.209350586,0.593200684,0.2734375,-0.015625,0.01953125,-2.0390625,9.234375,-2.015625,0.009765625,-0.177734375,0.115234375
2824,28191199,28491199,0.771362305,-0.0961303711,-0.209411621,0.593200684,0.2734375,-0.015625,0.01953125,-2.0390625,9.234375,-2.015625,0.021484375,-0.076171875,0.1015625
2825,28194806,28494806,0.77130127,-0.0967407227,-0.209411621,0.593200684,0.18359375,0.12890625,-0.171875,-2.0234375,9.2421875,-2.015625,0.021484375,-0.076171875,0.1015625
2826,28211428,28511428,0.77130127,-0.0974121094,-0.209350586,0.593078613,0.18359375,0.12890625,-0.171875,-2.0234375,9.2421875,-2.015625,0.068359375,-0.083984375,0.111328125
2827,28215051,28515051,0.771362305,-0.0982055664,-0.209350586,0.592895508,-0.1015625,-0.0234375,0.01953125,-2.0078125,9.2421875,-2.015625,0.068359375,-0.083984375,0.111328125
2828,28230343,28530343,0.771240234,-0.0989379883,-0.209228516,0.592956543,-0.1015625,-0.0234375,0.01953125,-2.0078125,9.2421875,-2.015625,-0.0078125,-0.0546875,0.1171875
2829,28235144,28535144,0.771179199,-0.0994873047,-0.20904541,0.593017578,0.3828125,0.08984375,0.10546875,-1.9921875,9.2421875,-2.0234375,-0.0078125,-0.0546875,0.1171875
2830,28252497,28552497,0.771057129,-0.100158691,-0.208862305,0.593078613,0.3828125,0.08984375,0.10546875,-1.9921875,9.2421875,-2.0234375,0.009765625,-0.0625,0.125
2831,28257266,28557266,0.770996094,-0.100769043,-0.208740234,0.593139648,0.16796875,0.12109375,-0.1640625,-1.96875,9.25,-2.0234375,0.009765625,-0.0625,0.125
2832,28270912,28570912,0.770935059,-0.101379395,-0.208618164,0.593139648,0.16796875,0.12109375,-0.1640625,-1.96875,9.25,-2.0234375,0.01171875,-0.0390625,0.111328125
2833,28274515,28574515,0.770874023,-0.101867676,-0.208374023,0.593261719,0.15234375,0.15234375,0.10546875,-1.953125,9.2578125,-2.0234375,0.01171875,-0.0390625,0.111328125
2834,28291509,28591509,0.770812988,-0.102294922,-0.208129883,0.593322754,0.15234375,0.15234375,0.10546875,-1.953125,9.2578125,-2.0234375,0.009765625,-0.0234375,0.103515625
2835,28295462,28595462,0.770690918,-0.102844238,-0.208007812,0.593383789,-0.41015625,-0.1953125,0.14453125,-1.9296875,9.2578125,-2.0234375,0.009765625,-0.0234375,0.103515625
2836,28309098,28609098,0.770507812,-0.10357666,-0.208068848,0.593566895,-0.41015625,-0.1953125,0.14453125,-1.9296875,9.2578125,-2.0234375,-0.037109375,-0.09375,0.115234375
2837,28315807,28615807,0.770202637,-0.104248047,-0.208068848,0.593811035,-0.1953125,-0.203125,0.21484375,-1.9140625,9.265625,-2.015625,-0.037109375,-0.09375,0.115234375
2838,28332670,28632670,0.769958496,-0.104736328,-0.208129883,0.594055176,-0.1953125,-0.203125,0.21484375,-1.9140625,9.265625,-2.015625,-0.05859375,-0.046875,0.078125
2839,28336843,28636843,0.769714355,-0.105041504,-0.208068848,0.594299316,0.01953125,-0.0859375,0.20703125,-1.8984375,9.265625,-2.0078125,-0.05859375,-0.046875,0.078125
2840,28350657,28650657,0.769592285,-0.105163574,-0.207946777,0.594543457,0.01953125,-0.0859375,0.20703125,-1.8984375,9.265625,-2.0078125,-0.044921875,0.02734375,0.033203125
2841,28358226,28658226,0.769470215,-0.105102539,-0.207824707,0.594726562,0.125,-0.171875,0.11328125,-1.890625,9.2734375,-1.9921875,-0.044921875,0.02734375,0.033203125
2842,28372658,28672658,0.76940918,-0.105041504,-0.207702637,0.594848633,0.125,-0.171875,0.11328125,-1.890625,9.2734375,-1.9921875,-0.033203125,0.017578125,0.001953125
2843,28376713,28676713,0.769287109,-0.104980469,-0.207702637,0.594970703,-0.1875,-0.2109375,-0.0390625,-1.8828125,9.2734375,-1.9921875,-0.033203125,0.017578125,0.001953125
2844,28390247,28690247,0.769287109,-0.104858398,-0.207702637,0.595031738,-0.1875,-0.2109375,-0.0390625,-1.8828125,9.2734375,-1.9921875,-0.015625,0.00390625,-0.013671875
2845,28395295,28695295,0.769226074,-0.104797363,-0.207763672,0.595092773,-0.1484375,-0.25,0.02734375,-1.8828125,9.2734375,-1.984375,-0.015625,0.00390625,-0.013671875
2846,28412356,28712356,0.769226074,-0.104797363,-0.207946777,0.595031738,-0.1484375,-0.25,0.02734375,-1.8828125,9.2734375,-1.984375,0.01171875,-0.025390625,-0.03125
2847,28416487,28716487,0.769287109,-0.104736328,-0.208129883,0.594909668,-0.1796875,-0.2578125,0.05859375,-1.890625,9.28125,-1.9765625,0.01171875,-0.025390625,-0.03125
2848,28430646,28730646,0.769470215,-0.104614258,-0.208312988,0.594604492,-0.1796875,-0.2578125,0.05859375,-1.890625,9.28125,-1.9765625,0.078125,-0.0078125,-0.064453125
2849,28438219,28738219,0.769775391,-0.104492188,-0.208496094,0.594177246,-0.0859375,-0.2109375,0.02734375,-1.90625,9.2734375,-1.984375,0.078125,-0.0078125,-0.064453125
2850,28452385,28752385,0.770202637,-0.104370117,-0.208557129,0.59362793,-0.0859375,-0.2109375,0.02734375,-1.90625,9.2734375,-1.984375,0.140625,0.009765625,-0.048828125
2851,28456241,28756241,0.770690918,-0.104309082,-0.208496094,0.592956543,-0.00390625,0.1796875,0.01171875,-1.9140625,9.265625,-2.0078125,0.140625,0.009765625,-0.048828125
2852,28468782,28768782,0.77142334,-0.104309082,-0.208312988,0.592102051,-0.00390625,0.1796875,0.01171875,-1.9140625,9.265625,-2.0078125,0.251953125,0.052734375,-0.029296875
2853,28475692,28775692,0.772277832,-0.104309082,-0.208129883,0.591064453,0.04296875,0.1875,-0.17578125,-1.921875,9.2578125,-2.046875,0.251953125,0.052734375,-0.029296875
2854,28492640,28792640,0.773132324,-0.104187012,-0.208007812,0.590026855,0.04296875,0.1875,-0.17578125,-1.921875,9.2578125,-2.046875,0.23828125,0.037109375,-0.060546875
2855,28496389,28796389,0.773742676,-0.104125977,-0.207946777,0.589233398,0.05078125,0.01171875,0.13671875,-1.9296875,9.2421875,-2.09375,0.23828125,0.037109375,-0.060546875
2856,28510634,28810634,0.774230957,-0.104064941,-0.207824707,0.588684082,0.05078125,0.01171875,0.13671875,-1.9296875,9.2421875,-2.09375,0.109375,0.037109375,-0.017578125
2857,28518239,28818239,0.774536133,-0.103942871,-0.207580566,0.588378906,0.171875,0.17578125,0.4765625,-1.9375,9.234375,-2.125,0.109375,0.037109375,-0.017578125
2858,28530502,28830502,0.774780273,-0.103759766,-0.207214355,0.588256836,0.171875,0.17578125,0.4765625,-1.9375,9.234375,-2.125,0.025390625,0.095703125,0.017578125
2859,28534107,28834107,0.774841309,-0.10357666,-0.206787109,0.588317871,0.13671875,0.296875,0.18359375,-1.9375,9.2265625,-2.140625,0.025390625,0.095703125,0.017578125
2860,28551483,28851483,0.774841309,-0.10333252,-0.206359863,0.588500977,0.13671875,0.296875,0.18359375,-1.9375,9.2265625,-2.140625,-0.03515625,0.091796875,0.01953125
2861,28555100,28855100,0.774841309,-0.103027344,-0.205932617,0.588684082,0.12890625,0.41015625,0.0703125,-1.9296875,9.2265625,-2.140625,-0.03515625,0.091796875,0.01953125
2862,28572542,28872542,0.774841309,-0.102600098,-0.205444336,0.588928223,0.12890625,0.41015625,0.0703125,-1.9296875,9.2265625,-2.140625,-0.04296875,0.158203125,-0.009765625
2863,28576565,28876565,0.774902344,-0.101989746,-0.204833984,0.589172363,0.15625,0.17578125,-0.046875,-1.921875,9.234375,-2.140625,-0.04296875,0.158203125,-0.009765625
2864,28591465,28891465,0.774902344,-0.101257324,-0.204284668,0.589477539,0.15625,0.17578125,-0.046875,-1.921875,9.234375,-2.140625,-0.072265625,0.171875,-0.025390625
2865,28595076,28895076,0.774841309,-0.100646973,-0.203735352,0.58984375,0.11328125,-0.0625,-0.0546875,-1.9140625,9.2421875,-2.1328125,-0.072265625,0.171875,-0.025390625
2866,28612237,28912237,0.774780273,-0.100036621,-0.20324707,0.590270996,0.11328125,-0.0625,-0.0546875,-1.9140625,9.2421875,-2.1328125,-0.09765625,0.146484375,0.00390625
2867,28616494,28916494,0.774597168,-0.0995483398,-0.202697754,0.590759277,0.06640625,0.08984375,0.015625,-1.90625,9.2421875,-2.125,-0.09765625,0.146484375,0.00390625
2868,28628391,28928391,0.774291992,-0.0989990234,-0.202148438,0.591430664,0.06640625,0.08984375,0.015625,-1.90625,9.2421875,-2.125,-0.1484375,0.15625,0.015625
2869,28637289,28937289,0.773986816,-0.098449707,-0.201599121,0.592102051,0.1328125,0.2734375,-0.078125,-1.8984375,9.25,-2.109375,-0.1484375,0.15625,0.015625
2870,28651503,28951503,0.773620605,-0.0977172852,-0.200927734,0.592956543,0.1328125,0.2734375,-0.078125,-1.8984375,9.25,-2.109375,-0.201171875,0.1953125,0.009765625
2871,28655122,28955122,0.773193359,-0.0969848633,-0.200195312,0.59387207,0.1640625,0.265625,-0.1015625,-1.890625,9.2578125,-2.0859375,-0.201171875,0.1953125,0.009765625
2872,28670046,28970046,0.772705078,-0.0960693359,-0.199279785,0.594970703,0.1640625,0.265625,-0.1015625,-1.890625,9.2578125,-2.0859375,-0.232421875,0.2421875,0.02734375
2873,28674846,28974846,0.772277832,-0.0951538086,-0.198364258,0.596008301,0.07421875,0.10546875,-0.140625,-1.875,9.265625,-2.046875,-0.232421875,0.2421875,0.02734375
2874,28694550,28994550,0.77166748,-0.0940551758,-0.197265625,0.597290039,0.07421875,0.10546875,-0.140625,-1.875,9.265625,-2.046875,-0.302734375,0.32421875,0.01171875
2875,28696031,28996031,0.771057129,-0.0927124023,-0.196105957,0.598693848,0.33203125,0.09765625,-0.20703125,-1.8671875,9.2734375,-2.015625,-0.302734375,0.32421875,0.01171875
2876,28708566,29008566,0.770507812,-0.0914916992,-0.195007324,0.599914551,0.33203125,0.09765625,-0.20703125,-1.8671875,9.2734375,-2.015625,-0.287109375,0.310546875,0.00390625
2877,28716771,29016771,0.769958496,-0.0904541016,-0.193969727,0.601135254,0.203125,-0.1484375,-0.33203125,-1.8515625,9.2890625,-1.96875,-0.287109375,0.310546875,0.00390625
2878,28733971,29033971,0.76953125,-0.08984375,-0.193115234,0.602050781,0.203125,-0.1484375,-0.33203125,-1.8515625,9.2890625,-1.96875,-0.173828125,0.166015625,0.064453125
2879,28738410,29038410,0.769104004,-0.0894775391,-0.192382812,0.602844238,-0.01171875,-0.15625,0.08984375,-1.828125,9.296875,-1.9296875,-0.173828125,0.166015625,0.064453125
2880,28751245,29051245,0.768676758,-0.0892944336,-0.191650391,0.60369873,-0.01171875,-0.15625,0.08984375,-1.828125,9.296875,-1.9296875,-0.173828125,0.1328125,0.11328125
2881,28754998,29054998,0.768188477,-0.0891723633,-0.190856934,0.604614258,0.046875,0.05859375,0.140625,-1.8125,9.3125,-1.90625,-0.173828125,0.1328125,0.11328125
2882,28771649,29071649,0.767578125,-0.089050293,-0.189819336,0.605712891,0.046875,0.05859375,0.140625,-1.8125,9.3125,-1.90625,-0.25,0.19140625,0.16015625
2883,28775388,29075388,0.766906738,-0.0888061523,-0.188720703,0.606933594,0.0546875,0.1640625,-0.1640625,-1.78125,9.3203125,-1.8671875,-0.25,0.19140625,0.16015625
2884,28790287,29090287,0.766174316,-0.0886230469,-0.187438965,0.608215332,0.0546875,0.1640625,-0.1640625,-1.78125,9.3203125,-1.8671875,-0.2421875,0.1953125,0.19140625
2885,28794022,29094022,0.765625,-0.088684082,-0.186340332,0.60925293,0.1328125,0.21875,-0.38671875,-1.7421875,9.34375,-1.8359375,-0.2421875,0.1953125,0.19140625
2886,28812672,29112672,0.765136719,-0.089050293,-0.18536377,0.610168457,0.1328125,0.21875,-0.38671875,-1.7421875,9.34375,-1.8359375,-0.126953125,0.068359375,0.228515625
2887,28817751,29117751,0.764770508,-0.0897216797,-0.184448242,0.610778809,0.16015625,0.203125,0.26953125,-1.6953125,9.359375,-1.8046875,-0.126953125,0.068359375,0.228515625
2888,28832761,29132761,0.764465332,-0.0905761719,-0.18359375,0.61126709,0.16015625,0.203125,0.26953125,-1.6953125,9.359375,-1.8046875,-0.068359375,0.037109375,0.259765625
2889,28836893,29136893,0.764099121,-0.0912475586,-0.182678223,0.611877441,0.11328125,0.30859375,0.5234375,-1.6484375,9.3671875,-1.7890625,-0.068359375,0.037109375,0.259765625
2890,28852790,29152790,0.76361084,-0.0918579102,-0.18170166,0.612731934,0.11328125,0.30859375,0.5234375,-1.6484375,9.3671875,-1.7890625,-0.17578125,0.068359375,0.234375
2891,28856931,29156931,0.763061523,-0.0923461914,-0.180786133,0.613586426,0.18359375,0.29296875,0.0390625,-1.6015625,9.3828125,-1.765625,-0.17578125,0.068359375,0.234375
2892,28869544,29169544,0.762695312,-0.0928344727,-0.179931641,0.614257812,0.18359375,0.29296875,0.0390625,-1.6015625,9.3828125,-1.765625,-0.080078125,0.07421875,0.208984375
2893,28876028,29176028,0.762451172,-0.0933227539,-0.179016113,0.614746094,-0.2109375,-0.05859375,0.0625,-1.5546875,9.390625,-1.75,-0.080078125,0.07421875,0.208984375
2894,28893207,29193207,0.762329102,-0.0939331055,-0.17791748,0.61517334,-0.2109375,-0.05859375,0.0625,-1.5546875,9.390625,-1.75,-0.01953125,0.095703125,0.240234375
2895,28894678,29194678,0.762268066,-0.0946044922,-0.176757812,0.615478516,-0.02734375,-0.11328125,-0.10546875,-1.5078125,9.40625,-1.734375,-0.01953125,0.095703125,0.240234375
2896,28909468,29209468,0.762145996,-0.0953369141,-0.175476074,0.615783691,-0.02734375,-0.11328125,-0.10546875,-1.5078125,9.40625,-1.734375,-0.03125,0.123046875,0.310546875
2897,28916028,29216028,0.762023926,-0.0960693359,-0.17388916,0.616333008,0.1484375,0.1875,-0.22265625,-1.453125,9.4140625,-1.734375,-0.03125,0.123046875,0.310546875
2898,28932648,29232648,0.76184082,-0.0967407227,-0.172119141,0.616943359,0.1484375,0.1875,-0.22265625,-1.453125,9.4140625,-1.734375,-0.05078125,0.205078125,0.337890625
2899,28936764,29236764,0.76184082,-0.0974121094,-0.170471191,0.61730957,0.078125,0.09375,-0.4140625,-1.3828125,9.4296875,-1.734375,-0.05078125,0.205078125,0.337890625
2900,28949414,29249414,0.762207031,-0.0980834961,-0.169189453,0.61706543,0.078125,0.09375,-0.4140625,-1.3828125,9.4296875,-1.734375,0.216796875,0.083984375,0.21875
2901,28956695,29256695,0.762939453,-0.0988769531,-0.168273926,0.616333008,-0.47265625,-0.671875,0.21484375,-1.328125,9.4296875,-1.75,0.216796875,0.083984375,0.21875
2902,28972641,29272641,0.763549805,-0.0994873047,-0.167541504,0.615661621,-0.47265625,-0.671875,0.21484375,-1.328125,9.4296875,-1.75,0.166015625,0.0390625,0.134765625
2903,28976761,29276761,0.763916016,-0.0999145508,-0.166870117,0.61529541,-0.3984375,-0.59765625,0.76171875,-1.2890625,9.4296875,-1.796875,0.166015625,0.0390625,0.134765625
2904,28990020,29290020,0.764160156,-0.100280762,-0.166137695,0.615112305,-0.3984375,-0.59765625,0.76171875,-1.2890625,9.4296875,-1.796875,0.08984375,0.083984375,0.134765625
2905,28996440,29296440,0.764526367,-0.100646973,-0.165405273,0.614807129,-0.0390625,-0.05859375,-0.52734375,-1.265625,9.4296875,-1.8125,0.08984375,0.083984375,0.134765625
2906,29013951,29313951,0.764953613,-0.101196289,-0.164794922,0.614318848,-0.0390625,-0.05859375,-0.52734375,-1.265625,9.4296875,-1.8125,0.16015625,0.02734375,0.12890625
2907,29015442,29315442,0.765319824,-0.101745605,-0.164245605,0.614013672,-0.0703125,-0.3984375,-0.2265625,-1.234375,9.421875,-1.84375,0.16015625,0.02734375,0.12890625
2908,29029006,29329006,0.765380859,-0.102172852,-0.163818359,0.613952637,-0.0703125,-0.3984375,-0.2265625,-1.234375,9.421875,-1.84375,-0.0078125,0.009765625,0.11328125
2909,29034997,29334997,0.765197754,-0.102478027,-0.163452148,0.614196777,-0.09375,-0.16796875,0.1328125,-1.2109375,9.421875,-1.859375,-0.0078125,0.009765625,0.11328125
2910,29052689,29352689,0.764953613,-0.102600098,-0.163269043,0.614562988,-0.09375,-0.16796875,0.1328125,-1.2109375,9.421875,-1.859375,-0.0703125,0,0.04296875
2911,29058266,29358266,0.764770508,-0.102722168,-0.163269043,0.614685059,-0.53125,-0.48046875,0.1171875,-1.1953125,9.4296875,-1.84375,-0.0703125,0,0.04296875
2912,29072829,29372829,0.764892578,-0.102783203,-0.163391113,0.614562988,-0.53125,-0.48046875,0.1171875,-1.1953125,9.4296875,-1.84375,0.0625,-0.03125,-0.033203125
2913,29076582,29376582,0.765136719,-0.102783203,-0.163696289,0.614196777,-0.37890625,-0.82421875,0.04296875,-1.1953125,9.4296875,-1.84375,0.0625,-0.03125,-0.033203125
2914,29092667,29392667,0.765563965,-0.102600098,-0.164123535,0.613525391,-0.37890625,-0.82421875,0.04296875,-1.1953125,9.4296875,-1.84375,0.154296875,-0.048828125,-0.12109375
2915,29096792,29396792,0.766052246,-0.102416992,-0.164611816,0.612854004,-0.1328125,-0.6640625,0.2578125,-1.2109375,9.421875,-1.8671875,0.154296875,-0.048828125,-0.12109375
2916,29109278,29409278,0.766479492,-0.102050781,-0.165039062,0.612243652,-0.1328125,-0.6640625,0.2578125,-1.2109375,9.421875,-1.8671875,0.09765625,-0.009765625,-0.12109375
2917,29115918,29415918,0.766784668,-0.10168457,-0.165283203,0.611877441,-0.0234375,-0.00390625,0.01171875,-1.2421875,9.4140625,-1.890625,0.09765625,-0.009765625,-0.12109375
2918,29133877,29433877,0.767089844,-0.101379395,-0.165405273,0.61151123,-0.0234375,-0.00390625,0.01171875,-1.2421875,9.4140625,-1.890625,0.099609375,0.0390625,-0.0703125
2919,29135355,29435355,0.76751709,-0.101135254,-0.165405273,0.611022949,-0.0859375,0.26953125,-0.546875,-1.2578125,9.40625,-1.90625,0.099609375,0.0390625,-0.0703125
2920,29150242,29450242,0.767944336,-0.101135254,-0.165466309,0.610412598,-0.0859375,0.26953125,-0.546875,-1.2578125,9.40625,-1.90625,0.16796875,-0.01171875,-0.029296875
2921,29153984,29453984,0.768493652,-0.101257324,-0.165588379,0.609680176,-0.078125,0.2109375,-0.37109375,-1.265625,9.390625,-1.9296875,0.16796875,-0.01171875,-0.029296875
2922,29171916,29471916,0.769042969,-0.101623535,-0.165893555,0.608886719,-0.078125,0.2109375,-0.37109375,-1.265625,9.390625,-1.9296875,0.17578125,-0.109375,-0.0234375
2923,29176063,29476063,0.76940918,-0.101928711,-0.166320801,0.608276367,-0.03125,0.140625,0.234375,-1.2734375,9.3828125,-1.9609375,0.17578125,-0.109375,-0.0234375
2924,29188701,29488701,0.769714355,-0.102111816,-0.166748047,0.607727051,-0.03125,0.140625,0.234375,-1.2734375,9.3828125,-1.9609375,0.08984375,-0.05859375,-0.0546875
2925,29194684,29494684,0.769897461,-0.102050781,-0.167053223,0.607421875,-0.0234375,0.0625,0.375,-1.28125,9.3828125,-1.984375,0.08984375,-0.05859375,-0.0546875
2926,29212650,29512650,0.769958496,-0.101928711,-0.167358398,0.60723877,-0.0234375,0.0625,0.375,-1.28125,9.3828125,-1.984375,0.013671875,-0.013671875,-0.0703125
2927,29216777,29516777,0.770019531,-0.10168457,-0.167541504,0.607177734,-0.046875,-0.04296875,0.19140625,-1.296875,9.375,-1.9921875,0.013671875,-0.013671875,-0.0703125
2928,29228812,29528812,0.770141602,-0.10144043,-0.167724609,0.607055664,-0.046875,-0.04296875,0.19140625,-1.296875,9.375,-1.9921875,0.0234375,0.00390625,-0.052734375
2929,29234796,29534796,0.770202637,-0.101318359,-0.16784668,0.606872559,-0.03125,-0.12109375,0.08203125,-1.3125,9.375,-2,0.0234375,0.00390625,-0.052734375
2930,29252498,29552498,0.770263672,-0.101257324,-0.16809082,0.606750488,-0.03125,-0.12109375,0.08203125,-1.3125,9.375,-2,0.009765625,-0.037109375,-0.04296875
2931,29256626,29556626,0.770263672,-0.101196289,-0.168457031,0.606689453,-0.05859375,-0.15625,0.00390625,-1.3203125,9.375,-2,0.009765625,-0.037109375,-0.04296875
2932,29269889,29569889,0.770202637,-0.101257324,-0.169006348,0.606628418,-0.05859375,-0.15625,0.00390625,-1.3203125,9.375,-2,-0.0078125,-0.1171875,-0.072265625
2933,29275870,29575870,0.770080566,-0.101318359,-0.16973877,0.606567383,-0.08984375,-0.1875,0.04296875,-1.328125,9.3671875,-2,-0.0078125,-0.1171875,-0.072265625
2934,29292209,29592209,0.769897461,-0.10144043,-0.170715332,0.606506348,-0.08984375,-0.1875,0.04296875,-1.328125,9.3671875,-2,-0.03125,-0.16796875,-0.107421875
2935,29296659,29596659,0.769714355,-0.10144043,-0.171691895,0.606445312,-0.01953125,-0.3046875,0.2265625,-1.359375,9.3671875,-1.9921875,-0.03125,-0.16796875,-0.107421875
2936,29310241,29610241,0.769470215,-0.101379395,-0.172668457,0.606506348,-0.01953125,-0.3046875,0.2265625,-1.359375,9.3671875,-1.9921875,-0.060546875,-0.1328125,-0.11328125
2937,29314918,29614918,0.769226074,-0.101318359,-0.173461914,0.606567383,0.00390625,-0.11328125,0.09765625,-1.3828125,9.3671875,-1.9765625,-0.060546875,-0.1328125,-0.11328125
2938,29332209,29632209,0.769104004,-0.101135254,-0.174255371,0.606567383,0.00390625,-0.11328125,0.09765625,-1.3828125,9.3671875,-1.9765625,-0.037109375,-0.10546875,-0.109375
2939,29336723,29636723,0.768981934,-0.101013184,-0.174926758,0.606506348,-0.12890625,-0.07421875,0.08984375,-1.40625,9.3671875,-1.96875,-0.037109375,-0.10546875,-0.109375
2940,29347818,29647818,0.768859863,-0.100891113,-0.17565918,0.606445312,-0.12890625,-0.07421875,0.08984375,-1.40625,9.3671875,-1.96875,-0.021484375,-0.08984375,-0.099609375
2941,29355119,29655119,0.768737793,-0.100769043,-0.176269531,0.606445312,0.05078125,0.15625,-0.00390625,-1.4296875,9.3671875,-1.953125,-0.021484375,-0.08984375,-0.099609375
2942,29371645,29671645,0.768615723,-0.100585938,-0.176818848,0.606506348,0.05078125,0.15625,-0.00390625,-1.4296875,9.3671875,-1.953125,-0.048828125,-0.06640625,-0.087890625
2943,29376085,29676085,0.768493652,-0.100402832,-0.177368164,0.606506348,0.07421875,0.31640625,-0.04296875,-1.453125,9.359375,-1.953125,-0.048828125,-0.06640625,-0.087890625
2944,29389211,29689211,0.768432617,-0.100219727,-0.178039551,0.606445312,0.07421875,0.31640625,-0.04296875,-1.453125,9.359375,-1.953125,-0.005859375,-0.076171875,-0.12890625
2945,29395196,29695196,0.768371582,-0.0998535156,-0.178771973,0.606323242,-0.05859375,-0.10546875,0.296875,-1.4765625,9.359375,-1.9453125,-0.005859375,-0.076171875,-0.12890625
2946,29411440,29711440,0.768310547,-0.0993041992,-0.179504395,0.606323242,-0.05859375,-0.10546875,0.296875,-1.4765625,9.359375,-1.9453125,-0.060546875,-0.048828125,-0.173828125
2947,29415955,29715955,0.768127441,-0.0987548828,-0.180236816,0.606445312,0.08984375,-0.1328125,0.2109375,-1.5078125,9.3515625,-1.9375,-0.060546875,-0.048828125,-0.173828125
2948,29428573,29728573,0.76776123,-0.0982666016,-0.180969238,0.606689453,0.08984375,-0.1328125,0.2109375,-1.5078125,9.3515625,-1.9375,-0.126953125,-0.060546875,-0.138671875
2949,29434549,29734549,0.76739502,-0.0978393555,-0.181640625,0.607055664,0.234375,-0.1328125,-0.1484375,-1.5390625,9.3515625,-1.921875,-0.126953125,-0.060546875,-0.138671875
2950,29452584,29752584,0.767089844,-0.0975341797,-0.182189941,0.60736084,0.234375,-0.1328125,-0.1484375,-1.5390625,9.3515625,-1.921875,-0.095703125,-0.05078125,-0.083984375
2951,29456718,29756718,0.766845703,-0.0972900391,-0.182678223,0.607543945,0.2578125,-0.05859375,-0.33203125,-1.5625,9.3515625,-1.890625,-0.095703125,-0.05078125,-0.083984375
2952,29471193,29771193,0.766784668,-0.0970458984,-0.183044434,0.607543945,0.2578125,-0.05859375,-0.33203125,-1.5625,9.3515625,-1.890625,0.001953125,-0.017578125,-0.0859375
2953,29474930,29774930,0.766906738,-0.0967407227,-0.183349609,0.607299805,0.00390625,0.01953125,-0.11328125,-1.578125,9.3515625,-1.8828125,0.001953125,-0.017578125,-0.0859375
2954,29491308,29791308,0.76739502,-0.0963134766,-0.183776855,0.606689453,0.00390625,0.01953125,-0.11328125,-1.578125,9.3515625,-1.8828125,0.158203125,0.001953125,-0.158203125
2955,29495515,29795515,0.767944336,-0.0957641602,-0.184143066,0.605957031,-0.31640625,-0.1640625,0.05859375,-1.6015625,9.34375,-1.8984375,0.158203125,0.001953125,-0.158203125
2956,29508136,29808136,0.768615723,-0.094909668,-0.184509277,0.605163574,-0.31640625,-0.1640625,0.05859375,-1.6015625,9.34375,-1.8984375,0.1484375,0.0625,-0.216796875
2957,29516479,29816479,0.769104004,-0.0939941406,-0.184875488,0.604492188,-0.16015625,-0.1484375,-0.140625,-1.640625,9.328125,-1.9296875,0.1484375,0.0625,-0.216796875
2958,29532034,29832034,0.769470215,-0.092956543,-0.185302734,0.604125977,-0.16015625,-0.1484375,-0.140625,-1.640625,9.328125,-1.9296875,0.025390625,0.044921875,-0.220703125
2959,29536153,29836153,0.769592285,-0.0921020508,-0.185852051,0.603881836,-0.046875,-0.140625,-0.27734375,-1.6796875,9.3203125,-1.9453125,0.025390625,0.044921875,-0.220703125
2960,29549199,29849199,0.76965332,-0.0913085938,-0.186584473,0.603759766,-0.046875,-0.140625,-0.27734375,-1.6796875,9.3203125,-1.9453125,-0.029296875,-0.033203125,-0.203125
2961,29555190,29855190,0.769592285,-0.090637207,-0.187316895,0.60369873,0.03125,0.01953125,0.05859375,-1.71875,9.3125,-1.9375,-0.029296875,-0.033203125,-0.203125
2962,29570233,29870233,0.76940918,-0.0899047852,-0.187988281,0.603820801,0.03125,0.01953125,0.05859375,-1.71875,9.3125,-1.9375,-0.080078125,-0.01171875,-0.185546875
2963,29573966,29873966,0.769226074,-0.0891113281,-0.188598633,0.604003906,-0.05078125,0.140625,0.12890625,-1.75,9.3046875,-1.9296875,-0.080078125,-0.01171875,-0.185546875
2964,29587570,29887570,0.768981934,-0.0881958008,-0.189208984,0.604248047,-0.05078125,0.140625,0.12890625,-1.75,9.3046875,-1.9296875,-0.111328125,0.009765625,-0.197265625
2965,29595023,29895023,0.768798828,-0.0872802734,-0.189819336,0.604431152,-0.08984375,0.06640625,0.03515625,-1.7890625,9.3046875,-1.9140625,-0.111328125,0.009765625,-0.197265625
2966,29611911,29911911,0.768676758,-0.0863647461,-0.190490723,0.604492188,-0.08984375,0.06640625,0.03515625,-1.7890625,9.3046875,-1.9140625,-0.046875,0.013671875,-0.2265625
2967,29616028,29916028,0.768676758,-0.0854492188,-0.191162109,0.604431152,-0.12890625,-0.1171875,0.05859375,-1.828125,9.296875,-1.8984375,-0.046875,0.013671875,-0.2265625
2968,29628707,29928707,0.768615723,-0.0845336914,-0.192077637,0.604309082,-0.12890625,-0.1171875,0.05859375,-1.828125,9.296875,-1.8984375,-0.046875,-0.056640625,-0.244140625
2969,29636696,29936696,0.768493652,-0.0837402344,-0.19317627,0.604248047,-0.203125,0.00390625,0.01171875,-1.8671875,9.2890625,-1.890625,-0.046875,-0.056640625,-0.244140625
2970,29651611,29951611,0.768371582,-0.0831298828,-0.194274902,0.604125977,-0.203125,0.00390625,0.01171875,-1.8671875,9.2890625,-1.890625,-0.048828125,-0.109375,-0.25
2971,29656102,29956102,0.768188477,-0.0824584961,-0.19543457,0.604064941,0.00390625,-0.02734375,-0.12109375,-1.921875,9.28125,-1.875,-0.048828125,-0.109375,-0.25
2972,29669640,29969640,0.768066406,-0.0817871094,-0.196594238,0.603881836,0.00390625,-0.02734375,-0.12109375,-1.921875,9.28125,-1.875,-0.025390625,-0.095703125,-0.23046875
2973,29674689,29974689,0.768127441,-0.081237793,-0.197631836,0.603637695,0.08984375,0.05859375,-0.203125,-1.96875,9.2734375,-1.8671875,-0.025390625,-0.095703125,-0.23046875
2974,29689227,29989227,0.768310547,-0.0807495117,-0.198547363,0.603088379,0.08984375,0.05859375,-0.203125,-1.96875,9.2734375,-1.8671875,0.09765625,-0.080078125,-0.19921875
2975,29694268,29994268,0.768676758,-0.0803833008,-0.199401855,0.602478027,0.09765625,0.1875,-0.15625,-2.015625,9.2578125,-1.875,0.09765625,-0.080078125,-0.19921875
2976,29709432,30009432,0.768981934,-0.080078125,-0.200195312,0.601806641,0.09765625,0.1875,-0.15625,-2.015625,9.2578125,-1.875,0.12109375,-0.087890625,-0.16796875
2977,29714468,30014468,0.769348145,-0.0798339844,-0.20098877,0.601135254,0.09765625,0.38671875,-0.21875,-2.0546875,9.25,-1.890625,0.12109375,-0.087890625,-0.16796875
2978,29732025,30032025,0.769714355,-0.0796508789,-0.201721191,0.600463867,0.09765625,0.38671875,-0.21875,-2.0546875,9.25,-1.890625,0.146484375,-0.0859375,-0.14453125
2979,29736172,30036172,0.770202637,-0.0795288086,-0.202392578,0.599609375,0.09375,0.28125,-0.125,-2.0859375,9.2421875,-1.90625,0.146484375,-0.0859375,-0.14453125
2980,29749718,30049718,0.770812988,-0.0795288086,-0.203186035,0.598510742,0.09375,0.28125,-0.125,-2.0859375,9.2421875,-1.90625,0.234375,-0.1171875,-0.130859375
2981,29754761,30054761,0.771362305,-0.0796508789,-0.203918457,0.597595215,0.0078125,0.11328125,0.06640625,-2.1171875,9.21875,-1.9453125,0.234375,-0.1171875,-0.130859375
2982,29772205,30072205,0.771789551,-0.0798339844,-0.204711914,0.596679688,0.0078125,0.11328125,0.06640625,-2.1171875,9.21875,-1.9453125,0.171875,-0.12890625,-0.099609375
2983,29776284,30076284,0.772277832,-0.080078125,-0.205383301,0.595825195,0.22265625,0.0078125,0.05078125,-2.140625,9.2109375,-1.96875,0.171875,-0.12890625,-0.099609375
2984,29791160,30091160,0.772827148,-0.0805664062,-0.206237793,0.594726562,0.22265625,0.0078125,0.05078125,-2.140625,9.2109375,-1.96875,0.244140625,-0.19140625,-0.052734375
2985,29794912,30094912,0.77331543,-0.0811767578,-0.206970215,0.59375,-0.13671875,-0.140625,0.16796875,-2.1640625,9.203125,-2.0078125,0.244140625,-0.19140625,-0.052734375
2986,29809122,30109122,0.773803711,-0.08203125,-0.207763672,0.592773438,-0.13671875,-0.140625,0.16796875,-2.1640625,9.203125,-2.0078125,0.205078125,-0.216796875,-0.00390625
2987,29814163,30114163,0.774108887,-0.082824707,-0.208557129,0.59197998,0.0703125,0.4140625,0.12109375,-2.1796875,9.1875,-2.0390625,0.205078125,-0.216796875,-0.00390625
2988,29830401,30130401,0.774169922,-0.0835571289,-0.209228516,0.591491699,0.0703125,0.4140625,0.12109375,-2.1796875,9.1875,-2.0390625,0.052734375,-0.173828125,0.01171875
2989,29834134,30134134,0.774108887,-0.0841064453,-0.209777832,0.591369629,0.22265625,0.56640625,0.05859375,-2.1796875,9.1875,-2.0546875,0.052734375,-0.173828125,0.01171875
2990,29851645,30151645,0.773803711,-0.0848388672,-0.210388184,0.591369629,0.22265625,0.56640625,0.05859375,-2.1796875,9.1875,-2.0546875,-0.03125,-0.193359375,0.060546875
2991,29855845,30155845,0.773498535,-0.0855712891,-0.210876465,0.591552734,-0.15234375,0.265625,-0.21484375,-2.1875,9.1796875,-2.046875,-0.03125,-0.193359375,0.060546875
2992,29870466,30170466,0.773010254,-0.0863037109,-0.211242676,0.591918945,-0.15234375,0.265625,-0.21484375,-2.1875,9.1796875,-2.046875,-0.091796875,-0.111328125,0.109375
2993,29874211,30174211,0.772644043,-0.0869140625,-0.211303711,0.592346191,0.21484375,0.22265625,-0.046875,-2.171875,9.1875,-2.0234375,-0.091796875,-0.111328125,0.109375
2994,29890236,30190236,0.772155762,-0.0874023438,-0.211242676,0.592834473,0.21484375,0.22265625,-0.046875,-2.171875,9.1875,-2.0234375,-0.11328125,-0.044921875,0.1171875
2995,29893969,30193969,0.771911621,-0.087890625,-0.211120605,0.593200684,0.0546875,0.05078125,-0.0234375,-2.1640625,9.203125,-2.0078125,-0.11328125,-0.044921875,0.1171875
2996,29910549,30210549,0.771911621,-0.0885620117,-0.211120605,0.593078613,0.0546875,0.05078125,-0.0234375,-2.1640625,9.203125,-2.0078125,0.119140625,-0.111328125,0.09375
2997,29914285,30214285,0.772094727,-0.0894165039,-0.211242676,0.592651367,-0.3046875,-0.109375,0.01171875,-2.1484375,9.2109375,-2.0078125,0.119140625,-0.111328125,0.09375
2998,29931958,30231958,0.772338867,-0.0902099609,-0.211486816,0.592163086,-0.3046875,-0.109375,0.01171875,-2.1484375,9.2109375,-2.0078125,0.107421875,-0.12109375,0.072265625
2999,29935708,30235708,0.772338867,-0.0908203125,-0.211669922,0.591918945,0.1015625,0.04296875,0.375,-2.1328125,9.2109375,-2.0234375,0.107421875,-0.12109375,0.072265625
3000,29949128,30249128,0.772216797,-0.0913696289,-0.211791992,0.59197998,0.1015625,0.04296875,0.375,-2.1328125,9.2109375,-2.0234375,-0.025390625,-0.0703125,0.091796875
3001,29956387,30256387,0.771911621,-0.0921020508,-0.211853027,0.592224121,0.125,-0.03125,0.14453125,-2.1171875,9.2109375,-2.0234375,-0.025390625,-0.0703125,0.091796875
3002,29971789,30271789,0.771362305,-0.092956543,-0.212036133,0.592773438,0.125,-0.03125,0.14453125,-2.1171875,9.2109375,-2.0234375,-0.158203125,-0.146484375,0.16015625
3003,29976285,30276285,0.770751953,-0.09375,-0.212097168,0.593505859,0.52734375,0.41015625,0.08984375,-2.1015625,9.2265625,-2.0078125,-0.158203125,-0.146484375,0.16015625
3004,29989837,30289837,0.770141602,-0.0944824219,-0.211975098,0.594177246,0.52734375,0.41015625,0.08984375,-2.1015625,9.2265625,-2.0078125,-0.111328125,-0.072265625,0.1640625
3005,29993562,30293562,0.769775391,-0.0951538086,-0.211791992,0.594604492,0,0.2109375,0.01953125,-2.0703125,9.234375,-1.9765625,-0.111328125,-0.072265625,0.1640625
3006,30009552,30309552,0.769470215,-0.0956420898,-0.211547852,0.594970703,0,0.2109375,0.01953125,-2.0703125,9.234375,-1.9765625,-0.03125,-0.025390625,0.10546875
3007,30014613,30314613,0.769348145,-0.0960083008,-0.211425781,0.595153809,-0.21484375,-0.26171875,0.00390625,-2.046875,9.25,-1.9609375,-0.03125,-0.025390625,0.10546875
3008,30030862,30330862,0.769226074,-0.0962524414,-0.211364746,0.595275879,-0.21484375,-0.26171875,0.00390625,-2.046875,9.25,-1.9609375,0.0078125,-0.02734375,0.04296875
3009,30034927,30334927,0.769226074,-0.0966186523,-0.211425781,0.595214844,-0.14453125,-0.41796875,-0.078125,-2.0390625,9.25,-1.953125,0.0078125,-0.02734375,0.04296875
3010,30050382,30350382,0.769104004,-0.0971679688,-0.211608887,0.595153809,-0.14453125,-0.41796875,-0.078125,-2.0390625,9.25,-1.953125,0.00390625,-0.111328125,0.06640625
3011,30054129,30354129,0.768920898,-0.0977783203,-0.211853027,0.595214844,0.11328125,-0.1875,-0.00390625,-2.03125,9.25,-1.953125,0.00390625,-0.111328125,0.06640625
3012,30068989,30368989,0.768676758,-0.098449707,-0.212158203,0.595336914,0.11328125,-0.1875,-0.00390625,-2.03125,9.25,-1.953125,-0.0390625,-0.119140625,0.076171875
3013,30076090,30376090,0.768371582,-0.0988769531,-0.212341309,0.595581055,0.18359375,0.16015625,0.1796875,-2.0234375,9.25,-1.9453125,-0.0390625,-0.119140625,0.076171875
3014,30090046,30390046,0.768066406,-0.0990600586,-0.212341309,0.595947266,0.18359375,0.16015625,0.1796875,-2.0234375,9.25,-1.9453125,-0.083984375,-0.0078125,0.0390625
3015,30093679,30393679,0.767883301,-0.0991210938,-0.212341309,0.596191406,-0.24609375,-0.0390625,0.01171875,-2.015625,9.2578125,-1.9296875,-0.083984375,-0.0078125,0.0390625
3016,30108049,30408049,0.76776123,-0.0990600586,-0.212402344,0.596313477,-0.24609375,-0.0390625,0.01171875,-2.015625,9.2578125,-1.9296875,-0.0078125,-0.00390625,-0.0234375
3017,30114685,30414685,0.767822266,-0.0989990234,-0.212463379,0.596252441,-0.28515625,-0.1640625,-0.15625,-2.015625,9.265625,-1.9140625,-0.0078125,-0.00390625,-0.0234375
3018,30129298,30429298,0.768066406,-0.0988769531,-0.212646484,0.59588623,-0.28515625,-0.1640625,-0.15625,-2.015625,9.265625,-1.9140625,0.08984375,-0.0234375,-0.056640625
3019,30134075,30434075,0.768371582,-0.0988769531,-0.212890625,0.595397949,-0.046875,-0.34765625,-0.109375,-2.0234375,9.2578125,-1.921875,0.08984375,-0.0234375,-0.056640625
3020,30148873,30448873,0.768859863,-0.0989379883,-0.213256836,0.594665527,-0.046875,-0.34765625,-0.109375,-2.0234375,9.2578125,-1.921875,0.1796875,-0.068359375,-0.0703125
3021,30155091,30455091,0.769348145,-0.0990600586,-0.213623047,0.59387207,0.0078125,-0.33984375,0.06640625,-2.0390625,9.25,-1.9453125,0.1796875,-0.068359375,-0.0703125
3022,30168977,30468977,0.769775391,-0.0991821289,-0.213806152,0.593200684,0.0078125,-0.33984375,0.06640625,-2.0390625,9.25,-1.9453125,0.15234375,-0.021484375,-0.0390625
3023,30174963,30474963,0.770263672,-0.0992431641,-0.213867188,0.592529297,-0.015625,-0.0234375,0.25,-2.0546875,9.2421875,-1.9765625,0.15234375,-0.021484375,-0.0390625
3024,30188058,30488058,0.770812988,-0.0992431641,-0.213745117,0.59185791,-0.015625,-0.0234375,0.25,-2.0546875,9.2421875,-1.9765625,0.169921875,0.04296875,-0.025390625
3025,30194704,30494704,0.771362305,-0.0991821289,-0.213562012,0.591247559,-0.12890625,0.2109375,0.01171875,-2.0546875,9.234375,-2.0078125,0.169921875,0.04296875,-0.025390625
3026,30208979,30508979,0.771850586,-0.0990600586,-0.213317871,0.590637207,-0.12890625,0.2109375,0.01171875,-2.0546875,9.234375,-2.0078125,0.14453125,0.048828125,-0.01953125
3027,30214965,30514965,0.772338867,-0.0989990234,-0.213134766,0.590148926,-0.12109375,0.2578125,0.19921875,-2.0625,9.2265625,-2.0390625,0.14453125,0.048828125,-0.01953125
3028,30229107,30529107,0.772644043,-0.0989379883,-0.21295166,0.589782715,-0.12109375,0.2578125,0.19921875,-2.0625,9.2265625,-2.0390625,0.083984375,0.05078125,-0.0234375
3029,30233893,30533893,0.772888184,-0.0987548828,-0.21282959,0.589538574,-0.0078125,0.19140625,0.22265625,-2.0625,9.21875,-2.0625,0.083984375,0.05078125,-0.0234375
3030,30249907,30549907,0.772949219,-0.0985107422,-0.212768555,0.589538574,-0.0078125,0.19140625,0.22265625,-2.0625,9.21875,-2.0625,-0.017578125,0.0390625,-0.025390625
3031,30254708,30554708,0.772949219,-0.0982666016,-0.212646484,0.589599609,0.14453125,0.15234375,0.296875,-2.0625,9.21875,-2.0625,-0.017578125,0.0390625,-0.025390625
3032,30270105,30570105,0.772949219,-0.0979614258,-0.212341309,0.58984375,0.14453125,0.15234375,0.296875,-2.0625,9.21875,-2.0625,-0.044921875,0.095703125,0.001953125
3033,30273729,30573729,0.772888184,-0.0975952148,-0.211975098,0.590087891,0.14453125,0.265625,0.07421875,-2.0625,9.21875,-2.0703125,-0.044921875,0.095703125,0.001953125
3034,30289385,30589385,0.772827148,-0.0970458984,-0.211425781,0.590454102,0.14453125,0.265625,0.07421875,-2.0625,9.21875,-2.0703125,-0.091796875,0.162109375,-0.005859375
3035,30294168,30594168,0.772705078,-0.0964355469,-0.21081543,0.590881348,0.0234375,0.10546875,-0.0546875,-2.0546875,9.2265625,-2.0546875,-0.091796875,0.162109375,-0.005859375
3036,30309452,30609452,0.772583008,-0.0958251953,-0.210266113,0.591308594,0.0234375,0.10546875,-0.0546875,-2.0546875,9.2265625,-2.0546875,-0.095703125,0.150390625,-0.015625
3037,30314228,30614228,0.772460938,-0.0952148438,-0.209838867,0.591796875,0.0546875,0.02734375,-0.3671875,-2.046875,9.2265625,-2.046875,-0.095703125,0.150390625,-0.015625
3038,30330294,30630294,0.772277832,-0.0946044922,-0.209472656,0.592224121,0.0546875,0.02734375,-0.3671875,-2.046875,9.2265625,-2.046875,-0.123046875,0.123046875,-0.033203125
3039,30334027,30634027,0.772033691,-0.0939941406,-0.20916748,0.592773438,0.20703125,0.14453125,-0.30859375,-2.046875,9.2265625,-2.03125,-0.123046875,0.123046875,-0.033203125
3040,30349444,30649444,0.771728516,-0.0932617188,-0.208862305,0.593383789,0.20703125,0.14453125,-0.30859375,-2.046875,9.2265625,-2.03125,-0.15625,0.140625,-0.037109375
3041,30354487,30654487,0.77142334,-0.0924682617,-0.208435059,0.594116211,0.3671875,0.25,0.05859375,-2.0546875,9.234375,-2.015625,-0.15625,0.140625,-0.037109375
3042,30369217,30669217,0.771118164,-0.0917358398,-0.207946777,0.594787598,0.3671875,0.25,0.05859375,-2.0546875,9.234375,-2.015625,-0.16796875,0.177734375,-0.017578125
3043,30374259,30674259,0.770812988,-0.0909423828,-0.207336426,0.59552002,0.21484375,0.203125,0.14453125,-2.0546875,9.2421875,-1.984375,-0.16796875,0.177734375,-0.017578125
3044,30389134,30689134,0.770507812,-0.0902709961,-0.206726074,0.596252441,0.21484375,0.203125,0.14453125,-2.0546875,9.2421875,-1.984375,-0.19140625,0.201171875,0.013671875
3045,30394181,30694181,0.770080566,-0.0894775391,-0.205932617,0.597106934,0.16796875,0.16015625,0.2734375,-2.046875,9.25,-1.9609375,-0.19140625,0.201171875,0.013671875
3046,30409525,30709525,0.76965332,-0.0888061523,-0.20513916,0.598022461,0.16796875,0.16015625,0.2734375,-2.046875,9.25,-1.9609375,-0.203125,0.197265625,0.044921875
3047,30414567,30714567,0.769165039,-0.0883178711,-0.204467773,0.598937988,-0.0390625,-0.15625,0.1640625,-2.03125,9.2578125,-1.9296875,-0.203125,0.197265625,0.044921875
3048,30431267,30731267,0.768615723,-0.0879516602,-0.203857422,0.599914551,-0.0390625,-0.15625,0.1640625,-2.03125,9.2578125,-1.9296875,-0.22265625,0.107421875,0.07421875
3049,30435778,30735778,0.768005371,-0.0877685547,-0.203430176,0.600952148,-0.015625,-0.0859375,-0.01953125,-2.015625,9.265625,-1.8984375,-0.22265625,0.107421875,0.07421875
3050,30448135,30748135,0.767211914,-0.0877075195,-0.203063965,0.602050781,-0.015625,-0.0859375,-0.01953125,-2.015625,9.265625,-1.8984375,-0.2734375,0.033203125,0.09375
3051,30457071,30757071,0.766296387,-0.0875854492,-0.202697754,0.603393555,0.04296875,0.1640625,-0.01953125,-2,9.28125,-1.859375,-0.2734375,0.033203125,0.09375
3052,30469618,30769618,0.765258789,-0.0872192383,-0.202148438,0.604919434,0.04296875,0.1640625,-0.01953125,-2,9.28125,-1.859375,-0.37890625,0.14453125,0.09765625
3053,30476007,30776007,0.764343262,-0.086730957,-0.20135498,0.606445312,0.2890625,0.45703125,-0.19921875,-1.9765625,9.296875,-1.796875,-0.37890625,0.14453125,0.09765625
3054,30489846,30789846,0.76348877,-0.0860595703,-0.200256348,0.607910156,0.2890625,0.45703125,-0.19921875,-1.9765625,9.296875,-1.796875,-0.291015625,0.251953125,0.09765625
3055,30493582,30793582,0.763000488,-0.0854492188,-0.19921875,0.608947754,0.06640625,0.171875,-0.3671875,-1.9453125,9.3125,-1.7421875,-0.291015625,0.251953125,0.09765625
3056,30510350,30810350,0.762878418,-0.0848999023,-0.198181152,0.609558105,0.06640625,0.171875,-0.3671875,-1.9453125,9.3125,-1.7421875,-0.044921875,0.19140625,0.0546875
3057,30514099,30814099,0.762939453,-0.0845947266,-0.197509766,0.609741211,-0.1484375,-0.1484375,-0.3515625,-1.921875,9.328125,-1.71875,-0.044921875,0.19140625,0.0546875
3058,30530565,30830565,0.763000488,-0.0844116211,-0.19708252,0.609863281,-0.1484375,-0.1484375,-0.3515625,-1.921875,9.328125,-1.71875,-0.013671875,0.07421875,0.021484375
3059,30534305,30834305,0.762878418,-0.0842285156,-0.196716309,0.610046387,-0.234375,-0.2265625,-0.0078125,-1.9140625,9.328125,-1.71875,-0.013671875,0.07421875,0.021484375
3060,30548808,30848808,0.762634277,-0.0838623047,-0.196289062,0.610595703,-0.234375,-0.2265625,-0.0078125,-1.9140625,9.328125,-1.71875,-0.14453125,0.12890625,0.029296875
3061,30553839,30853839,0.762329102,-0.0834350586,-0.195800781,0.611206055,0.171875,-0.265625,-0.16796875,-1.8984375,9.328125,-1.7109375,-0.14453125,0.12890625,0.029296875
3062,30572403,30872403,0.762023926,-0.0830688477,-0.195251465,0.611755371,0.171875,-0.265625,-0.16796875,-1.8984375,9.328125,-1.7109375,-0.103515625,0.111328125,0.03515625
3063,30576555,30876555,0.76184082,-0.082824707,-0.194763184,0.612243652,0.125,-0.34765625,-0.30859375,-1.890625,9.3359375,-1.6875,-0.103515625,0.111328125,0.03515625
3064,30588810,30888810,0.76171875,-0.0826416016,-0.194274902,0.612548828,0.125,-0.34765625,-0.30859375,-1.890625,9.3359375,-1.6875,-0.048828125,0.1015625,0.05078125
3065,30593841,30893841,0.76171875,-0.0825195312,-0.193786621,0.612731934,0.1171875,-0.08984375,0.18359375,-1.8828125,9.34375,-1.6796875,-0.048828125,0.1015625,0.05078125
3066,30610291,30910291,0.761901855,-0.0825195312,-0.19329834,0.612670898,0.1171875,-0.08984375,0.18359375,-1.8828125,9.34375,-1.6796875,0.0546875,0.07421875,0.05859375
3067,30614023,30914023,0.762084961,-0.0825195312,-0.192810059,0.612548828,-0.1640625,0.1015625,0.3046875,-1.8671875,9.34375,-1.6875,0.0546875,0.07421875,0.05859375
3068,30628473,30928473,0.762145996,-0.0825195312,-0.192199707,0.612731934,-0.1640625,0.1015625,0.3046875,-1.8671875,9.34375,-1.6875,-0.041015625,0.119140625,0.076171875
3069,30635776,30935776,0.762023926,-0.0822753906,-0.19140625,0.613098145,0.05078125,0.33203125,0.078125,-1.8515625,9.34375,-1.6875,-0.041015625,0.119140625,0.076171875
3070,30650178,30950178,0.761779785,-0.0819091797,-0.190429688,0.613769531,0.05078125,0.33203125,0.078125,-1.8515625,9.34375,-1.6875,-0.150390625,0.228515625,0.103515625
3071,30653906,30953906,0.761413574,-0.0814208984,-0.18927002,0.614624023,0.1875,0.32421875,-0.23828125,-1.8359375,9.3515625,-1.6796875,-0.150390625,0.228515625,0.103515625
3072,30669448,30969448,0.761047363,-0.0809326172,-0.188049316,0.615539551,0.1875,0.32421875,-0.23828125,-1.8359375,9.3515625,-1.6796875,-0.1484375,0.232421875,0.09765625
3073,30675435,30975435,0.760986328,-0.0805664062,-0.187133789,0.615905762,0.078125,0.05078125,-0.453125,-1.8046875,9.359375,-1.65625,-0.1484375,0.232421875,0.09765625
3074,30691485,30991485,0.761352539,-0.0805664062,-0.186401367,0.615722656,0.078125,0.05078125,-0.453125,-1.8046875,9.359375,-1.65625,0.15625,0.072265625,0.0625
3075,30695602,30995602,0.761962891,-0.0808105469,-0.185913086,0.615112305,-0.328125,-0.3359375,0.16796875,-1.78125,9.359375,-1.6640625,0.15625,0.072265625,0.0625
3076,30709866,31009866,0.762573242,-0.0809936523,-0.18548584,0.614379883,-0.328125,-0.3359375,0.16796875,-1.78125,9.359375,-1.6640625,0.1875,0.060546875,0.041015625
3077,30713602,31013602,0.763122559,-0.0811157227,-0.185058594,0.613891602,-0.375,-0.1796875,0.3203125,-1.7734375,9.359375,-1.703125,0.1875,0.060546875,0.041015625
3078,30731468,31031468,0.763427734,-0.0811157227,-0.184509277,0.613647461,-0.375,-0.1796875,0.3203125,-1.7734375,9.359375,-1.703125,0.04296875,0.091796875,0.060546875
3079,30735602,31035602,0.76348877,-0.0811157227,-0.183959961,0.613708496,-0.12109375,0.05078125,-0.3046875,-1.7578125,9.359375,-1.7265625,0.04296875,0.091796875,0.060546875
3080,30751629,31051629,0.763427734,-0.0812988281,-0.183410645,0.613891602,-0.12109375,0.05078125,-0.3046875,-1.7578125,9.359375,-1.7265625,-0.009765625,0.048828125,0.103515625
3081,30755796,31055796,0.763549805,-0.0816040039,-0.182983398,0.613891602,0.09375,-0.06640625,-0.23046875,-1.7421875,9.359375,-1.7265625,-0.009765625,0.048828125,0.103515625
3082,30771466,31071466,0.764038086,-0.0821533203,-0.182678223,0.613342285,0.09375,-0.06640625,-0.23046875,-1.7421875,9.359375,-1.7265625,0.216796875,-0.0390625,0.060546875
3083,30775958,31075958,0.764648438,-0.0826416016,-0.182678223,0.612487793,-0.19140625,-0.37109375,0.359375,-1.7265625,9.359375,-1.7421875,0.216796875,-0.0390625,0.060546875
3084,30788258,31088258,0.765258789,-0.0830078125,-0.182861328,0.611633301,-0.19140625,-0.37109375,0.359375,-1.7265625,9.359375,-1.7421875,0.16796875,-0.072265625,-0.021484375
3085,30796365,31096365,0.765563965,-0.083190918,-0.183227539,0.611083984,-0.3046875,-0.36328125,0.70703125,-1.7265625,9.3515625,-1.78125,0.16796875,-0.072265625,-0.021484375
3086,30811246,31111246,0.765686035,-0.0831298828,-0.183776855,0.610778809,-0.3046875,-0.36328125,0.70703125,-1.7265625,9.3515625,-1.78125,0.01171875,-0.08203125,-0.103515625
3087,30815764,31115764,0.765563965,-0.0829467773,-0.184387207,0.610778809,-0.296875,-0.43359375,0.1484375,-1.734375,9.34375,-1.796875,0.01171875,-0.08203125,-0.103515625
3088,30829764,31129764,0.765319824,-0.0824584961,-0.184936523,0.610961914,-0.296875,-0.43359375,0.1484375,-1.734375,9.34375,-1.796875,-0.08984375,-0.0234375,-0.126953125
3089,30833494,31133494,0.765136719,-0.0819702148,-0.185424805,0.61114502,0.03125,-0.51171875,0.1015625,-1.7578125,9.34375,-1.7890625,-0.08984375,-0.0234375,-0.126953125
3090,30849072,31149072,0.764892578,-0.0814819336,-0.185913086,0.61138916,0.03125,-0.51171875,0.1015625,-1.7578125,9.34375,-1.7890625,-0.078125,-0.01953125,-0.12109375
3091,30855911,31155911,0.764709473,-0.0810546875,-0.186401367,0.61151123,-0.12890625,-0.39453125,0.0390625,-1.7890625,9.34375,-1.765625,-0.078125,-0.01953125,-0.12109375
3092,30868496,31168496,0.764587402,-0.0806884766,-0.187011719,0.61151123,-0.12890625,-0.39453125,0.0390625,-1.7890625,9.34375,-1.765625,-0.017578125,-0.0625,-0.12109375
3093,30874472,31174472,0.764526367,-0.0805053711,-0.18762207,0.61138916,-0.1796875,-0.125,-0.04296875,-1.8125,9.34375,-1.7578125,-0.017578125,-0.0625,-0.12109375
3094,30888873,31188873,0.764526367,-0.0803222656,-0.188293457,0.611206055,-0.1796875,-0.125,-0.04296875,-1.8125,9.34375,-1.7578125,0.01171875,-0.087890625,-0.103515625
3095,30895412,31195412,0.764526367,-0.0802612305,-0.188964844,0.611083984,-0.1953125,0.109375,-0.12109375,-1.8359375,9.3359375,-1.7578125,0.01171875,-0.087890625,-0.103515625
3096,30909461,31209461,0.764404297,-0.0802612305,-0.189575195,0.610961914,-0.1953125,0.109375,-0.12109375,-1.8359375,9.3359375,-1.7578125,-0.01171875,-0.099609375,-0.0703125
3097,30915824,31215824,0.764343262,-0.0803222656,-0.190124512,0.610900879,-0.02734375,0.38671875,-0.16796875,-1.8515625,9.328125,-1.75,-0.01171875,-0.099609375,-0.0703125
3098,30928526,31228526,0.764221191,-0.0805053711,-0.190551758,0.610839844,-0.02734375,0.38671875,-0.16796875,-1.8515625,9.328125,-1.75,0.005859375,-0.08203125,-0.009765625
3099,30934508,31234508,0.764221191,-0.0807495117,-0.190856934,0.610778809,0.06640625,0.5703125,-0.20703125,-1.8671875,9.3359375,-1.75,0.005859375,-0.08203125,-0.009765625
3100,30948434,31248434,0.764343262,-0.0811767578,-0.191040039,0.610534668,0.06640625,0.5703125,-0.20703125,-1.8671875,9.3359375,-1.75,0.076171875,-0.076171875,0.03125
3101,30954421,31254421,0.764526367,-0.0816040039,-0.191162109,0.610168457,0.1015625,0.5390625,-0.015625,-1.8671875,9.328125,-1.75,0.076171875,-0.076171875,0.03125
3102,30969447,31269447,0.764770508,-0.0819702148,-0.191223145,0.609802246,0.1015625,0.5390625,-0.015625,-1.8671875,9.328125,-1.75,0.11328125,-0.048828125,0.033203125
3103,30975835,31275835,0.765014648,-0.0822753906,-0.191223145,0.609436035,0.2109375,0.234375,0.26953125,-1.859375,9.328125,-1.765625,0.11328125,-0.048828125,0.033203125
3104,30989197,31289197,0.765197754,-0.0825195312,-0.191223145,0.609191895,0.2109375,0.234375,0.26953125,-1.859375,9.328125,-1.765625,0.04296875,-0.0234375,0.017578125
3105,30995499,31295499,0.765258789,-0.0826416016,-0.19128418,0.609069824,0.171875,0.04296875,0.1328125,-1.859375,9.328125,-1.78125,0.04296875,-0.0234375,0.017578125
3106,31009195,31309195,0.765258789,-0.0827636719,-0.191345215,0.609069824,0.171875,0.04296875,0.1328125,-1.859375,9.328125,-1.78125,0.005859375,-0.025390625,0.01171875
3107,31016335,31316335,0.765258789,-0.0829467773,-0.19140625,0.609008789,0.05859375,-0.3046875,0.015625,-1.859375,9.328125,-1.78125,0.005859375,-0.025390625,0.01171875
3108,31028916,31328916,0.765258789,-0.0830688477,-0.19152832,0.608947754,0.05859375,-0.3046875,0.015625,-1.859375,9.328125,-1.78125,0.015625,-0.037109375,0.00390625
3109,31034904,31334904,0.765258789,-0.083190918,-0.191650391,0.608886719,-0.10546875,-0.41796875,0.1015625,-1.8515625,9.328125,-1.7890625,0.015625,-0.037109375,0.00390625
3110,31048566,31348566,0.765197754,-0.0833129883,-0.191894531,0.608825684,-0.10546875,-0.41796875,0.1015625,-1.8515625,9.328125,-1.7890625,0.009765625,-0.056640625,-0.01953125
3111,31055349,31355349,0.765197754,-0.0833740234,-0.192199707,0.608703613,-0.1328125,-0.41796875,0.1015625,-1.859375,9.328125,-1.7890625,0.009765625,-0.056640625,-0.01953125
3112,31073379,31373379,0.765258789,-0.0833740234,-0.192565918,0.608520508,-0.1328125,-0.41796875,0.1015625,-1.859375,9.328125,-1.7890625,0.037109375,-0.046875,-0.064453125
3113,31077372,31377372,0.765380859,-0.0832519531,-0.192932129,0.608337402,-0.04296875,-0.44140625,0.0234375,-1.875,9.3125,-1.7890625,0.037109375,-0.046875,-0.064453125
3114,31088604,31388604,0.76550293,-0.0829467773,-0.193359375,0.608093262,-0.04296875,-0.44140625,0.0234375,-1.875,9.3125,-1.7890625,0.03515625,-0.01171875,-0.126953125
3115,31094339,31394339,0.765686035,-0.0824584961,-0.193847656,0.607727051,0.01171875,-0.2890625,-0.00390625,-1.890625,9.3125,-1.796875,0.03515625,-0.01171875,-0.126953125
3116,31106529,31406529,0.765930176,-0.08203125,-0.194396973,0.607299805,0.01171875,-0.2890625,-0.00390625,-1.890625,9.3125,-1.796875,0.09375,-0.0234375,-0.1640625
3117,31114546,31414546,0.766296387,-0.0815429688,-0.194885254,0.606750488,-0.0703125,-0.203125,0.00390625,-1.921875,9.3046875,-1.8046875,0.09375,-0.0234375,-0.1640625
3118,31128156,31428156,0.766784668,-0.0809936523,-0.195373535,0.606079102,-0.0703125,-0.203125,0.00390625,-1.921875,9.3046875,-1.8046875,0.1328125,0.0234375,-0.181640625
3119,31133894,31433894,0.767272949,-0.0802612305,-0.195739746,0.605407715,0.11328125,-0.04296875,-0.28125,-1.953125,9.296875,-1.828125,0.1328125,0.0234375,-0.181640625
3120,31148572,31448572,0.76776123,-0.0795288086,-0.196105957,0.604797363,0.11328125,-0.04296875,-0.28125,-1.953125,9.296875,-1.828125,0.115234375,0.046875,-0.1875
3121,31154301,31454301,0.768188477,-0.0787353516,-0.196472168,0.604187012,0.02734375,-0.1796875,-0.41015625,-1.984375,9.28125,-1.8515625,0.115234375,0.046875,-0.1875
3122,31168356,31468356,0.768554688,-0.0779418945,-0.196960449,0.60369873,0.02734375,-0.1796875,-0.41015625,-1.984375,9.28125,-1.8515625,0.052734375,0.037109375,-0.19921875
3123,31174094,31474094,0.768737793,-0.0770874023,-0.19732666,0.60345459,0.06640625,-0.01953125,-0.08984375,-2.0234375,9.2734375,-1.8671875,0.052734375,0.037109375,-0.19921875
3124,31188427,31488427,0.768737793,-0.0762329102,-0.197814941,0.603393555,0.06640625,-0.01953125,-0.08984375,-2.0234375,9.2734375,-1.8671875,-0.046875,0.021484375,-0.181640625
3125,31194165,31494165,0.768676758,-0.0755004883,-0.198364258,0.603393555,-0.09375,0.1796875,-0.00390625,-2.0546875,9.265625,-1.875,-0.046875,0.021484375,-0.181640625
3126,31207811,31507811,0.768676758,-0.0748291016,-0.198913574,0.60333252,-0.09375,0.1796875,-0.00390625,-2.0546875,9.265625,-1.875,-0.03125,-0.00390625,-0.166015625
3127,31213530,31513530,0.768615723,-0.0741577148,-0.19934082,0.603271484,-0.17578125,0.3046875,0.02734375,-2.0859375,9.2578125,-1.8671875,-0.03125,-0.00390625,-0.166015625
3128,31228245,31528245,0.768676758,-0.0733032227,-0.199768066,0.603210449,-0.17578125,0.3046875,0.02734375,-2.0859375,9.2578125,-1.8671875,-0.013671875,0.0546875,-0.17578125
3129,31233979,31533979,0.768798828,-0.0724487305,-0.200073242,0.603088379,-0.14453125,0.3125,-0.01953125,-2.1171875,9.25,-1.859375,-0.013671875,0.0546875,-0.17578125
3130,31248342,31548342,0.768920898,-0.071472168,-0.200439453,0.602905273,-0.14453125,0.3125,-0.01953125,-2.1171875,9.25,-1.859375,0.005859375,0.060546875,-0.1953125
3131,31254098,31554098,0.769042969,-0.0706176758,-0.200805664,0.602661133,-0.265625,0.203125,-0.05859375,-2.1484375,9.2421875,-1.859375,0.005859375,0.060546875,-0.1953125
3132,31269754,31569754,0.769226074,-0.0698852539,-0.201293945,0.602416992,-0.265625,0.203125,-0.05859375,-2.1484375,9.2421875,-1.859375,0.017578125,0.009765625,-0.16796875
3133,31273360,31573360,0.769348145,-0.0693359375,-0.201721191,0.602172852,-0.3046875,0.09765625,0.02734375,-2.1875,9.234375,-1.8671875,0.017578125,0.009765625,-0.16796875
3134,31288252,31588252,0.769470215,-0.0689697266,-0.202148438,0.601928711,-0.3046875,0.09765625,0.02734375,-2.1875,9.234375,-1.8671875,0.0390625,-0.041015625,-0.103515625
3135,31293996,31593996,0.76953125,-0.0688476562,-0.202697754,0.601623535,-0.1640625,0.18359375,-0.1953125,-2.2109375,9.2265625,-1.875,0.0390625,-0.041015625,-0.103515625
3136,31307553,31607553,0.76965332,-0.0689697266,-0.203308105,0.601318359,-0.1640625,0.18359375,-0.1953125,-2.2109375,9.2265625,-1.875,0.060546875,-0.125,-0.0546875
3137,31314638,31614638,0.769714355,-0.0693359375,-0.203979492,0.600952148,-0.07421875,0.265625,-0.07421875,-2.2265625,9.21875,-1.8828125,0.060546875,-0.125,-0.0546875
3138,31329308,31629308,0.769836426,-0.0699462891,-0.204711914,0.600463867,-0.07421875,0.265625,-0.07421875,-2.2265625,9.21875,-1.8828125,0.12890625,-0.203125,-0.005859375
3139,31334465,31634465,0.770019531,-0.0706176758,-0.205383301,0.599853516,-0.05859375,0.3828125,0.28125,-2.2421875,9.21875,-1.890625,0.12890625,-0.203125,-0.005859375
3140,31349776,31649776,0.770263672,-0.071472168,-0.206054688,0.599304199,-0.05859375,0.3828125,0.28125,-2.2421875,9.21875,-1.890625,0.134765625,-0.1796875,0.03515625
3141,31353382,31653382,0.770385742,-0.072265625,-0.206481934,0.598876953,-0.01953125,0.3125,0.296875,-2.2421875,9.2109375,-1.90625,0.134765625,-0.1796875,0.03515625
3142,31369274,31669274,0.770385742,-0.0731201172,-0.206848145,0.598632812,-0.01953125,0.3125,0.296875,-2.2421875,9.2109375,-1.90625,0.056640625,-0.142578125,0.083984375
3143,31374079,31674079,0.770385742,-0.0739135742,-0.20703125,0.598449707,0.171875,0.3125,-0.1640625,-2.2421875,9.2109375,-1.90625,0.056640625,-0.142578125,0.083984375
3144,31389064,31689064,0.770385742,-0.0748901367,-0.207214355,0.598327637,0.171875,0.3125,-0.1640625,-2.2421875,9.2109375,-1.90625,0.060546875,-0.17578125,0.140625
3145,31393867,31693867,0.770324707,-0.0762329102,-0.207519531,0.598144531,0.04296875,0.19140625,-0.1953125,-2.2265625,9.21875,-1.9140625,0.060546875,-0.17578125,0.140625
3146,31407636,31707636,0.770263672,-0.0777587891,-0.207824707,0.597900391,0.04296875,0.19140625,-0.1953125,-2.2265625,9.21875,-1.9140625,0.09375,-0.2421875,0.205078125
3147,31413617,31713617,0.770202637,-0.0793457031,-0.208068848,0.59765625,0.0546875,0.15234375,0.04296875,-2.203125,9.21875,-1.921875,0.09375,-0.2421875,0.205078125
3148,31429806,31729806,0.770080566,-0.080871582,-0.208312988,0.597473145,0.0546875,0.15234375,0.04296875,-2.203125,9.21875,-1.921875,0.083984375,-0.23046875,0.208984375
3149,31433542,31733542,0.770019531,-0.0824584961,-0.208618164,0.597290039,-0.08984375,0.06640625,0.01171875,-2.171875,9.2265625,-1.9296875,0.083984375,-0.23046875,0.208984375
3150,31447382,31747382,0.769836426,-0.0841064453,-0.20892334,0.597167969,-0.08984375,0.06640625,0.01171875,-2.171875,9.2265625,-1.9296875,0.05078125,-0.224609375,0.201171875
3151,31454671,31754671,0.769714355,-0.0855102539,-0.20904541,0.597106934,0.23046875,0.2109375,0.00390625,-2.1484375,9.234375,-1.921875,0.05078125,-0.224609375,0.201171875
3152,31469460,31769460,0.76965332,-0.0866699219,-0.20904541,0.597045898,0.23046875,0.2109375,0.00390625,-2.1484375,9.234375,-1.921875,0.08203125,-0.134765625,0.181640625
3153,31473184,31773184,0.76965332,-0.087890625,-0.209106445,0.596801758,-0.06640625,-0.0625,-0.2265625,-2.1171875,9.2421875,-1.921875,0.08203125,-0.134765625,0.181640625
3154,31489003,31789003,0.769714355,-0.0892944336,-0.20916748,0.596496582,-0.06640625,-0.0625,-0.2265625,-2.1171875,9.2421875,-1.921875,0.095703125,-0.17578125,0.185546875
3155,31494045,31794045,0.769714355,-0.090637207,-0.20916748,0.596313477,0.21484375,-0.0625,-0.09375,-2.09375,9.2421875,-1.9375,0.095703125,-0.17578125,0.185546875
3156,31507893,31807893,0.76965332,-0.0916748047,-0.208984375,0.596252441,0.21484375,-0.0625,-0.09375,-2.09375,9.2421875,-1.9375,0.017578125,-0.064453125,0.189453125
3157,31515186,31815186,0.76953125,-0.0924682617,-0.208557129,0.596496582,0.3359375,-0.109375,-0.01171875,-2.0625,9.25,-1.9453125,0.017578125,-0.064453125,0.189453125
3158,31527686,31827686,0.769348145,-0.0931396484,-0.208068848,0.596740723,0.3359375,-0.109375,-0.01171875,-2.0625,9.25,-1.9453125,0.015625,-0.013671875,0.181640625
3159,31533654,31833654,0.769348145,-0.0940551758,-0.207641602,0.596801758,-0.0859375,-0.1171875,-0.32421875,-2.0234375,9.2578125,-1.9375,0.015625,-0.013671875,0.181640625
3160,31549447,31849447,0.76940918,-0.0950927734,-0.207336426,0.596679688,-0.0859375,-0.1171875,-0.32421875,-2.0234375,9.2578125,-1.9375,0.08203125,-0.091796875,0.1953125
3161,31553181,31853181,0.769470215,-0.0961303711,-0.207092285,0.596435547,-0.0390625,-0.203125,0.02734375,-1.9921875,9.265625,-1.9453125,0.08203125,-0.091796875,0.1953125
3162,31569465,31869465,0.76965332,-0.0971679688,-0.20703125,0.596069336,-0.0390625,-0.203125,0.02734375,-1.9921875,9.265625,-1.9453125,0.09765625,-0.0859375,0.12109375
3163,31573070,31873070,0.769775391,-0.0978393555,-0.206787109,0.59588623,0.359375,0.02734375,0.42578125,-1.96875,9.265625,-1.9609375,0.09765625,-0.0859375,0.12109375
3164,31589585,31889585,0.769897461,-0.0983886719,-0.206542969,0.59576416,0.359375,0.02734375,0.42578125,-1.96875,9.265625,-1.9609375,0.052734375,-0.0390625,0.115234375
3165,31593193,31893193,0.769836426,-0.0989990234,-0.206298828,0.595825195,-0.1171875,-0.2109375,0.17578125,-1.953125,9.2734375,-1.9765625,0.052734375,-0.0390625,0.115234375
3166,31608606,31908606,0.76965332,-0.0994873047,-0.205993652,0.596130371,-0.1171875,-0.2109375,0.17578125,-1.953125,9.2734375,-1.9765625,-0.068359375,0.013671875,0.13671875
3167,31614611,31914611,0.769287109,-0.0998535156,-0.205566406,0.596618652,0.1640625,0.1640625,0.13671875,-1.9296875,9.28125,-1.9765625,-0.068359375,0.013671875,0.13671875
3168,31630140,31930140,0.768920898,-0.100097656,-0.20513916,0.597229004,0.1640625,0.1640625,0.13671875,-1.9296875,9.28125,-1.9765625,-0.1171875,0.029296875,0.12890625
3169,31633783,31933783,0.768554688,-0.100463867,-0.204772949,0.59777832,0.10546875,0.12109375,0.16015625,-1.90625,9.2890625,-1.9609375,-0.1171875,0.029296875,0.12890625
3170,31649203,31949203,0.768066406,-0.100830078,-0.204467773,0.598388672,0.10546875,0.12109375,0.16015625,-1.90625,9.2890625,-1.9609375,-0.158203125,0.01171875,0.12890625
3171,31654003,31954003,0.767578125,-0.101013184,-0.204101562,0.599121094,-0.00390625,-0.15625,0.09765625,-1.875,9.296875,-1.9375,-0.158203125,0.01171875,0.12890625
3172,31669282,31969282,0.767089844,-0.101135254,-0.203674316,0.599853516,-0.00390625,-0.15625,0.09765625,-1.875,9.296875,-1.9375,-0.119140625,0.048828125,0.103515625
3173,31674789,31974789,0.766845703,-0.101379395,-0.203369141,0.600280762,-0.25,-0.28125,-0.28125,-1.859375,9.3046875,-1.90625,-0.119140625,0.048828125,0.103515625
3174,31687585,31987585,0.766662598,-0.101806641,-0.203186035,0.600463867,-0.25,-0.28125,-0.28125,-1.859375,9.3046875,-1.90625,-0.0078125,-0.037109375,0.09765625
3175,31694181,31994181,0.766601562,-0.102233887,-0.20300293,0.600585938,0.2265625,-0.05859375,0.01953125,-1.8359375,9.3125,-1.8984375,-0.0078125,-0.037109375,0.09765625
3176,31709084,32009084,0.766540527,-0.102539062,-0.202697754,0.600646973,0.2265625,-0.05859375,0.01953125,-1.8359375,9.3125,-1.8984375,0.001953125,0.015625,0.078125
3177,31713890,32013890,0.766540527,-0.102783203,-0.202453613,0.600769043,0.0546875,0.09765625,0.1328125,-1.8203125,9.3125,-1.8984375,0.001953125,0.015625,0.078125
3178,31728928,32028928,0.766418457,-0.103149414,-0.202209473,0.600952148,0.0546875,0.09765625,0.1328125,-1.8203125,9.3125,-1.8984375,-0.044921875,-0.021484375,0.08984375
3179,31733711,32033711,0.766174316,-0.103515625,-0.202026367,0.601257324,-0.1875,0.01171875,0.09765625,-1.8046875,9.3203125,-1.8984375,-0.044921875,-0.021484375,0.08984375
3180,31749024,32049024,0.765930176,-0.103881836,-0.201843262,0.6015625,-0.1875,0.01171875,0.09765625,-1.8046875,9.3203125,-1.8984375,-0.064453125,-0.0234375,0.103515625
3181,31753825,32053825,0.765625,-0.104248047,-0.201660156,0.601928711,-0.01171875,-0.03515625,0.30859375,-1.7890625,9.328125,-1.8828125,-0.064453125,-0.0234375,0.103515625
3182,31768734,32068734,0.765197754,-0.104614258,-0.201477051,0.602416992,-0.01171875,-0.03515625,0.30859375,-1.7890625,9.328125,-1.8828125,-0.09765625,-0.03125,0.087890625
3183,31773762,32073762,0.764892578,-0.104919434,-0.201416016,0.602783203,-0.02734375,0.07421875,0.1796875,-1.7734375,9.3359375,-1.8671875,-0.09765625,-0.03125,0.087890625
3184,31788442,32088442,0.764648438,-0.105102539,-0.201416016,0.603088379,-0.02734375,0.07421875,0.1796875,-1.7734375,9.3359375,-1.8671875,-0.056640625,-0.015625,0.052734375
3185,31793476,32093476,0.764465332,-0.10534668,-0.20135498,0.603271484,-0.50390625,-0.15625,0.05078125,-1.7578125,9.3359375,-1.8515625,-0.056640625,-0.015625,0.052734375
3186,31808111,32108111,0.764465332,-0.105651855,-0.201477051,0.603210449,-0.50390625,-0.15625,0.05078125,-1.7578125,9.3359375,-1.8515625,0.03125,-0.05859375,0.025390625
3187,31814757,32114757,0.764526367,-0.106018066,-0.201599121,0.602966309,-0.3984375,-0.34765625,0.00390625,-1.75,9.3359375,-1.84375,0.03125,-0.05859375,0.025390625
3188,31828626,32128626,0.764648438,-0.106628418,-0.201904297,0.602600098,-0.3984375,-0.34765625,0.00390625,-1.75,9.3359375,-1.84375,0.1015625,-0.140625,0.041015625
3189,31833666,32133666,0.764831543,-0.107299805,-0.202331543,0.602111816,-0.16796875,-0.34765625,0.01171875,-1.75,9.3359375,-1.8515625,0.1015625,-0.140625,0.041015625
3190,31848902,32148902,0.765075684,-0.107971191,-0.202758789,0.601623535,-0.16796875,-0.34765625,0.01171875,-1.75,9.3359375,-1.8515625,0.126953125,-0.158203125,0.009765625
3191,31853938,32153938,0.765319824,-0.108581543,-0.203369141,0.600952148,-0.05078125,-0.1875,0.1875,-1.75,9.328125,-1.875,0.126953125,-0.158203125,0.009765625
3192,31869082,32169082,0.765563965,-0.109069824,-0.203979492,0.600341797,-0.05078125,-0.1875,0.1875,-1.75,9.328125,-1.875,0.14453125,-0.15234375,-0.05078125
3193,31874665,32174665,0.765869141,-0.109375,-0.204589844,0.599731445,0.0703125,-0.296875,0.39453125,-1.7578125,9.3203125,-1.890625,0.14453125,-0.15234375,-0.05078125
3194,31887952,32187952,0.766174316,-0.109436035,-0.20513916,0.599121094,0.0703125,-0.296875,0.39453125,-1.7578125,9.3203125,-1.890625,0.09765625,-0.0703125,-0.095703125
3195,31894746,32194746,0.766479492,-0.10925293,-0.205566406,0.598571777,0.0078125,-0.32421875,0.265625,-1.7734375,9.3125,-1.9140625,0.09765625,-0.0703125,-0.095703125
3196,31907828,32207828,0.766906738,-0.109008789,-0.205932617,0.597961426,0.0078125,-0.32421875,0.265625,-1.7734375,9.3125,-1.9140625,0.14453125,-0.01171875,-0.11328125
3197,31915343,32215343,0.767456055,-0.108825684,-0.206237793,0.597229004,-0.16015625,-0.203125,-0.2578125,-1.796875,9.3046875,-1.9296875,0.14453125,-0.01171875,-0.11328125
3198,31930309,32230309,0.768127441,-0.108703613,-0.206420898,0.596313477,-0.16015625,-0.203125,-0.2578125,-1.796875,9.3046875,-1.9296875,0.244140625,-0.0078125,-0.099609375
3199,31934047,32234047,0.768859863,-0.108520508,-0.206665039,0.595275879,-0.05859375,0.2265625,-0.26171875,-1.8203125,9.296875,-1.9609375,0.244140625,-0.0078125,-0.099609375
3200,31949897,32249897,0.76965332,-0.108276367,-0.206848145,0.594299316,-0.05859375,0.2265625,-0.26171875,-1.8203125,9.296875,-1.9609375,0.208984375,0.021484375,-0.115234375
3201,31953641,32253641,0.770263672,-0.107971191,-0.20690918,0.593444824,0.33984375,0.28125,0.12890625,-1.8359375,9.28125,-2.0078125,0.208984375,0.021484375,-0.115234375
3202,31968653,32268653,0.770996094,-0.107543945,-0.206848145,0.592651367,0.33984375,0.28125,0.12890625,-1.8359375,9.28125,-2.0078125,0.1796875,0.0859375,-0.1015625
3203,31977101,32277101,0.771606445,-0.106933594,-0.206665039,0.592041016,0.43359375,0.36328125,0.05078125,-1.8515625,9.2734375,-2.046875,0.1796875,0.0859375,-0.1015625
3204,31988122,32288122,0.771972656,-0.106201172,-0.206420898,0.59173584,0.43359375,0.36328125,0.05078125,-1.8515625,9.2734375,-2.046875,0.01953125,0.1484375,-0.099609375
3205,31993160,32293160,0.772094727,-0.10534668,-0.206176758,0.591796875,0.29296875,0.15234375,0.3046875,-1.8671875,9.2578125,-2.0703125,0.01953125,0.1484375,-0.099609375
3206,32008465,32308465,0.771972656,-0.104431152,-0.205810547,0.592285156,0.29296875,0.15234375,0.3046875,-1.8671875,9.2578125,-2.0703125,-0.1484375,0.171875,-0.078125
3207,32016169,32316169,0.771728516,-0.103393555,-0.205383301,0.592956543,0.34765625,0.34375,0.22265625,-1.8828125,9.2578125,-2.0625,-0.1484375,0.171875,-0.078125
3208,32029124,32329124,0.771362305,-0.102172852,-0.20489502,0.593811035,0.34765625,0.34375,0.22265625,-1.8828125,9.2578125,-2.0625,-0.220703125,0.2265625,-0.09765625
3209,32032850,32332850,0.770996094,-0.100952148,-0.204467773,0.594604492,0.203125,0.21875,-0.15625,-1.890625,9.265625,-2.03125,-0.220703125,0.2265625,-0.09765625
3210,32048396,32348396,0.770690918,-0.0997314453,-0.204040527,0.595336914,0.203125,0.21875,-0.15625,-1.890625,9.265625,-2.03125,-0.17578125,0.185546875,-0.099609375
3211,32056193,32356193,0.770446777,-0.0986938477,-0.203796387,0.595947266,-0.01953125,0.01953125,-0.21484375,-1.8984375,9.2734375,-2.0078125,-0.17578125,0.185546875,-0.099609375
3212,32071071,32371071,0.770202637,-0.0977172852,-0.203613281,0.596496582,-0.01953125,0.01953125,-0.21484375,-1.8984375,9.2734375,-2.0078125,-0.140625,0.130859375,-0.109375
3213,32074902,32374902,0.769958496,-0.096862793,-0.203552246,0.596923828,0.02734375,-0.09375,0.02734375,-1.90625,9.2734375,-1.984375,-0.140625,0.130859375,-0.109375
3214,32087460,32387460,0.76965332,-0.0959472656,-0.203552246,0.597473145,0.02734375,-0.09375,0.02734375,-1.90625,9.2734375,-1.984375,-0.150390625,0.083984375,-0.103515625
3215,32094332,32394332,0.769348145,-0.0951538086,-0.203613281,0.598022461,0.00390625,0.05859375,0.12109375,-1.921875,9.2734375,-1.9609375,-0.150390625,0.083984375,-0.103515625
3216,32109465,32409465,0.768920898,-0.0943603516,-0.203613281,0.598693848,0.00390625,0.05859375,0.12109375,-1.921875,9.2734375,-1.9609375,-0.18359375,0.115234375,-0.078125
3217,32113202,32413202,0.768554688,-0.0935668945,-0.203430176,0.599365234,0.01953125,0.2421875,-0.05859375,-1.9375,9.28125,-1.9375,-0.18359375,0.115234375,-0.078125
3218,32128137,32428137,0.768127441,-0.0926513672,-0.203063965,0.600097656,0.01953125,0.2421875,-0.05859375,-1.9375,9.28125,-1.9375,-0.203125,0.166015625,-0.052734375
3219,32135844,32435844,0.76776123,-0.0917358398,-0.202575684,0.600891113,0.02734375,0.203125,-0.125,-1.9453125,9.28125,-1.90625,-0.203125,0.166015625,-0.052734375
3220,32148779,32448779,0.76751709,-0.0907592773,-0.201782227,0.60168457,0.02734375,0.203125,-0.125,-1.9453125,9.28125,-1.90625,-0.1484375,0.232421875,0.001953125
3221,32153818,32453818,0.767211914,-0.0899658203,-0.200866699,0.602416992,-0.0859375,0.2734375,-0.3046875,-1.9453125,9.2890625,-1.8828125,-0.1484375,0.232421875,0.001953125
3222,32167476,32467476,0.766906738,-0.0892944336,-0.199890137,0.603210449,-0.0859375,0.2734375,-0.3046875,-1.9453125,9.2890625,-1.8828125,-0.1875,0.236328125,0.06640625
3223,32175926,32475926,0.766601562,-0.088684082,-0.198913574,0.604125977,0.08984375,0.3046875,-0.328125,-1.9296875,9.296875,-1.859375,-0.1875,0.236328125,0.06640625
3224,32189127,32489127,0.766052246,-0.0881958008,-0.197753906,0.605163574,0.08984375,0.3046875,-0.328125,-1.9296875,9.296875,-1.859375,-0.240234375,0.212890625,0.1328125
3225,32192864,32492864,0.765441895,-0.0879516602,-0.196716309,0.606323242,0.25,0.171875,-0.3203125,-1.8984375,9.3125,-1.828125,-0.240234375,0.212890625,0.1328125
3226,32209149,32509149,0.764709473,-0.087890625,-0.195739746,0.60760498,0.25,0.171875,-0.3203125,-1.8984375,9.3125,-1.828125,-0.228515625,0.119140625,0.166015625
3227,32212872,32512872,0.764221191,-0.0880737305,-0.195007324,0.608398438,0.25,0.2734375,-0.48046875,-1.859375,9.328125,-1.78125,-0.228515625,0.119140625,0.166015625
3228,32229031,32529031,0.764038086,-0.0885009766,-0.194335938,0.608764648,0.25,0.2734375,-0.48046875,-1.859375,9.328125,-1.78125,0,0.037109375,0.16796875
3229,32232787,32532787,0.764038086,-0.0891113281,-0.193725586,0.608947754,0.140625,0.109375,0.30859375,-1.828125,9.3359375,-1.765625,0,0.037109375,0.16796875
3230,32247215,32547215,0.763977051,-0.0899047852,-0.193054199,0.609069824,0.140625,0.109375,0.30859375,-1.828125,9.3359375,-1.765625,-0.00390625,-0.015625,0.208984375
3231,32255388,32555388,0.76373291,-0.0908203125,-0.192504883,0.609375,-0.203125,0.21875,0.4296875,-1.7890625,9.34375,-1.7734375,-0.00390625,-0.015625,0.208984375
3232,32268366,32568366,0.763366699,-0.0917358398,-0.192138672,0.609863281,-0.203125,0.21875,0.4296875,-1.7890625,9.34375,-1.7734375,-0.087890625,-0.064453125,0.21875
3233,32278218,32578218,0.762878418,-0.092590332,-0.191650391,0.610473633,0.0625,0.1328125,0.30078125,-1.75,9.3515625,-1.7578125,-0.087890625,-0.064453125,0.21875
3234,32288998,32588998,0.762145996,-0.0931396484,-0.190917969,0.61151123,0.0625,0.1328125,0.30078125,-1.75,9.3515625,-1.7578125,-0.25390625,0.0625,0.228515625
3235,32295115,32595115,0.761291504,-0.0934448242,-0.190063477,0.612854004,0.29296875,0.26953125,0.1171875,-1.7109375,9.3671875,-1.7265625,-0.25390625,0.0625,0.228515625
3236,32308286,32608286,0.760253906,-0.0936279297,-0.188781738,0.614501953,0.29296875,0.26953125,0.1171875,-1.7109375,9.3671875,-1.7265625,-0.337890625,0.197265625,0.251953125
3237,32318207,32618207,0.759460449,-0.0936889648,-0.187316895,0.615905762,0.390625,0.25390625,-0.16796875,-1.65625,9.3828125,-1.671875,-0.337890625,0.197265625,0.251953125
3238,32329827,32629827,0.759277344,-0.0939941406,-0.185913086,0.616516113,0.390625,0.25390625,-0.16796875,-1.65625,9.3828125,-1.671875,0.02734375,0.130859375,0.248046875
3239,32333453,32633453,0.759521484,-0.0948486328,-0.184875488,0.616455078,0.03515625,-0.10546875,-0.19140625,-1.609375,9.3984375,-1.6484375,0.02734375,0.130859375,0.248046875
3240,32349088,32649088,0.760009766,-0.0961303711,-0.184020996,0.615844727,0.03515625,-0.10546875,-0.19140625,-1.609375,9.3984375,-1.6484375,0.23046875,-0.0625,0.265625
3241,32352698,32652698,0.760498047,-0.0974121094,-0.183288574,0.61529541,-0.28515625,-0.14453125,0.86328125,-1.5546875,9.3984375,-1.671875,0.23046875,-0.0625,0.265625
3242,32369683,32669683,0.760803223,-0.0985717773,-0.182250977,0.61505127,-0.28515625,-0.14453125,0.86328125,-1.5546875,9.3984375,-1.671875,0.08203125,0.052734375,0.28125
3243,32373293,32673293,0.760742188,-0.0993652344,-0.181030273,0.61529541,-0.140625,0.1953125,0.12890625,-1.5078125,9.40625,-1.703125,0.08203125,0.052734375,0.28125
3244,32388587,32688587,0.760375977,-0.100097656,-0.179382324,0.616149902,-0.140625,0.1953125,0.12890625,-1.5078125,9.40625,-1.703125,-0.18359375,0.16796875,0.3515625
3245,32398208,32698208,0.75958252,-0.100891113,-0.17779541,0.617431641,0.01953125,0.37109375,-0.94140625,-1.4375,9.421875,-1.703125,-0.18359375,0.16796875,0.3515625
3246,32409644,32709644,0.758728027,-0.101928711,-0.176513672,0.618713379,0.01953125,0.37109375,-0.94140625,-1.4375,9.421875,-1.703125,-0.220703125,0.005859375,0.39453125
3247,32413255,32713255,0.758056641,-0.10333252,-0.175598145,0.619506836,-0.08984375,-0.296875,-0.375,-1.3671875,9.4375,-1.65625,-0.220703125,0.005859375,0.39453125
3248,32428064,32728064,0.757873535,-0.105041504,-0.174926758,0.619689941,-0.08984375,-0.296875,-0.375,-1.3671875,9.4375,-1.65625,0.11328125,-0.12109375,0.306640625
3249,32437715,32737715,0.758178711,-0.106567383,-0.174377441,0.61920166,-0.046875,-0.61328125,0.421875,-1.296875,9.4453125,-1.6484375,0.11328125,-0.12109375,0.306640625
3250,32448557,32748557,0.758789062,-0.107727051,-0.173828125,0.618347168,-0.046875,-0.61328125,0.421875,-1.296875,9.4453125,-1.6484375,0.283203125,-0.021484375,0.173828125
3251,32454982,32754982,0.759643555,-0.108581543,-0.173156738,0.617431641,-0.046875,-0.6953125,0.61328125,-1.2578125,9.453125,-1.6875,0.283203125,-0.021484375,0.173828125
3252,32468149,32768149,0.760437012,-0.109130859,-0.172302246,0.616577148,-0.046875,-0.6953125,0.61328125,-1.2578125,9.453125,-1.6875,0.234375,0.107421875,0.138671875
3253,32477710,32777710,0.761047363,-0.109436035,-0.171203613,0.616088867,-0.0390625,-0.03515625,0.28515625,-1.2265625,9.4453125,-1.7421875,0.234375,0.107421875,0.138671875
3254,32489202,32789202,0.761474609,-0.109558105,-0.169921875,0.615905762,-0.0390625,-0.03515625,0.28515625,-1.2265625,9.4453125,-1.7421875,0.099609375,0.2109375,0.1796875
3255,32492810,32792810,0.761901855,-0.109741211,-0.168518066,0.615661621,-0.15625,0.046875,-0.7578125,-1.1875,9.4375,-1.7734375,0.099609375,0.2109375,0.1796875
3256,32507871,32807871,0.762573242,-0.110229492,-0.167297363,0.615112305,-0.15625,0.046875,-0.7578125,-1.1875,9.4375,-1.7734375,0.23046875,0.103515625,0.173828125
3257,32518193,32818193,0.763366699,-0.110900879,-0.166442871,0.614257812,-0.578125,-0.44921875,-0.3828125,-1.1484375,9.4375,-1.8046875,0.23046875,0.103515625,0.173828125
3258,32528642,32828642,0.764404297,-0.111877441,-0.166015625,0.612854004,-0.578125,-0.44921875,-0.3828125,-1.1484375,9.4375,-1.8046875,0.451171875,-0.109375,0.107421875
3259,32535113,32835113,0.765808105,-0.113037109,-0.166015625,0.610900879,-0.484375,-0.94140625,0.33203125,-1.125,9.4296875,-1.8671875,0.451171875,-0.109375,0.107421875
3260,32550522,32850522,0.767211914,-0.114074707,-0.16607666,0.608886719,-0.484375,-0.94140625,0.33203125,-1.125,9.4296875,-1.8671875,0.51171875,-0.09375,0.037109375
3261,32556843,32856843,0.768493652,-0.114685059,-0.16595459,0.60723877,-0.45703125,-0.42578125,0.76953125,-1.1171875,9.4140625,-1.9609375,0.51171875,-0.09375,0.037109375
3262,32568731,32868731,0.76953125,-0.115112305,-0.165588379,0.605895996,-0.45703125,-0.42578125,0.76953125,-1.1171875,9.4140625,-1.9609375,0.32421875,0.048828125,0.02734375
3263,32575124,32875124,0.770507812,-0.11505127,-0.164978027,0.604919434,-0.04296875,0.31640625,-0.1171875,-1.109375,9.3984375,-2.03125,0.32421875,0.048828125,0.02734375
3264,32590807,32890807,0.771240234,-0.114685059,-0.16418457,0.604248047,-0.04296875,0.31640625,-0.1171875,-1.109375,9.3984375,-2.03125,0.140625,0.181640625,-0.015625
3265,32597478,32897478,0.771606445,-0.114257812,-0.163696289,0.603942871,-0.0859375,-0.05859375,-0.828125,-1.1015625,9.390625,-2.0859375,0.140625,0.181640625,-0.015625
3266,32606994,32906994,0.771606445,-0.114013672,-0.163635254,0.604003906,-0.0859375,-0.05859375,-0.828125,-1.1015625,9.390625,-2.0859375,-0.068359375,0.00390625,-0.03125
3267,32614900,32914900,0.771240234,-0.113891602,-0.163879395,0.604431152,-0.01171875,-0.09765625,0.63671875,-1.1015625,9.390625,-2.09375,-0.068359375,0.00390625,-0.03125
3268,32629181,32929181,0.770812988,-0.113769531,-0.164123535,0.604980469,-0.01171875,-0.09765625,0.63671875,-1.1015625,9.390625,-2.09375,-0.15234375,-0.01171875,-0.029296875
3269,32632915,32932915,0.770446777,-0.113464355,-0.164245605,0.605407715,0.11328125,-0.44140625,0.84375,-1.109375,9.390625,-2.0703125,-0.15234375,-0.01171875,-0.029296875
3270,32648060,32948060,0.770385742,-0.112731934,-0.16418457,0.605712891,0.11328125,-0.44140625,0.84375,-1.109375,9.390625,-2.0703125,-0.044921875,0.1171875,-0.103515625
3271,32654663,32954663,0.770507812,-0.111877441,-0.164001465,0.605712891,0.1640625,-0.59375,-0.29296875,-1.125,9.390625,-2.046875,-0.044921875,0.1171875,-0.103515625
3272,32670784,32970784,0.770874023,-0.110839844,-0.163818359,0.60546875,0.1640625,-0.59375,-0.29296875,-1.125,9.390625,-2.046875,0.091796875,0.158203125,-0.16015625
3273,32676475,32976475,0.77142334,-0.109985352,-0.163818359,0.604980469,-0.0390625,-0.28125,-0.31640625,-1.1484375,9.3828125,-2.0625,0.091796875,0.158203125,-0.16015625
3274,32687842,32987842,0.771972656,-0.109375,-0.1640625,0.604309082,-0.0390625,-0.28125,-0.31640625,-1.1484375,9.3828125,-2.0625,0.150390625,-0.013671875,-0.140625
3275,32693844,32993844,0.772399902,-0.109130859,-0.164550781,0.60369873,-0.1328125,-0.00390625,-0.13671875,-1.171875,9.375,-2.0859375,0.150390625,-0.013671875,-0.140625
3276,32707240,33007240,0.772583008,-0.109130859,-0.165100098,0.603271484,-0.1328125,-0.00390625,-0.13671875,-1.171875,9.375,-2.0859375,0.0546875,-0.10546875,-0.064453125
3277,32718363,33018363,0.772644043,-0.109375,-0.165710449,0.602966309,0.08203125,0.234375,-0.23828125,-1.1953125,9.3671875,-2.1015625,0.0546875,-0.10546875,-0.064453125
3278,32728018,33028018,0.772644043,-0.109741211,-0.166259766,0.602783203,0.08203125,0.234375,-0.23828125,-1.1953125,9.3671875,-2.1015625,0.02734375,-0.130859375,0.00390625
3279,32734743,33034743,0.772583008,-0.110107422,-0.166625977,0.602661133,0.015625,0.6171875,0.26953125,-1.203125,9.3671875,-2.109375,0.02734375,-0.130859375,0.00390625
3280,32747807,33047807,0.772521973,-0.110412598,-0.166809082,0.602661133,0.015625,0.6171875,0.26953125,-1.203125,9.3671875,-2.109375,-0.009765625,-0.0390625,0.017578125
3281,32757809,33057809,0.772399902,-0.110473633,-0.166870117,0.602783203,-0.140625,0.73046875,0.421875,-1.203125,9.3671875,-2.109375,-0.009765625,-0.0390625,0.017578125
3282,32767712,33067712,0.772216797,-0.110534668,-0.166931152,0.602966309,-0.140625,0.73046875,0.421875,-1.203125,9.3671875,-2.109375,-0.0703125,-0.005859375,0.00390625
3283,32773447,33073447,0.772033691,-0.110534668,-0.167053223,0.603210449,-0.29296875,0.1171875,0.21484375,-1.203125,9.3671875,-2.09375,-0.0703125,-0.005859375,0.00390625
3284,32787796,33087796,0.771850586,-0.110595703,-0.167358398,0.60333252,-0.29296875,0.1171875,0.21484375,-1.203125,9.3671875,-2.09375,-0.037109375,-0.083984375,-0.01953125
3285,32796345,33096345,0.771606445,-0.110778809,-0.16784668,0.60345459,-0.36328125,-0.41796875,0.359375,-1.2109375,9.3671875,-2.0859375,-0.037109375,-0.083984375,-0.01953125
3286,32807310,33107310,0.771240234,-0.111022949,-0.168518066,0.60369873,-0.36328125,-0.41796875,0.359375,-1.2109375,9.3671875,-2.0859375,-0.111328125,-0.154296875,-0.03125
3287,32814228,33114228,0.770751953,-0.11126709,-0.169311523,0.604064941,-0.16015625,-0.42578125,0.26953125,-1.21875,9.375,-2.0703125,-0.111328125,-0.154296875,-0.03125
3288,32828376,33128376,0.770141602,-0.111450195,-0.170227051,0.604553223,-0.16015625,-0.42578125,0.26953125,-1.21875,9.375,-2.0703125,-0.169921875,-0.177734375,-0.052734375
3289,32837338,33137338,0.76953125,-0.111633301,-0.171203613,0.605041504,-0.22265625,-0.55078125,0.15234375,-1.234375,9.3828125,-2.03125,-0.169921875,-0.177734375,-0.052734375
3290,32847001,33147001,0.768798828,-0.111755371,-0.172424316,0.60559082,-0.22265625,-0.55078125,0.15234375,-1.234375,9.3828125,-2.03125,-0.185546875,-0.21484375,-0.103515625
3291,32853923,33153923,0.768066406,-0.111755371,-0.173706055,0.606079102,-0.0859375,-0.6640625,0.15234375,-1.2578125,9.3828125,-1.9921875,-0.185546875,-0.21484375,-0.103515625
3292,32866082,33166082,0.767456055,-0.111633301,-0.175109863,0.606567383,-0.0859375,-0.6640625,0.15234375,-1.2578125,9.3828125,-1.9921875,-0.166015625,-0.205078125,-0.177734375
3293,32876364,33176364,0.766906738,-0.11138916,-0.176513672,0.606872559,-0.015625,-0.5859375,0.11328125,-1.2890625,9.3828125,-1.953125,-0.166015625,-0.205078125,-0.177734375
3294,32887350,33187350,0.766479492,-0.110961914,-0.178039551,0.607055664,-0.015625,-0.5859375,0.11328125,-1.2890625,9.3828125,-1.953125,-0.115234375,-0.1796875,-0.23046875
3295,32893106,33193106,0.766113281,-0.110473633,-0.179504395,0.607116699,-0.0078125,-0.47265625,0.15625,-1.3359375,9.3828125,-1.921875,-0.115234375,-0.1796875,-0.23046875
3296,32908590,33208590,0.765930176,-0.109802246,-0.181030273,0.607055664,-0.0078125,-0.47265625,0.15625,-1.3359375,9.3828125,-1.921875,-0.05859375,-0.146484375,-0.291015625
3297,32917385,33217385,0.765808105,-0.109008789,-0.182434082,0.606933594,0.0546875,-0.3515625,-0.01953125,-1.3984375,9.375,-1.8984375,-0.05859375,-0.146484375,-0.291015625
3298,32926658,33226658,0.765808105,-0.108032227,-0.184020996,0.606567383,0.0546875,-0.3515625,-0.01953125,-1.3984375,9.375,-1.8984375,0.005859375,-0.1171875,-0.375
3299,32933568,33233568,0.766052246,-0.106811523,-0.185668945,0.606018066,-0.10546875,-0.41796875,-0.02734375,-1.46875,9.3671875,-1.890625,0.005859375,-0.1171875,-0.375
3300,32947959,33247959,0.766479492,-0.105407715,-0.18737793,0.605224609,-0.10546875,-0.41796875,-0.02734375,-1.46875,9.3671875,-1.890625,0.1015625,-0.076171875,-0.482421875
3301,32957124,33257124,0.767028809,-0.103759766,-0.189086914,0.604248047,-0.21875,-0.51953125,-0.1328125,-1.546875,9.3515625,-1.8984375,0.1015625,-0.076171875,-0.482421875
3302,32965860,33265860,0.76763916,-0.101928711,-0.190917969,0.603210449,-0.21875,-0.51953125,-0.1328125,-1.546875,9.3515625,-1.8984375,0.126953125,-0.05078125,-0.564453125
3303,32973365,33273365,0.768188477,-0.100097656,-0.192687988,0.602294922,-0.34375,-0.45703125,-0.1875,-1.6484375,9.328125,-1.921875,0.126953125,-0.05078125,-0.564453125
3304,32989046,33289046,0.768676758,-0.0977783203,-0.194641113,0.60144043,-0.34375,-0.45703125,-0.1875,-1.6484375,9.328125,-1.921875,0.0234375,-0.017578125,-0.61328125
3305,32994499,33294499,0.768920898,-0.0954589844,-0.196533203,0.600830078,-0.3828125,-0.47265625,-0.140625,-1.765625,9.3046875,-1.9296875,0.0234375,-0.017578125,-0.61328125
3306,33008052,33308052,0.769104004,-0.0928344727,-0.198547363,0.600341797,-0.3828125,-0.47265625,-0.140625,-1.765625,9.3046875,-1.9296875,-0.046875,0.0234375,-0.66796875
3307,33013793,33313793,0.769348145,-0.0899047852,-0.200439453,0.599914551,-0.41796875,-0.40234375,-0.21875,-1.8828125,9.2734375,-1.9296875,-0.046875,0.0234375,-0.66796875
3308,33025965,33325965,0.76965332,-0.086730957,-0.201965332,0.59942627,-0.41796875,-0.40234375,-0.21875,-1.8828125,9.2734375,-1.9296875,-0.044921875,0.193359375,-0.71484375
3309,33036972,33336972,0.770080566,-0.0833129883,-0.20324707,0.598937988,-0.1015625,-0.4921875,-0.1875,-2.0078125,9.25,-1.921875,-0.044921875,0.193359375,-0.71484375
3310,33045723,33345723,0.770690918,-0.0795288086,-0.204223633,0.598327637,-0.1015625,-0.4921875,-0.1875,-2.0078125,9.25,-1.921875,0.009765625,0.33203125,-0.71484375
3311,33053214,33353214,0.77130127,-0.0759887695,-0.205078125,0.597717285,0.21484375,-0.38671875,-0.41015625,-2.1328125,9.21875,-1.9296875,0.009765625,0.33203125,-0.71484375
3312,33071465,33371465,0.772033691,-0.0725097656,-0.206115723,0.596801758,0.21484375,-0.38671875,-0.41015625,-2.1328125,9.21875,-1.9296875,0.09765625,0.208984375,-0.67578125
3313,33076967,33376967,0.772888184,-0.0696411133,-0.207519531,0.595581055,0.33203125,0.06640625,-0.578125,-2.25,9.1875,-1.953125,0.09765625,0.208984375,-0.67578125
3314,33088754,33388754,0.773925781,-0.0673828125,-0.209106445,0.593994141,0.33203125,0.06640625,-0.578125,-2.25,9.1875,-1.953125,0.30859375,0.0078125,-0.611328125
3315,33093546,33393546,0.775024414,-0.0654907227,-0.210754395,0.592102051,0.55859375,0.7578125,-0.1953125,-2.359375,9.1484375,-1.9921875,0.30859375,0.0078125,-0.611328125
3316,33107058,33407058,0.776245117,-0.0637817383,-0.212524414,0.590087891,0.55859375,0.7578125,-0.1953125,-2.359375,9.1484375,-1.9921875,0.3515625,-0.05078125,-0.5390625
3317,33115475,33415475,0.777282715,-0.0621948242,-0.214172363,0.588256836,0.25390625,1.41796875,0.0234375,-2.4765625,9.1015625,-2.0546875,0.3515625,-0.05078125,-0.5390625
3318,33126944,33426944,0.778015137,-0.0606689453,-0.215576172,0.586975098,0.25390625,1.41796875,0.0234375,-2.4765625,9.1015625,-2.0546875,0.154296875,-0.013671875,-0.44921875
3319,33133864,33433864,0.778503418,-0.0591430664,-0.216796875,0.58605957,0.109375,1.45703125,0.18359375,-2.5625,9.0625,-2.1015625,0.154296875,-0.013671875,-0.44921875
3320,33149099,33449099,0.778869629,-0.0577392578,-0.217773438,0.585388184,0.109375,1.45703125,0.18359375,-2.5625,9.0625,-2.1015625,0.0703125,0.03125,-0.328125
3321,33155479,33455479,0.779174805,-0.056640625,-0.218505859,0.584777832,-0.05078125,0.98046875,0.0078125,-2.6328125,9.0390625,-2.1171875,0.0703125,0.03125,-0.328125
3322,33167252,33467252,0.779541016,-0.0556030273,-0.219238281,0.584106445,-0.05078125,0.98046875,0.0078125,-2.6328125,9.0390625,-2.1171875,0.095703125,-0.001953125,-0.23828125
3323,33174173,33474173,0.779846191,-0.0549926758,-0.219909668,0.583435059,0.08203125,0.73046875,0.1015625,-2.6875,9.0234375,-2.1328125,0.095703125,-0.001953125,-0.23828125
3324,33187358,33487358,0.780151367,-0.0546875,-0.22064209,0.582824707,0.08203125,0.73046875,0.1015625,-2.6875,9.0234375,-2.1328125,0.10546875,-0.109375,-0.12109375
3325,33195490,33495490,0.780334473,-0.0548706055,-0.221374512,0.582275391,-0.00390625,0.70703125,-0.06640625,-2.71875,9.0078125,-2.15625,0.10546875,-0.109375,-0.12109375
3326,33208747,33508747,0.780395508,-0.0552368164,-0.221984863,0.581970215,-0.00390625,0.70703125,-0.06640625,-2.71875,9.0078125,-2.15625,0.041015625,-0.142578125,0.001953125
3327,33213807,33513807,0.780212402,-0.0557250977,-0.222412109,0.581970215,0.08984375,0.71484375,-0.0234375,-2.734375,9,-2.1640625,0.041015625,-0.142578125,0.001953125
3328,33230255,33530255,0.779846191,-0.0563354492,-0.222717285,0.582275391,0.08984375,0.71484375,-0.0234375,-2.734375,9,-2.1640625,-0.095703125,-0.134765625,0.11328125
3329,33236089,33536089,0.77935791,-0.0571899414,-0.222900391,0.582763672,0.12890625,0.66796875,-0.3046875,-2.734375,9.0078125,-2.1484375,-0.095703125,-0.134765625,0.11328125
3330,33247230,33547230,0.778869629,-0.0582885742,-0.222961426,0.583251953,0.12890625,0.66796875,-0.3046875,-2.734375,9.0078125,-2.1484375,-0.05859375,-0.166015625,0.205078125
3331,33253205,33553205,0.778564453,-0.0596313477,-0.223022461,0.583557129,0.05859375,0.69140625,-0.18359375,-2.703125,9.0234375,-2.1171875,-0.05859375,-0.166015625,0.205078125
3332,33267113,33567113,0.778381348,-0.0612792969,-0.223144531,0.583557129,0.05859375,0.69140625,-0.18359375,-2.703125,9.0234375,-2.1171875,0.087890625,-0.263671875,0.275390625
3333,33275579,33575579,0.778320312,-0.0634155273,-0.223388672,0.583374023,-0.125,0.33203125,0.23046875,-2.671875,9.0390625,-2.109375,0.087890625,-0.263671875,0.275390625
3334,33288358,33588358,0.778198242,-0.0653686523,-0.223632812,0.583190918,-0.125,0.33203125,0.23046875,-2.671875,9.0390625,-2.109375,0.080078125,-0.2578125,0.279296875
3335,33293397,33593397,0.778015137,-0.0673828125,-0.223754883,0.583190918,0.140625,0.24609375,0.54296875,-2.6328125,9.046875,-2.1171875,0.080078125,-0.2578125,0.279296875
3336,33310193,33610193,0.777709961,-0.0690917969,-0.223754883,0.583374023,0.140625,0.24609375,0.54296875,-2.6328125,9.046875,-2.1171875,-0.017578125,-0.2109375,0.314453125
3337,33315324,33615324,0.777282715,-0.0708007812,-0.223510742,0.583862305,0.24609375,0.1171875,0.26953125,-2.5859375,9.0625,-2.109375,-0.017578125,-0.2109375,0.314453125
3338,33328469,33628469,0.776672363,-0.0723876953,-0.223083496,0.584594727,0.24609375,0.1171875,0.26953125,-2.5859375,9.0625,-2.109375,-0.111328125,-0.125,0.32421875
3339,33333516,33633516,0.776123047,-0.0738525391,-0.22265625,0.585266113,0.0078125,0.1328125,-0.20703125,-2.5390625,9.0859375,-2.09375,-0.111328125,-0.125,0.32421875
3340,33348146,33648146,0.775634766,-0.0756225586,-0.222351074,0.585876465,0.0078125,0.1328125,-0.20703125,-2.5390625,9.0859375,-2.09375,-0.03515625,-0.19140625,0.32421875
3341,33354663,33654663,0.775146484,-0.0773925781,-0.222229004,0.586364746,-0.19921875,-0.16015625,-0.19140625,-2.484375,9.109375,-2.0703125,-0.03515625,-0.19140625,0.32421875
3342,33367039,33667039,0.774658203,-0.0792236328,-0.222045898,0.586791992,-0.19921875,-0.16015625,-0.19140625,-2.484375,9.109375,-2.0703125,-0.021484375,-0.22265625,0.349609375
3343,33375062,33675062,0.774230957,-0.0813598633,-0.221984863,0.587097168,-0.16796875,-0.1015625,-0.0546875,-2.4375,9.125,-2.0546875,-0.021484375,-0.22265625,0.349609375
3344,33389145,33689145,0.773803711,-0.0836181641,-0.222045898,0.587280273,-0.16796875,-0.1015625,-0.0546875,-2.4375,9.125,-2.0546875,0.01171875,-0.27734375,0.376953125
3345,33394647,33694647,0.773376465,-0.0857543945,-0.221923828,0.587646484,0.2265625,0.078125,0.4375,-2.375,9.140625,-2.046875,0.01171875,-0.27734375,0.376953125
3346,33405812,33705812,0.772827148,-0.0877685547,-0.221618652,0.588134766,0.2265625,0.078125,0.4375,-2.375,9.140625,-2.046875,-0.06640625,-0.1640625,0.359375
3347,33414789,33714789,0.772338867,-0.0894775391,-0.221191406,0.588745117,0.3203125,-0.0234375,0.375,-2.3125,9.1640625,-2.0234375,-0.06640625,-0.1640625,0.359375
3348,33427947,33727947,0.77166748,-0.0913085938,-0.220703125,0.589477539,0.3203125,-0.0234375,0.375,-2.3125,9.1640625,-2.0234375,-0.119140625,-0.15234375,0.369140625
3349,33434618,33734618,0.770996094,-0.092956543,-0.220214844,0.590332031,0.06640625,-0.0078125,0.12109375,-2.25,9.1875,-2,-0.119140625,-0.15234375,0.369140625
3350,33448903,33748903,0.770324707,-0.0944213867,-0.219665527,0.591125488,0.06640625,-0.0078125,0.12109375,-2.25,9.1875,-2,-0.126953125,-0.078125,0.33203125
3351,33452634,33752634,0.769714355,-0.095703125,-0.219116211,0.591918945,-0.10546875,-0.140625,-0.09375,-2.1953125,9.203125,-1.9765625,-0.126953125,-0.078125,0.33203125
3352,33469028,33769028,0.769042969,-0.0971679688,-0.218505859,0.592834473,-0.10546875,-0.140625,-0.09375,-2.1953125,9.203125,-1.9765625,-0.12890625,-0.107421875,0.33203125
3353,33475601,33775601,0.768432617,-0.0986328125,-0.218078613,0.593444824,-0.08984375,-0.0078125,-0.203125,-2.1328125,9.2265625,-1.9453125,-0.12890625,-0.107421875,0.33203125
3354,33488440,33788440,0.767883301,-0.100402832,-0.217712402,0.593994141,-0.08984375,-0.0078125,-0.203125,-2.1328125,9.2265625,-1.9453125,-0.03515625,-0.177734375,0.333984375
3355,33493473,33793473,0.76739502,-0.102111816,-0.217468262,0.594482422,-0.0703125,-0.140625,0.08203125,-2.078125,9.2421875,-1.921875,-0.03515625,-0.177734375,0.333984375
3356,33508394,33808394,0.766784668,-0.103820801,-0.217102051,0.595092773,-0.0703125,-0.140625,0.08203125,-2.078125,9.2421875,-1.921875,-0.115234375,-0.138671875,0.341796875
3357,33514230,33814230,0.766052246,-0.105285645,-0.21661377,0.595947266,0.10546875,0.03515625,0.33203125,-2.0234375,9.2578125,-1.90625,-0.115234375,-0.138671875,0.341796875
3358,33528541,33828541,0.765258789,-0.106567383,-0.215942383,0.596984863,0.10546875,0.03515625,0.33203125,-2.0234375,9.2578125,-1.90625,-0.19921875,-0.056640625,0.322265625
3359,33532271,33832271,0.764465332,-0.107727051,-0.215393066,0.597961426,0.08984375,0.12890625,0.07421875,-1.96875,9.28125,-1.875,-0.19921875,-0.056640625,0.322265625
3360,33548672,33848672,0.76373291,-0.108825684,-0.214782715,0.598999023,0.08984375,0.12890625,0.07421875,-1.96875,9.28125,-1.875,-0.166015625,-0.060546875,0.283203125
3361,33555610,33855610,0.763061523,-0.109802246,-0.214294434,0.599853516,-0.01171875,-0.00390625,0.1484375,-1.90625,9.296875,-1.8359375,-0.166015625,-0.060546875,0.283203125
3362,33568574,33868574,0.762329102,-0.110656738,-0.213684082,0.600769043,-0.01171875,-0.00390625,0.1484375,-1.90625,9.296875,-1.8359375,-0.17578125,-0.001953125,0.240234375
3363,33574101,33874101,0.761657715,-0.11126709,-0.21307373,0.60168457,0.06640625,-0.2109375,0.078125,-1.8671875,9.3125,-1.8046875,-0.17578125,-0.001953125,0.240234375
3364,33588192,33888192,0.761047363,-0.111877441,-0.212524414,0.602661133,0.06640625,-0.2109375,0.078125,-1.8671875,9.3125,-1.8046875,-0.166015625,0.0078125,0.1875
3365,33594102,33894102,0.760498047,-0.112426758,-0.212097168,0.603393555,-0.08984375,-0.41796875,-0.23046875,-1.828125,9.328125,-1.765625,-0.166015625,0.0078125,0.1875
3366,33608580,33908580,0.760070801,-0.112854004,-0.211853027,0.603881836,-0.08984375,-0.41796875,-0.23046875,-1.828125,9.328125,-1.765625,-0.0859375,-0.025390625,0.109375
3367,33614014,33914014,0.75982666,-0.11315918,-0.211669922,0.604187012,-0.00390625,-0.578125,-0.21484375,-1.796875,9.3359375,-1.7421875,-0.0859375,-0.025390625,0.109375
3368,33629100,33929100,0.75982666,-0.11328125,-0.211486816,0.604248047,-0.00390625,-0.578125,-0.21484375,-1.796875,9.3359375,-1.7421875,0.03125,0.00390625,0.01953125
3369,33634487,33934487,0.760009766,-0.113342285,-0.211425781,0.604003906,-0.2890625,-0.703125,-0.2890625,-1.78125,9.34375,-1.7421875,0.03125,0.00390625,0.01953125
3370,33647526,33947526,0.760437012,-0.113220215,-0.211364746,0.603515625,-0.2890625,-0.703125,-0.2890625,-1.78125,9.34375,-1.7421875,0.138671875,0.04296875,-0.052734375
3371,33653908,33953908,0.760986328,-0.112915039,-0.211303711,0.602905273,-0.2421875,-0.6171875,-0.16015625,-1.7890625,9.3359375,-1.7578125,0.138671875,0.04296875,-0.052734375
3372,33668017,33968017,0.761535645,-0.112548828,-0.211242676,0.602294922,-0.2421875,-0.6171875,-0.16015625,-1.7890625,9.3359375,-1.7578125,0.16015625,0.0625,-0.103515625
3373,33674101,33974101,0.762207031,-0.112182617,-0.211242676,0.601501465,-0.11328125,-0.41796875,-0.12890625,-1.8046875,9.328125,-1.7890625,0.16015625,0.0625,-0.103515625
3374,33688967,33988967,0.763000488,-0.111816406,-0.211303711,0.600585938,-0.11328125,-0.41796875,-0.12890625,-1.8046875,9.328125,-1.7890625,0.244140625,0.046875,-0.115234375
3375,33692578,33992578,0.76385498,-0.11151123,-0.211303711,0.59954834,-0.01953125,-0.1796875,-0.05078125,-1.8203125,9.3203125,-1.828125,0.244140625,0.046875,-0.115234375
3376,33708566,34008566,0.764831543,-0.111083984,-0.211242676,0.598388672,-0.01953125,-0.1796875,-0.05078125,-1.8203125,9.3203125,-1.828125,0.25390625,0.080078125,-0.134765625
3377,33714496,34014496,0.765686035,-0.110534668,-0.211181641,0.597412109,-0.04296875,0.1796875,0.37890625,-1.8359375,9.3046875,-1.875,0.25390625,0.080078125,-0.134765625
3378,33727538,34027538,0.766601562,-0.109802246,-0.2109375,0.596496582,-0.04296875,0.1796875,0.37890625,-1.8359375,9.3046875,-1.875,0.216796875,0.1484375,-0.138671875
3379,33733863,34033863,0.767456055,-0.108947754,-0.210693359,0.59564209,-0.09765625,-0.03515625,0.38671875,-1.859375,9.2890625,-1.921875,0.216796875,0.1484375,-0.138671875
3380,33747959,34047959,0.768249512,-0.107971191,-0.210327148,0.594848633,-0.09765625,-0.03515625,0.38671875,-1.859375,9.2890625,-1.921875,0.16015625,0.189453125,-0.169921875
3381,33754746,34054746,0.768920898,-0.106994629,-0.210083008,0.594299316,-0.1875,-0.1796875,-0.03515625,-1.8828125,9.28125,-1.9609375,0.16015625,0.189453125,-0.169921875
3382,33768288,34068288,0.769470215,-0.106079102,-0.209899902,0.593811035,-0.1875,-0.1796875,-0.03515625,-1.8828125,9.28125,-1.9609375,0.087890625,0.1328125,-0.150390625
3383,33773087,34073087,0.769958496,-0.105163574,-0.209838867,0.593383789,-0.0859375,0.02734375,-0.03125,-1.90625,9.265625,-2,0.087890625,0.1328125,-0.150390625
3384,33788084,34088084,0.770324707,-0.104125977,-0.209777832,0.593078613,-0.0859375,0.02734375,-0.03125,-1.90625,9.265625,-2,0.04296875,0.1328125,-0.181640625
3385,33794096,34094096,0.770690918,-0.103027344,-0.209777832,0.592834473,0.05078125,-0.00390625,0.17578125,-1.9296875,9.2578125,-2.015625,0.04296875,0.1328125,-0.181640625
3386,33808700,34108700,0.770874023,-0.101928711,-0.209838867,0.592712402,0.05078125,-0.00390625,0.17578125,-1.9296875,9.2578125,-2.015625,-0.01171875,0.146484375,-0.185546875
3387,33812436,34112436,0.771118164,-0.100769043,-0.209777832,0.592651367,0.2734375,0.3125,0.18359375,-1.9609375,9.25,-2.0234375,-0.01171875,0.146484375,-0.185546875
3388,33828599,34128599,0.771240234,-0.0994262695,-0.209777832,0.592651367,0.2734375,0.3125,0.18359375,-1.9609375,9.25,-2.0234375,-0.046875,0.16796875,-0.197265625
3389,33834601,34134601,0.771362305,-0.0981445312,-0.209716797,0.592773438,0.296875,0.3203125,0.06640625,-1.984375,9.2421875,-2.0234375,-0.046875,0.16796875,-0.197265625
3390,33847898,34147898,0.771362305,-0.0967407227,-0.209655762,0.593017578,0.296875,0.3203125,0.06640625,-1.984375,9.2421875,-2.0234375,-0.091796875,0.18359375,-0.189453125
3391,33852940,34152940,0.771362305,-0.0953369141,-0.209533691,0.593322754,0.2890625,0.328125,-0.09375,-2.015625,9.234375,-2.015625,-0.091796875,0.18359375,-0.189453125
3392,33868463,34168463,0.771240234,-0.0938110352,-0.209228516,0.593811035,0.2890625,0.328125,-0.09375,-2.015625,9.234375,-2.015625,-0.162109375,0.236328125,-0.173828125
3393,33874924,34174924,0.771057129,-0.0923461914,-0.208862305,0.594360352,0.3125,0.40234375,-0.1484375,-2.0390625,9.234375,-2,-0.162109375,0.236328125,-0.173828125
3394,33888173,34188173,0.770935059,-0.0907592773,-0.208312988,0.595031738,0.3125,0.40234375,-0.1484375,-2.0390625,9.234375,-2,-0.15625,0.271484375,-0.140625
3395,33893541,34193541,0.770812988,-0.0893554688,-0.207763672,0.595581055,0.18359375,0.25,-0.31640625,-2.0625,9.234375,-1.984375,-0.15625,0.271484375,-0.140625
3396,33908723,34208723,0.770629883,-0.0878295898,-0.20690918,0.596313477,0.18359375,0.25,-0.31640625,-2.0625,9.234375,-1.984375,-0.189453125,0.30859375,-0.080078125
3397,33915616,34215616,0.770385742,-0.0863647461,-0.205932617,0.597229004,0.26953125,0.3203125,-0.2265625,-2.0703125,9.2421875,-1.9609375,-0.189453125,0.30859375,-0.080078125
3398,33928152,34228152,0.770080566,-0.0847167969,-0.204650879,0.598266602,0.26953125,0.3203125,-0.2265625,-2.0703125,9.2421875,-1.9609375,-0.23828125,0.423828125,-0.029296875
3399,33933202,34233202,0.769775391,-0.0831298828,-0.203063965,0.599365234,0.078125,0.3203125,-0.2109375,-2.0703125,9.2421875,-1.9375,-0.23828125,0.423828125,-0.029296875
3400,33949209,34249209,0.769470215,-0.0819702148,-0.201599121,0.600463867,0.078125,0.3203125,-0.2109375,-2.0703125,9.2421875,-1.9375,-0.212890625,0.357421875,0.0546875
3401,33954619,34254619,0.769165039,-0.0810546875,-0.200256348,0.601379395,0.015625,0.3046875,-0.28125,-2.046875,9.2578125,-1.90625,-0.212890625,0.357421875,0.0546875
3402,33967911,34267911,0.768859863,-0.0805053711,-0.198974609,0.602294922,0.015625,0.3046875,-0.28125,-2.046875,9.2578125,-1.90625,-0.185546875,0.23828125,0.130859375
3403,33972960,34272960,0.768554688,-0.0802612305,-0.197631836,0.603210449,0.13671875,0.48828125,0.15625,-2.015625,9.265625,-1.8828125,-0.185546875,0.23828125,0.130859375
3404,33987678,34287678,0.768371582,-0.0803833008,-0.196228027,0.603820801,0.13671875,0.48828125,0.15625,-2.015625,9.265625,-1.8828125,-0.037109375,0.197265625,0.240234375
3405,33998324,34298324,0.768493652,-0.0808105469,-0.194641113,0.604125977,0.28125,0.625,0.140625,-1.96875,9.28125,-1.8671875,-0.037109375,0.197265625,0.240234375
3406,34008315,34308315,0.768859863,-0.0812988281,-0.192932129,0.604187012,0.28125,0.625,0.140625,-1.96875,9.28125,-1.8671875,0.13671875,0.220703125,0.302734375
3407,34014349,34314349,0.76940918,-0.0819091797,-0.191162109,0.603942871,0.11328125,0.38671875,-0.11328125,-1.9140625,9.2890625,-1.8828125,0.13671875,0.220703125,0.302734375
3408,34030025,34330025,0.769897461,-0.0823364258,-0.18939209,0.603820801,0.11328125,0.38671875,-0.11328125,-1.9140625,9.2890625,-1.8828125,0.064453125,0.22265625,0.251953125
3409,34035609,34335609,0.769897461,-0.0826416016,-0.187866211,0.604248047,-0.296875,-0.00390625,0.2734375,-1.8515625,9.296875,-1.921875,0.064453125,0.22265625,0.251953125
3410,34048076,34348076,0.76940918,-0.0827026367,-0.186157227,0.60534668,-0.296875,-0.00390625,0.2734375,-1.8515625,9.296875,-1.921875,-0.24609375,0.240234375,0.248046875
3411,34053131,34353131,0.768798828,-0.0827636719,-0.184631348,0.606689453,0.109375,-0.05859375,-0.30859375,-1.796875,9.3125,-1.9140625,-0.24609375,0.240234375,0.248046875
3412,34068535,34368535,0.768249512,-0.082824707,-0.183227539,0.607727051,0.109375,-0.05859375,-0.30859375,-1.796875,9.3125,-1.9140625,-0.146484375,0.197265625,0.23828125
3413,34079143,34379143,0.768188477,-0.083190918,-0.181945801,0.608154297,0.17578125,-0.38671875,-0.3125,-1.75,9.3359375,-1.875,-0.146484375,0.197265625,0.23828125
3414,34087868,34387868,0.768554688,-0.083984375,-0.180786133,0.607910156,0.17578125,-0.38671875,-0.3125,-1.75,9.3359375,-1.875,0.20703125,0.044921875,0.255859375
3415,34092914,34392914,0.769165039,-0.0852050781,-0.179748535,0.607299805,-0.0703125,-0.08203125,0.69921875,-1.6953125,9.3359375,-1.890625,0.20703125,0.044921875,0.255859375
3416,34108820,34408820,0.769775391,-0.0862426758,-0.178649902,0.606689453,-0.0703125,-0.08203125,0.69921875,-1.6953125,9.3359375,-1.890625,0.19921875,0.095703125,0.255859375
3417,34115994,34415994,0.770263672,-0.0868530273,-0.177307129,0.606384277,-0.078125,0.41796875,0.625,-1.6484375,9.3359375,-1.9296875,0.19921875,0.095703125,0.255859375
3418,34127855,34427855,0.770690918,-0.0869750977,-0.175537109,0.606384277,-0.078125,0.41796875,0.625,-1.6484375,9.3359375,-1.9296875,0.017578125,0.298828125,0.201171875
3419,34132900,34432900,0.770690918,-0.0868530273,-0.173950195,0.606811523,-0.1328125,0.02734375,-0.64453125,-1.59375,9.34375,-1.9609375,0.017578125,0.298828125,0.201171875
3420,34146754,34446754,0.770446777,-0.0869140625,-0.172973633,0.60736084,-0.1328125,0.02734375,-0.64453125,-1.59375,9.34375,-1.9609375,-0.11328125,0.060546875,0.134765625
3421,34156581,34456581,0.770141602,-0.0872802734,-0.172668457,0.607849121,-0.515625,-1.015625,-0.6171875,-1.5546875,9.3515625,-1.953125,-0.11328125,0.060546875,0.134765625
3422,34168053,34468053,0.769958496,-0.0877685547,-0.172729492,0.607971191,-0.515625,-1.015625,-0.6171875,-1.5546875,9.3515625,-1.953125,-0.013671875,-0.099609375,0.0546875
3423,34172844,34472844,0.769775391,-0.0882568359,-0.173034668,0.608032227,-0.03515625,-1.12890625,0.87109375,-1.5390625,9.3515625,-1.9453125,-0.013671875,-0.099609375,0.0546875
3424,34187071,34487071,0.769592285,-0.0886230469,-0.173339844,0.608154297,-0.03515625,-1.12890625,0.87109375,-1.5390625,9.3515625,-1.9453125,-0.021484375,-0.087890625,0.0234375
3425,34197329,34497329,0.76953125,-0.0889282227,-0.173522949,0.608093262,-0.1171875,-0.5625,1.12890625,-1.53125,9.359375,-1.9375,-0.021484375,-0.087890625,0.0234375
3426,34207766,34507766,0.769775391,-0.0891113281,-0.173522949,0.607727051,-0.1171875,-0.5625,1.12890625,-1.53125,9.359375,-1.9375,0.1640625,0.001953125,0.013671875
3427,34214677,34514677,0.770568848,-0.0892333984,-0.173278809,0.606811523,-0.1953125,-0.2578125,-0.01171875,-1.53125,9.359375,-1.9453125,0.1640625,0.001953125,0.013671875
3428,34227158,34527158,0.771789551,-0.0891113281,-0.172790527,0.60546875,-0.1953125,-0.2578125,-0.01171875,-1.53125,9.359375,-1.9453125,0.375,0.125,-0.06640625
3429,34237338,34537338,0.772827148,-0.0886230469,-0.172546387,0.604248047,-0.42578125,-0.35546875,-0.60546875,-1.53125,9.34375,-2,0.375,0.125,-0.06640625
3430,34248186,34548186,0.77355957,-0.087890625,-0.172790527,0.603393555,-0.42578125,-0.35546875,-0.60546875,-1.53125,9.34375,-2,0.111328125,0.00390625,-0.21875
3431,34253925,34553925,0.773864746,-0.0871582031,-0.173706055,0.602783203,-0.40234375,-0.87109375,-0.21484375,-1.5546875,9.3203125,-2.046875,0.111328125,0.00390625,-0.21875
3432,34267557,34567557,0.773925781,-0.0864868164,-0.175048828,0.602416992,-0.40234375,-0.87109375,-0.21484375,-1.5546875,9.3203125,-2.046875,-0.001953125,-0.177734375,-0.291015625
3433,34276837,34576837,0.773925781,-0.0859985352,-0.176513672,0.602111816,-0.34765625,-0.78515625,0.55859375,-1.609375,9.3125,-2.0546875,-0.001953125,-0.177734375,-0.291015625
3434,34289107,34589107,0.773986816,-0.0854492188,-0.177856445,0.60168457,-0.34765625,-0.78515625,0.55859375,-1.609375,9.3125,-2.0546875,0.056640625,-0.107421875,-0.21875
3435,34292731,34592731,0.774291992,-0.0850830078,-0.178649902,0.601135254,0.015625,-0.125,0.4453125,-1.6640625,9.3046875,-2.0546875,0.056640625,-0.107421875,-0.21875
3436,34308060,34608060,0.775024414,-0.084777832,-0.179260254,0.600036621,0.015625,-0.125,0.4453125,-1.6640625,9.3046875,-2.0546875,0.287109375,-0.044921875,-0.138671875
3437,34314484,34614484,0.775939941,-0.0846557617,-0.1796875,0.598693848,-0.0703125,0.2734375,-0.3359375,-1.6953125,9.2890625,-2.078125,0.287109375,-0.044921875,-0.138671875
3438,34328917,34628917,0.777099609,-0.0844726562,-0.180175781,0.597106934,-0.0703125,0.2734375,-0.3359375,-1.6953125,9.2890625,-2.078125,0.369140625,-0.013671875,-0.1796875
3439,34332542,34632542,0.778076172,-0.0840454102,-0.180603027,0.59576416,-0.07421875,0.40234375,-0.4296875,-1.7265625,9.2734375,-2.140625,0.369140625,-0.013671875,-0.1796875
3440,34348244,34648244,0.778686523,-0.0835571289,-0.181213379,0.594848633,-0.07421875,0.40234375,-0.4296875,-1.7265625,9.2734375,-2.140625,0.083984375,-0.04296875,-0.173828125
3441,34353101,34653101,0.778747559,-0.0831298828,-0.181884766,0.594604492,0.1171875,0.5703125,0,-1.765625,9.2578125,-2.1875,0.083984375,-0.04296875,-0.173828125
3442,34366977,34666977,0.778564453,-0.0828857422,-0.182434082,0.594726562,0.1171875,0.5703125,0,-1.765625,9.2578125,-2.1875,-0.080078125,-0.0625,-0.076171875
3443,34374049,34674049,0.778259277,-0.0827636719,-0.182861328,0.594970703,0.41015625,0.6171875,0.421875,-1.7890625,9.25,-2.1875,-0.080078125,-0.0625,-0.076171875
3444,34388403,34688403,0.778015137,-0.0826416016,-0.182983398,0.595275879,0.41015625,0.6171875,0.421875,-1.7890625,9.25,-2.1875,-0.078125,0.00390625,-0.0078125
3445,34394485,34694485,0.777832031,-0.0825195312,-0.182922363,0.595581055,0.30859375,0.54296875,0.24609375,-1.8046875,9.25,-2.1640625,-0.078125,0.00390625,-0.0078125
3446,34408027,34708027,0.777709961,-0.0824584961,-0.182800293,0.59576416,0.30859375,0.54296875,0.24609375,-1.8046875,9.25,-2.1640625,-0.025390625,0.03515625,0.015625
3447,34413768,34713768,0.777770996,-0.0823974609,-0.182617188,0.59576416,0.03125,0.45703125,-0.06640625,-1.796875,9.2578125,-2.15625,-0.025390625,0.03515625,0.015625
3448,34427553,34727553,0.777832031,-0.0824584961,-0.182434082,0.595703125,0.03125,0.45703125,-0.06640625,-1.796875,9.2578125,-2.15625,0.04296875,0.01171875,0.01953125
3449,34438068,34738068,0.778015137,-0.0825805664,-0.182373047,0.59552002,-0.12890625,0.1875,0.0078125,-1.7890625,9.2578125,-2.15625,0.04296875,0.01171875,0.01953125
3450,34447723,34747723,0.778076172,-0.0827636719,-0.182312012,0.595336914,-0.12890625,0.1875,0.0078125,-1.7890625,9.2578125,-2.15625,0.041015625,-0.037109375,0.0234375
3451,34453454,34753454,0.778137207,-0.0830688477,-0.182434082,0.595275879,-0.05078125,-0.0390625,-0.21484375,-1.7890625,9.2578125,-2.1640625,0.041015625,-0.037109375,0.0234375
3452,34467823,34767823,0.778076172,-0.0834350586,-0.182556152,0.595214844,-0.05078125,-0.0390625,-0.21484375,-1.7890625,9.2578125,-2.1640625,-0.0078125,-0.07421875,0.0546875
3453,34473102,34773102,0.777893066,-0.0839233398,-0.182678223,0.595336914,0.1015625,-0.078125,0.015625,-1.7890625,9.2578125,-2.1640625,-0.0078125,-0.07421875,0.0546875
3454,34487173,34787173,0.777648926,-0.0844116211,-0.182800293,0.595581055,0.1015625,-0.078125,0.015625,-1.7890625,9.2578125,-2.1640625,-0.0546875,-0.083984375,0.076171875
3455,34494697,34794697,0.77734375,-0.0848388672,-0.182922363,0.59588623,0.1328125,-0.078125,0.0859375,-1.78125,9.2578125,-2.15625,-0.0546875,-0.083984375,0.076171875
3456,34506971,34806971,0.777038574,-0.0852661133,-0.182983398,0.596191406,0.1328125,-0.078125,0.0859375,-1.78125,9.2578125,-2.15625,-0.08203125,-0.05859375,0.06640625
3457,34518007,34818007,0.776672363,-0.0855712891,-0.183044434,0.596618652,0,0.02734375,0.22265625,-1.765625,9.265625,-2.140625,-0.08203125,-0.05859375,0.06640625
3458,34530515,34830515,0.776367188,-0.0858154297,-0.183166504,0.596923828,0,0.02734375,0.22265625,-1.765625,9.265625,-2.140625,-0.07421875,-0.046875,0.025390625
3459,34534991,34834991,0.776123047,-0.0858764648,-0.183349609,0.597167969,-0.15234375,-0.09375,0.20703125,-1.765625,9.2734375,-2.125,-0.07421875,-0.046875,0.025390625
3460,34546972,34846972,0.775939941,-0.0858154297,-0.18359375,0.597351074,-0.15234375,-0.09375,0.20703125,-1.765625,9.2734375,-2.125,-0.0546875,-0.021484375,-0.044921875
3461,34553096,34853096,0.775756836,-0.0855712891,-0.183837891,0.59753418,-0.19140625,-0.40234375,0.19140625,-1.765625,9.2734375,-2.109375,-0.0546875,-0.021484375,-0.044921875
3462,34567707,34867707,0.775634766,-0.0850830078,-0.184143066,0.597717285,-0.19140625,-0.40234375,0.19140625,-1.765625,9.2734375,-2.109375,-0.076171875,0.0078125,-0.11328125
3463,34573457,34873457,0.77545166,-0.0845336914,-0.184570312,0.597900391,-0.17578125,-0.59375,0.0625,-1.78125,9.2734375,-2.09375,-0.076171875,0.0078125,-0.11328125
3464,34588101,34888101,0.775390625,-0.0838623047,-0.185058594,0.597900391,-0.17578125,-0.59375,0.0625,-1.78125,9.2734375,-2.09375,-0.037109375,-0.01171875,-0.177734375
3465,34593089,34893089,0.77532959,-0.0831298828,-0.185668945,0.597839355,-0.11328125,-0.82421875,-0.13671875,-1.8046875,9.2734375,-2.0859375,-0.037109375,-0.01171875,-0.177734375
3466,34607431,34907431,0.775390625,-0.0822753906,-0.186340332,0.597717285,-0.11328125,-0.82421875,-0.13671875,-1.8046875,9.2734375,-2.0859375,-0.009765625,0.0078125,-0.22265625
3467,34613165,34913165,0.77545166,-0.0813598633,-0.186950684,0.59753418,0.04296875,-0.77734375,-0.3359375,-1.84375,9.265625,-2.078125,-0.009765625,0.0078125,-0.22265625
3468,34627531,34927531,0.775512695,-0.0803833008,-0.18762207,0.597412109,0.04296875,-0.77734375,-0.3359375,-1.84375,9.265625,-2.078125,-0.01171875,0.01171875,-0.244140625
3469,34633099,34933099,0.77557373,-0.0793457031,-0.188354492,0.597290039,0.05078125,-0.30859375,-0.375,-1.890625,9.2578125,-2.078125,-0.01171875,0.01171875,-0.244140625
3470,34646574,34946574,0.775512695,-0.0783081055,-0.189086914,0.597290039,0.05078125,-0.30859375,-0.375,-1.890625,9.2578125,-2.078125,-0.072265625,0.015625,-0.240234375
3471,34653656,34953656,0.775390625,-0.0772705078,-0.189758301,0.597290039,0.05078125,0.08984375,-0.23046875,-1.9296875,9.2421875,-2.0703125,-0.072265625,0.015625,-0.240234375
3472,34666587,34966587,0.775390625,-0.0763549805,-0.190368652,0.597229004,0.05078125,0.08984375,-0.23046875,-1.9296875,9.2421875,-2.0703125,-0.01953125,0.0078125,-0.236328125
3473,34675576,34975576,0.77545166,-0.0753173828,-0.191101074,0.597106934,-0.140625,0.40234375,-0.0078125,-1.96875,9.234375,-2.0625,-0.01953125,0.0078125,-0.236328125
3474,34687496,34987496,0.775512695,-0.0743408203,-0.191711426,0.596923828,-0.140625,0.40234375,-0.0078125,-1.96875,9.234375,-2.0625,-0.01171875,0.029296875,-0.240234375
3475,34693234,34993234,0.77557373,-0.0733032227,-0.192382812,0.596740723,-0.09375,0.52734375,0.09765625,-2.015625,9.2265625,-2.0546875,-0.01171875,0.029296875,-0.240234375
3476,34707635,35007635,0.775756836,-0.0723876953,-0.192993164,0.596435547,-0.09375,0.52734375,0.09765625,-2.015625,9.2265625,-2.0546875,0.017578125,-0.00390625,-0.24609375
3477,34713107,35013107,0.775817871,-0.0715332031,-0.193908691,0.596130371,-0.23828125,0.2265625,0.25390625,-2.0625,9.21875,-2.0546875,0.017578125,-0.00390625,-0.24609375
3478,34727805,35027805,0.775817871,-0.0709838867,-0.194885254,0.59588623,-0.23828125,0.2265625,0.25390625,-2.0625,9.21875,-2.0546875,0.00390625,-0.126953125,-0.197265625
3479,34733533,35033533,0.775695801,-0.0708007812,-0.196105957,0.59564209,-0.16015625,0.08984375,0.3671875,-2.1015625,9.203125,-2.0546875,0.00390625,-0.126953125,-0.197265625
3480,34747464,35047464,0.77545166,-0.0711669922,-0.19744873,0.595458984,-0.16015625,0.08984375,0.3671875,-2.1015625,9.203125,-2.0546875,-0.0078125,-0.33203125,-0.083984375
3481,34754499,35054499,0.775024414,-0.0720825195,-0.19909668,0.595397949,-0.12109375,0.12890625,0.62890625,-2.140625,9.203125,-2.046875,-0.0078125,-0.33203125,-0.083984375
3482,34767331,35067331,0.774353027,-0.0733642578,-0.200744629,0.595581055,-0.12109375,0.12890625,0.62890625,-2.140625,9.203125,-2.046875,-0.103515625,-0.453125,0.052734375
3483,34773069,35073069,0.7734375,-0.0749511719,-0.202331543,0.596008301,0.0859375,0.3984375,0.44921875,-2.15625,9.203125,-2.0234375,-0.103515625,-0.453125,0.052734375
3484,34787443,35087443,0.772399902,-0.0766601562,-0.203796387,0.596618652,0.0859375,0.3984375,0.44921875,-2.15625,9.203125,-2.0234375,-0.189453125,-0.44921875,0.14453125
3485,34793102,35093102,0.77130127,-0.0783081055,-0.20501709,0.597412109,0.23828125,0.84765625,0.17578125,-2.15625,9.2109375,-1.9765625,-0.189453125,-0.44921875,0.14453125
3486,34805689,35105689,0.770202637,-0.0800170898,-0.206054688,0.598266602,0.23828125,0.84765625,0.17578125,-2.15625,9.2109375,-1.9765625,-0.201171875,-0.359375,0.1953125
3487,34813670,35113670,0.769287109,-0.0815429688,-0.206787109,0.598999023,0.22265625,0.94921875,0.11328125,-2.140625,9.2265625,-1.9140625,-0.201171875,-0.359375,0.1953125
3488,34832069,35132069,0.768615723,-0.0830078125,-0.20715332,0.59954834,0.22265625,0.94921875,0.11328125,-2.140625,9.2265625,-1.9140625,-0.08984375,-0.22265625,0.208984375
3489,34833579,35133579,0.768188477,-0.0842895508,-0.207275391,0.599853516,-0.06640625,0.625,-0.38671875,-2.1171875,9.2421875,-1.875,-0.08984375,-0.22265625,0.208984375
3490,34847101,35147101,0.768066406,-0.0855102539,-0.207214355,0.599853516,-0.06640625,0.625,-0.38671875,-2.1171875,9.2421875,-1.875,0.080078125,-0.1171875,0.185546875
3491,34852827,35152827,0.768188477,-0.0867919922,-0.207214355,0.59954834,-0.09765625,0.16015625,-0.65625,-2.0859375,9.25,-1.875,0.080078125,-0.1171875,0.185546875
3492,34867202,35167202,0.768310547,-0.0884399414,-0.207458496,0.598999023,-0.09765625,0.16015625,-0.65625,-2.0859375,9.25,-1.875,0.166015625,-0.291015625,0.19921875
3493,34873105,35173105,0.768371582,-0.0902709961,-0.208007812,0.598449707,-0.359375,-0.2265625,-0.6015625,-2.0546875,9.25,-1.890625,0.166015625,-0.291015625,0.19921875
3494,34886596,35186596,0.768493652,-0.0921630859,-0.208618164,0.597839355,-0.359375,-0.2265625,-0.6015625,-2.0546875,9.25,-1.890625,0.1875,-0.32421875,0.1796875
3495,34894521,35194521,0.768676758,-0.0940551758,-0.209228516,0.597106934,-0.19140625,-0.5390625,-0.31640625,-2.03125,9.2578125,-1.90625,0.1875,-0.32421875,0.1796875
3496,34908306,35208306,0.768981934,-0.0960083008,-0.209838867,0.596191406,-0.19140625,-0.5390625,-0.31640625,-2.03125,9.2578125,-1.90625,0.275390625,-0.353515625,0.1875
3497,34914221,35214221,0.769348145,-0.0979003906,-0.210449219,0.595214844,0.09765625,-0.4609375,0.05859375,-2.015625,9.2578125,-1.9375,0.275390625,-0.353515625,0.1875
3498,34927697,35227697,0.769714355,-0.0995483398,-0.210876465,0.594299316,0.09765625,-0.4609375,0.05859375,-2.015625,9.2578125,-1.9375,0.2265625,-0.22265625,0.134765625
3499,34934630,35234630,0.770019531,-0.100769043,-0.211120605,0.593566895,0.3046875,-0.1171875,0.01953125,-1.9921875,9.2578125,-1.9765625,0.2265625,-0.22265625,0.134765625
3500,34946873,35246873,0.770141602,-0.101623535,-0.211303711,0.593200684,0.3046875,-0.1171875,0.01953125,-1.9921875,9.2578125,-1.9765625,0.087890625,-0.099609375,0.076171875
3501,34953232,35253232,0.770202637,-0.102233887,-0.211486816,0.592956543,0.296875,-0.078125,-0.03125,-1.984375,9.2578125,-2,0.087890625,-0.099609375,0.076171875
3502,34968478,35268478,0.770080566,-0.102844238,-0.211730957,0.592895508,0.296875,-0.078125,-0.03125,-1.984375,9.2578125,-2,-0.009765625,-0.140625,0.072265625
3503,34972209,35272209,0.769775391,-0.10357666,-0.212097168,0.593078613,0.01953125,-0.1171875,0.234375,-1.9765625,9.2578125,-2,-0.009765625,-0.140625,0.072265625
3504,34990660,35290660,0.769104004,-0.104309082,-0.212646484,0.59362793,0.01953125,-0.1171875,0.234375,-1.9765625,9.2578125,-2,-0.17578125,-0.173828125,0.087890625
3505,34995152,35295152,0.768249512,-0.104736328,-0.213012695,0.594482422,0.359375,-0.1640625,0.2890625,-1.96875,9.265625,-1.9765625,-0.17578125,-0.173828125,0.087890625
3506,35008941,35308941,0.767456055,-0.104858398,-0.213256836,0.595458984,0.359375,-0.1640625,0.2890625,-1.96875,9.265625,-1.9765625,-0.236328125,-0.025390625,0.037109375
3507,35012683,35312683,0.766784668,-0.104736328,-0.213317871,0.596252441,0.16015625,-0.171875,-0.02734375,-1.9609375,9.2734375,-1.9296875,-0.236328125,-0.025390625,0.037109375
3508,35026395,35326395,0.766418457,-0.104370117,-0.213439941,0.596740723,0.16015625,-0.171875,-0.02734375,-1.9609375,9.2734375,-1.9296875,-0.087890625,0.03125,-0.0625
3509,35034859,35334859,0.766418457,-0.103881836,-0.213623047,0.596862793,-0.03125,-0.5234375,-0.48046875,-1.9609375,9.28125,-1.8984375,-0.087890625,0.03125,-0.0625
3510,35048324,35348324,0.766662598,-0.103271484,-0.213867188,0.596557617,-0.03125,-0.5234375,-0.48046875,-1.9609375,9.28125,-1.8984375,0.08203125,0.03515625,-0.15234375
3511,35052054,35352054,0.767089844,-0.102783203,-0.214172363,0.595947266,-0.125,-0.59375,-0.5546875,-1.984375,9.2734375,-1.8984375,0.08203125,0.03515625,-0.15234375
3512,35072635,35372635,0.76776123,-0.102661133,-0.21472168,0.594909668,-0.125,-0.59375,-0.5546875,-1.984375,9.2734375,-1.8984375,0.244140625,-0.103515625,-0.130859375
3513,35076984,35376984,0.768371582,-0.102905273,-0.215454102,0.593811035,-0.140625,-0.1640625,-0.29296875,-2.0078125,9.265625,-1.9296875,0.244140625,-0.103515625,-0.130859375
3514,35087932,35387932,0.768920898,-0.103393555,-0.216186523,0.592712402,-0.140625,-0.1640625,-0.29296875,-2.0078125,9.265625,-1.9296875,0.197265625,-0.1796875,-0.048828125
3515,35093575,35393575,0.769226074,-0.103942871,-0.21685791,0.59197998,0.19140625,0.2421875,0.28125,-2.03125,9.2421875,-1.96875,0.197265625,-0.1796875,-0.048828125
3516,35105909,35405909,0.769470215,-0.104187012,-0.217346191,0.591491699,0.19140625,0.2421875,0.28125,-2.03125,9.2421875,-1.96875,0.064453125,-0.06640625,-0.04296875
3517,35113473,35413473,0.769592285,-0.104248047,-0.217529297,0.591247559,0.390625,0.59375,0.56640625,-2.0390625,9.234375,-1.984375,0.064453125,-0.06640625,-0.04296875
3518,35125606,35425606,0.769775391,-0.104187012,-0.217468262,0.591064453,0.390625,0.59375,0.56640625,-2.0390625,9.234375,-1.984375,0.04296875,0.017578125,0.0078125
3519,35134482,35434482,0.769836426,-0.104248047,-0.217285156,0.591003418,-0.3671875,0.2890625,0.34375,-2.046875,9.234375,-1.9921875,0.04296875,0.017578125,0.0078125
3520,35151196,35451196,0.769775391,-0.104309082,-0.217041016,0.591186523,-0.3671875,0.2890625,0.34375,-2.046875,9.234375,-1.9921875,-0.052734375,0.02734375,0.068359375
3521,35155320,35455320,0.76953125,-0.104492188,-0.216796875,0.591491699,-0.22265625,0.40234375,0.11328125,-2.0390625,9.234375,-1.9921875,-0.052734375,0.02734375,0.068359375
3522,35168645,35468645,0.769165039,-0.104736328,-0.216674805,0.59197998,-0.22265625,0.40234375,0.11328125,-2.0390625,9.234375,-1.9921875,-0.119140625,-0.01953125,0.06640625
3523,35172393,35472393,0.768920898,-0.104980469,-0.216674805,0.592285156,0.3359375,0.6171875,-0.1640625,-2.0234375,9.25,-1.984375,-0.119140625,-0.01953125,0.06640625
3524,35186358,35486358,0.768737793,-0.10534668,-0.216796875,0.592346191,0.3359375,0.6171875,-0.1640625,-2.0234375,9.25,-1.984375,0.00390625,-0.080078125,0.05859375
3525,35194853,35494853,0.768676758,-0.105712891,-0.21685791,0.592346191,-0.015625,0.08203125,0.05078125,-2.015625,9.25,-1.96875,0.00390625,-0.080078125,0.05859375
3526,35208625,35508625,0.768798828,-0.105957031,-0.216796875,0.592224121,-0.015625,0.08203125,0.05078125,-2.015625,9.25,-1.96875,0.076171875,0.005859375,0.03125
3527,35212363,35512363,0.768981934,-0.106201172,-0.21661377,0.59197998,0.015625,-0.0390625,-0.09375,-2.0078125,9.2578125,-1.9765625,0.076171875,0.005859375,0.03125
3528,35230661,35530661,0.769226074,-0.106506348,-0.216430664,0.591674805,0.015625,-0.0390625,-0.09375,-2.0078125,9.2578125,-1.9765625,0.08203125,-0.0234375,0.068359375
3529,35235096,35535096,0.769348145,-0.106994629,-0.216247559,0.591552734,-0.4140625,-0.2265625,0.03515625,-2,9.25,-1.9921875,0.08203125,-0.0234375,0.068359375
3530,35247891,35547891,0.769226074,-0.107543945,-0.216003418,0.591674805,-0.4140625,-0.2265625,0.03515625,-2,9.25,-1.9921875,-0.037109375,-0.013671875,0.134765625
3531,35252688,35552688,0.768920898,-0.107971191,-0.215637207,0.592102051,-0.046875,0.1875,0.03515625,-1.984375,9.2578125,-1.9921875,-0.037109375,-0.013671875,0.134765625
3532,35264957,35564957,0.768554688,-0.108215332,-0.215148926,0.592712402,-0.046875,0.1875,0.03515625,-1.984375,9.2578125,-1.9921875,-0.115234375,0.064453125,0.130859375
3533,35275276,35575276,0.768188477,-0.108398438,-0.214599609,0.593383789,0.2734375,0.2578125,0.01953125,-1.9609375,9.265625,-1.9765625,-0.115234375,0.064453125,0.130859375
3534,35288702,35588702,0.76776123,-0.108520508,-0.214111328,0.594055176,0.2734375,0.2578125,0.01953125,-1.9609375,9.265625,-1.9765625,-0.146484375,0.0703125,0.1015625
3535,35292414,35592414,0.767456055,-0.108520508,-0.213684082,0.594604492,0.3203125,-0.1328125,0.00390625,-1.9296875,9.2734375,-1.9609375,-0.146484375,0.0703125,0.1015625
3536,35308511,35608511,0.767272949,-0.108520508,-0.213378906,0.595031738,0.3203125,-0.1328125,0.00390625,-1.9296875,9.2734375,-1.9609375,-0.064453125,0.03515625,0.0390625
3537,35312111,35612111,0.767089844,-0.108459473,-0.213256836,0.595275879,0.2265625,-0.41015625,0.13671875,-1.9140625,9.28125,-1.9375,-0.064453125,0.03515625,0.0390625
3538,35328575,35628575,0.767028809,-0.108459473,-0.213256836,0.595336914,0.2265625,-0.41015625,0.13671875,-1.9140625,9.28125,-1.9375,0.001953125,-0.01171875,-0.01953125
3539,35332184,35632184,0.767089844,-0.108398438,-0.213378906,0.595153809,0.11328125,-0.41015625,-0.171875,-1.9140625,9.28125,-1.9375,0.001953125,-0.01171875,-0.01953125
3540,35349512,35649512,0.767333984,-0.108398438,-0.213623047,0.594848633,0.11328125,-0.41015625,-0.171875,-1.9140625,9.28125,-1.9375,0.087890625,-0.046875,-0.0390625
3541,35353129,35653129,0.767578125,-0.108520508,-0.213867188,0.594360352,-0.1875,-0.29296875,-0.125,-1.921875,9.28125,-1.9453125,0.087890625,-0.046875,-0.0390625
3542,35367774,35667774,0.768005371,-0.108581543,-0.214050293,0.59375,-0.1875,-0.29296875,-0.125,-1.921875,9.28125,-1.9453125,0.154296875,-0.033203125,-0.052734375
3543,35372565,35672565,0.768493652,-0.108581543,-0.214233398,0.593078613,-0.02734375,-0.25,0.00390625,-1.9296875,9.2734375,-1.9609375,0.154296875,-0.033203125,-0.052734375
3544,35389007,35689007,0.769042969,-0.108581543,-0.214416504,0.592285156,-0.02734375,-0.25,0.00390625,-1.9296875,9.2734375,-1.9609375,0.19921875,-0.01171875,-0.08203125
3545,35396326,35696326,0.76965332,-0.108459473,-0.214599609,0.591430664,-0.01171875,-0.2421875,0.11328125,-1.9453125,9.265625,-1.9921875,0.19921875,-0.01171875,-0.08203125
3546,35407622,35707622,0.770263672,-0.108398438,-0.21484375,0.590576172,-0.01171875,-0.2421875,0.11328125,-1.9453125,9.265625,-1.9921875,0.203125,-0.01953125,-0.08984375
3547,35412655,35712655,0.770996094,-0.108337402,-0.215087891,0.589599609,-0.140625,-0.0703125,0.07421875,-1.96875,9.25,-2.03125,0.203125,-0.01953125,-0.08984375
3548,35429628,35729628,0.77166748,-0.108398438,-0.215270996,0.588623047,-0.140625,-0.0703125,0.07421875,-1.96875,9.25,-2.03125,0.24609375,-0.02734375,-0.060546875
3549,35433967,35733967,0.772399902,-0.108581543,-0.215332031,0.587524414,-0.1328125,0.203125,0,-1.9765625,9.2421875,-2.0703125,0.24609375,-0.02734375,-0.060546875
3550,35447886,35747886,0.773254395,-0.108947754,-0.215332031,0.586364746,-0.1328125,0.203125,0,-1.9765625,9.2421875,-2.0703125,0.296875,-0.017578125,-0.015625
3551,35451610,35751610,0.774047852,-0.109130859,-0.215209961,0.585327148,-0.0078125,0.56640625,0.27734375,-1.984375,9.2265625,-2.1171875,0.296875,-0.017578125,-0.015625
3552,35469988,35769988,0.774841309,-0.109069824,-0.21496582,0.584411621,-0.0078125,0.56640625,0.27734375,-1.984375,9.2265625,-2.1171875,0.1875,0.080078125,-0.037109375
3553,35474503,35774503,0.775390625,-0.108886719,-0.214660645,0.583862305,0.03515625,0.15234375,0.21484375,-1.9921875,9.21875,-2.171875,0.1875,0.080078125,-0.037109375
3554,35487574,35787574,0.775756836,-0.108642578,-0.214233398,0.583557129,0.03515625,0.15234375,0.21484375,-1.9921875,9.21875,-2.171875,0.041015625,0.09375,0.0078125
3555,35492618,35792618,0.775817871,-0.108337402,-0.213745117,0.583679199,0.2265625,0.3515625,0.35546875,-1.9921875,9.2109375,-2.1953125,0.041015625,0.09375,0.0078125
3556,35508624,35808624,0.775634766,-0.107849121,-0.213256836,0.58416748,0.2265625,0.3515625,0.35546875,-1.9921875,9.2109375,-2.1953125,-0.150390625,0.162109375,0.00390625
3557,35516686,35816686,0.775390625,-0.107177734,-0.21270752,0.584838867,0.14453125,0.3125,0.34765625,-1.984375,9.2109375,-2.1875,-0.150390625,0.162109375,0.00390625
3558,35527942,35827942,0.775024414,-0.106262207,-0.212036133,0.585693359,0.14453125,0.3125,0.34765625,-1.984375,9.2109375,-2.1875,-0.20703125,0.2109375,-0.02734375
3559,35531674,35831674,0.774658203,-0.105285645,-0.211425781,0.586608887,0.17578125,0.15234375,0.1328125,-1.9765625,9.21875,-2.1640625,-0.20703125,0.2109375,-0.02734375
3560,35547621,35847621,0.774230957,-0.104064941,-0.210876465,0.587585449,0.17578125,0.15234375,0.1328125,-1.9765625,9.21875,-2.1640625,-0.23828125,0.236328125,-0.076171875
3561,35556038,35856038,0.773864746,-0.102844238,-0.210266113,0.588562012,0.2109375,0.21875,-0.08984375,-1.9765625,9.2265625,-2.1328125,-0.23828125,0.236328125,-0.076171875
3562,35567101,35867101,0.773376465,-0.10144043,-0.209777832,0.589538574,0.2109375,0.21875,-0.08984375,-1.9765625,9.2265625,-2.1328125,-0.2578125,0.23046875,-0.107421875
3563,35572141,35872141,0.772888184,-0.100097656,-0.209350586,0.590576172,0.14453125,0.13671875,-0.3203125,-1.984375,9.234375,-2.09375,-0.2578125,0.23046875,-0.107421875
3564,35590515,35890515,0.772338867,-0.0988769531,-0.209106445,0.59161377,0.14453125,0.13671875,-0.3203125,-1.984375,9.234375,-2.09375,-0.259765625,0.173828125,-0.103515625
3565,35594975,35894975,0.771789551,-0.09765625,-0.208862305,0.592590332,0.19140625,-0.1015625,-0.28515625,-1.9921875,9.2421875,-2.0546875,-0.259765625,0.173828125,-0.103515625
3566,35608050,35908050,0.771362305,-0.0964355469,-0.208618164,0.593444824,0.19140625,-0.1015625,-0.28515625,-1.9921875,9.2421875,-2.0546875,-0.220703125,0.181640625,-0.103515625
3567,35611787,35911787,0.770935059,-0.0953369141,-0.208374023,0.594238281,0.12890625,-0.1015625,-0.20703125,-2.0078125,9.2421875,-2.015625,-0.220703125,0.181640625,-0.103515625
3568,35629598,35929598,0.770507812,-0.0941162109,-0.208068848,0.595092773,0.12890625,-0.1015625,-0.20703125,-2.0078125,9.2421875,-2.015625,-0.21484375,0.1875,-0.119140625
3569,35634142,35934142,0.770202637,-0.0928955078,-0.207763672,0.59588623,0.10546875,-0.03125,-0.0859375,-2.0234375,9.25,-1.984375,-0.21484375,0.1875,-0.119140625
3570,35647035,35947035,0.769836426,-0.0916137695,-0.207214355,0.596679688,0.10546875,-0.03125,-0.0859375,-2.0234375,9.25,-1.984375,-0.189453125,0.224609375,-0.06640625
3571,35652081,35952081,0.76940918,-0.0905761719,-0.206604004,0.597595215,-0.23046875,-0.109375,0.11328125,-2.03125,9.25,-1.953125,-0.189453125,0.224609375,-0.06640625
3572,35670560,35970560,0.768920898,-0.0895996094,-0.205932617,0.598632812,-0.23046875,-0.109375,0.11328125,-2.03125,9.25,-1.953125,-0.275390625,0.228515625,-0.001953125
3573,35675067,35975067,0.768310547,-0.0886230469,-0.20513916,0.599853516,0.03125,0.265625,0.04296875,-2.0234375,9.2578125,-1.921875,-0.275390625,0.228515625,-0.001953125
3574,35686639,35986639,0.76763916,-0.0875854492,-0.204345703,0.601135254,0.03125,0.265625,0.04296875,-2.0234375,9.2578125,-1.921875,-0.314453125,0.228515625,0.013671875
3575,35692990,35992990,0.766845703,-0.086730957,-0.203613281,0.602478027,-0.1015625,0.2421875,-0.12890625,-2.0078125,9.28125,-1.8671875,-0.314453125,0.228515625,0.013671875
3576,35710328,36010328,0.766052246,-0.0859985352,-0.202819824,0.603881836,-0.1015625,0.2421875,-0.12890625,-2.0078125,9.28125,-1.8671875,-0.31640625,0.193359375,0.07421875
3577,35714476,36014476,0.765258789,-0.0855102539,-0.201904297,0.605163574,0.03515625,0.11328125,-0.2109375,-1.9921875,9.296875,-1.8203125,-0.31640625,0.193359375,0.07421875
3578,35727731,36027731,0.764587402,-0.0850830078,-0.200744629,0.606567383,0.03515625,0.11328125,-0.2109375,-1.9921875,9.296875,-1.8203125,-0.275390625,0.228515625,0.166015625
3579,35733309,36033309,0.764038086,-0.0848388672,-0.199401855,0.607666016,0.51171875,0.41015625,-0.2578125,-1.96875,9.3046875,-1.7734375,-0.275390625,0.228515625,0.166015625
3580,35749632,36049632,0.76373291,-0.0848999023,-0.197753906,0.608642578,0.51171875,0.41015625,-0.2578125,-1.96875,9.3046875,-1.7734375,-0.1015625,0.251953125,0.263671875
3581,35753774,36053774,0.763671875,-0.085144043,-0.196105957,0.609191895,0.45703125,0.546875,-0.3671875,-1.9140625,9.3203125,-1.7421875,-0.1015625,0.251953125,0.263671875
3582,35767063,36067063,0.763793945,-0.0855102539,-0.194274902,0.609558105,0.45703125,0.546875,-0.3671875,-1.9140625,9.3203125,-1.7421875,0.03125,0.232421875,0.287109375
3583,35772145,36072145,0.763793945,-0.0858154297,-0.192382812,0.610107422,0.27734375,0.41796875,-0.12890625,-1.8515625,9.3359375,-1.75,0.03125,0.232421875,0.287109375
3584,35789167,36089167,0.763427734,-0.0857543945,-0.190185547,0.61126709,0.27734375,0.41796875,-0.12890625,-1.8515625,9.3359375,-1.75,-0.26171875,0.376953125,0.30859375
3585,35796777,36096777,0.762878418,-0.0855712891,-0.187988281,0.612670898,0.21484375,0.44140625,-0.05859375,-1.7890625,9.3515625,-1.7421875,-0.26171875,0.376953125,0.30859375
3586,35806445,36106445,0.762329102,-0.0853881836,-0.18572998,0.614013672,0.21484375,0.44140625,-0.05859375,-1.7890625,9.3515625,-1.7421875,-0.177734375,0.326171875,0.298828125
3587,35814551,36114551,0.762207031,-0.0856323242,-0.183837891,0.614746094,0.03125,0.04296875,-0.4375,-1.71875,9.3671875,-1.7109375,-0.177734375,0.326171875,0.298828125
3588,35828544,36128544,0.762573242,-0.0864257812,-0.182312012,0.614685059,0.03125,0.04296875,-0.4375,-1.71875,9.3671875,-1.7109375,0.201171875,0.08984375,0.310546875
3589,35836454,36136454,0.763122559,-0.0876464844,-0.181091309,0.614135742,-0.3359375,-0.1953125,-0.0078125,-1.65625,9.375,-1.71875,0.201171875,0.08984375,0.310546875
3590,35847789,36147789,0.763671875,-0.0891113281,-0.179870605,0.613586426,-0.3359375,-0.1953125,-0.0078125,-1.65625,9.375,-1.71875,0.1796875,0.0078125,0.33203125
3591,35851516,36151516,0.763916016,-0.0903930664,-0.178771973,0.61340332,-0.20703125,0.0625,0.8359375,-1.59375,9.3828125,-1.7578125,0.1796875,0.0078125,0.33203125
3592,35869278,36169278,0.763916016,-0.0917358398,-0.17755127,0.613586426,-0.20703125,0.0625,0.8359375,-1.59375,9.3828125,-1.7578125,0.015625,0.0234375,0.361328125
3593,35873491,36173491,0.76385498,-0.0930175781,-0.176330566,0.613830566,-0.01171875,0.36328125,0.5078125,-1.5234375,9.390625,-1.7734375,0.015625,0.0234375,0.361328125
3594,35887808,36187808,0.763793945,-0.0942993164,-0.174865723,0.614135742,-0.01171875,0.36328125,0.5078125,-1.5234375,9.390625,-1.7734375,0.029296875,0.091796875,0.365234375
3595,35891566,36191566,0.76385498,-0.0953369141,-0.173339844,0.614318848,-0.00390625,0.1953125,0.4765625,-1.453125,9.40625,-1.78125,0.029296875,0.091796875,0.365234375
3596,35910384,36210384,0.76385498,-0.0962524414,-0.171875,0.614562988,-0.00390625,0.1953125,0.4765625,-1.453125,9.40625,-1.78125,0.009765625,0.09765625,0.294921875
3597,35915447,36215447,0.763671875,-0.0970458984,-0.170776367,0.614990234,-0.34375,-0.234375,0.29296875,-1.3828125,9.4140625,-1.7890625,0.009765625,0.09765625,0.294921875
3598,35926972,36226972,0.763244629,-0.09765625,-0.17010498,0.615600586,-0.34375,-0.234375,0.29296875,-1.3828125,9.4140625,-1.7890625,-0.173828125,0.001953125,0.1796875
3599,35935038,36235038,0.762451172,-0.0980224609,-0.169677734,0.616638184,-0.16015625,-0.55078125,0.1640625,-1.3359375,9.421875,-1.7734375,-0.173828125,0.001953125,0.1796875
3600,35947638,36247638,0.76159668,-0.0980834961,-0.169189453,0.617858887,-0.16015625,-0.55078125,0.1640625,-1.3359375,9.421875,-1.7734375,-0.296875,0.103515625,0.12109375
3601,35955714,36255714,0.760803223,-0.0979003906,-0.168334961,0.619018555,-0.03125,-0.44921875,0.1171875,-1.3125,9.4375,-1.7265625,-0.296875,0.103515625,0.12109375
3602,35966903,36266903,0.760375977,-0.0974731445,-0.167053223,0.619995117,-0.03125,-0.44921875,0.1171875,-1.3125,9.4375,-1.7265625,-0.126953125,0.294921875,0.1484375
3603,35974946,36274946,0.760437012,-0.0969848633,-0.165283203,0.620483398,-0.0234375,-0.2265625,-0.7265625,-1.28125,9.4453125,-1.6875,-0.126953125,0.294921875,0.1484375
3604,35989723,36289723,0.761047363,-0.0966796875,-0.163513184,0.620239258,-0.0234375,-0.2265625,-0.7265625,-1.28125,9.4453125,-1.6875,0.212890625,0.294921875,0.146484375
3605,35993739,36293739,0.761901855,-0.0967407227,-0.162231445,0.619506836,-0.484375,-0.6953125,-1.125,-1.2421875,9.453125,-1.7109375,0.212890625,0.294921875,0.146484375
3606,36007386,36307386,0.763000488,-0.0971069336,-0.161315918,0.618408203,-0.484375,-0.6953125,-1.125,-1.2421875,9.453125,-1.7109375,0.349609375,0.041015625,0.08984375
3607,36015038,36315038,0.764160156,-0.09765625,-0.160888672,0.617004395,-0.36328125,-0.99609375,-0.52734375,-1.2109375,9.4453125,-1.7734375,0.349609375,0.041015625,0.08984375
3608,36030343,36330343,0.765258789,-0.0980834961,-0.160705566,0.615539551,-0.36328125,-0.99609375,-0.52734375,-1.2109375,9.4453125,-1.7734375,0.37890625,-0.01171875,0.0078125
3609,36035275,36335275,0.766357422,-0.0983886719,-0.160461426,0.614196777,-0.0625,-0.55859375,0.26953125,-1.203125,9.4296875,-1.84375,0.37890625,-0.01171875,0.0078125
3610,36047471,36347471,0.767333984,-0.0985717773,-0.16015625,0.613098145,-0.0625,-0.55859375,0.26953125,-1.203125,9.4296875,-1.84375,0.275390625,0.04296875,0.017578125
3611,36053580,36353580,0.768127441,-0.0986938477,-0.159790039,0.612182617,-0.109375,-0.1953125,0.40234375,-1.1953125,9.4140625,-1.8984375,0.275390625,0.04296875,0.017578125
3612,36068119,36368119,0.768859863,-0.0987548828,-0.159240723,0.611328125,-0.109375,-0.1953125,0.40234375,-1.1953125,9.4140625,-1.8984375,0.220703125,0.08984375,0.0234375
3613,36073612,36373612,0.769592285,-0.0986328125,-0.158691406,0.610595703,-0.109375,0.0390625,0.37109375,-1.1953125,9.40625,-1.9453125,0.220703125,0.08984375,0.0234375
3614,36088031,36388031,0.770324707,-0.0983886719,-0.15814209,0.609863281,-0.109375,0.0390625,0.37109375,-1.1953125,9.40625,-1.9453125,0.185546875,0.12109375,-0.021484375
3615,36091630,36391630,0.770935059,-0.0980834961,-0.157714844,0.60925293,-0.34765625,-0.10546875,0.19140625,-1.1875,9.3984375,-1.9921875,0.185546875,0.12109375,-0.021484375
3616,36109497,36409497,0.771362305,-0.0977172852,-0.157348633,0.608825684,-0.34765625,-0.10546875,0.19140625,-1.1875,9.3984375,-1.9921875,0.099609375,0.1015625,-0.044921875
3617,36114466,36414466,0.77166748,-0.0972900391,-0.157104492,0.608581543,-0.421875,0.01953125,0.18359375,-1.1875,9.390625,-2.0234375,0.099609375,0.1015625,-0.044921875
3618,36128336,36428336,0.771850586,-0.0969848633,-0.156860352,0.608520508,-0.421875,0.01953125,0.18359375,-1.1875,9.390625,-2.0234375,0,0.072265625,-0.017578125
3619,36132066,36432066,0.771911621,-0.0967407227,-0.156616211,0.608520508,-0.15625,0.2109375,0.265625,-1.1875,9.390625,-2.03125,0,0.072265625,-0.017578125
3620,36149625,36449625,0.772094727,-0.0965576172,-0.15625,0.608398438,-0.15625,0.2109375,0.265625,-1.1875,9.390625,-2.03125,0.06640625,0.09375,0.00390625
3621,36154514,36454514,0.772460938,-0.0963745117,-0.155822754,0.608093262,-0.078125,0.171875,0.16015625,-1.1875,9.390625,-2.0390625,0.06640625,0.09375,0.00390625
3622,36166430,36466430,0.772949219,-0.0963134766,-0.155517578,0.607543945,-0.078125,0.171875,0.16015625,-1.1875,9.390625,-2.0390625,0.177734375,0.037109375,0.009765625
3623,36175272,36475272,0.77355957,-0.0963745117,-0.155212402,0.606811523,-0.0390625,0.33203125,-0.125,-1.1875,9.3828125,-2.0625,0.177734375,0.037109375,0.009765625
3624,36192209,36492209,0.774291992,-0.0964355469,-0.154785156,0.605957031,-0.0390625,0.33203125,-0.125,-1.1875,9.3828125,-2.0625,0.240234375,0.076171875,0.01171875
3625,36196536,36496536,0.775024414,-0.0964355469,-0.154418945,0.605163574,0,-0.07421875,-0.23828125,-1.1875,9.3671875,-2.1015625,0.240234375,0.076171875,0.01171875
3626,36208214,36508214,0.77545166,-0.0964355469,-0.154174805,0.604675293,0,-0.07421875,-0.23828125,-1.1875,9.3671875,-2.1015625,0.083984375,0.009765625,0.001953125
3627,36211949,36511949,0.77557373,-0.0965576172,-0.15423584,0.604492188,-0.0859375,-0.296875,-0.08203125,-1.1796875,9.359375,-2.140625,0.083984375,0.009765625,0.001953125
3628,36230233,36530233,0.775512695,-0.0967407227,-0.15447998,0.604431152,-0.0859375,-0.296875,-0.08203125,-1.1796875,9.359375,-2.140625,-0.01171875,-0.083984375,0.0078125
3629,36234029,36534029,0.775390625,-0.0970458984,-0.154846191,0.604431152,-0.19140625,-0.41015625,0.4140625,-1.1875,9.359375,-2.140625,-0.01171875,-0.083984375,0.0078125
3630,36247814,36547814,0.775268555,-0.0974121094,-0.155456543,0.604431152,-0.19140625,-0.41015625,0.4140625,-1.1875,9.359375,-2.140625,-0.009765625,-0.146484375,-0.033203125
3631,36251537,36551537,0.775146484,-0.09765625,-0.156188965,0.604370117,-0.18359375,-0.41015625,0.4453125,-1.1953125,9.359375,-2.1328125,-0.009765625,-0.146484375,-0.033203125
3632,36270220,36570220,0.774963379,-0.0977783203,-0.157043457,0.604309082,-0.18359375,-0.41015625,0.4453125,-1.1953125,9.359375,-2.1328125,-0.046875,-0.15234375,-0.095703125
3633,36273963,36573963,0.774658203,-0.0977783203,-0.15802002,0.604431152,-0.20703125,-0.44921875,0.5234375,-1.2109375,9.359375,-2.1328125,-0.046875,-0.15234375,-0.095703125
3634,36287312,36587312,0.774230957,-0.0977172852,-0.159057617,0.604736328,-0.20703125,-0.44921875,0.5234375,-1.2109375,9.359375,-2.1328125,-0.150390625,-0.16015625,-0.123046875
3635,36291760,36591760,0.773681641,-0.0975952148,-0.160095215,0.605163574,-0.14453125,-0.21875,0.421875,-1.234375,9.359375,-2.109375,-0.150390625,-0.16015625,-0.123046875
3636,36310197,36610197,0.772949219,-0.0974121094,-0.161315918,0.605834961,-0.14453125,-0.21875,0.421875,-1.234375,9.359375,-2.109375,-0.2265625,-0.1796875,-0.1328125
3637,36313942,36613942,0.772155762,-0.0972900391,-0.162475586,0.606506348,-0.10546875,-0.1875,0.23046875,-1.2734375,9.3671875,-2.0703125,-0.2265625,-0.1796875,-0.1328125
3638,36327207,36627207,0.771484375,-0.0971069336,-0.163574219,0.607177734,-0.10546875,-0.1875,0.23046875,-1.2734375,9.3671875,-2.0703125,-0.1875,-0.150390625,-0.1328125
3639,36333837,36633837,0.770935059,-0.096862793,-0.164672852,0.60760498,-0.07421875,-0.15625,-0.015625,-1.3046875,9.375,-2.015625,-0.1875,-0.150390625,-0.1328125
3640,36349628,36649628,0.770568848,-0.0966796875,-0.165771484,0.607788086,-0.07421875,-0.15625,-0.015625,-1.3046875,9.375,-2.015625,-0.072265625,-0.150390625,-0.158203125
3641,36354699,36654699,0.770385742,-0.0964355469,-0.166809082,0.607788086,-0.12109375,-0.2734375,-0.00390625,-1.3359375,9.375,-1.9921875,-0.072265625,-0.150390625,-0.158203125
3642,36367484,36667484,0.770263672,-0.0960693359,-0.16796875,0.60760498,-0.12109375,-0.2734375,-0.00390625,-1.3359375,9.375,-1.9921875,-0.009765625,-0.12890625,-0.205078125
3643,36374175,36674175,0.770324707,-0.0956420898,-0.169067383,0.60736084,-0.08203125,-0.1953125,-0.01953125,-1.375,9.375,-1.9765625,-0.009765625,-0.12890625,-0.205078125
3644,36389675,36689675,0.770385742,-0.0950927734,-0.170288086,0.606994629,-0.08203125,-0.1953125,-0.01953125,-1.375,9.375,-1.9765625,0.03515625,-0.12109375,-0.251953125
3645,36393423,36693423,0.770507812,-0.094543457,-0.171508789,0.606567383,-0.03515625,-0.1875,-0.1328125,-1.421875,9.3671875,-1.9765625,0.03515625,-0.12109375,-0.251953125
3646,36406946,36706946,0.770690918,-0.0938720703,-0.172790527,0.606140137,-0.03515625,-0.1875,-0.1328125,-1.421875,9.3671875,-1.9765625,0.046875,-0.109375,-0.267578125
3647,36413521,36713521,0.770874023,-0.0931396484,-0.173950195,0.605651855,0.06640625,-0.125,-0.1328125,-1.484375,9.34375,-1.9765625,0.046875,-0.109375,-0.267578125
3648,36429650,36729650,0.771057129,-0.0924072266,-0.175109863,0.605224609,0.06640625,-0.125,-0.1328125,-1.484375,9.34375,-1.9765625,0.0546875,-0.080078125,-0.265625
3649,36434722,36734722,0.77130127,-0.0917358398,-0.176086426,0.604736328,0.00390625,-0.1171875,-0.046875,-1.5390625,9.3359375,-1.984375,0.0546875,-0.080078125,-0.265625
3650,36446760,36746760,0.771606445,-0.0909423828,-0.177062988,0.604187012,0.00390625,-0.1171875,-0.046875,-1.5390625,9.3359375,-1.984375,0.060546875,-0.048828125,-0.25
3651,36453365,36753365,0.771789551,-0.0901489258,-0.177978516,0.603759766,-0.0234375,-0.03515625,-0.109375,-1.5859375,9.328125,-2,0.060546875,-0.048828125,-0.25
3652,36471945,36771945,0.772033691,-0.0892944336,-0.178771973,0.603393555,-0.0234375,-0.03515625,-0.109375,-1.5859375,9.328125,-2,0.017578125,-0.01171875,-0.236328125
3653,36476308,36776308,0.772094727,-0.0884399414,-0.179443359,0.603149414,0.09765625,0.25,-0.1484375,-1.6328125,9.3125,-2,0.017578125,-0.01171875,-0.236328125
3654,36488402,36788402,0.772155762,-0.0874633789,-0.180053711,0.603088379,0.09765625,0.25,-0.1484375,-1.6328125,9.3125,-2,-0.037109375,0.033203125,-0.21484375
3655,36492149,36792149,0.772155762,-0.0865478516,-0.180541992,0.603088379,0.09765625,0.37109375,-0.0703125,-1.671875,9.3046875,-2,-0.037109375,0.033203125,-0.21484375
3656,36508126,36808126,0.772033691,-0.0857543945,-0.180969238,0.603210449,0.09765625,0.37109375,-0.0703125,-1.671875,9.3046875,-2,-0.06640625,0.017578125,-0.1484375
3657,36517889,36817889,0.771850586,-0.0852050781,-0.181335449,0.603393555,0.015625,0.5234375,-0.078125,-1.703125,9.3046875,-1.9921875,-0.06640625,0.017578125,-0.1484375
3658,36527292,36827292,0.77154541,-0.0847167969,-0.181640625,0.603759766,0.015625,0.5234375,-0.078125,-1.703125,9.3046875,-1.9921875,-0.12890625,-0.001953125,-0.078125
3659,36533671,36833671,0.771179199,-0.0843505859,-0.181945801,0.604248047,0.1171875,0.640625,-0.01953125,-1.7265625,9.3046875,-1.9765625,-0.12890625,-0.001953125,-0.078125
3660,36549230,36849230,0.770690918,-0.0838623047,-0.182128906,0.604858398,0.1171875,0.640625,-0.01953125,-1.7265625,9.3046875,-1.9765625,-0.17578125,0.0234375,-0.056640625
3661,36553598,36853598,0.770263672,-0.0833740234,-0.182189941,0.60546875,0.390625,0.5234375,-0.01171875,-1.734375,9.3046875,-1.9453125,-0.17578125,0.0234375,-0.056640625
3662,36566756,36866756,0.769958496,-0.082824707,-0.182189941,0.605957031,0.390625,0.5234375,-0.01171875,-1.734375,9.3046875,-1.9453125,-0.103515625,0.0859375,-0.0625
3663,36573675,36873675,0.769775391,-0.0821533203,-0.182067871,0.606262207,0.25390625,0.25,-0.07421875,-1.75,9.3125,-1.921875,-0.103515625,0.0859375,-0.0625
3664,36590212,36890212,0.769714355,-0.0816040039,-0.182006836,0.606384277,0.25390625,0.25,-0.07421875,-1.75,9.3125,-1.921875,-0.037109375,0.068359375,-0.068359375
3665,36594333,36894333,0.769714355,-0.0811767578,-0.182006836,0.606445312,0.0703125,0.01953125,-0.234375,-1.7578125,9.3125,-1.9140625,-0.037109375,0.068359375,-0.068359375
3666,36606844,36906844,0.769775391,-0.0808105469,-0.182128906,0.606445312,0.0703125,0.01953125,-0.234375,-1.7578125,9.3125,-1.9140625,-0.005859375,0.001953125,-0.068359375
3667,36613309,36913309,0.769775391,-0.0806274414,-0.182434082,0.606323242,-0.07421875,-0.1328125,-0.203125,-1.765625,9.3125,-1.90625,-0.005859375,0.001953125,-0.068359375
3668,36629655,36929655,0.769836426,-0.0804443359,-0.182800293,0.606201172,-0.07421875,-0.1328125,-0.203125,-1.765625,9.3125,-1.90625,0.021484375,-0.060546875,-0.072265625
3669,36633778,36933778,0.769897461,-0.0804443359,-0.183227539,0.606018066,-0.17578125,-0.1640625,-0.1171875,-1.78125,9.3046875,-1.9140625,0.021484375,-0.060546875,-0.072265625
3670,36644824,36944824,0.770019531,-0.0805053711,-0.183776855,0.605651855,-0.17578125,-0.1640625,-0.1171875,-1.78125,9.3046875,-1.9140625,0.0859375,-0.09765625,-0.060546875
3671,36653521,36953521,0.770263672,-0.0807495117,-0.184326172,0.605163574,-0.2734375,-0.1640625,-0.15625,-1.796875,9.3046875,-1.9140625,0.0859375,-0.09765625,-0.060546875
3672,36671514,36971514,0.770507812,-0.0811157227,-0.184936523,0.604553223,-0.2734375,-0.1640625,-0.15625,-1.796875,9.3046875,-1.9140625,0.138671875,-0.14453125,-0.0390625
3673,36673005,36973005,0.770812988,-0.0816040039,-0.18560791,0.603942871,-0.1796875,0.07421875,0.13671875,-1.8125,9.296875,-1.9375,0.138671875,-0.14453125,-0.0390625
3674,36688105,36988105,0.771057129,-0.0823364258,-0.186279297,0.60333252,-0.1796875,0.07421875,0.13671875,-1.8125,9.296875,-1.9375,0.1171875,-0.205078125,0.01171875
3675,36691850,36991850,0.771118164,-0.0830078125,-0.186950684,0.602905273,0.09375,0.234375,0.2265625,-1.8203125,9.2890625,-1.953125,0.1171875,-0.205078125,0.01171875
3676,36708237,37008237,0.771118164,-0.0837402344,-0.187561035,0.602661133,0.09375,0.234375,0.2265625,-1.8203125,9.2890625,-1.953125,0.03515625,-0.1640625,0.021484375
3677,36711973,37011973,0.771057129,-0.0842285156,-0.188049316,0.602539062,0.41015625,0.42578125,0.234375,-1.828125,9.2890625,-1.9609375,0.03515625,-0.1640625,0.021484375
3678,36726430,37026430,0.770874023,-0.0846557617,-0.188476562,0.602539062,0.41015625,0.42578125,0.234375,-1.828125,9.2890625,-1.9609375,-0.021484375,-0.1171875,0.0234375
3679,36732803,37032803,0.770629883,-0.085144043,-0.188842773,0.602661133,0.1796875,0.12109375,0.1875,-1.828125,9.2890625,-1.953125,-0.021484375,-0.1171875,0.0234375
3680,36751192,37051192,0.770324707,-0.0855102539,-0.189025879,0.602905273,0.1796875,0.12109375,0.1875,-1.828125,9.2890625,-1.953125,-0.09765625,-0.076171875,0.052734375
3681,36755346,37055346,0.769958496,-0.0858154297,-0.189147949,0.60333252,0.21875,-0.04296875,0.10546875,-1.828125,9.296875,-1.9453125,-0.09765625,-0.076171875,0.052734375
3682,36765230,37065230,0.769714355,-0.0860595703,-0.18927002,0.603637695,0.21875,-0.04296875,0.10546875,-1.828125,9.296875,-1.9453125,-0.0546875,-0.064453125,0.037109375
3683,36772932,37072932,0.76953125,-0.0864868164,-0.189575195,0.603637695,-0.3359375,-0.5,-0.37109375,-1.8125,9.296875,-1.9296875,-0.0546875,-0.064453125,0.037109375
3684,36789669,37089669,0.76953125,-0.0872802734,-0.190185547,0.60333252,-0.3359375,-0.5,-0.37109375,-1.8125,9.296875,-1.9296875,0.083984375,-0.234375,0.044921875
3685,36793812,37093812,0.76953125,-0.0882568359,-0.190917969,0.603027344,-0.2109375,-0.42578125,-0.33984375,-1.8203125,9.296875,-1.921875,0.083984375,-0.234375,0.044921875
3686,36805888,37105888,0.76940918,-0.089050293,-0.191711426,0.602783203,-0.2109375,-0.42578125,-0.33984375,-1.8203125,9.296875,-1.921875,0.025390625,-0.208984375,0.009765625
3687,36811861,37111861,0.769348145,-0.0897216797,-0.192382812,0.602539062,0.24609375,-0.00390625,-0.140625,-1.8203125,9.296875,-1.9296875,0.025390625,-0.208984375,0.009765625
3688,36829967,37129967,0.769470215,-0.0903320312,-0.192932129,0.602111816,0.24609375,-0.00390625,-0.140625,-1.8203125,9.296875,-1.9296875,0.115234375,-0.177734375,0.013671875
3689,36834118,37134118,0.769775391,-0.0910644531,-0.193603516,0.60144043,-0.25,0.03515625,-0.1015625,-1.8203125,9.296875,-1.9296875,0.115234375,-0.177734375,0.013671875
3690,36846038,37146038,0.770202637,-0.0919189453,-0.194213867,0.600524902,-0.25,0.03515625,-0.1015625,-1.8203125,9.296875,-1.9296875,0.248046875,-0.208984375,0.01171875
3691,36852024,37152024,0.770751953,-0.0927734375,-0.194885254,0.599487305,-0.12890625,-0.109375,0.38671875,-1.828125,9.2890625,-1.9609375,0.248046875,-0.208984375,0.01171875
3692,36869491,37169491,0.77130127,-0.0935668945,-0.19543457,0.598510742,-0.12890625,-0.109375,0.38671875,-1.828125,9.2890625,-1.9609375,0.240234375,-0.16796875,0.005859375
3693,36873994,37173994,0.771728516,-0.0942993164,-0.195983887,0.59765625,-0.3125,-0.140625,0.3125,-1.8359375,9.28125,-2,0.240234375,-0.16796875,0.005859375
3694,36885403,37185403,0.771789551,-0.0949707031,-0.196594238,0.597229004,-0.3125,-0.140625,0.3125,-1.8359375,9.28125,-2,-0.01953125,-0.154296875,0.015625
3695,36891378,37191378,0.771484375,-0.0953979492,-0.197021484,0.597412109,0.41796875,0.328125,0.09765625,-1.8359375,9.2734375,-2.015625,-0.01953125,-0.154296875,0.015625
3696,36909622,37209622,0.771240234,-0.0958862305,-0.197265625,0.597595215,0.41796875,0.328125,0.09765625,-1.8359375,9.2734375,-2.015625,-0.03515625,-0.12890625,0.0625
3697,36913741,37213741,0.770935059,-0.096496582,-0.197570801,0.59777832,-0.234375,0.2109375,-0.140625,-1.8359375,9.2734375,-2.0078125,-0.03515625,-0.12890625,0.0625
3698,36925853,37225853,0.770629883,-0.0971679688,-0.197814941,0.597961426,-0.234375,0.2109375,-0.140625,-1.8359375,9.2734375,-2.0078125,-0.03125,-0.103515625,0.0859375
3699,36931840,37231840,0.770446777,-0.0977172852,-0.197875977,0.598083496,0.25390625,0.28125,0.3828125,-1.828125,9.28125,-1.9921875,-0.03125,-0.103515625,0.0859375
3700,36949654,37249654,0.770446777,-0.0982055664,-0.197875977,0.597961426,0.25390625,0.28125,0.3828125,-1.828125,9.28125,-1.9921875,0.060546875,-0.076171875,0.068359375
3701,36954158,37254158,0.770568848,-0.0987548828,-0.197937012,0.59777832,-0.06640625,-0.1875,0.07421875,-1.8125,9.2890625,-1.9921875,0.060546875,-0.076171875,0.068359375
3702,36966836,37266836,0.770629883,-0.0993652344,-0.198059082,0.59753418,-0.06640625,-0.1875,0.07421875,-1.8125,9.2890625,-1.9921875,0.06640625,-0.09765625,0.0625
3703,36971878,37271878,0.770629883,-0.0999755859,-0.198303223,0.597290039,0.1953125,0.08984375,0.12109375,-1.8046875,9.28125,-2,0.06640625,-0.09765625,0.0625
3704,36990198,37290198,0.770568848,-0.100524902,-0.198547363,0.597290039,0.1953125,0.08984375,0.12109375,-1.8046875,9.28125,-2,-0.0234375,-0.115234375,0.056640625
3705,36994331,37294331,0.770324707,-0.101135254,-0.198791504,0.597412109,0.1953125,0.1640625,0.2421875,-1.8046875,9.28125,-2.0078125,-0.0234375,-0.115234375,0.056640625
3706,37004861,37304861,0.769958496,-0.101806641,-0.199157715,0.597595215,0.1953125,0.1640625,0.2421875,-1.8046875,9.28125,-2.0078125,-0.0703125,-0.158203125,0.087890625
3707,37012523,37312523,0.76953125,-0.102539062,-0.199523926,0.597900391,0.25390625,0.2734375,0.265625,-1.7890625,9.2890625,-1.9921875,-0.0703125,-0.158203125,0.087890625
3708,37028228,37328228,0.769104004,-0.103088379,-0.199768066,0.598266602,0.25390625,0.2734375,0.265625,-1.7890625,9.2890625,-1.9921875,-0.087890625,-0.09765625,0.0625
3709,37031969,37331969,0.768737793,-0.103393555,-0.199890137,0.598632812,0.09375,0.1484375,0.359375,-1.78125,9.296875,-1.96875,-0.087890625,-0.09765625,0.0625
3710,37047351,37347351,0.768310547,-0.103515625,-0.199951172,0.599121094,0.09375,0.1484375,0.359375,-1.78125,9.296875,-1.96875,-0.109375,-0.029296875,0.048828125
3711,37051083,37351083,0.768005371,-0.103759766,-0.200073242,0.599487305,-0.18359375,-0.125,-0.125,-1.7734375,9.3046875,-1.9453125,-0.109375,-0.029296875,0.048828125
3712,37069825,37369825,0.76763916,-0.104125977,-0.200378418,0.59979248,-0.18359375,-0.125,-0.125,-1.7734375,9.3046875,-1.9453125,-0.05859375,-0.103515625,0.029296875
3713,37075420,37375420,0.76739502,-0.104431152,-0.200683594,0.599914551,-0.06640625,-0.2890625,-0.1015625,-1.7734375,9.3125,-1.9296875,-0.05859375,-0.103515625,0.029296875
3714,37087481,37387481,0.767211914,-0.104736328,-0.20098877,0.599975586,-0.06640625,-0.2890625,-0.1015625,-1.7734375,9.3125,-1.9296875,-0.01953125,-0.076171875,0.013671875
3715,37091214,37391214,0.767089844,-0.104980469,-0.20123291,0.600097656,-0.14453125,-0.2890625,0.07421875,-1.7734375,9.3125,-1.9140625,-0.01953125,-0.076171875,0.013671875
3716,37108220,37408220,0.766906738,-0.105285645,-0.201477051,0.600158691,-0.14453125,-0.2890625,0.07421875,-1.7734375,9.3125,-1.9140625,-0.03125,-0.0703125,0.02734375
3717,37111965,37411965,0.766723633,-0.105529785,-0.201660156,0.600280762,-0.18359375,-0.171875,0.10546875,-1.7734375,9.3125,-1.90625,-0.03125,-0.0703125,0.02734375
3718,37124823,37424823,0.766540527,-0.105834961,-0.201904297,0.600341797,-0.18359375,-0.171875,0.10546875,-1.7734375,9.3125,-1.90625,-0.021484375,-0.08203125,0.017578125
3719,37132449,37432449,0.766357422,-0.106079102,-0.202209473,0.600463867,-0.19140625,-0.09375,0.10546875,-1.765625,9.3125,-1.90625,-0.021484375,-0.08203125,0.017578125
3720,37150859,37450859,0.766113281,-0.106079102,-0.202514648,0.600708008,-0.19140625,-0.09375,0.10546875,-1.765625,9.3125,-1.90625,-0.09375,-0.041015625,-0.02734375
3721,37155002,37455002,0.765808105,-0.105895996,-0.202819824,0.600952148,0.0859375,0.09765625,-0.1484375,-1.7734375,9.3125,-1.8828125,-0.09375,-0.041015625,-0.02734375
3722,37167252,37467252,0.765686035,-0.10559082,-0.203186035,0.601074219,0.0859375,0.09765625,-0.1484375,-1.7734375,9.3125,-1.8828125,-0.0234375,-0.009765625,-0.103515625
3723,37172708,37472708,0.765808105,-0.105163574,-0.203491211,0.600891113,0.171875,-0.1796875,-0.50390625,-1.78125,9.3203125,-1.875,-0.0234375,-0.009765625,-0.103515625
3724,37186931,37486931,0.766235352,-0.104553223,-0.203674316,0.600341797,0.171875,-0.1796875,-0.50390625,-1.78125,9.3203125,-1.875,0.15234375,0.072265625,-0.146484375
3725,37191741,37491741,0.766967773,-0.103942871,-0.203613281,0.59954834,0.15625,-0.47265625,-0.37890625,-1.8046875,9.3046875,-1.8828125,0.15234375,0.072265625,-0.146484375
3726,37205641,37505641,0.768005371,-0.103271484,-0.203430176,0.598388672,0.15625,-0.47265625,-0.37890625,-1.8046875,9.3046875,-1.8828125,0.302734375,0.1328125,-0.134765625
3727,37211605,37511605,0.769226074,-0.102783203,-0.203186035,0.597045898,-0.1640625,-0.38671875,-0.4765625,-1.828125,9.296875,-1.9375,0.302734375,0.1328125,-0.134765625
3728,37227986,37527986,0.770446777,-0.102539062,-0.20300293,0.595581055,-0.1640625,-0.38671875,-0.4765625,-1.828125,9.296875,-1.9375,0.375,0.056640625,-0.095703125
3729,37231611,37531611,0.77154541,-0.102355957,-0.202941895,0.594177246,-0.10546875,0.09765625,-0.1484375,-1.8515625,9.2734375,-2,0.375,0.056640625,-0.095703125
3730,37247088,37547088,0.772644043,-0.102233887,-0.202819824,0.592834473,-0.10546875,0.09765625,-0.1484375,-1.8515625,9.2734375,-2,0.28125,0.05078125,-0.083984375
3731,37251886,37551886,0.773376465,-0.101989746,-0.202697754,0.591918945,0.1015625,0.53515625,0.57421875,-1.8671875,9.2578125,-2.0703125,0.28125,0.05078125,-0.083984375
3732,37267260,37567260,0.773986816,-0.101623535,-0.202453613,0.591308594,0.1015625,0.53515625,0.57421875,-1.8671875,9.2578125,-2.0703125,0.10546875,0.1015625,-0.0625
3733,37270862,37570862,0.774291992,-0.101135254,-0.202209473,0.591064453,0.1484375,0.6953125,0.69140625,-1.875,9.25,-2.109375,0.10546875,0.1015625,-0.0625
3734,37286546,37586546,0.774414062,-0.100402832,-0.201782227,0.591186523,0.1484375,0.6953125,0.69140625,-1.875,9.25,-2.109375,-0.0703125,0.162109375,-0.06640625
3735,37292059,37592059,0.774291992,-0.0994873047,-0.201416016,0.59161377,0.08203125,0.51171875,0.4296875,-1.8828125,9.2421875,-2.1171875,-0.0703125,0.162109375,-0.06640625
3736,37309942,37609942,0.774047852,-0.098449707,-0.201049805,0.592224121,0.08203125,0.51171875,0.4296875,-1.8828125,9.2421875,-2.1171875,-0.18359375,0.1796875,-0.099609375
3737,37313975,37613975,0.773681641,-0.0973510742,-0.200805664,0.592956543,-0.06640625,0.12109375,0.18359375,-1.890625,9.25,-2.1015625,-0.18359375,0.1796875,-0.099609375
3738,37326613,37626613,0.773254395,-0.0963134766,-0.200744629,0.59375,-0.06640625,0.12109375,0.18359375,-1.890625,9.25,-2.1015625,-0.21484375,0.11328125,-0.11328125
3739,37332591,37632591,0.772827148,-0.0953979492,-0.200805664,0.594421387,-0.05859375,-0.1953125,-0.0859375,-1.8984375,9.2578125,-2.0625,-0.21484375,0.11328125,-0.11328125
3740,37347542,37647542,0.772399902,-0.0946044922,-0.20111084,0.594970703,-0.05859375,-0.1953125,-0.0859375,-1.8984375,9.2578125,-2.0625,-0.1484375,0.0234375,-0.12890625
3741,37351159,37651159,0.772094727,-0.0939331055,-0.201538086,0.595397949,0.04296875,-0.15625,-0.15625,-1.921875,9.2578125,-2.03125,-0.1484375,0.0234375,-0.12890625
3742,37366943,37666943,0.771728516,-0.0932617188,-0.202026367,0.59576416,0.04296875,-0.15625,-0.15625,-1.921875,9.2578125,-2.03125,-0.130859375,-0.0078125,-0.140625
3743,37371755,37671755,0.77142334,-0.092590332,-0.202514648,0.596130371,0.06640625,-0.1171875,0.16796875,-1.9453125,9.2578125,-2.0078125,-0.130859375,-0.0078125,-0.140625
3744,37389402,37689402,0.771057129,-0.0917358398,-0.20300293,0.596557617,0.06640625,-0.1171875,0.16796875,-1.9453125,9.2578125,-2.0078125,-0.1484375,0.029296875,-0.162109375
3745,37393417,37693417,0.770751953,-0.0908813477,-0.203369141,0.596923828,0.12890625,-0.1171875,0.18359375,-1.96875,9.2578125,-1.984375,-0.1484375,0.029296875,-0.162109375
3746,37406932,37706932,0.770446777,-0.08984375,-0.203735352,0.597351074,0.12890625,-0.1171875,0.18359375,-1.96875,9.2578125,-1.984375,-0.13671875,0.060546875,-0.162109375
3747,37411988,37711988,0.770141602,-0.0889282227,-0.204040527,0.59777832,-0.109375,-0.03125,0.12109375,-2,9.25,-1.9609375,-0.13671875,0.060546875,-0.162109375
3748,37427242,37727242,0.769836426,-0.0877685547,-0.204223633,0.598327637,-0.109375,-0.03125,0.12109375,-2,9.25,-1.9609375,-0.1796875,0.12109375,-0.162109375
3749,37430989,37730989,0.769470215,-0.0866088867,-0.204223633,0.598937988,-0.078125,0.03515625,-0.01953125,-2.03125,9.2578125,-1.9375,-0.1796875,0.12109375,-0.162109375
3750,37446775,37746775,0.768859863,-0.0853881836,-0.203918457,0.599975586,-0.078125,0.03515625,-0.01953125,-2.03125,9.2578125,-1.9375,-0.306640625,0.205078125,-0.076171875
3751,37451808,37751808,0.768066406,-0.083984375,-0.203308105,0.601379395,0.12890625,0.265625,-0.171875,-2.046875,9.2578125,-1.8984375,-0.306640625,0.205078125,-0.076171875
3752,37469661,37769661,0.767333984,-0.0825195312,-0.202270508,0.602905273,0.12890625,0.265625,-0.171875,-2.046875,9.2578125,-1.8984375,-0.376953125,0.376953125,-0.03125
3753,37473789,37773789,0.766784668,-0.080871582,-0.20111084,0.604187012,0.3984375,0.14453125,-0.83984375,-2.046875,9.265625,-1.84375,-0.376953125,0.376953125,-0.03125
3754,37487407,37787407,0.766723633,-0.0794677734,-0.200073242,0.604797363,0.3984375,0.14453125,-0.83984375,-2.046875,9.265625,-1.84375,-0.021484375,0.28125,-0.078125
3755,37491137,37791137,0.767150879,-0.0786743164,-0.199584961,0.604492188,0.046875,-0.1328125,-1.015625,-2.0390625,9.2734375,-1.8203125,-0.021484375,0.28125,-0.078125
3756,37507214,37807214,0.767822266,-0.0783081055,-0.199645996,0.60369873,0.046875,-0.1328125,-1.015625,-2.0390625,9.2734375,-1.8203125,0.224609375,-0.009765625,-0.1015625
3757,37510943,37810943,0.768432617,-0.0781860352,-0.199890137,0.602844238,0.0234375,-0.046875,0.5,-2.0546875,9.265625,-1.84375,0.224609375,-0.009765625,-0.1015625
3758,37526466,37826466,0.768859863,-0.0779418945,-0.200012207,0.602294922,0.0234375,-0.046875,0.5,-2.0546875,9.265625,-1.84375,0.0703125,0.0546875,-0.072265625
3759,37531498,37831498,0.768981934,-0.0773925781,-0.199829102,0.602294922,0.19140625,0.11328125,0.53125,-2.0703125,9.2578125,-1.875,0.0703125,0.0546875,-0.072265625
3760,37548627,37848627,0.768737793,-0.0765380859,-0.199279785,0.602844238,0.19140625,0.11328125,0.53125,-2.0703125,9.2578125,-1.875,-0.22265625,0.228515625,-0.033203125
3761,37553122,37853122,0.768188477,-0.0754394531,-0.198547363,0.603942871,0.390625,0.49609375,-0.625,-2.078125,9.2578125,-1.8671875,-0.22265625,0.228515625,-0.033203125
3762,37565498,37865498,0.76751709,-0.0744018555,-0.197509766,0.605285645,0.390625,0.49609375,-0.625,-2.078125,9.2578125,-1.8671875,-0.318359375,0.275390625,0.0546875
3763,37574410,37874410,0.766906738,-0.0736083984,-0.196289062,0.606567383,0.52734375,0.44921875,-0.6328125,-2.0625,9.265625,-1.8203125,-0.318359375,0.275390625,0.0546875
3764,37586213,37886213,0.766662598,-0.0731811523,-0.195007324,0.607299805,0.52734375,0.44921875,-0.6328125,-2.0625,9.265625,-1.8203125,-0.0546875,0.24609375,0.138671875
3765,37591254,37891254,0.766906738,-0.073059082,-0.193664551,0.607421875,0.3828125,0.39453125,-0.12109375,-2.03125,9.28125,-1.796875,-0.0546875,0.24609375,0.138671875
3766,37606728,37906728,0.767456055,-0.073059082,-0.192382812,0.607177734,0.3828125,0.39453125,-0.12109375,-2.03125,9.28125,-1.796875,0.158203125,0.208984375,0.1328125
3767,37611770,37911770,0.768005371,-0.0729370117,-0.190979004,0.606933594,-0.109375,0.2421875,0.59375,-2,9.28125,-1.8203125,0.158203125,0.208984375,0.1328125
3768,37631141,37931141,0.768432617,-0.0725097656,-0.18927002,0.606994629,-0.109375,0.2421875,0.59375,-2,9.28125,-1.8203125,0.001953125,0.390625,0.14453125
3769,37635505,37935505,0.768676758,-0.0717773438,-0.187194824,0.60736084,0.16015625,0.42578125,0.00390625,-1.9609375,9.2890625,-1.84375,0.001953125,0.390625,0.14453125
3770,37646345,37946345,0.769042969,-0.071105957,-0.185058594,0.607666016,0.16015625,0.42578125,0.00390625,-1.9609375,9.2890625,-1.84375,0.033203125,0.419921875,0.173828125
3771,37654052,37954052,0.76965332,-0.0708007812,-0.183044434,0.60760498,0.1953125,0.15625,-0.48046875,-1.921875,9.2890625,-1.859375,0.033203125,0.419921875,0.173828125
3772,37666212,37966212,0.770507812,-0.0710449219,-0.181213379,0.606994629,0.1953125,0.15625,-0.48046875,-1.921875,9.2890625,-1.859375,0.267578125,0.234375,0.24609375
3773,37671247,37971247,0.771362305,-0.0716552734,-0.179504395,0.606323242,0.1796875,0.03515625,-0.1640625,-1.8671875,9.296875,-1.90625,0.267578125,0.234375,0.24609375
3774,37686129,37986129,0.772216797,-0.0724487305,-0.17791748,0.605651855,0.1796875,0.03515625,-0.1640625,-1.8671875,9.296875,-1.90625,0.234375,0.15234375,0.28515625
3775,37693783,37993783,0.772949219,-0.0733032227,-0.176391602,0.605041504,0.30859375,0.265625,0.16015625,-1.8046875,9.296875,-1.9609375,0.234375,0.15234375,0.28515625
3776,37709524,38009524,0.773742676,-0.0740966797,-0.174987793,0.604309082,0.30859375,0.265625,0.16015625,-1.8046875,9.296875,-1.9609375,0.2890625,0.15234375,0.24609375
3777,37714463,38014463,0.774719238,-0.0747070312,-0.173522949,0.603393555,0.0625,0.03515625,0.3203125,-1.75,9.296875,-2.0078125,0.2890625,0.15234375,0.24609375
3778,37725543,38025543,0.775817871,-0.0751953125,-0.171875,0.602416992,0.0625,0.03515625,0.3203125,-1.75,9.296875,-2.0078125,0.3125,0.24609375,0.21484375
3779,37734208,38034208,0.776855469,-0.0755615234,-0.170166016,0.601501465,-0.328125,-0.15625,0.3046875,-1.703125,9.296875,-2.0703125,0.3125,0.24609375,0.21484375
3780,37747489,38047489,0.777832031,-0.0760498047,-0.168640137,0.600646973,-0.328125,-0.15625,0.3046875,-1.703125,9.296875,-2.0703125,0.267578125,0.16796875,0.22265625
3781,37751094,38051094,0.778503418,-0.0767211914,-0.167358398,0.600036621,-0.5,0.04296875,-0.20703125,-1.6484375,9.2890625,-2.1328125,0.267578125,0.16796875,0.22265625
3782,37766075,38066075,0.778869629,-0.0775756836,-0.166259766,0.599731445,-0.5,0.04296875,-0.20703125,-1.6484375,9.2890625,-2.1328125,0.083984375,0.05078125,0.25
3783,37773721,38073721,0.778869629,-0.0784912109,-0.165283203,0.599914551,-0.390625,0.12109375,0.0234375,-1.6015625,9.2890625,-2.171875,0.083984375,0.05078125,0.25
3784,37788497,38088497,0.778503418,-0.0793457031,-0.164428711,0.600524902,-0.390625,0.12109375,0.0234375,-1.6015625,9.2890625,-2.171875,-0.138671875,0.029296875,0.265625
3785,37792665,38092665,0.778015137,-0.080078125,-0.163696289,0.601257324,-0.171875,0.07421875,0.20703125,-1.5546875,9.296875,-2.1640625,-0.138671875,0.029296875,0.265625
3786,37806989,38106989,0.777648926,-0.080871582,-0.162963867,0.601806641,-0.171875,0.07421875,0.20703125,-1.5546875,9.296875,-2.1640625,-0.0546875,0.01171875,0.203125
3787,37813112,38113112,0.777526855,-0.0814819336,-0.162353516,0.602050781,-0.33203125,-0.44140625,0.421875,-1.5078125,9.3125,-2.1484375,-0.0546875,0.01171875,0.203125
3788,37825736,38125736,0.777526855,-0.0819702148,-0.161743164,0.602172852,-0.33203125,-0.44140625,0.421875,-1.5078125,9.3125,-2.1484375,0.013671875,0.05859375,0.125
3789,37833220,38133220,0.777526855,-0.0821533203,-0.161132812,0.602233887,-0.515625,-0.5234375,0.3828125,-1.4765625,9.3203125,-2.1484375,0.013671875,0.05859375,0.125
3790,37847778,38147778,0.777526855,-0.0821533203,-0.160644531,0.602355957,-0.515625,-0.5234375,0.3828125,-1.4765625,9.3203125,-2.1484375,-0.009765625,0.080078125,0.0390625
3791,37851389,38151389,0.777648926,-0.08203125,-0.160339355,0.602355957,-0.578125,-0.44921875,0.0390625,-1.453125,9.3203125,-2.1484375,-0.009765625,0.080078125,0.0390625
3792,37869664,38169664,0.777954102,-0.0818481445,-0.16015625,0.602050781,-0.578125,-0.44921875,0.0390625,-1.453125,9.3203125,-2.1484375,0.123046875,0.037109375,-0.0390625
3793,37873681,38173681,0.778442383,-0.0816650391,-0.16015625,0.601379395,-0.46484375,-0.87109375,-0.14453125,-1.453125,9.3203125,-2.15625,0.123046875,0.037109375,-0.0390625
3794,37887796,38187796,0.779052734,-0.0815429688,-0.160400391,0.600585938,-0.46484375,-0.87109375,-0.14453125,-1.453125,9.3203125,-2.15625,0.201171875,-0.037109375,-0.103515625
3795,37891541,38191541,0.779602051,-0.0814208984,-0.160888672,0.59979248,-0.140625,-0.6640625,-0.2578125,-1.46875,9.3046875,-2.1953125,0.201171875,-0.037109375,-0.103515625
3796,37906530,38206530,0.779968262,-0.0814208984,-0.161499023,0.599121094,-0.140625,-0.6640625,-0.2578125,-1.46875,9.3046875,-2.1953125,0.11328125,-0.107421875,-0.107421875
3797,37912514,38212514,0.780212402,-0.0814208984,-0.162231445,0.598571777,-0.00390625,-0.578125,0.0703125,-1.4921875,9.296875,-2.21875,0.11328125,-0.107421875,-0.107421875
3798,37927055,38227055,0.780395508,-0.0816040039,-0.162963867,0.598144531,-0.00390625,-0.578125,0.0703125,-1.4921875,9.296875,-2.21875,0.0703125,-0.154296875,-0.0625
3799,37930796,38230796,0.780395508,-0.0819702148,-0.163696289,0.597839355,-0.1328125,-0.265625,0.1640625,-1.515625,9.2890625,-2.234375,0.0703125,-0.154296875,-0.0625
3800,37949752,38249752,0.780273438,-0.0823974609,-0.164550781,0.597717285,-0.1328125,-0.265625,0.1640625,-1.515625,9.2890625,-2.234375,-0.015625,-0.189453125,-0.03125
3801,37954189,38254189,0.780090332,-0.0827636719,-0.165405273,0.597717285,-0.1171875,0.2734375,0.35546875,-1.53125,9.2890625,-2.234375,-0.015625,-0.189453125,-0.03125
3802,37966556,38266556,0.779785156,-0.0830078125,-0.166137695,0.597839355,-0.1171875,0.2734375,0.35546875,-1.53125,9.2890625,-2.234375,-0.056640625,-0.138671875,-0.052734375
3803,37973033,38273033,0.779541016,-0.0831298828,-0.166809082,0.597961426,0.01171875,0.46484375,0.30078125,-1.546875,9.2890625,-2.21875,-0.056640625,-0.138671875,-0.052734375
3804,37986831,38286831,0.779418945,-0.0830688477,-0.167419434,0.598022461,0.01171875,0.46484375,0.30078125,-1.546875,9.2890625,-2.21875,-0.037109375,-0.078125,-0.07421875
3805,37993198,38293198,0.77923584,-0.0830078125,-0.167907715,0.598083496,-0.01171875,0.42578125,0.33203125,-1.5625,9.2890625,-2.2109375,-0.037109375,-0.078125,-0.07421875
3806,38008588,38308588,0.779052734,-0.0827636719,-0.168457031,0.598205566,-0.01171875,0.42578125,0.33203125,-1.5625,9.2890625,-2.2109375,-0.06640625,-0.0625,-0.087890625
3807,38012730,38312730,0.778747559,-0.0825805664,-0.169006348,0.598449707,-0.1875,0.1953125,0.19921875,-1.578125,9.2890625,-2.1953125,-0.06640625,-0.0625,-0.087890625
3808,38031566,38331566,0.778381348,-0.0822753906,-0.169616699,0.598815918,-0.1875,0.1953125,0.19921875,-1.578125,9.2890625,-2.1953125,-0.134765625,-0.072265625,-0.10546875
3809,38035550,38335550,0.778015137,-0.0819702148,-0.170288086,0.599182129,-0.19921875,-0.1875,-0.015625,-1.6015625,9.2890625,-2.171875,-0.134765625,-0.072265625,-0.10546875
3810,38047568,38347568,0.777587891,-0.0816040039,-0.171203613,0.599487305,-0.19921875,-0.1875,-0.015625,-1.6015625,9.2890625,-2.171875,-0.1015625,-0.109375,-0.158203125
3811,38051310,38351310,0.77734375,-0.0811767578,-0.172119141,0.599609375,-0.25390625,-0.609375,0.0390625,-1.625,9.2890625,-2.1484375,-0.1015625,-0.109375,-0.158203125
3812,38066657,38366657,0.777160645,-0.0806274414,-0.173217773,0.599609375,-0.25390625,-0.609375,0.0390625,-1.625,9.2890625,-2.1484375,-0.03515625,-0.099609375,-0.22265625
3813,38073045,38373045,0.777160645,-0.0800170898,-0.174255371,0.59942627,0.015625,-0.75390625,0.0625,-1.6640625,9.28125,-2.1328125,-0.03515625,-0.099609375,-0.22265625
3814,38088254,38388254,0.777282715,-0.0793457031,-0.175354004,0.598999023,0.015625,-0.75390625,0.0625,-1.6640625,9.28125,-2.1328125,0.05859375,-0.08203125,-0.255859375
3815,38092505,38392505,0.777526855,-0.0786743164,-0.176391602,0.598449707,0.13671875,-0.6328125,0.0234375,-1.7109375,9.2734375,-2.1328125,0.05859375,-0.08203125,-0.255859375
3816,38110610,38410610,0.777893066,-0.0778808594,-0.177490234,0.597717285,0.13671875,-0.6328125,0.0234375,-1.7109375,9.2734375,-2.1328125,0.09375,-0.07421875,-0.279296875
3817,38114742,38414742,0.778198242,-0.0770874023,-0.178588867,0.597106934,0.0546875,-0.1953125,-0.23828125,-1.78125,9.2578125,-2.140625,0.09375,-0.07421875,-0.279296875
3818,38128926,38428926,0.778564453,-0.0762939453,-0.179748535,0.596435547,0.0546875,-0.1953125,-0.23828125,-1.78125,9.2578125,-2.140625,0.1015625,-0.068359375,-0.2890625
3819,38133077,38433077,0.778930664,-0.0754394531,-0.180725098,0.59576416,-0.00390625,-0.109375,-0.22265625,-1.8359375,9.25,-2.15625,0.1015625,-0.068359375,-0.2890625
3820,38146832,38446832,0.779296875,-0.0745239258,-0.181762695,0.595092773,-0.00390625,-0.109375,-0.22265625,-1.8359375,9.25,-2.15625,0.091796875,-0.029296875,-0.28125
3821,38153209,38453209,0.779541016,-0.0736083984,-0.182617188,0.594604492,-0.06640625,-0.0546875,-0.16796875,-1.890625,9.234375,-2.171875,0.091796875,-0.029296875,-0.28125
3822,38166347,38466347,0.779724121,-0.0726318359,-0.18347168,0.594238281,-0.06640625,-0.0546875,-0.16796875,-1.890625,9.234375,-2.171875,-0.005859375,-0.0078125,-0.24609375
3823,38172818,38472818,0.779663086,-0.0717163086,-0.184204102,0.594116211,-0.01953125,0.3515625,-0.12109375,-1.9375,9.2109375,-2.1796875,-0.005859375,-0.0078125,-0.24609375
3824,38189430,38489430,0.779541016,-0.0708618164,-0.184997559,0.594177246,-0.01953125,0.3515625,-0.12109375,-1.9375,9.2109375,-2.1796875,-0.087890625,-0.033203125,-0.21484375
3825,38193569,38493569,0.77923584,-0.0700683594,-0.185791016,0.594421387,-0.0546875,0.46484375,0.20703125,-1.9765625,9.2109375,-2.1640625,-0.087890625,-0.033203125,-0.21484375
3826,38206348,38506348,0.778930664,-0.0692749023,-0.186523438,0.594665527,-0.0546875,0.46484375,0.20703125,-1.9765625,9.2109375,-2.1640625,-0.115234375,-0.0234375,-0.19140625
3827,38213221,38513221,0.778686523,-0.0684814453,-0.187255859,0.594909668,-0.20703125,0.55078125,0.26953125,-2.015625,9.203125,-2.1484375,-0.115234375,-0.0234375,-0.19140625
3828,38226833,38526833,0.778381348,-0.0677490234,-0.187805176,0.595214844,-0.20703125,0.55078125,0.26953125,-2.015625,9.203125,-2.1484375,-0.126953125,-0.00390625,-0.169921875
3829,38233214,38533214,0.778015137,-0.0670166016,-0.188354492,0.595581055,-0.12890625,0.55078125,0.09375,-2.0546875,9.203125,-2.125,-0.126953125,-0.00390625,-0.169921875
3830,38246370,38546370,0.777648926,-0.0662231445,-0.188781738,0.596008301,-0.12890625,0.55078125,0.09375,-2.0546875,9.203125,-2.125,-0.142578125,0.01171875,-0.142578125
3831,38252841,38552841,0.77734375,-0.0655517578,-0.189208984,0.596374512,0.046875,0.2421875,-0.27734375,-2.078125,9.203125,-2.1015625,-0.142578125,0.01171875,-0.142578125
3832,38270681,38570681,0.777099609,-0.0649414062,-0.189575195,0.596618652,0.046875,0.2421875,-0.27734375,-2.078125,9.203125,-2.1015625,-0.072265625,0.017578125,-0.1171875
3833,38274800,38574800,0.776977539,-0.0643920898,-0.189819336,0.596740723,0.30078125,0.08984375,-0.375,-2.1015625,9.203125,-2.078125,-0.072265625,0.017578125,-0.1171875
3834,38286346,38586346,0.777038574,-0.0640258789,-0.190063477,0.596679688,0.30078125,0.08984375,-0.375,-2.1015625,9.203125,-2.078125,0.021484375,-0.001953125,-0.08984375
3835,38293475,38593475,0.777160645,-0.0637817383,-0.190429688,0.596374512,0.20703125,0.05859375,-0.3359375,-2.125,9.1953125,-2.078125,0.021484375,-0.001953125,-0.08984375
3836,38305576,38605576,0.77734375,-0.0638427734,-0.190979004,0.596008301,0.20703125,0.05859375,-0.3359375,-2.125,9.1953125,-2.078125,0.09765625,-0.123046875,-0.060546875
3837,38311551,38611551,0.777587891,-0.0642089844,-0.191711426,0.595397949,-0.0078125,-0.0078125,-0.328125,-2.140625,9.1875,-2.0859375,0.09765625,-0.123046875,-0.060546875
3838,38326362,38626362,0.777832031,-0.0646972656,-0.192504883,0.594726562,-0.0078125,-0.0078125,-0.328125,-2.140625,9.1875,-2.0859375,0.16796875,-0.20703125,-0.0546875
3839,38332855,38632855,0.778137207,-0.0653076172,-0.19342041,0.593933105,0.125,0.23046875,-0.0078125,-2.15625,9.1796875,-2.1015625,0.16796875,-0.20703125,-0.0546875
3840,38350692,38650692,0.778381348,-0.0657958984,-0.194030762,0.593444824,0.125,0.23046875,-0.0078125,-2.15625,9.1796875,-2.1015625,0.095703125,-0.142578125,-0.005859375
3841,38352185,38652185,0.778503418,-0.0662841797,-0.194458008,0.593078613,0.1015625,0.34375,0.12890625,-2.171875,9.1796875,-2.125,0.095703125,-0.142578125,-0.005859375
3842,38365568,38665568,0.778564453,-0.0669555664,-0.194763184,0.592773438,0.1015625,0.34375,0.12890625,-2.171875,9.1796875,-2.125,0.08203125,-0.13671875,0.078125
3843,38371591,38671591,0.778625488,-0.0678100586,-0.195007324,0.592529297,0.0234375,0.45703125,0.0234375,-2.171875,9.1796875,-2.1328125,0.08203125,-0.13671875,0.078125
3844,38384489,38684489,0.778808594,-0.0688476562,-0.1953125,0.592102051,0.0234375,0.45703125,0.0234375,-2.171875,9.1796875,-2.1328125,0.14453125,-0.166015625,0.10546875
3845,38393212,38693212,0.779052734,-0.0698852539,-0.195617676,0.591552734,-0.02734375,0.3046875,0.078125,-2.15625,9.1796875,-2.1484375,0.14453125,-0.166015625,0.10546875
3846,38406044,38706044,0.77923584,-0.071105957,-0.195983887,0.591003418,-0.02734375,0.3046875,0.078125,-2.15625,9.1796875,-2.1484375,0.14453125,-0.224609375,0.12890625
3847,38412623,38712623,0.779296875,-0.0724487305,-0.196472168,0.590637207,-0.3828125,0.11328125,0.16796875,-2.1484375,9.1796875,-2.1640625,0.14453125,-0.224609375,0.12890625
3848,38430638,38730638,0.77911377,-0.0737304688,-0.196960449,0.590576172,-0.3828125,0.11328125,0.16796875,-2.1484375,9.1796875,-2.1640625,0.005859375,-0.216796875,0.16015625
3849,38432122,38732122,0.778808594,-0.0749511719,-0.19720459,0.590759277,-0.12890625,0.19140625,0.140625,-2.1328125,9.1796875,-2.171875,0.005859375,-0.216796875,0.16015625
3850,38445117,38745117,0.778442383,-0.076171875,-0.197265625,0.591003418,-0.12890625,0.19140625,0.140625,-2.1328125,9.1796875,-2.171875,-0.0390625,-0.134765625,0.193359375
3851,38451135,38751135,0.778259277,-0.0772705078,-0.19708252,0.591186523,0.14453125,0.22265625,-0.14453125,-2.1015625,9.1875,-2.15625,-0.0390625,-0.134765625,0.193359375
3852,38465826,38765826,0.778137207,-0.0784912109,-0.197021484,0.591186523,0.14453125,0.22265625,-0.14453125,-2.1015625,9.1875,-2.15625,0.0703125,-0.181640625,0.21484375
3853,38471822,38771822,0.778076172,-0.080078125,-0.197143555,0.591003418,-0.3828125,-0.1328125,-0.3359375,-2.0703125,9.1953125,-2.15625,0.0703125,-0.181640625,0.21484375
3854,38485281,38785281,0.778015137,-0.0816040039,-0.197387695,0.590820312,-0.3828125,-0.1328125,-0.3359375,-2.0703125,9.1953125,-2.15625,0.083984375,-0.1953125,0.197265625
3855,38491292,38791292,0.778015137,-0.0830688477,-0.197509766,0.590515137,0.08984375,-0.1796875,-0.05859375,-2.046875,9.203125,-2.1640625,0.083984375,-0.1953125,0.197265625
3856,38508133,38808133,0.777954102,-0.0845947266,-0.197753906,0.590332031,0.08984375,-0.1796875,-0.05859375,-2.046875,9.203125,-2.1640625,0.041015625,-0.234375,0.22265625
3857,38511876,38811876,0.777648926,-0.0859985352,-0.197875977,0.590576172,-0.015625,-0.0625,0.17578125,-2.015625,9.203125,-2.171875,0.041015625,-0.234375,0.22265625
3858,38525313,38825313,0.77722168,-0.0872192383,-0.197753906,0.590942383,-0.015625,-0.0625,0.17578125,-2.015625,9.203125,-2.171875,-0.03515625,-0.099609375,0.228515625
3859,38531059,38831059,0.776916504,-0.0883789062,-0.197509766,0.591247559,-0.015625,-0.0390625,0.0078125,-1.9765625,9.21875,-2.15625,-0.03515625,-0.099609375,0.228515625
3860,38544297,38844297,0.776672363,-0.0894165039,-0.197265625,0.591491699,-0.015625,-0.0390625,0.0078125,-1.9765625,9.21875,-2.15625,-0.00390625,-0.080078125,0.1875
3861,38552776,38852776,0.776611328,-0.0902709961,-0.196899414,0.591552734,0.21875,-0.0078125,0.15234375,-1.9453125,9.2265625,-2.1484375,-0.00390625,-0.080078125,0.1875
3862,38565060,38865060,0.776611328,-0.0910644531,-0.196594238,0.591552734,0.21875,-0.0078125,0.15234375,-1.9453125,9.2265625,-2.1484375,0.064453125,-0.0546875,0.1640625
3863,38570828,38870828,0.776611328,-0.0920410156,-0.196472168,0.591430664,-0.38671875,-0.32421875,0.16015625,-1.9140625,9.234375,-2.15625,0.064453125,-0.0546875,0.1640625
3864,38589026,38889026,0.776489258,-0.0931396484,-0.196655273,0.591308594,-0.38671875,-0.32421875,0.16015625,-1.9140625,9.234375,-2.15625,0.021484375,-0.1875,0.12890625
3865,38593337,38893337,0.776306152,-0.0941162109,-0.196960449,0.591369629,-0.1796875,-0.32421875,0.23828125,-1.890625,9.234375,-2.15625,0.021484375,-0.1875,0.12890625
3866,38604845,38904845,0.776000977,-0.0952148438,-0.197265625,0.591491699,-0.1796875,-0.32421875,0.23828125,-1.890625,9.234375,-2.15625,-0.03125,-0.1796875,0.146484375
3867,38611769,38911769,0.77557373,-0.0963134766,-0.19744873,0.591796875,-0.08203125,-0.1796875,0.5,-1.875,9.2421875,-2.1484375,-0.03125,-0.1796875,0.146484375
3868,38625497,38925497,0.775024414,-0.0972290039,-0.197570801,0.592346191,-0.08203125,-0.1796875,0.5,-1.875,9.2421875,-2.1484375,-0.146484375,-0.123046875,0.16015625
3869,38631226,38931226,0.774414062,-0.0979614258,-0.197692871,0.592956543,0.1640625,0.2734375,0.28515625,-1.8515625,9.25,-2.125,-0.146484375,-0.123046875,0.16015625
3870,38643973,38943973,0.773803711,-0.0986328125,-0.197753906,0.59362793,0.1640625,0.2734375,0.28515625,-1.8515625,9.25,-2.125,-0.12890625,-0.109375,0.1171875
3871,38651492,38951492,0.773193359,-0.0992431641,-0.197937012,0.594238281,0.03515625,-0.125,0.12890625,-1.8359375,9.265625,-2.0859375,-0.12890625,-0.109375,0.1171875
3872,38667936,38967936,0.772583008,-0.0996704102,-0.198120117,0.594909668,0.03515625,-0.125,0.12890625,-1.8359375,9.265625,-2.0859375,-0.166015625,-0.076171875,0.07421875
3873,38671556,38971556,0.772033691,-0.0999755859,-0.198303223,0.59552002,0.2109375,-0.171875,0.13671875,-1.8203125,9.2734375,-2.0546875,-0.166015625,-0.076171875,0.07421875
3874,38684644,38984644,0.771484375,-0.100280762,-0.198486328,0.596130371,0.2109375,-0.171875,0.13671875,-1.8203125,9.2734375,-2.0546875,-0.16015625,-0.060546875,0.0546875
3875,38691550,38991550,0.770874023,-0.100524902,-0.198608398,0.596801758,0.1640625,-0.140625,0.06640625,-1.8125,9.28125,-2.0234375,-0.16015625,-0.060546875,0.0546875
3876,38705570,39005570,0.770324707,-0.100646973,-0.198791504,0.597473145,0.1640625,-0.140625,0.06640625,-1.8125,9.28125,-2.0234375,-0.162109375,-0.05078125,0.029296875
3877,38713302,39013302,0.769836426,-0.100646973,-0.198974609,0.598022461,0.078125,-0.1484375,-0.1953125,-1.8046875,9.2890625,-1.9921875,-0.162109375,-0.05078125,0.029296875
3878,38724979,39024979,0.76953125,-0.100402832,-0.19921875,0.598388672,0.078125,-0.1484375,-0.1953125,-1.8046875,9.2890625,-1.9921875,-0.064453125,0.013671875,-0.06640625
3879,38730697,39030697,0.769592285,-0.0999145508,-0.19934082,0.598327637,0.1171875,-0.38671875,-0.484375,-1.8046875,9.296875,-1.96875,-0.064453125,0.013671875,-0.06640625
3880,38748049,39048049,0.770019531,-0.0994262695,-0.199462891,0.59777832,0.1171875,-0.38671875,-0.484375,-1.8046875,9.296875,-1.96875,0.19140625,0.060546875,-0.14453125
3881,38752610,39052610,0.770874023,-0.0988769531,-0.199523926,0.596801758,-0.05078125,-0.609375,-0.546875,-1.828125,9.2890625,-1.984375,0.19140625,0.060546875,-0.14453125
3882,38765251,39065251,0.772033691,-0.0983276367,-0.199523926,0.595397949,-0.05078125,-0.609375,-0.546875,-1.828125,9.2890625,-1.984375,0.341796875,0.083984375,-0.150390625
3883,38771226,39071226,0.773193359,-0.0979003906,-0.199462891,0.593933105,-0.140625,-0.32421875,-0.18359375,-1.8515625,9.2734375,-2.0390625,0.341796875,0.083984375,-0.150390625
3884,38787086,39087086,0.774414062,-0.09765625,-0.199462891,0.592468262,-0.140625,-0.32421875,-0.18359375,-1.8515625,9.2734375,-2.0390625,0.359375,0.0390625,-0.11328125
3885,38790824,39090824,0.775390625,-0.0974731445,-0.199523926,0.591125488,-0.1171875,0.04296875,-0.046875,-1.875,9.25,-2.1015625,0.359375,0.0390625,-0.11328125
3886,38806286,39106286,0.776184082,-0.0973510742,-0.199645996,0.590087891,-0.1171875,0.04296875,-0.046875,-1.875,9.25,-2.1015625,0.1953125,0.005859375,-0.095703125
3887,38811321,39111321,0.776672363,-0.0970458984,-0.199829102,0.589416504,0.05078125,0.59375,0.7734375,-1.890625,9.234375,-2.15625,0.1953125,0.005859375,-0.095703125
3888,38827504,39127504,0.776794434,-0.0966796875,-0.199951172,0.589294434,0.05078125,0.59375,0.7734375,-1.890625,9.234375,-2.15625,-0.044921875,0.03515625,-0.0859375
3889,38831241,39131241,0.776611328,-0.0961303711,-0.200073242,0.589538574,-0.01171875,0.6015625,0.828125,-1.90625,9.2265625,-2.171875,-0.044921875,0.03515625,-0.0859375
3890,38846436,39146436,0.776306152,-0.0954589844,-0.200073242,0.590087891,-0.01171875,0.6015625,0.828125,-1.90625,9.2265625,-2.171875,-0.173828125,0.0859375,-0.068359375
3891,38851486,39151486,0.775817871,-0.0947265625,-0.200012207,0.590820312,-0.0703125,0.40234375,0.46875,-1.921875,9.234375,-2.15625,-0.173828125,0.0859375,-0.068359375
3892,38864844,39164844,0.775268555,-0.0939331055,-0.199890137,0.591796875,-0.0703125,0.40234375,0.46875,-1.921875,9.234375,-2.15625,-0.255859375,0.107421875,-0.056640625
3893,38870825,39170825,0.774658203,-0.0931396484,-0.199768066,0.592773438,-0.140625,-0.0625,-0.10546875,-1.9296875,9.2421875,-2.1171875,-0.255859375,0.107421875,-0.056640625
3894,38886555,39186555,0.774047852,-0.0924682617,-0.199707031,0.59362793,-0.140625,-0.0625,-0.10546875,-1.9296875,9.2421875,-2.1171875,-0.208984375,0.068359375,-0.05859375
3895,38891608,39191608,0.773620605,-0.0918579102,-0.199829102,0.594299316,-0.0546875,-0.2265625,-0.4140625,-1.9375,9.25,-2.078125,-0.208984375,0.068359375,-0.05859375
3896,38909215,39209215,0.773193359,-0.0912475586,-0.200012207,0.594848633,-0.0546875,-0.2265625,-0.4140625,-1.9375,9.25,-2.078125,-0.130859375,0.025390625,-0.091796875
3897,38913360,39213360,0.772949219,-0.090637207,-0.200256348,0.595214844,0.21875,-0.1484375,-0.33203125,-1.9453125,9.25,-2.046875,-0.130859375,0.025390625,-0.091796875
3898,38926785,39226785,0.772827148,-0.0899658203,-0.200439453,0.595397949,0.21875,-0.1484375,-0.33203125,-1.9453125,9.25,-2.046875,-0.05859375,0.0625,-0.12109375
3899,38930503,39230503,0.772827148,-0.0892333984,-0.200561523,0.595458984,0.234375,-0.0703125,-0.1171875,-1.9609375,9.25,-2.03125,-0.05859375,0.0625,-0.12109375
3900,38945746,39245746,0.772827148,-0.0883789062,-0.200561523,0.595581055,0.234375,-0.0703125,-0.1171875,-1.9609375,9.25,-2.03125,-0.044921875,0.107421875,-0.1328125
3901,38950774,39250774,0.772827148,-0.0874633789,-0.200561523,0.595703125,0.07421875,-0.03125,-0.0078125,-1.9921875,9.25,-2.0234375,-0.044921875,0.107421875,-0.1328125
3902,38965465,39265465,0.772705078,-0.0865478516,-0.200500488,0.596008301,0.07421875,-0.03125,-0.0078125,-1.9921875,9.25,-2.0234375,-0.10546875,0.119140625,-0.12890625
3903,38972124,39272124,0.772583008,-0.0855712891,-0.200500488,0.596374512,-0.0234375,0.08984375,-0.09375,-2.0078125,9.2421875,-2.015625,-0.10546875,0.119140625,-0.12890625
3904,38989157,39289157,0.772399902,-0.0845336914,-0.200439453,0.596740723,-0.0234375,0.08984375,-0.09375,-2.0078125,9.2421875,-2.015625,-0.1328125,0.138671875,-0.12890625
3905,38993334,39293334,0.772155762,-0.0834350586,-0.200317383,0.597290039,-0.19921875,0.05078125,0.00390625,-2.0234375,9.2421875,-2,-0.1328125,0.138671875,-0.12890625
3906,39004562,39304562,0.771850586,-0.0823364258,-0.200134277,0.597839355,-0.19921875,0.05078125,0.00390625,-2.0234375,9.2421875,-2,-0.158203125,0.150390625,-0.123046875
3907,39011885,39311885,0.771606445,-0.0813598633,-0.200012207,0.598327637,-0.18359375,0.08203125,-0.09375,-2.0390625,9.25,-1.9765625,-0.158203125,0.150390625,-0.123046875
3908,39025458,39325458,0.77142334,-0.0805053711,-0.199829102,0.598693848,-0.18359375,0.08203125,-0.09375,-2.0390625,9.25,-1.9765625,-0.111328125,0.119140625,-0.083984375
3909,39032442,39332442,0.771240234,-0.0797729492,-0.199707031,0.599121094,-0.28515625,-0.0703125,0.08203125,-2.0546875,9.25,-1.9609375,-0.111328125,0.119140625,-0.083984375
3910,39046787,39346787,0.771057129,-0.0791015625,-0.199707031,0.599487305,-0.28515625,-0.0703125,0.08203125,-2.0546875,9.25,-1.9609375,-0.10546875,0.083984375,-0.068359375
3911,39050518,39350518,0.770812988,-0.0785522461,-0.199645996,0.599853516,0.03125,0.04296875,0.10546875,-2.0625,9.25,-1.9453125,-0.10546875,0.083984375,-0.068359375
3912,39067364,39367364,0.770568848,-0.0778808594,-0.199523926,0.600280762,0.03125,0.04296875,0.10546875,-2.0625,9.25,-1.9453125,-0.130859375,0.091796875,-0.064453125
3913,39071114,39371114,0.770324707,-0.0772094727,-0.199401855,0.600708008,0.046875,0.12109375,0.01171875,-2.078125,9.25,-1.9296875,-0.130859375,0.091796875,-0.064453125
3914,39084803,39384803,0.770141602,-0.0764770508,-0.199157715,0.601135254,0.046875,0.12109375,0.01171875,-2.078125,9.25,-1.9296875,-0.091796875,0.115234375,-0.060546875
3915,39092514,39392514,0.770019531,-0.0758666992,-0.198974609,0.60144043,-0.09765625,0.04296875,-0.01171875,-2.0859375,9.25,-1.90625,-0.091796875,0.115234375,-0.060546875
3916,39106713,39406713,0.769897461,-0.0754394531,-0.198913574,0.601623535,-0.09765625,0.04296875,-0.01171875,-2.0859375,9.25,-1.90625,-0.041015625,0.037109375,-0.037109375
3917,39110440,39410440,0.769836426,-0.0752563477,-0.198974609,0.601745605,-0.21484375,-0.03125,0.09765625,-2.0859375,9.25,-1.8984375,-0.041015625,0.037109375,-0.037109375
3918,39124676,39424676,0.769592285,-0.0751342773,-0.199157715,0.602050781,-0.21484375,-0.03125,0.09765625,-2.0859375,9.25,-1.8984375,-0.091796875,-0.025390625,-0.021484375
3919,39133041,39433041,0.769226074,-0.075012207,-0.199401855,0.602355957,-0.0546875,-0.03125,0.1953125,-2.09375,9.25,-1.8828125,-0.091796875,-0.025390625,-0.021484375
3920,39148160,39448160,0.768798828,-0.0748291016,-0.199645996,0.602844238,-0.0546875,-0.03125,0.1953125,-2.09375,9.25,-1.8828125,-0.154296875,-0.0234375,-0.03125
3921,39152327,39452327,0.768371582,-0.0745849609,-0.199829102,0.60345459,0.0703125,0.07421875,0.02734375,-2.1015625,9.2578125,-1.8671875,-0.154296875,-0.0234375,-0.03125
3922,39166752,39466752,0.767822266,-0.0741577148,-0.199890137,0.604187012,0.0703125,0.07421875,0.02734375,-2.1015625,9.2578125,-1.8671875,-0.203125,0.044921875,-0.0390625
3923,39170479,39470479,0.767272949,-0.0736083984,-0.199829102,0.604980469,0,0.07421875,-0.16015625,-2.109375,9.2578125,-1.8359375,-0.203125,0.044921875,-0.0390625
3924,39185669,39485669,0.766662598,-0.0728759766,-0.199645996,0.605834961,0,0.07421875,-0.16015625,-2.109375,9.2578125,-1.8359375,-0.20703125,0.1171875,-0.033203125
3925,39190706,39490706,0.766174316,-0.0722045898,-0.19934082,0.606628418,0,0.02734375,-0.3125,-2.109375,9.265625,-1.796875,-0.20703125,0.1171875,-0.033203125
3926,39204991,39504991,0.765808105,-0.0715942383,-0.199035645,0.607299805,0,0.02734375,-0.3125,-2.109375,9.265625,-1.796875,-0.14453125,0.119140625,-0.021484375
3927,39211875,39511875,0.76550293,-0.0710449219,-0.198669434,0.607849121,0.0078125,0.01953125,-0.4296875,-2.1171875,9.2734375,-1.7578125,-0.14453125,0.119140625,-0.021484375
3928,39229164,39529164,0.765197754,-0.0705566406,-0.198242188,0.608398438,0.0078125,0.01953125,-0.4296875,-2.1171875,9.2734375,-1.7578125,-0.142578125,0.138671875,0.017578125
3929,39233309,39533309,0.764892578,-0.0700073242,-0.197631836,0.609130859,0.30859375,0.203125,-0.17578125,-2.109375,9.28125,-1.7421875,-0.142578125,0.138671875,0.017578125
3930,39246566,39546566,0.764465332,-0.0693359375,-0.196716309,0.609985352,0.30859375,0.203125,-0.17578125,-2.109375,9.28125,-1.7421875,-0.216796875,0.236328125,0.06640625
3931,39250297,39550297,0.764038086,-0.0686645508,-0.195617676,0.610961914,0.484375,0.35546875,-0.15234375,-2.09375,9.28125,-1.7265625,-0.216796875,0.236328125,0.06640625
3932,39266362,39566362,0.76361084,-0.0679931641,-0.194396973,0.611938477,0.484375,0.35546875,-0.15234375,-2.09375,9.28125,-1.7265625,-0.16796875,0.259765625,0.091796875
3933,39271925,39571925,0.76348877,-0.067565918,-0.193237305,0.612487793,0.3828125,0.3046875,-0.375,-2.0703125,9.296875,-1.6953125,-0.16796875,0.259765625,0.091796875
3934,39286367,39586367,0.763793945,-0.0673828125,-0.192138672,0.612487793,0.3828125,0.3046875,-0.375,-2.0703125,9.296875,-1.6953125,0.107421875,0.17578125,0.11328125
3935,39292527,39592527,0.764282227,-0.0674438477,-0.191101074,0.612182617,0.0546875,0.1484375,-0.0703125,-2.046875,9.296875,-1.6953125,0.107421875,0.17578125,0.11328125
3936,39309283,39609283,0.764770508,-0.0676269531,-0.190002441,0.611938477,0.0546875,0.1484375,-0.0703125,-2.046875,9.296875,-1.6953125,0.0859375,0.1640625,0.15625
3937,39313423,39613423,0.765014648,-0.0677490234,-0.188781738,0.611999512,0.328125,0.41015625,0.421875,-2.015625,9.3046875,-1.7265625,0.0859375,0.1640625,0.15625
3938,39324806,39624806,0.765014648,-0.0677490234,-0.187438965,0.612365723,0.328125,0.41015625,0.421875,-2.015625,9.3046875,-1.7265625,-0.056640625,0.216796875,0.1953125
3939,39332371,39632371,0.764953613,-0.0679321289,-0.186035156,0.612915039,0.48046875,0.5546875,0.046875,-1.9765625,9.3125,-1.734375,-0.056640625,0.216796875,0.1953125
3940,39346241,39646241,0.764587402,-0.0682983398,-0.184570312,0.613708496,0.48046875,0.5546875,0.046875,-1.9765625,9.3125,-1.734375,-0.1640625,0.140625,0.291015625
3941,39351065,39651065,0.764099121,-0.0688476562,-0.183166504,0.614746094,0.42578125,0.77734375,-0.12109375,-1.921875,9.3203125,-1.71875,-0.1640625,0.140625,0.291015625
3942,39366538,39666538,0.76348877,-0.069519043,-0.181396484,0.615844727,0.42578125,0.77734375,-0.12109375,-1.921875,9.3203125,-1.71875,-0.17578125,0.201171875,0.3828125
3943,39370138,39670138,0.763305664,-0.0702514648,-0.179504395,0.616577148,0.69921875,0.83203125,-0.0703125,-1.8515625,9.34375,-1.6953125,-0.17578125,0.201171875,0.3828125
3944,39388045,39688045,0.763977051,-0.0711669922,-0.177368164,0.616271973,0.69921875,0.83203125,-0.0703125,-1.8515625,9.34375,-1.6953125,0.365234375,0.216796875,0.373046875
3945,39391667,39691667,0.765625,-0.0723876953,-0.175354004,0.614685059,0.39453125,-0.21875,-0.28515625,-1.7734375,9.359375,-1.7109375,0.365234375,0.216796875,0.373046875
3946,39404682,39704682,0.768249512,-0.0737915039,-0.173034668,0.611877441,0.39453125,-0.21875,-0.28515625,-1.7734375,9.359375,-1.7109375,0.9140625,0.248046875,0.328125
3947,39411402,39711402,0.771179199,-0.0748291016,-0.170593262,0.608703613,-0.10546875,-0.85546875,0.30859375,-1.6953125,9.34375,-1.84375,0.9140625,0.248046875,0.328125
3948,39426481,39726481,0.77355957,-0.0752563477,-0.168212891,0.606323242,-0.10546875,-0.85546875,0.30859375,-1.6953125,9.34375,-1.84375,0.60546875,0.404296875,0.203125
3949,39430110,39730110,0.77520752,-0.075012207,-0.16607666,0.604858398,0.09765625,-0.1015625,-0.25390625,-1.6328125,9.3203125,-2.0078125,0.60546875,0.404296875,0.203125
3950,39444777,39744777,0.776489258,-0.0744628906,-0.164245605,0.603759766,0.09765625,-0.1015625,-0.25390625,-1.6328125,9.3203125,-2.0078125,0.267578125,0.294921875,0.04296875
3951,39451679,39751679,0.777282715,-0.07421875,-0.163269043,0.603027344,-0.20703125,-0.74609375,-1.05078125,-1.59375,9.3125,-2.09375,0.267578125,0.294921875,0.04296875
3952,39467937,39767937,0.777526855,-0.0745849609,-0.163024902,0.602722168,-0.20703125,-0.74609375,-1.05078125,-1.59375,9.3125,-2.09375,0.05078125,-0.08203125,0.087890625
3953,39471684,39771684,0.77746582,-0.075378418,-0.163146973,0.602722168,-0.60546875,-0.9296875,0.20703125,-1.578125,9.3046875,-2.125,0.05078125,-0.08203125,0.087890625
3954,39486355,39786355,0.777160645,-0.0765380859,-0.163208008,0.602905273,-0.60546875,-0.9296875,0.20703125,-1.578125,9.3046875,-2.125,-0.05078125,-0.154296875,0.20703125
3955,39490085,39790085,0.776855469,-0.0778198242,-0.163208008,0.603149414,-0.35546875,-0.36328125,1.01171875,-1.5625,9.3125,-2.125,-0.05078125,-0.154296875,0.20703125
3956,39506107,39806107,0.776672363,-0.079284668,-0.163146973,0.603210449,-0.35546875,-0.36328125,1.01171875,-1.5625,9.3125,-2.125,0.048828125,-0.177734375,0.22265625
3957,39511147,39811147,0.776672363,-0.0806884766,-0.163085938,0.603088379,-0.5078125,0.125,0.65234375,-1.5234375,9.3203125,-2.109375,0.048828125,-0.177734375,0.22265625
3958,39527463,39827463,0.776733398,-0.0817871094,-0.162719727,0.602905273,-0.5078125,0.125,0.65234375,-1.5234375,9.3203125,-2.109375,0.07421875,-0.0390625,0.201171875
3959,39531567,39831567,0.776855469,-0.0825805664,-0.162109375,0.602844238,-0.34765625,0.73828125,0.09375,-1.4921875,9.3203125,-2.125,0.07421875,-0.0390625,0.201171875
3960,39548167,39848167,0.776916504,-0.0833129883,-0.161193848,0.602905273,-0.34765625,0.73828125,0.09375,-1.4921875,9.3203125,-2.125,0.01953125,0.072265625,0.22265625
3961,39552843,39852843,0.776794434,-0.0839233398,-0.160217285,0.603210449,-0.46484375,1.078125,-0.20703125,-1.453125,9.328125,-2.1328125,0.01953125,0.072265625,0.22265625
3962,39567254,39867254,0.776428223,-0.0847167969,-0.158996582,0.603881836,-0.46484375,1.078125,-0.20703125,-1.453125,9.328125,-2.1328125,-0.14453125,0.09375,0.30078125
3963,39570999,39870999,0.775939941,-0.0855102539,-0.157836914,0.604675293,-0.01953125,0.9921875,-0.40625,-1.3984375,9.3359375,-2.125,-0.14453125,0.09375,0.30078125
3964,39586068,39886068,0.77557373,-0.0865478516,-0.156677246,0.60534668,-0.01953125,0.9921875,-0.40625,-1.3984375,9.3359375,-2.125,-0.048828125,0.021484375,0.310546875
3965,39591105,39891105,0.77532959,-0.0877685547,-0.155883789,0.605651855,-0.3515625,-0.01953125,-0.12109375,-1.3359375,9.3515625,-2.1015625,-0.048828125,0.021484375,0.310546875
3966,39607003,39907003,0.775146484,-0.0888671875,-0.155395508,0.605895996,-0.3515625,-0.01953125,-0.12109375,-1.3359375,9.3515625,-2.1015625,-0.03125,-0.083984375,0.23046875
3967,39610738,39910738,0.774902344,-0.0897827148,-0.155029297,0.606201172,-0.015625,-0.71875,0.3359375,-1.2890625,9.359375,-2.1015625,-0.03125,-0.083984375,0.23046875
3968,39628177,39928177,0.774536133,-0.0904541016,-0.154541016,0.606628418,-0.015625,-0.71875,0.3359375,-1.2890625,9.359375,-2.1015625,-0.080078125,0.0078125,0.16015625
3969,39632453,39932453,0.774291992,-0.091003418,-0.15411377,0.606994629,0.0703125,-0.76171875,-0.0546875,-1.2578125,9.3671875,-2.09375,-0.080078125,0.0078125,0.16015625
3970,39646079,39946079,0.774108887,-0.0914916992,-0.153808594,0.60723877,0.0703125,-0.76171875,-0.0546875,-1.2578125,9.3671875,-2.09375,0.005859375,-0.037109375,0.111328125
3971,39651133,39951133,0.774108887,-0.0921020508,-0.153808594,0.607116699,-0.30859375,-1.0390625,0.015625,-1.2265625,9.375,-2.0859375,0.005859375,-0.037109375,0.111328125
3972,39665625,39965625,0.774230957,-0.0927124023,-0.154052734,0.606811523,-0.30859375,-1.0390625,0.015625,-1.2265625,9.375,-2.0859375,0.0859375,-0.138671875,0.0234375
3973,39673331,39973331,0.774414062,-0.0932617188,-0.154663086,0.606384277,-0.390625,-0.92578125,0.29296875,-1.21875,9.375,-2.09375,0.0859375,-0.138671875,0.0234375
3974,39685404,39985404,0.774475098,-0.0938110352,-0.155639648,0.605957031,-0.390625,-0.92578125,0.29296875,-1.21875,9.375,-2.09375,0.056640625,-0.267578125,-0.06640625
3975,39690434,39990434,0.774353027,-0.0944213867,-0.157043457,0.605651855,-0.61328125,-0.76171875,0.40625,-1.2265625,9.3671875,-2.09375,0.056640625,-0.267578125,-0.06640625
3976,39707883,40007883,0.774047852,-0.0949707031,-0.158691406,0.605529785,-0.61328125,-0.76171875,0.40625,-1.2265625,9.3671875,-2.09375,-0.044921875,-0.345703125,-0.12890625
3977,39712597,40012597,0.773620605,-0.0953979492,-0.160400391,0.605529785,-0.3828125,-0.5625,0.4375,-1.265625,9.359375,-2.0859375,-0.044921875,-0.345703125,-0.12890625
3978,39726270,40026270,0.773132324,-0.095703125,-0.16217041,0.605651855,-0.3828125,-0.5625,0.4375,-1.265625,9.359375,-2.0859375,-0.126953125,-0.3046875,-0.16015625
3979,39734496,40034496,0.772583008,-0.0958251953,-0.163879395,0.605895996,-0.07421875,-0.140625,0.48828125,-1.3046875,9.359375,-2.0625,-0.126953125,-0.3046875,-0.16015625
3980,39744321,40044321,0.771972656,-0.0958251953,-0.165527344,0.606262207,-0.07421875,-0.140625,0.48828125,-1.3046875,9.359375,-2.0625,-0.16015625,-0.2421875,-0.181640625
3981,39752268,40052268,0.771362305,-0.0955810547,-0.166992188,0.606628418,0.0390625,0.00390625,0.34375,-1.34375,9.3671875,-2.03125,-0.16015625,-0.2421875,-0.181640625
3982,39766153,40066153,0.770690918,-0.0952758789,-0.168334961,0.607177734,0.0390625,0.00390625,0.34375,-1.34375,9.3671875,-2.03125,-0.2265625,-0.15234375,-0.189453125
3983,39773108,40073108,0.769897461,-0.0947265625,-0.169555664,0.607849121,0.0859375,0.234375,0.03515625,-1.390625,9.3671875,-1.9921875,-0.2265625,-0.15234375,-0.189453125
3984,39785955,40085955,0.769104004,-0.0941772461,-0.170837402,0.608642578,0.0859375,0.234375,0.03515625,-1.390625,9.3671875,-1.9921875,-0.251953125,-0.130859375,-0.19140625
3985,39792090,40092090,0.768432617,-0.0936889648,-0.171936035,0.60925293,0.1328125,0.1484375,-0.140625,-1.4375,9.375,-1.9296875,-0.251953125,-0.130859375,-0.19140625
3986,39805770,40105770,0.767944336,-0.0930175781,-0.173156738,0.609619141,0.1328125,0.1484375,-0.140625,-1.4375,9.375,-1.9296875,-0.107421875,-0.099609375,-0.212890625
3987,39814479,40114479,0.76776123,-0.0923461914,-0.174194336,0.609680176,0.140625,-0.1875,-0.171875,-1.484375,9.3671875,-1.8984375,-0.107421875,-0.099609375,-0.212890625
3988,39824271,40124271,0.76776123,-0.0914916992,-0.175109863,0.609558105,0.140625,-0.1875,-0.171875,-1.484375,9.3671875,-1.8984375,0.00390625,-0.0234375,-0.267578125
3989,39832190,40132190,0.767944336,-0.0904541016,-0.176025391,0.609191895,0.11328125,-0.296875,-0.37890625,-1.53125,9.359375,-1.8828125,0.00390625,-0.0234375,-0.267578125
3990,39845338,40145338,0.768310547,-0.0894165039,-0.177062988,0.608581543,0.11328125,-0.296875,-0.37890625,-1.53125,9.359375,-1.8828125,0.109375,-0.021484375,-0.3359375
3991,39855799,40155799,0.768859863,-0.0882568359,-0.178161621,0.607727051,-0.1015625,-0.5546875,-0.44921875,-1.5859375,9.3515625,-1.890625,0.109375,-0.021484375,-0.3359375
3992,39870221,40170221,0.769470215,-0.087097168,-0.179321289,0.606750488,-0.1015625,-0.5546875,-0.44921875,-1.5859375,9.3515625,-1.890625,0.171875,-0.044921875,-0.365234375
3993,39871704,40171704,0.770019531,-0.0860595703,-0.180541992,0.605834961,-0.109375,-0.65625,-0.33984375,-1.65625,9.3359375,-1.921875,0.171875,-0.044921875,-0.365234375
3994,39885301,40185301,0.770385742,-0.0850219727,-0.181884766,0.605163574,-0.109375,-0.65625,-0.33984375,-1.65625,9.3359375,-1.921875,0.05859375,-0.103515625,-0.333984375
3995,39894865,40194865,0.770446777,-0.0842285156,-0.183349609,0.604736328,-0.15234375,-0.1796875,-0.05859375,-1.7265625,9.3203125,-1.9375,0.05859375,-0.103515625,-0.333984375
3996,39905651,40205651,0.770324707,-0.0835571289,-0.184875488,0.604492188,-0.15234375,-0.1796875,-0.05859375,-1.7265625,9.3203125,-1.9375,-0.044921875,-0.17578125,-0.27734375
3997,39911386,40211386,0.770141602,-0.0830078125,-0.186340332,0.604309082,-0.09765625,0.21875,0.01171875,-1.78125,9.3046875,-1.9296875,-0.044921875,-0.17578125,-0.27734375
3998,39928047,40228047,0.770019531,-0.0824584961,-0.187744141,0.604187012,-0.09765625,0.21875,0.01171875,-1.78125,9.3046875,-1.9296875,-0.056640625,-0.142578125,-0.251953125
3999,39934491,40234491,0.769714355,-0.0817871094,-0.188964844,0.604309082,0.03515625,0.37890625,0.46484375,-1.8359375,9.296875,-1.921875,-0.056640625,-0.142578125,-0.251953125
4000,39949205,40249205,0.769226074,-0.0809326172,-0.190063477,0.604675293,0.03515625,0.37890625,0.46484375,-1.8359375,9.296875,-1.921875,-0.1875,-0.056640625,-0.2265625
4001,39953591,40253591,0.768676758,-0.0800170898,-0.190979004,0.605224609,0.1171875,0.76953125,0.1640625,-1.8828125,9.2890625,-1.890625,-0.1875,-0.056640625,-0.2265625
4002,39968430,40268430,0.768066406,-0.0791015625,-0.191772461,0.605834961,0.1171875,0.76953125,0.1640625,-1.8828125,9.2890625,-1.890625,-0.203125,-0.025390625,-0.19140625
4003,39975500,40275500,0.767578125,-0.0783691406,-0.192443848,0.606384277,0.234375,0.80859375,-0.2578125,-1.921875,9.2890625,-1.8515625,-0.203125,-0.025390625,-0.19140625
4004,39985870,40285870,0.767089844,-0.0776977539,-0.192932129,0.606872559,0.234375,0.80859375,-0.2578125,-1.921875,9.2890625,-1.8515625,-0.142578125,0.001953125,-0.115234375
4005,39991999,40291999,0.766845703,-0.0772705078,-0.19329834,0.607116699,0.38671875,0.76953125,-0.44140625,-1.9609375,9.2890625,-1.8203125,-0.142578125,0.001953125,-0.115234375
4006,40005252,40305252,0.766784668,-0.0771484375,-0.193725586,0.607055664,0.38671875,0.76953125,-0.44140625,-1.9609375,9.2890625,-1.8203125,0.025390625,-0.083984375,-0.052734375
4007,40013475,40313475,0.766784668,-0.0773925781,-0.194274902,0.606872559,-0.015625,0.34765625,-0.34375,-1.9765625,9.2890625,-1.8046875,0.025390625,-0.083984375,-0.052734375
4008,40027274,40327274,0.766845703,-0.0780029297,-0.194946289,0.606567383,-0.015625,0.34765625,-0.34375,-1.9765625,9.2890625,-1.8046875,0.091796875,-0.19140625,0.009765625
4009,40032956,40332956,0.766967773,-0.0787353516,-0.195556641,0.606079102,-0.0078125,0.2421875,-0.2578125,-1.984375,9.28125,-1.8125,0.091796875,-0.19140625,0.009765625
4010,40045841,40345841,0.767150879,-0.0795288086,-0.196228027,0.605529785,-0.0078125,0.2421875,-0.2578125,-1.984375,9.28125,-1.8125,0.130859375,-0.1796875,0.025390625
4011,40054481,40354481,0.76739502,-0.0803833008,-0.196838379,0.604919434,-0.125,0.08984375,0.1796875,-1.984375,9.28125,-1.828125,0.130859375,-0.1796875,0.025390625
4012,40065263,40365263,0.767700195,-0.0811767578,-0.197387695,0.604248047,-0.125,0.08984375,0.1796875,-1.984375,9.28125,-1.828125,0.171875,-0.19140625,0.02734375
4013,40071118,40371118,0.767944336,-0.0819091797,-0.197875977,0.603637695,0.11328125,0.13671875,0.01171875,-1.9921875,9.2734375,-1.8515625,0.171875,-0.19140625,0.02734375
4014,40085614,40385614,0.768127441,-0.0824584961,-0.198120117,0.603271484,0.11328125,0.13671875,0.01171875,-1.9921875,9.2734375,-1.8515625,0.05078125,-0.07421875,0.0390625
4015,40093862,40393862,0.768066406,-0.082824707,-0.198303223,0.603210449,0.49609375,0.171875,-0.01171875,-1.9921875,9.2734375,-1.8671875,0.05078125,-0.07421875,0.0390625
4016,40105957,40405957,0.767944336,-0.0832519531,-0.198486328,0.603271484,0.49609375,0.171875,-0.01171875,-1.9921875,9.2734375,-1.8671875,-0.013671875,-0.08984375,0.0546875
4017,40112071,40412071,0.767822266,-0.0838012695,-0.198669434,0.603271484,0.25,0.08984375,-0.171875,-1.9765625,9.28125,-1.859375,-0.013671875,-0.08984375,0.0546875
4018,40124178,40424178,0.767700195,-0.084777832,-0.199035645,0.603149414,0.25,0.08984375,-0.171875,-1.9765625,9.28125,-1.859375,0.05859375,-0.2265625,0.12890625
4019,40133488,40433488,0.767578125,-0.0861816406,-0.199584961,0.602966309,-0.40625,-0.1796875,-0.171875,-1.96875,9.28125,-1.859375,0.05859375,-0.2265625,0.12890625
4020,40145488,40445488,0.767333984,-0.0875854492,-0.200012207,0.602905273,-0.40625,-0.1796875,-0.171875,-1.96875,9.28125,-1.859375,0.025390625,-0.21484375,0.1953125
4021,40151216,40451216,0.767089844,-0.0889282227,-0.200073242,0.603027344,0.03515625,-0.109375,-0.01953125,-1.953125,9.2890625,-1.859375,0.025390625,-0.21484375,0.1953125
4022,40164900,40464900,0.766723633,-0.0899047852,-0.199829102,0.60345459,0.03515625,-0.109375,-0.01953125,-1.953125,9.2890625,-1.859375,-0.091796875,-0.0390625,0.197265625
4023,40173853,40473853,0.766479492,-0.090637207,-0.199157715,0.603881836,0.15625,0.2265625,-0.52734375,-1.921875,9.296875,-1.8515625,-0.091796875,-0.0390625,0.197265625
4024,40187553,40487553,0.766418457,-0.0913085938,-0.198303223,0.604064941,0.15625,0.2265625,-0.52734375,-1.921875,9.296875,-1.8515625,0.03125,0.048828125,0.193359375
4025,40191763,40491763,0.766662598,-0.0919799805,-0.197631836,0.603881836,-0.34765625,0.2109375,-0.6015625,-1.875,9.3125,-1.8515625,0.03125,0.048828125,0.193359375
4026,40204775,40504775,0.76739502,-0.0930786133,-0.19708252,0.603027344,-0.34765625,0.2109375,-0.6015625,-1.875,9.3125,-1.8515625,0.337890625,-0.0859375,0.18359375
4027,40212871,40512871,0.768310547,-0.0944824219,-0.196899414,0.601623535,-0.49609375,-0.28125,0.08203125,-1.84375,9.3046875,-1.8828125,0.337890625,-0.0859375,0.18359375
4028,40224849,40524849,0.769287109,-0.0958251953,-0.196899414,0.600219727,-0.49609375,-0.28125,0.08203125,-1.84375,9.3046875,-1.8828125,0.3359375,-0.140625,0.095703125
4029,40230577,40530577,0.770019531,-0.096862793,-0.196899414,0.599121094,-0.01953125,-0.04296875,0.79296875,-1.8203125,9.296875,-1.9453125,0.3359375,-0.140625,0.095703125
4030,40244406,40544406,0.770507812,-0.0978393555,-0.196838379,0.598327637,-0.01953125,-0.04296875,0.79296875,-1.8203125,9.296875,-1.9453125,0.177734375,-0.138671875,0.119140625
4031,40252494,40552494,0.770751953,-0.0989990234,-0.196960449,0.59777832,0.125,-0.03515625,0.34375,-1.8125,9.2890625,-1.9921875,0.177734375,-0.138671875,0.119140625
4032,40265939,40565939,0.770874023,-0.100463867,-0.197143555,0.597290039,0.125,-0.03515625,0.34375,-1.8125,9.2890625,-1.9921875,0.125,-0.23828125,0.208984375
4033,40272454,40572454,0.770751953,-0.101989746,-0.19744873,0.597106934,0.0234375,0.04296875,0.09765625,-1.7890625,9.2890625,-2.015625,0.125,-0.23828125,0.208984375
4034,40284817,40584817,0.770446777,-0.103515625,-0.197814941,0.597167969,0.0234375,0.04296875,0.09765625,-1.7890625,9.2890625,-2.015625,-0.029296875,-0.201171875,0.177734375
4035,40294591,40594591,0.770080566,-0.104614258,-0.197937012,0.597412109,0.53125,0.42578125,0.48046875,-1.7578125,9.2890625,-2.015625,-0.029296875,-0.201171875,0.177734375
4036,40304279,40604279,0.76965332,-0.105529785,-0.197875977,0.59777832,0.53125,0.42578125,0.48046875,-1.7578125,9.2890625,-2.015625,-0.1015625,-0.09765625,0.1640625
4037,40312252,40612252,0.769226074,-0.106262207,-0.197814941,0.598205566,0.23828125,0.07421875,0.04296875,-1.734375,9.296875,-2,-0.1015625,-0.09765625,0.1640625
4038,40325210,40625210,0.768981934,-0.107055664,-0.197814941,0.598388672,0.23828125,0.07421875,0.04296875,-1.734375,9.296875,-2,0.005859375,-0.107421875,0.134765625
4039,40333487,40633487,0.768859863,-0.107971191,-0.197937012,0.598327637,0.0625,-0.31640625,-0.23828125,-1.7109375,9.3046875,-1.984375,0.005859375,-0.107421875,0.134765625
4040,40348496,40648496,0.768920898,-0.108947754,-0.198181152,0.598022461,0.0625,-0.31640625,-0.23828125,-1.7109375,9.3046875,-1.984375,0.134765625,-0.173828125,0.11328125
4041,40352485,40652485,0.769042969,-0.110107422,-0.198547363,0.59753418,-0.11328125,-0.36328125,-0.1171875,-1.6875,9.3125,-1.9921875,0.134765625,-0.173828125,0.11328125
4042,40363585,40663585,0.769104004,-0.111206055,-0.198913574,0.597106934,-0.11328125,-0.36328125,-0.1171875,-1.6875,9.3125,-1.9921875,0.076171875,-0.169921875,0.123046875
4043,40374487,40674487,0.769042969,-0.112243652,-0.19909668,0.596923828,-0.0078125,-0.09375,0.2421875,-1.6796875,9.3125,-2.0078125,0.076171875,-0.169921875,0.123046875
4044,40384394,40684394,0.768920898,-0.113220215,-0.199157715,0.596862793,-0.0078125,-0.09375,0.2421875,-1.6796875,9.3125,-2.0078125,0.0234375,-0.1328125,0.1484375
4045,40390121,40690121,0.768798828,-0.114196777,-0.199279785,0.596862793,-0.22265625,-0.09375,0.3203125,-1.65625,9.3125,-2.0078125,0.0234375,-0.1328125,0.1484375
4046,40406581,40706581,0.768676758,-0.114990234,-0.199401855,0.596801758,-0.22265625,-0.09375,0.3203125,-1.65625,9.3125,-2.0078125,0.013671875,-0.107421875,0.08984375
4047,40412616,40712616,0.768554688,-0.115539551,-0.199523926,0.596801758,-0.0078125,-0.02734375,0.3984375,-1.640625,9.3203125,-2.0078125,0.013671875,-0.107421875,0.08984375
4048,40425474,40725474,0.768432617,-0.115966797,-0.199707031,0.596801758,-0.0078125,-0.02734375,0.3984375,-1.640625,9.3203125,-2.0078125,-0.017578125,-0.07421875,0.0390625
4049,40433042,40733042,0.768249512,-0.116271973,-0.199890137,0.596923828,0.0234375,-0.140625,0.2421875,-1.6328125,9.3203125,-2.0078125,-0.017578125,-0.07421875,0.0390625
4050,40446460,40746460,0.768127441,-0.116455078,-0.200195312,0.596984863,0.0234375,-0.140625,0.2421875,-1.6328125,9.3203125,-2.0078125,-0.01953125,-0.072265625,-0.01171875
4051,40452973,40752973,0.768005371,-0.116577148,-0.200500488,0.596923828,0.0234375,-0.296875,0.08203125,-1.6328125,9.3203125,-2,-0.01953125,-0.072265625,-0.01171875
4052,40464273,40764273,0.768005371,-0.116577148,-0.20098877,0.596801758,0.0234375,-0.296875,0.08203125,-1.6328125,9.3203125,-2,0.015625,-0.06640625,-0.07421875
4053,40470243,40770243,0.768066406,-0.116394043,-0.201416016,0.596618652,0.18359375,-0.2578125,0.12109375,-1.640625,9.3203125,-2,0.015625,-0.06640625,-0.07421875
4054,40484745,40784745,0.768127441,-0.115966797,-0.201660156,0.596496582,0.18359375,-0.2578125,0.12109375,-1.640625,9.3203125,-2,0.01171875,0.033203125,-0.10546875
4055,40493969,40793969,0.768310547,-0.11541748,-0.201843262,0.596374512,0.12890625,-0.171875,-0.03125,-1.6640625,9.3125,-2,0.01171875,0.033203125,-0.10546875
4056,40508562,40808562,0.768554688,-0.114685059,-0.201904297,0.596130371,0.12890625,-0.171875,-0.03125,-1.6640625,9.3125,-2,0.05078125,0.072265625,-0.140625
4057,40512564,40812564,0.768920898,-0.114013672,-0.202026367,0.59576416,0.0390625,-0.125,-0.25390625,-1.6875,9.3046875,-2.0078125,0.05078125,0.072265625,-0.140625
4058,40523402,40823402,0.76940918,-0.11328125,-0.202087402,0.595214844,0.0390625,-0.125,-0.25390625,-1.6875,9.3046875,-2.0078125,0.12109375,0.091796875,-0.1484375
4059,40533621,40833621,0.769958496,-0.112548828,-0.202087402,0.594665527,0.1015625,0.03515625,-0.1640625,-1.7109375,9.296875,-2.0234375,0.12109375,0.091796875,-0.1484375
4060,40545466,40845466,0.770446777,-0.111694336,-0.202148438,0.594238281,0.1015625,0.03515625,-0.1640625,-1.7109375,9.296875,-2.0234375,0.078125,0.115234375,-0.1640625
4061,40550509,40850509,0.770812988,-0.110717773,-0.202087402,0.593933105,0.19921875,0.12109375,0.05078125,-1.734375,9.2890625,-2.046875,0.078125,0.115234375,-0.1640625
4062,40566399,40866399,0.771118164,-0.109680176,-0.201965332,0.593811035,0.19921875,0.12109375,0.05078125,-1.734375,9.2890625,-2.046875,-0.01171875,0.173828125,-0.15234375
4063,40572479,40872479,0.77130127,-0.108520508,-0.201721191,0.59387207,0.22265625,0.2421875,0.10546875,-1.7578125,9.28125,-2.0625,-0.01171875,0.173828125,-0.15234375
4064,40587275,40887275,0.771362305,-0.10723877,-0.201416016,0.594055176,0.22265625,0.2421875,0.10546875,-1.7578125,9.28125,-2.0625,-0.072265625,0.21875,-0.154296875
4065,40591594,40891594,0.771362305,-0.105957031,-0.201171875,0.594360352,0.0859375,0.2734375,0.0234375,-1.7734375,9.2890625,-2.0546875,-0.072265625,0.21875,-0.154296875
4066,40603190,40903190,0.771240234,-0.104553223,-0.201049805,0.594848633,0.0859375,0.2734375,0.0234375,-1.7734375,9.2890625,-2.0546875,-0.1640625,0.169921875,-0.169921875
4067,40614849,40914849,0.770935059,-0.103271484,-0.20098877,0.595458984,0.03125,0.1640625,0.16796875,-1.796875,9.28125,-2.046875,-0.1640625,0.169921875,-0.169921875
4068,40625002,40925002,0.770507812,-0.101989746,-0.20111084,0.596252441,0.03125,0.1640625,0.16796875,-1.796875,9.28125,-2.046875,-0.228515625,0.126953125,-0.158203125
4069,40630988,40930988,0.770019531,-0.100830078,-0.20123291,0.596984863,0.01953125,0.01171875,0.16796875,-1.8203125,9.28125,-2.0078125,-0.228515625,0.126953125,-0.158203125
4070,40644303,40944303,0.76965332,-0.0997314453,-0.201293945,0.59765625,0.01953125,0.01171875,0.16796875,-1.8203125,9.28125,-2.0078125,-0.166015625,0.123046875,-0.13671875
4071,40653487,40953487,0.76940918,-0.0986938477,-0.20123291,0.598144531,0.1953125,0.05078125,-0.01953125,-1.84375,9.28125,-1.9765625,-0.166015625,0.123046875,-0.13671875
4072,40668347,40968347,0.769287109,-0.0975341797,-0.20111084,0.598571777,0.1953125,0.05078125,-0.01953125,-1.84375,9.28125,-1.9765625,-0.09765625,0.189453125,-0.146484375
4073,40672685,40972685,0.769348145,-0.0963134766,-0.200744629,0.598815918,0.1328125,0.12890625,-0.234375,-1.859375,9.28125,-1.953125,-0.09765625,0.189453125,-0.146484375
4074,40686252,40986252,0.76953125,-0.0952148438,-0.200195312,0.598876953,0.1328125,0.12890625,-0.234375,-1.859375,9.28125,-1.953125,-0.0078125,0.220703125,-0.1015625
4075,40692497,40992497,0.769775391,-0.0942382812,-0.199707031,0.598937988,-0.04296875,0.08984375,-0.42578125,-1.875,9.28125,-1.953125,-0.0078125,0.220703125,-0.1015625
4076,40705864,41005864,0.770019531,-0.0933227539,-0.19921875,0.598876953,-0.04296875,0.08984375,-0.42578125,-1.875,9.28125,-1.953125,-0.001953125,0.1796875,-0.080078125
4077,40711407,41011407,0.770202637,-0.0924682617,-0.198791504,0.598937988,-0.07421875,0.09765625,-0.1484375,-1.8828125,9.2734375,-1.9609375,-0.001953125,0.1796875,-0.080078125
4078,40726018,41026018,0.770263672,-0.0916137695,-0.198486328,0.599121094,-0.07421875,0.09765625,-0.1484375,-1.8828125,9.2734375,-1.9609375,-0.06640625,0.15625,-0.080078125
4079,40731476,41031476,0.770141602,-0.0908203125,-0.198181152,0.599487305,0.08984375,0.05859375,0.12109375,-1.890625,9.2734375,-1.9609375,-0.06640625,0.15625,-0.080078125
4080,40746083,41046083,0.769714355,-0.0900878906,-0.198059082,0.600158691,0.08984375,0.05859375,0.12109375,-1.890625,9.2734375,-1.9609375,-0.21875,0.08203125,-0.060546875
4081,40749703,41049703,0.769104004,-0.0894165039,-0.197998047,0.601013184,0.01953125,0.25,0.25,-1.8984375,9.2734375,-1.9375,-0.21875,0.08203125,-0.060546875
4082,40765986,41065986,0.768371582,-0.0887451172,-0.197937012,0.602172852,0.01953125,0.25,0.25,-1.8984375,9.2734375,-1.9375,-0.28515625,0.08984375,-0.029296875
4083,40772622,41072622,0.76763916,-0.0880737305,-0.197753906,0.603210449,0.02734375,0.234375,0.08984375,-1.90625,9.2890625,-1.890625,-0.28515625,0.08984375,-0.029296875
4084,40785089,41085089,0.767028809,-0.0874023438,-0.197387695,0.604187012,0.02734375,0.234375,0.08984375,-1.90625,9.2890625,-1.890625,-0.228515625,0.1328125,-0.01171875
4085,40790164,41090164,0.766540527,-0.0867919922,-0.197021484,0.605041504,-0.05078125,-0.1171875,-0.02734375,-1.90625,9.296875,-1.8515625,-0.228515625,0.1328125,-0.01171875
4086,40805593,41105593,0.766235352,-0.0862426758,-0.196594238,0.605651855,-0.05078125,-0.1171875,-0.02734375,-1.90625,9.296875,-1.8515625,-0.134765625,0.1328125,-0.001953125
4087,40812619,41112619,0.765930176,-0.0857543945,-0.196166992,0.606201172,-0.01953125,-0.203125,-0.13671875,-1.8984375,9.3046875,-1.8203125,-0.134765625,0.1328125,-0.001953125
4088,40827190,41127190,0.765625,-0.0853271484,-0.195739746,0.606811523,-0.01953125,-0.203125,-0.13671875,-1.8984375,9.3046875,-1.8203125,-0.140625,0.0859375,0.01953125
4089,40830944,41130944,0.765258789,-0.0850830078,-0.19543457,0.607421875,-0.05859375,0.02734375,-0.34375,-1.8984375,9.3046875,-1.8046875,-0.140625,0.0859375,0.01953125
4090,40844444,41144444,0.764770508,-0.0849609375,-0.195129395,0.608154297,-0.05859375,0.02734375,-0.34375,-1.8984375,9.3046875,-1.8046875,-0.177734375,0.05078125,0.06640625
4091,40853659,41153659,0.764221191,-0.0848999023,-0.194824219,0.608947754,0.1640625,0.36328125,-0.2578125,-1.890625,9.3125,-1.7734375,-0.177734375,0.05078125,0.06640625
4092,40865889,41165889,0.763549805,-0.0850219727,-0.194335938,0.609863281,0.1640625,0.36328125,-0.2578125,-1.890625,9.3125,-1.7734375,-0.18359375,0.052734375,0.1171875
4093,40869643,41169643,0.763183594,-0.085144043,-0.193847656,0.610534668,0.21875,0.2734375,-0.0234375,-1.8671875,9.328125,-1.7421875,-0.18359375,0.052734375,0.1171875
4094,40884509,41184509,0.763122559,-0.0855102539,-0.19329834,0.610717773,0.21875,0.2734375,-0.0234375,-1.8671875,9.328125,-1.7421875,0.04296875,0.04296875,0.130859375
4095,40894344,41194344,0.763305664,-0.0859985352,-0.192749023,0.610595703,0.1171875,-0.03515625,0.0390625,-1.84375,9.328125,-1.7265625,0.04296875,0.04296875,0.130859375
4096,40907510,41207510,0.76361084,-0.0866699219,-0.192321777,0.610229492,0.1171875,-0.03515625,0.0390625,-1.84375,9.328125,-1.7265625,0.1171875,-0.01953125,0.13671875
4097,40911874,41211874,0.76373291,-0.0873413086,-0.191894531,0.610107422,0.0546875,0.2265625,0.29296875,-1.8203125,9.3359375,-1.75,0.1171875,-0.01953125,0.13671875
4098,40926037,41226037,0.76361084,-0.087890625,-0.19128418,0.610412598,0.0546875,0.2265625,0.29296875,-1.8203125,9.3359375,-1.75,-0.087890625,0.04296875,0.1796875
4099,40933020,41233020,0.763183594,-0.0883178711,-0.190551758,0.611083984,0.140625,0.5625,0.33984375,-1.7890625,9.34375,-1.7578125,-0.087890625,0.04296875,0.1796875
4100,40945248,41245248,0.762573242,-0.088684082,-0.189697266,0.612060547,0.140625,0.5625,0.33984375,-1.7890625,9.34375,-1.7578125,-0.212890625,0.083984375,0.21875
4101,40950278,41250278,0.761901855,-0.089050293,-0.188781738,0.613098145,0.33203125,0.5078125,0,-1.75,9.359375,-1.7265625,-0.212890625,0.083984375,0.21875
4102,40965747,41265747,0.761291504,-0.0894165039,-0.187927246,0.614135742,0.33203125,0.5078125,0,-1.75,9.359375,-1.7265625,-0.1953125,0.078125,0.205078125
4103,40971984,41271984,0.760681152,-0.0897216797,-0.187133789,0.61505127,0.32421875,-0.00390625,-0.11328125,-1.703125,9.375,-1.6875,-0.1953125,0.078125,0.205078125
4104,40986151,41286151,0.760009766,-0.0900878906,-0.186157227,0.616088867,0.32421875,-0.00390625,-0.11328125,-1.703125,9.375,-1.6875,-0.201171875,0.08984375,0.220703125
4105,40989885,41289885,0.759399414,-0.0905151367,-0.185302734,0.61706543,0.12890625,-0.09765625,0.08203125,-1.6640625,9.390625,-1.65625,-0.201171875,0.08984375,0.220703125
4106,41005884,41305884,0.758789062,-0.091003418,-0.184326172,0.617980957,0.12890625,-0.09765625,0.08203125,-1.6640625,9.390625,-1.65625,-0.150390625,0.080078125,0.236328125
4107,41013014,41313014,0.758422852,-0.0914916992,-0.183349609,0.618713379,-0.33984375,0.15625,-0.17578125,-1.6171875,9.40625,-1.625,-0.150390625,0.080078125,0.236328125
4108,41025266,41325266,0.758178711,-0.0921020508,-0.182250977,0.619262695,-0.33984375,0.15625,-0.17578125,-1.6171875,9.40625,-1.625,-0.03125,0.09765625,0.24609375
4109,41030302,41330302,0.758178711,-0.0927734375,-0.181091309,0.619506836,-0.203125,0.26171875,-0.69140625,-1.5625,9.4140625,-1.609375,-0.03125,0.09765625,0.24609375
4110,41045937,41345937,0.758300781,-0.0934448242,-0.180053711,0.619567871,-0.203125,0.26171875,-0.69140625,-1.5625,9.4140625,-1.609375,0.068359375,0.0546875,0.22265625
4111,41051608,41351608,0.758483887,-0.0941162109,-0.179260254,0.619445801,-0.09375,-0.203125,-0.33984375,-1.515625,9.421875,-1.6171875,0.068359375,0.0546875,0.22265625
4112,41066835,41366835,0.758666992,-0.0948486328,-0.178649902,0.61932373,-0.09375,-0.203125,-0.33984375,-1.515625,9.421875,-1.6171875,0.060546875,0.00390625,0.140625
4113,41070681,41370681,0.758666992,-0.0953369141,-0.178283691,0.61932373,0.02734375,-0.3984375,0.17578125,-1.484375,9.421875,-1.6328125,0.060546875,0.00390625,0.140625
4114,41085047,41385047,0.758483887,-0.0956420898,-0.177978516,0.619567871,0.02734375,-0.3984375,0.17578125,-1.484375,9.421875,-1.6328125,-0.0625,0.005859375,0.08984375
4115,41091615,41391615,0.758300781,-0.0958862305,-0.177612305,0.619873047,0.04296875,-0.40625,0.40625,-1.4609375,9.4296875,-1.6328125,-0.0625,0.005859375,0.08984375
4116,41104673,41404673,0.758361816,-0.0959472656,-0.177062988,0.619934082,0.04296875,-0.40625,0.40625,-1.4609375,9.4296875,-1.6328125,0.044921875,0.0859375,0.078125
4117,41111236,41411236,0.758666992,-0.0960083008,-0.176391602,0.619750977,-0.13671875,-0.44140625,0.09765625,-1.4375,9.4296875,-1.6328125,0.044921875,0.0859375,0.078125
4118,41125624,41425624,0.759155273,-0.0960083008,-0.17565918,0.61932373,-0.13671875,-0.44140625,0.09765625,-1.4375,9.4296875,-1.6328125,0.171875,0.15234375,0.060546875
4119,41132642,41432642,0.759887695,-0.0958251953,-0.174743652,0.618774414,0.04296875,-0.51953125,-0.22265625,-1.421875,9.4296875,-1.65625,0.171875,0.15234375,0.060546875
4120,41147155,41447155,0.760620117,-0.0954589844,-0.17388916,0.618164062,0.04296875,-0.51953125,-0.22265625,-1.421875,9.4296875,-1.65625,0.171875,0.1796875,0.00390625
4121,41150895,41450895,0.761230469,-0.0950317383,-0.173217773,0.617614746,-0.00390625,-0.58984375,-0.17578125,-1.4140625,9.421875,-1.703125,0.171875,0.1796875,0.00390625
4122,41165177,41465177,0.761779785,-0.094543457,-0.172851562,0.617126465,-0.00390625,-0.58984375,-0.17578125,-1.4140625,9.421875,-1.703125,0.12890625,0.1015625,-0.072265625
4123,41170218,41470218,0.762329102,-0.0941162109,-0.172790527,0.616516113,-0.2734375,-0.88671875,-0.0390625,-1.4140625,9.4140625,-1.7265625,0.12890625,0.1015625,-0.072265625
4124,41184587,41484587,0.763000488,-0.0938110352,-0.173156738,0.615661621,-0.2734375,-0.88671875,-0.0390625,-1.4140625,9.4140625,-1.7265625,0.216796875,-0.04296875,-0.146484375
4125,41191236,41491236,0.763671875,-0.0935668945,-0.17376709,0.614685059,-0.41015625,-0.87890625,0.30859375,-1.4296875,9.40625,-1.765625,0.216796875,-0.04296875,-0.146484375
4126,41204409,41504409,0.764221191,-0.0933837891,-0.174499512,0.613830566,-0.41015625,-0.87890625,0.30859375,-1.4296875,9.40625,-1.765625,0.189453125,-0.09375,-0.1796875
4127,41210227,41510227,0.764831543,-0.0930786133,-0.175415039,0.612854004,-0.265625,-0.51953125,0.4921875,-1.4609375,9.390625,-1.796875,0.189453125,-0.09375,-0.1796875
4128,41225442,41525442,0.765319824,-0.0927734375,-0.176330566,0.612060547,-0.265625,-0.51953125,0.4921875,-1.4609375,9.390625,-1.796875,0.140625,-0.09375,-0.205078125
4129,41230488,41530488,0.765686035,-0.0924072266,-0.177185059,0.61138916,-0.06640625,-0.3203125,0.25390625,-1.5078125,9.3828125,-1.828125,0.140625,-0.09375,-0.205078125
4130,41244309,41544309,0.766052246,-0.0919799805,-0.178222656,0.610717773,-0.06640625,-0.3203125,0.25390625,-1.5078125,9.3828125,-1.828125,0.091796875,-0.095703125,-0.208984375
4131,41254198,41554198,0.766296387,-0.0915527344,-0.179138184,0.610229492,-0.02734375,0.00390625,0.1875,-1.546875,9.3671875,-1.8359375,0.091796875,-0.095703125,-0.208984375
4132,41265371,41565371,0.766479492,-0.0910644531,-0.180053711,0.609802246,-0.02734375,0.00390625,0.1875,-1.546875,9.3671875,-1.8359375,0.0390625,-0.0859375,-0.197265625
4133,41273851,41573851,0.766540527,-0.0906982422,-0.180908203,0.60949707,-0.1015625,0.171875,0.2421875,-1.5859375,9.3515625,-1.8515625,0.0390625,-0.0859375,-0.197265625
4134,41284933,41584933,0.766540527,-0.0902709961,-0.18170166,0.60925293,-0.1015625,0.171875,0.2421875,-1.5859375,9.3515625,-1.8515625,-0.009765625,-0.076171875,-0.14453125
4135,41290259,41590259,0.766479492,-0.0900268555,-0.182434082,0.609191895,-0.140625,0.515625,0.203125,-1.625,9.3515625,-1.8515625,-0.009765625,-0.076171875,-0.14453125
4136,41304923,41604923,0.766357422,-0.08984375,-0.183105469,0.609191895,-0.140625,0.515625,0.203125,-1.625,9.3515625,-1.8515625,-0.04296875,-0.0859375,-0.087890625
4137,41313134,41613134,0.766174316,-0.0897827148,-0.183654785,0.60925293,0,0.484375,0.00390625,-1.6484375,9.34375,-1.84375,-0.04296875,-0.0859375,-0.087890625
4138,41325878,41625878,0.765991211,-0.0897827148,-0.184204102,0.609313965,0,0.484375,0.00390625,-1.6484375,9.34375,-1.84375,-0.03125,-0.083984375,-0.052734375
4139,41332838,41632838,0.765869141,-0.08984375,-0.184631348,0.609313965,-0.0234375,0.40234375,-0.04296875,-1.6640625,9.3515625,-1.8359375,-0.03125,-0.083984375,-0.052734375
4140,41344067,41644067,0.76574707,-0.0899047852,-0.185119629,0.609313965,-0.0234375,0.40234375,-0.04296875,-1.6640625,9.3515625,-1.8359375,-0.01953125,-0.076171875,-0.0390625
4141,41352273,41652273,0.765686035,-0.0899658203,-0.185546875,0.60925293,-0.0546875,0.33203125,-0.05078125,-1.671875,9.34375,-1.828125,-0.01953125,-0.076171875,-0.0390625
4142,41366321,41666321,0.76574707,-0.0899047852,-0.185913086,0.609069824,-0.0546875,0.33203125,-0.05078125,-1.671875,9.34375,-1.828125,0.05078125,-0.05859375,-0.06640625
4143,41372939,41672939,0.765930176,-0.08984375,-0.186340332,0.608764648,-0.15234375,-0.08984375,0.0625,-1.6875,9.34375,-1.828125,0.05078125,-0.05859375,-0.06640625
4144,41386232,41686232,0.766113281,-0.0897216797,-0.186889648,0.608337402,-0.15234375,-0.08984375,0.0625,-1.6875,9.34375,-1.828125,0.076171875,-0.05859375,-0.1171875
4145,41389968,41689968,0.766357422,-0.0895385742,-0.187438965,0.607849121,-0.13671875,-0.2734375,0.109375,-1.703125,9.3359375,-1.8359375,0.076171875,-0.05859375,-0.1171875
4146,41405441,41705441,0.766662598,-0.0892944336,-0.188110352,0.60736084,-0.13671875,-0.2734375,0.109375,-1.703125,9.3359375,-1.8359375,0.0859375,-0.07421875,-0.146484375
4147,41411227,41711227,0.766845703,-0.089050293,-0.188781738,0.606933594,-0.14453125,-0.45703125,0.1640625,-1.734375,9.328125,-1.8515625,0.0859375,-0.07421875,-0.146484375
4148,41426540,41726540,0.766906738,-0.0887451172,-0.189575195,0.606689453,-0.14453125,-0.45703125,0.1640625,-1.734375,9.328125,-1.8515625,0.00390625,-0.09375,-0.146484375
4149,41430277,41730277,0.766845703,-0.0885009766,-0.190368652,0.606567383,0,-0.33203125,0.09375,-1.765625,9.3203125,-1.859375,0.00390625,-0.09375,-0.146484375
4150,41446950,41746950,0.766662598,-0.0883178711,-0.19128418,0.606506348,0,-0.33203125,0.09375,-1.765625,9.3203125,-1.859375,-0.05078125,-0.119140625,-0.119140625
4151,41453621,41753621,0.766418457,-0.0881958008,-0.192016602,0.606567383,0.26953125,-0.02734375,0.078125,-1.8046875,9.3203125,-1.84375,-0.05078125,-0.119140625,-0.119140625
4152,41467741,41767741,0.766235352,-0.0880126953,-0.192687988,0.606689453,0.26953125,-0.02734375,0.078125,-1.8046875,9.3203125,-1.84375,-0.064453125,-0.06640625,-0.091796875
4153,41473129,41773129,0.765991211,-0.0877685547,-0.19317627,0.606811523,0.41015625,0.2109375,-0.08984375,-1.828125,9.3125,-1.828125,-0.064453125,-0.06640625,-0.091796875
4154,41486507,41786507,0.765869141,-0.0874023438,-0.193603516,0.606933594,0.41015625,0.2109375,-0.08984375,-1.828125,9.3125,-1.828125,-0.048828125,-0.009765625,-0.09765625
4155,41492609,41792609,0.765808105,-0.0869750977,-0.193908691,0.606933594,0.15625,0.2890625,-0.14453125,-1.84375,9.3125,-1.8125,-0.048828125,-0.009765625,-0.09765625
4156,41503830,41803830,0.765930176,-0.0864257812,-0.194091797,0.606750488,0.15625,0.2890625,-0.14453125,-1.84375,9.3125,-1.8125,0.041015625,0.046875,-0.126953125
4157,41512370,41812370,0.766174316,-0.0858154297,-0.194274902,0.606506348,-0.01953125,0.1328125,-0.10546875,-1.859375,9.3125,-1.8125,0.041015625,0.046875,-0.126953125
4158,41524683,41824683,0.766479492,-0.0849609375,-0.194396973,0.606201172,-0.01953125,0.1328125,-0.10546875,-1.859375,9.3125,-1.8125,0.04296875,0.09375,-0.1640625
4159,41531794,41831794,0.766723633,-0.0840454102,-0.194580078,0.605957031,-0.140625,-0.05078125,-0.2421875,-1.890625,9.3046875,-1.828125,0.04296875,0.09375,-0.1640625
4160,41545634,41845634,0.766784668,-0.0830688477,-0.194763184,0.606018066,-0.140625,-0.05078125,-0.2421875,-1.890625,9.3046875,-1.828125,-0.06640625,0.083984375,-0.171875
4161,41553322,41853322,0.766662598,-0.0821533203,-0.195007324,0.606140137,-0.00390625,-0.078125,-0.39453125,-1.9140625,9.296875,-1.828125,-0.06640625,0.083984375,-0.171875
4162,41566143,41866143,0.766601562,-0.0812988281,-0.19543457,0.606262207,-0.00390625,-0.078125,-0.39453125,-1.9140625,9.296875,-1.828125,-0.052734375,0.02734375,-0.171875
4163,41572604,41872604,0.766601562,-0.0805664062,-0.195861816,0.606201172,-0.01171875,-0.234375,-0.25,-1.9453125,9.296875,-1.8203125,-0.052734375,0.02734375,-0.171875
4164,41583836,41883836,0.766662598,-0.0797729492,-0.196289062,0.606079102,-0.01171875,-0.234375,-0.25,-1.9453125,9.296875,-1.8203125,-0.013671875,0.0390625,-0.177734375
4165,41592067,41892067,0.766723633,-0.078918457,-0.196655273,0.606018066,-0.0234375,-0.1796875,-0.10546875,-1.96875,9.28125,-1.8125,-0.013671875,0.0390625,-0.177734375
4166,41606226,41906226,0.766723633,-0.0780029297,-0.196960449,0.606018066,-0.0234375,-0.1796875,-0.10546875,-1.96875,9.28125,-1.8125,-0.046875,0.07421875,-0.173828125
4167,41611991,41911991,0.766723633,-0.0771484375,-0.19720459,0.606079102,0.0078125,0.09765625,-0.10546875,-2,9.2734375,-1.8125,-0.046875,0.07421875,-0.173828125
4168,41625631,41925631,0.766784668,-0.0762939453,-0.197570801,0.606018066,0.0078125,0.09765625,-0.10546875,-2,9.2734375,-1.8125,0,0.033203125,-0.162109375
4169,41633366,41933366,0.766906738,-0.0756835938,-0.197937012,0.605773926,-0.1171875,0.06640625,-0.21875,-2.03125,9.265625,-1.8125,0,0.033203125,-0.162109375
4170,41646035,41946035,0.767089844,-0.0753173828,-0.198425293,0.60546875,-0.1171875,0.06640625,-0.21875,-2.03125,9.265625,-1.8125,0.0546875,-0.03515625,-0.12109375
4171,41652616,41952616,0.767211914,-0.0750732422,-0.198913574,0.605102539,-0.16796875,0.296875,-0.01953125,-2.0546875,9.265625,-1.8203125,0.0546875,-0.03515625,-0.12109375
4172,41665148,41965148,0.767333984,-0.0750732422,-0.199462891,0.604858398,-0.16796875,0.296875,-0.01953125,-2.0546875,9.265625,-1.8203125,0.03515625,-0.09375,-0.076171875
4173,41672006,41972006,0.767333984,-0.0751342773,-0.200012207,0.604614258,-0.10546875,0.45703125,0.01953125,-2.078125,9.2578125,-1.8203125,0.03515625,-0.09375,-0.076171875
4174,41685375,41985375,0.767333984,-0.0751953125,-0.200378418,0.604431152,-0.10546875,0.45703125,0.01953125,-2.078125,9.2578125,-1.8203125,0.03515625,-0.056640625,-0.03125
4175,41691628,41991628,0.767456055,-0.0752563477,-0.200561523,0.604309082,0.09375,0.54296875,0.25390625,-2.0859375,9.25,-1.828125,0.03515625,-0.056640625,-0.03125
4176,41707831,42007831,0.76751709,-0.0753173828,-0.200622559,0.604125977,0.09375,0.54296875,0.25390625,-2.0859375,9.25,-1.828125,0.033203125,-0.0078125,0.005859375
4177,41711966,42011966,0.767578125,-0.0754394531,-0.200683594,0.604003906,-0.08984375,0.3515625,0.37890625,-2.09375,9.25,-1.8359375,0.033203125,-0.0078125,0.005859375
4178,41725996,42025996,0.767578125,-0.0756225586,-0.200866699,0.603942871,-0.08984375,0.3515625,0.37890625,-2.09375,9.25,-1.8359375,0.005859375,-0.0703125,-0.00390625
4179,41732603,42032603,0.767456055,-0.0759277344,-0.20123291,0.603881836,-0.3203125,-0.00390625,0.03515625,-2.09375,9.2578125,-1.8359375,0.005859375,-0.0703125,-0.00390625
4180,41745162,42045162,0.767272949,-0.0763549805,-0.201843262,0.603881836,-0.3203125,-0.00390625,0.03515625,-2.09375,9.2578125,-1.8359375,-0.013671875,-0.166015625,0.0078125
4181,41751559,42051559,0.767028809,-0.0769042969,-0.202392578,0.603942871,0.03125,-0.1171875,-0.01171875,-2.1015625,9.2578125,-1.828125,-0.013671875,-0.166015625,0.0078125
4182,41765177,42065177,0.766784668,-0.0775756836,-0.202941895,0.604064941,0.03125,-0.1171875,-0.01171875,-2.1015625,9.2578125,-1.828125,-0.041015625,-0.15625,0.052734375
4183,41771988,42071988,0.766479492,-0.0781860352,-0.203308105,0.604187012,0.30078125,0.03515625,-0.01953125,-2.1015625,9.2578125,-1.8203125,-0.041015625,-0.15625,0.052734375
4184,41787998,42087998,0.766296387,-0.0790405273,-0.203613281,0.604187012,0.30078125,0.03515625,-0.01953125,-2.1015625,9.2578125,-1.8203125,0.03125,-0.173828125,0.103515625
4185,41792123,42092123,0.766174316,-0.080078125,-0.203979492,0.604125977,0.0234375,0.21875,-0.07421875,-2.09375,9.265625,-1.8046875,0.03125,-0.173828125,0.103515625
4186,41808226,42108226,0.766052246,-0.0811157227,-0.204284668,0.604064941,0.0234375,0.21875,-0.07421875,-2.09375,9.265625,-1.8046875,0.03515625,-0.158203125,0.115234375
4187,41812369,42112369,0.766052246,-0.0819702148,-0.204528809,0.603820801,0.20703125,0.2578125,-0.11328125,-2.0859375,9.265625,-1.8046875,0.03515625,-0.158203125,0.115234375
4188,41824992,42124992,0.766235352,-0.0827026367,-0.204772949,0.603393555,0.20703125,0.2578125,-0.11328125,-2.0859375,9.265625,-1.8046875,0.142578125,-0.12890625,0.052734375
4189,41831411,42131411,0.766601562,-0.0835571289,-0.205078125,0.602722168,-0.15234375,-0.0859375,-0.14453125,-2.0703125,9.265625,-1.8125,0.142578125,-0.12890625,0.052734375
4190,41843459,42143459,0.766967773,-0.0844116211,-0.205505371,0.601989746,-0.15234375,-0.0859375,-0.14453125,-2.0703125,9.265625,-1.8125,0.193359375,-0.177734375,0.0546875
4191,41853738,42153738,0.767272949,-0.0853271484,-0.205871582,0.601318359,0,-0.1640625,0.078125,-2.0703125,9.265625,-1.84375,0.193359375,-0.177734375,0.0546875
4192,41868140,42168140,0.76751709,-0.0859985352,-0.206115723,0.600891113,0,-0.1640625,0.078125,-2.0703125,9.265625,-1.84375,0.095703125,-0.109375,0.05859375
4193,41872311,42172311,0.767578125,-0.0866699219,-0.206359863,0.600585938,0.18359375,-0.0390625,0.09375,-2.0625,9.2578125,-1.859375,0.095703125,-0.109375,0.05859375
4194,41885101,42185101,0.76763916,-0.0873413086,-0.206542969,0.600402832,0.18359375,-0.0390625,0.09375,-2.0625,9.2578125,-1.859375,0.052734375,-0.107421875,0.07421875
4195,41891633,42191633,0.76763916,-0.0880126953,-0.206787109,0.600219727,0.0625,-0.00390625,0.1015625,-2.0546875,9.2578125,-1.8671875,0.052734375,-0.107421875,0.07421875
4196,41906531,42206531,0.767578125,-0.0888671875,-0.20715332,0.600036621,0.0625,-0.00390625,0.1015625,-2.0546875,9.2578125,-1.8671875,0.0390625,-0.15625,0.0859375
4197,41911278,42211278,0.767456055,-0.0896606445,-0.207397461,0.599975586,0.015625,-0.078125,0.41796875,-2.046875,9.2578125,-1.875,0.0390625,-0.15625,0.0859375
4198,41924629,42224629,0.767150879,-0.0902099609,-0.207580566,0.600158691,0.015625,-0.078125,0.41796875,-2.046875,9.2578125,-1.875,-0.072265625,-0.072265625,0.076171875
4199,41930227,42230227,0.766845703,-0.0907592773,-0.207702637,0.600463867,0.23046875,0.06640625,0.37109375,-2.03125,9.265625,-1.8671875,-0.072265625,-0.072265625,0.076171875
4200,41946757,42246757,0.766540527,-0.0914916992,-0.208007812,0.600646973,0.23046875,0.06640625,0.37109375,-2.03125,9.265625,-1.8671875,-0.048828125,-0.166015625,0.091796875
4201,41951036,42251036,0.766174316,-0.0922241211,-0.208435059,0.600830078,-0.0859375,-0.2109375,0.1640625,-2.0234375,9.2734375,-1.8515625,-0.048828125,-0.166015625,0.091796875
4202,41964526,42264526,0.765869141,-0.0930786133,-0.208984375,0.600952148,-0.0859375,-0.2109375,0.1640625,-2.0234375,9.2734375,-1.8515625,-0.013671875,-0.18359375,0.052734375
4203,41970227,42270227,0.765625,-0.0936279297,-0.209472656,0.600952148,0.09765625,-0.1328125,0.0703125,-2.015625,9.2734375,-1.8359375,-0.013671875,-0.18359375,0.052734375
4204,41984551,42284551,0.765441895,-0.0941162109,-0.209899902,0.601013184,0.09765625,-0.1328125,0.0703125,-2.015625,9.2734375,-1.8359375,-0.005859375,-0.130859375,0.03125
4205,41991207,42291207,0.765197754,-0.0947265625,-0.210388184,0.601013184,-0.28515625,-0.171875,-0.01171875,-2.015625,9.2734375,-1.828125,-0.005859375,-0.130859375,0.03125
4206,42004650,42304650,0.764953613,-0.0953979492,-0.2109375,0.601074219,-0.28515625,-0.171875,-0.01171875,-2.015625,9.2734375,-1.828125,-0.029296875,-0.162109375,0.0390625
4207,42010224,42310224,0.764648438,-0.0958862305,-0.211425781,0.601135254,-0.015625,-0.1015625,-0.05859375,-2.015625,9.28125,-1.8203125,-0.029296875,-0.162109375,0.0390625
4208,42027202,42327202,0.764404297,-0.0963745117,-0.211853027,0.601196289,-0.015625,-0.1015625,-0.05859375,-2.015625,9.28125,-1.8203125,-0.029296875,-0.107421875,0.017578125
4209,42031377,42331377,0.764221191,-0.0967407227,-0.212219238,0.601318359,-0.1328125,0.01171875,-0.03515625,-2.015625,9.28125,-1.8046875,-0.029296875,-0.107421875,0.017578125
4210,42042943,42342943,0.764038086,-0.0971679688,-0.212585449,0.601318359,-0.1328125,0.01171875,-0.03515625,-2.015625,9.28125,-1.8046875,0,-0.134765625,0.033203125
4211,42053741,42353741,0.76385498,-0.0977172852,-0.21307373,0.601318359,-0.28515625,-0.1015625,-0.04296875,-2.015625,9.28125,-1.796875,0,-0.134765625,0.033203125
4212,42063766,42363766,0.763549805,-0.0981445312,-0.213623047,0.60144043,-0.28515625,-0.1015625,-0.04296875,-2.015625,9.28125,-1.796875,-0.0703125,-0.12890625,0.029296875
4213,42069753,42369753,0.763122559,-0.0986328125,-0.213989258,0.601745605,0.05859375,0.12890625,0.1015625,-2.015625,9.28125,-1.7890625,-0.0703125,-0.12890625,0.029296875
4214,42088218,42388218,0.762634277,-0.0990600586,-0.214233398,0.602233887,0.05859375,0.12890625,0.1015625,-2.015625,9.28125,-1.7890625,-0.123046875,-0.099609375,0.078125
4215,42092725,42392725,0.762145996,-0.0994873047,-0.214355469,0.602722168,0.16796875,0.15625,-0.03515625,-2.0078125,9.2890625,-1.765625,-0.123046875,-0.099609375,0.078125
4216,42107799,42407799,0.761779785,-0.0997314453,-0.214355469,0.603149414,0.16796875,0.15625,-0.03515625,-2.0078125,9.2890625,-1.765625,-0.0859375,-0.02734375,0.0703125
4217,42111941,42411941,0.761474609,-0.100036621,-0.214294434,0.603515625,0.07421875,0.1875,-0.21484375,-1.9921875,9.296875,-1.7421875,-0.0859375,-0.02734375,0.0703125
4218,42122858,42422858,0.761230469,-0.100280762,-0.214294434,0.603820801,0.07421875,0.1875,-0.21484375,-1.9921875,9.296875,-1.7421875,-0.07421875,-0.025390625,0.052734375
4219,42132713,42432713,0.760925293,-0.100402832,-0.214172363,0.604125977,0.02734375,0.10546875,-0.11328125,-1.984375,9.3046875,-1.7265625,-0.07421875,-0.025390625,0.052734375
4220,42143682,42443682,0.760803223,-0.100585938,-0.214050293,0.604370117,0.02734375,0.10546875,-0.11328125,-1.984375,9.3046875,-1.7265625,-0.01171875,-0.015625,0.05859375
4221,42149657,42449657,0.760681152,-0.100952148,-0.213989258,0.604431152,-0.20703125,-0.05078125,-0.19921875,-1.9765625,9.3046875,-1.71875,-0.01171875,-0.015625,0.05859375
4222,42164551,42464551,0.760559082,-0.10144043,-0.214111328,0.604492188,-0.20703125,-0.05078125,-0.19921875,-1.9765625,9.3046875,-1.71875,-0.005859375,-0.087890625,0.068359375
4223,42170230,42470230,0.760437012,-0.101928711,-0.214172363,0.604553223,0.05078125,0.09765625,0.1015625,-1.96875,9.3125,-1.7109375,-0.005859375,-0.087890625,0.068359375
4224,42186831,42486831,0.760192871,-0.102416992,-0.214050293,0.604858398,0.05078125,0.09765625,0.1015625,-1.96875,9.3125,-1.7109375,-0.060546875,-0.009765625,0.111328125
4225,42192027,42492027,0.759887695,-0.102722168,-0.213745117,0.605224609,0.07421875,0.09765625,0.24609375,-1.953125,9.3125,-1.703125,-0.060546875,-0.009765625,0.111328125
4226,42203379,42503379,0.75958252,-0.103027344,-0.213317871,0.605712891,0.07421875,0.09765625,0.24609375,-1.953125,9.3125,-1.703125,-0.099609375,0.0234375,0.111328125
4227,42215589,42515589,0.759216309,-0.103210449,-0.213012695,0.606262207,0.12890625,0.203125,-0.03125,-1.9296875,9.3203125,-1.6953125,-0.099609375,0.0234375,0.111328125
4228,42222685,42522685,0.758911133,-0.10345459,-0.212646484,0.606689453,0.12890625,0.203125,-0.03125,-1.9296875,9.3203125,-1.6953125,-0.087890625,0.025390625,0.09375
4229,42230423,42530423,0.758605957,-0.10357666,-0.212341309,0.607177734,0.1796875,0.1171875,-0.0546875,-1.90625,9.328125,-1.671875,-0.087890625,0.025390625,0.09375
4230,42247239,42547239,0.758361816,-0.103637695,-0.212097168,0.60760498,0.1796875,0.1171875,-0.0546875,-1.90625,9.328125,-1.671875,-0.0859375,0.046875,0.05859375
4231,42251365,42551365,0.758117676,-0.103637695,-0.211791992,0.607971191,0.1640625,-0.04296875,-0.03125,-1.890625,9.3359375,-1.65625,-0.0859375,0.046875,0.05859375
4232,42266160,42566160,0.75793457,-0.103759766,-0.211547852,0.608276367,0.1640625,-0.04296875,-0.03125,-1.890625,9.3359375,-1.65625,-0.056640625,0.013671875,0.0546875
4233,42269909,42569909,0.7578125,-0.103881836,-0.211364746,0.608459473,-0.1875,-0.234375,-0.1171875,-1.8828125,9.3359375,-1.6484375,-0.056640625,0.013671875,0.0546875
4234,42283651,42583651,0.757751465,-0.104125977,-0.211181641,0.608581543,-0.1875,-0.234375,-0.1171875,-1.8828125,9.3359375,-1.6484375,0.009765625,-0.009765625,0.052734375
4235,42295490,42595490,0.7578125,-0.104370117,-0.211120605,0.608459473,-0.31640625,-0.39453125,-0.16015625,-1.8671875,9.34375,-1.640625,0.009765625,-0.009765625,0.052734375
4236,42304022,42604022,0.757995605,-0.104614258,-0.21105957,0.608276367,-0.31640625,-0.39453125,-0.16015625,-1.8671875,9.34375,-1.640625,0.076171875,-0.025390625,0.021484375
4237,42310010,42610010,0.758178711,-0.104858398,-0.211120605,0.607971191,-0.08984375,-0.203125,0,-1.8671875,9.34375,-1.6484375,0.076171875,-0.025390625,0.021484375
4238,42326541,42626541,0.758361816,-0.105041504,-0.211181641,0.607666016,-0.08984375,-0.203125,0,-1.8671875,9.34375,-1.6484375,0.06640625,-0.0390625,-0.013671875
4239,42331138,42631138,0.758483887,-0.105102539,-0.211364746,0.607421875,-0.01171875,-0.1171875,0.08984375,-1.8671875,9.3359375,-1.6640625,0.06640625,-0.0390625,-0.013671875
4240,42344200,42644200,0.758666992,-0.105041504,-0.211547852,0.607177734,-0.01171875,-0.1171875,0.08984375,-1.8671875,9.3359375,-1.6640625,0.0390625,0,-0.052734375
4241,42350188,42650188,0.758850098,-0.104797363,-0.211669922,0.606933594,0.03515625,-0.15625,0.09765625,-1.875,9.3359375,-1.671875,0.0390625,0,-0.052734375
4242,42367639,42667639,0.759155273,-0.104492188,-0.211730957,0.606628418,0.03515625,-0.15625,0.09765625,-1.875,9.3359375,-1.671875,0.09765625,0.04296875,-0.078125
4243,42371789,42671789,0.759643555,-0.104187012,-0.211669922,0.606079102,-0.03515625,-0.3046875,-0.078125,-1.8828125,9.328125,-1.6875,0.09765625,0.04296875,-0.078125
4244,42385677,42685677,0.760375977,-0.103942871,-0.211608887,0.605163574,-0.03515625,-0.3046875,-0.078125,-1.8828125,9.328125,-1.6875,0.248046875,0.0546875,-0.08203125
4245,42389412,42689412,0.761230469,-0.103820801,-0.211547852,0.604187012,-0.171875,-0.140625,-0.27734375,-1.8984375,9.3203125,-1.71875,0.248046875,0.0546875,-0.08203125
4246,42407664,42707664,0.762207031,-0.103759766,-0.211608887,0.602905273,-0.171875,-0.140625,-0.27734375,-1.8984375,9.3203125,-1.71875,0.298828125,0.0078125,-0.083984375
4247,42412151,42712151,0.763183594,-0.103637695,-0.211669922,0.60168457,0.03515625,0.1328125,-0.02734375,-1.9140625,9.3125,-1.7734375,0.298828125,0.0078125,-0.083984375
4248,42426148,42726148,0.764221191,-0.10333252,-0.211608887,0.600463867,0.03515625,0.1328125,-0.02734375,-1.9140625,9.3125,-1.7734375,0.28515625,0.08203125,-0.126953125
4249,42429892,42729892,0.765075684,-0.102844238,-0.211608887,0.59942627,0.2421875,0.265625,0.1796875,-1.9296875,9.296875,-1.828125,0.28515625,0.08203125,-0.126953125
4250,42446242,42746242,0.765808105,-0.102233887,-0.211608887,0.598571777,0.2421875,0.265625,0.1796875,-1.9296875,9.296875,-1.828125,0.16015625,0.076171875,-0.12890625
4251,42450687,42750687,0.766296387,-0.101745605,-0.211608887,0.598022461,0.06640625,0.43359375,0.33984375,-1.9453125,9.28125,-1.875,0.16015625,0.076171875,-0.12890625
4252,42463300,42763300,0.766662598,-0.101318359,-0.211547852,0.59765625,0.06640625,0.43359375,0.33984375,-1.9453125,9.28125,-1.875,0.046875,0.06640625,-0.0703125
4253,42470924,42770924,0.766845703,-0.100891113,-0.211486816,0.59753418,0.203125,0.6328125,0.40234375,-1.96875,9.2734375,-1.8984375,0.046875,0.06640625,-0.0703125
4254,42487658,42787658,0.766967773,-0.100646973,-0.211303711,0.59753418,0.203125,0.6328125,0.40234375,-1.96875,9.2734375,-1.8984375,-0.009765625,0.064453125,-0.017578125
4255,42491788,42791788,0.766967773,-0.100280762,-0.21105957,0.59765625,0.05078125,0.25,0.48046875,-1.96875,9.2734375,-1.8984375,-0.009765625,0.064453125,-0.017578125
4256,42506164,42806164,0.766784668,-0.0997924805,-0.210754395,0.598022461,0.05078125,0.25,0.48046875,-1.96875,9.2734375,-1.8984375,-0.11328125,0.11328125,-0.021484375
4257,42509904,42809904,0.766601562,-0.0992431641,-0.210510254,0.598510742,-0.0234375,-0.0546875,0.203125,-1.96875,9.2734375,-1.890625,-0.11328125,0.11328125,-0.021484375
4258,42527637,42827637,0.766296387,-0.0986938477,-0.210327148,0.598937988,-0.0234375,-0.0546875,0.203125,-1.96875,9.2734375,-1.890625,-0.11328125,0.0625,-0.037109375
4259,42531791,42831791,0.766052246,-0.0983276367,-0.210327148,0.599365234,-0.0625,-0.140625,-0.234375,-1.96875,9.28125,-1.875,-0.11328125,0.0625,-0.037109375
4260,42542406,42842406,0.76574707,-0.0980224609,-0.210449219,0.599731445,-0.0625,-0.140625,-0.234375,-1.96875,9.28125,-1.875,-0.103515625,0.01953125,-0.03515625
4261,42551361,42851361,0.765441895,-0.09765625,-0.210510254,0.600219727,0.2109375,0.12890625,-0.21875,-1.9765625,9.28125,-1.8515625,-0.103515625,0.01953125,-0.03515625
4262,42565209,42865209,0.765014648,-0.0971069336,-0.210388184,0.600830078,0.2109375,0.12890625,-0.21875,-1.9765625,9.28125,-1.8515625,-0.18359375,0.109375,-0.0390625
4263,42568944,42868944,0.764648438,-0.0963745117,-0.210083008,0.6015625,0.40234375,0.3125,-0.2421875,-1.9765625,9.2890625,-1.828125,-0.18359375,0.109375,-0.0390625
4264,42583892,42883892,0.764282227,-0.0955200195,-0.209533691,0.602355957,0.40234375,0.3125,-0.2421875,-1.9765625,9.2890625,-1.828125,-0.189453125,0.193359375,-0.03125
4265,42590308,42890308,0.763977051,-0.094543457,-0.20892334,0.603149414,0.2890625,0.11328125,-0.3515625,-1.9765625,9.296875,-1.796875,-0.189453125,0.193359375,-0.03125
4266,42603124,42903124,0.76373291,-0.0936279297,-0.208190918,0.603820801,0.2890625,0.11328125,-0.3515625,-1.9765625,9.296875,-1.796875,-0.15234375,0.251953125,-0.01171875
4267,42614153,42914153,0.763549805,-0.0926513672,-0.207214355,0.604492188,0.05859375,-0.00390625,-0.40625,-1.9765625,9.296875,-1.78125,-0.15234375,0.251953125,-0.01171875
4268,42623155,42923155,0.763427734,-0.0917358398,-0.206176758,0.605224609,0.05859375,-0.00390625,-0.40625,-1.9765625,9.296875,-1.78125,-0.150390625,0.291015625,0.033203125
4269,42631522,42931522,0.763305664,-0.0908813477,-0.20501709,0.605895996,0.08203125,-0.05078125,-0.3515625,-1.9609375,9.3046875,-1.7578125,-0.150390625,0.291015625,0.033203125
4270,42646967,42946967,0.763244629,-0.0900268555,-0.203674316,0.606567383,0.08203125,-0.05078125,-0.3515625,-1.9609375,9.3046875,-1.7578125,-0.095703125,0.310546875,0.06640625
4271,42651107,42951107,0.763244629,-0.0892944336,-0.202392578,0.607055664,0.1796875,-0.05078125,-0.4375,-1.9453125,9.3046875,-1.75,-0.095703125,0.310546875,0.06640625
4272,42664442,42964442,0.763366699,-0.0886230469,-0.200927734,0.607543945,0.1796875,-0.05078125,-0.4375,-1.9453125,9.3046875,-1.75,-0.05859375,0.31640625,0.09765625
4273,42671692,42971692,0.763366699,-0.0879516602,-0.199279785,0.608093262,0.15625,0.1328125,-0.3203125,-1.921875,9.3125,-1.75,-0.05859375,0.31640625,0.09765625
4274,42686637,42986637,0.763305664,-0.087097168,-0.19744873,0.608947754,0.15625,0.1328125,-0.3203125,-1.921875,9.3125,-1.75,-0.15625,0.4140625,0.140625
4275,42690756,42990756,0.763244629,-0.0863037109,-0.195556641,0.609680176,0.34765625,0.2421875,-0.2890625,-1.8828125,9.3203125,-1.7421875,-0.15625,0.4140625,0.140625
4276,42703611,43003611,0.763671875,-0.0855712891,-0.193481445,0.609924316,0.34765625,0.2421875,-0.2890625,-1.8828125,9.3203125,-1.7421875,0.123046875,0.37109375,0.1328125
4277,42711352,43011352,0.764709473,-0.0853271484,-0.191833496,0.609191895,0.00390625,-0.109375,-0.359375,-1.84375,9.328125,-1.75,0.123046875,0.37109375,0.1328125
4278,42726631,43026631,0.766296387,-0.0854492188,-0.190551758,0.60760498,0.00390625,-0.109375,-0.359375,-1.84375,9.328125,-1.75,0.533203125,0.158203125,0.08203125
4279,42730802,43030802,0.767883301,-0.0858764648,-0.18963623,0.605895996,-0.37109375,-0.1796875,0.59375,-1.8125,9.3203125,-1.8203125,0.533203125,0.158203125,0.08203125
4280,42744145,43044145,0.769348145,-0.0863647461,-0.188720703,0.604187012,-0.37109375,-0.1796875,0.59375,-1.8125,9.3203125,-1.8203125,0.4140625,0.109375,0.1015625
4281,42751466,43051466,0.770385742,-0.086730957,-0.187744141,0.603088379,-0.3203125,0.06640625,1,-1.7890625,9.3046875,-1.921875,0.4140625,0.109375,0.1015625
4282,42766622,43066622,0.770751953,-0.0869140625,-0.186706543,0.602905273,-0.3203125,0.06640625,1,-1.7890625,9.3046875,-1.921875,-0.025390625,0.169921875,0.15234375
4283,42770783,43070783,0.770507812,-0.0868530273,-0.185546875,0.603637695,0.19140625,0.41796875,0.08984375,-1.765625,9.296875,-1.96875,-0.025390625,0.169921875,0.15234375
4284,42783635,43083635,0.769714355,-0.0866088867,-0.184082031,0.605102539,0.19140625,0.41796875,0.08984375,-1.765625,9.296875,-1.96875,-0.33203125,0.267578125,0.21875
4285,42791435,43091435,0.768981934,-0.0864868164,-0.182495117,0.606567383,0.453125,0.203125,-0.32421875,-1.71875,9.3203125,-1.9375,-0.33203125,0.267578125,0.21875
4286,42807515,43107515,0.768554688,-0.0866088867,-0.181030273,0.607543945,0.453125,0.203125,-0.32421875,-1.71875,9.3203125,-1.9375,-0.091796875,0.166015625,0.24609375
4287,42811512,43111512,0.768371582,-0.0872192383,-0.179870605,0.607971191,0.015625,-0.15625,0.36328125,-1.6640625,9.3359375,-1.8984375,-0.091796875,0.166015625,0.24609375
4288,42826200,43126200,0.768188477,-0.0881347656,-0.179199219,0.608276367,0.015625,-0.15625,0.36328125,-1.6640625,9.3359375,-1.8984375,-0.052734375,-0.0546875,0.240234375
4289,42829824,43129824,0.767883301,-0.0889892578,-0.178649902,0.608703613,-0.19140625,0.140625,1.51171875,-1.609375,9.34375,-1.8984375,-0.052734375,-0.0546875,0.240234375
4290,42846494,43146494,0.76751709,-0.0895385742,-0.177978516,0.609313965,-0.19140625,0.140625,1.51171875,-1.609375,9.34375,-1.8984375,-0.111328125,0.06640625,0.181640625
4291,42850675,43150675,0.767150879,-0.08984375,-0.177124023,0.609985352,-0.37890625,0.35546875,-0.12109375,-1.578125,9.359375,-1.875,-0.111328125,0.06640625,0.181640625
4292,42864771,43164771,0.766662598,-0.08984375,-0.17590332,0.610900879,-0.37890625,0.35546875,-0.12109375,-1.578125,9.359375,-1.875,-0.16796875,0.19921875,0.19140625
4293,42869565,43169565,0.766235352,-0.0899658203,-0.174743652,0.611755371,-0.03515625,0.15625,-1.25390625,-1.5390625,9.3671875,-1.8515625,-0.16796875,0.19921875,0.19140625
4294,42886892,43186892,0.765625,-0.0902709961,-0.17376709,0.612731934,-0.03515625,0.15625,-1.25390625,-1.5390625,9.3671875,-1.8515625,-0.19921875,0.0703125,0.216796875
4295,42891860,43191860,0.765075684,-0.0908203125,-0.172973633,0.613586426,-0.1953125,-0.12890625,-0.44140625,-1.4921875,9.3828125,-1.8203125,-0.19921875,0.0703125,0.216796875
4296,42905967,43205967,0.764648438,-0.0917358398,-0.172424316,0.614135742,-0.1953125,-0.12890625,-0.44140625,-1.4921875,9.3828125,-1.8203125,-0.033203125,-0.0625,0.220703125
4297,42909580,43209580,0.764587402,-0.0928344727,-0.172180176,0.614135742,-0.12109375,-0.328125,0.22265625,-1.453125,9.390625,-1.796875,-0.033203125,-0.0625,0.220703125
4298,42926874,43226874,0.764709473,-0.0941772461,-0.172241211,0.613708496,-0.12109375,-0.328125,0.22265625,-1.453125,9.390625,-1.796875,0.130859375,-0.17578125,0.158203125
4299,42931083,43231083,0.764831543,-0.0952758789,-0.172302246,0.61340332,-0.1875,-0.56640625,0.921875,-1.421875,9.3984375,-1.8046875,0.130859375,-0.17578125,0.158203125
4300,42945224,43245224,0.764953613,-0.0960693359,-0.172241211,0.61315918,-0.1875,-0.56640625,0.921875,-1.421875,9.3984375,-1.8046875,0.05078125,-0.046875,0.099609375
4301,42948831,43248831,0.765014648,-0.096496582,-0.17199707,0.613037109,0.0546875,-0.1796875,0.0546875,-1.3984375,9.3984375,-1.8203125,0.05078125,-0.046875,0.099609375
4302,42966627,43266627,0.765258789,-0.0967407227,-0.171630859,0.612854004,0.0546875,-0.1796875,0.0546875,-1.3984375,9.3984375,-1.8203125,0.09765625,0.0546875,0.064453125
4303,42971076,43271076,0.765625,-0.096862793,-0.171142578,0.612487793,-0.07421875,-0.1796875,-0.3125,-1.3828125,9.3984375,-1.8359375,0.09765625,0.0546875,0.064453125
4304,42984517,43284517,0.766113281,-0.096862793,-0.170593262,0.611999512,-0.07421875,-0.1796875,-0.3125,-1.3828125,9.3984375,-1.8359375,0.146484375,0.09375,0.033203125
4305,42992722,43292722,0.766601562,-0.0967407227,-0.17010498,0.61151123,-0.08203125,-0.3671875,-0.171875,-1.375,9.390625,-1.859375,0.146484375,0.09375,0.033203125
4306,43007495,43307495,0.767028809,-0.0966186523,-0.169921875,0.611083984,-0.08203125,-0.3671875,-0.171875,-1.375,9.390625,-1.859375,0.123046875,0.0390625,-0.04296875
4307,43011627,43311627,0.76751709,-0.0964355469,-0.16998291,0.610534668,-0.3125,-0.75,0.1171875,-1.375,9.390625,-1.8828125,0.123046875,0.0390625,-0.04296875
4308,43025494,43325494,0.768005371,-0.0961914062,-0.170349121,0.609863281,-0.3125,-0.75,0.1171875,-1.375,9.390625,-1.8828125,0.1484375,-0.046875,-0.13671875
4309,43029234,43329234,0.768432617,-0.0959472656,-0.170959473,0.609130859,-0.3359375,-1.0078125,0.1875,-1.390625,9.3828125,-1.9140625,0.1484375,-0.046875,-0.13671875
4310,43046619,43346619,0.768920898,-0.0955200195,-0.171691895,0.608459473,-0.3359375,-1.0078125,0.1875,-1.390625,9.3828125,-1.9140625,0.126953125,-0.05859375,-0.18359375
4311,43051314,43351314,0.769287109,-0.0951538086,-0.172363281,0.607849121,-0.15234375,-0.5703125,0.09765625,-1.421875,9.3671875,-1.9375,0.126953125,-0.05859375,-0.18359375
4312,43064471,43364471,0.76965332,-0.0947875977,-0.172973633,0.60723877,-0.15234375,-0.5703125,0.09765625,-1.421875,9.3671875,-1.9375,0.123046875,-0.056640625,-0.134765625
4313,43072823,43372823,0.770141602,-0.0946044922,-0.173522949,0.606445312,-0.04296875,-0.1796875,-0.15625,-1.453125,9.359375,-1.953125,0.123046875,-0.056640625,-0.134765625
4314,43085645,43385645,0.770690918,-0.0946655273,-0.174133301,0.60559082,-0.04296875,-0.1796875,-0.15625,-1.453125,9.359375,-1.953125,0.220703125,-0.103515625,-0.1015625
4315,43089376,43389376,0.771240234,-0.0948486328,-0.174682617,0.604675293,-0.125,0.2578125,0.11328125,-1.484375,9.34375,-1.9921875,0.220703125,-0.103515625,-0.1015625
4316,43103237,43403237,0.771728516,-0.0950927734,-0.175415039,0.603881836,-0.125,0.2578125,0.11328125,-1.484375,9.34375,-1.9921875,0.1328125,-0.13671875,-0.06640625
4317,43110127,43410127,0.771911621,-0.0953369141,-0.176025391,0.603393555,-0.1015625,0.53125,0.44921875,-1.5078125,9.3359375,-2.0234375,0.1328125,-0.13671875,-0.06640625
4318,43127471,43427471,0.771911621,-0.0955200195,-0.176513672,0.603271484,-0.1015625,0.53125,0.44921875,-1.5078125,9.3359375,-2.0234375,-0.01171875,-0.08203125,-0.025390625
4319,43132536,43432536,0.771728516,-0.0956420898,-0.176818848,0.60333252,0.13671875,0.76171875,-0.0078125,-1.515625,9.3359375,-2.0234375,-0.01171875,-0.08203125,-0.025390625
4320,43146816,43446816,0.771606445,-0.0958251953,-0.176940918,0.60345459,0.13671875,0.76171875,-0.0078125,-1.515625,9.3359375,-2.0234375,-0.029296875,-0.03125,0.033203125
4321,43151274,43451274,0.77154541,-0.0960083008,-0.176879883,0.603515625,0.21875,0.609375,-0.046875,-1.5234375,9.3359375,-2.0234375,-0.029296875,-0.03125,0.033203125
4322,43166610,43466610,0.77154541,-0.0962524414,-0.176696777,0.603515625,0.21875,0.609375,-0.046875,-1.5234375,9.3359375,-2.0234375,0.03515625,0.01171875,0.052734375
4323,43170970,43470970,0.77166748,-0.0964355469,-0.176452637,0.603393555,0.13671875,0.41796875,0.01953125,-1.515625,9.3359375,-2.015625,0.03515625,0.01171875,0.052734375
4324,43184523,43484523,0.771728516,-0.0966796875,-0.176208496,0.60333252,0.13671875,0.41796875,0.01953125,-1.515625,9.3359375,-2.015625,0.025390625,0.021484375,0.0625
4325,43189555,43489555,0.771789551,-0.096862793,-0.17590332,0.60333252,0.15625,0.1875,-0.0859375,-1.5,9.3359375,-2.0234375,0.025390625,0.021484375,0.0625
4326,43206630,43506630,0.771789551,-0.0970458984,-0.17565918,0.603393555,0.15625,0.1875,-0.0859375,-1.5,9.3359375,-2.0234375,-0.0078125,0.0078125,0.05859375
4327,43210841,43510841,0.77166748,-0.0972900391,-0.175537109,0.603515625,0.07421875,-0.08203125,-0.0390625,-1.4921875,9.3359375,-2.03125,-0.0078125,0.0078125,0.05859375
4328,43225142,43525142,0.771484375,-0.0975952148,-0.17565918,0.60369873,0.07421875,-0.08203125,-0.0390625,-1.4921875,9.3359375,-2.03125,-0.044921875,-0.076171875,0.041015625
4329,43228892,43528892,0.771240234,-0.0979614258,-0.175842285,0.603881836,0.10546875,-0.3203125,0.14453125,-1.484375,9.34375,-2.0234375,-0.044921875,-0.076171875,0.041015625
4330,43248684,43548684,0.770874023,-0.0983276367,-0.176208496,0.604187012,0.10546875,-0.3203125,0.14453125,-1.484375,9.34375,-2.0234375,-0.078125,-0.103515625,0.037109375
4331,43250174,43550174,0.770568848,-0.0986938477,-0.176513672,0.604431152,0.05859375,-0.3203125,0.12890625,-1.4765625,9.34375,-2.0078125,-0.078125,-0.103515625,0.037109375
4332,43264053,43564053,0.770324707,-0.0989379883,-0.176757812,0.604614258,0.05859375,-0.3203125,0.12890625,-1.4765625,9.34375,-2.0078125,-0.03515625,-0.064453125,0
4333,43269090,43569090,0.770263672,-0.0989990234,-0.177062988,0.604614258,0.01953125,-0.51171875,0.11328125,-1.4765625,9.34375,-1.9921875,-0.03515625,-0.064453125,0
4334,43284488,43584488,0.770324707,-0.0989990234,-0.177368164,0.604431152,0.01953125,-0.51171875,0.11328125,-1.4765625,9.34375,-1.9921875,0.0625,-0.046875,-0.06640625
4335,43292452,43592452,0.770568848,-0.0988769531,-0.17779541,0.604064941,-0.1640625,-0.625,0.3046875,-1.484375,9.34375,-1.9921875,0.0625,-0.046875,-0.06640625
4336,43306497,43606497,0.770751953,-0.0986328125,-0.178222656,0.60369873,-0.1640625,-0.625,0.3046875,-1.484375,9.34375,-1.9921875,0.046875,-0.041015625,-0.13671875
4337,43310527,43610527,0.770812988,-0.0982055664,-0.178833008,0.603515625,-0.21875,-0.47265625,0.19921875,-1.5078125,9.34375,-2,0.046875,-0.041015625,-0.13671875
4338,43326381,43626381,0.770812988,-0.09765625,-0.179504395,0.60345459,-0.21875,-0.47265625,0.19921875,-1.5078125,9.34375,-2,-0.046875,-0.05078125,-0.16796875
4339,43333856,43633856,0.770629883,-0.0971679688,-0.180297852,0.60345459,-0.0703125,-0.34765625,-0.0703125,-1.5390625,9.3359375,-2,-0.046875,-0.05078125,-0.16796875
4340,43344952,43644952,0.770507812,-0.0966796875,-0.181213379,0.60345459,-0.0703125,-0.34765625,-0.0703125,-1.5390625,9.3359375,-2,-0.037109375,-0.099609375,-0.1640625
4341,43348555,43648555,0.770385742,-0.0963745117,-0.182067871,0.603393555,-0.0390625,-0.265625,-0.00390625,-1.5703125,9.328125,-1.9921875,-0.037109375,-0.099609375,-0.1640625
4342,43368634,43668634,0.770263672,-0.0960693359,-0.182861328,0.60333252,-0.0390625,-0.265625,-0.00390625,-1.5703125,9.328125,-1.9921875,-0.046875,-0.076171875,-0.1328125
4343,43370123,43670123,0.770141602,-0.0957641602,-0.183532715,0.603393555,0.14453125,0.08984375,-0.0546875,-1.6015625,9.3203125,-1.9765625,-0.046875,-0.076171875,-0.1328125
4344,43385478,43685478,0.770019531,-0.0955810547,-0.183959961,0.603393555,0.14453125,0.08984375,-0.0546875,-1.6015625,9.3203125,-1.9765625,-0.017578125,-0.05078125,-0.06640625
4345,43389096,43689096,0.770019531,-0.0955200195,-0.184326172,0.60333252,0.04296875,0.47265625,-0.21875,-1.6171875,9.3203125,-1.96875,-0.017578125,-0.05078125,-0.06640625
4346,43405524,43705524,0.770019531,-0.0955200195,-0.184570312,0.603210449,0.04296875,0.47265625,-0.21875,-1.6171875,9.3203125,-1.96875,0.025390625,-0.033203125,-0.03125
4347,43409129,43709129,0.770141602,-0.0954589844,-0.184753418,0.603027344,0.05859375,0.5078125,-0.140625,-1.6328125,9.3203125,-1.96875,0.025390625,-0.033203125,-0.03125
4348,43424028,43724028,0.770263672,-0.0953369141,-0.184875488,0.602844238,0.05859375,0.5078125,-0.140625,-1.6328125,9.3203125,-1.96875,0.0234375,0.009765625,-0.05078125
4349,43428812,43728812,0.770263672,-0.0950927734,-0.184997559,0.602844238,-0.046875,0.44140625,-0.01953125,-1.640625,9.3125,-1.9765625,0.0234375,0.009765625,-0.05078125
4350,43448574,43748574,0.770202637,-0.0947265625,-0.185119629,0.602966309,-0.046875,0.44140625,-0.01953125,-1.640625,9.3125,-1.9765625,-0.06640625,0.025390625,-0.068359375
4351,43452901,43752901,0.769958496,-0.0942993164,-0.185241699,0.603271484,-0.1171875,0.32421875,-0.1015625,-1.6484375,9.3125,-1.96875,-0.06640625,0.025390625,-0.068359375
4352,43467286,43767286,0.76965332,-0.09375,-0.185424805,0.60369873,-0.1171875,0.32421875,-0.1015625,-1.6484375,9.3125,-1.96875,-0.154296875,0.04296875,-0.0859375
4353,43470899,43770899,0.769226074,-0.0931396484,-0.185546875,0.604309082,-0.1015625,0.08984375,-0.1953125,-1.6640625,9.3203125,-1.953125,-0.154296875,0.04296875,-0.0859375
4354,43487943,43787943,0.768859863,-0.0924072266,-0.18572998,0.604858398,-0.1015625,0.08984375,-0.1953125,-1.6640625,9.3203125,-1.953125,-0.158203125,0.0625,-0.1015625
4355,43492281,43792281,0.768493652,-0.0917358398,-0.185913086,0.60534668,-0.0859375,-0.2578125,-0.1484375,-1.6796875,9.3203125,-1.921875,-0.158203125,0.0625,-0.1015625
4356,43504248,43804248,0.768310547,-0.0911865234,-0.186218262,0.605529785,-0.0859375,-0.2578125,-0.1484375,-1.6796875,9.3203125,-1.921875,-0.0546875,-0.005859375,-0.111328125
4357,43510016,43810016,0.768249512,-0.0908203125,-0.186706543,0.60559082,-0.22265625,-0.5234375,-0.08984375,-1.6953125,9.3203125,-1.90625,-0.0546875,-0.005859375,-0.111328125
4358,43526922,43826922,0.768188477,-0.0907592773,-0.187255859,0.60546875,-0.22265625,-0.5234375,-0.08984375,-1.6953125,9.3203125,-1.90625,0.00390625,-0.099609375,-0.078125
4359,43530921,43830921,0.768127441,-0.0908203125,-0.187927246,0.60534668,-0.16015625,-0.1796875,-0.01953125,-1.71875,9.3203125,-1.8984375,0.00390625,-0.099609375,-0.078125
4360,43546437,43846437,0.767944336,-0.0910644531,-0.188720703,0.605224609,-0.16015625,-0.1796875,-0.01953125,-1.71875,9.3203125,-1.8984375,-0.01171875,-0.169921875,-0.046875
4361,43550410,43850410,0.76776123,-0.0914306641,-0.18951416,0.605224609,-0.14453125,0.28125,0.05078125,-1.734375,9.3203125,-1.890625,-0.01171875,-0.169921875,-0.046875
4362,43567185,43867185,0.767456055,-0.091796875,-0.190307617,0.605285645,-0.14453125,0.28125,0.05078125,-1.734375,9.3203125,-1.890625,-0.029296875,-0.17578125,-0.029296875
4363,43571188,43871188,0.767333984,-0.0921630859,-0.190979004,0.605163574,0.0234375,0.546875,0.00390625,-1.75,9.3203125,-1.8828125,-0.029296875,-0.17578125,-0.029296875
4364,43584356,43884356,0.767333984,-0.0925292969,-0.191650391,0.604919434,0.0234375,0.546875,0.00390625,-1.75,9.3203125,-1.8828125,0.078125,-0.14453125,-0.029296875
4365,43590090,43890090,0.76751709,-0.092956543,-0.192321777,0.604370117,-0.0078125,0.36328125,0.2265625,-1.7578125,9.3125,-1.875,0.078125,-0.14453125,-0.029296875
4366,43606421,43906421,0.767822266,-0.0935058594,-0.193054199,0.60369873,-0.0078125,0.36328125,0.2265625,-1.7578125,9.3125,-1.875,0.16796875,-0.212890625,-0.029296875
4367,43610798,43910798,0.768066406,-0.0942993164,-0.193908691,0.603027344,-0.18359375,0.140625,0.2890625,-1.7734375,9.3046875,-1.8984375,0.16796875,-0.212890625,-0.029296875
4368,43624055,43924055,0.768066406,-0.0952758789,-0.195007324,0.602478027,-0.18359375,0.140625,0.2890625,-1.7734375,9.3046875,-1.8984375,0.056640625,-0.298828125,0.01171875
4369,43629793,43929793,0.76776123,-0.0962524414,-0.196044922,0.602355957,0.171875,0.10546875,0.21875,-1.78125,9.3046875,-1.90625,0.056640625,-0.298828125,0.01171875
4370,43647001,43947001,0.767211914,-0.0972900391,-0.196960449,0.602600098,0.171875,0.10546875,0.21875,-1.78125,9.3046875,-1.90625,-0.11328125,-0.28515625,0.091796875
4371,43651035,43951035,0.766418457,-0.098449707,-0.197753906,0.603149414,0.33203125,0.1796875,-0.1796875,-1.7890625,9.3046875,-1.890625,-0.11328125,-0.28515625,0.091796875
4372,43664206,43964206,0.765380859,-0.0997924805,-0.198486328,0.604064941,0.33203125,0.1796875,-0.1796875,-1.7890625,9.3046875,-1.890625,-0.26171875,-0.26171875,0.19140625
4373,43669957,43969957,0.764282227,-0.101013184,-0.198852539,0.605102539,0.4609375,0.31640625,-0.41015625,-1.765625,9.3203125,-1.8515625,-0.26171875,-0.26171875,0.19140625
4374,43686967,43986967,0.76348877,-0.102050781,-0.198974609,0.605834961,0.4609375,0.31640625,-0.41015625,-1.765625,9.3203125,-1.8515625,-0.115234375,-0.142578125,0.19140625
4375,43690978,43990978,0.763122559,-0.103149414,-0.198974609,0.606140137,0.23828125,0.07421875,-0.49609375,-1.734375,9.3359375,-1.8046875,-0.115234375,-0.142578125,0.19140625
4376,43703964,44003964,0.762939453,-0.104431152,-0.199035645,0.606140137,0.23828125,0.07421875,-0.49609375,-1.734375,9.3359375,-1.8046875,0.078125,-0.177734375,0.169921875
4377,43709702,44009702,0.763000488,-0.10559082,-0.19921875,0.605773926,0.0625,-0.1640625,-0.46484375,-1.7109375,9.34375,-1.796875,0.078125,-0.177734375,0.169921875
4378,43726148,44026148,0.763305664,-0.106506348,-0.19934082,0.605285645,0.0625,-0.1640625,-0.46484375,-1.7109375,9.34375,-1.796875,0.1484375,-0.09765625,0.0859375
4379,43730673,44030673,0.76361084,-0.107177734,-0.199401855,0.604675293,0.23828125,-0.28125,-0.2578125,-1.6953125,9.34375,-1.8125,0.1484375,-0.09765625,0.0859375
4380,43743872,44043872,0.764038086,-0.107971191,-0.199523926,0.604003906,0.23828125,-0.28125,-0.2578125,-1.6953125,9.34375,-1.8125,0.1875,-0.115234375,0.048828125
4381,43749605,44049605,0.764526367,-0.108703613,-0.199768066,0.603210449,0.078125,-0.50390625,-0.11328125,-1.6875,9.3359375,-1.84375,0.1875,-0.115234375,0.048828125
4382,43768573,44068573,0.765014648,-0.109436035,-0.200073242,0.602233887,0.078125,-0.50390625,-0.11328125,-1.6875,9.3359375,-1.84375,0.248046875,-0.158203125,0.025390625
4383,43772625,44072625,0.765563965,-0.110229492,-0.200561523,0.601257324,0.15234375,-0.45703125,-0.00390625,-1.6875,9.328125,-1.875,0.248046875,-0.158203125,0.025390625
4384,43787225,44087225,0.765991211,-0.110900879,-0.20098877,0.600463867,0.15234375,-0.45703125,-0.00390625,-1.6875,9.328125,-1.875,0.189453125,-0.134765625,0.0078125
4385,43791237,44091237,0.766357422,-0.111572266,-0.201477051,0.59967041,-0.0390625,-0.1796875,0.11328125,-1.6875,9.3203125,-1.9140625,0.189453125,-0.134765625,0.0078125
4386,43807219,44107219,0.766601562,-0.112243652,-0.202026367,0.599121094,-0.0390625,-0.1796875,0.11328125,-1.6875,9.3203125,-1.9140625,0.064453125,-0.15234375,0.013671875
4387,43811233,44111233,0.766601562,-0.112792969,-0.202453613,0.598876953,0.15234375,0.09765625,0.36328125,-1.6875,9.3125,-1.9375,0.064453125,-0.15234375,0.013671875
4388,43823224,44123224,0.766601562,-0.11328125,-0.202819824,0.598632812,0.15234375,0.09765625,0.36328125,-1.6875,9.3125,-1.9375,0.041015625,-0.154296875,0.033203125
4389,43828941,44128941,0.766479492,-0.113891602,-0.203308105,0.598510742,0.0078125,0.2109375,0.2890625,-1.6953125,9.3125,-1.9375,0.041015625,-0.154296875,0.033203125
4390,43846635,44146635,0.766357422,-0.114440918,-0.203796387,0.598388672,0.0078125,0.2109375,0.2890625,-1.6953125,9.3125,-1.9375,0.01171875,-0.134765625,0.017578125
4391,43850645,44150645,0.766235352,-0.114868164,-0.204223633,0.598266602,0.16015625,0.05859375,0.171875,-1.6953125,9.3125,-1.9375,0.01171875,-0.134765625,0.017578125
4392,43864272,44164272,0.766174316,-0.11517334,-0.204589844,0.598205566,0.16015625,0.05859375,0.171875,-1.6953125,9.3125,-1.9375,0.01171875,-0.07421875,0.005859375
4393,43870006,44170006,0.766174316,-0.115356445,-0.204772949,0.598144531,0.0859375,0.01953125,0.25,-1.6953125,9.3125,-1.9375,0.01171875,-0.07421875,0.005859375
4394,43886375,44186375,0.766113281,-0.115478516,-0.204833984,0.598144531,0.0859375,0.01953125,0.25,-1.6953125,9.3125,-1.9375,-0.01171875,-0.01953125,0.013671875
4395,43890393,44190393,0.766052246,-0.115600586,-0.204956055,0.598144531,-0.26171875,-0.171875,-0.171875,-1.6953125,9.3125,-1.9375,-0.01171875,-0.01953125,0.013671875
4396,43903550,44203550,0.766052246,-0.115905762,-0.20513916,0.598022461,-0.26171875,-0.171875,-0.171875,-1.6953125,9.3125,-1.9375,0.03125,-0.06640625,0.01953125
4397,43909270,44209270,0.766113281,-0.116333008,-0.205322266,0.597839355,-0.22265625,-0.2109375,-0.09375,-1.6953125,9.3125,-1.9375,0.03125,-0.06640625,0.01953125
4398,43924979,44224979,0.766113281,-0.116821289,-0.205627441,0.59765625,-0.22265625,-0.2109375,-0.09375,-1.6953125,9.3125,-1.9375,0.03125,-0.12109375,0.04296875
4399,43928588,44228588,0.766052246,-0.117431641,-0.205871582,0.597473145,0.0859375,0.171875,0.01953125,-1.6953125,9.3125,-1.9375,0.03125,-0.12109375,0.04296875
4400,43943245,44243245,0.766052246,-0.118164062,-0.205993652,0.597290039,0.0859375,0.171875,0.01953125,-1.6953125,9.3125,-1.9375,0.046875,-0.09765625,0.087890625
4401,43948978,44248978,0.766052246,-0.118774414,-0.206054688,0.597229004,0,0.2890625,0.37109375,-1.6875,9.3125,-1.9453125,0.046875,-0.09765625,0.087890625
4402,43965557,44265557,0.765930176,-0.11932373,-0.205993652,0.597229004,0,0.2890625,0.37109375,-1.6875,9.3125,-1.9453125,-0.00390625,-0.052734375,0.099609375
4403,43971526,44271526,0.76574707,-0.119750977,-0.205810547,0.597412109,-0.015625,0.203125,0.296875,-1.671875,9.3203125,-1.9453125,-0.00390625,-0.052734375,0.099609375
4404,43983513,44283513,0.765563965,-0.120117188,-0.205566406,0.597717285,-0.015625,0.203125,0.296875,-1.671875,9.3203125,-1.9453125,-0.068359375,0.009765625,0.099609375
4405,43989242,44289242,0.765258789,-0.120361328,-0.20526123,0.598144531,0.0078125,0.2421875,0.13671875,-1.65625,9.3203125,-1.9375,-0.068359375,0.009765625,0.099609375
4406,44007277,44307277,0.764953613,-0.120605469,-0.20489502,0.598632812,0.0078125,0.2421875,0.13671875,-1.65625,9.3203125,-1.9375,-0.080078125,0.02734375,0.115234375
4407,44011436,44311436,0.764648438,-0.120910645,-0.204467773,0.599060059,0.05859375,0.04296875,-0.07421875,-1.6328125,9.328125,-1.921875,-0.080078125,0.02734375,0.115234375
4408,44024184,44324184,0.764404297,-0.12109375,-0.204162598,0.599487305,0.05859375,0.04296875,-0.07421875,-1.6328125,9.328125,-1.921875,-0.083984375,0.03125,0.091796875
4409,44030175,44330175,0.764099121,-0.121337891,-0.203796387,0.599853516,0.19140625,0.07421875,-0.00390625,-1.609375,9.3359375,-1.9140625,-0.083984375,0.03125,0.091796875
4410,44046664,44346664,0.763916016,-0.121582031,-0.203613281,0.600158691,0.19140625,0.07421875,-0.00390625,-1.609375,9.3359375,-1.9140625,-0.068359375,-0.005859375,0.08203125
4411,44050816,44350816,0.763671875,-0.121765137,-0.203430176,0.600524902,0.25,-0.01171875,0.05859375,-1.59375,9.34375,-1.8984375,-0.068359375,-0.005859375,0.08203125
4412,44064185,44364185,0.763427734,-0.121887207,-0.203125,0.600891113,0.25,-0.01171875,0.05859375,-1.59375,9.34375,-1.8984375,-0.0703125,0.037109375,0.05078125
4413,44070171,44370171,0.763244629,-0.121765137,-0.202880859,0.601257324,0.19921875,-0.08984375,-0.03515625,-1.578125,9.34375,-1.8828125,-0.0703125,0.037109375,0.05078125
4414,44088224,44388224,0.763061523,-0.121582031,-0.202697754,0.601501465,0.19921875,-0.08984375,-0.03515625,-1.578125,9.34375,-1.8828125,-0.048828125,0.064453125,-0.005859375
4415,44089716,44389716,0.763061523,-0.121276855,-0.202514648,0.601623535,0.07421875,-0.2890625,-0.3125,-1.5703125,9.3515625,-1.875,-0.048828125,0.064453125,-0.005859375
4416,44103695,44403695,0.763244629,-0.121032715,-0.202392578,0.601501465,0.07421875,-0.2890625,-0.3125,-1.5703125,9.3515625,-1.875,0.0546875,0.044921875,-0.05078125
4417,44111403,44411403,0.763549805,-0.120727539,-0.202392578,0.601196289,0.00390625,-0.35546875,-0.2734375,-1.578125,9.34375,-1.875,0.0546875,0.044921875,-0.05078125
4418,44126635,44426635,0.763916016,-0.120483398,-0.202514648,0.600769043,0.00390625,-0.35546875,-0.2734375,-1.578125,9.34375,-1.875,0.10546875,0.015625,-0.08203125
4419,44130710,44430710,0.764282227,-0.120239258,-0.202636719,0.600280762,0.05078125,-0.35546875,-0.02734375,-1.5859375,9.34375,-1.890625,0.10546875,0.015625,-0.08203125
4420,44142803,44442803,0.764770508,-0.120056152,-0.202819824,0.59967041,0.05078125,-0.35546875,-0.02734375,-1.5859375,9.34375,-1.890625,0.146484375,0.00390625,-0.0859375
4421,44150481,44450481,0.765258789,-0.119873047,-0.202941895,0.598999023,-0.0859375,-0.15625,-0.00390625,-1.6015625,9.3359375,-1.9140625,0.146484375,0.00390625,-0.0859375
4422,44165264,44465264,0.765808105,-0.119628906,-0.203125,0.598266602,-0.0859375,-0.15625,-0.00390625,-1.6015625,9.3359375,-1.9140625,0.16796875,0.0078125,-0.109375
4423,44169020,44469020,0.766418457,-0.11932373,-0.203308105,0.59753418,-0.17578125,-0.1875,0.21875,-1.625,9.328125,-1.9453125,0.16796875,0.0078125,-0.109375
4424,44184365,44484365,0.767089844,-0.119018555,-0.203491211,0.596679688,-0.17578125,-0.1875,0.21875,-1.625,9.328125,-1.9453125,0.201171875,0.02734375,-0.107421875
4425,44189415,44489415,0.76776123,-0.118713379,-0.203552246,0.595825195,-0.27734375,-0.1328125,0.10546875,-1.640625,9.3125,-1.984375,0.201171875,0.02734375,-0.107421875
4426,44205588,44505588,0.768493652,-0.118347168,-0.203674316,0.594909668,-0.27734375,-0.1328125,0.10546875,-1.640625,9.3125,-1.984375,0.1875,0.03515625,-0.13671875
4427,44210094,44510094,0.769104004,-0.117858887,-0.203796387,0.594177246,-0.17578125,-0.1640625,0.06640625,-1.6640625,9.3046875,-2.0234375,0.1875,0.03515625,-0.13671875
4428,44225359,44525359,0.76953125,-0.117248535,-0.203979492,0.593688965,-0.17578125,-0.1640625,0.06640625,-1.6640625,9.3046875,-2.0234375,0.06640625,0.05078125,-0.146484375
4429,44229095,44529095,0.769836426,-0.116577148,-0.204162598,0.593383789,-0.15234375,0.00390625,0.20703125,-1.6875,9.2890625,-2.046875,0.06640625,0.05078125,-0.146484375
4430,44246638,44546638,0.770080566,-0.115722656,-0.204162598,0.593200684,-0.15234375,0.00390625,0.20703125,-1.6875,9.2890625,-2.046875,0.02734375,0.12109375,-0.138671875
4431,44250391,44550391,0.770385742,-0.114929199,-0.204040527,0.593078613,-0.015625,0.203125,0.09765625,-1.7109375,9.28125,-2.0546875,0.02734375,0.12109375,-0.138671875
4432,44265437,44565437,0.770629883,-0.113952637,-0.203857422,0.592956543,-0.015625,0.203125,0.09765625,-1.7109375,9.28125,-2.0546875,0.0078125,0.1484375,-0.123046875
4433,44269182,44569182,0.770874023,-0.113098145,-0.203674316,0.592895508,0.1171875,0.2421875,-0.125,-1.7265625,9.28125,-2.0625,0.0078125,0.1484375,-0.123046875
4434,44285578,44585578,0.771057129,-0.112121582,-0.203613281,0.592834473,0.1171875,0.2421875,-0.125,-1.7265625,9.28125,-2.0625,-0.013671875,0.115234375,-0.150390625
4435,44290030,44590030,0.771118164,-0.111206055,-0.203674316,0.592895508,0.20703125,0.328125,0.03125,-1.7421875,9.2734375,-2.0625,-0.013671875,0.115234375,-0.150390625
4436,44306743,44606743,0.771057129,-0.110107422,-0.203918457,0.593078613,0.20703125,0.328125,0.03125,-1.7421875,9.2734375,-2.0625,-0.10546875,0.080078125,-0.17578125
4437,44310861,44610861,0.770935059,-0.109130859,-0.204223633,0.593383789,0.0859375,0.14453125,0.21484375,-1.7734375,9.265625,-2.0546875,-0.10546875,0.080078125,-0.17578125
4438,44326273,44626273,0.770629883,-0.108215332,-0.204528809,0.593811035,0.0859375,0.14453125,0.21484375,-1.7734375,9.265625,-2.0546875,-0.158203125,0.052734375,-0.16015625
4439,44330765,44630765,0.770263672,-0.10723877,-0.20489502,0.594299316,0.1171875,0.14453125,0.265625,-1.8046875,9.265625,-2.03125,-0.158203125,0.052734375,-0.16015625
4440,44344994,44644994,0.769836426,-0.106262207,-0.20526123,0.594909668,0.1171875,0.14453125,0.265625,-1.8046875,9.265625,-2.03125,-0.2109375,0.064453125,-0.15234375
4441,44352739,44652739,0.769287109,-0.105285645,-0.205566406,0.59564209,0.1796875,0.06640625,0.234375,-1.828125,9.265625,-2,-0.2109375,0.064453125,-0.15234375
4442,44364231,44664231,0.768676758,-0.104309082,-0.205871582,0.596557617,0.1796875,0.06640625,0.234375,-1.828125,9.265625,-2,-0.2734375,0.068359375,-0.1328125
4443,44369284,44669284,0.768005371,-0.10333252,-0.206054688,0.59753418,0.125,0.171875,0.08203125,-1.8515625,9.2734375,-1.9609375,-0.2734375,0.068359375,-0.1328125
4444,44384545,44684545,0.767211914,-0.102294922,-0.206237793,0.598632812,0.125,0.171875,0.08203125,-1.8515625,9.2734375,-1.9609375,-0.30078125,0.09375,-0.109375
4445,44388273,44688273,0.766479492,-0.101318359,-0.206359863,0.59967041,-0.01171875,0.1640625,-0.08984375,-1.8671875,9.28125,-1.90625,-0.30078125,0.09375,-0.109375
4446,44406053,44706053,0.76574707,-0.100219727,-0.206298828,0.600830078,-0.01171875,0.1640625,-0.08984375,-1.8671875,9.28125,-1.90625,-0.298828125,0.154296875,-0.091796875
4447,44410792,44710792,0.765075684,-0.0990600586,-0.206115723,0.601928711,0.1953125,0.08203125,-0.25,-1.8828125,9.2890625,-1.859375,-0.298828125,0.154296875,-0.091796875
4448,44425196,44725196,0.764404297,-0.09765625,-0.205688477,0.603210449,0.1953125,0.08203125,-0.25,-1.8828125,9.2890625,-1.859375,-0.322265625,0.23828125,-0.09765625
4449,44428970,44728970,0.763793945,-0.0962524414,-0.205200195,0.604370117,0.32421875,0.1484375,-0.3359375,-1.8984375,9.296875,-1.8125,-0.322265625,0.23828125,-0.09765625
4450,44445870,44745870,0.763183594,-0.0947265625,-0.204406738,0.605651855,0.32421875,0.1484375,-0.3359375,-1.8984375,9.296875,-1.8125,-0.306640625,0.3125,-0.060546875
4451,44449996,44749996,0.762634277,-0.0933227539,-0.203430176,0.606872559,0.2890625,0.10546875,-0.46484375,-1.8984375,9.3046875,-1.7578125,-0.306640625,0.3125,-0.060546875
4452,44464879,44764879,0.762023926,-0.091796875,-0.202148438,0.608337402,0.2890625,0.10546875,-0.46484375,-1.8984375,9.3046875,-1.7578125,-0.3125,0.384765625,0.0078125
4453,44468615,44768615,0.761535645,-0.0904541016,-0.200866699,0.609558105,0.51171875,0.08984375,-0.58984375,-1.890625,9.3203125,-1.7109375,-0.3125,0.384765625,0.0078125
4454,44484224,44784224,0.761230469,-0.0892944336,-0.199584961,0.610534668,0.51171875,0.08984375,-0.58984375,-1.890625,9.3203125,-1.7109375,-0.138671875,0.279296875,0.009765625
4455,44487956,44787956,0.761230469,-0.0885620117,-0.198791504,0.610900879,0.37890625,0.08203125,-0.54296875,-1.875,9.328125,-1.6796875,-0.138671875,0.279296875,0.009765625
4456,44504697,44804697,0.761535645,-0.0880737305,-0.198303223,0.610717773,0.37890625,0.08203125,-0.54296875,-1.875,9.328125,-1.6796875,0.10546875,0.119140625,-0.037109375
4457,44508433,44808433,0.761962891,-0.0876464844,-0.197875977,0.610351562,0.37109375,0.1953125,0.0390625,-1.8671875,9.328125,-1.6875,0.10546875,0.119140625,-0.037109375
4458,44526176,44826176,0.762268066,-0.0869750977,-0.197265625,0.610351562,0.37109375,0.1953125,0.0390625,-1.8671875,9.328125,-1.6875,-0.044921875,0.232421875,-0.037109375
4459,44530318,44830318,0.762207031,-0.0858764648,-0.196350098,0.610839844,0.45703125,0.1640625,0.51171875,-1.875,9.3203125,-1.703125,-0.044921875,0.232421875,-0.037109375
4460,44543862,44843862,0.761901855,-0.0842895508,-0.194946289,0.611877441,0.45703125,0.1640625,0.51171875,-1.875,9.3203125,-1.703125,-0.26171875,0.4296875,-0.0234375
4461,44548894,44848894,0.761535645,-0.0826416016,-0.193481445,0.613037109,0.1796875,0.04296875,-0.57421875,-1.8671875,9.328125,-1.6875,-0.26171875,0.4296875,-0.0234375
4462,44564589,44864589,0.761291504,-0.0813598633,-0.192138672,0.613952637,0.1796875,0.04296875,-0.57421875,-1.8671875,9.328125,-1.6875,-0.1484375,0.3203125,0.021484375
4463,44568325,44868325,0.761291504,-0.0805664062,-0.191040039,0.614379883,-0.2578125,-0.41796875,-0.7890625,-1.8515625,9.328125,-1.6640625,-0.1484375,0.3203125,0.021484375
4464,44583745,44883745,0.761535645,-0.080078125,-0.189941406,0.614440918,-0.2578125,-0.41796875,-0.7890625,-1.8515625,9.328125,-1.6640625,0.072265625,0.203125,0.0625
4465,44588785,44888785,0.761901855,-0.0798950195,-0.189025879,0.614318848,-0.28125,-0.15625,0.17578125,-1.828125,9.3359375,-1.671875,0.072265625,0.203125,0.0625
4466,44604238,44904238,0.762145996,-0.0799560547,-0.188415527,0.614196777,-0.28125,-0.15625,0.17578125,-1.828125,9.3359375,-1.671875,0.03125,0.078125,0.087890625
4467,44609288,44909288,0.762268066,-0.0801391602,-0.187805176,0.614196777,-0.296875,0.265625,0.65234375,-1.8125,9.3359375,-1.6875,0.03125,0.078125,0.087890625
4468,44624129,44924129,0.762512207,-0.0802612305,-0.186889648,0.614196777,-0.296875,0.265625,0.65234375,-1.8125,9.3359375,-1.6875,0.0234375,0.162109375,0.13671875
4469,44629759,44929759,0.762695312,-0.0802001953,-0.18572998,0.614318848,0.0234375,0.72265625,0.3515625,-1.7890625,9.3359375,-1.6953125,0.0234375,0.162109375,0.13671875
4470,44644813,44944813,0.763183594,-0.0800170898,-0.184265137,0.614135742,0.0234375,0.72265625,0.3515625,-1.7890625,9.3359375,-1.6953125,0.189453125,0.267578125,0.115234375
4471,44648552,44948552,0.764099121,-0.0798339844,-0.182922363,0.61340332,-0.19921875,0.1015625,-0.390625,-1.7578125,9.34375,-1.71875,0.189453125,0.267578125,0.115234375
4472,44663828,44963828,0.765197754,-0.0798339844,-0.181884766,0.612365723,-0.19921875,0.1015625,-0.390625,-1.7578125,9.34375,-1.71875,0.302734375,0.138671875,0.064453125
4473,44668871,44968871,0.766113281,-0.080078125,-0.181213379,0.61138916,-0.48828125,-0.46484375,0.19921875,-1.734375,9.3359375,-1.7734375,0.302734375,0.138671875,0.064453125
4474,44682209,44982209,0.766662598,-0.0805053711,-0.181030273,0.610778809,-0.48828125,-0.46484375,0.19921875,-1.734375,9.3359375,-1.7734375,0.103515625,-0.05859375,0.068359375
4475,44690295,44990295,0.766662598,-0.0810546875,-0.180969238,0.610656738,-0.51171875,0.109375,0.9375,-1.7109375,9.3359375,-1.8203125,0.103515625,-0.05859375,0.068359375
4476,44703865,45003865,0.766357422,-0.0816040039,-0.180847168,0.611022949,-0.51171875,0.109375,0.9375,-1.7109375,9.3359375,-1.8203125,-0.107421875,-0.02734375,0.140625
4477,44708912,45008912,0.765930176,-0.0820922852,-0.180297852,0.611633301,-0.14453125,0.33984375,0.0859375,-1.6953125,9.3359375,-1.8125,-0.107421875,-0.02734375,0.140625
4478,44724551,45024551,0.765625,-0.0824584961,-0.179443359,0.612243652,-0.14453125,0.33984375,0.0859375,-1.6953125,9.3359375,-1.8125,-0.1015625,0.138671875,0.189453125
4479,44728277,45028277,0.765441895,-0.0826416016,-0.178405762,0.612731934,0.0546875,0.29296875,-0.54296875,-1.6640625,9.34375,-1.796875,-0.1015625,0.138671875,0.189453125
4480,44743435,45043435,0.76550293,-0.082824707,-0.177368164,0.612915039,0.0546875,0.29296875,-0.54296875,-1.6640625,9.34375,-1.796875,0.025390625,0.091796875,0.14453125
4481,44748466,45048466,0.765686035,-0.0832519531,-0.176818848,0.612854004,-0.55078125,-0.6015625,-0.3125,-1.6328125,9.359375,-1.796875,0.025390625,0.091796875,0.14453125
4482,44765311,45065311,0.765808105,-0.0836181641,-0.176757812,0.612609863,-0.55078125,-0.6015625,-0.3125,-1.6328125,9.359375,-1.796875,0.076171875,-0.072265625,0.017578125
4483,44769044,45069044,0.765930176,-0.0838623047,-0.177062988,0.612365723,-0.375,-0.6796875,0.5,-1.6171875,9.359375,-1.8046875,0.076171875,-0.072265625,0.017578125
4484,44783803,45083803,0.765808105,-0.0838623047,-0.177429199,0.612365723,-0.375,-0.6796875,0.5,-1.6171875,9.359375,-1.8046875,-0.044921875,-0.046875,-0.0546875
4485,44788842,45088842,0.765686035,-0.0836791992,-0.177734375,0.612487793,0.19921875,-0.37109375,0.5078125,-1.6171875,9.359375,-1.8125,-0.044921875,-0.046875,-0.0546875
4486,44803258,45103258,0.765563965,-0.0834350586,-0.17779541,0.612670898,0.19921875,-0.37109375,0.5078125,-1.6171875,9.359375,-1.8125,-0.04296875,0.03515625,-0.0390625
4487,44811578,45111578,0.765625,-0.0831298828,-0.17767334,0.612670898,0.25390625,-0.21875,-0.16015625,-1.6328125,9.359375,-1.796875,-0.04296875,0.03515625,-0.0390625
4488,44825513,45125513,0.765991211,-0.0828857422,-0.177429199,0.612304688,0.25390625,-0.21875,-0.16015625,-1.6328125,9.359375,-1.796875,0.158203125,0.080078125,-0.029296875
4489,44829831,45129831,0.766601562,-0.0827026367,-0.177246094,0.611572266,-0.1328125,-0.328125,-0.49609375,-1.6328125,9.3515625,-1.8046875,0.158203125,0.080078125,-0.029296875
4490,44844236,45144236,0.767456055,-0.0823974609,-0.177185059,0.610595703,-0.1328125,-0.328125,-0.49609375,-1.6328125,9.3515625,-1.8046875,0.259765625,0.044921875,-0.109375
4491,44847969,45147969,0.768249512,-0.0820922852,-0.177429199,0.609558105,-0.23828125,-0.39453125,-0.21875,-1.640625,9.34375,-1.8515625,0.259765625,0.044921875,-0.109375
4492,44863732,45163732,0.769042969,-0.0817871094,-0.177978516,0.608398438,-0.23828125,-0.39453125,-0.21875,-1.640625,9.34375,-1.8515625,0.228515625,-0.072265625,-0.185546875
4493,44868773,45168773,0.769714355,-0.0815429688,-0.178833008,0.607421875,-0.359375,-0.33984375,0.1640625,-1.671875,9.328125,-1.890625,0.228515625,-0.072265625,-0.185546875
4494,44882913,45182913,0.770141602,-0.0812988281,-0.17980957,0.606628418,-0.359375,-0.33984375,0.1640625,-1.671875,9.328125,-1.890625,0.123046875,-0.119140625,-0.17578125
4495,44891546,45191546,0.770446777,-0.0811157227,-0.180664062,0.605957031,-0.0546875,-0.0859375,0.2421875,-1.7109375,9.3046875,-1.9296875,0.123046875,-0.119140625,-0.17578125
4496,44903795,45203795,0.770690918,-0.0809326172,-0.181335449,0.60546875,-0.0546875,-0.0859375,0.2421875,-1.7109375,9.3046875,-1.9296875,0.08203125,-0.068359375,-0.125
4497,44911867,45211867,0.770935059,-0.0806884766,-0.181884766,0.605041504,0.29296875,0.1875,-0.01171875,-1.75,9.296875,-1.9453125,0.08203125,-0.068359375,-0.125
4498,44924514,45224514,0.771118164,-0.0803833008,-0.182250977,0.604797363,0.29296875,0.1875,-0.01171875,-1.75,9.296875,-1.9453125,0.0390625,-0.00390625,-0.109375
4499,44928245,45228245,0.771240234,-0.0799560547,-0.182495117,0.604553223,0.23046875,0.265625,0.07421875,-1.765625,9.296875,-1.953125,0.0390625,-0.00390625,-0.109375
4500,44944411,45244411,0.77142334,-0.0794677734,-0.182617188,0.604309082,0.23046875,0.265625,0.07421875,-1.765625,9.296875,-1.953125,0.0390625,0.044921875,-0.111328125
4501,44948180,45248180,0.771606445,-0.0789794922,-0.182800293,0.604125977,0.0234375,0.15625,0.04296875,-1.7890625,9.2890625,-1.9609375,0.0390625,0.044921875,-0.111328125
4502,44964777,45264777,0.771850586,-0.0784301758,-0.183044434,0.603820801,0.0234375,0.15625,0.04296875,-1.7890625,9.2890625,-1.9609375,0.0390625,0.017578125,-0.115234375
4503,44968516,45268516,0.771972656,-0.0780639648,-0.183288574,0.60357666,-0.03515625,0.05078125,0.05078125,-1.8046875,9.28125,-1.96875,0.0390625,0.017578125,-0.115234375
4504,44983434,45283434,0.772155762,-0.0776977539,-0.183654785,0.603393555,-0.03515625,0.05078125,0.05078125,-1.8046875,9.28125,-1.96875,0.02734375,-0.021484375,-0.095703125
4505,44988487,45288487,0.772216797,-0.0775146484,-0.184020996,0.603149414,-0.05078125,0.203125,0.01953125,-1.828125,9.28125,-1.9765625,0.02734375,-0.021484375,-0.095703125
4506,45002696,45302696,0.772277832,-0.0773925781,-0.184448242,0.603027344,-0.05078125,0.203125,0.01953125,-1.828125,9.28125,-1.9765625,0.013671875,-0.0625,-0.064453125
4507,45011276,45311276,0.772216797,-0.0773925781,-0.184875488,0.602905273,0.04296875,0.13671875,-0.171875,-1.84375,9.2734375,-1.9765625,0.013671875,-0.0625,-0.064453125
4508,45023889,45323889,0.772155762,-0.0773925781,-0.185241699,0.602844238,0.04296875,0.13671875,-0.171875,-1.84375,9.2734375,-1.9765625,-0.01171875,-0.0625,-0.041015625
4509,45029580,45329580,0.772094727,-0.0773925781,-0.185546875,0.602844238,0.05859375,0.05859375,-0.0546875,-1.859375,9.2734375,-1.9765625,-0.01171875,-0.0625,-0.041015625
4510,45045279,45345279,0.772033691,-0.0774536133,-0.185791016,0.602844238,0.05859375,0.05859375,-0.0546875,-1.859375,9.2734375,-1.9765625,0.00390625,-0.037109375,-0.01171875
4511,45049711,45349711,0.772033691,-0.0775756836,-0.185913086,0.602783203,-0.08984375,0.01953125,0.08984375,-1.8671875,9.2734375,-1.96875,0.00390625,-0.037109375,-0.01171875
4512,45064457,45364457,0.772094727,-0.0776367188,-0.186035156,0.602722168,-0.08984375,0.01953125,0.08984375,-1.8671875,9.2734375,-1.96875,0.015625,-0.025390625,-0.005859375
4513,45068199,45368199,0.772094727,-0.0776977539,-0.186157227,0.602661133,-0.1640625,0.1796875,0.05859375,-1.8671875,9.265625,-1.9765625,0.015625,-0.025390625,-0.005859375
4514,45085627,45385627,0.772155762,-0.0776977539,-0.186279297,0.602539062,-0.1640625,0.1796875,0.05859375,-1.8671875,9.265625,-1.9765625,0.029296875,-0.0234375,-0.01171875
4515,45089803,45389803,0.772216797,-0.0777587891,-0.186401367,0.602416992,-0.08984375,0.14453125,0.01953125,-1.8671875,9.265625,-1.9765625,0.029296875,-0.0234375,-0.01171875
4516,45103339,45403339,0.772277832,-0.0778198242,-0.186645508,0.602233887,-0.08984375,0.14453125,0.01953125,-1.8671875,9.265625,-1.9765625,0.01953125,-0.044921875,-0.02734375
4517,45108381,45408381,0.772277832,-0.0778808594,-0.186889648,0.602172852,-0.15625,0.02734375,0.2109375,-1.875,9.265625,-1.9765625,0.01953125,-0.044921875,-0.02734375
4518,45122536,45422536,0.772216797,-0.0778198242,-0.187133789,0.602111816,-0.15625,0.02734375,0.2109375,-1.875,9.265625,-1.9765625,-0.017578125,-0.03515625,-0.041015625
4519,45130743,45430743,0.772155762,-0.0776977539,-0.187438965,0.602172852,-0.109375,-0.01171875,0.25,-1.8828125,9.265625,-1.9765625,-0.017578125,-0.03515625,-0.041015625
4520,45144139,45444139,0.772033691,-0.0775146484,-0.187744141,0.602233887,-0.109375,-0.01171875,0.25,-1.8828125,9.265625,-1.9765625,-0.033203125,-0.0234375,-0.06640625
4521,45147889,45447889,0.771972656,-0.0772705078,-0.187988281,0.602294922,-0.1015625,-0.27734375,0.08984375,-1.890625,9.265625,-1.96875,-0.033203125,-0.0234375,-0.06640625
4522,45162507,45462507,0.771789551,-0.076965332,-0.188354492,0.602416992,-0.1015625,-0.27734375,0.08984375,-1.890625,9.265625,-1.96875,-0.052734375,-0.01171875,-0.091796875
4523,45171038,45471038,0.771728516,-0.0765380859,-0.188720703,0.602478027,-0.01171875,-0.2421875,-0.03515625,-1.90625,9.265625,-1.9609375,-0.052734375,-0.01171875,-0.091796875
4524,45184013,45484013,0.77166748,-0.0762329102,-0.189025879,0.602539062,-0.01171875,-0.2421875,-0.03515625,-1.90625,9.265625,-1.9609375,-0.013671875,-0.015625,-0.09765625
4525,45187745,45487745,0.77166748,-0.0759277344,-0.18939209,0.602416992,-0.0625,-0.234375,-0.15625,-1.9296875,9.2578125,-1.953125,-0.013671875,-0.015625,-0.09765625
4526,45204107,45504107,0.771850586,-0.0755615234,-0.189819336,0.602050781,-0.0625,-0.234375,-0.15625,-1.9296875,9.2578125,-1.953125,0.068359375,-0.02734375,-0.119140625
4527,45207837,45507837,0.772094727,-0.0752563477,-0.190246582,0.60168457,-0.0859375,-0.1953125,-0.109375,-1.9453125,9.2578125,-1.9609375,0.068359375,-0.02734375,-0.119140625
4528,45224128,45524128,0.772277832,-0.0748901367,-0.190734863,0.601318359,-0.0859375,-0.1953125,-0.109375,-1.9453125,9.2578125,-1.9609375,0.05859375,-0.02734375,-0.126953125
4529,45227865,45527865,0.772460938,-0.0745239258,-0.191162109,0.601013184,-0.0234375,0.16015625,-0.02734375,-1.96875,9.25,-1.96875,0.05859375,-0.02734375,-0.126953125
4530,45242541,45542541,0.772583008,-0.0740356445,-0.191589355,0.600769043,-0.0234375,0.16015625,-0.02734375,-1.96875,9.25,-1.96875,0,0.0078125,-0.13671875
4531,45251314,45551314,0.772583008,-0.073425293,-0.191955566,0.600769043,-0.0703125,0.28125,-0.0546875,-2,9.2421875,-1.9765625,0,0.0078125,-0.13671875
4532,45263918,45563918,0.772399902,-0.0728149414,-0.192260742,0.600952148,-0.0703125,0.28125,-0.0546875,-2,9.2421875,-1.9765625,-0.1015625,0.01953125,-0.125
4533,45270671,45570671,0.772094727,-0.072265625,-0.192626953,0.601257324,-0.19921875,0.3203125,0.00390625,-2.0234375,9.2421875,-1.9609375,-0.1015625,0.01953125,-0.125
4534,45283549,45583549,0.771789551,-0.0717163086,-0.193054199,0.601623535,-0.19921875,0.3203125,0.00390625,-2.0234375,9.2421875,-1.9609375,-0.12109375,-0.015625,-0.111328125
4535,45290017,45590017,0.77142334,-0.0712280273,-0.193481445,0.601989746,-0.1015625,0.12890625,0.05859375,-2.046875,9.2421875,-1.9375,-0.12109375,-0.015625,-0.111328125
4536,45306610,45606610,0.771179199,-0.0708007812,-0.193847656,0.602233887,-0.1015625,0.12890625,0.05859375,-2.046875,9.2421875,-1.9375,-0.080078125,-0.0078125,-0.099609375
4537,45310739,45610739,0.770996094,-0.0703735352,-0.194213867,0.602416992,-0.0078125,-0.0234375,0.08203125,-2.0625,9.2421875,-1.921875,-0.080078125,-0.0078125,-0.099609375
4538,45324209,45624209,0.770690918,-0.0700073242,-0.194580078,0.602722168,-0.0078125,-0.0234375,0.08203125,-2.0625,9.2421875,-1.921875,-0.11328125,-0.03125,-0.07421875
4539,45327816,45627816,0.770324707,-0.0698242188,-0.194946289,0.603088379,0.0078125,0.17578125,-0.08984375,-2.078125,9.234375,-1.90625,-0.11328125,-0.03125,-0.07421875
4540,45343098,45643098,0.769958496,-0.0697631836,-0.195373535,0.60345459,0.0078125,0.17578125,-0.08984375,-2.078125,9.234375,-1.90625,-0.10546875,-0.0859375,-0.037109375
4541,45350402,45650402,0.769592285,-0.0698242188,-0.195922852,0.603759766,-0.08984375,0.16796875,-0.1875,-2.09375,9.2421875,-1.8828125,-0.10546875,-0.0859375,-0.037109375
4542,45363427,45663427,0.769226074,-0.0700683594,-0.196411133,0.603942871,-0.08984375,0.16796875,-0.1875,-2.09375,9.2421875,-1.8828125,-0.060546875,-0.123046875,-0.009765625
4543,45369898,45669898,0.768981934,-0.0703735352,-0.196899414,0.604125977,0.03125,0.12890625,-0.171875,-2.1015625,9.2421875,-1.859375,-0.060546875,-0.123046875,-0.009765625
4544,45385563,45685563,0.768737793,-0.0707397461,-0.197387695,0.604187012,0.03125,0.12890625,-0.171875,-2.1015625,9.2421875,-1.859375,-0.029296875,-0.111328125,0.009765625
4545,45389175,45689175,0.768615723,-0.0710449219,-0.197753906,0.604248047,-0.0390625,0.203125,-0.14453125,-2.109375,9.2421875,-1.8515625,-0.029296875,-0.111328125,0.009765625
4546,45403301,45703301,0.768554688,-0.0714111328,-0.198059082,0.604187012,-0.0390625,0.203125,-0.14453125,-2.109375,9.2421875,-1.8515625,0.02734375,-0.095703125,0.017578125
4547,45409044,45709044,0.768554688,-0.0718383789,-0.198364258,0.603942871,-0.0390625,0.12109375,-0.1796875,-2.109375,9.25,-1.8515625,0.02734375,-0.095703125,0.017578125
4548,45423410,45723410,0.768676758,-0.0723876953,-0.198669434,0.60369873,-0.0390625,0.12109375,-0.1796875,-2.109375,9.25,-1.8515625,0.08984375,-0.12109375,0.041015625
4549,45429144,45729144,0.768859863,-0.073059082,-0.198974609,0.603271484,-0.0390625,0.16015625,-0.21875,-2.109375,9.25,-1.8515625,0.08984375,-0.12109375,0.041015625
4550,45442591,45742591,0.769042969,-0.0736694336,-0.199157715,0.602905273,-0.0390625,0.16015625,-0.21875,-2.109375,9.25,-1.8515625,0.111328125,-0.091796875,0.056640625
4551,45450252,45750252,0.769287109,-0.0743408203,-0.19921875,0.602478027,0.30078125,0.2734375,-0.1953125,-2.1015625,9.25,-1.875,0.111328125,-0.091796875,0.056640625
4552,45463973,45763973,0.76953125,-0.075012207,-0.199157715,0.602050781,0.30078125,0.2734375,-0.1953125,-2.1015625,9.25,-1.875,0.107421875,-0.064453125,0.109375
4553,45470110,45770110,0.769714355,-0.0756835938,-0.198974609,0.601867676,0.25390625,0.234375,-0.02734375,-2.09375,9.25,-1.890625,0.107421875,-0.064453125,0.109375
4554,45483693,45783693,0.769775391,-0.0762329102,-0.198608398,0.601806641,0.25390625,0.234375,-0.02734375,-2.09375,9.25,-1.890625,0.029296875,0.001953125,0.134765625
4555,45490161,45790161,0.769897461,-0.076965332,-0.198242188,0.601745605,0.078125,0.16015625,-0.09765625,-2.0703125,9.25,-1.8984375,0.029296875,0.001953125,0.134765625
4556,45503314,45803314,0.769958496,-0.0777587891,-0.198059082,0.6015625,0.078125,0.16015625,-0.09765625,-2.0703125,9.25,-1.8984375,0.08203125,-0.087890625,0.15234375
4557,45509052,45809052,0.770019531,-0.0786743164,-0.197937012,0.60144043,-0.0234375,-0.1484375,0.02734375,-2.046875,9.25,-1.90625,0.08203125,-0.087890625,0.15234375
4558,45522928,45822928,0.770019531,-0.0795898438,-0.197875977,0.601318359,-0.0234375,-0.1484375,0.02734375,-2.046875,9.25,-1.90625,0.0546875,-0.103515625,0.126953125
4559,45528668,45828668,0.770080566,-0.0804443359,-0.197875977,0.601135254,-0.125,-0.234375,-0.08203125,-2.0234375,9.2578125,-1.9140625,0.0546875,-0.103515625,0.126953125
4560,45543620,45843620,0.770324707,-0.0814208984,-0.198059082,0.600646973,-0.125,-0.234375,-0.08203125,-2.0234375,9.2578125,-1.9140625,0.169921875,-0.162109375,0.099609375
4561,45549349,45849349,0.770629883,-0.0823974609,-0.198364258,0.600036621,-0.17578125,-0.1953125,0.01171875,-2.0078125,9.2578125,-1.9296875,0.169921875,-0.162109375,0.099609375
4562,45562794,45862794,0.770874023,-0.0833129883,-0.198547363,0.599487305,-0.17578125,-0.1953125,0.01171875,-2.0078125,9.2578125,-1.9296875,0.134765625,-0.1171875,0.087890625
4563,45568530,45868530,0.771057129,-0.0840454102,-0.198669434,0.599121094,-0.078125,-0.1171875,0.1875,-1.9921875,9.2578125,-1.953125,0.134765625,-0.1171875,0.087890625
4564,45582853,45882853,0.771179199,-0.0848388672,-0.198791504,0.598815918,-0.078125,-0.1171875,0.1875,-1.9921875,9.2578125,-1.953125,0.111328125,-0.123046875,0.109375
4565,45588584,45888584,0.77130127,-0.0859375,-0.199035645,0.598388672,-0.31640625,-0.078125,-0.140625,-1.984375,9.2578125,-1.96875,0.111328125,-0.123046875,0.109375
4566,45606020,45906020,0.77130127,-0.0871582031,-0.199462891,0.598083496,-0.31640625,-0.078125,-0.140625,-1.984375,9.2578125,-1.96875,0.078125,-0.23828125,0.1328125
4567,45609983,45909983,0.771240234,-0.0883789062,-0.199890137,0.597839355,0.01171875,-0.078125,0.06640625,-1.96875,9.2578125,-1.984375,0.078125,-0.23828125,0.1328125
4568,45622187,45922187,0.771118164,-0.0895996094,-0.200317383,0.59765625,0.01171875,-0.078125,0.06640625,-1.96875,9.2578125,-1.984375,0.048828125,-0.19140625,0.1328125
4569,45630793,45930793,0.770996094,-0.0908813477,-0.200683594,0.597473145,0.2265625,0.11328125,0.18359375,-1.953125,9.2578125,-1.984375,0.048828125,-0.19140625,0.1328125
4570,45644013,45944013,0.770751953,-0.0922241211,-0.201049805,0.59753418,0.2265625,0.11328125,0.18359375,-1.953125,9.2578125,-1.984375,-0.01953125,-0.2265625,0.171875
4571,45647736,45947736,0.770324707,-0.0933227539,-0.20135498,0.59777832,0.28125,0.1796875,0.296875,-1.9296875,9.265625,-1.984375,-0.01953125,-0.2265625,0.171875
4572,45661945,45961945,0.769958496,-0.0942993164,-0.201416016,0.598144531,0.28125,0.1796875,0.296875,-1.9296875,9.265625,-1.984375,-0.046875,-0.111328125,0.16796875
4573,45670152,45970152,0.769592285,-0.0953369141,-0.20135498,0.598449707,-0.01171875,0.2109375,0.04296875,-1.90625,9.2734375,-1.9609375,-0.046875,-0.111328125,0.16796875
4574,45683877,45983877,0.769226074,-0.0963134766,-0.20135498,0.598754883,-0.01171875,0.2109375,0.04296875,-1.90625,9.2734375,-1.9609375,-0.04296875,-0.109375,0.18359375
4575,45689860,45989860,0.768920898,-0.0971679688,-0.20123291,0.598999023,0.1171875,0.05078125,-0.04296875,-1.8828125,9.28125,-1.953125,-0.04296875,-0.109375,0.18359375
4576,45705848,46005848,0.768676758,-0.0980224609,-0.201049805,0.599243164,0.1171875,0.05078125,-0.04296875,-1.8828125,9.28125,-1.953125,-0.0078125,-0.080078125,0.146484375
4577,45709991,46009991,0.768493652,-0.0988769531,-0.201049805,0.599365234,-0.140625,-0.0703125,-0.1328125,-1.8515625,9.2890625,-1.9375,-0.0078125,-0.080078125,0.146484375
4578,45722277,46022277,0.768249512,-0.0999145508,-0.201049805,0.599487305,-0.140625,-0.0703125,-0.1328125,-1.8515625,9.2890625,-1.9375,-0.029296875,-0.138671875,0.158203125
4579,45728255,46028255,0.767883301,-0.100830078,-0.201171875,0.599731445,-0.08984375,-0.109375,-0.01953125,-1.828125,9.2890625,-1.9375,-0.029296875,-0.138671875,0.158203125
4580,45744815,46044815,0.76751709,-0.101623535,-0.20123291,0.600036621,-0.08984375,-0.109375,-0.01953125,-1.828125,9.2890625,-1.9375,-0.044921875,-0.08984375,0.12890625
4581,45748560,46048560,0.767272949,-0.102172852,-0.201171875,0.600341797,0.0390625,-0.1171875,0.00390625,-1.8046875,9.296875,-1.921875,-0.044921875,-0.08984375,0.12890625
4582,45762118,46062118,0.766967773,-0.102722168,-0.20098877,0.600708008,0.0390625,-0.1171875,0.00390625,-1.8046875,9.296875,-1.921875,-0.083984375,-0.029296875,0.12109375
4583,45768124,46068124,0.766540527,-0.103210449,-0.200744629,0.601196289,0.0625,0.06640625,-0.125,-1.7890625,9.3046875,-1.90625,-0.083984375,-0.029296875,0.12109375
4584,45784722,46084722,0.766174316,-0.103759766,-0.200500488,0.60168457,0.0625,0.06640625,-0.125,-1.7890625,9.3046875,-1.90625,-0.109375,-0.02734375,0.142578125
4585,45788464,46088464,0.76574707,-0.104187012,-0.200256348,0.602172852,0.23046875,0.1328125,-0.1796875,-1.765625,9.3125,-1.890625,-0.109375,-0.02734375,0.142578125
4586,45804533,46104533,0.76550293,-0.104614258,-0.199951172,0.602600098,0.23046875,0.1328125,-0.1796875,-1.765625,9.3125,-1.890625,-0.041015625,-0.005859375,0.1015625
4587,45808147,46108147,0.765319824,-0.104919434,-0.199768066,0.602844238,-0.09765625,-0.1875,-0.04296875,-1.7421875,9.328125,-1.875,-0.041015625,-0.005859375,0.1015625
4588,45821996,46121996,0.765075684,-0.10534668,-0.199645996,0.603088379,-0.09765625,-0.1875,-0.04296875,-1.7421875,9.328125,-1.875,-0.03515625,-0.041015625,0.087890625
4589,45830067,46130067,0.764892578,-0.105773926,-0.199523926,0.603271484,-0.07421875,-0.08203125,0.1015625,-1.7265625,9.3359375,-1.8671875,-0.03515625,-0.041015625,0.087890625
4590,45841266,46141266,0.764587402,-0.106323242,-0.199401855,0.603637695,-0.07421875,-0.08203125,0.1015625,-1.7265625,9.3359375,-1.8671875,-0.07421875,-0.052734375,0.123046875
4591,45848788,46148788,0.764160156,-0.106872559,-0.199279785,0.604064941,0.0625,0.07421875,0.28515625,-1.7109375,9.3359375,-1.859375,-0.07421875,-0.052734375,0.123046875
4592,45864209,46164209,0.763671875,-0.10723877,-0.19909668,0.604675293,0.0625,0.07421875,0.28515625,-1.7109375,9.3359375,-1.859375,-0.140625,-0.013671875,0.103515625
4593,45867815,46167815,0.763183594,-0.107421875,-0.198913574,0.605285645,0.0390625,-0.05859375,0.2265625,-1.6875,9.3515625,-1.8359375,-0.140625,-0.013671875,0.103515625
4594,45880858,46180858,0.762756348,-0.10748291,-0.198791504,0.605957031,0.0390625,-0.05859375,0.2265625,-1.6875,9.3515625,-1.8359375,-0.1328125,0.015625,0.0390625
4595,45888356,46188356,0.762390137,-0.10736084,-0.198730469,0.606384277,-0.0859375,-0.2109375,-0.11328125,-1.6796875,9.3515625,-1.8046875,-0.1328125,0.015625,0.0390625
4596,45903029,46203029,0.762207031,-0.107299805,-0.198791504,0.606628418,-0.0859375,-0.2109375,-0.11328125,-1.6796875,9.3515625,-1.8046875,-0.041015625,-0.013671875,-0.01171875
4597,45908774,46208774,0.762084961,-0.107299805,-0.198974609,0.606689453,-0.20703125,-0.48828125,-0.16796875,-1.671875,9.359375,-1.7890625,-0.041015625,-0.013671875,-0.01171875
4598,45921231,46221231,0.762084961,-0.107421875,-0.19921875,0.606628418,-0.20703125,-0.48828125,-0.16796875,-1.671875,9.359375,-1.7890625,0.017578125,-0.07421875,-0.0234375
4599,45928732,46228732,0.762145996,-0.10760498,-0.199584961,0.606445312,0.03125,-0.3359375,-0.01171875,-1.6796875,9.359375,-1.7890625,0.017578125,-0.07421875,-0.0234375
4600,45944058,46244058,0.762268066,-0.107727051,-0.199890137,0.606140137,0.03125,-0.3359375,-0.01171875,-1.6796875,9.359375,-1.7890625,0.064453125,-0.0703125,-0.033203125
4601,45947671,46247671,0.762390137,-0.107849121,-0.200195312,0.605834961,-0.11328125,-0.2890625,0.0625,-1.6875,9.3515625,-1.7890625,0.064453125,-0.0703125,-0.033203125
4602,45964698,46264698,0.762573242,-0.107849121,-0.200500488,0.605529785,-0.11328125,-0.2890625,0.0625,-1.6875,9.3515625,-1.7890625,0.072265625,-0.03515625,-0.0625
4603,45968440,46268440,0.762817383,-0.107727051,-0.200805664,0.605163574,-0.03125,-0.1640625,0.1171875,-1.6953125,9.34375,-1.8046875,0.072265625,-0.03515625,-0.0625
4604,45981345,46281345,0.763061523,-0.107543945,-0.201049805,0.604736328,-0.03125,-0.1640625,0.1171875,-1.6953125,9.34375,-1.8046875,0.080078125,-0.00390625,-0.080078125
4605,45989982,46289982,0.763366699,-0.107299805,-0.20123291,0.604370117,-0.08984375,-0.1640625,0.0859375,-1.7109375,9.34375,-1.8125,0.080078125,-0.00390625,-0.080078125
4606,46003853,46303853,0.76373291,-0.107055664,-0.201416016,0.603881836,-0.08984375,-0.1640625,0.0859375,-1.7109375,9.34375,-1.8125,0.1015625,0.001953125,-0.08984375
4607,46009627,46309627,0.764099121,-0.106872559,-0.201599121,0.603393555,-0.11328125,-0.15625,0.02734375,-1.7265625,9.3359375,-1.828125,0.1015625,0.001953125,-0.08984375
4608,46023571,46323571,0.764587402,-0.106689453,-0.201721191,0.602722168,-0.11328125,-0.15625,0.02734375,-1.7265625,9.3359375,-1.828125,0.154296875,0.009765625,-0.07421875
4609,46028247,46328247,0.765075684,-0.106506348,-0.201843262,0.602111816,0.015625,0.1171875,0.05078125,-1.7421875,9.328125,-1.8515625,0.154296875,0.009765625,-0.07421875
4610,46042299,46342299,0.765686035,-0.106323242,-0.201843262,0.60144043,0.015625,0.1171875,0.05078125,-1.7421875,9.328125,-1.8515625,0.166015625,0.0390625,-0.064453125
4611,46048271,46348271,0.766235352,-0.106079102,-0.201782227,0.600769043,-0.015625,0.01171875,0.1953125,-1.75,9.3203125,-1.8828125,0.166015625,0.0390625,-0.064453125
4612,46062502,46362502,0.766784668,-0.105895996,-0.201660156,0.600158691,-0.015625,0.01171875,0.1953125,-1.75,9.3203125,-1.8828125,0.146484375,0.0546875,-0.056640625
4613,46068484,46368484,0.767272949,-0.10559082,-0.201538086,0.599609375,0.03125,0.09765625,0.1875,-1.7578125,9.3125,-1.9140625,0.146484375,0.0546875,-0.056640625
4614,46086154,46386154,0.767578125,-0.105285645,-0.201416016,0.599304199,0.03125,0.09765625,0.1875,-1.7578125,9.3125,-1.9140625,0.0390625,0.05859375,-0.056640625
4615,46090668,46390668,0.76776123,-0.104919434,-0.20135498,0.599182129,-0.06640625,0.10546875,0.2890625,-1.7734375,9.3046875,-1.9375,0.0390625,0.05859375,-0.056640625
4616,46105270,46405270,0.767822266,-0.104614258,-0.201293945,0.599182129,-0.06640625,0.10546875,0.2890625,-1.7734375,9.3046875,-1.9375,-0.009765625,0.04296875,-0.033203125
4617,46109424,46409424,0.767822266,-0.104370117,-0.20123291,0.599182129,-0.02734375,0.3046875,0.13671875,-1.7734375,9.296875,-1.9375,-0.009765625,0.04296875,-0.033203125
4618,46123516,46423516,0.767822266,-0.104187012,-0.201171875,0.599243164,-0.02734375,0.3046875,0.13671875,-1.7734375,9.296875,-1.9375,-0.01171875,0.033203125,-0.021484375
4619,46128560,46428560,0.767883301,-0.104003906,-0.201171875,0.599243164,0.015625,0.296875,0.01953125,-1.78125,9.3046875,-1.9375,-0.01171875,0.033203125,-0.021484375
4620,46143466,46443466,0.767944336,-0.103942871,-0.20123291,0.599182129,0.015625,0.296875,0.01953125,-1.78125,9.3046875,-1.9375,0.005859375,-0.009765625,-0.0390625
4621,46148503,46448503,0.767944336,-0.10369873,-0.201416016,0.599121094,0.0625,0.1796875,0.21875,-1.7890625,9.3046875,-1.9453125,0.005859375,-0.009765625,-0.0390625
4622,46164632,46464632,0.767883301,-0.10333252,-0.201599121,0.599182129,0.0625,0.1796875,0.21875,-1.7890625,9.3046875,-1.9453125,-0.04296875,0.02734375,-0.08984375
4623,46168383,46468383,0.767822266,-0.102844238,-0.201782227,0.599304199,0.109375,-0.078125,0.171875,-1.796875,9.296875,-1.9375,-0.04296875,0.02734375,-0.08984375
4624,46183485,46483485,0.76763916,-0.102355957,-0.202148438,0.599487305,0.109375,-0.078125,0.171875,-1.796875,9.296875,-1.9375,-0.078125,-0.001953125,-0.119140625
4625,46189204,46489204,0.767456055,-0.101867676,-0.202636719,0.59967041,0.125,-0.1171875,-0.1796875,-1.8125,9.296875,-1.9296875,-0.078125,-0.001953125,-0.119140625
4626,46203865,46503865,0.767150879,-0.10144043,-0.203186035,0.599914551,0.125,-0.1171875,-0.1796875,-1.8125,9.296875,-1.9296875,-0.107421875,-0.044921875,-0.109375
4627,46207583,46507583,0.766845703,-0.101013184,-0.203674316,0.600219727,0.1875,-0.00390625,-0.1640625,-1.8359375,9.296875,-1.90625,-0.107421875,-0.044921875,-0.109375
4628,46223363,46523363,0.766418457,-0.100585938,-0.204223633,0.600585938,0.1875,-0.00390625,-0.1640625,-1.8359375,9.296875,-1.90625,-0.13671875,-0.029296875,-0.115234375
4629,46228414,46528414,0.766113281,-0.0999755859,-0.204711914,0.601013184,0.40234375,0.03515625,-0.07421875,-1.859375,9.296875,-1.8828125,-0.13671875,-0.029296875,-0.115234375
4630,46243359,46543359,0.765808105,-0.0992431641,-0.20501709,0.601379395,0.40234375,0.03515625,-0.07421875,-1.859375,9.296875,-1.8828125,-0.150390625,0.052734375,-0.12890625
4631,46250450,46550450,0.765441895,-0.0983276367,-0.205200195,0.601928711,0.30859375,-0.00390625,-0.13671875,-1.8828125,9.296875,-1.859375,-0.150390625,0.052734375,-0.12890625
4632,46264300,46564300,0.765075684,-0.0972900391,-0.20526123,0.602539062,0.30859375,-0.00390625,-0.13671875,-1.8828125,9.296875,-1.859375,-0.185546875,0.11328125,-0.13671875
4633,46268041,46568041,0.764709473,-0.0964355469,-0.205322266,0.603088379,0.02734375,-0.234375,-0.39453125,-1.90625,9.296875,-1.828125,-0.185546875,0.11328125,-0.13671875
4634,46283694,46583694,0.764282227,-0.0956420898,-0.205505371,0.603759766,0.02734375,-0.234375,-0.39453125,-1.90625,9.296875,-1.828125,-0.181640625,0.05078125,-0.08984375
4635,46289438,46589438,0.76385498,-0.0950927734,-0.205627441,0.604370117,0.234375,-0.2734375,-0.3828125,-1.921875,9.296875,-1.8046875,-0.181640625,0.05078125,-0.08984375
4636,46304038,46604038,0.763305664,-0.0947265625,-0.205749512,0.605041504,0.234375,-0.2734375,-0.3828125,-1.921875,9.296875,-1.8046875,-0.185546875,-0.0078125,-0.015625
4637,46307856,46607856,0.762634277,-0.094543457,-0.205932617,0.605895996,0.1640625,0.37109375,-0.34375,-1.9296875,9.3046875,-1.765625,-0.185546875,-0.0078125,-0.015625
4638,46322269,46622269,0.76159668,-0.0944824219,-0.205932617,0.607116699,0.1640625,0.37109375,-0.34375,-1.9296875,9.3046875,-1.765625,-0.361328125,-0.001953125,0.087890625
4639,46330820,46630820,0.760314941,-0.0944213867,-0.205627441,0.608886719,0.38671875,1.015625,-0.27734375,-1.921875,9.3125,-1.71875,-0.361328125,-0.001953125,0.087890625
4640,46345890,46645890,0.758911133,-0.0940551758,-0.204772949,0.610961914,0.38671875,1.015625,-0.27734375,-1.921875,9.3125,-1.71875,-0.505859375,0.21484375,0.18359375
4641,46349716,46649716,0.757568359,-0.0935058594,-0.203430176,0.613098145,0.546875,1.10546875,-0.27734375,-1.890625,9.3359375,-1.640625,-0.505859375,0.21484375,0.18359375
4642,46363754,46663754,0.756530762,-0.0927734375,-0.201721191,0.615112305,0.546875,1.10546875,-0.27734375,-1.890625,9.3359375,-1.640625,-0.357421875,0.37890625,0.18359375
4643,46367496,46667496,0.756103516,-0.0919799805,-0.200073242,0.616333008,0.35546875,0.66015625,-0.46875,-1.8515625,9.359375,-1.5625,-0.357421875,0.37890625,0.18359375
4644,46383682,46683682,0.756225586,-0.0913085938,-0.198730469,0.616638184,0.35546875,0.66015625,-0.46875,-1.8515625,9.359375,-1.5625,0.076171875,0.236328125,0.04296875
4645,46387407,46687407,0.756896973,-0.0909423828,-0.197998047,0.616149902,-0.36328125,-0.41796875,-0.44140625,-1.8203125,9.3671875,-1.5546875,0.076171875,0.236328125,0.04296875
4646,46403771,46703771,0.7578125,-0.0906982422,-0.197692871,0.61517334,-0.36328125,-0.41796875,-0.44140625,-1.8203125,9.3671875,-1.5546875,0.28125,0.078125,-0.087890625
4647,46407497,46707497,0.758728027,-0.0902099609,-0.19744873,0.614135742,-0.2109375,-0.9453125,0.59375,-1.8203125,9.359375,-1.59375,0.28125,0.078125,-0.087890625
4648,46423441,46723441,0.75958252,-0.0892333984,-0.196960449,0.61340332,-0.2109375,-0.9453125,0.59375,-1.8203125,9.359375,-1.59375,0.1171875,0.259765625,-0.14453125
4649,46429100,46729100,0.760070801,-0.087890625,-0.196411133,0.61315918,0.2265625,-0.40234375,0.22265625,-1.8359375,9.3515625,-1.640625,0.1171875,0.259765625,-0.14453125
4650,46443864,46743864,0.760559082,-0.0864257812,-0.195800781,0.613037109,0.2265625,-0.40234375,0.22265625,-1.8359375,9.3515625,-1.640625,0.041015625,0.2578125,-0.17578125
4651,46447600,46747600,0.761108398,-0.0852661133,-0.195617676,0.612548828,0.47265625,-0.703125,-0.9140625,-1.8515625,9.34375,-1.65625,0.041015625,0.2578125,-0.17578125
4652,46461568,46761568,0.76184082,-0.0845947266,-0.195983887,0.611633301,0.47265625,-0.703125,-0.9140625,-1.8515625,9.34375,-1.65625,0.23046875,-0.03515625,-0.197265625
4653,46468398,46768398,0.762512207,-0.0842895508,-0.196777344,0.610534668,-0.1875,-1.53515625,-0.23046875,-1.8828125,9.3359375,-1.6875,0.23046875,-0.03515625,-0.197265625
4654,46484157,46784157,0.763122559,-0.0838623047,-0.197875977,0.609436035,-0.1875,-1.53515625,-0.23046875,-1.8828125,9.3359375,-1.6875,0.162109375,-0.1015625,-0.251953125
4655,46487901,46787901,0.76348877,-0.0832519531,-0.198852539,0.608764648,-0.2265625,-0.86328125,0.66015625,-1.921875,9.3125,-1.734375,0.162109375,-0.1015625,-0.251953125
4656,46503749,46803749,0.76361084,-0.0824584961,-0.199768066,0.608459473,-0.2265625,-0.86328125,0.66015625,-1.921875,9.3125,-1.734375,-0.009765625,-0.033203125,-0.23046875
4657,46507482,46807482,0.763671875,-0.0817260742,-0.200439453,0.608276367,-0.62890625,-0.04296875,-0.21484375,-1.9765625,9.296875,-1.7421875,-0.009765625,-0.033203125,-0.23046875
4658,46523640,46823640,0.763671875,-0.0810546875,-0.20098877,0.608154297,-0.62890625,-0.04296875,-0.21484375,-1.9765625,9.296875,-1.7421875,-0.02734375,0.021484375,-0.14453125
4659,46529084,46829084,0.76361084,-0.0804443359,-0.20111084,0.608215332,-0.5625,0.38671875,-0.55859375,-2.0078125,9.2890625,-1.7421875,-0.02734375,0.021484375,-0.14453125
4660,46543203,46843203,0.763549805,-0.0798950195,-0.200927734,0.608459473,-0.5625,0.38671875,-0.55859375,-2.0078125,9.2890625,-1.7421875,-0.06640625,0.130859375,-0.01953125
4661,46547995,46847995,0.76361084,-0.0794067383,-0.200378418,0.608581543,0.375,1.0390625,0.0078125,-2.0234375,9.2890625,-1.734375,-0.06640625,0.130859375,-0.01953125
4662,46562593,46862593,0.764160156,-0.0790405273,-0.199890137,0.608215332,0.375,1.0390625,0.0078125,-2.0234375,9.2890625,-1.734375,0.220703125,0.107421875,-0.033203125
4663,46569267,46869267,0.765197754,-0.0788574219,-0.199645996,0.606933594,-0.125,0.6953125,0.55859375,-2.0234375,9.2890625,-1.75,0.220703125,0.107421875,-0.033203125
4664,46584105,46884105,0.766540527,-0.0785522461,-0.199645996,0.60534668,-0.125,0.6953125,0.55859375,-2.0234375,9.2890625,-1.75,0.390625,0.060546875,-0.1640625
4665,46587738,46887738,0.76763916,-0.0780029297,-0.199829102,0.603942871,-0.56640625,-0.1328125,0.73828125,-2.0390625,9.2734375,-1.8125,0.390625,0.060546875,-0.1640625
4666,46602541,46902541,0.768493652,-0.0770874023,-0.199951172,0.602905273,-0.56640625,-0.1328125,0.73828125,-2.0390625,9.2734375,-1.8125,0.140625,0.134765625,-0.208984375
4667,46608881,46908881,0.768859863,-0.0759277344,-0.199890137,0.602600098,-0.11328125,0.1875,0.21875,-2.0703125,9.2578125,-1.8671875,0.140625,0.134765625,-0.208984375
4668,46622992,46922992,0.768981934,-0.0748291016,-0.199645996,0.602722168,-0.11328125,0.1875,0.21875,-2.0703125,9.2578125,-1.8671875,-0.078125,0.17578125,-0.11328125
4669,46627780,46927780,0.768981934,-0.0739746094,-0.199401855,0.602905273,-0.0546875,-0.1875,-0.50390625,-2.09375,9.25,-1.875,-0.078125,0.17578125,-0.11328125
4670,46641909,46941909,0.769042969,-0.0736083984,-0.199401855,0.602844238,-0.0546875,-0.1875,-0.50390625,-2.09375,9.25,-1.875,0.0390625,0.00390625,-0.064453125
4671,46648577,46948577,0.769287109,-0.0734863281,-0.199768066,0.602355957,-0.3515625,-0.29296875,-0.08203125,-2.1015625,9.2421875,-1.875,0.0390625,0.00390625,-0.064453125
4672,46664137,46964137,0.769775391,-0.0735473633,-0.200317383,0.6015625,-0.3515625,-0.29296875,-0.08203125,-2.1015625,9.2421875,-1.875,0.20703125,-0.1171875,-0.123046875
4673,46667745,46967745,0.770324707,-0.0735473633,-0.20111084,0.600646973,-0.3671875,-0.4375,0.515625,-2.125,9.234375,-1.8984375,0.20703125,-0.1171875,-0.123046875
4674,46684057,46984057,0.770751953,-0.0733032227,-0.201904297,0.59979248,-0.3671875,-0.4375,0.515625,-2.125,9.234375,-1.8984375,0.12109375,-0.068359375,-0.17578125
4675,46687795,46987795,0.770996094,-0.0728759766,-0.202575684,0.599365234,-0.21875,-0.1640625,0.38671875,-2.15625,9.2265625,-1.921875,0.12109375,-0.068359375,-0.17578125
4676,46702640,47002640,0.770996094,-0.0723876953,-0.203063965,0.599182129,-0.21875,-0.1640625,0.38671875,-2.15625,9.2265625,-1.921875,-0.041015625,0.001953125,-0.123046875
4677,46709315,47009315,0.770935059,-0.0718994141,-0.203308105,0.599304199,0.1171875,0.54296875,0.08984375,-2.1875,9.2109375,-1.9296875,-0.041015625,0.001953125,-0.123046875
4678,46722740,47022740,0.770751953,-0.0715942383,-0.203430176,0.59954834,0.1171875,0.54296875,0.08984375,-2.1875,9.2109375,-1.9296875,-0.068359375,0.009765625,-0.025390625
4679,46727777,47027777,0.770568848,-0.0715332031,-0.203430176,0.59979248,0.046875,0.84765625,0.00390625,-2.1953125,9.2109375,-1.921875,-0.068359375,0.009765625,-0.025390625
4680,46743436,47043436,0.770324707,-0.0716552734,-0.203430176,0.600097656,0.046875,0.84765625,0.00390625,-2.1953125,9.2109375,-1.921875,-0.064453125,-0.021484375,0.052734375
4681,46748479,47048479,0.770080566,-0.0718994141,-0.203369141,0.600402832,-0.02734375,0.7265625,0.10546875,-2.1953125,9.21875,-1.90625,-0.064453125,-0.021484375,0.052734375
4682,46763621,47063621,0.76965332,-0.072265625,-0.203308105,0.600891113,-0.02734375,0.7265625,0.10546875,-2.1953125,9.21875,-1.90625,-0.125,-0.05078125,0.083984375
4683,46767351,47067351,0.769165039,-0.0725708008,-0.203308105,0.601501465,-0.00390625,0.41015625,0.05078125,-2.1796875,9.2265625,-1.890625,-0.125,-0.05078125,0.083984375
4684,46783869,47083869,0.768493652,-0.0728759766,-0.203430176,0.602294922,-0.00390625,0.41015625,0.05078125,-2.1796875,9.2265625,-1.890625,-0.2109375,-0.060546875,0.068359375
4685,46787599,47087599,0.76776123,-0.073059082,-0.203491211,0.603149414,0.29296875,0.2890625,-0.09765625,-2.171875,9.234375,-1.859375,-0.2109375,-0.060546875,0.068359375
4686,46803453,47103453,0.767089844,-0.0731811523,-0.203613281,0.603942871,0.29296875,0.2890625,-0.09765625,-2.171875,9.234375,-1.859375,-0.162109375,-0.04296875,0.04296875
4687,46807195,47107195,0.766723633,-0.0733642578,-0.203674316,0.604370117,0.1328125,0.01171875,-0.25,-2.1640625,9.2421875,-1.8203125,-0.162109375,-0.04296875,0.04296875
4688,46821788,47121788,0.766540527,-0.0736694336,-0.203796387,0.604553223,0.1328125,0.01171875,-0.25,-2.1640625,9.2421875,-1.8203125,-0.0078125,-0.052734375,0.0390625
4689,46828665,47128665,0.766479492,-0.0739746094,-0.203857422,0.604553223,0.0078125,-0.1875,-0.19140625,-2.15625,9.25,-1.8046875,-0.0078125,-0.052734375,0.0390625
4690,46842698,47142698,0.766479492,-0.07421875,-0.203979492,0.604431152,0.0078125,-0.1875,-0.19140625,-2.15625,9.25,-1.8046875,0.044921875,-0.05859375,0.015625
4691,46847738,47147738,0.766601562,-0.0745239258,-0.204284668,0.604187012,-0.19140625,-0.609375,0.00390625,-2.1484375,9.25,-1.8046875,0.044921875,-0.05859375,0.015625
4692,46861621,47161621,0.766723633,-0.0746459961,-0.204711914,0.603881836,-0.19140625,-0.609375,0.00390625,-2.1484375,9.25,-1.8046875,0.0625,-0.08984375,-0.072265625
4693,46868495,47168495,0.766845703,-0.0745849609,-0.205322266,0.603515625,-0.18359375,-0.828125,0.203125,-2.15625,9.2421875,-1.8125,0.0625,-0.08984375,-0.072265625
4694,46882256,47182256,0.767028809,-0.0743408203,-0.206054688,0.603088379,-0.18359375,-0.828125,0.203125,-2.15625,9.2421875,-1.8125,0.060546875,-0.07421875,-0.18359375
4695,46889959,47189959,0.767211914,-0.0737304688,-0.206970215,0.602600098,-0.34375,-0.9765625,0.2109375,-2.1875,9.234375,-1.8203125,0.060546875,-0.07421875,-0.18359375
4696,46905835,47205835,0.767333984,-0.0729980469,-0.207885742,0.602233887,-0.34375,-0.9765625,0.2109375,-2.1875,9.234375,-1.8203125,0.02734375,-0.044921875,-0.267578125
4697,46912362,47212362,0.767456055,-0.0720825195,-0.208862305,0.601867676,-0.2578125,-0.96875,-0.01953125,-2.234375,9.2265625,-1.8203125,0.02734375,-0.044921875,-0.267578125
4698,46922985,47222985,0.76751709,-0.071105957,-0.209777832,0.601501465,-0.2578125,-0.96875,-0.01953125,-2.234375,9.2265625,-1.8203125,0,-0.0234375,-0.279296875
4699,46928033,47228033,0.76763916,-0.0700683594,-0.210754395,0.601196289,-0.09375,-0.53125,-0.17578125,-2.28125,9.2109375,-1.8203125,0,-0.0234375,-0.279296875
4700,46941884,47241884,0.767822266,-0.069152832,-0.211547852,0.600769043,-0.09375,-0.53125,-0.17578125,-2.28125,9.2109375,-1.8203125,0.037109375,-0.001953125,-0.25
4701,46953492,47253492,0.768066406,-0.0682983398,-0.212219238,0.600341797,0.03515625,-0.29296875,-0.16796875,-2.3359375,9.203125,-1.828125,0.037109375,-0.001953125,-0.25
4702,46962210,47262210,0.768371582,-0.067565918,-0.21270752,0.599853516,0.03515625,-0.29296875,-0.16796875,-2.3359375,9.203125,-1.828125,0.083984375,0.01953125,-0.19140625
4703,46969884,47269884,0.768676758,-0.0668334961,-0.213134766,0.599365234,0.07421875,0.375,-0.08203125,-2.375,9.1875,-1.8359375,0.083984375,0.01953125,-0.19140625
4704,46985840,47285840,0.769042969,-0.0661010742,-0.213378906,0.598876953,0.07421875,0.375,-0.08203125,-2.375,9.1875,-1.8359375,0.08203125,0.06640625,-0.171875
4705,46992494,47292494,0.76940918,-0.0653076172,-0.213623047,0.598388672,0.03125,0.58203125,0.125,-2.40625,9.171875,-1.8515625,0.08203125,0.06640625,-0.171875
4706,47004153,47304153,0.769714355,-0.0646362305,-0.213806152,0.598022461,0.03125,0.58203125,0.125,-2.40625,9.171875,-1.8515625,0.05078125,0.060546875,-0.146484375
4707,47007902,47307902,0.769958496,-0.0639648438,-0.213989258,0.59777832,0.015625,0.6640625,0.2265625,-2.4296875,9.1640625,-1.875,0.05078125,0.060546875,-0.146484375
4708,47022113,47322113,0.770019531,-0.0633544922,-0.214050293,0.59765625,0.015625,0.6640625,0.2265625,-2.4296875,9.1640625,-1.875,-0.025390625,0.06640625,-0.0859375
4709,47032499,47332499,0.769958496,-0.0629272461,-0.213989258,0.59777832,0,0.75,0.2265625,-2.453125,9.15625,-1.875,-0.025390625,0.06640625,-0.0859375
4710,47044039,47344039,0.769836426,-0.0626831055,-0.213806152,0.598083496,0,0.75,0.2265625,-2.453125,9.15625,-1.875,-0.087890625,0.05078125,0.033203125
4711,47047795,47347795,0.76965332,-0.0626831055,-0.213500977,0.598449707,0.0390625,0.90234375,-0.05078125,-2.453125,9.15625,-1.8671875,-0.087890625,0.05078125,0.033203125
4712,47063444,47363444,0.769470215,-0.0629882812,-0.213134766,0.598754883,0.0390625,0.90234375,-0.05078125,-2.453125,9.15625,-1.8671875,-0.01953125,0,0.123046875
4713,47072491,47372491,0.76940918,-0.0635986328,-0.21282959,0.598876953,-0.16796875,0.78125,-0.25,-2.4375,9.1640625,-1.859375,-0.01953125,0,0.123046875
4714,47084096,47384096,0.769348145,-0.0643920898,-0.212524414,0.598937988,-0.16796875,0.78125,-0.25,-2.4375,9.1640625,-1.859375,0.03125,-0.064453125,0.171875
4715,47088958,47388958,0.769348145,-0.0653686523,-0.212280273,0.598999023,-0.30859375,0.7734375,-0.01953125,-2.4140625,9.171875,-1.859375,0.03125,-0.064453125,0.171875
4716,47105287,47405287,0.769348145,-0.06640625,-0.212036133,0.598937988,-0.30859375,0.7734375,-0.01953125,-2.4140625,9.171875,-1.859375,0.060546875,-0.091796875,0.193359375
4717,47110621,47410621,0.76940918,-0.0675048828,-0.211791992,0.598876953,-0.30078125,0.61328125,-0.01171875,-2.3828125,9.1796875,-1.8671875,0.060546875,-0.091796875,0.193359375
4718,47123145,47423145,0.76953125,-0.0687255859,-0.211425781,0.598632812,-0.30078125,0.61328125,-0.01171875,-2.3828125,9.1796875,-1.8671875,0.1171875,-0.095703125,0.21875
4719,47129141,47429141,0.769714355,-0.0700073242,-0.211120605,0.598449707,-0.33203125,0.22265625,0.06640625,-2.3515625,9.1875,-1.8671875,0.1171875,-0.095703125,0.21875
4720,47143442,47443442,0.769775391,-0.0713500977,-0.210693359,0.598266602,-0.33203125,0.22265625,0.06640625,-2.3515625,9.1875,-1.8671875,0.080078125,-0.09375,0.259765625
4721,47147172,47447172,0.769775391,-0.0726318359,-0.210205078,0.598388672,-0.1796875,0.0234375,0.04296875,-2.3125,9.1953125,-1.8828125,0.080078125,-0.09375,0.259765625
4722,47162867,47462867,0.76953125,-0.0738525391,-0.209533691,0.598754883,-0.1796875,0.0234375,0.04296875,-2.3125,9.1953125,-1.8828125,-0.046875,-0.04296875,0.294921875
4723,47168848,47468848,0.769104004,-0.0752563477,-0.20892334,0.599304199,-0.1484375,-0.109375,-0.21875,-2.265625,9.2109375,-1.890625,-0.046875,-0.04296875,0.294921875
4724,47182779,47482779,0.768615723,-0.0767211914,-0.208435059,0.599914551,-0.1484375,-0.109375,-0.21875,-2.265625,9.2109375,-1.890625,-0.111328125,-0.12890625,0.322265625
4725,47191997,47491997,0.768005371,-0.078125,-0.208007812,0.600646973,0.140625,-0.09375,-0.12890625,-2.2109375,9.234375,-1.8671875,-0.111328125,-0.12890625,0.322265625
4726,47203035,47503035,0.76751709,-0.0794677734,-0.207580566,0.601257324,0.140625,-0.09375,-0.12890625,-2.2109375,9.234375,-1.8671875,-0.06640625,-0.109375,0.29296875
4727,47209025,47509025,0.767089844,-0.0809936523,-0.207214355,0.601745605,-0.09765625,-0.109375,-0.265625,-2.1640625,9.25,-1.84375,-0.06640625,-0.109375,0.29296875
4728,47223454,47523454,0.766723633,-0.0823364258,-0.20690918,0.602111816,-0.09765625,-0.109375,-0.265625,-2.1640625,9.25,-1.84375,-0.041015625,-0.111328125,0.263671875
4729,47227178,47527178,0.766601562,-0.0836181641,-0.206542969,0.602233887,0.23828125,-0.0859375,-0.234375,-2.1171875,9.265625,-1.8359375,-0.041015625,-0.111328125,0.263671875
4730,47245011,47545011,0.766784668,-0.085144043,-0.206176758,0.601867676,0.23828125,-0.0859375,-0.234375,-2.1171875,9.265625,-1.8359375,0.193359375,-0.130859375,0.26171875
4731,47248626,47548626,0.767089844,-0.086730957,-0.205810547,0.601379395,-0.23046875,-0.046875,-0.45703125,-2.0703125,9.265625,-1.84375,0.193359375,-0.130859375,0.26171875
4732,47262993,47562993,0.767211914,-0.0884399414,-0.205383301,0.601135254,-0.23046875,-0.046875,-0.45703125,-2.0703125,9.265625,-1.84375,0.07421875,-0.1328125,0.275390625
4733,47271513,47571513,0.767150879,-0.0899047852,-0.20501709,0.601135254,-0.046875,0.2109375,-0.3203125,-2.0234375,9.2734375,-1.8671875,0.07421875,-0.1328125,0.275390625
4734,47285091,47585091,0.766845703,-0.0913085938,-0.204711914,0.601379395,-0.046875,0.2109375,-0.3203125,-2.0234375,9.2734375,-1.8671875,-0.033203125,-0.142578125,0.26171875
4735,47289313,47589313,0.766540527,-0.0926513672,-0.204345703,0.60168457,0.09765625,0.05078125,-0.1640625,-1.9765625,9.28125,-1.8671875,-0.033203125,-0.142578125,0.26171875
4736,47303856,47603856,0.766357422,-0.0941162109,-0.203918457,0.601806641,0.09765625,0.05078125,-0.1640625,-1.9765625,9.28125,-1.8671875,0.0546875,-0.142578125,0.291015625
4737,47307546,47607546,0.766235352,-0.0956420898,-0.203491211,0.601928711,-0.25390625,-0.15625,0.05859375,-1.9296875,9.296875,-1.859375,0.0546875,-0.142578125,0.291015625
4738,47322301,47622301,0.766052246,-0.0972290039,-0.202880859,0.602111816,-0.25390625,-0.15625,0.05859375,-1.9296875,9.296875,-1.859375,0.029296875,-0.095703125,0.326171875
4739,47328039,47628039,0.765869141,-0.0988769531,-0.202392578,0.602294922,-0.03515625,-0.25,0.2578125,-1.8828125,9.3125,-1.8671875,0.029296875,-0.095703125,0.326171875
4740,47342380,47642380,0.765686035,-0.100341797,-0.202026367,0.602416992,-0.03515625,-0.25,0.2578125,-1.8828125,9.3125,-1.8671875,0.015625,-0.111328125,0.259765625
4741,47350512,47650512,0.765563965,-0.1015625,-0.201538086,0.602478027,0.44921875,0.01171875,0.06640625,-1.828125,9.3203125,-1.8671875,0.015625,-0.111328125,0.259765625
4742,47362873,47662873,0.765625,-0.102722168,-0.200927734,0.602355957,0.44921875,0.01171875,0.06640625,-1.828125,9.3203125,-1.8671875,0.091796875,-0.07421875,0.248046875
4743,47368610,47668610,0.765625,-0.104064941,-0.200500488,0.602355957,-0.08984375,-0.03515625,-0.15625,-1.7890625,9.328125,-1.875,0.091796875,-0.07421875,0.248046875
4744,47383082,47683082,0.76550293,-0.10534668,-0.200073242,0.602355957,-0.08984375,-0.03515625,-0.15625,-1.7890625,9.328125,-1.875,0.041015625,-0.107421875,0.251953125
4745,47391282,47691282,0.765441895,-0.106689453,-0.199768066,0.602355957,0.0546875,-0.00390625,0.00390625,-1.7421875,9.3359375,-1.8828125,0.041015625,-0.107421875,0.251953125
4746,47405004,47705004,0.765380859,-0.108215332,-0.199401855,0.602233887,0.0546875,-0.00390625,0.00390625,-1.7421875,9.3359375,-1.8828125,0.05859375,-0.123046875,0.279296875
4747,47409710,47709710,0.765258789,-0.109558105,-0.198974609,0.602294922,0.0546875,-0.51171875,0.43359375,-1.703125,9.34375,-1.890625,0.05859375,-0.123046875,0.279296875
4748,47422696,47722696,0.765197754,-0.110778809,-0.198486328,0.602355957,0.0546875,-0.51171875,0.43359375,-1.703125,9.34375,-1.890625,0.041015625,-0.04296875,0.23046875
4749,47430632,47730632,0.765136719,-0.111877441,-0.197937012,0.602355957,0.23828125,-0.2890625,0.05078125,-1.65625,9.3515625,-1.890625,0.041015625,-0.04296875,0.23046875
4750,47442675,47742675,0.765136719,-0.112915039,-0.19744873,0.602355957,0.23828125,-0.2890625,0.05078125,-1.65625,9.3515625,-1.890625,0.044921875,-0.056640625,0.23046875
4751,47448669,47748669,0.765014648,-0.114013672,-0.197021484,0.602416992,0.12109375,-0.09765625,0.2890625,-1.6171875,9.3515625,-1.8984375,0.044921875,-0.056640625,0.23046875
4752,47462445,47762445,0.764892578,-0.11517334,-0.196838379,0.602416992,0.12109375,-0.09765625,0.2890625,-1.6171875,9.3515625,-1.8984375,0.025390625,-0.130859375,0.185546875
4753,47470629,47770629,0.764648438,-0.116394043,-0.196899414,0.602478027,-0.109375,-0.06640625,0.44921875,-1.578125,9.359375,-1.90625,0.025390625,-0.130859375,0.185546875
4754,47482455,47782455,0.764221191,-0.117736816,-0.197265625,0.602600098,-0.109375,-0.06640625,0.44921875,-1.578125,9.359375,-1.90625,-0.064453125,-0.25390625,0.169921875
4755,47488433,47788433,0.76361084,-0.11895752,-0.197875977,0.603027344,-0.0546875,0.078125,0.70703125,-1.5546875,9.3671875,-1.8984375,-0.064453125,-0.25390625,0.169921875
4756,47502741,47802741,0.762756348,-0.119873047,-0.198486328,0.603637695,-0.0546875,0.078125,0.70703125,-1.5546875,9.3671875,-1.8984375,-0.197265625,-0.19140625,0.0859375
4757,47511725,47811725,0.761962891,-0.120422363,-0.199035645,0.604431152,0.2265625,-0.12109375,0.40234375,-1.53125,9.375,-1.859375,-0.197265625,-0.19140625,0.0859375
4758,47522155,47822155,0.761291504,-0.120605469,-0.199462891,0.605041504,0.2265625,-0.12109375,0.40234375,-1.53125,9.375,-1.859375,-0.173828125,-0.0859375,-0.015625
4759,47528162,47828162,0.760803223,-0.120544434,-0.199890137,0.60559082,0.11328125,-0.39453125,-0.25,-1.53125,9.3828125,-1.8203125,-0.173828125,-0.0859375,-0.015625
4760,47542455,47842455,0.760559082,-0.120544434,-0.200317383,0.605712891,0.11328125,-0.39453125,-0.25,-1.53125,9.3828125,-1.8203125,0.005859375,-0.09375,-0.05859375
4761,47550323,47850323,0.760803223,-0.120666504,-0.200866699,0.605224609,-0.03515625,-0.6328125,-0.6484375,-1.5390625,9.390625,-1.8046875,0.005859375,-0.09375,-0.05859375
4762,47562488,47862488,0.761413574,-0.12097168,-0.20135498,0.604187012,-0.03515625,-0.6328125,-0.6484375,-1.5390625,9.390625,-1.8046875,0.28515625,-0.1171875,-0.0625
4763,47568796,47868796,0.762268066,-0.121459961,-0.201721191,0.602905273,-0.171875,-0.734375,-0.3203125,-1.5546875,9.375,-1.828125,0.28515625,-0.1171875,-0.0625
4764,47581409,47881409,0.763122559,-0.122009277,-0.201843262,0.60168457,-0.171875,-0.734375,-0.3203125,-1.5546875,9.375,-1.828125,0.3125,-0.076171875,0.029296875
4765,47590224,47890224,0.76385498,-0.122741699,-0.201782227,0.600585938,0.10546875,0.078125,0.1171875,-1.5625,9.3671875,-1.8828125,0.3125,-0.076171875,0.029296875
4766,47602155,47902155,0.764404297,-0.123413086,-0.201660156,0.599853516,0.10546875,0.078125,0.1171875,-1.5625,9.3671875,-1.8828125,0.16796875,-0.05078125,0.087890625
4767,47608154,47908154,0.764709473,-0.123962402,-0.201477051,0.59942627,0.01953125,0.66015625,0.3203125,-1.5546875,9.359375,-1.9296875,0.16796875,-0.05078125,0.087890625
4768,47622000,47922000,0.764831543,-0.124267578,-0.20123291,0.599243164,0.01953125,0.66015625,0.3203125,-1.5546875,9.359375,-1.9296875,0.03125,0.029296875,0.052734375
4769,47630221,47930221,0.764892578,-0.124267578,-0.20098877,0.599243164,0.00390625,0.43359375,0.2578125,-1.5390625,9.359375,-1.9453125,0.03125,0.029296875,0.052734375
4770,47642058,47942058,0.765014648,-0.124145508,-0.200683594,0.599243164,0.00390625,0.43359375,0.2578125,-1.5390625,9.359375,-1.9453125,0.03515625,0.05859375,-0.009765625
4771,47648043,47948043,0.765258789,-0.123901367,-0.200561523,0.598999023,-0.1484375,0.05078125,0.02734375,-1.5390625,9.359375,-1.9453125,0.03515625,0.05859375,-0.009765625
4772,47661952,47961952,0.765625,-0.123718262,-0.200500488,0.598571777,-0.1484375,0.05078125,0.02734375,-1.5390625,9.359375,-1.9453125,0.1328125,0.02734375,-0.05078125
4773,47669605,47969605,0.766113281,-0.123657227,-0.200439453,0.598022461,-0.29296875,-0.48046875,0.12890625,-1.546875,9.3515625,-1.96875,0.1328125,0.02734375,-0.05078125
4774,47680507,47980507,0.766540527,-0.123779297,-0.200500488,0.597412109,-0.29296875,-0.48046875,0.12890625,-1.546875,9.3515625,-1.96875,0.130859375,-0.0390625,-0.0078125
4775,47689473,47989473,0.766845703,-0.124023438,-0.200622559,0.596923828,-0.25390625,-0.35546875,0.15234375,-1.546875,9.34375,-1.9921875,0.130859375,-0.0390625,-0.0078125
4776,47702802,48002802,0.767028809,-0.124328613,-0.200805664,0.596557617,-0.25390625,-0.35546875,0.15234375,-1.546875,9.34375,-1.9921875,0.072265625,-0.068359375,-0.00390625
4777,47711987,48011987,0.767150879,-0.124511719,-0.201049805,0.596313477,0.13671875,-0.203125,0.47265625,-1.5546875,9.34375,-2.0078125,0.072265625,-0.068359375,-0.00390625
4778,47723707,48023707,0.767211914,-0.124633789,-0.20135498,0.596069336,0.13671875,-0.203125,0.47265625,-1.5546875,9.34375,-2.0078125,0.0234375,-0.048828125,-0.0390625
4779,47727316,48027316,0.767272949,-0.124572754,-0.201599121,0.595947266,0.09765625,-0.1640625,0.328125,-1.5546875,9.34375,-2.015625,0.0234375,-0.048828125,-0.0390625
4780,47741680,48041680,0.767456055,-0.124389648,-0.201965332,0.59564209,0.09765625,-0.1640625,0.328125,-1.5546875,9.34375,-2.015625,0.056640625,-0.01171875,-0.09765625
4781,47749148,48049148,0.767700195,-0.124023438,-0.202270508,0.595214844,0.00390625,-0.265625,0.06640625,-1.578125,9.328125,-2.0234375,0.056640625,-0.01171875,-0.09765625
4782,47760459,48060459,0.768127441,-0.123535156,-0.202636719,0.594665527,0.00390625,-0.265625,0.06640625,-1.578125,9.328125,-2.0234375,0.11328125,0.00390625,-0.15625
4783,47768510,48068510,0.768554688,-0.12298584,-0.20300293,0.594116211,-0.0859375,-0.5234375,-0.0703125,-1.6015625,9.3203125,-2.0390625,0.11328125,0.00390625,-0.15625
4784,47783474,48083474,0.768981934,-0.122314453,-0.203430176,0.593566895,-0.0859375,-0.5234375,-0.0703125,-1.6015625,9.3203125,-2.0390625,0.083984375,0.021484375,-0.181640625
4785,47789126,48089126,0.769348145,-0.121643066,-0.203857422,0.593078613,-0.015625,-0.546875,0.05859375,-1.6328125,9.3046875,-2.0546875,0.083984375,0.021484375,-0.181640625
4786,47800893,48100893,0.769714355,-0.120910645,-0.204284668,0.592651367,-0.015625,-0.546875,0.05859375,-1.6328125,9.3046875,-2.0546875,0.060546875,0.033203125,-0.189453125
4787,47809729,48109729,0.770080566,-0.120056152,-0.204650879,0.592224121,0.015625,-0.30859375,0.15234375,-1.6640625,9.296875,-2.0703125,0.060546875,0.033203125,-0.189453125
4788,47821735,48121735,0.770446777,-0.11907959,-0.204833984,0.591796875,0.015625,-0.30859375,0.15234375,-1.6640625,9.296875,-2.0703125,0.0625,0.10546875,-0.22265625
4789,47830503,48130503,0.770874023,-0.117858887,-0.20501709,0.591430664,0.046875,0.1953125,0.08984375,-1.6953125,9.2890625,-2.0859375,0.0625,0.10546875,-0.22265625
4790,47843003,48143003,0.77130127,-0.116333008,-0.20513916,0.591186523,0.046875,0.1953125,0.08984375,-1.6953125,9.2890625,-2.0859375,0,0.181640625,-0.275390625
4791,47847806,48147806,0.77154541,-0.114746094,-0.205322266,0.591064453,-0.03125,0.12890625,-0.046875,-1.734375,9.28125,-2.1015625,0,0.181640625,-0.275390625
4792,47863091,48163091,0.771789551,-0.112854004,-0.205688477,0.591064453,-0.03125,0.12890625,-0.046875,-1.734375,9.28125,-2.1015625,-0.0546875,0.158203125,-0.341796875
4793,47868576,48168576,0.771911621,-0.111022949,-0.206176758,0.591003418,-0.01171875,-0.0546875,-0.09375,-1.7890625,9.2734375,-2.09375,-0.0546875,0.158203125,-0.341796875
4794,47881208,48181208,0.772033691,-0.108886719,-0.206787109,0.591003418,-0.01171875,-0.0546875,-0.09375,-1.7890625,9.2734375,-2.09375,-0.09765625,0.154296875,-0.404296875
4795,47889763,48189763,0.772094727,-0.106750488,-0.207458496,0.591125488,0.203125,-0.1640625,-0.14453125,-1.8515625,9.265625,-2.078125,-0.09765625,0.154296875,-0.404296875
4796,47900580,48200580,0.772094727,-0.104675293,-0.208190918,0.591247559,0.203125,-0.1640625,-0.14453125,-1.8515625,9.265625,-2.078125,-0.119140625,0.10546875,-0.3828125
4797,47910612,48210612,0.772033691,-0.102844238,-0.20904541,0.591308594,0.234375,-0.03125,-0.23046875,-1.921875,9.25,-2.0703125,-0.119140625,0.10546875,-0.3828125
4798,47921567,48221567,0.772033691,-0.101135254,-0.209838867,0.591308594,0.234375,-0.03125,-0.23046875,-1.921875,9.25,-2.0703125,-0.080078125,0.080078125,-0.341796875
4799,47929224,48229224,0.772033691,-0.0996704102,-0.210571289,0.591308594,0.44921875,0.203125,-0.33203125,-1.984375,9.2421875,-2.046875,-0.080078125,0.080078125,-0.341796875
4800,47942214,48242214,0.771972656,-0.0980834961,-0.211303711,0.591430664,0.44921875,0.203125,-0.33203125,-1.984375,9.2421875,-2.046875,-0.111328125,0.07421875,-0.306640625
4801,47951936,48251936,0.771850586,-0.0964355469,-0.211914062,0.591674805,0.58203125,0.51953125,-0.22265625,-2.0390625,9.234375,-2.0390625,-0.111328125,0.07421875,-0.306640625
4802,47962413,48262413,0.77166748,-0.094543457,-0.212219238,0.592041016,0.58203125,0.51953125,-0.22265625,-2.0390625,9.234375,-2.0390625,-0.171875,0.201171875,-0.298828125
4803,47969374,48269374,0.771484375,-0.092590332,-0.212341309,0.592529297,0.4765625,0.53515625,-0.171875,-2.0859375,9.21875,-2.015625,-0.171875,0.201171875,-0.298828125
4804,47982947,48282947,0.77130127,-0.090637207,-0.212219238,0.593139648,0.4765625,0.53515625,-0.171875,-2.0859375,9.21875,-2.015625,-0.21875,0.2578125,-0.236328125
4805,47988898,48288898,0.770996094,-0.0888671875,-0.211914062,0.593933105,0.28515625,0.54296875,-0.23046875,-2.125,9.2109375,-1.9921875,-0.21875,0.2578125,-0.236328125
4806,48003472,48303472,0.770629883,-0.0869140625,-0.211486816,0.594848633,0.28515625,0.54296875,-0.23046875,-2.125,9.2109375,-1.9921875,-0.259765625,0.3046875,-0.173828125
4807,48007205,48307205,0.770263672,-0.085144043,-0.2109375,0.595825195,0.19921875,0.46484375,-0.30078125,-2.15625,9.2109375,-1.9609375,-0.259765625,0.3046875,-0.173828125
4808,48023213,48323213,0.769836426,-0.0833129883,-0.210266113,0.596801758,0.19921875,0.46484375,-0.30078125,-2.15625,9.2109375,-1.9609375,-0.259765625,0.310546875,-0.1328125
4809,48029942,48329942,0.76940918,-0.0817871094,-0.209533691,0.597839355,-0.01171875,0.3046875,-0.265625,-2.171875,9.21875,-1.921875,-0.259765625,0.310546875,-0.1328125
4810,48042987,48342987,0.768859863,-0.0803833008,-0.208740234,0.598999023,-0.01171875,0.3046875,-0.265625,-2.171875,9.21875,-1.921875,-0.294921875,0.275390625,-0.02734375
4811,48046718,48346718,0.768310547,-0.079284668,-0.207885742,0.600219727,0.0234375,0.41015625,-0.03515625,-2.171875,9.2265625,-1.8828125,-0.294921875,0.275390625,-0.02734375
4812,48062900,48362900,0.767578125,-0.0783081055,-0.206848145,0.6015625,0.0234375,0.41015625,-0.03515625,-2.171875,9.2265625,-1.8828125,-0.294921875,0.240234375,0.056640625
4813,48069219,48369219,0.767028809,-0.0775756836,-0.205932617,0.602722168,0.171875,0.44140625,-0.03515625,-2.1640625,9.234375,-1.84375,-0.294921875,0.240234375,0.056640625
4814,48085439,48385439,0.766479492,-0.0769042969,-0.20501709,0.603820801,0.171875,0.44140625,-0.03515625,-2.1640625,9.234375,-1.84375,-0.205078125,0.212890625,0.0625
4815,48089942,48389942,0.766113281,-0.0763549805,-0.204101562,0.604614258,0.109375,0.234375,0.078125,-2.140625,9.25,-1.8046875,-0.205078125,0.212890625,0.0625
4816,48103491,48403491,0.765869141,-0.0759277344,-0.203369141,0.605285645,0.109375,0.234375,0.078125,-2.140625,9.25,-1.8046875,-0.1328125,0.150390625,0.052734375
4817,48109616,48409616,0.76550293,-0.0755004883,-0.202697754,0.606018066,0.0546875,0.14453125,0.21484375,-2.125,9.265625,-1.7890625,-0.1328125,0.150390625,0.052734375
4818,48123293,48423293,0.764953613,-0.0747680664,-0.201843262,0.607055664,0.0546875,0.14453125,0.21484375,-2.125,9.265625,-1.7890625,-0.271484375,0.23046875,0.05078125
4819,48127027,48427027,0.764404297,-0.0739135742,-0.200866699,0.608215332,0.34375,0.01171875,-0.0078125,-2.109375,9.28125,-1.7578125,-0.271484375,0.23046875,0.05078125
4820,48141388,48441388,0.763977051,-0.0729370117,-0.199768066,0.609191895,0.34375,0.01171875,-0.0078125,-2.109375,9.28125,-1.7578125,-0.177734375,0.279296875,0.017578125
4821,48150621,48450621,0.76385498,-0.0721435547,-0.198852539,0.609680176,0.55859375,-0.37890625,-0.3125,-2.09375,9.2890625,-1.71875,-0.177734375,0.279296875,0.017578125
4822,48162596,48462596,0.764221191,-0.0717163086,-0.198181152,0.609558105,0.55859375,-0.37890625,-0.3125,-2.09375,9.2890625,-1.71875,0.125,0.1328125,0.005859375
4823,48167637,48467637,0.764831543,-0.0714111328,-0.197570801,0.609008789,0.16796875,-0.2265625,0.26953125,-2.0859375,9.2890625,-1.7265625,0.125,0.1328125,0.005859375
4824,48183775,48483775,0.76550293,-0.0709228516,-0.196838379,0.608459473,0.16796875,-0.2265625,0.26953125,-2.0859375,9.2890625,-1.7265625,0.16015625,0.236328125,-0.0234375
4825,48189619,48489619,0.766174316,-0.0701904297,-0.195922852,0.608032227,0.0078125,-0.1015625,-0.23828125,-2.078125,9.28125,-1.7578125,0.16015625,0.236328125,-0.0234375
4826,48202812,48502812,0.766601562,-0.0692749023,-0.194946289,0.607849121,0.0078125,-0.1015625,-0.23828125,-2.078125,9.28125,-1.7578125,0.025390625,0.2578125,-0.037109375
4827,48208676,48508676,0.766845703,-0.0684814453,-0.194274902,0.607910156,-0.4609375,-0.6015625,-0.97265625,-2.0703125,9.28125,-1.7890625,0.025390625,0.2578125,-0.037109375
4828,48222262,48522262,0.766906738,-0.0678100586,-0.193725586,0.608032227,-0.4609375,-0.6015625,-0.97265625,-2.0703125,9.28125,-1.7890625,-0.017578125,0.12109375,-0.03515625
4829,48228227,48528227,0.767089844,-0.0673828125,-0.193481445,0.607971191,-0.52734375,-0.8984375,-0.3515625,-2.078125,9.2734375,-1.796875,-0.017578125,0.12109375,-0.03515625
4830,48243497,48543497,0.767578125,-0.0670166016,-0.19342041,0.607421875,-0.52734375,-0.8984375,-0.3515625,-2.078125,9.2734375,-1.796875,0.197265625,0.044921875,-0.091796875
4831,48247245,48547245,0.768310547,-0.0667724609,-0.193603516,0.606384277,-0.59765625,-0.70703125,0.546875,-2.0859375,9.2734375,-1.8125,0.197265625,0.044921875,-0.091796875
4832,48262808,48562808,0.76940918,-0.0665283203,-0.193847656,0.605041504,-0.59765625,-0.70703125,0.546875,-2.0859375,9.2734375,-1.8125,0.333984375,0.029296875,-0.15625
4833,48269619,48569619,0.770385742,-0.0659790039,-0.194030762,0.603759766,-0.3984375,-0.2265625,0.984375,-2.09375,9.25,-1.8671875,0.333984375,0.029296875,-0.15625
4834,48282828,48582828,0.771240234,-0.0651245117,-0.193969727,0.602783203,-0.3984375,-0.2265625,0.984375,-2.09375,9.25,-1.8671875,0.16796875,0.146484375,-0.185546875
4835,48286555,48586555,0.771850586,-0.0640258789,-0.193847656,0.602172852,-0.05859375,0.40234375,0.3046875,-2.125,9.234375,-1.9140625,0.16796875,0.146484375,-0.185546875
4836,48303032,48603032,0.772338867,-0.0628051758,-0.19354248,0.60168457,-0.05859375,0.40234375,0.3046875,-2.125,9.234375,-1.9140625,0.078125,0.2109375,-0.171875
4837,48309348,48609348,0.772888184,-0.0616455078,-0.193237305,0.601257324,0.0390625,0.2265625,-0.1640625,-2.1484375,9.21875,-1.9453125,0.078125,0.2109375,-0.171875
4838,48322604,48622604,0.7734375,-0.0606079102,-0.193054199,0.600646973,0.0390625,0.2265625,-0.1640625,-2.1484375,9.21875,-1.9453125,0.130859375,0.140625,-0.16796875
4839,48327642,48627642,0.774047852,-0.0596923828,-0.19317627,0.599975586,-0.625,-0.33984375,0.13671875,-2.171875,9.2109375,-1.9765625,0.130859375,0.140625,-0.16796875
4840,48343472,48643472,0.774353027,-0.0590209961,-0.193725586,0.59942627,-0.625,-0.33984375,0.13671875,-2.171875,9.2109375,-1.9765625,0.072265625,-0.029296875,-0.220703125
4841,48349619,48649619,0.774536133,-0.0582885742,-0.194519043,0.599060059,-0.625,-0.36328125,0.3515625,-2.2109375,9.1953125,-2,0.072265625,-0.029296875,-0.220703125
4842,48362608,48662608,0.774475098,-0.0575561523,-0.195373535,0.598876953,-0.625,-0.36328125,0.3515625,-2.2109375,9.1953125,-2,-0.04296875,-0.05078125,-0.22265625
4843,48368303,48668303,0.774353027,-0.0568237305,-0.196228027,0.598876953,-0.3203125,-0.19921875,0.15234375,-2.25,9.1875,-1.9921875,-0.04296875,-0.05078125,-0.22265625
4844,48381181,48681181,0.774230957,-0.0560913086,-0.196838379,0.598937988,-0.3203125,-0.19921875,0.15234375,-2.25,9.1875,-1.9921875,-0.052734375,-0.005859375,-0.16796875
4845,48390715,48690715,0.774169922,-0.055480957,-0.19732666,0.598876953,-0.05078125,0.0390625,-0.0859375,-2.2890625,9.1796875,-1.984375,-0.052734375,-0.005859375,-0.16796875
4846,48402275,48702275,0.774169922,-0.0551147461,-0.197753906,0.598754883,-0.05078125,0.0390625,-0.0859375,-2.2890625,9.1796875,-1.984375,0.025390625,-0.025390625,-0.095703125
4847,48407314,48707314,0.774291992,-0.0549316406,-0.198120117,0.598510742,0.01171875,0.54296875,-0.046875,-2.3125,9.171875,-1.984375,0.025390625,-0.025390625,-0.095703125
4848,48421813,48721813,0.774414062,-0.0549316406,-0.198425293,0.598266602,0.01171875,0.54296875,-0.046875,-2.3125,9.171875,-1.984375,0.048828125,-0.05078125,-0.02734375
4849,48433375,48733375,0.774475098,-0.0551147461,-0.198608398,0.598083496,-0.01171875,0.8125,0.02734375,-2.328125,9.171875,-1.984375,0.048828125,-0.05078125,-0.02734375
4850,48443684,48743684,0.774536133,-0.0554199219,-0.198791504,0.597900391,-0.01171875,0.8125,0.02734375,-2.328125,9.171875,-1.984375,0.05078125,-0.060546875,0.033203125
4851,48447308,48747308,0.774658203,-0.055847168,-0.198913574,0.597717285,-0.0390625,0.6953125,-0.01171875,-2.3359375,9.171875,-1.984375,0.05078125,-0.060546875,0.033203125
4852,48462569,48762569,0.774780273,-0.0563354492,-0.198913574,0.597473145,-0.0390625,0.6953125,-0.01171875,-2.3359375,9.171875,-1.984375,0.095703125,-0.060546875,0.05859375
4853,48470243,48770243,0.775024414,-0.0568237305,-0.198974609,0.597045898,-0.0859375,0.359375,0.16015625,-2.328125,9.1640625,-2,0.095703125,-0.060546875,0.05859375
4854,48482589,48782589,0.77545166,-0.057434082,-0.199157715,0.596435547,-0.0859375,0.359375,0.16015625,-2.328125,9.1640625,-2,0.171875,-0.09765625,0.04296875
4855,48487381,48787381,0.775756836,-0.0581054688,-0.199401855,0.59588623,-0.32421875,-0.1015625,0.21484375,-2.3203125,9.1640625,-2.015625,0.171875,-0.09765625,0.04296875
4856,48501070,48801070,0.775939941,-0.0586547852,-0.199645996,0.595458984,-0.32421875,-0.1015625,0.21484375,-2.3203125,9.1640625,-2.015625,0.0625,-0.103515625,0.04296875
4857,48510803,48810803,0.775939941,-0.0591430664,-0.199890137,0.595397949,-0.1328125,-0.1015625,0.2734375,-2.3203125,9.1640625,-2.0390625,0.0625,-0.103515625,0.04296875
4858,48521807,48821807,0.775756836,-0.0595703125,-0.200134277,0.595458984,-0.1328125,-0.1015625,0.2734375,-2.3203125,9.1640625,-2.0390625,-0.025390625,-0.087890625,0.029296875
4859,48527811,48827811,0.775634766,-0.0598754883,-0.200378418,0.59552002,-0.0625,-0.29296875,0.19140625,-2.3125,9.1640625,-2.03125,-0.025390625,-0.087890625,0.029296875
4860,48544123,48844123,0.775512695,-0.0601806641,-0.200744629,0.59552002,-0.0625,-0.29296875,0.19140625,-2.3125,9.1640625,-2.03125,-0.005859375,-0.087890625,-0.017578125
4861,48550482,48850482,0.77545166,-0.0602416992,-0.201171875,0.59552002,-0.0625,-0.3671875,0.421875,-2.3125,9.1640625,-2.03125,-0.005859375,-0.087890625,-0.017578125
4862,48561835,48861835,0.775390625,-0.0601196289,-0.201538086,0.595397949,-0.0625,-0.3671875,0.421875,-2.3125,9.1640625,-2.03125,0.00390625,-0.037109375,-0.091796875
4863,48567813,48867813,0.77545166,-0.0598144531,-0.202026367,0.595275879,-0.125,-0.40625,0.02734375,-2.328125,9.1640625,-2.0234375,0.00390625,-0.037109375,-0.091796875
4864,48583073,48883073,0.775512695,-0.059387207,-0.202575684,0.594970703,-0.125,-0.40625,0.02734375,-2.328125,9.1640625,-2.0234375,0.033203125,-0.03515625,-0.158203125
4865,48589496,48889496,0.775634766,-0.0588989258,-0.203125,0.594665527,-0.1015625,-0.55078125,-0.125,-2.3515625,9.15625,-2.0234375,0.033203125,-0.03515625,-0.158203125
4866,48602332,48902332,0.775756836,-0.0582275391,-0.203796387,0.594421387,-0.1015625,-0.55078125,-0.125,-2.3515625,9.15625,-2.0234375,0.017578125,-0.017578125,-0.185546875
4867,48607136,48907136,0.775939941,-0.0575561523,-0.204345703,0.594055176,0.16796875,-0.30859375,-0.30859375,-2.390625,9.140625,-2.03125,0.017578125,-0.017578125,-0.185546875
4868,48622408,48922408,0.776245117,-0.0569458008,-0.20489502,0.593444824,0.16796875,-0.30859375,-0.30859375,-2.390625,9.140625,-2.03125,0.13671875,0.00390625,-0.189453125
4869,48628485,48928485,0.776733398,-0.0563354492,-0.205322266,0.592712402,0.16796875,-0.3671875,-0.29296875,-2.4296875,9.125,-2.046875,0.13671875,0.00390625,-0.189453125
4870,48642864,48942864,0.77734375,-0.0556030273,-0.205688477,0.591918945,0.16796875,-0.3671875,-0.29296875,-2.4296875,9.125,-2.046875,0.15234375,0.052734375,-0.19140625
4871,48646482,48946482,0.777832031,-0.0549316406,-0.205993652,0.591247559,0.19921875,0.0625,-0.23046875,-2.4609375,9.1171875,-2.0703125,0.15234375,0.052734375,-0.19140625
4872,48661073,48961073,0.778198242,-0.0541381836,-0.206237793,0.590698242,0.19921875,0.0625,-0.23046875,-2.4609375,9.1171875,-2.0703125,0.072265625,0.0625,-0.169921875
4873,48671506,48971506,0.778503418,-0.0533447266,-0.206481934,0.590332031,0.15234375,0.3828125,-0.09375,-2.4921875,9.1015625,-2.09375,0.072265625,0.0625,-0.169921875
4874,48681869,48981869,0.778747559,-0.0524291992,-0.206665039,0.590026855,0.15234375,0.3828125,-0.09375,-2.4921875,9.1015625,-2.09375,0.029296875,0.08984375,-0.185546875
4875,48689489,48989489,0.778930664,-0.0514526367,-0.20690918,0.58972168,-0.08984375,0.4765625,-0.0390625,-2.515625,9.0859375,-2.109375,0.029296875,0.08984375,-0.185546875
4876,48703055,49003055,0.77911377,-0.0504150391,-0.207092285,0.589538574,-0.08984375,0.4765625,-0.0390625,-2.515625,9.0859375,-2.109375,0.00390625,0.09375,-0.1953125
4877,48708482,49008482,0.77923584,-0.0494384766,-0.207336426,0.589416504,-0.13671875,0.3671875,0.046875,-2.546875,9.078125,-2.1171875,0.00390625,0.09375,-0.1953125
4878,48722201,49022201,0.77923584,-0.0484008789,-0.207519531,0.589355469,-0.13671875,0.3671875,0.046875,-2.546875,9.078125,-2.1171875,-0.044921875,0.072265625,-0.166015625
4879,48727014,49027014,0.77923584,-0.0476074219,-0.207702637,0.589416504,-0.14453125,0.30078125,-0.10546875,-2.578125,9.0703125,-2.1171875,-0.044921875,0.072265625,-0.166015625
4880,48741787,49041787,0.779174805,-0.0469360352,-0.207885742,0.589477539,-0.14453125,0.30078125,-0.10546875,-2.578125,9.0703125,-2.1171875,-0.052734375,0.03515625,-0.099609375
4881,48752480,49052480,0.778991699,-0.0465087891,-0.208068848,0.589660645,-0.12109375,0.19140625,-0.15234375,-2.6015625,9.0625,-2.109375,-0.052734375,0.03515625,-0.099609375
4882,48762430,49062430,0.778747559,-0.0464477539,-0.208374023,0.589904785,-0.12109375,0.19140625,-0.15234375,-2.6015625,9.0625,-2.109375,-0.091796875,-0.064453125,-0.015625
4883,48767220,49067220,0.778381348,-0.0465087891,-0.208679199,0.590270996,0.0390625,0.34765625,-0.046875,-2.609375,9.0625,-2.1015625,-0.091796875,-0.064453125,-0.015625
4884,48782510,49082510,0.778076172,-0.0466918945,-0.208984375,0.590515137,0.0390625,0.34765625,-0.046875,-2.609375,9.0625,-2.1015625,-0.0546875,-0.0703125,0.005859375
4885,48789499,49089499,0.777954102,-0.046875,-0.209228516,0.590576172,0.00390625,0.4140625,-0.0703125,-2.609375,9.0703125,-2.078125,-0.0546875,-0.0703125,0.005859375
4886,48802127,49102127,0.778015137,-0.0471801758,-0.209472656,0.590454102,0.00390625,0.4140625,-0.0703125,-2.609375,9.0703125,-2.078125,0.060546875,-0.064453125,0.00390625
4887,48807166,49107166,0.778137207,-0.0474243164,-0.209655762,0.590148926,-0.21875,0.22265625,-0.14453125,-2.6171875,9.0703125,-2.078125,0.060546875,-0.064453125,0.00390625
4888,48821972,49121972,0.778381348,-0.0477294922,-0.209655762,0.589782715,-0.21875,0.22265625,-0.14453125,-2.6171875,9.0703125,-2.078125,0.107421875,-0.02734375,0.037109375
4889,48830839,49130839,0.778686523,-0.0480957031,-0.209594727,0.589416504,-0.1796875,0.109375,-0.25390625,-2.6171875,9.0703125,-2.0859375,0.107421875,-0.02734375,0.037109375
4890,48843667,49143667,0.778991699,-0.0487060547,-0.209411621,0.588989258,-0.1796875,0.109375,-0.25390625,-2.6171875,9.0703125,-2.0859375,0.12890625,-0.044921875,0.115234375
4891,48847425,49147425,0.779296875,-0.0494995117,-0.209228516,0.588623047,-0.03515625,0.109375,-0.3828125,-2.609375,9.0703125,-2.109375,0.12890625,-0.044921875,0.115234375
4892,48861786,49161786,0.779541016,-0.0507202148,-0.209106445,0.588256836,-0.03515625,0.109375,-0.3828125,-2.609375,9.0703125,-2.109375,0.13671875,-0.130859375,0.197265625
4893,48872762,49172762,0.779724121,-0.0521850586,-0.20904541,0.587890625,0.09375,0.22265625,-0.25390625,-2.5859375,9.0703125,-2.125,0.13671875,-0.130859375,0.197265625
4894,48881467,49181467,0.779785156,-0.0537719727,-0.208984375,0.58770752,0.09375,0.22265625,-0.25390625,-2.5859375,9.0703125,-2.125,0.08984375,-0.185546875,0.27734375
4895,48889891,49189891,0.779724121,-0.055480957,-0.208740234,0.587646484,0.1796875,0.515625,0.109375,-2.5546875,9.0859375,-2.140625,0.08984375,-0.185546875,0.27734375
4896,48903252,49203252,0.779663086,-0.0570068359,-0.208496094,0.58770752,0.1796875,0.515625,0.109375,-2.5546875,9.0859375,-2.140625,0.05078125,-0.142578125,0.279296875
4897,48909613,49209613,0.779541016,-0.0584716797,-0.208251953,0.58782959,-0.09765625,0.4296875,0.15234375,-2.5078125,9.09375,-2.1484375,0.05078125,-0.142578125,0.279296875
4898,48921839,49221839,0.779174805,-0.0599975586,-0.207946777,0.588256836,-0.09765625,0.4296875,0.15234375,-2.5078125,9.09375,-2.1484375,-0.068359375,-0.1171875,0.2890625
4899,48929541,49229541,0.778747559,-0.0614624023,-0.207580566,0.588806152,-0.109375,0.26171875,0.03125,-2.4609375,9.109375,-2.140625,-0.068359375,-0.1171875,0.2890625
4900,48942166,49242166,0.778198242,-0.0630493164,-0.207275391,0.589477539,-0.109375,0.26171875,0.03125,-2.4609375,9.109375,-2.140625,-0.1171875,-0.146484375,0.32421875
4901,48947218,49247218,0.777587891,-0.0645751953,-0.206848145,0.590270996,0.296875,0.16796875,-0.10546875,-2.40625,9.125,-2.1171875,-0.1171875,-0.146484375,0.32421875
4902,48962747,49262747,0.776977539,-0.0660400391,-0.206298828,0.591064453,0.296875,0.16796875,-0.10546875,-2.40625,9.125,-2.1171875,-0.1171875,-0.078125,0.357421875
4903,48969857,49269857,0.776489258,-0.0676269531,-0.205566406,0.591796875,0.28125,0.18359375,-0.29296875,-2.3515625,9.1484375,-2.0859375,-0.1171875,-0.078125,0.357421875
4904,48983233,49283233,0.775939941,-0.0694580078,-0.204956055,0.592529297,0.28125,0.18359375,-0.29296875,-2.3515625,9.1484375,-2.0859375,-0.107421875,-0.14453125,0.40625
4905,48989648,49289648,0.77532959,-0.0712890625,-0.204345703,0.593322754,0.515625,0.4296875,-0.125,-2.28125,9.171875,-2.0625,-0.107421875,-0.14453125,0.40625
4906,49003140,49303140,0.774719238,-0.073059082,-0.203613281,0.594177246,0.515625,0.4296875,-0.125,-2.28125,9.171875,-2.0625,-0.099609375,-0.099609375,0.39453125
4907,49006869,49306869,0.774169922,-0.0747070312,-0.202941895,0.594848633,-0.04296875,0.2421875,0.0078125,-2.21875,9.203125,-2.0390625,-0.099609375,-0.099609375,0.39453125
4908,49025260,49325260,0.773681641,-0.0762939453,-0.202270508,0.595581055,-0.04296875,0.2421875,0.0078125,-2.21875,9.203125,-2.0390625,-0.10546875,-0.0703125,0.349609375
4909,49029433,49329433,0.773132324,-0.0776977539,-0.201416016,0.596374512,0.30859375,0.10546875,0.13671875,-2.1484375,9.2265625,-2.015625,-0.10546875,-0.0703125,0.349609375
4910,49041896,49341896,0.772705078,-0.0788574219,-0.200561523,0.597045898,0.30859375,0.10546875,0.13671875,-2.1484375,9.2265625,-2.015625,-0.1015625,-0.01953125,0.31640625
4911,49047633,49347633,0.772216797,-0.0800170898,-0.199768066,0.597839355,-0.16796875,-0.1796875,0.12109375,-2.09375,9.2421875,-2,-0.1015625,-0.01953125,0.31640625
4912,49062517,49362517,0.77166748,-0.0810546875,-0.19909668,0.598571777,-0.16796875,-0.1796875,0.12109375,-2.09375,9.2421875,-2,-0.126953125,-0.03125,0.279296875
4913,49068812,49368812,0.771240234,-0.0822143555,-0.198486328,0.599182129,-0.03125,-0.42578125,0.05859375,-2.0390625,9.2578125,-1.9765625,-0.126953125,-0.03125,0.279296875
4914,49083071,49383071,0.770996094,-0.0834960938,-0.197937012,0.599487305,-0.03125,-0.42578125,0.05859375,-2.0390625,9.2578125,-1.9765625,0.025390625,-0.09765625,0.263671875
4915,49088524,49388524,0.770874023,-0.084777832,-0.197570801,0.59954834,-0.35546875,-0.59375,0.08203125,-1.984375,9.2734375,-1.9609375,0.025390625,-0.09765625,0.263671875
4916,49102272,49402272,0.770812988,-0.0859375,-0.197143555,0.599609375,-0.35546875,-0.59375,0.08203125,-1.984375,9.2734375,-1.9609375,0.033203125,-0.0625,0.228515625
4917,49108773,49408773,0.770751953,-0.0870361328,-0.196655273,0.599731445,-0.203125,-0.37109375,0.38671875,-1.9453125,9.28125,-1.9609375,0.033203125,-0.0625,0.228515625
4918,49122483,49422483,0.770629883,-0.0880126953,-0.196289062,0.599853516,-0.203125,-0.37109375,0.38671875,-1.9453125,9.28125,-1.9609375,0.005859375,-0.056640625,0.205078125
4919,49128988,49428988,0.770507812,-0.0889282227,-0.195922852,0.600036621,-0.39453125,-0.33984375,0.43359375,-1.90625,9.2890625,-1.96875,0.005859375,-0.056640625,0.205078125
4920,49141963,49441963,0.770263672,-0.0899047852,-0.195617676,0.600280762,-0.39453125,-0.33984375,0.43359375,-1.90625,9.2890625,-1.96875,-0.03515625,-0.072265625,0.193359375
4921,49147090,49447090,0.769958496,-0.0908203125,-0.19543457,0.600646973,-0.34765625,-0.234375,0.3515625,-1.875,9.296875,-1.9609375,-0.03515625,-0.072265625,0.193359375
4922,49162354,49462354,0.76953125,-0.0916137695,-0.1953125,0.601074219,-0.34765625,-0.234375,0.3515625,-1.875,9.296875,-1.9609375,-0.095703125,-0.1015625,0.150390625
4923,49168086,49468086,0.769104004,-0.0924072266,-0.195373535,0.60144043,-0.33984375,-0.1640625,0.37109375,-1.84375,9.3046875,-1.9453125,-0.095703125,-0.1015625,0.150390625
4924,49181275,49481275,0.768920898,-0.0931396484,-0.19543457,0.601623535,-0.33984375,-0.1640625,0.37109375,-1.84375,9.3046875,-1.9453125,0.01171875,-0.103515625,0.103515625
4925,49187096,49487096,0.768798828,-0.0938110352,-0.195495605,0.6015625,-0.28125,-0.36328125,0.28125,-1.828125,9.3125,-1.9296875,0.01171875,-0.103515625,0.103515625
4926,49201504,49501504,0.768676758,-0.0944213867,-0.195739746,0.6015625,-0.28125,-0.36328125,0.28125,-1.828125,9.3125,-1.9296875,-0.00390625,-0.111328125,0.064453125
4927,49207229,49507229,0.768493652,-0.0949707031,-0.195983887,0.601623535,-0.01953125,-0.2890625,0.3203125,-1.8203125,9.3125,-1.9296875,-0.00390625,-0.111328125,0.064453125
4928,49226351,49526351,0.768249512,-0.0954589844,-0.196289062,0.601806641,-0.01953125,-0.2890625,0.3203125,-1.8203125,9.3125,-1.9296875,-0.052734375,-0.115234375,0.041015625
4929,49230374,49530374,0.767883301,-0.0957641602,-0.196655273,0.602050781,0.203125,0.05859375,0.234375,-1.8125,9.3125,-1.921875,-0.052734375,-0.115234375,0.041015625
4930,49242175,49542175,0.76751709,-0.0958862305,-0.19708252,0.602355957,0.203125,0.05859375,0.234375,-1.8125,9.3125,-1.921875,-0.087890625,-0.064453125,-0.03125
4931,49247916,49547916,0.767272949,-0.0957641602,-0.19744873,0.602600098,0.23828125,-0.1015625,0.05859375,-1.8125,9.3203125,-1.8984375,-0.087890625,-0.064453125,-0.03125
4932,49261113,49561113,0.767150879,-0.0953979492,-0.197692871,0.602722168,0.23828125,-0.1015625,0.05859375,-1.8125,9.3203125,-1.8984375,-0.0390625,0.0078125,-0.091796875
4933,49268436,49568436,0.767150879,-0.0949707031,-0.197998047,0.602661133,-0.05078125,-0.37109375,-0.296875,-1.828125,9.3203125,-1.890625,-0.0390625,0.0078125,-0.091796875
4934,49281740,49581740,0.767333984,-0.0946044922,-0.198303223,0.602416992,-0.05078125,-0.37109375,-0.296875,-1.828125,9.3203125,-1.890625,0.060546875,0.0078125,-0.119140625
4935,49287720,49587720,0.76763916,-0.0942382812,-0.198669434,0.601928711,0.1171875,-0.40234375,-0.37109375,-1.84375,9.3125,-1.890625,0.060546875,0.0078125,-0.119140625
4936,49306307,49606307,0.768127441,-0.0939941406,-0.19909668,0.601257324,0.1171875,-0.40234375,-0.37109375,-1.84375,9.3125,-1.890625,0.15625,-0.04296875,-0.123046875
4937,49311162,49611162,0.768615723,-0.0938110352,-0.199523926,0.600524902,0.21875,-0.203125,-0.1953125,-1.8671875,9.3046875,-1.9140625,0.15625,-0.04296875,-0.123046875
4938,49322282,49622282,0.769104004,-0.0935058594,-0.199890137,0.59979248,0.21875,-0.203125,-0.1953125,-1.8671875,9.3046875,-1.9140625,0.15625,-0.0078125,-0.123046875
4939,49328671,49628671,0.76965332,-0.0932006836,-0.200195312,0.599121094,0.125,0.07421875,0.09765625,-1.890625,9.296875,-1.9375,0.15625,-0.0078125,-0.123046875
4940,49340896,49640896,0.770202637,-0.0928955078,-0.200378418,0.598327637,0.125,0.07421875,0.09765625,-1.890625,9.296875,-1.9375,0.181640625,0.013671875,-0.099609375
4941,49348865,49648865,0.770874023,-0.0927734375,-0.200500488,0.597412109,-0.078125,0.3203125,-0.02734375,-1.9140625,9.28125,-1.96875,0.181640625,0.013671875,-0.099609375
4942,49362124,49662124,0.771728516,-0.0926513672,-0.200439453,0.596374512,-0.078125,0.3203125,-0.02734375,-1.9140625,9.28125,-1.96875,0.279296875,0.056640625,-0.072265625
4943,49368511,49668511,0.772705078,-0.0923461914,-0.200195312,0.595214844,-0.21875,0.40234375,0.09765625,-1.9296875,9.2734375,-2.015625,0.279296875,0.056640625,-0.072265625
4944,49386298,49686298,0.773864746,-0.0917358398,-0.199829102,0.593933105,-0.21875,0.40234375,0.09765625,-1.9296875,9.2734375,-2.015625,0.296875,0.1640625,-0.134765625
4945,49390416,49690416,0.774902344,-0.0910644531,-0.199523926,0.592834473,-0.4375,-0.34765625,-0.109375,-1.9375,9.2578125,-2.078125,0.296875,0.1640625,-0.134765625
4946,49401605,49701605,0.775817871,-0.0904541016,-0.19934082,0.59173584,-0.4375,-0.34765625,-0.109375,-1.9375,9.2578125,-2.078125,0.24609375,0.12109375,-0.11328125
4947,49407337,49707337,0.776733398,-0.0899658203,-0.19909668,0.590698242,-0.22265625,-0.29296875,0.1015625,-1.9609375,9.2421875,-2.1328125,0.24609375,0.12109375,-0.11328125
4948,49420430,49720430,0.777709961,-0.0896606445,-0.198852539,0.589538574,-0.22265625,-0.29296875,0.1015625,-1.9609375,9.2421875,-2.1328125,0.298828125,0.068359375,-0.087890625
4949,49429125,49729125,0.778625488,-0.0893554688,-0.198791504,0.588378906,0.09765625,0.2265625,-0.2265625,-1.9765625,9.21875,-2.1875,0.298828125,0.068359375,-0.087890625
4950,49442512,49742512,0.779296875,-0.089050293,-0.198913574,0.587585449,0.09765625,0.2265625,-0.2265625,-1.9765625,9.21875,-2.1875,0.140625,0.021484375,-0.115234375
4951,49448633,49748633,0.779541016,-0.0886230469,-0.19921875,0.587158203,0.16015625,0.16796875,0.34765625,-2,9.203125,-2.2265625,0.140625,0.021484375,-0.115234375
4952,49461956,49761956,0.77947998,-0.0879516602,-0.199645996,0.587219238,0.16015625,0.16796875,0.34765625,-2,9.203125,-2.2265625,-0.0859375,0.00390625,-0.150390625
4953,49467084,49767084,0.77923584,-0.0871582031,-0.200134277,0.587524414,0.14453125,0.3984375,0.84375,-2.0234375,9.203125,-2.2265625,-0.0859375,0.00390625,-0.150390625
4954,49481676,49781676,0.778808594,-0.0863037109,-0.200744629,0.58795166,0.14453125,0.3984375,0.84375,-2.0234375,9.203125,-2.2265625,-0.18359375,0,-0.19921875
4955,49487413,49787413,0.778259277,-0.0853271484,-0.201477051,0.588562012,0.0625,0.43359375,0.515625,-2.0546875,9.203125,-2.203125,-0.18359375,0,-0.19921875
4956,49500821,49800821,0.777526855,-0.0843505859,-0.202331543,0.589416504,0.0625,0.43359375,0.515625,-2.0546875,9.203125,-2.203125,-0.296875,-0.02734375,-0.20703125
4957,49507084,49807084,0.776672363,-0.0832519531,-0.203063965,0.590454102,0.17578125,0.20703125,0.125,-2.09375,9.203125,-2.15625,-0.296875,-0.02734375,-0.20703125
4958,49520700,49820700,0.775756836,-0.0820922852,-0.203674316,0.59161377,0.17578125,0.20703125,0.125,-2.09375,9.203125,-2.15625,-0.361328125,0.056640625,-0.1875
4959,49527807,49827807,0.774841309,-0.0807495117,-0.204040527,0.592834473,0.1328125,0.04296875,-0.24609375,-2.125,9.2109375,-2.09375,-0.361328125,0.056640625,-0.1875
4960,49545167,49845167,0.774047852,-0.0794067383,-0.204284668,0.593933105,0.1328125,0.04296875,-0.24609375,-2.125,9.2109375,-2.09375,-0.296875,0.1328125,-0.18359375
4961,49549189,49849189,0.7734375,-0.0780029297,-0.204345703,0.594909668,0.35546875,-0.22265625,-0.68359375,-2.15625,9.2109375,-2.0390625,-0.296875,0.1328125,-0.18359375
4962,49562679,49862679,0.772888184,-0.0765991211,-0.204162598,0.59588623,0.35546875,-0.22265625,-0.68359375,-2.15625,9.2109375,-2.0390625,-0.248046875,0.1875,-0.140625
4963,49566282,49866282,0.772399902,-0.075378418,-0.203918457,0.596740723,0.1875,-0.0390625,-0.5390625,-2.1796875,9.21875,-1.9921875,-0.248046875,0.1875,-0.140625
4964,49580785,49880785,0.771789551,-0.0741577148,-0.203430176,0.597900391,0.1875,-0.0390625,-0.5390625,-2.1796875,9.21875,-1.9921875,-0.3046875,0.21484375,-0.044921875
4965,49588738,49888738,0.770996094,-0.073059082,-0.202758789,0.599243164,0.35546875,0.52734375,-0.1953125,-2.1953125,9.2265625,-1.953125,-0.3046875,0.21484375,-0.044921875
4966,49601196,49901196,0.770141602,-0.0720825195,-0.201843262,0.600769043,0.35546875,0.52734375,-0.1953125,-2.1953125,9.2265625,-1.953125,-0.35546875,0.244140625,0.0546875
4967,49606931,49906931,0.76940918,-0.0713500977,-0.200805664,0.602111816,0.33203125,0.6640625,-0.40234375,-2.171875,9.2421875,-1.8984375,-0.35546875,0.244140625,0.0546875
4968,49621060,49921060,0.768920898,-0.0709228516,-0.199707031,0.603210449,0.33203125,0.6640625,-0.40234375,-2.171875,9.2421875,-1.8984375,-0.19921875,0.21484375,0.146484375
4969,49627087,49927087,0.768432617,-0.0706787109,-0.198425293,0.604309082,0.3828125,0.6484375,-0.14453125,-2.1484375,9.2578125,-1.8515625,-0.19921875,0.21484375,0.146484375
4970,49641171,49941171,0.76776123,-0.0704345703,-0.196899414,0.605651855,0.3828125,0.6484375,-0.14453125,-2.1484375,9.2578125,-1.8515625,-0.3203125,0.30078125,0.23046875
4971,49646917,49946917,0.767028809,-0.0700073242,-0.195007324,0.60723877,0.8046875,0.86328125,0.09375,-2.109375,9.2734375,-1.8203125,-0.3203125,0.30078125,0.23046875
4972,49663509,49963509,0.766540527,-0.0695800781,-0.193115234,0.608459473,0.8046875,0.86328125,0.09375,-2.109375,9.2734375,-1.8203125,-0.154296875,0.31640625,0.224609375
4973,49667125,49967125,0.766662598,-0.069519043,-0.191467285,0.608886719,0.55078125,0.37890625,-0.25,-2.046875,9.296875,-1.78125,-0.154296875,0.31640625,0.224609375
4974,49680509,49980509,0.767456055,-0.0697021484,-0.189941406,0.608337402,0.55078125,0.37890625,-0.25,-2.046875,9.296875,-1.78125,0.32421875,0.21484375,0.15625
4975,49687423,49987423,0.768615723,-0.0699462891,-0.188537598,0.607299805,-0.3671875,-0.04296875,0.5078125,-2.0078125,9.296875,-1.8125,0.32421875,0.21484375,0.15625
4976,49704550,50004550,0.76940918,-0.0701293945,-0.187194824,0.606689453,-0.3671875,-0.04296875,0.5078125,-2.0078125,9.296875,-1.8125,0.1328125,0.22265625,0.154296875
4977,49708565,50008565,0.769592285,-0.0700683594,-0.185974121,0.606811523,-0.140625,0.07421875,0.41015625,-1.96875,9.296875,-1.8671875,0.1328125,0.22265625,0.154296875
4978,49722010,50022010,0.769104004,-0.0700073242,-0.184875488,0.607788086,-0.140625,0.07421875,0.41015625,-1.96875,9.296875,-1.8671875,-0.30859375,0.130859375,0.173828125
4979,49726796,50026796,0.767883301,-0.0700073242,-0.183959961,0.609619141,0.47265625,0.140625,-0.36328125,-1.9296875,9.3046875,-1.859375,-0.30859375,0.130859375,0.173828125
4980,49744511,50044511,0.766601562,-0.0701293945,-0.183227539,0.61138916,0.47265625,0.140625,-0.36328125,-1.9296875,9.3046875,-1.859375,-0.388671875,0.078125,0.185546875
4981,49748506,50048506,0.765869141,-0.0702514648,-0.182678223,0.612426758,0.546875,-0.578125,-0.2890625,-1.890625,9.3359375,-1.78125,-0.388671875,0.078125,0.185546875
4982,49760963,50060963,0.765869141,-0.0704956055,-0.182434082,0.612487793,0.546875,-0.578125,-0.2890625,-1.890625,9.3359375,-1.78125,0.103515625,0.009765625,0.021484375
4983,49766685,50066685,0.766235352,-0.0704345703,-0.182312012,0.612121582,-0.5078125,-1.69921875,0.765625,-1.8671875,9.34375,-1.765625,0.103515625,0.009765625,0.021484375
4984,49783160,50083160,0.766601562,-0.0700073242,-0.182128906,0.611755371,-0.5078125,-1.69921875,0.765625,-1.8671875,9.34375,-1.765625,0.08203125,0.123046875,-0.1015625
4985,49786773,50086773,0.767028809,-0.0690917969,-0.181945801,0.61138916,-0.76953125,-1.3828125,0.25390625,-1.875,9.3359375,-1.7890625,0.08203125,0.123046875,-0.1015625
4986,49800427,50100427,0.767456055,-0.0679931641,-0.181640625,0.611083984,-0.76953125,-1.3828125,0.25390625,-1.875,9.3359375,-1.7890625,0.0703125,0.216796875,-0.154296875
4987,49807354,50107354,0.767883301,-0.0668334961,-0.181152344,0.610778809,-1.0625,-0.76171875,-0.9921875,-1.890625,9.328125,-1.8046875,0.0703125,0.216796875,-0.154296875
4988,49819759,50119759,0.768371582,-0.0661621094,-0.180664062,0.610351562,-1.0625,-0.76171875,-0.9921875,-1.890625,9.328125,-1.8046875,0.166015625,0.138671875,-0.041015625
4989,49830469,50130469,0.769226074,-0.0659790039,-0.180297852,0.609436035,-0.515625,-0.71484375,-1.19140625,-1.8984375,9.3203125,-1.8359375,0.166015625,0.138671875,-0.041015625
4990,49841929,50141929,0.770446777,-0.0662231445,-0.180175781,0.607910156,-0.515625,-0.71484375,-1.19140625,-1.8984375,9.3203125,-1.8359375,0.41015625,-0.01953125,-0.025390625
4991,49846713,50146713,0.77166748,-0.0665893555,-0.180358887,0.606323242,-0.59375,0.10546875,0.39453125,-1.8984375,9.3046875,-1.890625,0.41015625,-0.01953125,-0.025390625
4992,49864008,50164008,0.772705078,-0.0668945312,-0.180725098,0.604797363,-0.59375,0.10546875,0.39453125,-1.8984375,9.3046875,-1.890625,0.3359375,-0.083984375,-0.091796875
4993,49872052,50172052,0.7734375,-0.0668945312,-0.181213379,0.603759766,-0.34765625,0.6171875,0.81640625,-1.9140625,9.2890625,-1.96875,0.3359375,-0.083984375,-0.091796875
4994,49882951,50182951,0.773864746,-0.0666503906,-0.18157959,0.603088379,-0.34765625,0.6171875,0.81640625,-1.9140625,9.2890625,-1.96875,0.072265625,0.01953125,-0.107421875
4995,49886686,50186686,0.774047852,-0.0661621094,-0.18157959,0.602905273,0.3359375,0.74609375,0.54296875,-1.9453125,9.2734375,-2,0.072265625,0.01953125,-0.107421875
4996,49902644,50202644,0.774169922,-0.0653686523,-0.181213379,0.602966309,0.3359375,0.74609375,0.54296875,-1.9453125,9.2734375,-2,-0.015625,0.18359375,-0.052734375
4997,49910851,50210851,0.774414062,-0.0646972656,-0.180603027,0.602905273,0.265625,0.37109375,0.2421875,-1.953125,9.265625,-2.0078125,-0.015625,0.18359375,-0.052734375
4998,49921439,50221439,0.774780273,-0.0640869141,-0.180053711,0.602661133,0.265625,0.37109375,0.2421875,-1.953125,9.265625,-2.0078125,0.099609375,0.142578125,-0.052734375
4999,49926470,50226470,0.775268555,-0.0635375977,-0.179748535,0.602172852,-0.30859375,-0.1640625,0.14453125,-1.953125,9.265625,-2.0234375,0.099609375,0.142578125,-0.052734375
5000,49944656,50244656,0.775817871,-0.0629882812,-0.1796875,0.6015625,-0.30859375,-0.1640625,0.14453125,-1.953125,9.265625,-2.0234375,0.138671875,0.07421875,-0.12109375
5001,49948790,50248790,0.776245117,-0.0623779297,-0.17980957,0.601013184,-0.21484375,-0.34765625,0.20703125,-1.96875,9.2578125,-2.046875,0.138671875,0.07421875,-0.12109375
5002,49961937,50261937,0.776611328,-0.0617675781,-0.180114746,0.600463867,-0.21484375,-0.34765625,0.20703125,-1.96875,9.2578125,-2.046875,0.08203125,0.021484375,-0.1640625
5003,49966998,50266998,0.776977539,-0.0611572266,-0.180541992,0.599975586,-0.19140625,-0.53125,0,-1.9921875,9.25,-2.0703125,0.08203125,0.021484375,-0.1640625
5004,49982618,50282618,0.777282715,-0.0606689453,-0.181030273,0.59942627,-0.19140625,-0.53125,0,-1.9921875,9.25,-2.0703125,0.119140625,-0.013671875,-0.150390625
5005,49990830,50290830,0.777709961,-0.0603027344,-0.18145752,0.598876953,-0.0859375,-0.515625,-0.13671875,-2.0234375,9.234375,-2.0859375,0.119140625,-0.013671875,-0.150390625
5006,50001190,50301190,0.778076172,-0.0601806641,-0.181945801,0.598266602,-0.0859375,-0.515625,-0.13671875,-2.0234375,9.234375,-2.0859375,0.109375,-0.072265625,-0.08203125
5007,50008232,50308232,0.778259277,-0.0603027344,-0.182434082,0.59777832,-0.0625,0.3359375,-0.15234375,-2.046875,9.2265625,-2.109375,0.109375,-0.072265625,-0.08203125
5008,50025229,50325229,0.778381348,-0.060546875,-0.182922363,0.597473145,-0.0625,0.3359375,-0.15234375,-2.046875,9.2265625,-2.109375,0.056640625,-0.109375,-0.009765625
5009,50029374,50329374,0.778442383,-0.0609130859,-0.183288574,0.597290039,-0.0078125,0.765625,0.0859375,-2.0625,9.21875,-2.1171875,0.056640625,-0.109375,-0.009765625
5010,50043186,50343186,0.778503418,-0.0612182617,-0.183532715,0.597106934,-0.0078125,0.765625,0.0859375,-2.0625,9.21875,-2.1171875,0.03515625,-0.056640625,0.0234375
5011,50046814,50346814,0.778503418,-0.0614624023,-0.18359375,0.597045898,-0.0078125,0.80078125,0.27734375,-2.0625,9.21875,-2.1171875,0.03515625,-0.056640625,0.0234375
5012,50064624,50364624,0.778442383,-0.061706543,-0.183532715,0.597106934,-0.0078125,0.80078125,0.27734375,-2.0625,9.21875,-2.1171875,-0.013671875,-0.01171875,0.05078125
5013,50068639,50368639,0.778381348,-0.0619506836,-0.183410645,0.597229004,-0.09375,0.6015625,0.20703125,-2.0546875,9.2265625,-2.125,-0.013671875,-0.01171875,0.05078125
5014,50082529,50382529,0.778198242,-0.0622558594,-0.183288574,0.597412109,-0.09375,0.6015625,0.20703125,-2.0546875,9.2265625,-2.125,-0.04296875,-0.03515625,0.0859375
5015,50086155,50386155,0.778015137,-0.0626831055,-0.183227539,0.59765625,-0.13671875,0.41015625,0.0078125,-2.046875,9.2265625,-2.1171875,-0.04296875,-0.03515625,0.0859375
5016,50104473,50404473,0.777770996,-0.0632324219,-0.183288574,0.597900391,-0.13671875,0.41015625,0.0078125,-2.046875,9.2265625,-2.1171875,-0.0390625,-0.08203125,0.072265625
5017,50108806,50408806,0.777587891,-0.063659668,-0.18347168,0.598083496,-0.15234375,0.18359375,0.14453125,-2.03125,9.2265625,-2.1015625,-0.0390625,-0.08203125,0.072265625
5018,50122229,50422229,0.777404785,-0.0640869141,-0.183898926,0.598144531,-0.15234375,0.18359375,0.14453125,-2.03125,9.2265625,-2.1015625,-0.009765625,-0.126953125,0.001953125
5019,50127023,50427023,0.77722168,-0.0643310547,-0.184448242,0.598083496,-0.19140625,-0.36328125,0.328125,-2.03125,9.234375,-2.09375,-0.009765625,-0.126953125,0.001953125
5020,50144116,50444116,0.777099609,-0.064453125,-0.185058594,0.598083496,-0.19140625,-0.36328125,0.328125,-2.03125,9.234375,-2.09375,-0.01171875,-0.111328125,-0.076171875
5021,50148215,50448215,0.777038574,-0.0643920898,-0.18572998,0.598022461,-0.0703125,-0.59375,0.20703125,-2.0390625,9.234375,-2.0859375,-0.01171875,-0.111328125,-0.076171875
5022,50161420,50461420,0.776916504,-0.0642089844,-0.186401367,0.597900391,-0.0703125,-0.59375,0.20703125,-2.0390625,9.234375,-2.0859375,-0.005859375,-0.068359375,-0.126953125
5023,50167402,50467402,0.776916504,-0.0638427734,-0.187072754,0.59777832,0.10546875,-0.890625,0.015625,-2.0625,9.2265625,-2.0859375,-0.005859375,-0.068359375,-0.126953125
5024,50184119,50484119,0.776855469,-0.0633544922,-0.187744141,0.59765625,0.10546875,-0.890625,0.015625,-2.0625,9.2265625,-2.0859375,-0.01953125,-0.046875,-0.1640625
5025,50188125,50488125,0.776794434,-0.0628662109,-0.188415527,0.597595215,0.13671875,-0.77734375,-0.03125,-2.09375,9.2265625,-2.078125,-0.01953125,-0.046875,-0.1640625
5026,50201693,50501693,0.776672363,-0.0622558594,-0.189086914,0.59765625,0.13671875,-0.77734375,-0.03125,-2.09375,9.2265625,-2.078125,-0.048828125,-0.0390625,-0.169921875
5027,50206488,50506488,0.776550293,-0.0616455078,-0.189758301,0.597595215,0.0546875,-0.5390625,-0.078125,-2.125,9.21875,-2.0703125,-0.048828125,-0.0390625,-0.169921875
5028,50222567,50522567,0.776550293,-0.0610961914,-0.190490723,0.597473145,0.0546875,-0.5390625,-0.078125,-2.125,9.21875,-2.0703125,0.005859375,-0.03515625,-0.177734375
5029,50230549,50530549,0.776611328,-0.060546875,-0.191101074,0.597229004,0.015625,-0.37890625,-0.16015625,-2.1640625,9.2109375,-2.0625,0.005859375,-0.03515625,-0.177734375
5030,50242190,50542190,0.776855469,-0.0599365234,-0.191650391,0.596801758,0.015625,-0.37890625,-0.16015625,-2.1640625,9.2109375,-2.0625,0.064453125,-0.00390625,-0.18359375
5031,50246997,50546997,0.777160645,-0.0592651367,-0.192199707,0.596313477,-0.10546875,-0.0625,-0.19140625,-2.1953125,9.203125,-2.0703125,0.064453125,-0.00390625,-0.18359375
5032,50264636,50564636,0.777587891,-0.05859375,-0.192687988,0.59564209,-0.10546875,-0.0625,-0.19140625,-2.1953125,9.203125,-2.0703125,0.130859375,0.0234375,-0.1953125
5033,50268661,50568661,0.778076172,-0.0578613281,-0.193115234,0.594909668,-0.11328125,0.18359375,-0.22265625,-2.2265625,9.1875,-2.078125,0.130859375,0.0234375,-0.1953125
5034,50282234,50582234,0.778747559,-0.0569458008,-0.193481445,0.594055176,-0.11328125,0.18359375,-0.22265625,-2.2265625,9.1875,-2.078125,0.17578125,0.083984375,-0.220703125
5035,50287033,50587033,0.779296875,-0.0559692383,-0.193664551,0.593322754,-0.03515625,0.3125,0.0390625,-2.265625,9.171875,-2.109375,0.17578125,0.083984375,-0.220703125
5036,50304532,50604532,0.779846191,-0.0548095703,-0.193847656,0.592712402,-0.03515625,0.3125,0.0390625,-2.265625,9.171875,-2.109375,0.076171875,0.126953125,-0.224609375
5037,50308562,50608562,0.780151367,-0.0537109375,-0.194030762,0.592346191,-0.04296875,0.3671875,-0.046875,-2.296875,9.15625,-2.140625,0.076171875,0.126953125,-0.224609375
5038,50321632,50621632,0.780273438,-0.0526733398,-0.194335938,0.592102051,-0.04296875,0.3671875,-0.046875,-2.296875,9.15625,-2.140625,-0.005859375,0.056640625,-0.181640625
5039,50327623,50627623,0.780334473,-0.0518798828,-0.194641113,0.592102051,-0.0703125,0.26953125,0,-2.34375,9.140625,-2.1484375,-0.005859375,0.056640625,-0.181640625
5040,50344530,50644530,0.780212402,-0.0512695312,-0.194885254,0.592163086,-0.0703125,0.26953125,0,-2.34375,9.140625,-2.1484375,-0.06640625,0.0234375,-0.1015625
5041,50348542,50648542,0.780029297,-0.0508422852,-0.195068359,0.592346191,-0.046875,0.27734375,0.1171875,-2.3671875,9.1328125,-2.1484375,-0.06640625,0.0234375,-0.1015625
5042,50361995,50661995,0.779785156,-0.0505981445,-0.195251465,0.592651367,-0.046875,0.27734375,0.1171875,-2.3671875,9.1328125,-2.1484375,-0.068359375,-0.0234375,-0.017578125
5043,50366794,50666794,0.779541016,-0.0506591797,-0.19543457,0.592895508,-0.078125,0.3515625,-0.0546875,-2.375,9.1328125,-2.1328125,-0.068359375,-0.0234375,-0.017578125
5044,50384521,50684521,0.779174805,-0.0509643555,-0.195678711,0.593322754,-0.078125,0.3515625,-0.0546875,-2.375,9.1328125,-2.1328125,-0.095703125,-0.091796875,0.046875
5045,50388927,50688927,0.778808594,-0.0513305664,-0.195922852,0.593688965,0,0.54296875,-0.10546875,-2.375,9.1328125,-2.1171875,-0.095703125,-0.091796875,0.046875
5046,50401897,50701897,0.778503418,-0.0516967773,-0.196105957,0.593994141,0,0.54296875,-0.10546875,-2.375,9.1328125,-2.1171875,-0.060546875,-0.07421875,0.048828125
5047,50406694,50706694,0.778259277,-0.0520019531,-0.196289062,0.594177246,0.10546875,0.56640625,-0.09375,-2.3671875,9.1484375,-2.09375,-0.060546875,-0.07421875,0.048828125
5048,50423660,50723660,0.778198242,-0.0523071289,-0.196411133,0.594238281,0.10546875,0.56640625,-0.09375,-2.3671875,9.1484375,-2.09375,0.013671875,-0.05859375,0.01953125
5049,50427870,50727870,0.778259277,-0.0526123047,-0.196655273,0.594055176,-0.0078125,0.375,-0.40625,-2.3671875,9.1484375,-2.0859375,0.013671875,-0.05859375,0.01953125
5050,50441582,50741582,0.778442383,-0.0531005859,-0.19708252,0.59362793,-0.0078125,0.375,-0.40625,-2.3671875,9.1484375,-2.0859375,0.1328125,-0.142578125,0.021484375
5051,50446359,50746359,0.778686523,-0.053894043,-0.197509766,0.593017578,-0.203125,0.18359375,-0.46875,-2.3671875,9.1484375,-2.1015625,0.1328125,-0.142578125,0.021484375
5052,50464541,50764541,0.778991699,-0.0548706055,-0.197937012,0.592407227,-0.203125,0.18359375,-0.46875,-2.3671875,9.1484375,-2.1015625,0.1796875,-0.185546875,0.087890625
5053,50468543,50768543,0.779296875,-0.0559082031,-0.198303223,0.59185791,0.14453125,-0.0078125,-0.328125,-2.3671875,9.1484375,-2.125,0.1796875,-0.185546875,0.087890625
5054,50482767,50782767,0.779541016,-0.0571899414,-0.198425293,0.591369629,0.14453125,-0.0078125,-0.328125,-2.3671875,9.1484375,-2.125,0.154296875,-0.1640625,0.17578125
5055,50486497,50786497,0.779724121,-0.0585327148,-0.198486328,0.590942383,0.12890625,-0.0390625,-0.390625,-2.3515625,9.140625,-2.140625,0.154296875,-0.1640625,0.17578125
5056,50504661,50804661,0.779724121,-0.0598754883,-0.198547363,0.590759277,0.12890625,-0.0390625,-0.390625,-2.3515625,9.140625,-2.140625,0.064453125,-0.166015625,0.205078125
5057,50509337,50809337,0.779663086,-0.0612182617,-0.198547363,0.590698242,0.328125,0.26171875,0.0078125,-2.3203125,9.1484375,-2.15625,0.064453125,-0.166015625,0.205078125
5058,50520277,50820277,0.779602051,-0.0625,-0.198486328,0.590698242,0.328125,0.26171875,0.0078125,-2.3203125,9.1484375,-2.15625,0.025390625,-0.146484375,0.1953125
5059,50527162,50827162,0.77947998,-0.0635986328,-0.198486328,0.590759277,0.06640625,0.17578125,0.16015625,-2.2890625,9.15625,-2.15625,0.025390625,-0.146484375,0.1953125
5060,50543622,50843622,0.779296875,-0.064453125,-0.198364258,0.590942383,0.06640625,0.17578125,0.16015625,-2.2890625,9.15625,-2.15625,-0.01953125,-0.04296875,0.130859375
5061,50547808,50847808,0.77923584,-0.0649414062,-0.198120117,0.591003418,0.15625,0.16796875,0.16015625,-2.265625,9.1640625,-2.15625,-0.01953125,-0.04296875,0.130859375
5062,50561968,50861968,0.77923584,-0.0654296875,-0.197998047,0.591003418,0.15625,0.16796875,0.16015625,-2.265625,9.1640625,-2.15625,0.025390625,-0.04296875,0.07421875
5063,50567029,50867029,0.77923584,-0.0657958984,-0.197998047,0.591003418,-0.125,-0.33203125,0.046875,-2.25,9.1640625,-2.15625,0.025390625,-0.04296875,0.07421875
5064,50584642,50884642,0.779052734,-0.0659790039,-0.198181152,0.591125488,-0.125,-0.33203125,0.046875,-2.25,9.1640625,-2.15625,-0.052734375,-0.033203125,-0.00390625
5065,50589714,50889714,0.778930664,-0.0659179688,-0.198303223,0.591308594,0.32421875,-0.60546875,-0.07421875,-2.2421875,9.171875,-2.1484375,-0.052734375,-0.033203125,-0.00390625
5066,50600542,50900542,0.778930664,-0.0658569336,-0.198486328,0.591186523,0.32421875,-0.60546875,-0.07421875,-2.2421875,9.171875,-2.1484375,0.072265625,-0.048828125,-0.041015625
5067,50608527,50908527,0.77935791,-0.0661010742,-0.198913574,0.590515137,-0.203125,-1.02734375,-0.19140625,-2.25,9.171875,-2.1484375,0.072265625,-0.048828125,-0.041015625
5068,50624383,50924383,0.780029297,-0.0667114258,-0.199523926,0.589294434,-0.203125,-1.02734375,-0.19140625,-2.25,9.171875,-2.1484375,0.34765625,-0.177734375,-0.041015625
5069,50628225,50928225,0.780883789,-0.0673828125,-0.200256348,0.587890625,-0.00390625,-0.4765625,0.109375,-2.2578125,9.15625,-2.1796875,0.34765625,-0.177734375,-0.041015625
5070,50642100,50942100,0.781494141,-0.0679931641,-0.201049805,0.586730957,-0.00390625,-0.4765625,0.109375,-2.2578125,9.15625,-2.1796875,0.20703125,-0.173828125,-0.048828125
5071,50648246,50948246,0.781738281,-0.0684814453,-0.201843262,0.58605957,0.05859375,0.078125,0.39453125,-2.28125,9.140625,-2.234375,0.20703125,-0.173828125,-0.048828125
5072,50664533,50964533,0.781555176,-0.0687866211,-0.202758789,0.5859375,0.05859375,0.078125,0.39453125,-2.28125,9.140625,-2.234375,-0.076171875,-0.17578125,-0.05859375
5073,50669476,50969476,0.78112793,-0.0688476562,-0.203491211,0.586303711,0.3046875,0.3828125,0.1640625,-2.296875,9.140625,-2.234375,-0.076171875,-0.17578125,-0.05859375
5074,50682007,50982007,0.780639648,-0.0687255859,-0.203918457,0.586730957,0.3046875,0.3828125,0.1640625,-2.296875,9.140625,-2.234375,-0.1171875,-0.04296875,-0.025390625
5075,50688148,50988148,0.780395508,-0.0687255859,-0.204101562,0.587036133,0.05078125,0.49609375,0.0625,-2.3125,9.140625,-2.2109375,-0.1171875,-0.04296875,-0.025390625
5076,50703505,51003505,0.780273438,-0.0687255859,-0.204284668,0.587158203,0.05078125,0.49609375,0.0625,-2.3125,9.140625,-2.2109375,-0.029296875,-0.009765625,-0.005859375
5077,50707726,51007726,0.780151367,-0.0686035156,-0.204284668,0.587280273,0.01171875,0.23046875,0.23828125,-2.3125,9.140625,-2.1953125,-0.029296875,-0.009765625,-0.005859375
5078,50721962,51021962,0.780029297,-0.0684814453,-0.204406738,0.587402344,0.01171875,0.23046875,0.23828125,-2.3125,9.140625,-2.1953125,-0.033203125,-0.009765625,-0.02734375
5079,50728444,51028444,0.779968262,-0.0684204102,-0.204589844,0.587463379,-0.25,-0.1171875,0.078125,-2.3203125,9.140625,-2.1875,-0.033203125,-0.009765625,-0.02734375
5080,50743488,51043488,0.779785156,-0.0684204102,-0.20489502,0.587646484,-0.25,-0.1171875,0.078125,-2.3203125,9.140625,-2.1875,-0.06640625,-0.05078125,-0.005859375
5081,50747773,51047773,0.779541016,-0.0685424805,-0.20513916,0.58782959,-0.09375,-0.125,0.109375,-2.3203125,9.1484375,-2.1796875,-0.06640625,-0.05078125,-0.005859375
5082,50763784,51063784,0.779296875,-0.0688476562,-0.205383301,0.588012695,-0.09375,-0.125,0.109375,-2.3203125,9.1484375,-2.1796875,-0.02734375,-0.087890625,0.03125
5083,50767399,51067399,0.77911377,-0.0692138672,-0.205627441,0.588134766,0.05859375,0.296875,-0.0234375,-2.3203125,9.1484375,-2.1640625,-0.02734375,-0.087890625,0.03125
5084,50784956,51084956,0.778869629,-0.0696411133,-0.205871582,0.588317871,0.05859375,0.296875,-0.0234375,-2.3203125,9.1484375,-2.1640625,-0.02734375,-0.087890625,0.05078125
5085,50789285,51089285,0.778686523,-0.0700073242,-0.206054688,0.588439941,-0.01953125,0.296875,0.23828125,-2.3203125,9.1484375,-2.15625,-0.02734375,-0.087890625,0.05078125
5086,50802345,51102345,0.778503418,-0.0703735352,-0.206176758,0.588623047,-0.01953125,0.296875,0.23828125,-2.3203125,9.1484375,-2.15625,-0.044921875,-0.05859375,0.04296875
5087,50805943,51105943,0.778259277,-0.0706176758,-0.206298828,0.588867188,-0.140625,0.13671875,0.30859375,-2.3125,9.15625,-2.1484375,-0.044921875,-0.05859375,0.04296875
5088,50823506,51123506,0.778015137,-0.0708007812,-0.206359863,0.589111328,-0.140625,0.13671875,0.30859375,-2.3125,9.15625,-2.1484375,-0.0546875,-0.04296875,0.033203125
5089,50829194,51129194,0.777832031,-0.0709838867,-0.206481934,0.589355469,-0.265625,-0.1328125,-0.0546875,-2.3046875,9.15625,-2.1328125,-0.0546875,-0.04296875,0.033203125
5090,50841453,51141453,0.777587891,-0.0710449219,-0.206542969,0.589599609,-0.265625,-0.1328125,-0.0546875,-2.3046875,9.15625,-2.1328125,-0.041015625,-0.02734375,0.005859375
5091,50848839,51148839,0.777526855,-0.071105957,-0.206665039,0.589660645,-0.109375,-0.17578125,-0.09765625,-2.3046875,9.1640625,-2.125,-0.041015625,-0.02734375,0.005859375
5092,50864635,51164635,0.777587891,-0.0709838867,-0.206726074,0.589599609,-0.109375,-0.17578125,-0.09765625,-2.3046875,9.1640625,-2.125,0.03125,0.0078125,-0.0390625
5093,50868785,51168785,0.777709961,-0.0708007812,-0.206787109,0.589355469,-0.03515625,-0.40625,0.0859375,-2.3046875,9.1640625,-2.1171875,0.03125,0.0078125,-0.0390625
5094,50882024,51182024,0.777954102,-0.0704345703,-0.206787109,0.589111328,-0.03515625,-0.40625,0.0859375,-2.3046875,9.1640625,-2.1171875,0.078125,0.0625,-0.06640625
5095,50885752,51185752,0.778320312,-0.0700683594,-0.206665039,0.588745117,0.01953125,-0.3984375,0.0625,-2.3203125,9.15625,-2.1328125,0.078125,0.0625,-0.06640625
5096,50903615,51203615,0.778747559,-0.0697021484,-0.206481934,0.588256836,0.01953125,-0.3984375,0.0625,-2.3203125,9.15625,-2.1328125,0.1328125,0.091796875,-0.048828125
5097,50908686,51208686,0.779296875,-0.0694580078,-0.206237793,0.587646484,-0.0859375,-0.19921875,-0.06640625,-2.328125,9.1484375,-2.15625,0.1328125,0.091796875,-0.048828125
5098,50921910,51221910,0.779968262,-0.0692749023,-0.205932617,0.586853027,-0.0859375,-0.19921875,-0.06640625,-2.328125,9.1484375,-2.15625,0.197265625,0.078125,-0.03515625
5099,50928654,51228654,0.780639648,-0.0690307617,-0.205688477,0.586120605,-0.0859375,-0.078125,-0.07421875,-2.328125,9.140625,-2.1875,0.197265625,0.078125,-0.03515625
5100,50944594,51244594,0.781311035,-0.0686645508,-0.205566406,0.585327148,-0.0859375,-0.078125,-0.07421875,-2.328125,9.140625,-2.1875,0.166015625,0.08984375,-0.09765625
5101,50949034,51249034,0.781860352,-0.0680541992,-0.205383301,0.584655762,-0.0390625,-0.328125,0.38671875,-2.3359375,9.125,-2.2265625,0.166015625,0.08984375,-0.09765625
5102,50961632,51261632,0.782348633,-0.0673828125,-0.205200195,0.58416748,-0.0390625,-0.328125,0.38671875,-2.3359375,9.125,-2.2265625,0.087890625,0.140625,-0.115234375
5103,50968063,51268063,0.782775879,-0.0665283203,-0.204956055,0.58380127,-0.0625,-0.20703125,0.41796875,-2.3515625,9.1171875,-2.2578125,0.087890625,0.140625,-0.115234375
5104,50985753,51285753,0.783203125,-0.065612793,-0.204650879,0.583496094,-0.0625,-0.20703125,0.41796875,-2.3515625,9.1171875,-2.2578125,0.06640625,0.18359375,-0.1328125
5105,50990187,51290187,0.783630371,-0.064453125,-0.204223633,0.583129883,-0.125,-0.12109375,0.203125,-2.3671875,9.109375,-2.2734375,0.06640625,0.18359375,-0.1328125
5106,51001243,51301243,0.784118652,-0.0631103516,-0.203857422,0.582763672,-0.125,-0.12109375,0.203125,-2.3671875,9.109375,-2.2734375,0.0859375,0.248046875,-0.224609375
5107,51007804,51307804,0.784790039,-0.0615234375,-0.203674316,0.58215332,-0.140625,-0.375,-0.30859375,-2.390625,9.09375,-2.296875,0.0859375,0.248046875,-0.224609375
5108,51025726,51325726,0.785461426,-0.0599365234,-0.203674316,0.581359863,-0.140625,-0.375,-0.30859375,-2.390625,9.09375,-2.296875,0.158203125,0.1875,-0.306640625
5109,51029866,51329866,0.786193848,-0.0583496094,-0.203857422,0.580505371,-0.0234375,-0.3984375,-0.5859375,-2.4296875,9.078125,-2.328125,0.158203125,0.1875,-0.306640625
5110,51041913,51341913,0.786804199,-0.0568237305,-0.204101562,0.579711914,-0.0234375,-0.3984375,-0.5859375,-2.4296875,9.078125,-2.328125,0.1171875,0.154296875,-0.287109375
5111,51045643,51345643,0.787353516,-0.055480957,-0.204162598,0.579101562,0.55859375,0.125,0.06640625,-2.4765625,9.0546875,-2.3671875,0.1171875,0.154296875,-0.287109375
5112,51063628,51363628,0.787841797,-0.0540771484,-0.203918457,0.578613281,0.55859375,0.125,0.06640625,-2.4765625,9.0546875,-2.3671875,0.076171875,0.228515625,-0.177734375
5113,51069062,51369062,0.788330078,-0.0529785156,-0.203430176,0.578186035,0.78125,0.484375,0.3203125,-2.5078125,9.0390625,-2.390625,0.076171875,0.228515625,-0.177734375
5114,51084089,51384089,0.788818359,-0.051940918,-0.202758789,0.577880859,0.78125,0.484375,0.3203125,-2.5078125,9.0390625,-2.390625,0.0546875,0.23828125,-0.076171875
5115,51088234,51388234,0.7890625,-0.0509643555,-0.202026367,0.577880859,0.56640625,0.76171875,0.34375,-2.5234375,9.03125,-2.4140625,0.0546875,0.23828125,-0.076171875
5116,51103475,51403475,0.789123535,-0.0498657227,-0.201049805,0.57824707,0.56640625,0.76171875,0.34375,-2.5234375,9.03125,-2.4140625,-0.13671875,0.296875,-0.037109375
5117,51112413,51412413,0.78894043,-0.048828125,-0.200134277,0.578918457,0.29296875,0.8359375,0.19921875,-2.515625,9.03125,-2.421875,-0.13671875,0.296875,-0.037109375
5118,51121292,51421292,0.788513184,-0.0478515625,-0.19909668,0.57989502,0.29296875,0.8359375,0.19921875,-2.515625,9.03125,-2.421875,-0.265625,0.24609375,0.037109375
5119,51127781,51427781,0.787841797,-0.0470581055,-0.198059082,0.581237793,-0.0625,0.7890625,-0.0546875,-2.5078125,9.0390625,-2.3984375,-0.265625,0.24609375,0.037109375
5120,51143130,51443130,0.78704834,-0.0463256836,-0.196838379,0.582824707,-0.0625,0.7890625,-0.0546875,-2.5078125,9.0390625,-2.3984375,-0.390625,0.287109375,0.107421875
5121,51152034,51452034,0.786193848,-0.0455322266,-0.19543457,0.584472656,0.14453125,0.84375,-0.25390625,-2.484375,9.0625,-2.3515625,-0.390625,0.287109375,0.107421875
5122,51171417,51471417,0.785461426,-0.0446166992,-0.193725586,0.586120605,0.14453125,0.84375,-0.25390625,-2.484375,9.0625,-2.3515625,-0.31640625,0.390625,0.134765625
5123,51171465,51471465,0.785095215,-0.0437011719,-0.191650391,0.587341309,0.26171875,0.0625,-0.609375,-2.4453125,9.078125,-2.3046875,-0.31640625,0.390625,0.134765625
5124,51184484,51484484,0.78515625,-0.0429077148,-0.189331055,0.58807373,0.26171875,0.0625,-0.609375,-2.4453125,9.078125,-2.3046875,-0.044921875,0.447265625,0.185546875
5125,51188619,51488619,0.785583496,-0.0425415039,-0.187072754,0.588256836,0.12890625,0.0390625,-0.47265625,-2.390625,9.1015625,-2.2890625,-0.044921875,0.447265625,0.185546875
5126,51203012,51503012,0.786132812,-0.0426025391,-0.185058594,0.588195801,0.12890625,0.0390625,-0.47265625,-2.390625,9.1015625,-2.2890625,0.10546875,0.310546875,0.28125
5127,51207460,51507460,0.786437988,-0.0430297852,-0.182983398,0.588378906,0.37890625,0.84375,0.2109375,-2.3359375,9.1015625,-2.3203125,0.10546875,0.310546875,0.28125
5128,51223109,51523109,0.786315918,-0.0436401367,-0.180908203,0.589111328,0.37890625,0.84375,0.2109375,-2.3359375,9.1015625,-2.3203125,-0.1640625,0.236328125,0.380859375
5129,51232005,51532005,0.785888672,-0.0442504883,-0.178955078,0.590270996,0.80078125,1.2421875,0.21875,-2.2578125,9.125,-2.328125,-0.1640625,0.236328125,0.380859375
5130,51240771,51540771,0.785217285,-0.0449829102,-0.177062988,0.591674805,0.80078125,1.2421875,0.21875,-2.2578125,9.125,-2.328125,-0.25,0.1796875,0.38671875
5131,51246756,51546756,0.784729004,-0.0458374023,-0.175231934,0.592834473,0.26171875,0.3671875,0.41015625,-2.1796875,9.15625,-2.2890625,-0.25,0.1796875,0.38671875
5132,51264005,51564005,0.784362793,-0.0467529297,-0.173583984,0.593688965,0.26171875,0.3671875,0.41015625,-2.1796875,9.15625,-2.2890625,-0.140625,0.13671875,0.375
5133,51268151,51568151,0.783874512,-0.0475463867,-0.17199707,0.594726562,-0.20703125,0.265625,0.9609375,-2.09375,9.1796875,-2.265625,-0.140625,0.13671875,0.375
5134,51279537,51579537,0.783203125,-0.0482177734,-0.170227051,0.596008301,-0.20703125,0.265625,0.9609375,-2.09375,9.1796875,-2.265625,-0.21875,0.205078125,0.3359375
5135,51287075,51587075,0.782714844,-0.0487060547,-0.168579102,0.597167969,-0.390625,-0.1796875,-0.171875,-2.0234375,9.203125,-2.2421875,-0.21875,0.205078125,0.3359375
5136,51305729,51605729,0.782165527,-0.0491943359,-0.167114258,0.598266602,-0.390625,-0.1796875,-0.171875,-2.0234375,9.203125,-2.2421875,-0.208984375,0.138671875,0.28515625
5137,51309847,51609847,0.781616211,-0.0498046875,-0.16595459,0.599243164,-0.453125,-0.8515625,-0.5859375,-1.9609375,9.2265625,-2.2109375,-0.208984375,0.138671875,0.28515625
5138,51320072,51620072,0.78112793,-0.0505981445,-0.165161133,0.600036621,-0.453125,-0.8515625,-0.5859375,-1.9609375,9.2265625,-2.2109375,-0.154296875,0.00390625,0.24609375
5139,51326039,51626039,0.780517578,-0.0513916016,-0.164489746,0.600952148,-0.28515625,-0.76171875,-0.04296875,-1.8984375,9.25,-2.1796875,-0.154296875,0.00390625,0.24609375
5140,51343865,51643865,0.779846191,-0.0522460938,-0.16394043,0.601867676,-0.28515625,-0.76171875,-0.04296875,-1.8984375,9.25,-2.1796875,-0.1875,-0.048828125,0.232421875
5141,51348326,51648326,0.77923584,-0.0531616211,-0.163513184,0.602661133,-0.2890625,-0.2421875,-0.12109375,-1.859375,9.265625,-2.140625,-0.1875,-0.048828125,0.232421875
5142,51360898,51660898,0.778869629,-0.0543212891,-0.163085938,0.603210449,-0.2890625,-0.2421875,-0.12109375,-1.859375,9.265625,-2.140625,-0.02734375,-0.076171875,0.244140625
5143,51366909,51666909,0.778869629,-0.0555419922,-0.162597656,0.603210449,-0.44140625,-0.37109375,-0.56640625,-1.8203125,9.28125,-2.1171875,-0.02734375,-0.076171875,0.244140625
5144,51384532,51684532,0.779296875,-0.056640625,-0.16217041,0.602661133,-0.44140625,-0.37109375,-0.56640625,-1.8203125,9.28125,-2.1171875,0.2421875,-0.060546875,0.185546875
5145,51388669,51688669,0.780090332,-0.0577392578,-0.16192627,0.6015625,-0.48046875,-0.8671875,-0.51171875,-1.78125,9.28125,-2.1328125,0.2421875,-0.060546875,0.185546875
5146,51400640,51700640,0.781188965,-0.0586547852,-0.161987305,0.600036621,-0.48046875,-0.8671875,-0.51171875,-1.78125,9.28125,-2.1328125,0.412109375,-0.109375,0.03515625
5147,51406623,51706623,0.782165527,-0.0592651367,-0.16229248,0.598632812,-0.54296875,-0.78515625,0.77734375,-1.7578125,9.2734375,-2.1953125,0.412109375,-0.109375,0.03515625
5148,51424603,51724603,0.782836914,-0.0594482422,-0.162780762,0.597595215,-0.54296875,-0.78515625,0.77734375,-1.7578125,9.2734375,-2.1953125,0.177734375,-0.076171875,-0.091796875
5149,51428749,51728749,0.783203125,-0.0593261719,-0.163269043,0.597045898,-0.3359375,-0.38671875,0.79296875,-1.7734375,9.2578125,-2.25,0.177734375,-0.076171875,-0.091796875
5150,51442335,51742335,0.78326416,-0.0590209961,-0.163513184,0.596862793,-0.3359375,-0.38671875,0.79296875,-1.7734375,9.2578125,-2.25,-0.0078125,0.025390625,-0.072265625
5151,51446088,51746088,0.78326416,-0.0586547852,-0.163391113,0.596923828,-0.12109375,-0.1875,-0.2734375,-1.796875,9.25,-2.2578125,-0.0078125,0.025390625,-0.072265625
5152,51464573,51764573,0.78326416,-0.0582885742,-0.162963867,0.597045898,-0.12109375,-0.1875,-0.2734375,-1.796875,9.25,-2.2578125,-0.029296875,0.125,0.005859375
5153,51469079,51769079,0.78338623,-0.0579833984,-0.162536621,0.597106934,-0.234375,0.05078125,-0.5390625,-1.796875,9.2421875,-2.2578125,-0.029296875,0.125,0.005859375
5154,51480168,51780168,0.783691406,-0.0578613281,-0.162414551,0.596740723,-0.234375,0.05078125,-0.5390625,-1.796875,9.2421875,-2.2578125,0.150390625,-0.01171875,-0.0234375
5155,51486164,51786164,0.784179688,-0.0581054688,-0.162841797,0.595947266,-1.03125,-0.1796875,0.15625,-1.8046875,9.2421875,-2.265625,0.150390625,-0.01171875,-0.0234375
5156,51504034,51804034,0.784545898,-0.0585327148,-0.163879395,0.595153809,-1.03125,-0.1796875,0.15625,-1.8046875,9.2421875,-2.265625,0.12109375,-0.267578125,-0.09765625
5157,51508155,51808155,0.784484863,-0.0589599609,-0.165100098,0.594848633,-0.78515625,0.09765625,0.6875,-1.8203125,9.234375,-2.296875,0.12109375,-0.267578125,-0.09765625
5158,51519947,51819947,0.784118652,-0.0590820312,-0.166015625,0.595031738,-0.78515625,0.09765625,0.6875,-1.8203125,9.234375,-2.296875,-0.1015625,-0.107421875,-0.064453125
5159,51525917,51825917,0.783813477,-0.0589599609,-0.166381836,0.595397949,0.578125,0.51953125,0.25,-1.84375,9.234375,-2.28125,-0.1015625,-0.107421875,-0.064453125
5160,51544212,51844212,0.783630371,-0.0586547852,-0.166259766,0.595703125,0.578125,0.51953125,0.25,-1.84375,9.234375,-2.28125,-0.037109375,0.109375,-0.001953125
5161,51548337,51848337,0.783874512,-0.0582885742,-0.165710449,0.595581055,0.69921875,0.6328125,-0.45703125,-1.8515625,9.234375,-2.265625,-0.037109375,0.109375,-0.001953125
5162,51561769,51861769,0.784667969,-0.0580444336,-0.164978027,0.594787598,0.69921875,0.6328125,-0.45703125,-1.8515625,9.234375,-2.265625,0.279296875,0.12890625,0.00390625
5163,51565518,51865518,0.785522461,-0.0581054688,-0.164672852,0.593688965,0.04296875,0.18359375,-0.69140625,-1.84375,9.2265625,-2.296875,0.279296875,0.12890625,0.00390625
5164,51582606,51882606,0.786254883,-0.0585327148,-0.164916992,0.592590332,0.04296875,0.18359375,-0.69140625,-1.84375,9.2265625,-2.296875,0.228515625,-0.134765625,-0.013671875
5165,51586710,51886710,0.786621094,-0.0590820312,-0.165527344,0.591918945,-0.1484375,-0.23046875,-0.21875,-1.84375,9.21875,-2.3515625,0.228515625,-0.134765625,-0.013671875
5166,51601938,51901938,0.786621094,-0.0595703125,-0.166259766,0.59161377,-0.1484375,-0.23046875,-0.21875,-1.84375,9.21875,-2.3515625,-0.0078125,-0.169921875,-0.015625
5167,51605703,51905703,0.786376953,-0.0598754883,-0.166870117,0.59173584,0.25,-0.30078125,0.75,-1.859375,9.2109375,-2.359375,-0.0078125,-0.169921875,-0.015625
5168,51624513,51924513,0.786071777,-0.0598754883,-0.167114258,0.592102051,0.25,-0.30078125,0.75,-1.859375,9.2109375,-2.359375,-0.09375,0.009765625,-0.01953125
5169,51628966,51928966,0.785888672,-0.0595703125,-0.167053223,0.592346191,0.36328125,0.0078125,0.76953125,-1.859375,9.2109375,-2.34375,-0.09375,0.009765625,-0.01953125
5170,51641452,51941452,0.785888672,-0.0593261719,-0.166992188,0.592407227,0.36328125,0.0078125,0.76953125,-1.859375,9.2109375,-2.34375,0.033203125,0.02734375,-0.0390625
5171,51646501,51946501,0.786132812,-0.0592041016,-0.167114258,0.592102051,-0.28125,0.08203125,-0.26953125,-1.8671875,9.2109375,-2.3359375,0.033203125,0.02734375,-0.0390625
5172,51662266,51962266,0.786437988,-0.0592651367,-0.167541504,0.591552734,-0.28125,0.08203125,-0.26953125,-1.8671875,9.2109375,-2.3359375,0.119140625,-0.091796875,-0.064453125
5173,51666025,51966025,0.786682129,-0.059387207,-0.16809082,0.591125488,-0.30859375,-0.109375,-0.33203125,-1.875,9.2109375,-2.3515625,0.119140625,-0.091796875,-0.064453125
5174,51681727,51981727,0.786743164,-0.0595092773,-0.168701172,0.590820312,-0.30859375,-0.109375,-0.33203125,-1.875,9.2109375,-2.3515625,0.015625,-0.115234375,-0.06640625
5175,51685493,51985493,0.786621094,-0.0595703125,-0.169372559,0.590820312,-0.01953125,-0.140625,0.14453125,-1.8984375,9.203125,-2.3671875,0.015625,-0.115234375,-0.06640625
5176,51703587,52003587,0.786315918,-0.0596313477,-0.170043945,0.590942383,-0.01953125,-0.140625,0.14453125,-1.8984375,9.203125,-2.3671875,-0.064453125,-0.12890625,-0.072265625
5177,51707724,52007724,0.786132812,-0.0596313477,-0.170837402,0.590942383,0.07421875,-0.33203125,0.3203125,-1.9140625,9.203125,-2.3515625,-0.064453125,-0.12890625,-0.072265625
5178,51721689,52021689,0.786010742,-0.0596313477,-0.171691895,0.590881348,0.07421875,-0.33203125,0.3203125,-1.9140625,9.203125,-2.3515625,-0.021484375,-0.142578125,-0.119140625
5179,51725420,52025420,0.785705566,-0.0596313477,-0.172668457,0.591064453,-0.32421875,-0.3984375,0.578125,-1.9375,9.1953125,-2.34375,-0.021484375,-0.142578125,-0.119140625
5180,51742291,52042291,0.784851074,-0.0596923828,-0.173583984,0.59185791,-0.32421875,-0.3984375,0.578125,-1.9375,9.1953125,-2.34375,-0.30859375,-0.169921875,-0.037109375
5181,51746047,52046047,0.783813477,-0.0596313477,-0.174255371,0.593078613,-0.1171875,0.08984375,0.05078125,-1.953125,9.203125,-2.3125,-0.30859375,-0.169921875,-0.037109375
5182,51761925,52061925,0.782775879,-0.0592651367,-0.174499512,0.594360352,-0.1171875,0.08984375,0.05078125,-1.953125,9.203125,-2.3125,-0.314453125,0.03515625,-0.041015625
5183,51765659,52065659,0.782104492,-0.0587158203,-0.174560547,0.595275879,0.47265625,0.03515625,-0.6328125,-1.96875,9.21875,-2.2421875,-0.314453125,0.03515625,-0.041015625
5184,51784595,52084595,0.781982422,-0.0581054688,-0.174804688,0.59552002,0.47265625,0.03515625,-0.6328125,-1.96875,9.21875,-2.2421875,0.015625,0.015625,-0.13671875
5185,51788750,52088750,0.782287598,-0.0574951172,-0.175292969,0.594970703,-0.35546875,-0.421875,0.1875,-1.984375,9.21875,-2.21875,0.015625,0.015625,-0.13671875
5186,51800145,52100145,0.782958984,-0.0569458008,-0.176086426,0.593933105,-0.35546875,-0.421875,0.1875,-1.984375,9.21875,-2.21875,0.26171875,-0.07421875,-0.251953125
5187,51806805,52106805,0.783691406,-0.0563354492,-0.177185059,0.592651367,-0.46875,-0.67578125,0.37109375,-2.0234375,9.203125,-2.25,0.26171875,-0.07421875,-0.251953125
5188,51822175,52122175,0.784179688,-0.0556030273,-0.178344727,0.591674805,-0.46875,-0.67578125,0.37109375,-2.0234375,9.203125,-2.25,0.123046875,-0.09765625,-0.3046875
5189,51825920,52125920,0.784362793,-0.0548706055,-0.17956543,0.591186523,0.015625,-0.73046875,0.09375,-2.0859375,9.1796875,-2.28125,0.123046875,-0.09765625,-0.3046875
5190,51842451,52142451,0.784179688,-0.0540771484,-0.180786133,0.591186523,0.015625,-0.73046875,0.09375,-2.0859375,9.1796875,-2.28125,-0.09375,-0.09765625,-0.240234375
5191,51846184,52146184,0.783813477,-0.0533447266,-0.181762695,0.591430664,0.33984375,-0.26171875,0.01171875,-2.140625,9.171875,-2.2734375,-0.09375,-0.09765625,-0.240234375
5192,51864230,52164230,0.78338623,-0.0526123047,-0.182556152,0.591796875,0.33984375,-0.26171875,0.01171875,-2.140625,9.171875,-2.2734375,-0.13671875,-0.021484375,-0.171875
5193,51868387,52168387,0.78302002,-0.0517578125,-0.183105469,0.592163086,0.37890625,0.24609375,-0.05859375,-2.1796875,9.1640625,-2.2421875,-0.13671875,-0.021484375,-0.171875
5194,51881875,52181875,0.782836914,-0.0508422852,-0.183288574,0.592407227,0.37890625,0.24609375,-0.05859375,-2.1796875,9.1640625,-2.2421875,-0.091796875,0.107421875,-0.162109375
5195,51885599,52185599,0.782775879,-0.0497436523,-0.183349609,0.592651367,0.140625,0.58984375,-0.1875,-2.2109375,9.1640625,-2.2265625,-0.091796875,0.107421875,-0.162109375
5196,51901210,52201210,0.782714844,-0.0485839844,-0.18347168,0.592773438,0.140625,0.58984375,-0.1875,-2.2109375,9.1640625,-2.2265625,-0.068359375,0.119140625,-0.19921875
5197,51906253,52206253,0.782653809,-0.0473022461,-0.183654785,0.592834473,-0.296875,0.78125,-0.2734375,-2.234375,9.1640625,-2.21875,-0.068359375,0.119140625,-0.19921875
5198,51920468,52220468,0.782714844,-0.0461425781,-0.183959961,0.592773438,-0.296875,0.78125,-0.2734375,-2.234375,9.1640625,-2.21875,-0.009765625,0.083984375,-0.22265625
5199,51927115,52227115,0.782836914,-0.0451049805,-0.184265137,0.592590332,-0.33203125,0.453125,-0.08984375,-2.2734375,9.1484375,-2.2109375,-0.009765625,0.083984375,-0.22265625
5200,51943166,52243166,0.782958984,-0.044128418,-0.184631348,0.592407227,-0.33203125,0.453125,-0.08984375,-2.2734375,9.1484375,-2.2109375,-0.001953125,0.0625,-0.18359375
5201,51951304,52251304,0.782958984,-0.0432739258,-0.184875488,0.592407227,-0.1484375,0.19140625,0.03125,-2.3046875,9.140625,-2.21875,-0.001953125,0.0625,-0.18359375
5202,51961422,52261422,0.782775879,-0.0425415039,-0.185119629,0.592590332,-0.1484375,0.19140625,0.03125,-2.3046875,9.140625,-2.21875,-0.1015625,0.03515625,-0.107421875
5203,51966792,52266792,0.782470703,-0.0420532227,-0.185302734,0.592956543,0.02734375,0.078125,0.0625,-2.328125,9.140625,-2.2109375,-0.1015625,0.03515625,-0.107421875
5204,51981219,52281219,0.782104492,-0.0416259766,-0.185424805,0.593505859,0.02734375,0.078125,0.0625,-2.328125,9.140625,-2.2109375,-0.14453125,0.021484375,-0.03125
5205,51986272,52286272,0.781616211,-0.0413208008,-0.185424805,0.594116211,0.3125,0.26953125,-0.03515625,-2.34375,9.140625,-2.1875,-0.14453125,0.021484375,-0.03125
5206,52001724,52301724,0.78125,-0.0411376953,-0.185302734,0.594665527,0.3125,0.26953125,-0.03515625,-2.34375,9.140625,-2.1875,-0.126953125,0.033203125,0.015625
5207,52005451,52305451,0.781005859,-0.0410766602,-0.185119629,0.595031738,0.1875,0.3359375,-0.17578125,-2.3359375,9.1484375,-2.1640625,-0.126953125,0.033203125,0.015625
5208,52022230,52322230,0.780883789,-0.0411376953,-0.184997559,0.595275879,0.1875,0.3359375,-0.17578125,-2.3359375,9.1484375,-2.1640625,-0.01171875,-0.00390625,0.0546875
5209,52025975,52325975,0.780883789,-0.0414428711,-0.184814453,0.595275879,0.07421875,0.296875,-0.19140625,-2.3359375,9.1484375,-2.1484375,-0.01171875,-0.00390625,0.0546875
5210,52039754,52339754,0.780944824,-0.0419921875,-0.184692383,0.595214844,0.07421875,0.296875,-0.19140625,-2.3359375,9.1484375,-2.1484375,0.052734375,-0.044921875,0.11328125
5211,52046641,52346641,0.780944824,-0.0427856445,-0.184509277,0.595153809,0.09765625,0.21484375,-0.22265625,-2.3203125,9.15625,-2.15625,0.052734375,-0.044921875,0.11328125
5212,52060803,52360803,0.780944824,-0.043762207,-0.184448242,0.595153809,0.09765625,0.21484375,-0.22265625,-2.3203125,9.15625,-2.15625,0.03125,-0.125,0.185546875
5213,52065832,52365832,0.780883789,-0.044921875,-0.184387207,0.595153809,0.265625,-0.0546875,-0.22265625,-2.296875,9.15625,-2.15625,0.03125,-0.125,0.185546875
5214,52080827,52380827,0.780822754,-0.0461425781,-0.184265137,0.595153809,0.265625,-0.0546875,-0.22265625,-2.296875,9.15625,-2.15625,0.048828125,-0.126953125,0.20703125
5215,52087982,52387982,0.780822754,-0.0473022461,-0.184020996,0.595153809,0.2734375,-0.21484375,-0.22265625,-2.265625,9.1640625,-2.15625,0.048828125,-0.126953125,0.20703125
5216,52106545,52406545,0.780822754,-0.0482788086,-0.183532715,0.595214844,0.2734375,-0.21484375,-0.22265625,-2.265625,9.1640625,-2.15625,0.013671875,0.00390625,0.21484375
5217,52111470,52411470,0.780822754,-0.0490722656,-0.182739258,0.595397949,0.30859375,-0.03125,-0.09765625,-2.2265625,9.171875,-2.1640625,0.013671875,0.00390625,0.21484375
5218,52119192,52419192,0.780761719,-0.0497436523,-0.181762695,0.595703125,0.30859375,-0.03125,-0.09765625,-2.2265625,9.171875,-2.1640625,-0.01953125,0.0859375,0.248046875
5219,52126831,52426831,0.780822754,-0.0504760742,-0.180664062,0.595947266,0.0390625,0.2578125,-0.2890625,-2.1875,9.1875,-2.1640625,-0.01953125,0.0859375,0.248046875
5220,52141761,52441761,0.781066895,-0.0512695312,-0.1796875,0.595825195,0.0390625,0.2578125,-0.2890625,-2.1875,9.1875,-2.1640625,0.140625,0.041015625,0.22265625
5221,52145489,52445489,0.781494141,-0.0522460938,-0.179077148,0.595336914,-0.4375,0.17578125,-0.16015625,-2.1328125,9.1953125,-2.1796875,0.140625,0.041015625,0.22265625
5222,52161821,52461821,0.781982422,-0.0536499023,-0.178771973,0.594726562,-0.4375,0.17578125,-0.16015625,-2.1328125,9.1953125,-2.1796875,0.1796875,-0.142578125,0.205078125
5223,52165545,52465545,0.782165527,-0.0550537109,-0.178833008,0.594299316,-0.390625,0.2890625,0.37109375,-2.1015625,9.1953125,-2.2109375,0.1796875,-0.142578125,0.205078125
5224,52184079,52484079,0.782165527,-0.0565185547,-0.179016113,0.594116211,-0.390625,0.2890625,0.37109375,-2.1015625,9.1953125,-2.2109375,0.0234375,-0.2109375,0.185546875
5225,52188523,52488523,0.781860352,-0.0576782227,-0.179138184,0.594360352,-0.15234375,0.40625,0.64453125,-2.0703125,9.1953125,-2.21875,0.0234375,-0.2109375,0.185546875
5226,52201950,52501950,0.781555176,-0.0585327148,-0.178955078,0.594726562,-0.15234375,0.40625,0.64453125,-2.0703125,9.1953125,-2.21875,-0.05859375,-0.052734375,0.177734375
5227,52205691,52505691,0.78137207,-0.059387207,-0.178649902,0.595031738,-0.21484375,0.08984375,0.171875,-2.046875,9.203125,-2.203125,-0.05859375,-0.052734375,0.177734375
5228,52220121,52520121,0.78125,-0.0604248047,-0.178283691,0.595153809,-0.21484375,0.08984375,0.171875,-2.046875,9.203125,-2.203125,0.041015625,-0.060546875,0.216796875
5229,52226484,52526484,0.781311035,-0.0614624023,-0.177856445,0.595092773,0.015625,-0.30859375,-0.17578125,-2.0078125,9.21875,-2.203125,0.041015625,-0.060546875,0.216796875
5230,52241368,52541368,0.78137207,-0.0626831055,-0.177429199,0.594970703,0.015625,-0.30859375,-0.17578125,-2.0078125,9.21875,-2.203125,0.09765625,-0.072265625,0.244140625
5231,52246935,52546935,0.781494141,-0.0640869141,-0.177124023,0.594787598,0.05078125,-0.30859375,-0.08984375,-1.96875,9.21875,-2.2109375,0.09765625,-0.072265625,0.244140625
5232,52265603,52565603,0.781433105,-0.0657958984,-0.177001953,0.594787598,0.05078125,-0.30859375,-0.08984375,-1.96875,9.21875,-2.2109375,0.00390625,-0.169921875,0.275390625
5233,52267085,52567085,0.78112793,-0.0673828125,-0.176757812,0.595031738,0.39453125,-0.1640625,0.30078125,-1.9296875,9.2265625,-2.21875,0.00390625,-0.169921875,0.275390625
5234,52280371,52580371,0.780761719,-0.069152832,-0.176452637,0.595397949,0.39453125,-0.1640625,0.30078125,-1.9296875,9.2265625,-2.21875,-0.0234375,-0.19921875,0.328125
5235,52288585,52588585,0.780456543,-0.0708618164,-0.176330566,0.59564209,-0.30859375,-0.0625,0.29296875,-1.875,9.2421875,-2.2109375,-0.0234375,-0.19921875,0.328125
5236,52301205,52601205,0.780090332,-0.0725097656,-0.176269531,0.595947266,-0.30859375,-0.0625,0.29296875,-1.875,9.2421875,-2.2109375,-0.0234375,-0.166015625,0.25390625
5237,52306253,52606253,0.779846191,-0.0738525391,-0.176208496,0.596069336,0.109375,0.34375,0.5078125,-1.8359375,9.2578125,-2.1953125,-0.0234375,-0.166015625,0.25390625
5238,52320829,52620829,0.779724121,-0.0750732422,-0.176147461,0.596191406,0.109375,0.34375,0.5078125,-1.8359375,9.2578125,-2.1953125,0,-0.134765625,0.181640625
5239,52328542,52628542,0.77947998,-0.0761108398,-0.176147461,0.596313477,-0.16015625,0.1875,0.39453125,-1.796875,9.2578125,-2.1953125,0,-0.134765625,0.181640625
5240,52345203,52645203,0.779174805,-0.0769042969,-0.176208496,0.596618652,-0.16015625,0.1875,0.39453125,-1.796875,9.2578125,-2.1953125,-0.072265625,-0.09765625,0.12890625
5241,52349325,52649325,0.778686523,-0.0775756836,-0.176208496,0.597106934,-0.13671875,-0.046875,0.03125,-1.78125,9.265625,-2.1796875,-0.072265625,-0.09765625,0.12890625
5242,52361375,52661375,0.778137207,-0.0783081055,-0.176269531,0.597717285,-0.13671875,-0.046875,0.03125,-1.78125,9.265625,-2.1796875,-0.138671875,-0.107421875,0.158203125
5243,52367245,52667245,0.777587891,-0.0792236328,-0.176269531,0.598327637,-0.12109375,-0.2109375,-0.06640625,-1.7578125,9.2734375,-2.15625,-0.138671875,-0.107421875,0.158203125
5244,52382013,52682013,0.777038574,-0.0802612305,-0.176269531,0.598937988,-0.12109375,-0.2109375,-0.06640625,-1.7578125,9.2734375,-2.15625,-0.115234375,-0.154296875,0.193359375
5245,52385745,52685745,0.776489258,-0.0813598633,-0.176452637,0.59942627,0.26953125,-0.30078125,-0.16796875,-1.7265625,9.2890625,-2.1328125,-0.115234375,-0.154296875,0.193359375
5246,52401204,52701204,0.776000977,-0.0824584961,-0.176818848,0.59979248,0.26953125,-0.30078125,-0.16796875,-1.7265625,9.2890625,-2.1328125,-0.06640625,-0.205078125,0.12890625
5247,52406927,52706927,0.775634766,-0.0834350586,-0.177246094,0.599975586,0.24609375,-0.1953125,-0.0390625,-1.703125,9.296875,-2.109375,-0.06640625,-0.205078125,0.12890625
5248,52426219,52726219,0.77532959,-0.0842285156,-0.177734375,0.600158691,0.24609375,-0.1953125,-0.0390625,-1.703125,9.296875,-2.109375,-0.044921875,-0.146484375,0.064453125
5249,52430351,52730351,0.775024414,-0.0847167969,-0.178039551,0.600402832,0.12109375,-0.31640625,0.0625,-1.6953125,9.3046875,-2.09375,-0.044921875,-0.146484375,0.064453125
5250,52441079,52741079,0.774719238,-0.0850219727,-0.178222656,0.600708008,0.12109375,-0.31640625,0.0625,-1.6953125,9.3046875,-2.09375,-0.078125,-0.037109375,0.029296875
5251,52445862,52745862,0.774414062,-0.085144043,-0.178222656,0.601074219,0.19921875,0.06640625,-0.18359375,-1.6953125,9.3046875,-2.078125,-0.078125,-0.037109375,0.029296875
5252,52461340,52761340,0.774047852,-0.0852050781,-0.178222656,0.601501465,0.19921875,0.06640625,-0.18359375,-1.6953125,9.3046875,-2.078125,-0.107421875,-0.025390625,0.04296875
5253,52467473,52767473,0.773681641,-0.0853271484,-0.178161621,0.601989746,0.10546875,-0.05859375,-0.24609375,-1.6796875,9.3125,-2.0546875,-0.107421875,-0.025390625,0.04296875
5254,52481888,52781888,0.773132324,-0.0853881836,-0.178039551,0.602722168,0.10546875,-0.05859375,-0.24609375,-1.6796875,9.3125,-2.0546875,-0.185546875,0.01171875,0.0546875
5255,52485518,52785518,0.772583008,-0.0853271484,-0.17791748,0.60345459,0.09765625,-0.06640625,-0.078125,-1.671875,9.3203125,-2.03125,-0.185546875,0.01171875,0.0546875
5256,52505142,52805142,0.772033691,-0.0852050781,-0.177734375,0.604248047,0.09765625,-0.06640625,-0.078125,-1.671875,9.3203125,-2.03125,-0.173828125,0.029296875,0.03125
5257,52509145,52809145,0.77154541,-0.0850830078,-0.17767334,0.604858398,-0.17578125,-0.109375,-0.03125,-1.6640625,9.328125,-2,-0.173828125,0.029296875,0.03125
5258,52519896,52819896,0.77130127,-0.084777832,-0.17767334,0.605285645,-0.17578125,-0.109375,-0.03125,-1.6640625,9.328125,-2,-0.083984375,0.0390625,-0.0390625
5259,52528317,52828317,0.771118164,-0.0844116211,-0.177734375,0.605529785,-0.0625,-0.04296875,-0.09375,-1.6640625,9.3359375,-1.9765625,-0.083984375,0.0390625,-0.0390625
5260,52539816,52839816,0.771118164,-0.083984375,-0.177856445,0.60559082,-0.0625,-0.04296875,-0.09375,-1.6640625,9.3359375,-1.9765625,-0.005859375,0.02734375,-0.09765625
5261,52546918,52846918,0.771179199,-0.0834350586,-0.178100586,0.60546875,0.14453125,-0.08203125,-0.1015625,-1.6796875,9.3359375,-1.96875,-0.005859375,0.02734375,-0.09765625
5262,52560525,52860525,0.77130127,-0.0828857422,-0.178344727,0.605285645,0.14453125,-0.08203125,-0.1015625,-1.6796875,9.3359375,-1.96875,0.005859375,0.033203125,-0.1328125
5263,52567827,52867827,0.77142334,-0.0822753906,-0.178649902,0.605224609,0.23828125,-0.07421875,0.05078125,-1.6953125,9.328125,-1.96875,0.005859375,0.033203125,-0.1328125
5264,52583959,52883959,0.771484375,-0.0815429688,-0.178894043,0.605102539,0.23828125,-0.07421875,0.05078125,-1.6953125,9.328125,-1.96875,-0.005859375,0.05859375,-0.1484375
5265,52587952,52887952,0.771606445,-0.0807495117,-0.179138184,0.604980469,0.14453125,-0.1484375,-0.02734375,-1.71875,9.328125,-1.96875,-0.005859375,0.05859375,-0.1484375
5266,52602960,52902960,0.771850586,-0.080078125,-0.179382324,0.604736328,0.14453125,-0.1484375,-0.02734375,-1.71875,9.328125,-1.96875,0.060546875,0.0546875,-0.15625
5267,52607347,52907347,0.772216797,-0.0793457031,-0.17956543,0.604309082,0.0234375,-0.1015625,0.05859375,-1.75,9.3203125,-1.9765625,0.060546875,0.0546875,-0.15625
5268,52621863,52921863,0.772644043,-0.0786132812,-0.17980957,0.603759766,0.0234375,-0.1015625,0.05859375,-1.75,9.3203125,-1.9765625,0.123046875,0.068359375,-0.16015625
5269,52625466,52925466,0.773193359,-0.0779418945,-0.179931641,0.603088379,-0.02734375,-0.05859375,0.04296875,-1.7734375,9.3125,-2,0.123046875,0.068359375,-0.16015625
5270,52643393,52943393,0.773742676,-0.0772094727,-0.180053711,0.602416992,-0.02734375,-0.05859375,0.04296875,-1.7734375,9.3125,-2,0.14453125,0.08984375,-0.1484375
5271,52647535,52947535,0.774291992,-0.0764770508,-0.179992676,0.601867676,-0.12109375,0.07421875,0.10546875,-1.796875,9.296875,-2.0234375,0.14453125,0.08984375,-0.1484375
5272,52665172,52965172,0.774841309,-0.0755615234,-0.17980957,0.601318359,-0.12109375,0.07421875,0.10546875,-1.796875,9.296875,-2.0234375,0.115234375,0.162109375,-0.134765625
5273,52669314,52969314,0.775390625,-0.0746459961,-0.17956543,0.600769043,-0.25,0.00390625,0.05078125,-1.8203125,9.2890625,-2.046875,0.115234375,0.162109375,-0.134765625
5274,52679362,52979362,0.775878906,-0.0737915039,-0.179321289,0.600341797,-0.25,0.00390625,0.05078125,-1.8203125,9.2890625,-2.046875,0.095703125,0.146484375,-0.14453125
5275,52687404,52987404,0.776306152,-0.0728149414,-0.179199219,0.599914551,-0.3046875,-0.0625,0.046875,-1.84375,9.28125,-2.078125,0.095703125,0.146484375,-0.14453125
5276,52702906,53002906,0.776550293,-0.0718383789,-0.179199219,0.599731445,-0.3046875,-0.0625,0.046875,-1.84375,9.28125,-2.078125,0.009765625,0.12109375,-0.162109375
5277,52707259,53007259,0.776672363,-0.0708618164,-0.179260254,0.59967041,-0.203125,-0.09375,0.25390625,-1.8671875,9.2734375,-2.09375,0.009765625,0.12109375,-0.162109375
5278,52720914,53020914,0.776611328,-0.0697631836,-0.17956543,0.59979248,-0.203125,-0.09375,0.25390625,-1.8671875,9.2734375,-2.09375,-0.087890625,0.06640625,-0.19140625
5279,52727342,53027342,0.776428223,-0.0687866211,-0.179931641,0.600036621,-0.1796875,0.14453125,0.28515625,-1.890625,9.265625,-2.0859375,-0.087890625,0.06640625,-0.19140625
5280,52745174,53045174,0.776184082,-0.0678710938,-0.180297852,0.600341797,-0.1796875,0.14453125,0.28515625,-1.890625,9.265625,-2.0859375,-0.115234375,0.0546875,-0.169921875
5281,52749298,53049298,0.775939941,-0.0668945312,-0.180541992,0.600646973,-0.1796875,0.3359375,0.19140625,-1.9296875,9.265625,-2.0703125,-0.115234375,0.0546875,-0.169921875
5282,52762870,53062870,0.775756836,-0.0659790039,-0.180786133,0.601013184,-0.1796875,0.3359375,0.19140625,-1.9296875,9.265625,-2.0703125,-0.107421875,0.083984375,-0.14453125
5283,52766999,53066999,0.77557373,-0.0651245117,-0.180847168,0.601257324,0.03515625,0.296875,0.0234375,-1.953125,9.265625,-2.0546875,-0.107421875,0.083984375,-0.14453125
5284,52781211,53081211,0.77545166,-0.0643920898,-0.180847168,0.601501465,0.03515625,0.296875,0.0234375,-1.953125,9.265625,-2.0546875,-0.0703125,0.078125,-0.091796875
5285,52787956,53087956,0.77532959,-0.0638427734,-0.180908203,0.601745605,0.08984375,0.37890625,-0.0703125,-1.96875,9.2578125,-2.0390625,-0.0703125,0.078125,-0.091796875
5286,52801188,53101188,0.775146484,-0.0634155273,-0.181030273,0.601989746,0.08984375,0.37890625,-0.0703125,-1.96875,9.2578125,-2.0390625,-0.087890625,0.009765625,-0.05078125
5287,52807408,53107408,0.774841309,-0.0632324219,-0.181152344,0.602294922,0.2578125,0.609375,0.14453125,-1.984375,9.2578125,-2.0234375,-0.087890625,0.009765625,-0.05078125
5288,52825117,53125117,0.774475098,-0.0631713867,-0.181396484,0.602783203,0.2578125,0.609375,0.14453125,-1.984375,9.2578125,-2.0234375,-0.125,-0.046875,0.001953125
5289,52826608,53126608,0.774047852,-0.0632324219,-0.181518555,0.603210449,0.3046875,0.6796875,0.390625,-1.9921875,9.265625,-2,-0.125,-0.046875,0.001953125
5290,52842849,53142849,0.773681641,-0.063293457,-0.18157959,0.603637695,0.3046875,0.6796875,0.390625,-1.9921875,9.265625,-2,-0.107421875,-0.021484375,0.02734375
5291,52846997,53146997,0.77331543,-0.0634155273,-0.18157959,0.604187012,0.2265625,0.36328125,0.44140625,-1.9921875,9.2734375,-1.9765625,-0.107421875,-0.021484375,0.02734375
5292,52860802,53160802,0.772705078,-0.0635986328,-0.181518555,0.604919434,0.2265625,0.36328125,0.44140625,-1.9921875,9.2734375,-1.9765625,-0.220703125,-0.02734375,0.08203125
5293,52867406,53167406,0.771911621,-0.0638427734,-0.18145752,0.605957031,0.17578125,0.3203125,0.2265625,-1.9765625,9.28125,-1.953125,-0.220703125,-0.02734375,0.08203125
5294,52879997,53179997,0.770996094,-0.0640869141,-0.181335449,0.607116699,0.17578125,0.3203125,0.2265625,-1.9765625,9.28125,-1.953125,-0.271484375,-0.0546875,0.11328125
5295,52886010,53186010,0.770141602,-0.064453125,-0.181274414,0.608154297,0.3046875,0.03515625,-0.25,-1.953125,9.296875,-1.8984375,-0.271484375,-0.0546875,0.11328125
5296,52904436,53204436,0.769470215,-0.0647583008,-0.181030273,0.609069824,0.3046875,0.03515625,-0.25,-1.953125,9.296875,-1.8984375,-0.162109375,0,0.115234375
5297,52908573,53208573,0.768981934,-0.0650634766,-0.180664062,0.609741211,0.48046875,-0.09375,-0.296875,-1.9375,9.3125,-1.8515625,-0.162109375,0,0.115234375
5298,52922728,53222728,0.768554688,-0.0653686523,-0.180175781,0.610412598,0.48046875,-0.09375,-0.296875,-1.9375,9.3125,-1.8515625,-0.138671875,0.029296875,0.150390625
5299,52926903,53226903,0.768066406,-0.0657348633,-0.179748535,0.611083984,0.33984375,0.05078125,-0.28125,-1.9140625,9.3203125,-1.828125,-0.138671875,0.029296875,0.150390625
5300,52940139,53240139,0.767456055,-0.0662841797,-0.179321289,0.611877441,0.33984375,0.05078125,-0.28125,-1.9140625,9.3203125,-1.828125,-0.16796875,-0.03515625,0.1640625
5301,52945877,53245877,0.766906738,-0.0669555664,-0.179138184,0.612609863,0.1171875,0.07421875,-0.390625,-1.8828125,9.3359375,-1.796875,-0.16796875,-0.03515625,0.1640625
5302,52959545,53259545,0.766418457,-0.0676269531,-0.179016113,0.61315918,0.1171875,0.07421875,-0.390625,-1.8828125,9.3359375,-1.796875,-0.078125,-0.080078125,0.13671875
5303,52966470,53266470,0.766235352,-0.0682983398,-0.178833008,0.61340332,0.1640625,-0.125,-0.10546875,-1.8515625,9.34375,-1.7734375,-0.078125,-0.080078125,0.13671875
5304,52982925,53282925,0.766357422,-0.0687866211,-0.178588867,0.61328125,0.1640625,-0.125,-0.10546875,-1.8515625,9.34375,-1.7734375,0.107421875,0.001953125,0.09765625
5305,52986928,53286928,0.766662598,-0.0690917969,-0.178161621,0.612915039,0.109375,-0.36328125,-0.02734375,-1.8359375,9.3515625,-1.7734375,0.107421875,0.001953125,0.09765625
5306,52999305,53299305,0.767089844,-0.0693359375,-0.177612305,0.612548828,0.109375,-0.36328125,-0.02734375,-1.8359375,9.3515625,-1.7734375,0.109375,0.064453125,0.078125
5307,53006217,53306217,0.767272949,-0.0695800781,-0.177124023,0.612365723,-0.09765625,-0.01171875,0.03125,-1.8203125,9.34375,-1.796875,0.109375,0.064453125,0.078125
5308,53020704,53320704,0.767211914,-0.0698242188,-0.176757812,0.612609863,-0.09765625,-0.01171875,0.03125,-1.8203125,9.34375,-1.796875,-0.078125,0.015625,0.103515625
5309,53026441,53326441,0.766784668,-0.0701904297,-0.176452637,0.61315918,-0.1953125,0.2109375,0.15625,-1.796875,9.3515625,-1.8046875,-0.078125,0.015625,0.103515625
5310,53040459,53340459,0.766235352,-0.0706787109,-0.176391602,0.613769531,-0.1953125,0.2109375,0.15625,-1.796875,9.3515625,-1.8046875,-0.13671875,-0.076171875,0.119140625
5311,53046200,53346200,0.765869141,-0.0713500977,-0.176513672,0.614135742,0.09375,-0.2578125,-0.06640625,-1.78125,9.359375,-1.7734375,-0.13671875,-0.076171875,0.119140625
5312,53064521,53364521,0.765808105,-0.0721435547,-0.176879883,0.614013672,0.09375,-0.2578125,-0.06640625,-1.78125,9.359375,-1.7734375,0.09765625,-0.19921875,0.04296875
5313,53066018,53366018,0.765930176,-0.0729370117,-0.177612305,0.613586426,-0.03515625,-0.83203125,0.26953125,-1.765625,9.359375,-1.765625,0.09765625,-0.19921875,0.04296875
5314,53079106,53379106,0.765930176,-0.0736694336,-0.178649902,0.613220215,-0.03515625,-0.83203125,0.26953125,-1.765625,9.359375,-1.765625,0.001953125,-0.23828125,-0.048828125
5315,53086126,53386126,0.765563965,-0.0740356445,-0.1796875,0.61328125,-0.06640625,-0.71875,1.3125,-1.7734375,9.359375,-1.7734375,0.001953125,-0.23828125,-0.048828125
5316,53103880,53403880,0.764953613,-0.0739135742,-0.180480957,0.613830566,-0.06640625,-0.71875,1.3125,-1.7734375,9.359375,-1.7734375,-0.240234375,-0.083984375,-0.09765625
5317,53108222,53408222,0.764038086,-0.073425293,-0.181030273,0.614868164,0.03125,-0.140625,0.29296875,-1.796875,9.359375,-1.75,-0.240234375,-0.083984375,-0.09765625
5318,53119623,53419623,0.763122559,-0.0726928711,-0.181396484,0.615966797,0.03125,-0.140625,0.29296875,-1.796875,9.359375,-1.75,-0.28515625,0.04296875,-0.09375
5319,53125344,53425344,0.762390137,-0.0720825195,-0.181640625,0.616882324,0.23828125,-0.234375,-0.99609375,-1.8125,9.375,-1.6875,-0.28515625,0.04296875,-0.09375
5320,53143693,53443693,0.76171875,-0.0715942383,-0.182067871,0.617675781,0.23828125,-0.234375,-0.99609375,-1.8125,9.375,-1.6875,-0.234375,-0.048828125,-0.0859375
5321,53147697,53447697,0.761047363,-0.0712280273,-0.182678223,0.618408203,0.25390625,-0.42578125,-0.69921875,-1.828125,9.375,-1.640625,-0.234375,-0.048828125,-0.0859375
5322,53159670,53459670,0.760498047,-0.0708007812,-0.183349609,0.618835449,0.25390625,-0.42578125,-0.69921875,-1.828125,9.375,-1.640625,-0.11328125,-0.064453125,-0.134765625
5323,53165645,53465645,0.760314941,-0.0703125,-0.184020996,0.61895752,0.04296875,-0.54296875,0.07421875,-1.84375,9.375,-1.609375,-0.11328125,-0.064453125,-0.134765625
5324,53179301,53479301,0.760375977,-0.0695800781,-0.184570312,0.618835449,0.04296875,-0.54296875,0.07421875,-1.84375,9.375,-1.609375,0.03515625,0.048828125,-0.205078125
5325,53187194,53487194,0.760681152,-0.0685424805,-0.184814453,0.618469238,-0.04296875,-0.45703125,-0.015625,-1.875,9.3671875,-1.59375,0.03515625,0.048828125,-0.205078125
5326,53198911,53498911,0.761169434,-0.0673217773,-0.184814453,0.617980957,-0.04296875,-0.45703125,-0.015625,-1.875,9.3671875,-1.59375,0.095703125,0.19921875,-0.19921875
5327,53206291,53506291,0.761779785,-0.0661010742,-0.184570312,0.617492676,0.00390625,-0.01953125,-0.4140625,-1.921875,9.3515625,-1.6171875,0.095703125,0.19921875,-0.19921875
5328,53221964,53521964,0.762512207,-0.0649414062,-0.184143066,0.616760254,0.00390625,-0.01953125,-0.4140625,-1.921875,9.3515625,-1.6171875,0.197265625,0.212890625,-0.142578125
5329,53225705,53525705,0.763427734,-0.0640869141,-0.183776855,0.615844727,-0.01171875,-0.05078125,-0.5,-1.9453125,9.34375,-1.6484375,0.197265625,0.212890625,-0.142578125
5330,53240071,53540071,0.764465332,-0.0634765625,-0.183532715,0.614685059,-0.01171875,-0.05078125,-0.5,-1.9453125,9.34375,-1.6484375,0.296875,0.10546875,-0.1171875
5331,53246065,53546065,0.76550293,-0.0630493164,-0.18347168,0.613464355,-0.109375,-0.109375,0.0546875,-1.9609375,9.328125,-1.703125,0.296875,0.10546875,-0.1171875
5332,53259828,53559828,0.766418457,-0.0626831055,-0.18359375,0.612365723,-0.109375,-0.109375,0.0546875,-1.9609375,9.328125,-1.703125,0.240234375,0.033203125,-0.125
5333,53265825,53565825,0.767089844,-0.0621948242,-0.18371582,0.61151123,-0.20703125,-0.2109375,0.5390625,-1.9765625,9.3125,-1.765625,0.240234375,0.033203125,-0.125
5334,53279637,53579637,0.767578125,-0.0614624023,-0.183776855,0.610961914,-0.20703125,-0.2109375,0.5390625,-1.9765625,9.3125,-1.765625,0.078125,0.123046875,-0.1484375
5335,53285610,53585610,0.767944336,-0.0604858398,-0.183654785,0.610656738,-0.30078125,-0.0859375,0.53125,-2,9.3046875,-1.796875,0.078125,0.123046875,-0.1484375
5336,53303667,53603667,0.768188477,-0.0594482422,-0.18347168,0.610473633,-0.30078125,-0.0859375,0.53125,-2,9.3046875,-1.796875,0.001953125,0.173828125,-0.15625
5337,53307843,53607843,0.768371582,-0.0583496094,-0.183288574,0.610412598,-0.5078125,0.1953125,0.046875,-2.0234375,9.2890625,-1.8125,0.001953125,0.173828125,-0.15625
5338,53318279,53618279,0.768676758,-0.0573730469,-0.183105469,0.610229492,-0.5078125,0.1953125,0.046875,-2.0234375,9.2890625,-1.8125,0.046875,0.154296875,-0.123046875
5339,53327218,53627218,0.768981934,-0.0565795898,-0.182861328,0.609985352,-0.4140625,0.3125,-0.17578125,-2.0390625,9.2890625,-1.8203125,0.046875,0.154296875,-0.123046875
5340,53339849,53639849,0.769287109,-0.055847168,-0.182617188,0.609741211,-0.4140625,0.3125,-0.17578125,-2.0390625,9.2890625,-1.8203125,0.044921875,0.119140625,-0.078125
5341,53345838,53645838,0.769470215,-0.0553588867,-0.182434082,0.609558105,-0.28515625,0.5859375,-0.3515625,-2.0546875,9.28125,-1.8359375,0.044921875,0.119140625,-0.078125
5342,53360990,53660990,0.76965332,-0.0550537109,-0.182373047,0.609375,-0.28515625,0.5859375,-0.3515625,-2.0546875,9.28125,-1.8359375,0.025390625,0.03515625,-0.03515625
5343,53366038,53666038,0.769775391,-0.0549316406,-0.182312012,0.60925293,-0.3125,0.7109375,-0.07421875,-2.0625,9.2734375,-1.84375,0.025390625,0.03515625,-0.03515625
5344,53383566,53683566,0.769897461,-0.0549926758,-0.182312012,0.609130859,-0.3125,0.7109375,-0.07421875,-2.0625,9.2734375,-1.84375,0.056640625,-0.005859375,0.017578125
5345,53387740,53687740,0.770080566,-0.0551757812,-0.182189941,0.608886719,0.14453125,0.546875,-0.21875,-2.0625,9.28125,-1.8515625,0.056640625,-0.005859375,0.017578125
5346,53398235,53698235,0.770263672,-0.055480957,-0.182006836,0.608703613,0.14453125,0.546875,-0.21875,-2.0625,9.28125,-1.8515625,0.078125,-0.00390625,0.07421875
5347,53407175,53707175,0.770507812,-0.0559082031,-0.181762695,0.608459473,0.2890625,0.36328125,-0.203125,-2.0546875,9.2734375,-1.8671875,0.078125,-0.00390625,0.07421875
5348,53420765,53720765,0.770751953,-0.0565185547,-0.181518555,0.608154297,0.2890625,0.36328125,-0.203125,-2.0546875,9.2734375,-1.8671875,0.103515625,-0.04296875,0.10546875
5349,53426460,53726460,0.770935059,-0.0571289062,-0.181396484,0.607849121,0.12109375,-0.01953125,0.1953125,-2.0390625,9.2734375,-1.8828125,0.103515625,-0.04296875,0.10546875
5350,53440991,53740991,0.771179199,-0.0576782227,-0.181396484,0.60748291,0.12109375,-0.01953125,0.1953125,-2.0390625,9.2734375,-1.8828125,0.095703125,-0.046875,0.056640625
5351,53447074,53747074,0.771362305,-0.0581054688,-0.181396484,0.60723877,0.2578125,-0.4765625,0.44140625,-2.0234375,9.2734375,-1.8984375,0.095703125,-0.046875,0.056640625
5352,53464751,53764751,0.77130127,-0.0586547852,-0.18170166,0.607177734,0.2578125,-0.4765625,0.44140625,-2.0234375,9.2734375,-1.8984375,-0.033203125,-0.138671875,0.060546875
5353,53468882,53768882,0.770812988,-0.059387207,-0.182006836,0.60760498,-0.69921875,-0.37109375,0.28125,-2.0234375,9.28125,-1.890625,-0.033203125,-0.138671875,0.060546875
5354,53479590,53779590,0.770019531,-0.0601196289,-0.182189941,0.608459473,-0.69921875,-0.37109375,0.28125,-2.0234375,9.28125,-1.890625,-0.25390625,-0.115234375,0.1640625
5355,53487371,53787371,0.769042969,-0.0608520508,-0.182067871,0.609680176,0.08984375,-0.0703125,-0.36328125,-2.0078125,9.2890625,-1.859375,-0.25390625,-0.115234375,0.1640625
5356,53500265,53800265,0.768005371,-0.0615844727,-0.18182373,0.611022949,0.08984375,-0.0703125,-0.36328125,-2.0078125,9.2890625,-1.859375,-0.2734375,-0.068359375,0.2109375
5357,53505310,53805310,0.767211914,-0.0623779297,-0.18157959,0.611999512,-0.24609375,0.33203125,-0.57421875,-1.9765625,9.3046875,-1.8046875,-0.2734375,-0.068359375,0.2109375
5358,53520334,53820334,0.766845703,-0.0632324219,-0.18157959,0.612365723,-0.24609375,0.33203125,-0.57421875,-1.9765625,9.3046875,-1.8046875,0.017578125,-0.119140625,0.12109375
5359,53527585,53827585,0.767028809,-0.0639648438,-0.18170166,0.611999512,-0.66015625,0.125,0.0859375,-1.9453125,9.3203125,-1.7734375,0.017578125,-0.119140625,0.12109375
5360,53543565,53843565,0.76763916,-0.064453125,-0.181884766,0.61114502,-0.66015625,0.125,0.0859375,-1.9453125,9.3203125,-1.7734375,0.236328125,-0.046875,-0.037109375
5361,53547308,53847308,0.768310547,-0.0645141602,-0.182189941,0.610168457,-0.66015625,-0.40234375,0.26953125,-1.9453125,9.3125,-1.8046875,0.236328125,-0.046875,-0.037109375
5362,53559274,53859274,0.768920898,-0.0643310547,-0.182739258,0.60925293,-0.66015625,-0.40234375,0.26953125,-1.9453125,9.3125,-1.8046875,0.171875,-0.072265625,-0.158203125
5363,53567246,53867246,0.769226074,-0.0640869141,-0.18359375,0.608642578,-0.4140625,-0.73828125,-0.2265625,-1.9609375,9.3046875,-1.84375,0.171875,-0.072265625,-0.158203125
5364,53580055,53880055,0.769165039,-0.0637817383,-0.184753418,0.608459473,-0.4140625,-0.73828125,-0.2265625,-1.9609375,9.3046875,-1.84375,-0.0546875,-0.169921875,-0.1875
5365,53585125,53885125,0.768798828,-0.0635986328,-0.185974121,0.608581543,0.2734375,-0.8828125,0.15625,-2,9.296875,-1.84375,-0.0546875,-0.169921875,-0.1875
5366,53599948,53899948,0.768249512,-0.0634155273,-0.187133789,0.608886719,0.2734375,-0.8828125,0.15625,-2,9.296875,-1.84375,-0.146484375,-0.158203125,-0.134765625
5367,53607709,53907709,0.76776123,-0.0631713867,-0.188049316,0.60925293,0.54296875,-0.71484375,0.171875,-2.0390625,9.28125,-1.8203125,-0.146484375,-0.158203125,-0.134765625
5368,53623532,53923532,0.76739502,-0.0629882812,-0.188781738,0.609558105,0.54296875,-0.71484375,0.171875,-2.0390625,9.28125,-1.8203125,-0.076171875,-0.06640625,-0.08984375
5369,53627652,53927652,0.767272949,-0.0627441406,-0.189208984,0.609558105,0.64453125,-0.30078125,-0.19921875,-2.0625,9.2890625,-1.796875,-0.076171875,-0.06640625,-0.08984375
5370,53639546,53939546,0.76739502,-0.0625610352,-0.18963623,0.609313965,0.64453125,-0.30078125,-0.19921875,-2.0625,9.2890625,-1.796875,0.083984375,-0.029296875,-0.083984375
5371,53647085,53947085,0.767700195,-0.0624389648,-0.189941406,0.608825684,0.4375,-0.1015625,-0.16796875,-2.0859375,9.28125,-1.7890625,0.083984375,-0.029296875,-0.083984375
5372,53660492,53960492,0.768127441,-0.0623779297,-0.190246582,0.608215332,0.4375,-0.1015625,-0.16796875,-2.0859375,9.28125,-1.7890625,0.142578125,-0.0390625,-0.072265625
5373,53665540,53965540,0.768493652,-0.0623779297,-0.190612793,0.60760498,0.30078125,0.09765625,0.01171875,-2.1015625,9.2734375,-1.8125,0.142578125,-0.0390625,-0.072265625
5374,53681005,53981005,0.768737793,-0.0625,-0.190917969,0.60723877,0.30078125,0.09765625,0.01171875,-2.1015625,9.2734375,-1.8125,0.05859375,-0.056640625,-0.02734375
5375,53684739,53984739,0.768737793,-0.0626220703,-0.191162109,0.607116699,0.15234375,0.1796875,0.1796875,-2.109375,9.265625,-1.828125,0.05859375,-0.056640625,-0.02734375
5376,53702146,54002146,0.768493652,-0.0628051758,-0.191467285,0.607299805,0.15234375,0.1796875,0.1796875,-2.109375,9.265625,-1.828125,-0.083984375,-0.083984375,0.01171875
5377,53705889,54005889,0.768066406,-0.0630493164,-0.191772461,0.607727051,-0.22265625,0.21875,0.1015625,-2.1171875,9.265625,-1.828125,-0.083984375,-0.083984375,0.01171875
5378,53721153,54021153,0.767456055,-0.063293457,-0.192199707,0.608337402,-0.22265625,0.21875,0.1015625,-2.1171875,9.265625,-1.828125,-0.185546875,-0.10546875,0.01953125
5379,53724760,54024760,0.766784668,-0.0634765625,-0.192565918,0.609008789,-0.48828125,0.40234375,0.1875,-2.1171875,9.2734375,-1.796875,-0.185546875,-0.10546875,0.01953125
5380,53740614,54040614,0.766113281,-0.0635375977,-0.192993164,0.609741211,-0.48828125,0.40234375,0.1875,-2.1171875,9.2734375,-1.796875,-0.17578125,-0.080078125,-0.01953125
5381,53745424,54045424,0.765563965,-0.0634765625,-0.193481445,0.610229492,-0.64453125,0.703125,-0.08203125,-2.1171875,9.28125,-1.7578125,-0.17578125,-0.080078125,-0.01953125
5382,53761633,54061633,0.765258789,-0.0634765625,-0.194091797,0.610473633,-0.64453125,0.703125,-0.08203125,-2.1171875,9.28125,-1.7578125,-0.052734375,-0.125,-0.068359375
5383,53765254,54065254,0.765136719,-0.063659668,-0.194885254,0.610412598,-0.75,0.81640625,-0.26171875,-2.125,9.28125,-1.734375,-0.052734375,-0.125,-0.068359375
5384,53781894,54081894,0.765136719,-0.0639648438,-0.195922852,0.609924316,-0.75,0.81640625,-0.26171875,-2.125,9.28125,-1.734375,0.107421875,-0.212890625,-0.1015625
5385,53785505,54085505,0.765319824,-0.0643920898,-0.19708252,0.609313965,-0.421875,0.81640625,-0.0390625,-2.1484375,9.28125,-1.7265625,0.107421875,-0.212890625,-0.1015625
5386,53800664,54100664,0.765686035,-0.0650024414,-0.198425293,0.608398438,-0.421875,0.81640625,-0.0390625,-2.1484375,9.28125,-1.7265625,0.203125,-0.2734375,-0.107421875
5387,53805463,54105463,0.766113281,-0.0656738281,-0.199707031,0.60736084,0.0703125,0.79296875,0.1015625,-2.1796875,9.265625,-1.75,0.203125,-0.2734375,-0.107421875
5388,53820451,54120451,0.766601562,-0.0666503906,-0.20123291,0.606079102,0.0703125,0.79296875,0.1015625,-2.1796875,9.265625,-1.75,0.27734375,-0.345703125,-0.0859375
5389,53825235,54125235,0.767089844,-0.0676879883,-0.202758789,0.604858398,0.484375,0.37890625,0.28515625,-2.2109375,9.2578125,-1.78125,0.27734375,-0.345703125,-0.0859375
5390,53841067,54141067,0.767456055,-0.0687866211,-0.203979492,0.603881836,0.484375,0.37890625,0.28515625,-2.2109375,9.2578125,-1.78125,0.197265625,-0.30859375,-0.005859375
5391,53844671,54144671,0.76763916,-0.0700073242,-0.20501709,0.603149414,0.73046875,0.2421875,0.39453125,-2.2265625,9.2421875,-1.8125,0.197265625,-0.30859375,-0.005859375
5392,53861061,54161061,0.767700195,-0.071472168,-0.205932617,0.602661133,0.73046875,0.2421875,0.39453125,-2.2265625,9.2421875,-1.8125,0.09765625,-0.3125,0.115234375
5393,53864698,54164698,0.76751709,-0.0729370117,-0.206665039,0.602355957,0.921875,-0.0234375,0.33203125,-2.2265625,9.2421875,-1.828125,0.09765625,-0.3125,0.115234375
5394,53882284,54182284,0.767272949,-0.0747680664,-0.207275391,0.602233887,0.921875,-0.0234375,0.33203125,-2.2265625,9.2421875,-1.828125,0.048828125,-0.328125,0.2109375
5395,53886483,54186483,0.767028809,-0.0766601562,-0.207824707,0.602172852,0.75390625,-0.0703125,0.24609375,-2.2109375,9.25,-1.8203125,0.048828125,-0.328125,0.2109375
5396,53900447,54200447,0.766662598,-0.0788574219,-0.208435059,0.602172852,0.75390625,-0.0703125,0.24609375,-2.2109375,9.25,-1.8203125,0.0234375,-0.359375,0.28515625
5397,53905491,54205491,0.766174316,-0.0811157227,-0.208862305,0.602355957,0.37890625,0.11328125,0.35546875,-2.1796875,9.2578125,-1.8125,0.0234375,-0.359375,0.28515625
5398,53921308,54221308,0.765625,-0.0832519531,-0.209106445,0.602661133,0.37890625,0.11328125,0.35546875,-2.1796875,9.2578125,-1.8125,-0.05078125,-0.310546875,0.33984375
5399,53925044,54225044,0.764953613,-0.0853271484,-0.209228516,0.603149414,-0.015625,0.06640625,0.1875,-2.1328125,9.265625,-1.796875,-0.05078125,-0.310546875,0.33984375
5400,53941487,54241487,0.764160156,-0.0873413086,-0.209289551,0.603881836,-0.015625,0.06640625,0.1875,-2.1328125,9.265625,-1.796875,-0.119140625,-0.240234375,0.32421875
5401,53945220,54245220,0.763427734,-0.0889282227,-0.209289551,0.604553223,-0.0703125,0.04296875,-0.03515625,-2.078125,9.2890625,-1.765625,-0.119140625,-0.240234375,0.32421875
5402,53960780,54260780,0.762695312,-0.0903320312,-0.209289551,0.605285645,-0.0703125,0.04296875,-0.03515625,-2.078125,9.2890625,-1.765625,-0.14453125,-0.158203125,0.244140625
5403,53964505,54264505,0.762023926,-0.0916748047,-0.209411621,0.605895996,-0.61328125,-0.2421875,-0.10546875,-2.03125,9.3046875,-1.734375,-0.14453125,-0.158203125,0.244140625
5404,53980382,54280382,0.761352539,-0.0931396484,-0.209838867,0.606323242,-0.61328125,-0.2421875,-0.10546875,-2.03125,9.3046875,-1.734375,-0.0703125,-0.28125,0.181640625
5405,53985424,54285424,0.760803223,-0.0946044922,-0.210449219,0.606567383,-0.484375,-0.44921875,-0.015625,-2.0078125,9.3203125,-1.7109375,-0.0703125,-0.28125,0.181640625
5406,54001187,54301187,0.760375977,-0.095703125,-0.210998535,0.606750488,-0.484375,-0.44921875,-0.015625,-2.0078125,9.3203125,-1.7109375,-0.03125,-0.203125,0.1015625
5407,54004925,54304925,0.760131836,-0.096496582,-0.211364746,0.606811523,0.13671875,-0.49609375,-0.15234375,-1.9765625,9.328125,-1.6875,-0.03125,-0.203125,0.1015625
5408,54022486,54322486,0.760192871,-0.0972290039,-0.211547852,0.606567383,0.13671875,-0.49609375,-0.15234375,-1.9765625,9.328125,-1.6875,0.10546875,-0.115234375,0.064453125
5409,54027162,54327162,0.760375977,-0.0979003906,-0.211791992,0.606140137,-0.1015625,-0.53125,-0.53515625,-1.96875,9.328125,-1.6875,0.10546875,-0.115234375,0.064453125
5410,54040526,54340526,0.760681152,-0.0986938477,-0.212097168,0.605529785,-0.1015625,-0.53125,-0.53515625,-1.96875,9.328125,-1.6875,0.18359375,-0.12890625,0.0625
5411,54046211,54346211,0.761108398,-0.099609375,-0.212341309,0.604736328,0.1953125,-0.2265625,-0.40625,-1.9609375,9.328125,-1.703125,0.18359375,-0.12890625,0.0625
5412,54058752,54358752,0.761657715,-0.100769043,-0.21270752,0.60369873,0.1953125,-0.2265625,-0.40625,-1.9609375,9.328125,-1.703125,0.265625,-0.197265625,0.068359375
5413,54065652,54365652,0.762207031,-0.101806641,-0.213012695,0.602783203,0.609375,0.203125,0.1328125,-1.953125,9.3203125,-1.7421875,0.265625,-0.197265625,0.068359375
5414,54080870,54380870,0.762634277,-0.102722168,-0.213012695,0.602050781,0.609375,0.203125,0.1328125,-1.953125,9.3203125,-1.7421875,0.1953125,-0.099609375,0.119140625
5415,54084600,54384600,0.762939453,-0.103637695,-0.212890625,0.601501465,0.44921875,0.31640625,0.58984375,-1.9453125,9.3203125,-1.78125,0.1953125,-0.099609375,0.119140625
5416,54103352,54403352,0.763122559,-0.104492188,-0.212646484,0.601257324,0.44921875,0.31640625,0.58984375,-1.9453125,9.3203125,-1.78125,0.06640625,-0.033203125,0.1484375
5417,54108781,54408781,0.763122559,-0.105163574,-0.212158203,0.601318359,0.46484375,0.125,0.5,-1.921875,9.3203125,-1.8046875,0.06640625,-0.033203125,0.1484375
5418,54119814,54419814,0.762939453,-0.105651855,-0.211547852,0.601623535,0.46484375,0.125,0.5,-1.921875,9.3203125,-1.8046875,-0.072265625,0.068359375,0.1953125
5419,54124845,54424845,0.762634277,-0.106140137,-0.210632324,0.602294922,0.203125,-0.1875,0.1171875,-1.890625,9.328125,-1.8046875,-0.072265625,0.068359375,0.1953125
5420,54139944,54439944,0.762207031,-0.106567383,-0.209655762,0.603088379,0.203125,-0.1875,0.1171875,-1.890625,9.328125,-1.8046875,-0.126953125,0.0859375,0.234375
5421,54147653,54447653,0.761779785,-0.107055664,-0.208679199,0.603881836,0.0859375,-0.2734375,-0.17578125,-1.8515625,9.3359375,-1.78125,-0.126953125,0.0859375,0.234375
5422,54159600,54459600,0.761413574,-0.10748291,-0.207702637,0.604614258,0.0859375,-0.2734375,-0.17578125,-1.8515625,9.3359375,-1.78125,-0.123046875,0.1015625,0.224609375
5423,54169930,54469930,0.761047363,-0.107910156,-0.206665039,0.60534668,-0.08203125,-0.328125,-0.19140625,-1.796875,9.3515625,-1.765625,-0.123046875,0.1015625,0.224609375
5424,54182602,54482602,0.760742188,-0.108215332,-0.205810547,0.605957031,-0.08203125,-0.328125,-0.19140625,-1.796875,9.3515625,-1.765625,-0.080078125,0.087890625,0.17578125
5425,54186727,54486727,0.760559082,-0.108520508,-0.205078125,0.606384277,-0.46484375,-0.37109375,-0.359375,-1.7578125,9.359375,-1.75,-0.080078125,0.087890625,0.17578125
5426,54200336,54500336,0.760498047,-0.108703613,-0.204650879,0.606628418,-0.46484375,-0.37109375,-0.359375,-1.7578125,9.359375,-1.75,0,0.037109375,0.0703125
5427,54205374,54505374,0.760559082,-0.108764648,-0.204345703,0.606567383,-0.375,-0.37890625,-0.17578125,-1.734375,9.3671875,-1.7421875,0,0.037109375,0.0703125
5428,54218754,54518754,0.760864258,-0.108642578,-0.204162598,0.606262207,-0.375,-0.37890625,-0.17578125,-1.734375,9.3671875,-1.7421875,0.12109375,0.0390625,-0.046875
5429,54225624,54525624,0.761352539,-0.108459473,-0.204162598,0.605712891,-0.375,-0.41796875,-0.05078125,-1.734375,9.3671875,-1.75,0.12109375,0.0390625,-0.046875
5430,54241180,54541180,0.761901855,-0.108154297,-0.204345703,0.604980469,-0.375,-0.41796875,-0.05078125,-1.734375,9.3671875,-1.75,0.158203125,0.01953125,-0.115234375
5431,54244918,54544918,0.762390137,-0.107788086,-0.204528809,0.604370117,-0.0234375,-0.05859375,0.1640625,-1.7421875,9.3515625,-1.7734375,0.158203125,0.01953125,-0.115234375
5432,54261469,54561469,0.762817383,-0.10748291,-0.20489502,0.603759766,-0.0234375,-0.05859375,0.1640625,-1.7421875,9.3515625,-1.7734375,0.11328125,-0.009765625,-0.126953125
5433,54265202,54565202,0.763183594,-0.107116699,-0.20526123,0.603271484,0.15625,0.1015625,0.1875,-1.765625,9.34375,-1.796875,0.11328125,-0.009765625,-0.126953125
5434,54281338,54581338,0.763549805,-0.106750488,-0.205749512,0.602722168,0.15625,0.1015625,0.1875,-1.765625,9.34375,-1.796875,0.0859375,-0.02734375,-0.13671875
5435,54285077,54585077,0.76385498,-0.106384277,-0.206176758,0.602294922,0.37109375,0.33984375,0.2109375,-1.7890625,9.3359375,-1.8203125,0.0859375,-0.02734375,-0.13671875
5436,54301656,54601656,0.764099121,-0.105712891,-0.206481934,0.601928711,0.37109375,0.33984375,0.2109375,-1.7890625,9.3359375,-1.8203125,0.041015625,0.048828125,-0.16015625
5437,54305401,54605401,0.764343262,-0.104919434,-0.206665039,0.60168457,0.4765625,0.234375,0.1875,-1.8203125,9.328125,-1.8359375,0.041015625,0.048828125,-0.16015625
5438,54319717,54619717,0.764648438,-0.103881836,-0.206787109,0.601501465,0.4765625,0.234375,0.1875,-1.8203125,9.328125,-1.8359375,0.005859375,0.130859375,-0.177734375
5439,54324742,54624742,0.764892578,-0.102905273,-0.206726074,0.601379395,0.46484375,-0.02734375,-0.1875,-1.84375,9.3203125,-1.84375,0.005859375,0.130859375,-0.177734375
5440,54342136,54642136,0.765075684,-0.101928711,-0.206726074,0.601257324,0.46484375,-0.02734375,-0.1875,-1.84375,9.3203125,-1.84375,-0.001953125,0.125,-0.140625
5441,54346605,54646605,0.765258789,-0.101074219,-0.206665039,0.601196289,0.37109375,0.05859375,-0.21875,-1.8671875,9.3125,-1.8515625,-0.001953125,0.125,-0.140625
5442,54362598,54662598,0.765441895,-0.100097656,-0.206604004,0.601135254,0.37109375,0.05859375,-0.21875,-1.8671875,9.3125,-1.8515625,-0.0234375,0.140625,-0.146484375
5443,54368918,54668918,0.765563965,-0.0989990234,-0.206420898,0.601257324,0.28125,-0.01171875,0.0859375,-1.890625,9.3046875,-1.8515625,-0.0234375,0.140625,-0.146484375
5444,54380245,54680245,0.765625,-0.0974731445,-0.206176758,0.601501465,0.28125,-0.01171875,0.0859375,-1.890625,9.3046875,-1.8515625,-0.095703125,0.24609375,-0.1875
5445,54386844,54686844,0.765686035,-0.0958251953,-0.205810547,0.601867676,0.15625,-0.203125,0.078125,-1.921875,9.3046875,-1.84375,-0.095703125,0.24609375,-0.1875
5446,54401322,54701322,0.765686035,-0.0939941406,-0.205444336,0.602233887,0.15625,-0.203125,0.078125,-1.921875,9.3046875,-1.84375,-0.130859375,0.279296875,-0.228515625
5447,54405081,54705081,0.765625,-0.0922851562,-0.20526123,0.602661133,-0.125,-0.203125,-0.12109375,-1.9453125,9.3046875,-1.8359375,-0.130859375,0.279296875,-0.228515625
5448,54422152,54722152,0.765563965,-0.0904541016,-0.20513916,0.603027344,-0.125,-0.203125,-0.12109375,-1.9453125,9.3046875,-1.8359375,-0.13671875,0.21484375,-0.24609375
5449,54426657,54726657,0.765441895,-0.0887451172,-0.20513916,0.603393555,-0.19921875,-0.04296875,-0.17578125,-1.984375,9.296875,-1.8203125,-0.13671875,0.21484375,-0.24609375
5450,54441188,54741188,0.765319824,-0.0869750977,-0.20526123,0.603759766,-0.19921875,-0.04296875,-0.17578125,-1.984375,9.296875,-1.8203125,-0.138671875,0.193359375,-0.2578125
5451,54444935,54744935,0.765197754,-0.0853271484,-0.205322266,0.604125977,-0.015625,0.15625,-0.04296875,-2.015625,9.2890625,-1.796875,-0.138671875,0.193359375,-0.2578125
5452,54460413,54760413,0.765075684,-0.0835571289,-0.205383301,0.604553223,-0.015625,0.15625,-0.04296875,-2.015625,9.2890625,-1.796875,-0.14453125,0.2109375,-0.251953125
5453,54467539,54767539,0.764953613,-0.0819091797,-0.205444336,0.604919434,0.0234375,0.234375,0.09375,-2.0546875,9.2890625,-1.78125,-0.14453125,0.2109375,-0.251953125
5454,54479714,54779714,0.764892578,-0.0802001953,-0.205383301,0.605285645,0.0234375,0.234375,0.09375,-2.0546875,9.2890625,-1.78125,-0.12890625,0.20703125,-0.220703125
5455,54484759,54784759,0.764831543,-0.0786743164,-0.20526123,0.60559082,0.0625,0.203125,0.26953125,-2.09375,9.28125,-1.765625,-0.12890625,0.20703125,-0.220703125
5456,54502415,54802415,0.764770508,-0.0772705078,-0.204956055,0.605895996,0.0625,0.203125,0.26953125,-2.09375,9.28125,-1.765625,-0.08984375,0.220703125,-0.150390625
5457,54506541,54806541,0.764770508,-0.0759887695,-0.204528809,0.606262207,-0.03125,0.13671875,0.29296875,-2.1171875,9.2734375,-1.75,-0.08984375,0.220703125,-0.150390625
5458,54519736,54819736,0.764587402,-0.0747070312,-0.203857422,0.606811523,-0.03125,0.13671875,0.29296875,-2.1171875,9.2734375,-1.75,-0.158203125,0.26953125,-0.06640625
5459,54528625,54828625,0.764404297,-0.0735473633,-0.20300293,0.607543945,-0.13671875,0.3203125,0.046875,-2.125,9.28125,-1.734375,-0.158203125,0.26953125,-0.06640625
5460,54539942,54839942,0.764099121,-0.0725708008,-0.201965332,0.608337402,-0.13671875,0.3203125,0.046875,-2.125,9.28125,-1.734375,-0.17578125,0.29296875,0.02734375
5461,54546757,54846757,0.763916016,-0.0716552734,-0.200805664,0.609130859,0.1328125,0.3203125,-0.12109375,-2.125,9.28125,-1.71875,-0.17578125,0.29296875,0.02734375
5462,54560128,54860128,0.763793945,-0.0708618164,-0.199401855,0.609802246,0.1328125,0.3203125,-0.12109375,-2.125,9.28125,-1.71875,-0.08984375,0.318359375,0.080078125
5463,54568615,54868615,0.763977051,-0.0701904297,-0.197998047,0.610107422,0.56640625,0.46484375,-0.21484375,-2.1015625,9.2890625,-1.703125,-0.08984375,0.318359375,0.080078125
5464,54583139,54883139,0.764404297,-0.0699462891,-0.196716309,0.610046387,0.56640625,0.46484375,-0.21484375,-2.1015625,9.2890625,-1.703125,0.1015625,0.201171875,0.115234375
5465,54587312,54887312,0.764831543,-0.0700073242,-0.195556641,0.609863281,0.390625,0.38671875,0.03125,-2.078125,9.2890625,-1.71875,0.1015625,0.201171875,0.115234375
5466,54600306,54900306,0.765075684,-0.0701293945,-0.194519043,0.609802246,0.390625,0.38671875,0.03125,-2.078125,9.2890625,-1.71875,0.029296875,0.146484375,0.14453125
5467,54608618,54908618,0.765075684,-0.0701904297,-0.19354248,0.610168457,0.54296875,0.6484375,0.58203125,-2.0390625,9.296875,-1.734375,0.029296875,0.146484375,0.14453125
5468,54619926,54919926,0.764648438,-0.0700683594,-0.192504883,0.611022949,0.54296875,0.6484375,0.58203125,-2.0390625,9.296875,-1.734375,-0.21484375,0.18359375,0.138671875
5469,54626402,54926402,0.764099121,-0.0697631836,-0.19140625,0.612121582,0.47265625,0.5234375,0.57421875,-2.0078125,9.3046875,-1.7265625,-0.21484375,0.18359375,0.138671875
5470,54639602,54939602,0.76361084,-0.0693969727,-0.190307617,0.613037109,0.47265625,0.5234375,0.57421875,-2.0078125,9.3046875,-1.7265625,-0.17578125,0.20703125,0.111328125
5471,54648610,54948610,0.763305664,-0.0690917969,-0.189331055,0.613769531,0.01953125,-0.33203125,0.19140625,-1.9765625,9.3203125,-1.6875,-0.17578125,0.20703125,0.111328125
5472,54663134,54963134,0.763000488,-0.0689697266,-0.188476562,0.614440918,0.01953125,-0.33203125,0.19140625,-1.9765625,9.3203125,-1.6875,-0.134765625,0.103515625,0.1171875
5473,54667297,54967297,0.762512207,-0.0690917969,-0.187927246,0.615234375,-0.4296875,-0.80078125,0.0625,-1.9453125,9.328125,-1.671875,-0.134765625,0.103515625,0.1171875
