sample_index,offset_us,timestamp_us,quat_i,quat_j,quat_k,quat_real,linear_accel_x_mps2,linear_accel_y_mps2,linear_accel_z_mps2,gravity_x_mps2,gravity_y_mps2,gravity_z_mps2,gyro_x_radps,gyro_y_radps,gyro_z_radps
0,27178,327178,0.167724609,0.886291504,-0.374389648,0.21496582,0.47265625,0.28515625,0.08984375,-5.8515625,-5.28125,-5.2421875,-0.130859375,1.37695312,-0.85546875
1,27226,327226,0.166381836,0.888671875,-0.373535156,0.207336426,-0.15625,0.109375,-0.02734375,-4.7890625,-5.6015625,-5.9296875,-0.130859375,1.37695312,-0.85546875
2,27259,327259,0.165039062,0.891052246,-0.372741699,0.199523926,-0.15625,0.109375,-0.02734375,-4.7890625,-5.6015625,-5.9296875,-0.103515625,1.3984375,-0.865234375
3,27306,327306,0.163696289,0.893310547,-0.372070312,0.191711426,-0.34375,-0.10546875,-0.30078125,-4.5234375,-5.65625,-6.078125,-0.103515625,1.3984375,-0.865234375
4,27338,327338,0.162353516,0.895446777,-0.371520996,0.183898926,-0.34375,-0.10546875,-0.30078125,-4.5234375,-5.65625,-6.078125,-0.05078125,1.40429688,-0.861328125
5,27386,327386,0.161071777,0.897521973,-0.370849609,0.176147461,-0.1875,0.38671875,-0.44140625,-4.2578125,-5.7265625,-6.203125,-0.05078125,1.40429688,-0.861328125
6,27418,327418,0.159851074,0.899597168,-0.369934082,0.168151855,-0.1875,0.38671875,-0.44140625,-4.2578125,-5.7265625,-6.203125,-0.12890625,1.41015625,-0.81640625
7,37584,337584,0.137817383,0.924743652,-0.350585938,0.0548095703,-0.1875,0.38671875,-0.44140625,-3.9765625,-5.7890625,-6.3359375,-0.064453125,0.56640625,-0.390625
8,51564,351564,0.137023926,0.925231934,-0.350036621,0.0513305664,0.33203125,-0.03515625,-0.1796875,-1.8671875,-5.9921875,-7.078125,-0.064453125,0.56640625,-0.390625
9,58415,358415,0.136535645,0.925598145,-0.34967041,0.0478515625,0.33203125,-0.03515625,-0.1796875,-1.8671875,-5.9921875,-7.078125,0.033203125,0.640625,-0.33203125
10,62536,362536,0.136169434,0.92590332,-0.34954834,0.0443115234,0.24609375,-0.56640625,0.03515625,-1.7421875,-6,-7.1015625,0.033203125,0.640625,-0.33203125
11,72977,372977,0.135864258,0.926086426,-0.349609375,0.0408935547,0.24609375,-0.56640625,0.03515625,-1.7421875,-6,-7.1015625,0.095703125,0.591796875,-0.298828125
12,79685,379685,0.135437012,0.926208496,-0.349731445,0.0377807617,0.04296875,-0.39453125,0.31640625,-1.6171875,-6.015625,-7.1171875,0.095703125,0.591796875,-0.298828125
13,95892,395892,0.134887695,0.926391602,-0.34979248,0.0350952148,0.04296875,-0.39453125,0.31640625,-1.6171875,-6.015625,-7.1171875,0.046875,0.419921875,-0.2890625
14,99439,399439,0.134277344,0.926574707,-0.349731445,0.0328369141,-0.10546875,-0.1796875,0.08984375,-1.5078125,-6.0390625,-7.1171875,0.046875,0.419921875,-0.2890625
15,114545,414545,0.133422852,0.926879883,-0.34954834,0.0305786133,-0.10546875,-0.1796875,0.08984375,-1.5078125,-6.0390625,-7.1171875,-0.017578125,0.318359375,-0.322265625
16,122593,422593,0.132385254,0.927185059,-0.349304199,0.028503418,-0.0078125,0.1328125,0.05859375,-1.4140625,-6.046875,-7.125,-0.017578125,0.318359375,-0.322265625
17,134852,434852,0.131286621,0.927490234,-0.348937988,0.0264892578,-0.0078125,0.1328125,0.05859375,-1.4140625,-6.046875,-7.125,-0.05078125,0.33984375,-0.361328125
18,138962,438962,0.130371094,0.927856445,-0.348510742,0.0242919922,0.25390625,0.37109375,0.2265625,-1.328125,-6.0546875,-7.140625,-0.05078125,0.33984375,-0.361328125
19,154064,454064,0.129516602,0.928222656,-0.348022461,0.0219726562,0.25390625,0.37109375,0.2265625,-1.328125,-6.0546875,-7.140625,-0.033203125,0.361328125,-0.291015625
20,159456,459456,0.128845215,0.928466797,-0.347839355,0.0198974609,0.08203125,-0.2421875,0.203125,-1.234375,-6.0546875,-7.15625,-0.033203125,0.361328125,-0.291015625
21,176192,476192,0.128356934,0.928527832,-0.347839355,0.0180664062,0.08203125,-0.2421875,0.203125,-1.234375,-6.0546875,-7.15625,0.056640625,0.3046875,-0.212890625
22,179748,479748,0.127990723,0.928588867,-0.347900391,0.0162963867,0.1171875,-0.234375,0.25,-1.15625,-6.0625,-7.1640625,0.056640625,0.3046875,-0.212890625
23,193347,493347,0.127624512,0.928710938,-0.347900391,0.0145263672,0.1171875,-0.234375,0.25,-1.15625,-6.0625,-7.1640625,0.013671875,0.291015625,-0.171875
24,201771,501771,0.127380371,0.928833008,-0.34765625,0.0129394531,0.24609375,0.125,0.2109375,-1.09375,-6.078125,-7.1640625,0.013671875,0.291015625,-0.171875
25,214350,514350,0.127258301,0.929016113,-0.347290039,0.0115356445,0.24609375,0.125,0.2109375,-1.09375,-6.078125,-7.1640625,-0.060546875,0.24609375,-0.10546875
26,219291,519291,0.127258301,0.929199219,-0.346862793,0.0104370117,0.15625,-0.1484375,0.02734375,-1.0390625,-6.0703125,-7.171875,-0.060546875,0.24609375,-0.10546875
27,232904,532904,0.127258301,0.929382324,-0.346435547,0.00933837891,0.15625,-0.1484375,0.02734375,-1.0390625,-6.0703125,-7.171875,-0.068359375,0.203125,-0.05859375
28,238709,538709,0.127380371,0.929504395,-0.346008301,0.00842285156,0.078125,-0.34765625,0.00390625,-1,-6.0625,-7.1875,-0.068359375,0.203125,-0.05859375
29,254617,554617,0.127624512,0.92956543,-0.345703125,0.00799560547,0.078125,-0.34765625,0.00390625,-1,-6.0625,-7.1875,-0.0625,0.029296875,0.048828125
30,262952,562952,0.127807617,0.9296875,-0.345397949,0.00830078125,-0.828125,-0.51171875,-0.64453125,-0.9765625,-6.0546875,-7.1875,-0.0625,0.029296875,0.048828125
31,271358,571358,0.127990723,0.92980957,-0.344909668,0.00909423828,-0.828125,-0.51171875,-0.64453125,-0.9765625,-6.0546875,-7.1875,-0.17578125,-0.13671875,0.09375
32,282630,582630,0.128356934,0.930114746,-0.343933105,0.0101318359,0.30859375,0.171875,0.12890625,-1,-6.046875,-7.1953125,-0.17578125,-0.13671875,0.09375
33,296600,596600,0.12902832,0.930297852,-0.343139648,0.0111694336,0.30859375,0.171875,0.12890625,-1,-6.046875,-7.1953125,-0.13671875,-0.140625,0.2265625
34,300668,600668,0.129821777,0.930175781,-0.343139648,0.0123291016,0.4140625,-1.4765625,-0.421875,-1.03125,-6.0078125,-7.21875,-0.13671875,-0.140625,0.2265625
35,313183,613183,0.130615234,0.9296875,-0.344177246,0.0134887695,0.4140625,-1.4765625,-0.421875,-1.03125,-6.0078125,-7.21875,0.26953125,-0.21875,0.2109375
36,319372,619372,0.131164551,0.929077148,-0.345581055,0.0147705078,-0.2578125,-0.203125,0.09765625,-1.0859375,-6.015625,-7.203125,0.26953125,-0.21875,0.2109375
37,334203,634203,0.131652832,0.928466797,-0.346862793,0.0162353516,-0.2578125,-0.203125,0.09765625,-1.0859375,-6.015625,-7.203125,0.201171875,-0.26953125,0.203125
38,339266,639266,0.132080078,0.928100586,-0.347595215,0.017578125,0.2265625,0.59375,-0.1328125,-1.1484375,-6.046875,-7.1640625,0.201171875,-0.26953125,0.203125
39,352891,652891,0.132568359,0.927978516,-0.34765625,0.0190429688,0.2265625,0.59375,-0.1328125,-1.1484375,-6.046875,-7.1640625,-0.107421875,-0.216796875,0.189453125
40,360866,660866,0.133117676,0.928161621,-0.346984863,0.0206298828,0.12890625,0.984375,0.05859375,-1.203125,-6.0546875,-7.1640625,-0.107421875,-0.216796875,0.189453125
41,376180,676180,0.133850098,0.928344727,-0.346069336,0.0225830078,0.12890625,0.984375,0.05859375,-1.203125,-6.0546875,-7.1640625,-0.2421875,-0.3203125,0.3046875
42,379172,679172,0.13482666,0.928405762,-0.345336914,0.0249633789,0.0078125,-0.01171875,0.15234375,-1.2734375,-6.015625,-7.1796875,-0.2421875,-0.3203125,0.3046875
43,392390,692390,0.135864258,0.928283691,-0.345092773,0.0277709961,0.0078125,-0.01171875,0.15234375,-1.2734375,-6.015625,-7.1796875,-0.060546875,-0.474609375,0.423828125
44,398031,698031,0.137023926,0.92791748,-0.345214844,0.0309448242,-0.12109375,-0.58203125,-0.109375,-1.375,-5.984375,-7.1875,-0.060546875,-0.474609375,0.423828125
45,415726,715726,0.138183594,0.927490234,-0.345703125,0.0344848633,-0.12109375,-0.58203125,-0.109375,-1.375,-5.984375,-7.1875,0.041015625,-0.638671875,0.482421875
46,418713,718713,0.139282227,0.927001953,-0.346191406,0.0383300781,-0.1796875,-0.203125,-0.203125,-1.5078125,-5.9765625,-7.171875,0.041015625,-0.638671875,0.482421875
47,431763,731763,0.140380859,0.926452637,-0.346618652,0.0425415039,-0.1796875,-0.203125,-0.203125,-1.5078125,-5.9765625,-7.171875,-0.0234375,-0.736328125,0.50390625
48,439164,739164,0.141418457,0.926025391,-0.346801758,0.0469970703,-0.1015625,0.0546875,-0.33984375,-1.6640625,-5.96875,-7.1484375,-0.0234375,-0.736328125,0.50390625
49,455066,755066,0.14239502,0.925598145,-0.346862793,0.051574707,-0.1015625,0.0546875,-0.33984375,-1.6640625,-5.96875,-7.1484375,-0.099609375,-0.79296875,0.517578125
50,458052,758052,0.143371582,0.925231934,-0.346862793,0.0560302734,-0.08203125,-0.08984375,-0.43359375,-1.8359375,-5.9375,-7.1328125,-0.099609375,-0.79296875,0.517578125
51,470720,770720,0.144470215,0.924743652,-0.346862793,0.0609741211,-0.08203125,-0.08984375,-0.43359375,-1.8359375,-5.9375,-7.1328125,-0.08203125,-0.814453125,0.546875
52,477469,777469,0.145568848,0.924194336,-0.346923828,0.0657348633,-0.0546875,-0.3515625,-0.33984375,-2.015625,-5.90625,-7.109375,-0.08203125,-0.814453125,0.546875
53,495186,795186,0.146728516,0.923522949,-0.347229004,0.0706176758,-0.0546875,-0.3515625,-0.33984375,-2.015625,-5.90625,-7.109375,-0.005859375,-0.859375,0.580078125
54,498182,798182,0.147888184,0.922790527,-0.347717285,0.0755004883,-0.14453125,-0.4609375,-0.2890625,-2.1953125,-5.875,-7.0859375,-0.005859375,-0.859375,0.580078125
55,510510,810510,0.149047852,0.921813965,-0.348510742,0.0811157227,-0.14453125,-0.4609375,-0.2890625,-2.1953125,-5.875,-7.0859375,0.072265625,-0.962890625,0.599609375
56,517495,817495,0.150146484,0.920837402,-0.349304199,0.0866088867,-0.2109375,-0.13671875,-0.2578125,-2.3984375,-5.8515625,-7.0390625,0.072265625,-0.962890625,0.599609375
57,534030,834030,0.151123047,0.919921875,-0.349914551,0.0921630859,-0.2109375,-0.13671875,-0.2578125,-2.3984375,-5.8515625,-7.0390625,0.0390625,-1.0625,0.623046875
58,537023,837023,0.152160645,0.918823242,-0.350708008,0.0981445312,-0.12109375,-0.0859375,-0.3984375,-2.6015625,-5.828125,-6.9765625,0.0390625,-1.0625,0.623046875
59,549899,849899,0.153320312,0.917541504,-0.351623535,0.104675293,-0.12109375,-0.0859375,-0.3984375,-2.6015625,-5.828125,-6.9765625,0.099609375,-1.140625,0.669921875
60,557209,857209,0.15447998,0.91619873,-0.352661133,0.111083984,-0.15625,-0.0703125,-0.34375,-2.8359375,-5.8046875,-6.9140625,0.099609375,-1.140625,0.669921875
61,573744,873744,0.155639648,0.914794922,-0.353637695,0.117553711,-0.15625,-0.0703125,-0.34375,-2.8359375,-5.8046875,-6.9140625,0.11328125,-1.17382812,0.705078125
62,576728,876728,0.156799316,0.913391113,-0.354675293,0.123779297,0.01171875,-0.1328125,-0.31640625,-3.078125,-5.78125,-6.828125,0.11328125,-1.17382812,0.705078125
63,589131,889131,0.15802002,0.911743164,-0.355895996,0.130615234,0.01171875,-0.1328125,-0.31640625,-3.078125,-5.78125,-6.828125,0.15234375,-1.18359375,0.69140625
64,600490,900490,0.159118652,0.91015625,-0.357116699,0.137084961,0.13671875,-0.0390625,-0.01953125,-3.3203125,-5.7578125,-6.7421875,0.15234375,-1.18359375,0.69140625
65,613803,913803,0.160095215,0.908447266,-0.358398438,0.143676758,0.13671875,-0.0390625,-0.01953125,-3.3203125,-5.7578125,-6.7421875,0.19140625,-1.22070312,0.662109375
66,616787,916787,0.160949707,0.906738281,-0.359741211,0.149963379,0.296875,-0.1015625,-0.04296875,-3.5546875,-5.734375,-6.640625,0.19140625,-1.22070312,0.662109375
67,629567,929567,0.161743164,0.904846191,-0.361206055,0.156921387,0.296875,-0.1015625,-0.04296875,-3.5546875,-5.734375,-6.640625,0.1875,-1.24023438,0.611328125
68,636302,936302,0.162353516,0.903076172,-0.362487793,0.163391113,0.23046875,0.10546875,0.078125,-3.796875,-5.7109375,-6.53125,0.1875,-1.24023438,0.611328125
69,649771,949771,0.162780762,0.901306152,-0.363830566,0.16973877,0.23046875,0.10546875,0.078125,-3.796875,-5.7109375,-6.53125,0.171875,-1.20898438,0.529296875
70,656081,956081,0.163024902,0.899536133,-0.365112305,0.17590332,0.14453125,0.2421875,0,-4.015625,-5.6953125,-6.4140625,0.171875,-1.20898438,0.529296875
71,669336,969336,0.163146973,0.897766113,-0.366455078,0.181884766,0.14453125,0.2421875,0,-4.015625,-5.6953125,-6.4140625,0.1796875,-1.1484375,0.458984375
72,677483,977483,0.163269043,0.896057129,-0.367736816,0.18762207,0.125,0.33203125,0.265625,-4.2265625,-5.671875,-6.296875,0.1796875,-1.1484375,0.458984375
73,691391,991391,0.163330078,0.894348145,-0.369018555,0.193115234,0.125,0.33203125,0.265625,-4.2265625,-5.671875,-6.296875,0.177734375,-1.08007812,0.419921875
74,696206,996206,0.163391113,0.89263916,-0.370300293,0.198608398,0.2734375,0.31640625,0.19140625,-4.4140625,-5.65625,-6.1875,0.177734375,-1.08007812,0.419921875
75,708107,1008107,0.163513184,0.890930176,-0.371398926,0.203857422,0.2734375,0.31640625,0.19140625,-4.4140625,-5.65625,-6.1875,0.1640625,-1.08007812,0.4453125
76,716567,1016567,0.163635254,0.889099121,-0.372558594,0.209655762,0.26171875,0.53125,0.11328125,-4.59375,-5.640625,-6.0703125,0.1640625,-1.08007812,0.4453125
77,731263,1031263,0.163696289,0.887451172,-0.373352051,0.215087891,0.26171875,0.53125,0.11328125,-4.59375,-5.640625,-6.0703125,0.0703125,-1.0703125,0.44921875
78,736086,1036086,0.163757324,0.885803223,-0.373962402,0.220703125,0.09765625,0.42578125,0.11328125,-4.7734375,-5.609375,-5.953125,0.0703125,-1.0703125,0.44921875
79,750208,1050208,0.163818359,0.884216309,-0.374328613,0.226257324,0.09765625,0.42578125,0.11328125,-4.7734375,-5.609375,-5.953125,-0.0078125,-1.07617188,0.46484375
80,758210,1058210,0.163879395,0.882629395,-0.374633789,0.231872559,0.046875,0.078125,0.0390625,-4.953125,-5.5703125,-5.84375,-0.0078125,-1.07617188,0.46484375
81,770739,1070739,0.16394043,0.88104248,-0.37487793,0.237304688,0.046875,0.078125,0.0390625,-4.953125,-5.5703125,-5.84375,-0.005859375,-1.04101562,0.466796875
82,775976,1075976,0.1640625,0.879455566,-0.375183105,0.242675781,-0.01171875,-0.2734375,-0.0234375,-5.125,-5.5234375,-5.7421875,-0.005859375,-1.04101562,0.466796875
83,789906,1089906,0.164245605,0.877746582,-0.375610352,0.247924805,-0.01171875,-0.2734375,-0.0234375,-5.125,-5.5234375,-5.7421875,0.052734375,-0.982421875,0.443359375
84,795709,1095709,0.164367676,0.876098633,-0.376159668,0.252868652,0,-0.3203125,0.01953125,-5.2890625,-5.4765625,-5.6328125,0.052734375,-0.982421875,0.443359375
85,810581,1110581,0.164550781,0.874450684,-0.376708984,0.257507324,0,-0.3203125,0.01953125,-5.2890625,-5.4765625,-5.6328125,0.083984375,-0.919921875,0.408203125
86,815258,1115258,0.164733887,0.872741699,-0.377319336,0.262329102,-0.00390625,-0.19921875,0.140625,-5.4375,-5.4453125,-5.5234375,0.083984375,-0.919921875,0.408203125
87,828233,1128233,0.164916992,0.87109375,-0.377868652,0.266845703,-0.00390625,-0.19921875,0.140625,-5.4375,-5.4453125,-5.5234375,0.0703125,-0.8671875,0.390625
88,839880,1139880,0.165039062,0.869506836,-0.378356934,0.271179199,0.01953125,-0.1640625,0.109375,-5.578125,-5.40625,-5.4140625,0.0703125,-0.8671875,0.390625
89,849832,1149832,0.165161133,0.867980957,-0.378845215,0.275268555,0.01953125,-0.1640625,0.109375,-5.578125,-5.40625,-5.4140625,0.072265625,-0.826171875,0.361328125
90,855085,1155085,0.165222168,0.866394043,-0.379333496,0.279602051,-0.078125,-0.23046875,0.12109375,-5.7109375,-5.375,-5.3125,0.072265625,-0.826171875,0.361328125
91,868036,1168036,0.165283203,0.864868164,-0.379821777,0.283569336,-0.078125,-0.23046875,0.12109375,-5.7109375,-5.375,-5.3125,0.072265625,-0.7734375,0.328125
92,875142,1175142,0.165344238,0.863464355,-0.380310059,0.287231445,0.0859375,-0.15625,0.09765625,-5.8359375,-5.3359375,-5.2109375,0.072265625,-0.7734375,0.328125
93,890026,1190026,0.165466309,0.861999512,-0.38079834,0.290893555,0.0859375,-0.15625,0.09765625,-5.8359375,-5.3359375,-5.2109375,0.087890625,-0.697265625,0.3125
94,896210,1196210,0.165649414,0.860534668,-0.381286621,0.294372559,0.15625,-0.02734375,0.08203125,-5.9453125,-5.3125,-5.1171875,0.087890625,-0.697265625,0.3125
95,909962,1209962,0.165893555,0.859130859,-0.381774902,0.297668457,0.15625,-0.02734375,0.08203125,-5.9453125,-5.3125,-5.1171875,0.08203125,-0.623046875,0.3046875
96,918232,1218232,0.166137695,0.857849121,-0.382141113,0.30078125,0.13671875,0.01953125,0.0703125,-6.0390625,-5.28125,-5.03125,0.08203125,-0.623046875,0.3046875
97,930061,1230061,0.166320801,0.856567383,-0.382507324,0.303771973,0.13671875,0.01953125,0.0703125,-6.0390625,-5.28125,-5.03125,0.05859375,-0.5546875,0.275390625
98,935677,1235677,0.166503906,0.85546875,-0.382751465,0.306518555,0.0703125,0.1875,0.14453125,-6.125,-5.2578125,-4.953125,0.05859375,-0.5546875,0.275390625
99,949481,1249481,0.166625977,0.854431152,-0.38293457,0.309020996,0.0703125,0.1875,0.14453125,-6.125,-5.2578125,-4.953125,0.03515625,-0.46875,0.2265625
100,955813,1255813,0.166748047,0.853515625,-0.383178711,0.311279297,0.0703125,0.0859375,0.19140625,-6.203125,-5.234375,-4.8828125,0.03515625,-0.46875,0.2265625
101,968465,1268465,0.166870117,0.852600098,-0.383483887,0.313293457,0.0703125,0.0859375,0.19140625,-6.203125,-5.234375,-4.8828125,0.0625,-0.388671875,0.16796875
102,975314,1275314,0.166931152,0.851745605,-0.383850098,0.315124512,0.05859375,-0.05078125,0.2890625,-6.265625,-5.2109375,-4.828125,0.0625,-0.388671875,0.16796875
103,989477,1289477,0.166931152,0.851013184,-0.384338379,0.31652832,0.05859375,-0.05078125,0.2890625,-6.265625,-5.2109375,-4.828125,0.109375,-0.287109375,0.09375
104,999311,1299311,0.166931152,0.850280762,-0.38494873,0.317687988,0.140625,-0.01953125,0.234375,-6.3125,-5.203125,-4.7734375,0.109375,-0.287109375,0.09375
105,1011901,1311901,0.166809082,0.84979248,-0.385498047,0.318481445,0.140625,-0.01953125,0.234375,-6.3125,-5.203125,-4.7734375,0.09765625,-0.158203125,0.01171875
106,1016192,1316192,0.166748047,0.84942627,-0.385925293,0.318908691,0.2109375,0.515625,0.1171875,-6.34375,-5.203125,-4.734375,0.09765625,-0.158203125,0.01171875
107,1027939,1327939,0.166564941,0.849304199,-0.386291504,0.318969727,0.2109375,0.515625,0.1171875,-6.34375,-5.203125,-4.734375,0.04296875,0,-0.046875
108,1034798,1334798,0.166503906,0.849365234,-0.386474609,0.318664551,0.171875,0.484375,0.1796875,-6.34375,-5.2109375,-4.71875,0.04296875,0,-0.046875
109,1048071,1348071,0.166442871,0.84954834,-0.386657715,0.317932129,0.171875,0.484375,0.1796875,-6.34375,-5.2109375,-4.71875,0.033203125,0.16015625,-0.076171875
110,1054331,1354331,0.166503906,0.849853516,-0.386779785,0.316894531,0.1953125,0.26953125,0.265625,-6.328125,-5.2265625,-4.7265625,0.033203125,0.16015625,-0.076171875
111,1068107,1368107,0.166625977,0.850280762,-0.386962891,0.315490723,0.1953125,0.26953125,0.265625,-6.328125,-5.2265625,-4.7265625,0.05859375,0.30859375,-0.125
112,1075472,1375472,0.166809082,0.850830078,-0.387145996,0.313720703,0.125,0.1328125,0.32421875,-6.296875,-5.2421875,-4.75,0.05859375,0.30859375,-0.125
113,1087851,1387851,0.166931152,0.85144043,-0.387390137,0.311584473,0.125,0.1328125,0.32421875,-6.296875,-5.2421875,-4.75,0.076171875,0.4296875,-0.203125
114,1094038,1394038,0.166931152,0.852233887,-0.387695312,0.309082031,0.109375,0.1171875,0.2109375,-6.2421875,-5.265625,-4.7890625,0.076171875,0.4296875,-0.203125
115,1107354,1407354,0.166931152,0.853088379,-0.388061523,0.306213379,0.109375,0.1171875,0.2109375,-6.2421875,-5.265625,-4.7890625,0.078125,0.5625,-0.3046875
116,1113726,1413726,0.166748047,0.854125977,-0.388366699,0.303161621,0.078125,0.34765625,0.19140625,-6.171875,-5.3046875,-4.84375,0.078125,0.5625,-0.3046875
117,1127564,1427564,0.166503906,0.855407715,-0.38848877,0.299377441,0.078125,0.34765625,0.19140625,-6.171875,-5.3046875,-4.84375,0.015625,0.693359375,-0.39453125
118,1133890,1433890,0.166137695,0.856811523,-0.38848877,0.295471191,0.16796875,0.39453125,0.18359375,-6.0703125,-5.3515625,-4.9140625,0.015625,0.693359375,-0.39453125
119,1146395,1446395,0.165771484,0.858459473,-0.388427734,0.29107666,0.16796875,0.39453125,0.18359375,-6.0703125,-5.3515625,-4.9140625,-0.03515625,0.861328125,-0.46484375
120,1156720,1456720,0.165405273,0.860168457,-0.388183594,0.286560059,0.12109375,0.3359375,0.15625,-5.9453125,-5.40625,-5,-0.03515625,0.861328125,-0.46484375
121,1166845,1466845,0.165100098,0.862121582,-0.387817383,0.281188965,0.12109375,0.3359375,0.15625,-5.9453125,-5.40625,-5,-0.064453125,1.03320312,-0.509765625
122,1173623,1473623,0.164855957,0.864196777,-0.387390137,0.27557373,0.23828125,0.0390625,0.08203125,-5.796875,-5.453125,-5.1171875,-0.064453125,1.03320312,-0.509765625
123,1186623,1486623,0.164672852,0.866271973,-0.386962891,0.269592285,0.23828125,0.0390625,0.08203125,-5.796875,-5.453125,-5.1171875,-0.037109375,1.1796875,-0.556640625
124,1193369,1493369,0.164489746,0.868408203,-0.38659668,0.263305664,0.06640625,-0.08984375,0.05859375,-5.625,-5.515625,-5.25,-0.037109375,1.1796875,-0.556640625
125,1206558,1506558,0.164245605,0.870666504,-0.386230469,0.256530762,0.06640625,-0.08984375,0.05859375,-5.625,-5.515625,-5.25,-0.02734375,1.30859375,-0.630859375
126,1213311,1513311,0.16394043,0.872924805,-0.385864258,0.249511719,-0.09765625,0.0078125,-0.03125,-5.421875,-5.578125,-5.390625,-0.02734375,1.30859375,-0.630859375
127,1225970,1525970,0.163452148,0.875305176,-0.385437012,0.24206543,-0.09765625,0.0078125,-0.03125,-5.421875,-5.578125,-5.390625,-0.04296875,1.40820312,-0.724609375
128,1236750,1536750,0.162902832,0.877685547,-0.38494873,0.234375,-0.1640625,0.109375,-0.03515625,-5.203125,-5.640625,-5.5390625,-0.04296875,1.40820312,-0.724609375
129,1249538,1549538,0.16217041,0.880065918,-0.384399414,0.226745605,-0.1640625,0.109375,-0.03515625,-5.203125,-5.640625,-5.5390625,-0.076171875,1.453125,-0.794921875
130,1253086,1553086,0.161376953,0.882446289,-0.383789062,0.219116211,-0.14453125,0.11328125,0.046875,-4.953125,-5.71875,-5.6953125,-0.076171875,1.453125,-0.794921875
131,1266482,1566482,0.16027832,0.88494873,-0.383056641,0.210876465,-0.14453125,0.11328125,0.046875,-4.953125,-5.71875,-5.6953125,-0.103515625,1.43164062,-0.83984375
132,1273017,1573017,0.159179688,0.887268066,-0.382263184,0.20324707,-0.2109375,0.17578125,0.078125,-4.6953125,-5.78125,-5.84375,-0.103515625,1.43164062,-0.83984375
133,1285922,1585922,0.15802002,0.889587402,-0.381347656,0.19543457,-0.2109375,0.17578125,0.078125,-4.6953125,-5.78125,-5.84375,-0.15625,1.41210938,-0.8359375
134,1293223,1593223,0.156799316,0.891967773,-0.380310059,0.187561035,-0.09375,0.15234375,-0.0859375,-4.4296875,-5.8359375,-5.984375,-0.15625,1.41210938,-0.8359375
135,1306072,1606072,0.155761719,0.894165039,-0.379211426,0.180053711,-0.09375,0.15234375,-0.0859375,-4.4296875,-5.8359375,-5.984375,-0.181640625,1.45703125,-0.826171875
136,1313483,1613483,0.154663086,0.89654541,-0.377929688,0.17175293,-0.13671875,0.20703125,-0.2890625,-4.15625,-5.890625,-6.125,-0.181640625,1.45703125,-0.826171875
137,1326908,1626908,0.153686523,0.898742676,-0.376525879,0.163757324,-0.13671875,0.20703125,-0.2890625,-4.15625,-5.890625,-6.125,-0.201171875,1.49609375,-0.79296875
138,1333283,1633283,0.152832031,0.900939941,-0.37512207,0.155700684,0.04296875,0.0546875,-0.1875,-3.875,-5.9296875,-6.265625,-0.201171875,1.49609375,-0.79296875
139,1346987,1646987,0.152160645,0.903015137,-0.373718262,0.147583008,0.04296875,0.0546875,-0.1875,-3.875,-5.9296875,-6.265625,-0.169921875,1.49414062,-0.72265625
140,1352794,1652794,0.151611328,0.904846191,-0.372436523,0.139709473,0.10546875,-0.296875,-0.171875,-3.59375,-5.9609375,-6.3984375,-0.169921875,1.49414062,-0.72265625
141,1366835,1666835,0.151000977,0.906555176,-0.371337891,0.132141113,0.10546875,-0.296875,-0.171875,-3.59375,-5.9609375,-6.3984375,-0.1015625,1.40429688,-0.6953125
142,1372643,1672643,0.15032959,0.908203125,-0.370239258,0.124633789,-0.0546875,0.0390625,-0.015625,-3.3203125,-5.9921875,-6.515625,-0.1015625,1.40429688,-0.6953125
143,1386473,1686473,0.149353027,0.909790039,-0.36895752,0.117492676,-0.0546875,0.0390625,-0.015625,-3.3203125,-5.9921875,-6.515625,-0.193359375,1.25976562,-0.73046875
144,1393158,1693158,0.148132324,0.911437988,-0.367431641,0.110778809,-0.12109375,0.30078125,-0.3359375,-3.0625,-6.0234375,-6.6171875,-0.193359375,1.25976562,-0.73046875
145,1406846,1706846,0.146850586,0.913146973,-0.365722656,0.104248047,-0.12109375,0.30078125,-0.3359375,-3.0625,-6.0234375,-6.6171875,-0.28515625,1.1484375,-0.69921875
146,1412648,1712648,0.145690918,0.914733887,-0.363952637,0.0981445312,-0.0234375,0.1953125,-0.30859375,-2.8125,-6.03125,-6.71875,-0.28515625,1.1484375,-0.69921875
147,1426282,1726282,0.144775391,0.91607666,-0.362304688,0.0924072266,-0.0234375,0.1953125,-0.30859375,-2.8125,-6.03125,-6.71875,-0.236328125,1.09179688,-0.591796875
148,1432233,1732233,0.144042969,0.917358398,-0.360900879,0.0863037109,0.25390625,-0.33984375,-0.109375,-2.59375,-6.03125,-6.8046875,-0.236328125,1.09179688,-0.591796875
149,1445825,1745825,0.143493652,0.918273926,-0.360046387,0.0806274414,0.25390625,-0.33984375,-0.109375,-2.59375,-6.03125,-6.8046875,-0.0234375,1.01757812,-0.494140625
150,1452305,1752305,0.143005371,0.919006348,-0.359558105,0.075378418,0.03515625,-0.52734375,0.19140625,-2.375,-6.0390625,-6.875,-0.0234375,1.01757812,-0.494140625
151,1465558,1765558,0.14239502,0.919616699,-0.359191895,0.0705566406,0.03515625,-0.52734375,0.19140625,-2.375,-6.0390625,-6.875,0.025390625,0.84375,-0.486328125
152,1472474,1772474,0.141540527,0.920288086,-0.358764648,0.0659179688,0,-0.04296875,0.23046875,-2.1875,-6.0625,-6.9140625,0.025390625,0.84375,-0.486328125
153,1486537,1786537,0.140625,0.920959473,-0.358154297,0.0620117188,0,-0.04296875,0.23046875,-2.1875,-6.0625,-6.9140625,-0.10546875,0.615234375,-0.4453125
154,1493661,1793661,0.139648438,0.921630859,-0.357299805,0.0587158203,-0.0390625,-0.06640625,0,-2.03125,-6.078125,-6.953125,-0.10546875,0.615234375,-0.4453125
155,1505389,1805389,0.13873291,0.922241211,-0.356506348,0.0561523438,-0.0390625,-0.06640625,0,-2.03125,-6.078125,-6.953125,-0.123046875,0.419921875,-0.34765625
156,1511768,1811768,0.137817383,0.922729492,-0.355834961,0.0538330078,-0.12109375,-0.49609375,-0.3046875,-1.9140625,-6.0703125,-6.9921875,-0.123046875,0.419921875,-0.34765625
157,1524837,1824837,0.136901855,0.923095703,-0.355651855,0.0516357422,-0.12109375,-0.49609375,-0.3046875,-1.9140625,-6.0703125,-6.9921875,0.03515625,0.3515625,-0.33203125
158,1532817,1832817,0.136047363,0.923339844,-0.355773926,0.0492553711,-0.0234375,-0.29296875,-0.2109375,-1.8203125,-6.078125,-7.0078125,0.03515625,0.3515625,-0.33203125
159,1545703,1845703,0.135131836,0.923522949,-0.355957031,0.0465087891,-0.0234375,-0.29296875,-0.2109375,-1.8203125,-6.078125,-7.0078125,0.080078125,0.462890625,-0.375
160,1553666,1853666,0.134277344,0.92376709,-0.355957031,0.0435791016,0.22265625,0.37890625,0.0234375,-1.71875,-6.1015625,-7.015625,0.080078125,0.462890625,-0.375
161,1566120,1866120,0.133483887,0.924133301,-0.355651855,0.0404663086,0.22265625,0.37890625,0.0234375,-1.71875,-6.1015625,-7.015625,-0.03515625,0.51953125,-0.3671875
162,1572452,1872452,0.13269043,0.924560547,-0.355102539,0.0376586914,0.21875,0.51171875,0.30859375,-1.6015625,-6.1171875,-7.03125,-0.03515625,0.51953125,-0.3671875
163,1585633,1885633,0.131958008,0.925048828,-0.354431152,0.0352172852,0.21875,0.51171875,0.30859375,-1.6015625,-6.1171875,-7.03125,-0.115234375,0.3671875,-0.3046875
164,1595236,1895236,0.131225586,0.925476074,-0.35369873,0.0333251953,0.1171875,0.04296875,0.1015625,-1.5,-6.109375,-7.0546875,-0.115234375,0.3671875,-0.3046875
165,1605274,1905274,0.130554199,0.92590332,-0.353088379,0.0317993164,0.1171875,0.04296875,0.1015625,-1.5,-6.109375,-7.0546875,-0.111328125,0.2265625,-0.203125
166,1612031,1912031,0.130065918,0.926208496,-0.352539062,0.0305786133,0.1640625,-0.2265625,0.0859375,-1.4296875,-6.109375,-7.078125,-0.111328125,0.2265625,-0.203125
167,1625623,1925623,0.129699707,0.926391602,-0.352355957,0.0295410156,0.1640625,-0.2265625,0.0859375,-1.4296875,-6.109375,-7.078125,0.015625,0.16796875,-0.14453125
168,1633878,1933878,0.129272461,0.926452637,-0.352416992,0.0284423828,0,-0.42578125,-0.05859375,-1.3828125,-6.1015625,-7.0859375,0.015625,0.16796875,-0.14453125
169,1645254,1945254,0.12878418,0.926513672,-0.352416992,0.0272216797,0,-0.42578125,-0.05859375,-1.3828125,-6.1015625,-7.0859375,0.009765625,0.208984375,-0.185546875
170,1651442,1951442,0.128295898,0.926696777,-0.352233887,0.0258789062,0.10546875,0.15625,-0.01953125,-1.3359375,-6.109375,-7.0859375,0.009765625,0.208984375,-0.185546875
171,1664298,1964298,0.127807617,0.927001953,-0.35168457,0.024597168,0.10546875,0.15625,-0.01953125,-1.3359375,-6.109375,-7.0859375,-0.107421875,0.23046875,-0.181640625
172,1673858,1973858,0.127441406,0.927307129,-0.351074219,0.0233154297,0.05078125,-0.109375,-0.04296875,-1.28125,-6.109375,-7.1015625,-0.107421875,0.23046875,-0.181640625
173,1685477,1985477,0.127075195,0.927612305,-0.350585938,0.0220947266,0.05078125,-0.109375,-0.04296875,-1.28125,-6.109375,-7.1015625,-0.064453125,0.19140625,-0.14453125
174,1690617,1990617,0.12677002,0.92779541,-0.350341797,0.0210571289,-0.0390625,-0.5,-0.1015625,-1.2265625,-6.1015625,-7.1171875,-0.064453125,0.19140625,-0.14453125
175,1704090,2004090,0.126525879,0.92779541,-0.350341797,0.0198974609,-0.0390625,-0.5,-0.1015625,-1.2265625,-6.1015625,-7.1171875,0.05859375,0.1796875,-0.12109375
176,1712166,2012166,0.126220703,0.92779541,-0.350646973,0.0188598633,-0.1171875,-0.69140625,-0.2109375,-1.1875,-6.1015625,-7.125,0.05859375,0.1796875,-0.12109375
177,1723904,2023904,0.125854492,0.92767334,-0.351013184,0.0177001953,-0.1171875,-0.69140625,-0.2109375,-1.1875,-6.1015625,-7.125,0.109375,0.18359375,-0.15234375
178,1730084,2030084,0.125488281,0.92767334,-0.351318359,0.0165405273,-0.05078125,-0.1796875,0.01171875,-1.140625,-6.1171875,-7.1171875,0.109375,0.18359375,-0.15234375
179,1743510,2043510,0.12512207,0.927734375,-0.351318359,0.0153198242,-0.05078125,-0.1796875,0.01171875,-1.140625,-6.1171875,-7.1171875,-0.005859375,0.19140625,-0.158203125
180,1752869,2052869,0.124755859,0.92791748,-0.351013184,0.0142822266,-0.01953125,0.02734375,-0.1015625,-1.09375,-6.1328125,-7.1171875,-0.005859375,0.19140625,-0.158203125
181,1763946,2063946,0.124572754,0.928161621,-0.350463867,0.0137939453,-0.01953125,0.02734375,-0.1015625,-1.09375,-6.1328125,-7.1171875,-0.14453125,0.048828125,-0.02734375
182,1770129,2070129,0.124633789,0.928405762,-0.34967041,0.0139160156,-0.703125,-0.140625,-0.515625,-1.0625,-6.1171875,-7.125,-0.14453125,0.048828125,-0.02734375
183,1782560,2082560,0.124938965,0.928771973,-0.348693848,0.0144042969,-0.703125,-0.140625,-0.515625,-1.0625,-6.1171875,-7.125,-0.234375,-0.052734375,0.12109375
184,1795218,2095218,0.125610352,0.929016113,-0.34765625,0.0149536133,0.65234375,-0.47265625,0.12109375,-1.078125,-6.09375,-7.1484375,-0.234375,-0.052734375,0.12109375
185,1805017,2105017,0.126586914,0.929077148,-0.347167969,0.0153198242,0.65234375,-0.47265625,0.12109375,-1.078125,-6.09375,-7.1484375,-0.009765625,0.0234375,0.20703125
186,1810063,2110063,0.127441406,0.928833008,-0.34765625,0.0155639648,0.33203125,-1.91796875,-0.46875,-1.1015625,-6.0625,-7.171875,-0.009765625,0.0234375,0.20703125
187,1822938,2122938,0.127990723,0.928283691,-0.348754883,0.0159301758,0.33203125,-1.91796875,-0.46875,-1.1015625,-6.0625,-7.171875,0.26171875,-0.06640625,0.107421875
188,1832039,2132039,0.128295898,0.927856445,-0.349731445,0.0162353516,-0.10546875,0.09765625,-0.03515625,-1.125,-6.0859375,-7.1484375,0.26171875,-0.06640625,0.107421875
189,1843164,2143164,0.128601074,0.927612305,-0.350280762,0.016418457,-0.10546875,0.09765625,-0.03515625,-1.125,-6.0859375,-7.1484375,0.060546875,-0.025390625,0.052734375
190,1850054,2150054,0.128723145,0.92755127,-0.350341797,0.0166625977,0.2578125,0.80078125,0.09765625,-1.140625,-6.1015625,-7.125,0.060546875,-0.025390625,0.052734375
191,1862757,2162757,0.12890625,0.927612305,-0.350097656,0.0170288086,0.2578125,0.80078125,0.09765625,-1.140625,-6.1015625,-7.125,-0.103515625,-0.0703125,0.0625
192,1870471,2170471,0.129150391,0.92779541,-0.34954834,0.0177001953,-0.04296875,0.609375,0.1328125,-1.1484375,-6.1015625,-7.125,-0.103515625,-0.0703125,0.0625
193,1883253,2183253,0.129455566,0.927978516,-0.348999023,0.0186767578,-0.04296875,0.609375,0.1328125,-1.1484375,-6.1015625,-7.125,-0.140625,-0.169921875,0.162109375
194,1889574,2189574,0.130004883,0.928039551,-0.348571777,0.0199584961,0.140625,0.35546875,0.265625,-1.1796875,-6.078125,-7.140625,-0.140625,-0.169921875,0.162109375
195,1901929,2201929,0.13067627,0.927978516,-0.348327637,0.0214233398,0.140625,0.35546875,0.265625,-1.1796875,-6.078125,-7.140625,-0.0546875,-0.2265625,0.2421875
196,1909463,2209463,0.131408691,0.927856445,-0.348266602,0.0228881836,0.2734375,0.1953125,0.234375,-1.234375,-6.0703125,-7.1484375,-0.0546875,-0.2265625,0.2421875
197,1924155,2224155,0.132324219,0.92767334,-0.348266602,0.0247802734,0.2734375,0.1953125,0.234375,-1.234375,-6.0703125,-7.1484375,-0.03125,-0.287109375,0.3046875
198,1929540,2229540,0.133178711,0.927490234,-0.348266602,0.0267944336,0.15234375,0.2578125,0.1953125,-1.3046875,-6.0546875,-7.1484375,-0.03125,-0.287109375,0.3046875
199,1942997,2242997,0.134155273,0.927307129,-0.348144531,0.0291137695,0.15234375,0.2578125,0.1953125,-1.3046875,-6.0546875,-7.1484375,-0.080078125,-0.390625,0.3515625
200,1950480,2250480,0.135070801,0.927185059,-0.347900391,0.0317382812,0.16015625,0.43359375,0.1953125,-1.390625,-6.0390625,-7.1484375,-0.080078125,-0.390625,0.3515625
201,1964061,2264061,0.136108398,0.927124023,-0.347412109,0.0346679688,0.16015625,0.43359375,0.1953125,-1.390625,-6.0390625,-7.1484375,-0.177734375,-0.484375,0.4140625
202,1969452,2269452,0.137207031,0.927062988,-0.346801758,0.037902832,0.1171875,0.2109375,-0.0703125,-1.5,-6.0078125,-7.1484375,-0.177734375,-0.484375,0.4140625
203,1983247,2283247,0.138366699,0.927001953,-0.346191406,0.0413208008,0.1171875,0.2109375,-0.0703125,-1.5,-6.0078125,-7.1484375,-0.189453125,-0.5625,0.482421875
204,1989471,2289471,0.139587402,0.926818848,-0.345703125,0.0449829102,0.09765625,-0.2109375,-0.140625,-1.6328125,-5.96875,-7.15625,-0.189453125,-0.5625,0.482421875
205,2003590,2303590,0.140869141,0.926513672,-0.34552002,0.0488891602,0.09765625,-0.2109375,-0.140625,-1.6328125,-5.96875,-7.15625,-0.087890625,-0.66015625,0.51953125
206,2008835,2308835,0.142089844,0.926086426,-0.34552002,0.0529785156,-0.14453125,-0.328125,-0.33984375,-1.7734375,-5.9296875,-7.1484375,-0.087890625,-0.66015625,0.51953125
207,2023046,2323046,0.143310547,0.925598145,-0.34564209,0.0571899414,-0.14453125,-0.328125,-0.33984375,-1.7734375,-5.9296875,-7.1484375,-0.044921875,-0.732421875,0.537109375
208,2035783,2335783,0.144470215,0.925048828,-0.345825195,0.061706543,-0.09765625,-0.28125,-0.203125,-1.9375,-5.8984375,-7.1328125,-0.044921875,-0.732421875,0.537109375
209,2046230,2346230,0.145507812,0.924499512,-0.346008301,0.0663452148,-0.09765625,-0.28125,-0.203125,-1.9375,-5.8984375,-7.1328125,-0.060546875,-0.837890625,0.55078125
210,2049219,2349219,0.14654541,0.923950195,-0.346130371,0.0712280273,-0.19140625,-0.19140625,-0.37890625,-2.109375,-5.875,-7.109375,-0.060546875,-0.837890625,0.55078125
211,2062441,2362441,0.147644043,0.923217773,-0.346313477,0.0766601562,-0.19140625,-0.19140625,-0.37890625,-2.109375,-5.875,-7.109375,-0.046875,-0.9140625,0.58203125
212,2069372,2369372,0.148742676,0.922485352,-0.346618652,0.08203125,-0.12109375,-0.30078125,-0.37890625,-2.296875,-5.84375,-7.0703125,-0.046875,-0.9140625,0.58203125
213,2082762,2382762,0.149841309,0.921691895,-0.346984863,0.0872192383,-0.12109375,-0.30078125,-0.37890625,-2.296875,-5.84375,-7.0703125,0.005859375,-0.98828125,0.62109375
214,2088564,2388564,0.151000977,0.920715332,-0.347595215,0.0932006836,-0.22265625,-0.375,-0.34375,-2.5,-5.8046875,-7.03125,0.005859375,-0.98828125,0.62109375
215,2102186,2402186,0.152160645,0.919677734,-0.348266602,0.0989990234,-0.22265625,-0.375,-0.34375,-2.5,-5.8046875,-7.03125,0.04296875,-1.04882812,0.630859375
216,2116503,2416503,0.153198242,0.918579102,-0.348937988,0.104919434,-0.08203125,-0.171875,-0.2421875,-2.71875,-5.78125,-6.9765625,0.04296875,-1.04882812,0.630859375
217,2119050,2419050,0.154174805,0.917480469,-0.349609375,0.110778809,-0.08203125,-0.171875,-0.2421875,-2.71875,-5.78125,-6.9765625,0.0625,-1.11328125,0.6328125
218,2128021,2428021,0.155212402,0.916137695,-0.350524902,0.1171875,-0.0546875,-0.125,-0.26953125,-2.9375,-5.75,-6.9140625,0.0625,-1.11328125,0.6328125
219,2143105,2443105,0.15625,0.914794922,-0.351501465,0.123352051,-0.0546875,-0.125,-0.26953125,-2.9375,-5.75,-6.9140625,0.10546875,-1.1328125,0.6484375
220,2149179,2449179,0.157287598,0.913330078,-0.352539062,0.129638672,0.02734375,-0.1484375,-0.046875,-3.171875,-5.7265625,-6.828125,0.10546875,-1.1328125,0.6484375
221,2163159,2463159,0.158325195,0.911865234,-0.35357666,0.135864258,0.02734375,-0.1484375,-0.046875,-3.171875,-5.7265625,-6.828125,0.134765625,-1.13671875,0.642578125
222,2169348,2469348,0.159301758,0.91027832,-0.354675293,0.142089844,0.0234375,-0.41015625,0.1328125,-3.3984375,-5.6953125,-6.7421875,0.134765625,-1.13671875,0.642578125
223,2182197,2482197,0.160217285,0.908691406,-0.355895996,0.148193359,0.0234375,-0.41015625,0.1328125,-3.3984375,-5.6953125,-6.7421875,0.1796875,-1.14453125,0.603515625
224,2193649,2493649,0.161010742,0.906982422,-0.35723877,0.154296875,0.08984375,-0.2734375,0.26953125,-3.6171875,-5.6796875,-6.6484375,0.1796875,-1.14453125,0.603515625
225,2204120,2504120,0.161743164,0.905334473,-0.358520508,0.160095215,0.08984375,-0.2734375,0.26953125,-3.6171875,-5.6796875,-6.6484375,0.205078125,-1.13476562,0.5703125
226,2207717,2507717,0.162414551,0.903625488,-0.359985352,0.16595459,0.26953125,-0.2578125,0.3984375,-3.8359375,-5.65625,-6.546875,0.205078125,-1.13476562,0.5703125
227,2227242,2527242,0.162963867,0.901733398,-0.36151123,0.171936035,0.26953125,-0.2578125,0.3984375,-3.8359375,-5.65625,-6.546875,0.236328125,-1.11328125,0.517578125
228,2228716,2528716,0.163452148,0.899963379,-0.363098145,0.17767334,0.328125,-0.07421875,0.2421875,-4.046875,-5.6484375,-6.4296875,0.236328125,-1.11328125,0.517578125
229,2243990,2543990,0.16394043,0.898132324,-0.364562988,0.183227539,0.328125,-0.07421875,0.2421875,-4.046875,-5.6484375,-6.4296875,0.21875,-1.08007812,0.486328125
230,2247633,2547633,0.164306641,0.89642334,-0.365905762,0.188537598,0.41015625,0.29296875,0.125,-4.2421875,-5.6328125,-6.3125,0.21875,-1.08007812,0.486328125
231,2267069,2567069,0.164733887,0.89465332,-0.3671875,0.194030762,0.41015625,0.29296875,0.125,-4.2421875,-5.6328125,-6.3125,0.189453125,-1.01367188,0.474609375
232,2275461,2575461,0.165222168,0.892883301,-0.368408203,0.199279785,0.44140625,0.40234375,-0.01953125,-4.4296875,-5.625,-6.203125,0.189453125,-1.01367188,0.474609375
233,2285265,2585265,0.165710449,0.891296387,-0.369384766,0.204162598,0.44140625,0.40234375,-0.01953125,-4.4296875,-5.625,-6.203125,0.13671875,-0.97265625,0.490234375
234,2288883,2588883,0.166259766,0.889648438,-0.370178223,0.209350586,0.15625,0.53125,-0.0546875,-4.6015625,-5.6015625,-6.09375,0.13671875,-0.97265625,0.490234375
235,2308201,2608201,0.166809082,0.888000488,-0.370849609,0.214660645,0.15625,0.53125,-0.0546875,-4.6015625,-5.6015625,-6.09375,0.080078125,-0.95703125,0.509765625
236,2312288,2612288,0.167358398,0.886413574,-0.371459961,0.219726562,0.09765625,0.421875,-0.1171875,-4.7734375,-5.5703125,-5.9921875,0.080078125,-0.95703125,0.509765625
237,2323892,2623892,0.16796875,0.88482666,-0.371948242,0.22479248,0.09765625,0.421875,-0.1171875,-4.7734375,-5.5703125,-5.9921875,0.048828125,-0.9375,0.515625
238,2328555,2628555,0.168518066,0.883300781,-0.372314453,0.229614258,0,0.18359375,-0.02734375,-4.9453125,-5.5234375,-5.890625,0.048828125,-0.9375,0.515625
239,2342186,2642186,0.169189453,0.881713867,-0.372680664,0.234741211,0,0.18359375,-0.02734375,-4.9453125,-5.5234375,-5.890625,0.0390625,-0.896484375,0.501953125
240,2351638,2651638,0.169677734,0.880249023,-0.37298584,0.239257812,0.05078125,0.1015625,0.03125,-5.109375,-5.4765625,-5.796875,0.0390625,-0.896484375,0.501953125
241,2364248,2664248,0.170166016,0.878723145,-0.37322998,0.24420166,0.05078125,0.1015625,0.03125,-5.109375,-5.4765625,-5.796875,0.009765625,-0.85546875,0.4609375
242,2367968,2667968,0.170532227,0.877319336,-0.373413086,0.248535156,0.08203125,0.0546875,0.015625,-5.2578125,-5.4296875,-5.703125,0.009765625,-0.85546875,0.4609375
243,2381196,2681196,0.170959473,0.875854492,-0.373596191,0.253112793,0.08203125,0.0546875,0.015625,-5.2578125,-5.4296875,-5.703125,0,-0.806640625,0.427734375
244,2387215,2687215,0.171264648,0.874511719,-0.373779297,0.257202148,0.109375,0.0078125,-0.00390625,-5.3984375,-5.3828125,-5.609375,0,-0.806640625,0.427734375
245,2400348,2700348,0.171691895,0.873046875,-0.374084473,0.26159668,0.109375,0.0078125,-0.00390625,-5.3984375,-5.3828125,-5.609375,0.05078125,-0.783203125,0.400390625
246,2407636,2707636,0.17199707,0.871520996,-0.374511719,0.265625,0.1328125,-0.1875,0.1015625,-5.5390625,-5.34375,-5.5234375,0.05078125,-0.783203125,0.400390625
247,2421953,2721953,0.172302246,0.870117188,-0.37512207,0.269348145,0.1328125,-0.1875,0.1015625,-5.5390625,-5.34375,-5.5234375,0.109375,-0.724609375,0.345703125
248,2432508,2732508,0.172485352,0.868591309,-0.375732422,0.273193359,0.12890625,-0.0625,0.0078125,-5.6484375,-5.3125,-5.4296875,0.109375,-0.724609375,0.345703125
249,2443644,2743644,0.172546387,0.86730957,-0.376220703,0.276428223,0.12890625,-0.0625,0.0078125,-5.6484375,-5.3125,-5.4296875,0.060546875,-0.697265625,0.275390625
250,2447260,2747260,0.172485352,0.866027832,-0.376647949,0.279907227,0.0078125,0.33203125,0,-5.7578125,-5.2890625,-5.34375,0.060546875,-0.697265625,0.275390625
251,2460959,2760959,0.172363281,0.864868164,-0.376953125,0.283203125,0.0078125,0.33203125,0,-5.7578125,-5.2890625,-5.34375,0.01953125,-0.623046875,0.251953125
252,2467086,2767086,0.172302246,0.863769531,-0.377258301,0.286254883,0.109375,0.1875,-0.0078125,-5.859375,-5.2578125,-5.2578125,0.01953125,-0.623046875,0.251953125
253,2479617,2779617,0.172363281,0.862731934,-0.377502441,0.289001465,0.109375,0.1875,-0.0078125,-5.859375,-5.2578125,-5.2578125,0.03515625,-0.517578125,0.224609375
254,2486510,2786510,0.172424316,0.861755371,-0.377746582,0.291503906,-0.00390625,0.05078125,0.00390625,-5.9375,-5.234375,-5.1953125,0.03515625,-0.517578125,0.224609375
255,2500917,2800917,0.172485352,0.860900879,-0.377990723,0.293579102,-0.00390625,0.05078125,0.00390625,-5.9375,-5.234375,-5.1953125,0.04296875,-0.40234375,0.185546875
256,2512874,2812874,0.172607422,0.860107422,-0.378295898,0.295532227,-0.046875,0.09375,0.05859375,-6.0078125,-5.203125,-5.1328125,0.04296875,-0.40234375,0.185546875
257,2524285,2824285,0.172668457,0.859436035,-0.378479004,0.297119141,-0.046875,0.09375,0.05859375,-6.0078125,-5.203125,-5.1328125,0.03515625,-0.302734375,0.12890625
258,2527892,2827892,0.172607422,0.858886719,-0.378662109,0.298522949,-0.15234375,0.15625,0.0859375,-6.0546875,-5.1875,-5.0859375,0.03515625,-0.302734375,0.12890625
259,2541499,2841499,0.172607422,0.858520508,-0.37878418,0.299560547,-0.15234375,0.15625,0.0859375,-6.0546875,-5.1875,-5.0859375,0,-0.177734375,0.06640625
260,2549365,2849365,0.172546387,0.858215332,-0.37878418,0.300231934,-0.078125,0.0703125,0.0546875,-6.09375,-5.1796875,-5.0546875,0,-0.177734375,0.06640625
261,2561961,2861961,0.172607422,0.858093262,-0.378845215,0.30065918,-0.078125,0.0703125,0.0546875,-6.09375,-5.1796875,-5.0546875,0.005859375,-0.0390625,0.02734375
262,2565680,2865680,0.172668457,0.858093262,-0.378845215,0.30065918,-0.0625,0.140625,0.0390625,-6.109375,-5.171875,-5.0390625,0.005859375,-0.0390625,0.02734375
263,2583640,2883640,0.172790527,0.858154297,-0.378845215,0.300292969,-0.0625,0.140625,0.0390625,-6.109375,-5.171875,-5.0390625,0.021484375,0.107421875,-0.0234375
264,2592224,2892224,0.172912598,0.858337402,-0.37890625,0.299621582,-0.0234375,0.140625,0.15625,-6.109375,-5.171875,-5.0390625,0.021484375,0.107421875,-0.0234375
265,2601982,2901982,0.173034668,0.858703613,-0.37890625,0.298583984,-0.0234375,0.140625,0.15625,-6.109375,-5.171875,-5.0390625,0.03515625,0.24609375,-0.0859375
266,2605708,2905708,0.173156738,0.859130859,-0.37902832,0.297180176,-0.046875,0.078125,0.24609375,-6.0859375,-5.1875,-5.0546875,0.03515625,0.24609375,-0.0859375
267,2623676,2923676,0.173156738,0.859680176,-0.379089355,0.295349121,-0.046875,0.078125,0.24609375,-6.0859375,-5.1875,-5.0546875,0.03125,0.36328125,-0.166015625
268,2627893,2927893,0.173156738,0.860412598,-0.379150391,0.293212891,0.05859375,0.2109375,0.2109375,-6.0390625,-5.203125,-5.09375,0.03125,0.36328125,-0.166015625
269,2639999,2939999,0.173095703,0.86126709,-0.379150391,0.290710449,0.05859375,0.2109375,0.2109375,-6.0390625,-5.203125,-5.09375,0.0078125,0.505859375,-0.25
270,2646652,2946652,0.172973633,0.862243652,-0.379089355,0.287841797,0.10546875,0.1640625,0.296875,-5.96875,-5.234375,-5.140625,0.0078125,0.505859375,-0.25
271,2663532,2963532,0.172851562,0.863342285,-0.379089355,0.284790039,0.10546875,0.1640625,0.296875,-5.96875,-5.234375,-5.140625,0.017578125,0.642578125,-0.32421875
272,2671666,2971666,0.172607422,0.864562988,-0.379089355,0.281066895,0.25,-0.03515625,0.2421875,-5.8828125,-5.265625,-5.203125,0.017578125,0.642578125,-0.32421875
273,2682177,2982177,0.172424316,0.865844727,-0.379150391,0.277099609,0.25,-0.03515625,0.2421875,-5.8828125,-5.265625,-5.203125,0.041015625,0.787109375,-0.416015625
274,2687636,2987636,0.172119141,0.867248535,-0.379211426,0.272827148,0.1328125,0.01171875,0.17578125,-5.765625,-5.3125,-5.2890625,0.041015625,0.787109375,-0.416015625
275,2703253,3003253,0.17175293,0.868774414,-0.379211426,0.268127441,0.1328125,0.01171875,0.17578125,-5.765625,-5.3125,-5.2890625,0.025390625,0.892578125,-0.49609375
276,2707373,3007373,0.171264648,0.870483398,-0.379211426,0.262939453,0.03515625,0.21875,0.109375,-5.6328125,-5.3671875,-5.375,0.025390625,0.892578125,-0.49609375
277,2721023,3021023,0.170715332,0.872192383,-0.379089355,0.2578125,0.03515625,0.21875,0.109375,-5.6328125,-5.3671875,-5.375,0,0.970703125,-0.541015625
278,2725817,3025817,0.170227051,0.873840332,-0.37890625,0.252685547,0.02734375,0.20703125,0.1796875,-5.46875,-5.4296875,-5.484375,0,0.970703125,-0.541015625
279,2741500,3041500,0.169616699,0.875793457,-0.378662109,0.246704102,0.02734375,0.20703125,0.1796875,-5.46875,-5.4296875,-5.484375,-0.02734375,1.04492188,-0.578125
280,2749796,3049796,0.169006348,0.877502441,-0.378356934,0.241394043,0.0078125,0.26171875,0.01953125,-5.296875,-5.484375,-5.59375,-0.02734375,1.04492188,-0.578125
281,2758535,3058535,0.168334961,0.879516602,-0.377868652,0.235290527,0.0078125,0.26171875,0.01953125,-5.296875,-5.484375,-5.59375,-0.0703125,1.11523438,-0.611328125
282,2765152,3065152,0.167663574,0.881530762,-0.377258301,0.229064941,-0.02734375,0.27734375,0.0234375,-5.109375,-5.5390625,-5.7109375,-0.0703125,1.11523438,-0.611328125
283,2782530,3082530,0.167053223,0.883544922,-0.376586914,0.222839355,-0.02734375,0.27734375,0.0234375,-5.109375,-5.5390625,-5.7109375,-0.08984375,1.18164062,-0.625
284,2786663,3086663,0.166442871,0.885375977,-0.375976562,0.216796875,0.078125,-0.05078125,-0.00390625,-4.90625,-5.59375,-5.8359375,-0.08984375,1.18164062,-0.625
285,2799566,3099566,0.165893555,0.887329102,-0.375488281,0.210021973,0.078125,-0.05078125,-0.00390625,-4.90625,-5.59375,-5.8359375,-0.021484375,1.1953125,-0.6171875
286,2806900,3106900,0.165344238,0.889099121,-0.375061035,0.203613281,-0.01953125,-0.11328125,-0.04296875,-4.6953125,-5.6484375,-5.953125,-0.021484375,1.1953125,-0.6171875
287,2822604,3122604,0.164794922,0.890869141,-0.374572754,0.197143555,-0.01953125,-0.11328125,-0.04296875,-4.6953125,-5.6484375,-5.953125,-0.03515625,1.1875,-0.62890625
288,2832356,3132356,0.16418457,0.892578125,-0.374023438,0.190856934,0.0390625,0.2890625,-0.0390625,-4.484375,-5.703125,-6.0703125,-0.03515625,1.1875,-0.62890625
289,2842596,3142596,0.163513184,0.894348145,-0.373291016,0.184692383,0.0390625,0.2890625,-0.0390625,-4.484375,-5.703125,-6.0703125,-0.103515625,1.16210938,-0.6171875
290,2847014,3147014,0.162780762,0.896179199,-0.372253418,0.178161621,-0.01953125,0.296875,-0.08984375,-4.2734375,-5.75,-6.171875,-0.103515625,1.16210938,-0.6171875
291,2862800,3162800,0.16204834,0.898010254,-0.37109375,0.17199707,-0.01953125,0.296875,-0.08984375,-4.2734375,-5.75,-6.171875,-0.181640625,1.14648438,-0.599609375
292,2868230,3168230,0.161315918,0.899780273,-0.369934082,0.165893555,0.09765625,-0.0234375,-0.05859375,-4.046875,-5.7734375,-6.28125,-0.181640625,1.14648438,-0.599609375
293,2880350,3180350,0.160705566,0.901489258,-0.368774414,0.159729004,0.09765625,-0.0234375,-0.05859375,-4.046875,-5.7734375,-6.28125,-0.130859375,1.1640625,-0.58984375
294,2884074,3184074,0.160095215,0.903015137,-0.367858887,0.153686523,0.1171875,-0.23046875,-0.015625,-3.8359375,-5.796875,-6.3984375,-0.130859375,1.1640625,-0.58984375
295,2903436,3203436,0.159484863,0.904541016,-0.36706543,0.147155762,0.1171875,-0.23046875,-0.015625,-3.8359375,-5.796875,-6.3984375,-0.052734375,1.17773438,-0.6015625
296,2912316,3212316,0.158874512,0.905944824,-0.366333008,0.14074707,0.12890625,-0.0859375,-0.26953125,-3.6171875,-5.828125,-6.4921875,-0.052734375,1.17773438,-0.6015625
297,2922075,3222075,0.15826416,0.907348633,-0.365539551,0.134399414,0.12890625,-0.0859375,-0.26953125,-3.6171875,-5.828125,-6.4921875,-0.068359375,1.15429688,-0.591796875
298,2926574,3226574,0.157653809,0.908630371,-0.364807129,0.128356934,0.0546875,0.10546875,-0.14453125,-3.390625,-5.8671875,-6.578125,-0.068359375,1.15429688,-0.591796875
299,2942477,3242477,0.156921387,0.909851074,-0.364074707,0.122253418,0.0546875,0.10546875,-0.14453125,-3.390625,-5.8671875,-6.578125,-0.04296875,1.078125,-0.58203125
300,2947360,3247360,0.156188965,0.911010742,-0.36340332,0.116394043,-0.078125,-0.08984375,-0.14453125,-3.1796875,-5.8984375,-6.65625,-0.04296875,1.078125,-0.58203125
301,2958635,3258635,0.155395508,0.912109375,-0.362854004,0.110778809,-0.078125,-0.08984375,-0.14453125,-3.1796875,-5.8984375,-6.65625,-0.01171875,0.986328125,-0.576171875
302,2965241,3265241,0.154541016,0.913024902,-0.362304688,0.105651855,-0.21484375,-0.17578125,-0.1484375,-2.96875,-5.9296875,-6.7265625,-0.01171875,0.986328125,-0.576171875
303,2982947,3282947,0.153503418,0.9140625,-0.361694336,0.100280762,-0.21484375,-0.17578125,-0.1484375,-2.96875,-5.9296875,-6.7265625,-0.05078125,0.876953125,-0.560546875
304,2990696,3290696,0.15246582,0.915039062,-0.361022949,0.0953979492,-0.2578125,-0.02734375,-0.1328125,-2.7734375,-5.9609375,-6.78125,-0.05078125,0.876953125,-0.560546875
305,3000734,3300734,0.151489258,0.91595459,-0.360412598,0.0908203125,-0.2578125,-0.02734375,-0.1328125,-2.7734375,-5.9609375,-6.78125,-0.0625,0.8046875,-0.521484375
306,3004453,3304453,0.15057373,0.916748047,-0.359802246,0.0864257812,-0.234375,-0.12890625,-0.15625,-2.6015625,-5.9765625,-6.8359375,-0.0625,0.8046875,-0.521484375
307,3021534,3321534,0.149597168,0.917541504,-0.35925293,0.0816650391,-0.234375,-0.12890625,-0.15625,-2.6015625,-5.9765625,-6.8359375,-0.005859375,0.771484375,-0.498046875
308,3026708,3326708,0.148681641,0.918151855,-0.358947754,0.0773925781,-0.0625,-0.21875,0.0078125,-2.4296875,-6,-6.8828125,-0.005859375,0.771484375,-0.498046875
309,3038883,3338883,0.147705078,0.918762207,-0.358703613,0.0729370117,-0.0625,-0.21875,0.0078125,-2.4296875,-6,-6.8828125,0.041015625,0.759765625,-0.51953125
310,3044071,3344071,0.146728516,0.919372559,-0.358520508,0.0686645508,0.0390625,0.03515625,-0.0390625,-2.265625,-6.0234375,-6.9140625,0.041015625,0.759765625,-0.51953125
311,3061025,3361025,0.145568848,0.920043945,-0.358154297,0.0639648438,0.0390625,0.03515625,-0.0390625,-2.265625,-6.0234375,-6.9140625,-0.03515625,0.7578125,-0.541015625
312,3069663,3369663,0.144470215,0.920776367,-0.357421875,0.059753418,0.25,0.44921875,-0.046875,-2.09375,-6.0546875,-6.9453125,-0.03515625,0.7578125,-0.541015625
313,3079731,3379731,0.143432617,0.921569824,-0.356445312,0.0559082031,0.25,0.44921875,-0.046875,-2.09375,-6.0546875,-6.9453125,-0.173828125,0.6953125,-0.47265625
314,3083460,3383460,0.14251709,0.922363281,-0.355285645,0.051940918,0.2109375,0.1015625,-0.19921875,-1.9375,-6.0546875,-6.984375,-0.173828125,0.6953125,-0.47265625
315,3101368,3401368,0.141784668,0.923095703,-0.354309082,0.0479736328,0.2109375,0.1015625,-0.19921875,-1.9375,-6.0546875,-6.984375,-0.08203125,0.669921875,-0.40234375
316,3105107,3405107,0.141052246,0.923583984,-0.353759766,0.0443115234,0.015625,-0.5859375,-0.15234375,-1.78125,-6.0546875,-7.03125,-0.08203125,0.669921875,-0.40234375
317,3118649,3418649,0.140319824,0.923950195,-0.353515625,0.0408325195,0.015625,-0.5859375,-0.15234375,-1.78125,-6.0546875,-7.03125,0.03515625,0.583984375,-0.400390625
318,3122389,3422389,0.139526367,0.924255371,-0.353271484,0.0375976562,-0.0859375,-0.30859375,-0.12890625,-1.640625,-6.0625,-7.0546875,0.03515625,0.583984375,-0.400390625
319,3139342,3439342,0.138549805,0.924743652,-0.352844238,0.0344238281,-0.0859375,-0.30859375,-0.12890625,-1.640625,-6.0625,-7.0546875,-0.072265625,0.49609375,-0.39453125
320,3147592,3447592,0.137634277,0.925231934,-0.352172852,0.0316162109,0.140625,0.203125,-0.07421875,-1.5234375,-6.078125,-7.0703125,-0.072265625,0.49609375,-0.39453125
321,3159003,3459003,0.13671875,0.925720215,-0.35144043,0.0286254883,0.140625,0.203125,-0.07421875,-1.5234375,-6.078125,-7.0703125,-0.099609375,0.501953125,-0.365234375
322,3162735,3462735,0.135986328,0.926208496,-0.350708008,0.0258178711,0.29296875,0.01171875,-0.05078125,-1.40625,-6.078125,-7.09375,-0.099609375,0.501953125,-0.365234375
323,3179289,3479289,0.135192871,0.926635742,-0.350097656,0.0227050781,0.29296875,0.01171875,-0.05078125,-1.40625,-6.078125,-7.09375,-0.048828125,0.5390625,-0.3515625
324,3183022,3483022,0.13458252,0.926940918,-0.349609375,0.0198364258,0.25,-0.109375,0.203125,-1.2890625,-6.0703125,-7.1171875,-0.048828125,0.5390625,-0.3515625
325,3197865,3497865,0.133850098,0.927246094,-0.349304199,0.0167236328,0.25,-0.109375,0.203125,-1.2890625,-6.0703125,-7.1171875,0.01953125,0.4921875,-0.33203125
326,3202899,3502899,0.133178711,0.927490234,-0.349060059,0.0140991211,0.2109375,0.08984375,0.1796875,-1.171875,-6.078125,-7.1328125,0.01953125,0.4921875,-0.33203125
327,3219722,3519722,0.132446289,0.927734375,-0.348754883,0.0115966797,0.2109375,0.08984375,0.1796875,-1.171875,-6.078125,-7.1328125,-0.03125,0.37890625,-0.3046875
328,3228494,3528494,0.131713867,0.928039551,-0.348327637,0.00952148438,0.1484375,0.171875,0.12109375,-1.0703125,-6.0859375,-7.1484375,-0.03125,0.37890625,-0.3046875
329,3238080,3538080,0.131103516,0.928283691,-0.347900391,0.00775146484,0.1484375,0.171875,0.12109375,-1.0703125,-6.0859375,-7.1484375,-0.0625,0.27734375,-0.2109375
330,3241684,3541684,0.130981445,0.928527832,-0.347290039,0.00689697266,-0.3515625,-0.05859375,0.05078125,-0.9921875,-6.0859375,-7.15625,-0.0625,0.27734375,-0.2109375
331,3259410,3559410,0.131347656,0.928833008,-0.346374512,0.00787353516,-0.3515625,-0.05859375,0.05078125,-0.9921875,-6.0859375,-7.15625,-0.234375,-0.32421875,0.21484375
332,3263020,3563020,0.131652832,0.929016113,-0.345703125,0.0100708008,-2.45703125,-0.88671875,-1.53515625,-0.9921875,-6.0625,-7.1796875,-0.234375,-0.32421875,0.21484375
333,3275251,3575251,0.132141113,0.929321289,-0.344665527,0.0120239258,-2.45703125,-0.88671875,-1.53515625,-0.9921875,-6.0625,-7.1796875,-0.337890625,-0.13671875,0.236328125
334,3282535,3582535,0.133300781,0.929626465,-0.343261719,0.0127563477,2.29296875,-0.88671875,0.203125,-1.0703125,-6.0234375,-7.1953125,-0.337890625,-0.13671875,0.236328125
335,3296561,3596561,0.134643555,0.92956543,-0.342956543,0.0128173828,2.29296875,-0.88671875,0.203125,-1.0703125,-6.0234375,-7.1953125,0.146484375,0.087890625,0.251953125
336,3304470,3604470,0.135742188,0.928955078,-0.344177246,0.012878418,-0.86328125,-2.52734375,-0.578125,-1.09375,-5.9921875,-7.21875,0.146484375,0.087890625,0.251953125
337,3316192,3616192,0.135986328,0.928222656,-0.345947266,0.0133056641,-0.86328125,-2.52734375,-0.578125,-1.09375,-5.9921875,-7.21875,0.365234375,-0.220703125,0.02734375
338,3322164,3622164,0.135559082,0.927856445,-0.347106934,0.0144042969,-0.33984375,1.3828125,0.3125,-1.1171875,-6.03125,-7.1875,0.365234375,-0.220703125,0.02734375
339,3338945,3638945,0.135192871,0.927978516,-0.346923828,0.015625,-0.33984375,1.3828125,0.3125,-1.1171875,-6.03125,-7.1875,-0.208984375,-0.2109375,0.037109375
340,3342677,3642677,0.135192871,0.928283691,-0.345947266,0.0167236328,0.65625,1.93359375,-0.39453125,-1.15625,-6.046875,-7.171875,-0.208984375,-0.2109375,0.037109375
341,3355724,3655724,0.135559082,0.928588867,-0.344909668,0.0180053711,0.65625,1.93359375,-0.39453125,-1.15625,-6.046875,-7.171875,-0.171875,-0.189453125,0.17578125
342,3362529,3662529,0.136108398,0.928527832,-0.344787598,0.0194702148,-0.30078125,-0.94140625,0.05078125,-1.1953125,-6.0078125,-7.1953125,-0.171875,-0.189453125,0.17578125
343,3375446,3675446,0.13684082,0.928100586,-0.345581055,0.0212402344,-0.30078125,-0.94140625,0.05078125,-1.1953125,-6.0078125,-7.1953125,0.197265625,-0.330078125,0.296875
344,3387540,3687540,0.137756348,0.927490234,-0.346679688,0.0231933594,-0.1640625,-0.2890625,0.08203125,-1.2578125,-6.0078125,-7.1875,0.197265625,-0.330078125,0.296875
345,3396133,3696133,0.138671875,0.927001953,-0.347595215,0.0252075195,-0.1640625,-0.2890625,0.08203125,-1.2578125,-6.0078125,-7.1875,0.11328125,-0.34765625,0.353515625
346,3401169,3701169,0.139770508,0.926574707,-0.348022461,0.0275878906,0.16015625,0.41796875,0.1640625,-1.3515625,-6.0234375,-7.15625,0.11328125,-0.34765625,0.353515625
347,3415948,3715948,0.140808105,0.926452637,-0.347839355,0.0301513672,0.16015625,0.41796875,0.1640625,-1.3515625,-6.0234375,-7.15625,-0.13671875,-0.4296875,0.392578125
348,3423616,3723616,0.141906738,0.926330566,-0.347351074,0.033203125,-0.00390625,0.32421875,0.04296875,-1.453125,-6.0078125,-7.1484375,-0.13671875,-0.4296875,0.392578125
349,3435811,3735811,0.143188477,0.926269531,-0.346679688,0.0366210938,-0.00390625,0.32421875,0.04296875,-1.453125,-6.0078125,-7.1484375,-0.216796875,-0.568359375,0.509765625
350,3440847,3740847,0.144592285,0.926086426,-0.346130371,0.0404663086,0.04296875,-0.28125,-0.0625,-1.578125,-5.9765625,-7.15625,-0.216796875,-0.568359375,0.509765625
351,3457792,3757792,0.146118164,0.92578125,-0.345825195,0.0445556641,0.04296875,-0.28125,-0.0625,-1.578125,-5.9765625,-7.15625,-0.1171875,-0.673828125,0.591796875
352,3466285,3766285,0.147583008,0.925415039,-0.345703125,0.0487060547,0.11328125,-0.43359375,-0.25390625,-1.7265625,-5.9375,-7.15625,-0.1171875,-0.673828125,0.591796875
353,3475279,3775279,0.149047852,0.924926758,-0.34564209,0.0532226562,0.11328125,-0.43359375,-0.25390625,-1.7265625,-5.9375,-7.15625,-0.083984375,-0.76171875,0.609375
354,3482192,3782192,0.15057373,0.924377441,-0.345703125,0.0581665039,-0.09765625,-0.24609375,-0.38671875,-1.8984375,-5.8984375,-7.140625,-0.083984375,-0.76171875,0.609375
355,3496764,3796764,0.151977539,0.923706055,-0.345825195,0.0633544922,-0.09765625,-0.24609375,-0.38671875,-1.8984375,-5.8984375,-7.140625,-0.06640625,-0.923828125,0.640625
356,3500367,3800367,0.153198242,0.923034668,-0.346130371,0.0687866211,-0.19921875,-0.3203125,-0.2578125,-2.1015625,-5.859375,-7.1171875,-0.06640625,-0.923828125,0.640625
357,3517741,3817741,0.15447998,0.922180176,-0.346496582,0.0752563477,-0.19921875,-0.3203125,-0.2578125,-2.1015625,-5.859375,-7.1171875,-0.041015625,-1.12109375,0.6875
358,3521344,3821344,0.155639648,0.921264648,-0.346984863,0.0815429688,-0.25,-0.4296875,-0.5234375,-2.3203125,-5.828125,-7.078125,-0.041015625,-1.12109375,0.6875
359,3536606,3836606,0.156860352,0.920166016,-0.34753418,0.0885620117,-0.25,-0.4296875,-0.5234375,-2.3203125,-5.828125,-7.078125,-0.02734375,-1.24609375,0.724609375
360,3545078,3845078,0.15802002,0.919128418,-0.348083496,0.0953369141,-0.23046875,-0.35546875,-0.578125,-2.5703125,-5.7890625,-7.0234375,-0.02734375,-1.24609375,0.724609375
361,3557425,3857425,0.159301758,0.917724609,-0.348937988,0.103088379,-0.23046875,-0.35546875,-0.578125,-2.5703125,-5.7890625,-7.0234375,0.052734375,-1.33789062,0.76953125
362,3561025,3861025,0.160461426,0.916320801,-0.349975586,0.110168457,-0.26953125,-0.46875,-0.421875,-2.8359375,-5.75,-6.953125,0.052734375,-1.33789062,0.76953125
363,3577801,3877801,0.161804199,0.914489746,-0.351501465,0.118103027,-0.26953125,-0.46875,-0.421875,-2.8359375,-5.75,-6.953125,0.220703125,-1.41601562,0.810546875
364,3581955,3881955,0.163085938,0.912597656,-0.353210449,0.125610352,-0.02734375,-0.38671875,-0.4296875,-3.1171875,-5.71875,-6.8671875,0.220703125,-1.41601562,0.810546875
365,3597551,3897551,0.164367676,0.910522461,-0.355041504,0.133666992,-0.02734375,-0.38671875,-0.4296875,-3.1171875,-5.71875,-6.8671875,0.240234375,-1.45898438,0.794921875
366,3601157,3901157,0.165527344,0.908508301,-0.356689453,0.141296387,-0.0078125,0.05859375,-0.2109375,-3.40625,-5.703125,-6.7421875,0.240234375,-1.45898438,0.794921875
367,3614454,3914454,0.166625977,0.90637207,-0.358276367,0.149658203,-0.0078125,0.05859375,-0.2109375,-3.40625,-5.703125,-6.7421875,0.158203125,-1.50390625,0.791015625
368,3622791,3922791,0.167541504,0.90435791,-0.359558105,0.157348633,0.08984375,0.1484375,-0.15234375,-3.6953125,-5.6796875,-6.609375,0.158203125,-1.50390625,0.791015625
369,3635193,3935193,0.168579102,0.902160645,-0.360900879,0.165649414,0.08984375,0.1484375,-0.15234375,-3.6953125,-5.6796875,-6.609375,0.162109375,-1.4765625,0.78125
370,3641828,3941828,0.169494629,0.900024414,-0.362182617,0.173217773,0.10546875,-0.08203125,-0.015625,-3.9765625,-5.640625,-6.4765625,0.162109375,-1.4765625,0.78125
371,3655107,3955107,0.170532227,0.897705078,-0.363647461,0.181213379,0.10546875,-0.08203125,-0.015625,-3.9765625,-5.640625,-6.4765625,0.189453125,-1.4375,0.75
372,3661851,3961851,0.171386719,0.895507812,-0.364990234,0.188415527,0.1875,-0.04296875,0.00390625,-4.25,-5.6015625,-6.34375,0.189453125,-1.4375,0.75
373,3676509,3976509,0.172302246,0.893127441,-0.366394043,0.195983887,0.1875,-0.04296875,0.00390625,-4.25,-5.6015625,-6.34375,0.201171875,-1.35351562,0.697265625
374,3680243,3980243,0.173034668,0.890930176,-0.367675781,0.202697754,0.21484375,0.109375,0.0859375,-4.5078125,-5.5625,-6.1953125,0.201171875,-1.35351562,0.697265625
375,3694008,3994008,0.173828125,0.88861084,-0.36895752,0.209838867,0.21484375,0.109375,0.0859375,-4.5078125,-5.5625,-6.1953125,0.166015625,-1.27539062,0.654296875
376,3702226,4002226,0.174560547,0.886413574,-0.370056152,0.216491699,0.296875,0.18359375,0.10546875,-4.7421875,-5.5234375,-6.0625,0.166015625,-1.27539062,0.654296875
377,3713760,4013760,0.175170898,0.884399414,-0.371032715,0.222473145,0.296875,0.18359375,0.10546875,-4.7421875,-5.5234375,-6.0625,0.12890625,-1.17382812,0.599609375
378,3719731,4019731,0.17578125,0.882263184,-0.371948242,0.228820801,0.31640625,0.3671875,0.125,-4.953125,-5.4765625,-5.9296875,0.12890625,-1.17382812,0.599609375
379,3733258,4033258,0.176391602,0.880310059,-0.372741699,0.234558105,0.31640625,0.3671875,0.125,-4.953125,-5.4765625,-5.9296875,0.1015625,-1.06445312,0.560546875
380,3739225,4039225,0.176940918,0.878417969,-0.373413086,0.24005127,0.40234375,0.3671875,0.19140625,-5.15625,-5.4375,-5.8046875,0.1015625,-1.06445312,0.560546875
381,3753118,4053118,0.177490234,0.876647949,-0.373962402,0.245300293,0.40234375,0.3671875,0.19140625,-5.15625,-5.4375,-5.8046875,0.072265625,-0.951171875,0.501953125
382,3759087,4059087,0.177978516,0.874938965,-0.374511719,0.25012207,0.19140625,0.16796875,0.19140625,-5.328125,-5.390625,-5.6875,0.072265625,-0.951171875,0.501953125
383,3775425,4075425,0.178405762,0.873291016,-0.375061035,0.254699707,0.19140625,0.16796875,0.19140625,-5.328125,-5.390625,-5.6875,0.07421875,-0.83984375,0.4296875
384,3784490,4084490,0.178771973,0.871765137,-0.375549316,0.258789062,0.1484375,0.234375,0.203125,-5.4765625,-5.34375,-5.5859375,0.07421875,-0.83984375,0.4296875
385,3792938,4092938,0.179016113,0.870300293,-0.376159668,0.262695312,0.1484375,0.234375,0.203125,-5.4765625,-5.34375,-5.5859375,0.10546875,-0.732421875,0.337890625
386,3799844,4099844,0.179199219,0.868896484,-0.376831055,0.266357422,0.2734375,0.35546875,0.2265625,-5.6015625,-5.3125,-5.4921875,0.10546875,-0.732421875,0.337890625
387,3813720,4113720,0.179321289,0.867675781,-0.377319336,0.269470215,0.2734375,0.35546875,0.2265625,-5.6015625,-5.3125,-5.4921875,0.056640625,-0.587890625,0.2578125
388,3819684,4119684,0.179382324,0.866577148,-0.377746582,0.272277832,0.34375,0.44921875,0.25390625,-5.7109375,-5.2890625,-5.40625,0.056640625,-0.587890625,0.2578125
389,3833760,4133760,0.179504395,0.865661621,-0.377990723,0.274902344,0.34375,0.44921875,0.25390625,-5.7109375,-5.2890625,-5.40625,0.013671875,-0.48046875,0.22265625
390,3839730,4139730,0.17956543,0.864807129,-0.378112793,0.277282715,0.30859375,0.38671875,0.26171875,-5.7890625,-5.265625,-5.3359375,0.013671875,-0.48046875,0.22265625
391,3853528,4153528,0.1796875,0.864074707,-0.378234863,0.27935791,0.30859375,0.38671875,0.26171875,-5.7890625,-5.265625,-5.3359375,0.009765625,-0.37890625,0.189453125
392,3863385,4163385,0.179748535,0.86340332,-0.378295898,0.28125,0.26171875,0.1328125,0.328125,-5.859375,-5.2421875,-5.2890625,0.009765625,-0.37890625,0.189453125
393,3873928,4173928,0.179870605,0.862854004,-0.378356934,0.282836914,0.26171875,0.1328125,0.328125,-5.859375,-5.2421875,-5.2890625,-0.00390625,-0.267578125,0.134765625
394,3878715,4178715,0.179931641,0.862426758,-0.378356934,0.283996582,0.2734375,0.1171875,0.25,-5.90625,-5.2265625,-5.25,-0.00390625,-0.267578125,0.134765625
395,3893619,4193619,0.179931641,0.862121582,-0.378295898,0.284973145,0.2734375,0.1171875,0.25,-5.90625,-5.2265625,-5.25,-0.03515625,-0.154296875,0.083984375
396,3899227,4199227,0.179931641,0.861938477,-0.378112793,0.285766602,0.1953125,0.1015625,0.2265625,-5.9453125,-5.2109375,-5.2265625,-0.03515625,-0.154296875,0.083984375
397,3911761,4211761,0.179992676,0.861877441,-0.377990723,0.286132812,0.1953125,0.1015625,0.2265625,-5.9453125,-5.2109375,-5.2265625,-0.017578125,-0.03125,0.037109375
398,3919082,4219082,0.180114746,0.861877441,-0.377929688,0.286132812,0.2109375,-0.02734375,0.18359375,-5.9609375,-5.1953125,-5.21875,-0.017578125,-0.03125,0.037109375
399,3933080,4233080,0.180175781,0.861999512,-0.377868652,0.285827637,0.2109375,-0.02734375,0.18359375,-5.9609375,-5.1953125,-5.21875,-0.001953125,0.099609375,-0.0234375
400,3942020,4242020,0.180297852,0.862243652,-0.377807617,0.28515625,0.1640625,0.046875,0.19140625,-5.953125,-5.1953125,-5.2265625,-0.001953125,0.099609375,-0.0234375
401,3953683,4253683,0.180358887,0.862609863,-0.377807617,0.284118652,0.1640625,0.046875,0.19140625,-5.953125,-5.1953125,-5.2265625,0.013671875,0.2421875,-0.1015625
402,3958718,4258718,0.180358887,0.863037109,-0.377746582,0.282714844,0.10546875,0.0546875,0.16796875,-5.9296875,-5.203125,-5.2421875,0.013671875,0.2421875,-0.1015625
403,3973069,4273069,0.180297852,0.863647461,-0.377746582,0.280822754,0.10546875,0.0546875,0.16796875,-5.9296875,-5.203125,-5.2421875,0.013671875,0.369140625,-0.18359375
404,3978117,4278117,0.180175781,0.864379883,-0.377685547,0.278686523,0.01953125,0.1875,0.20703125,-5.8828125,-5.21875,-5.28125,0.013671875,0.369140625,-0.18359375
405,3992946,4292946,0.179992676,0.86529541,-0.377624512,0.276245117,0.01953125,0.1875,0.20703125,-5.8828125,-5.21875,-5.28125,-0.015625,0.505859375,-0.267578125
406,3997976,4297976,0.179748535,0.866333008,-0.377441406,0.273376465,0.0234375,0.1796875,0.17578125,-5.8125,-5.25,-5.328125,-0.015625,0.505859375,-0.267578125
407,4012606,4312606,0.179504395,0.867431641,-0.377197266,0.270202637,0.0234375,0.1796875,0.17578125,-5.8125,-5.25,-5.328125,-0.01953125,0.65234375,-0.3359375
408,4022501,4322501,0.179260254,0.868774414,-0.376953125,0.266540527,0.0859375,0.171875,0.09375,-5.71875,-5.28125,-5.3984375,-0.01953125,0.65234375,-0.3359375
409,4033440,4333440,0.178955078,0.870178223,-0.376647949,0.262512207,0.0859375,0.171875,0.09375,-5.71875,-5.28125,-5.3984375,-0.02734375,0.796875,-0.3984375
410,4041809,4341809,0.178710938,0.871582031,-0.376342773,0.258422852,0.08203125,0.171875,0.0546875,-5.6015625,-5.3203125,-5.4765625,-0.02734375,0.796875,-0.3984375
411,4052242,4352242,0.178405762,0.87322998,-0.375976562,0.253479004,0.08203125,0.171875,0.0546875,-5.6015625,-5.3203125,-5.4765625,-0.033203125,0.9140625,-0.458984375
412,4059852,4359852,0.178039551,0.87487793,-0.375610352,0.248596191,-0.01953125,0.18359375,0.04296875,-5.4609375,-5.3671875,-5.578125,-0.033203125,0.9140625,-0.458984375
413,4074218,4374218,0.177612305,0.876647949,-0.375183105,0.243347168,-0.01953125,0.18359375,0.04296875,-5.4609375,-5.3671875,-5.578125,-0.044921875,1,-0.529296875
414,4077822,4377822,0.177062988,0.878356934,-0.374694824,0.23815918,-0.0703125,0.22265625,0.10546875,-5.296875,-5.40625,-5.6796875,-0.044921875,1,-0.529296875
415,4091639,4391639,0.176391602,0.880310059,-0.374084473,0.232299805,-0.0703125,0.22265625,0.10546875,-5.296875,-5.40625,-5.6796875,-0.08984375,1.07617188,-0.595703125
416,4100464,4400464,0.17565918,0.882324219,-0.373413086,0.22644043,-0.01953125,0.15234375,0.0703125,-5.1171875,-5.453125,-5.796875,-0.08984375,1.07617188,-0.595703125
417,4112916,4412916,0.174865723,0.884338379,-0.372619629,0.220397949,-0.01953125,0.15234375,0.0703125,-5.1171875,-5.453125,-5.796875,-0.11328125,1.15625,-0.626953125
418,4120075,4420075,0.174194336,0.886230469,-0.371826172,0.214416504,0.0546875,0.20703125,-0.00390625,-4.921875,-5.5078125,-5.9140625,-0.11328125,1.15625,-0.626953125
419,4135222,4435222,0.173400879,0.888366699,-0.370910645,0.207641602,0.0546875,0.20703125,-0.00390625,-4.921875,-5.5078125,-5.9140625,-0.10546875,1.19921875,-0.634765625
420,4139742,4439742,0.172729492,0.890319824,-0.370178223,0.201293945,0.07421875,-0.08984375,0.12890625,-4.7109375,-5.5546875,-6.046875,-0.10546875,1.19921875,-0.634765625
421,4154682,4454682,0.17199707,0.892150879,-0.369506836,0.194641113,0.07421875,-0.08984375,0.12890625,-4.7109375,-5.5546875,-6.046875,-0.0390625,1.24023438,-0.68359375
422,4161624,4461624,0.171142578,0.893981934,-0.36895752,0.188049316,-0.03125,-0.04296875,0.09375,-4.4921875,-5.6015625,-6.1640625,-0.0390625,1.24023438,-0.68359375
423,4174020,4474020,0.170043945,0.895935059,-0.368225098,0.181030273,-0.03125,-0.04296875,0.09375,-4.4921875,-5.6015625,-6.1640625,-0.103515625,1.23828125,-0.734375
424,4182636,4482636,0.168945312,0.897827148,-0.367248535,0.174499512,0.03125,0.35546875,0.09375,-4.25,-5.65625,-6.28125,-0.103515625,1.23828125,-0.734375
425,4192028,4492028,0.167785645,0.899841309,-0.366027832,0.167724609,0.03125,0.35546875,0.09375,-4.25,-5.65625,-6.28125,-0.189453125,1.22851562,-0.7265625
426,4200630,4500630,0.166687012,0.901733398,-0.364807129,0.161132812,0.14453125,0.125,0.01953125,-4.015625,-5.6953125,-6.3984375,-0.189453125,1.22851562,-0.7265625
427,4211491,4511491,0.165649414,0.903564453,-0.363708496,0.15435791,0.14453125,0.125,0.01953125,-4.015625,-5.6953125,-6.3984375,-0.107421875,1.1875,-0.666015625
428,4217460,4517460,0.164733887,0.905151367,-0.362854004,0.147827148,0.17578125,-0.33203125,-0.1015625,-3.78125,-5.734375,-6.5078125,-0.107421875,1.1875,-0.666015625
429,4231378,4531378,0.163879395,0.906555176,-0.362304688,0.141601562,0.17578125,-0.33203125,-0.1015625,-3.78125,-5.734375,-6.5078125,-0.0078125,1.13085938,-0.63671875
430,4240377,4540377,0.162963867,0.907897949,-0.361694336,0.135253906,0.21875,-0.0625,-0.04296875,-3.5546875,-5.7734375,-6.6015625,-0.0078125,1.13085938,-0.63671875
431,4253863,4553863,0.162109375,0.909179688,-0.361022949,0.129333496,0.21875,-0.0625,-0.04296875,-3.5546875,-5.7734375,-6.6015625,-0.0625,1.0703125,-0.619140625
432,4261482,4561482,0.161132812,0.910461426,-0.360290527,0.123718262,0.18359375,0.16796875,-0.04296875,-3.328125,-5.8125,-6.6796875,-0.0625,1.0703125,-0.619140625
433,4271060,4571060,0.16003418,0.911804199,-0.359313965,0.117797852,0.18359375,0.16796875,-0.04296875,-3.328125,-5.8125,-6.6796875,-0.103515625,1.00195312,-0.6171875
434,4279099,4579099,0.158996582,0.913024902,-0.358459473,0.112243652,0.05078125,-0.0703125,-0.0859375,-3.1171875,-5.84375,-6.75,-0.103515625,1.00195312,-0.6171875
435,4289253,4589253,0.15802002,0.9140625,-0.357788086,0.106994629,0.05078125,-0.0703125,-0.0859375,-3.1171875,-5.84375,-6.75,-0.033203125,0.97265625,-0.58203125
436,4296153,4596153,0.157104492,0.915100098,-0.35723877,0.101501465,0.046875,-0.4375,-0.20703125,-2.921875,-5.859375,-6.8203125,-0.033203125,0.97265625,-0.58203125
437,4310780,4610780,0.15625,0.915893555,-0.356994629,0.0962524414,0.046875,-0.4375,-0.20703125,-2.921875,-5.859375,-6.8203125,0.068359375,0.892578125,-0.53125
438,4318797,4618797,0.155456543,0.916564941,-0.356994629,0.0912475586,-0.1171875,-0.55078125,-0.27734375,-2.71875,-5.8984375,-6.8671875,0.068359375,0.892578125,-0.53125
439,4330360,4630360,0.154663086,0.917053223,-0.35723877,0.0863647461,-0.1171875,-0.55078125,-0.27734375,-2.71875,-5.8984375,-6.8671875,0.162109375,0.818359375,-0.517578125
440,4338853,4638853,0.153747559,0.917541504,-0.357543945,0.0815429688,-0.0703125,-0.20703125,-0.16796875,-2.5390625,-5.9375,-6.8984375,0.162109375,0.818359375,-0.517578125
441,4349250,4649250,0.152832031,0.918029785,-0.357666016,0.0767822266,-0.0703125,-0.20703125,-0.16796875,-2.5390625,-5.9375,-6.8984375,0.107421875,0.83984375,-0.5390625
442,4359386,4659386,0.151855469,0.918640137,-0.35760498,0.0719604492,-0.05078125,0.1484375,0.0859375,-2.3671875,-5.984375,-6.921875,0.107421875,0.83984375,-0.5390625
443,4371107,4671107,0.150817871,0.919311523,-0.357177734,0.0672607422,-0.05078125,0.1484375,0.0859375,-2.3671875,-5.984375,-6.921875,-0.033203125,0.767578125,-0.52734375
444,4376276,4676276,0.149780273,0.920043945,-0.356506348,0.0631713867,-0.0390625,0.37109375,0.19140625,-2.1875,-6.015625,-6.953125,-0.033203125,0.767578125,-0.52734375
445,4389472,4689472,0.148681641,0.920898438,-0.35546875,0.0590209961,-0.0390625,0.37109375,0.19140625,-2.1875,-6.015625,-6.953125,-0.154296875,0.673828125,-0.482421875
446,4398514,4698514,0.147583008,0.921691895,-0.354431152,0.0553588867,0.02734375,0.1484375,0.125,-2.0234375,-6.0234375,-7,-0.154296875,0.673828125,-0.482421875
447,4408753,4708753,0.14654541,0.922485352,-0.353393555,0.051940918,0.02734375,0.1484375,0.125,-2.0234375,-6.0234375,-7,-0.142578125,0.578125,-0.44140625
448,4422346,4722346,0.145568848,0.923156738,-0.352539062,0.0486450195,0.15625,0.1015625,-0.06640625,-1.8828125,-6.015625,-7.0390625,-0.142578125,0.578125,-0.44140625
449,4431166,4731166,0.144836426,0.92364502,-0.351806641,0.0455322266,0.15625,0.1015625,-0.06640625,-1.8828125,-6.015625,-7.0390625,-0.05859375,0.583984375,-0.349609375
450,4436090,4736090,0.144348145,0.924072266,-0.351318359,0.0422973633,0.4140625,-0.08984375,0.01171875,-1.7578125,-6.015625,-7.078125,-0.05859375,0.583984375,-0.349609375
451,4448367,4748367,0.143981934,0.924499512,-0.350769043,0.0388793945,0.4140625,-0.08984375,0.01171875,-1.7578125,-6.015625,-7.078125,-0.025390625,0.5859375,-0.296875
452,4455898,4755898,0.143554688,0.924926758,-0.350219727,0.0358276367,0.12890625,-0.12109375,-0.08203125,-1.625,-6.0234375,-7.1015625,-0.025390625,0.5859375,-0.296875
453,4470760,4770760,0.143066406,0.925354004,-0.34954834,0.0329589844,0.12890625,-0.12109375,-0.08203125,-1.625,-6.0234375,-7.1015625,-0.09375,0.486328125,-0.306640625
454,4477518,4777518,0.142456055,0.92578125,-0.348815918,0.030456543,-0.01953125,-0.12109375,-0.28515625,-1.515625,-6.0234375,-7.125,-0.09375,0.486328125,-0.306640625
455,4490756,4790756,0.141784668,0.926330566,-0.347900391,0.0280151367,-0.01953125,-0.12109375,-0.28515625,-1.515625,-6.0234375,-7.125,-0.142578125,0.390625,-0.27734375
456,4500418,4800418,0.141235352,0.926696777,-0.347290039,0.0258789062,-0.12109375,-0.43359375,-0.1484375,-1.4140625,-6.015625,-7.1484375,-0.142578125,0.390625,-0.27734375
457,4510184,4810184,0.14074707,0.926940918,-0.346984863,0.0235595703,-0.12109375,-0.43359375,-0.1484375,-1.4140625,-6.015625,-7.1484375,0.04296875,0.39453125,-0.263671875
458,4516087,4816087,0.140075684,0.927062988,-0.347106934,0.0210571289,-0.24609375,-0.43359375,0.13671875,-1.328125,-6.015625,-7.1640625,0.04296875,0.39453125,-0.263671875
459,4530248,4830248,0.139465332,0.927124023,-0.347229004,0.0191040039,-0.24609375,-0.43359375,0.13671875,-1.328125,-6.015625,-7.1640625,0.072265625,0.337890625,-0.291015625
460,4535050,4835050,0.138671875,0.927307129,-0.347229004,0.0170288086,-0.140625,0.34765625,0.2109375,-1.2421875,-6.03125,-7.1640625,0.072265625,0.337890625,-0.291015625
461,4549512,4849512,0.137878418,0.927612305,-0.346801758,0.0151367188,-0.140625,0.34765625,0.2109375,-1.2421875,-6.03125,-7.1640625,-0.09375,0.298828125,-0.271484375
462,4555090,4855090,0.137207031,0.928039551,-0.346069336,0.0133666992,0.28125,0.35546875,0.1796875,-1.1640625,-6.0390625,-7.171875,-0.09375,0.298828125,-0.271484375
463,4570427,4870427,0.136657715,0.928405762,-0.345336914,0.0119018555,0.28125,0.35546875,0.1796875,-1.1640625,-6.0390625,-7.171875,-0.11328125,0.25,-0.17578125
464,4578473,4878473,0.136413574,0.928649902,-0.344787598,0.0106811523,0.2109375,-0.08203125,0.12890625,-1.09375,-6.0234375,-7.1953125,-0.11328125,0.25,-0.17578125
465,4588533,4888533,0.136230469,0.928771973,-0.344482422,0.00970458984,0.2109375,-0.08203125,0.12890625,-1.09375,-6.0234375,-7.1953125,-0.009765625,0.14453125,-0.068359375
466,4598340,4898340,0.136230469,0.928833008,-0.344360352,0.00903320312,0.015625,-0.34765625,-0.09375,-1.0546875,-6.0234375,-7.203125,-0.009765625,0.14453125,-0.068359375
467,4608907,4908907,0.136230469,0.928894043,-0.344238281,0.00885009766,0.015625,-0.34765625,-0.09375,-1.0546875,-6.0234375,-7.203125,-0.048828125,0.001953125,0.009765625
468,4617162,4917162,0.136291504,0.929016113,-0.34387207,0.00915527344,-0.49609375,-0.1953125,-0.5859375,-1.0390625,-6.0234375,-7.2109375,-0.048828125,0.001953125,0.009765625
469,4629368,4929368,0.136413574,0.929260254,-0.343200684,0.009765625,-0.49609375,-0.1953125,-0.5859375,-1.0390625,-6.0234375,-7.2109375,-0.21875,-0.107421875,0.095703125
470,4635244,4935244,0.13684082,0.92956543,-0.342163086,0.0106811523,0.20703125,-0.296875,-0.26171875,-1.0546875,-6,-7.2265625,-0.21875,-0.107421875,0.095703125
471,4650181,4950181,0.137451172,0.929748535,-0.341430664,0.0115966797,0.20703125,-0.296875,-0.26171875,-1.0546875,-6,-7.2265625,-0.099609375,-0.10546875,0.205078125
472,4658592,4958592,0.138183594,0.92956543,-0.341491699,0.0124511719,0.046875,-1.70703125,-0.74609375,-1.0859375,-5.96875,-7.2421875,-0.099609375,-0.10546875,0.205078125
473,4669725,4969725,0.13885498,0.929199219,-0.342224121,0.0134277344,0.046875,-1.70703125,-0.74609375,-1.0859375,-5.96875,-7.2421875,0.177734375,-0.18359375,0.181640625
474,4677184,4977184,0.139282227,0.928833008,-0.343078613,0.014465332,-0.6796875,-0.359375,-0.484375,-1.125,-5.9765625,-7.234375,0.177734375,-0.18359375,0.181640625
475,4689723,4989723,0.139709473,0.928527832,-0.34362793,0.015625,-0.6796875,-0.359375,-0.484375,-1.125,-5.9765625,-7.234375,0.041015625,-0.18359375,0.14453125
476,4693524,4993524,0.140014648,0.928405762,-0.343688965,0.0166625977,-0.09375,0.38671875,-0.23828125,-1.171875,-5.9921875,-7.2109375,0.041015625,-0.18359375,0.14453125
477,4708095,5008095,0.14050293,0.928466797,-0.343383789,0.0179443359,-0.09375,0.38671875,-0.23828125,-1.171875,-5.9921875,-7.2109375,-0.11328125,-0.2109375,0.19140625
478,4714218,5014218,0.141113281,0.928466797,-0.343017578,0.01953125,-0.23828125,-0.08984375,-0.1171875,-1.21875,-5.9765625,-7.21875,-0.11328125,-0.2109375,0.19140625
479,4729186,5029186,0.141845703,0.928344727,-0.342956543,0.021484375,-0.23828125,-0.08984375,-0.1171875,-1.21875,-5.9765625,-7.21875,-0.025390625,-0.349609375,0.306640625
480,4738184,5038184,0.142700195,0.928039551,-0.343261719,0.0237426758,-0.23828125,-0.51953125,-0.15625,-1.296875,-5.96875,-7.21875,-0.025390625,-0.349609375,0.306640625
481,4749546,5049546,0.143737793,0.927612305,-0.343811035,0.0263061523,-0.23828125,-0.51953125,-0.15625,-1.296875,-5.96875,-7.21875,0.08203125,-0.435546875,0.390625
482,4756329,5056329,0.144836426,0.927124023,-0.344421387,0.0289306641,0.0078125,-0.14453125,0.01953125,-1.390625,-5.9609375,-7.203125,0.08203125,-0.435546875,0.390625
483,4769971,5069971,0.146057129,0.926635742,-0.344909668,0.032043457,0.0078125,-0.14453125,0.01953125,-1.390625,-5.9609375,-7.203125,0.01953125,-0.498046875,0.443359375
484,4773577,5073577,0.147216797,0.926269531,-0.345153809,0.0350952148,0.1640625,0.1640625,0.00390625,-1.5078125,-5.9609375,-7.1875,0.01953125,-0.498046875,0.443359375
485,4786757,5086757,0.148498535,0.92590332,-0.345214844,0.0386962891,0.1640625,0.1640625,0.00390625,-1.5078125,-5.9609375,-7.1875,-0.083984375,-0.58984375,0.490234375
486,4797704,5097704,0.149719238,0.925537109,-0.345153809,0.0424804688,0.06640625,0.140625,-0.0859375,-1.640625,-5.9375,-7.171875,-0.083984375,-0.58984375,0.490234375
487,4810593,5110593,0.151000977,0.925170898,-0.345031738,0.0466308594,0.06640625,0.140625,-0.0859375,-1.640625,-5.9375,-7.171875,-0.099609375,-0.69140625,0.548828125
488,4819497,5119497,0.152282715,0.924743652,-0.345031738,0.0507202148,0.1484375,-0.0078125,-0.09375,-1.796875,-5.90625,-7.1640625,-0.099609375,-0.69140625,0.548828125
489,4827941,5127941,0.153686523,0.924255371,-0.345092773,0.0553588867,0.1484375,-0.0078125,-0.09375,-1.796875,-5.90625,-7.1640625,-0.056640625,-0.796875,0.60546875
490,4834090,5134090,0.155090332,0.923583984,-0.345397949,0.0604858398,0.00390625,-0.3046875,-0.1875,-1.9609375,-5.875,-7.1484375,-0.056640625,-0.796875,0.60546875
491,4849272,5149272,0.156433105,0.922851562,-0.345825195,0.0657958984,0.00390625,-0.3046875,-0.1875,-1.9609375,-5.875,-7.1484375,-0.013671875,-0.935546875,0.63671875
492,4853557,5153557,0.157714844,0.922058105,-0.346313477,0.0710449219,-0.0234375,-0.375,-0.29296875,-2.1640625,-5.84375,-7.1171875,-0.013671875,-0.935546875,0.63671875
493,4871233,5171233,0.159057617,0.921081543,-0.346984863,0.0771484375,-0.0234375,-0.375,-0.29296875,-2.1640625,-5.84375,-7.1171875,0.015625,-1.0390625,0.666015625
494,4875773,5175773,0.16027832,0.920043945,-0.34765625,0.083190918,-0.26171875,-0.25390625,-0.33984375,-2.3828125,-5.8125,-7.0703125,0.015625,-1.0390625,0.666015625
495,4886780,5186780,0.161560059,0.919006348,-0.348388672,0.0894775391,-0.26171875,-0.25390625,-0.33984375,-2.3828125,-5.8125,-7.0703125,0.041015625,-1.12890625,0.69140625
496,4895196,5195196,0.162780762,0.917785645,-0.349182129,0.0960083008,-0.21875,-0.1640625,-0.47265625,-2.6171875,-5.7890625,-7.015625,0.041015625,-1.12890625,0.69140625
497,4911247,5211247,0.16394043,0.916625977,-0.349914551,0.102478027,-0.21875,-0.1640625,-0.47265625,-2.6171875,-5.7890625,-7.015625,0.037109375,-1.19140625,0.703125
498,4915815,5215815,0.165039062,0.915344238,-0.350769043,0.109191895,-0.171875,-0.078125,-0.16015625,-2.859375,-5.7578125,-6.9453125,0.037109375,-1.19140625,0.703125
499,4927213,5227213,0.166137695,0.913879395,-0.351745605,0.116210938,-0.171875,-0.078125,-0.16015625,-2.859375,-5.7578125,-6.9453125,0.095703125,-1.28710938,0.732421875
500,4933177,5233177,0.167358398,0.91229248,-0.352905273,0.123352051,0.00390625,0.00390625,-0.4296875,-3.109375,-5.7265625,-6.8671875,0.095703125,-1.28710938,0.732421875
501,4950579,5250579,0.168457031,0.910644531,-0.354125977,0.130249023,0.00390625,0.00390625,-0.4296875,-3.109375,-5.7265625,-6.8671875,0.14453125,-1.33789062,0.763671875
502,4955266,5255266,0.169677734,0.908752441,-0.35546875,0.137939453,0.109375,0.125,0.00390625,-3.3671875,-5.6953125,-6.765625,0.14453125,-1.33789062,0.763671875
503,4967207,5267207,0.170776367,0.906860352,-0.356811523,0.145446777,0.109375,0.125,0.00390625,-3.3671875,-5.6953125,-6.765625,0.15625,-1.40234375,0.7578125
504,4975880,5275880,0.17175293,0.904907227,-0.358093262,0.153076172,0.19921875,0.05078125,-0.02734375,-3.6484375,-5.65625,-6.65625,0.15625,-1.40234375,0.7578125
505,4986760,5286760,0.172668457,0.902893066,-0.359375,0.160766602,0.19921875,0.05078125,-0.02734375,-3.6484375,-5.65625,-6.65625,0.142578125,-1.43945312,0.74609375
506,4993084,5293084,0.173522949,0.900756836,-0.360656738,0.168518066,0.28125,0.0546875,0.125,-3.921875,-5.625,-6.5390625,0.142578125,-1.43945312,0.74609375
507,5006389,5306389,0.174438477,0.898620605,-0.361816406,0.176269531,0.28125,0.0546875,0.125,-3.921875,-5.625,-6.5390625,0.123046875,-1.46679688,0.76171875
508,5012127,5312127,0.175354004,0.89642334,-0.363037109,0.184143066,0.24609375,0.0078125,-0.0859375,-4.1953125,-5.578125,-6.40625,0.123046875,-1.46679688,0.76171875
509,5029470,5329470,0.176208496,0.894165039,-0.364196777,0.191894531,0.24609375,0.0078125,-0.0859375,-4.1953125,-5.578125,-6.40625,0.12109375,-1.46679688,0.751953125
510,5033081,5333081,0.176940918,0.891906738,-0.365234375,0.19934082,0.20703125,0,-0.03515625,-4.4609375,-5.53125,-6.265625,0.12109375,-1.46679688,0.751953125
511,5047444,5347444,0.177734375,0.889526367,-0.366394043,0.207214355,0.20703125,0,-0.03515625,-4.4609375,-5.53125,-6.265625,0.1328125,-1.41210938,0.72265625
512,5056440,5356440,0.178466797,0.887207031,-0.367431641,0.214355469,0.2734375,-0.12890625,0.19921875,-4.71875,-5.4765625,-6.1171875,0.1328125,-1.41210938,0.72265625
513,5069520,5369520,0.179199219,0.884887695,-0.368591309,0.221374512,0.2734375,-0.12890625,0.19921875,-4.71875,-5.4765625,-6.1171875,0.177734375,-1.33203125,0.67578125
514,5073443,5373443,0.179931641,0.882446289,-0.369873047,0.228210449,0.32421875,-0.16796875,0.1640625,-4.9609375,-5.4375,-5.96875,0.177734375,-1.33203125,0.67578125
515,5086382,5386382,0.180664062,0.880004883,-0.37121582,0.234741211,0.32421875,-0.16796875,0.1640625,-4.9609375,-5.4375,-5.96875,0.205078125,-1.20703125,0.60546875
516,5091623,5391623,0.181274414,0.877685547,-0.372497559,0.240905762,0.234375,0.05078125,0.171875,-5.1796875,-5.390625,-5.8203125,0.205078125,-1.20703125,0.60546875
517,5108939,5408939,0.18182373,0.875488281,-0.373657227,0.246704102,0.234375,0.05078125,0.171875,-5.1796875,-5.390625,-5.8203125,0.181640625,-1.08984375,0.533203125
518,5112680,5412680,0.182250977,0.873474121,-0.374694824,0.25189209,0.23828125,0.2421875,0.13671875,-5.375,-5.3515625,-5.671875,0.181640625,-1.08984375,0.533203125
519,5126481,5426481,0.182617188,0.871459961,-0.375671387,0.257019043,0.23828125,0.2421875,0.13671875,-5.375,-5.3515625,-5.671875,0.13671875,-0.974609375,0.4453125
520,5136356,5436356,0.182861328,0.869567871,-0.376586914,0.261962891,0.296875,0.2890625,0.3203125,-5.546875,-5.3203125,-5.546875,0.13671875,-0.974609375,0.4453125
521,5148138,5448138,0.183105469,0.867797852,-0.377441406,0.266418457,0.296875,0.2890625,0.3203125,-5.546875,-5.3203125,-5.546875,0.125,-0.83203125,0.375
522,5156611,5456611,0.183288574,0.866210938,-0.378173828,0.270263672,0.3203125,0.2578125,0.23828125,-5.6875,-5.2890625,-5.4296875,0.125,-0.83203125,0.375
523,5166223,5466223,0.18347168,0.864746094,-0.37878418,0.273986816,0.3203125,0.2578125,0.23828125,-5.6875,-5.2890625,-5.4296875,0.083984375,-0.703125,0.3125
524,5171261,5471261,0.18359375,0.863342285,-0.379333496,0.277526855,0.3984375,0.46484375,0.14453125,-5.8046875,-5.265625,-5.3359375,0.083984375,-0.703125,0.3125
525,5188347,5488347,0.183776855,0.862182617,-0.379699707,0.280456543,0.3984375,0.46484375,0.14453125,-5.8046875,-5.265625,-5.3359375,0.03125,-0.53515625,0.26953125
526,5192087,5492087,0.183959961,0.86126709,-0.379821777,0.282958984,0.42578125,0.5859375,0.18359375,-5.90625,-5.234375,-5.2578125,0.03125,-0.53515625,0.26953125
527,5208017,5508017,0.184143066,0.860534668,-0.379821777,0.285217285,0.42578125,0.5859375,0.18359375,-5.90625,-5.234375,-5.2578125,-0.037109375,-0.3515625,0.203125
528,5216164,5516164,0.184265137,0.860046387,-0.379638672,0.286804199,0.3046875,0.4765625,0.12109375,-5.9765625,-5.203125,-5.1953125,-0.037109375,-0.3515625,0.203125
529,5228061,5528061,0.184448242,0.859680176,-0.379211426,0.288208008,0.3046875,0.4765625,0.12109375,-5.9765625,-5.203125,-5.1953125,-0.08984375,-0.177734375,0.140625
530,5235522,5535522,0.184570312,0.859558105,-0.37878418,0.2890625,0.265625,0.33984375,0.21875,-6.015625,-5.1796875,-5.1796875,-0.08984375,-0.177734375,0.140625
531,5245615,5545615,0.184814453,0.859558105,-0.378295898,0.289550781,0.265625,0.33984375,0.21875,-6.015625,-5.1796875,-5.1796875,-0.080078125,-0.009765625,0.091796875
532,5250419,5550419,0.185058594,0.859680176,-0.377868652,0.289672852,0.13671875,-0.06640625,0.2890625,-6.0390625,-5.15625,-5.171875,-0.080078125,-0.009765625,0.091796875
533,5267794,5567794,0.18536377,0.859863281,-0.377563477,0.289367676,0.13671875,-0.06640625,0.2890625,-6.0390625,-5.15625,-5.171875,-0.0234375,0.1328125,0.025390625
534,5271411,5571411,0.185668945,0.860107422,-0.377380371,0.288635254,0.09765625,-0.04296875,0.3046875,-6.0390625,-5.140625,-5.1875,-0.0234375,0.1328125,0.025390625
535,5285085,5585085,0.185974121,0.860534668,-0.377197266,0.287414551,0.09765625,-0.04296875,0.3046875,-6.0390625,-5.140625,-5.1875,0.0078125,0.287109375,-0.080078125
536,5293853,5593853,0.186096191,0.861083984,-0.37713623,0.285827637,0.06640625,0.0703125,0.296875,-6.0078125,-5.140625,-5.21875,0.0078125,0.287109375,-0.080078125
537,5308254,5608254,0.186157227,0.861755371,-0.37701416,0.283813477,0.06640625,0.0703125,0.296875,-6.0078125,-5.140625,-5.21875,0.00390625,0.431640625,-0.197265625
538,5311863,5611863,0.186035156,0.862670898,-0.37689209,0.28137207,0.09765625,0.19921875,0.296875,-5.9609375,-5.15625,-5.2578125,0.00390625,0.431640625,-0.197265625
539,5327012,5627012,0.185791016,0.863708496,-0.376708984,0.278503418,0.09765625,0.19921875,0.296875,-5.9609375,-5.15625,-5.2578125,-0.021484375,0.572265625,-0.30859375
540,5331321,5631321,0.18548584,0.864868164,-0.376464844,0.27545166,0.1640625,0.23046875,0.20703125,-5.875,-5.1875,-5.3203125,-0.021484375,0.572265625,-0.30859375
541,5349684,5649684,0.185058594,0.866271973,-0.376220703,0.271606445,0.1640625,0.23046875,0.20703125,-5.875,-5.1875,-5.3203125,-0.03515625,0.73828125,-0.404296875
542,5354572,5654572,0.184631348,0.867797852,-0.375915527,0.26739502,0.16796875,0.234375,0.171875,-5.765625,-5.2265625,-5.3984375,-0.03515625,0.73828125,-0.404296875
543,5365853,5665853,0.184265137,0.869445801,-0.375549316,0.262817383,0.16796875,0.234375,0.171875,-5.765625,-5.2265625,-5.3984375,-0.04296875,0.904296875,-0.46875
544,5374972,5674972,0.183837891,0.871154785,-0.37512207,0.258056641,0.15234375,0.125,0.03515625,-5.6328125,-5.2734375,-5.4921875,-0.04296875,0.904296875,-0.46875
545,5388530,5688530,0.183410645,0.87298584,-0.374755859,0.252563477,0.15234375,0.125,0.03515625,-5.6328125,-5.2734375,-5.4921875,-0.01953125,1.0390625,-0.541015625
546,5393392,5693392,0.182922363,0.874816895,-0.374389648,0.246948242,0.02734375,0.13671875,0.02734375,-5.46875,-5.3203125,-5.6015625,-0.01953125,1.0390625,-0.541015625
547,5405240,5705240,0.182312012,0.876831055,-0.374023438,0.240783691,0.02734375,0.13671875,0.02734375,-5.46875,-5.3203125,-5.6015625,-0.029296875,1.13671875,-0.6328125
548,5412674,5712674,0.18157959,0.87878418,-0.373596191,0.234863281,-0.0078125,0.234375,0.03125,-5.28125,-5.3828125,-5.71875,-0.029296875,1.13671875,-0.6328125
549,5428802,5728802,0.180664062,0.88104248,-0.372924805,0.228149414,-0.0078125,0.234375,0.03125,-5.28125,-5.3828125,-5.71875,-0.10546875,1.203125,-0.69921875
550,5430271,5730271,0.1796875,0.883178711,-0.372131348,0.221801758,-0.06640625,0.296875,0.15625,-5.0703125,-5.4453125,-5.84375,-0.10546875,1.203125,-0.69921875
551,5445781,5745781,0.178588867,0.885559082,-0.371032715,0.21496582,-0.06640625,0.296875,0.15625,-5.0703125,-5.4453125,-5.84375,-0.169921875,1.234375,-0.720703125
552,5454771,5754771,0.17755127,0.887695312,-0.369995117,0.208618164,-0.09375,0.0859375,-0.125,-4.8515625,-5.5,-5.984375,-0.169921875,1.234375,-0.720703125
553,5469328,5769328,0.176330566,0.890136719,-0.368774414,0.201538086,-0.09375,0.0859375,-0.125,-4.8515625,-5.5,-5.984375,-0.18359375,1.24414062,-0.72265625
554,5470796,5770796,0.175292969,0.892333984,-0.367553711,0.194702148,-0.09765625,-0.0234375,-0.09765625,-4.6171875,-5.546875,-6.125,-0.18359375,1.24414062,-0.72265625
555,5484329,5784329,0.174316406,0.894348145,-0.366577148,0.188110352,-0.09765625,-0.0234375,-0.09765625,-4.6171875,-5.546875,-6.125,-0.126953125,1.27929688,-0.716796875
556,5490073,5790073,0.173339844,0.896362305,-0.365600586,0.181091309,-0.02734375,-0.16796875,-0.08984375,-4.3828125,-5.59375,-6.25,-0.126953125,1.27929688,-0.716796875
557,5506994,5806994,0.172424316,0.898254395,-0.364746094,0.174133301,-0.02734375,-0.16796875,-0.08984375,-4.3828125,-5.59375,-6.25,-0.078125,1.28515625,-0.71484375
558,5510610,5810610,0.171447754,0.900085449,-0.363891602,0.167419434,-0.11328125,-0.08984375,-0.00390625,-4.140625,-5.6328125,-6.375,-0.078125,1.28515625,-0.71484375
559,5523840,5823840,0.170349121,0.902038574,-0.362854004,0.16027832,-0.11328125,-0.08984375,-0.00390625,-4.140625,-5.6328125,-6.375,-0.142578125,1.25,-0.734375
560,5532225,5832225,0.169128418,0.903930664,-0.361633301,0.153381348,-0.05078125,0.109375,-0.046875,-3.8984375,-5.6796875,-6.484375,-0.142578125,1.25,-0.734375
561,5546700,5846700,0.16796875,0.905761719,-0.360351562,0.146789551,-0.05078125,0.109375,-0.046875,-3.8984375,-5.6796875,-6.484375,-0.1796875,1.21484375,-0.70703125
562,5550305,5850305,0.166931152,0.907470703,-0.359130859,0.140380859,0.12890625,-0.01171875,-0.0078125,-3.65625,-5.7109375,-6.6015625,-0.1796875,1.21484375,-0.70703125
563,5564438,5864438,0.165893555,0.909118652,-0.357910156,0.133728027,0.12890625,-0.01171875,-0.0078125,-3.65625,-5.7109375,-6.6015625,-0.126953125,1.1875,-0.66015625
564,5569643,5869643,0.164978027,0.910583496,-0.356933594,0.127563477,0.19140625,-0.140625,-0.1328125,-3.4140625,-5.734375,-6.703125,-0.126953125,1.1875,-0.66015625
565,5583117,5883117,0.164123535,0.911865234,-0.356262207,0.12121582,0.19140625,-0.140625,-0.1328125,-3.4140625,-5.734375,-6.703125,0.0078125,1.08007812,-0.6015625
566,5588846,5888846,0.163330078,0.912902832,-0.355834961,0.115356445,0.04296875,-0.140625,-0.1328125,-3.1875,-5.7734375,-6.78125,0.0078125,1.08007812,-0.6015625
567,5601338,5901338,0.162475586,0.913879395,-0.35546875,0.110046387,0.04296875,-0.140625,-0.1328125,-3.1875,-5.7734375,-6.78125,0.009765625,0.974609375,-0.580078125
568,5609106,5909106,0.161437988,0.914916992,-0.354919434,0.104309082,0.1484375,0.234375,-0.15625,-2.984375,-5.8046875,-6.8359375,0.009765625,0.974609375,-0.580078125
569,5625084,5925084,0.160400391,0.91595459,-0.354248047,0.0991821289,0.1484375,0.234375,-0.15625,-2.984375,-5.8046875,-6.8359375,-0.0859375,0.900390625,-0.58203125
570,5628688,5928688,0.159362793,0.916992188,-0.35333252,0.0944213867,0.10546875,0.23046875,-0.0625,-2.7890625,-5.8359375,-6.890625,-0.0859375,0.900390625,-0.58203125
571,5642288,5942288,0.15826416,0.91809082,-0.352233887,0.0894775391,0.10546875,0.23046875,-0.0625,-2.7890625,-5.8359375,-6.890625,-0.134765625,0.826171875,-0.513671875
572,5649213,5949213,0.157409668,0.919006348,-0.351379395,0.0850830078,-0.0078125,-0.17578125,0.0390625,-2.6015625,-5.8515625,-6.953125,-0.134765625,0.826171875,-0.513671875
573,5665269,5965269,0.156616211,0.91973877,-0.350769043,0.080871582,-0.0078125,-0.17578125,0.0390625,-2.6015625,-5.8515625,-6.953125,-0.005859375,0.71875,-0.42578125
574,5668878,5968878,0.155944824,0.920288086,-0.350463867,0.0771484375,0.05859375,-0.50390625,-0.02734375,-2.4375,-5.8671875,-7,-0.005859375,0.71875,-0.42578125
575,5681990,5981990,0.155151367,0.920776367,-0.350341797,0.0731811523,0.05859375,-0.50390625,-0.02734375,-2.4375,-5.8671875,-7,0.046875,0.62890625,-0.416015625
576,5695703,5995703,0.15435791,0.921264648,-0.350158691,0.0696411133,-0.00390625,-0.09765625,0.078125,-2.296875,-5.890625,-7.03125,0.046875,0.62890625,-0.416015625
577,5706660,6006660,0.153442383,0.921813965,-0.34979248,0.0663452148,-0.00390625,-0.09765625,0.078125,-2.296875,-5.890625,-7.03125,-0.04296875,0.548828125,-0.40625
578,5710675,6010675,0.152526855,0.922424316,-0.349182129,0.0631103516,0.09375,0.14453125,0.140625,-2.1640625,-5.90625,-7.0546875,-0.04296875,0.548828125,-0.40625
579,5724241,6024241,0.151672363,0.923034668,-0.348388672,0.0601196289,0.09375,0.14453125,0.140625,-2.1640625,-5.90625,-7.0546875,-0.12109375,0.521484375,-0.369140625
580,5728534,6028534,0.150878906,0.92364502,-0.34765625,0.0573120117,0.05078125,-0.11328125,0.21875,-2.046875,-5.9140625,-7.09375,-0.12109375,0.521484375,-0.369140625
581,5744851,6044851,0.150146484,0.924133301,-0.347106934,0.0544433594,0.05078125,-0.11328125,0.21875,-2.046875,-5.9140625,-7.09375,-0.041015625,0.5,-0.33203125
582,5748575,6048575,0.149597168,0.924560547,-0.346679688,0.051574707,0.09375,-0.34375,0.1640625,-1.9375,-5.9140625,-7.1171875,-0.041015625,0.5,-0.33203125
583,5763394,6063394,0.149230957,0.924865723,-0.346435547,0.0486450195,0.09375,-0.34375,0.1640625,-1.9375,-5.9140625,-7.1171875,0.033203125,0.4921875,-0.251953125
584,5772600,6072600,0.148986816,0.925048828,-0.346374512,0.046081543,0.0625,-0.56640625,-0.04296875,-1.828125,-5.921875,-7.140625,0.033203125,0.4921875,-0.251953125
585,5785943,6085943,0.148925781,0.925109863,-0.346496582,0.0434570312,0.0625,-0.56640625,-0.04296875,-1.828125,-5.921875,-7.140625,0.109375,0.453125,-0.173828125
586,5790115,6090115,0.148925781,0.925170898,-0.346740723,0.041015625,-0.03125,-0.359375,-0.41796875,-1.734375,-5.9375,-7.1484375,0.109375,0.453125,-0.173828125
587,5801000,6101000,0.148986816,0.925170898,-0.346923828,0.0387573242,-0.03125,-0.359375,-0.41796875,-1.734375,-5.9375,-7.1484375,0.0859375,0.408203125,-0.150390625
588,5808349,6108349,0.148986816,0.925231934,-0.346923828,0.0367431641,-0.23046875,-0.18359375,-0.26171875,-1.6484375,-5.9609375,-7.1484375,0.0859375,0.408203125,-0.150390625
589,5824211,6124211,0.148925781,0.925415039,-0.346740723,0.0347900391,-0.23046875,-0.18359375,-0.26171875,-1.6484375,-5.9609375,-7.1484375,-0.0078125,0.32421875,-0.1328125
590,5827945,6127945,0.148864746,0.925598145,-0.346435547,0.033203125,-0.1484375,-0.203125,-0.21875,-1.578125,-5.9765625,-7.15625,-0.0078125,0.32421875,-0.1328125
591,5843608,6143608,0.148803711,0.925842285,-0.34588623,0.0315551758,-0.1484375,-0.203125,-0.21875,-1.578125,-5.9765625,-7.15625,-0.080078125,0.296875,-0.126953125
592,5852568,6152568,0.148681641,0.926147461,-0.345336914,0.0301513672,0.02734375,-0.2109375,-0.0859375,-1.5234375,-5.96875,-7.171875,-0.080078125,0.296875,-0.126953125
593,5864702,6164702,0.148620605,0.926391602,-0.344787598,0.0286254883,0.02734375,-0.2109375,-0.0859375,-1.5234375,-5.96875,-7.171875,-0.05859375,0.267578125,-0.109375
594,5868317,6168317,0.148620605,0.926574707,-0.344482422,0.02734375,0.078125,-0.48828125,-0.03125,-1.4609375,-5.9609375,-7.1875,-0.05859375,0.267578125,-0.109375
595,5882671,6182671,0.14855957,0.926635742,-0.344482422,0.0259399414,0.078125,-0.48828125,-0.03125,-1.4609375,-5.9609375,-7.1875,0.060546875,0.224609375,-0.09765625
596,5887445,6187445,0.148498535,0.926574707,-0.344665527,0.0247802734,-0.04296875,-0.44921875,-0.1015625,-1.4140625,-5.9609375,-7.1953125,0.060546875,0.224609375,-0.09765625
597,5901721,6201721,0.148498535,0.926452637,-0.345092773,0.0235595703,-0.04296875,-0.44921875,-0.1015625,-1.4140625,-5.9609375,-7.1953125,0.11328125,0.1796875,-0.078125
598,5907684,6207684,0.1484375,0.926330566,-0.345458984,0.022644043,-0.015625,-0.08203125,-0.03125,-1.3671875,-5.984375,-7.1875,0.11328125,0.1796875,-0.078125
599,5922204,6222204,0.14831543,0.926269531,-0.345825195,0.0218505859,-0.015625,-0.08203125,-0.03125,-1.3671875,-5.984375,-7.1875,0.07421875,0.12109375,-0.0703125
600,5930497,6230497,0.148193359,0.926208496,-0.346008301,0.0211181641,0.0390625,0.125,-0.0390625,-1.34375,-6,-7.1796875,0.07421875,0.12109375,-0.0703125
601,5941546,6241546,0.148071289,0.926208496,-0.346130371,0.0205688477,0.0390625,0.125,-0.0390625,-1.34375,-6,-7.1796875,0.0234375,0.0859375,-0.0625
602,5948819,6248819,0.147949219,0.926208496,-0.346130371,0.0200805664,0.12890625,0.2109375,-0.0390625,-1.3203125,-6.0078125,-7.1796875,0.0234375,0.0859375,-0.0625
603,5962542,6262542,0.147827148,0.926269531,-0.346069336,0.0195922852,0.12890625,0.2109375,-0.0390625,-1.3203125,-6.0078125,-7.1796875,0.001953125,0.072265625,-0.04296875
604,5966850,6266850,0.147827148,0.926269531,-0.346069336,0.0192260742,0.10546875,0.1328125,-0.0390625,-1.296875,-6.0078125,-7.1796875,0.001953125,0.072265625,-0.04296875
605,5980786,6280786,0.147888184,0.926269531,-0.346130371,0.0187988281,0.10546875,0.1328125,-0.0390625,-1.296875,-6.0078125,-7.1796875,0.025390625,0.0703125,-0.00390625
606,5988071,6288071,0.147949219,0.926208496,-0.346191406,0.0185546875,0.05859375,0.0625,0.15234375,-1.2890625,-6.015625,-7.1796875,0.025390625,0.0703125,-0.00390625
607,6004266,6304266,0.148071289,0.926208496,-0.346191406,0.0184326172,0.05859375,0.0625,0.15234375,-1.2890625,-6.015625,-7.1796875,0,0.0078125,0.021484375
608,6012673,6312673,0.148193359,0.926208496,-0.346191406,0.0184936523,0.05078125,0.1015625,-0.078125,-1.28125,-6.015625,-7.1796875,0,0.0078125,0.021484375
609,6023597,6323597,0.14831543,0.926208496,-0.346130371,0.0186767578,0.05078125,0.1015625,-0.078125,-1.28125,-6.015625,-7.1796875,-0.025390625,-0.04296875,0.0390625
610,6029397,6329397,0.1484375,0.926208496,-0.346008301,0.0190429688,0.0234375,0.1015625,-0.1171875,-1.2890625,-6.015625,-7.1796875,-0.025390625,-0.04296875,0.0390625
611,6042654,6342654,0.14855957,0.926269531,-0.345825195,0.0195922852,0.0234375,0.1015625,-0.1171875,-1.2890625,-6.015625,-7.1796875,-0.05859375,-0.08984375,0.072265625
612,6048591,6348591,0.148742676,0.926269531,-0.34564209,0.0202026367,0.0390625,0.01953125,-0.1484375,-1.3046875,-6.0078125,-7.1875,-0.05859375,-0.08984375,0.072265625
613,6062611,6362611,0.148925781,0.926269531,-0.34552002,0.0209350586,0.0390625,0.01953125,-0.1484375,-1.3046875,-6.0078125,-7.1875,-0.03515625,-0.125,0.08984375
614,6066354,6366354,0.149169922,0.926269531,-0.345458984,0.0217285156,0.0234375,0.00390625,-0.0703125,-1.328125,-5.9921875,-7.1875,-0.03515625,-0.125,0.08984375
615,6081866,6381866,0.149414062,0.926147461,-0.345458984,0.0228271484,0.0234375,0.00390625,-0.0703125,-1.328125,-5.9921875,-7.1875,-0.0234375,-0.19921875,0.134765625
616,6090379,6390379,0.149719238,0.926086426,-0.34552002,0.0240478516,0.0234375,0.00390625,-0.109375,-1.3671875,-5.9921875,-7.1875,-0.0234375,-0.19921875,0.134765625
617,6103000,6403000,0.150085449,0.925964355,-0.34552002,0.0255737305,0.0234375,0.00390625,-0.109375,-1.3671875,-5.9921875,-7.1875,-0.033203125,-0.275390625,0.189453125
618,6108070,6408070,0.150512695,0.925842285,-0.345581055,0.02734375,0,0.1484375,-0.0703125,-1.421875,-5.984375,-7.1875,-0.033203125,-0.275390625,0.189453125
619,6120743,6420743,0.151000977,0.925720215,-0.345581055,0.0295410156,0,0.1484375,-0.0703125,-1.421875,-5.984375,-7.1875,-0.05859375,-0.392578125,0.26953125
620,6126732,6426732,0.151611328,0.925537109,-0.345581055,0.032043457,-0.03515625,-0.08984375,-0.1953125,-1.5,-5.9765625,-7.1796875,-0.05859375,-0.392578125,0.26953125
621,6142538,6442538,0.15222168,0.925292969,-0.34564209,0.0347900391,-0.03515625,-0.08984375,-0.1953125,-1.5,-5.9765625,-7.1796875,-0.0546875,-0.50390625,0.328125
622,6146273,6446273,0.152832031,0.925048828,-0.34576416,0.0377197266,-0.2109375,-0.14453125,-0.31640625,-1.59375,-5.9609375,-7.171875,-0.0546875,-0.50390625,0.328125
623,6160425,6460425,0.153625488,0.924682617,-0.345947266,0.0411376953,-0.2109375,-0.14453125,-0.31640625,-1.59375,-5.9609375,-7.171875,-0.046875,-0.5859375,0.392578125
624,6169003,6469003,0.15447998,0.924316406,-0.346069336,0.0447387695,-0.16015625,-0.12890625,-0.29296875,-1.71875,-5.9375,-7.15625,-0.046875,-0.5859375,0.392578125
625,6181570,6481570,0.155273438,0.923950195,-0.346252441,0.0485229492,-0.16015625,-0.12890625,-0.29296875,-1.71875,-5.9375,-7.15625,-0.056640625,-0.689453125,0.443359375
626,6186241,6486241,0.15612793,0.923522949,-0.346374512,0.0524902344,-0.2109375,-0.23046875,-0.4609375,-1.859375,-5.9140625,-7.140625,-0.056640625,-0.689453125,0.443359375
627,6200094,6500094,0.156982422,0.923095703,-0.346374512,0.0569458008,-0.2109375,-0.23046875,-0.4609375,-1.859375,-5.9140625,-7.140625,-0.1015625,-0.7578125,0.482421875
628,6206089,6506089,0.157897949,0.922668457,-0.346374512,0.0614624023,-0.2109375,-0.26171875,-0.36328125,-2.015625,-5.8828125,-7.125,-0.1015625,-0.7578125,0.482421875
629,6220207,6520207,0.158874512,0.922119141,-0.346557617,0.0661010742,-0.2109375,-0.26171875,-0.36328125,-2.015625,-5.8828125,-7.125,-0.0625,-0.82421875,0.525390625
630,6226180,6526180,0.159851074,0.921447754,-0.346862793,0.0710449219,-0.15234375,-0.55859375,-0.30078125,-2.1875,-5.8515625,-7.109375,-0.0625,-0.82421875,0.525390625
631,6241499,6541499,0.160766602,0.920715332,-0.347351074,0.0759887695,-0.15234375,-0.55859375,-0.30078125,-2.1875,-5.8515625,-7.109375,0.0234375,-0.912109375,0.548828125
632,6249623,6549623,0.161682129,0.91986084,-0.348022461,0.0809936523,-0.26953125,-0.5078125,-0.2265625,-2.375,-5.828125,-7.0703125,0.0234375,-0.912109375,0.548828125
633,6260503,6560503,0.162658691,0.918884277,-0.348876953,0.0866088867,-0.26953125,-0.5078125,-0.2265625,-2.375,-5.828125,-7.0703125,0.056640625,-0.998046875,0.5703125
634,6265167,6565167,0.163513184,0.917907715,-0.34967041,0.0921020508,-0.23046875,-0.1484375,-0.203125,-2.5703125,-5.8046875,-7.015625,0.056640625,-0.998046875,0.5703125
635,6278640,6578640,0.164489746,0.916748047,-0.350524902,0.0982666016,-0.23046875,-0.1484375,-0.203125,-2.5703125,-5.8046875,-7.015625,0.052734375,-1.10546875,0.625
636,6284633,6584633,0.165405273,0.915588379,-0.351379395,0.104553223,-0.125,0.05859375,-0.0390625,-2.7890625,-5.78125,-6.953125,0.052734375,-1.10546875,0.625
637,6298319,6598319,0.166320801,0.914306641,-0.352233887,0.111206055,-0.125,0.05859375,-0.0390625,-2.7890625,-5.78125,-6.953125,0.052734375,-1.22851562,0.6640625
638,6305685,6605685,0.167236328,0.912902832,-0.353149414,0.117980957,0.03125,-0.125,-0.3359375,-3.0234375,-5.75,-6.8828125,0.052734375,-1.22851562,0.6640625
639,6317982,6617982,0.168212891,0.911437988,-0.354187012,0.124694824,0.03125,-0.125,-0.3359375,-3.0234375,-5.75,-6.8828125,0.095703125,-1.3125,0.724609375
640,6327190,6627190,0.169311523,0.909729004,-0.35534668,0.132324219,0.05078125,-0.1171875,-0.15625,-3.2734375,-5.71875,-6.796875,0.095703125,-1.3125,0.724609375
641,6340816,6640816,0.170410156,0.907958984,-0.356445312,0.139648438,0.05078125,-0.1171875,-0.15625,-3.2734375,-5.71875,-6.796875,0.09375,-1.3359375,0.755859375
642,6344540,6644540,0.171447754,0.90625,-0.35748291,0.146606445,0.09765625,-0.2265625,-0.1484375,-3.546875,-5.6875,-6.6875,0.09375,-1.3359375,0.755859375
643,6359094,6659094,0.172607422,0.904418945,-0.358642578,0.153808594,0.09765625,-0.2265625,-0.1484375,-3.546875,-5.6875,-6.6875,0.13671875,-1.32617188,0.76171875
644,6364159,6664159,0.173828125,0.90234375,-0.359863281,0.161376953,0.078125,-0.33984375,-0.05859375,-3.796875,-5.6484375,-6.5859375,0.13671875,-1.32617188,0.76171875
645,6380421,6680421,0.174865723,0.90032959,-0.361083984,0.168457031,0.078125,-0.33984375,-0.05859375,-3.796875,-5.6484375,-6.5859375,0.154296875,-1.29492188,0.716796875
646,6384146,6684146,0.175842285,0.8984375,-0.362243652,0.175048828,0.11328125,-0.11328125,-0.03125,-4.0625,-5.609375,-6.4609375,0.154296875,-1.29492188,0.716796875
647,6399363,6699363,0.176696777,0.896484375,-0.363342285,0.181640625,0.11328125,-0.11328125,-0.03125,-4.0625,-5.609375,-6.4609375,0.138671875,-1.23828125,0.662109375
648,6408649,6708649,0.17755127,0.894470215,-0.364501953,0.188415527,0.1171875,-0.03515625,0.01171875,-4.296875,-5.5703125,-6.3515625,0.138671875,-1.23828125,0.662109375
649,6421991,6721991,0.178283691,0.89251709,-0.365661621,0.194702148,0.1171875,-0.03515625,0.01171875,-4.296875,-5.5703125,-6.3515625,0.150390625,-1.15039062,0.59765625
650,6426786,6726786,0.178955078,0.890686035,-0.366699219,0.200439453,0.34375,0.1171875,0.1171875,-4.5234375,-5.53125,-6.2265625,0.150390625,-1.15039062,0.59765625
651,6438747,6738747,0.1796875,0.88873291,-0.367858887,0.206420898,0.34375,0.1171875,0.1171875,-4.5234375,-5.53125,-6.2265625,0.154296875,-1.05859375,0.556640625
652,6445125,6745125,0.180358887,0.886901855,-0.368835449,0.211791992,0.42578125,0.27734375,0.26953125,-4.71875,-5.5,-6.109375,0.154296875,-1.05859375,0.556640625
653,6458734,6758734,0.180969238,0.885192871,-0.369750977,0.216674805,0.42578125,0.27734375,0.26953125,-4.71875,-5.5,-6.109375,0.12890625,-0.943359375,0.505859375
654,6465076,6765076,0.181640625,0.883483887,-0.370605469,0.221679688,0.56640625,0.3125,0.34375,-4.8984375,-5.4609375,-5.9921875,0.12890625,-0.943359375,0.505859375
655,6478695,6778695,0.182250977,0.881835938,-0.371398926,0.226196289,0.56640625,0.3125,0.34375,-4.8984375,-5.4609375,-5.9921875,0.111328125,-0.8203125,0.44921875
656,6486637,6786637,0.182800293,0.880371094,-0.372070312,0.230407715,0.41796875,0.359375,0.43359375,-5.0546875,-5.4296875,-5.890625,0.111328125,-0.8203125,0.44921875
657,6501550,6801550,0.183227539,0.87902832,-0.372619629,0.23425293,0.41796875,0.359375,0.43359375,-5.0546875,-5.4296875,-5.890625,0.064453125,-0.705078125,0.37109375
658,6505281,6805281,0.183532715,0.877807617,-0.373046875,0.237792969,0.51171875,0.3671875,0.421875,-5.1875,-5.3984375,-5.8046875,0.064453125,-0.705078125,0.37109375
659,6518223,6818223,0.183837891,0.876708984,-0.373474121,0.241027832,0.51171875,0.3671875,0.421875,-5.1875,-5.3984375,-5.8046875,0.060546875,-0.568359375,0.29296875
660,6524578,6824578,0.184082031,0.875732422,-0.373901367,0.243774414,0.54296875,0.3359375,0.4296875,-5.296875,-5.3671875,-5.734375,0.060546875,-0.568359375,0.29296875
661,6539488,6839488,0.184326172,0.87487793,-0.374145508,0.24621582,0.54296875,0.3359375,0.4296875,-5.296875,-5.3671875,-5.734375,0.015625,-0.42578125,0.21875
662,6543225,6843225,0.184448242,0.874206543,-0.374328613,0.248168945,0.515625,0.3515625,0.2890625,-5.3828125,-5.34375,-5.671875,0.015625,-0.42578125,0.21875
663,6558003,6858003,0.184631348,0.873596191,-0.374450684,0.249938965,0.515625,0.3515625,0.2890625,-5.3828125,-5.34375,-5.671875,0.015625,-0.287109375,0.146484375
664,6567589,6867589,0.184753418,0.873168945,-0.374633789,0.251281738,0.34765625,0.21875,0.25,-5.4453125,-5.328125,-5.6328125,0.015625,-0.287109375,0.146484375
665,6579187,6879187,0.184814453,0.872802734,-0.374816895,0.252197266,0.34765625,0.21875,0.25,-5.4453125,-5.328125,-5.6328125,0.0234375,-0.14453125,0.076171875
666,6582913,6882913,0.184936523,0.872558594,-0.374938965,0.252746582,0.29296875,0.25,0.15234375,-5.46875,-5.3203125,-5.609375,0.0234375,-0.14453125,0.076171875
667,6597283,6897283,0.184997559,0.872436523,-0.375,0.252929688,0.29296875,0.25,0.15234375,-5.46875,-5.3203125,-5.609375,0.017578125,0.00390625,0.013671875
668,6608344,6908344,0.185119629,0.872497559,-0.375061035,0.252685547,0.15625,0.36328125,0.10546875,-5.484375,-5.3203125,-5.6015625,0.017578125,0.00390625,0.013671875
669,6619106,6919106,0.185119629,0.872680664,-0.375,0.252075195,0.15625,0.36328125,0.10546875,-5.484375,-5.3203125,-5.6015625,-0.01953125,0.16796875,-0.06640625
670,6622841,6922841,0.185119629,0.873046875,-0.374755859,0.251098633,0.1015625,0.40234375,0.11328125,-5.46875,-5.3203125,-5.609375,-0.01953125,0.16796875,-0.06640625
671,6637143,6937143,0.185058594,0.873657227,-0.374450684,0.249511719,0.1015625,0.40234375,0.11328125,-5.46875,-5.3203125,-5.609375,-0.044921875,0.3359375,-0.142578125
672,6645619,6945619,0.184997559,0.874389648,-0.374084473,0.247619629,0.0234375,0.10546875,0.18359375,-5.4296875,-5.328125,-5.640625,-0.044921875,0.3359375,-0.142578125
673,6659644,6959644,0.184936523,0.875183105,-0.373718262,0.245178223,0.0234375,0.10546875,0.18359375,-5.4296875,-5.328125,-5.640625,-0.029296875,0.5078125,-0.21484375
674,6663374,6963374,0.184875488,0.876098633,-0.373413086,0.242492676,-0.0078125,-0.03125,0.15234375,-5.359375,-5.34375,-5.6875,-0.029296875,0.5078125,-0.21484375
675,6679882,6979882,0.184753418,0.877258301,-0.373046875,0.238952637,-0.0078125,-0.03125,0.15234375,-5.359375,-5.34375,-5.6875,-0.01953125,0.6875,-0.3203125
676,6687945,6987945,0.184570312,0.878417969,-0.372802734,0.235290527,-0.0625,0,0.0234375,-5.265625,-5.375,-5.75,-0.01953125,0.6875,-0.3203125
677,6700071,7000071,0.184265137,0.879760742,-0.372497559,0.230834961,-0.0625,0,0.0234375,-5.265625,-5.375,-5.75,0.001953125,0.833984375,-0.43359375
678,6704411,7004411,0.183837891,0.881103516,-0.372192383,0.226501465,-0.1171875,0.10546875,0.0234375,-5.1328125,-5.40625,-5.828125,0.001953125,0.833984375,-0.43359375
679,6719788,7019788,0.183227539,0.882751465,-0.371826172,0.221191406,-0.1171875,0.10546875,0.0234375,-5.1328125,-5.40625,-5.828125,-0.03125,0.962890625,-0.55078125
680,6731096,7031096,0.182495117,0.884338379,-0.371398926,0.216003418,-0.12109375,0.19140625,0.08203125,-4.9765625,-5.453125,-5.921875,-0.03125,0.962890625,-0.55078125
681,6736515,7036515,0.18157959,0.886230469,-0.370910645,0.210021973,-0.12109375,0.19140625,0.08203125,-4.9765625,-5.453125,-5.921875,-0.056640625,1.06640625,-0.642578125
682,6744088,7044088,0.180603027,0.888061523,-0.370300293,0.203918457,-0.15625,0.140625,0.15234375,-4.7890625,-5.515625,-6.03125,-0.056640625,1.06640625,-0.642578125
683,6757232,7057232,0.179626465,0.889831543,-0.369689941,0.198120117,-0.15625,0.140625,0.15234375,-4.7890625,-5.515625,-6.03125,-0.078125,1.15234375,-0.697265625
684,6765482,7065482,0.178527832,0.891845703,-0.36895752,0.19140625,-0.05078125,0.1015625,-0.0078125,-4.5859375,-5.5546875,-6.140625,-0.078125,1.15234375,-0.697265625
685,6776251,7076251,0.177490234,0.893798828,-0.368103027,0.184631348,-0.05078125,0.1015625,-0.0078125,-4.5859375,-5.5546875,-6.140625,-0.08203125,1.23828125,-0.7265625
686,6783158,7083158,0.176452637,0.895751953,-0.367370605,0.17767334,-0.09375,-0.03515625,0.03515625,-4.3515625,-5.609375,-6.2578125,-0.08203125,1.23828125,-0.7265625
687,6796774,7096774,0.175415039,0.897583008,-0.366699219,0.170532227,-0.09375,-0.03515625,0.03515625,-4.3515625,-5.609375,-6.2578125,-0.03125,1.31445312,-0.767578125
688,6805162,7105162,0.174316406,0.899414062,-0.366088867,0.163269043,0.0078125,-0.05078125,0.1796875,-4.109375,-5.671875,-6.3671875,-0.03125,1.31445312,-0.767578125
689,6818128,7118128,0.173156738,0.901245117,-0.365478516,0.155639648,0.0078125,-0.05078125,0.1796875,-4.109375,-5.671875,-6.3671875,-0.01953125,1.3671875,-0.822265625
690,6822788,7122788,0.171936035,0.902954102,-0.364868164,0.14831543,-0.14453125,-0.0703125,0.09765625,-3.84375,-5.7265625,-6.4765625,-0.01953125,1.3671875,-0.822265625
691,6836653,7136653,0.170532227,0.904785156,-0.364196777,0.140258789,-0.14453125,-0.0703125,0.09765625,-3.84375,-5.7265625,-6.4765625,-0.017578125,1.36914062,-0.83984375
692,6845332,7145332,0.169189453,0.906433105,-0.363586426,0.132629395,-0.109375,0.02734375,0.015625,-3.5703125,-5.7890625,-6.5859375,-0.017578125,1.36914062,-0.83984375
693,6857991,7157991,0.16784668,0.907958984,-0.363037109,0.125183105,-0.109375,0.02734375,0.015625,-3.5703125,-5.7890625,-6.5859375,0.017578125,1.29882812,-0.8359375
694,6861726,7161726,0.166442871,0.909301758,-0.362609863,0.118041992,-0.078125,-0.22265625,-0.234375,-3.296875,-5.84375,-6.6796875,0.017578125,1.29882812,-0.8359375
695,6875327,7175327,0.164916992,0.910644531,-0.362365723,0.110717773,-0.078125,-0.22265625,-0.234375,-3.296875,-5.84375,-6.6796875,0.095703125,1.19335938,-0.8203125
696,6883220,7183220,0.163330078,0.911682129,-0.362426758,0.103881836,-0.15234375,-0.4296875,-0.2421875,-3.03125,-5.90625,-6.75,0.095703125,1.19335938,-0.8203125
697,6897712,7197712,0.161743164,0.912597656,-0.362609863,0.09765625,-0.15234375,-0.4296875,-0.2421875,-3.03125,-5.90625,-6.75,0.15234375,1.05078125,-0.80859375
698,6901442,7201442,0.16003418,0.913452148,-0.362792969,0.0913085938,-0.046875,0.0546875,-0.35546875,-2.7890625,-5.96875,-6.7890625,0.15234375,1.05078125,-0.80859375
699,6914858,7214858,0.15838623,0.914367676,-0.362854004,0.0848999023,-0.046875,0.0546875,-0.35546875,-2.7890625,-5.96875,-6.7890625,0.10546875,1.00976562,-0.7421875
700,6925619,7225619,0.156921387,0.915161133,-0.362731934,0.0790405273,0.12890625,0.33984375,-0.0859375,-2.546875,-6.0234375,-6.828125,0.10546875,1.00976562,-0.7421875
701,6936555,7236555,0.155639648,0.91595459,-0.362548828,0.0736694336,0.12890625,0.33984375,-0.0859375,-2.546875,-6.0234375,-6.828125,0.05078125,0.8984375,-0.642578125
702,6941584,7241584,0.154296875,0.916687012,-0.362304688,0.068359375,0.33984375,0.30859375,-0.0859375,-2.3359375,-6.0703125,-6.8671875,0.05078125,0.8984375,-0.642578125
703,6957247,7257247,0.153076172,0.917358398,-0.361999512,0.0635986328,0.33984375,0.30859375,-0.0859375,-2.3359375,-6.0703125,-6.8671875,0.0078125,0.787109375,-0.587890625
704,6967918,7267918,0.151794434,0.918029785,-0.36151123,0.0592651367,0.3828125,0.41796875,0.09765625,-2.1484375,-6.1015625,-6.8984375,0.0078125,0.787109375,-0.587890625
705,6978449,7278449,0.15045166,0.918823242,-0.360778809,0.0549926758,0.3828125,0.41796875,0.09765625,-2.1484375,-6.1015625,-6.8984375,-0.12109375,0.693359375,-0.568359375
706,6982064,7282064,0.149108887,0.919677734,-0.359680176,0.0509643555,0.5546875,0.625,0.25390625,-1.9765625,-6.1171875,-6.9375,-0.12109375,0.693359375,-0.568359375
707,6995940,7295940,0.147888184,0.920593262,-0.358398438,0.0469360352,0.5546875,0.625,0.25390625,-1.9765625,-6.1171875,-6.9375,-0.1875,0.650390625,-0.470703125
708,7002112,7302112,0.146911621,0.921325684,-0.357299805,0.0434570312,0.546875,0.05078125,0.33984375,-1.8125,-6.1171875,-6.984375,-0.1875,0.650390625,-0.470703125
709,7014075,7314075,0.146118164,0.921936035,-0.356506348,0.0404663086,0.546875,0.05078125,0.33984375,-1.8125,-6.1171875,-6.984375,-0.068359375,0.5078125,-0.357421875
710,7020975,7320975,0.145385742,0.922363281,-0.355957031,0.0376586914,0.3828125,-0.1875,0.4140625,-1.6875,-6.109375,-7.0234375,-0.068359375,0.5078125,-0.357421875
711,7035949,7335949,0.14465332,0.922729492,-0.35546875,0.0353393555,0.3828125,-0.1875,0.4140625,-1.6875,-6.109375,-7.0234375,-0.056640625,0.357421875,-0.287109375
712,7049215,7349215,0.143981934,0.923095703,-0.354980469,0.0333862305,0.2734375,0.00390625,0.27734375,-1.578125,-6.109375,-7.0390625,-0.056640625,0.357421875,-0.287109375
713,7059046,7359046,0.143249512,0.923522949,-0.354309082,0.0318603516,0.2734375,0.00390625,0.27734375,-1.578125,-6.109375,-7.0390625,-0.130859375,0.228515625,-0.236328125
714,7062992,7362992,0.142578125,0.923950195,-0.35357666,0.0305786133,0.1953125,-0.04296875,-0.00390625,-1.5,-6.1015625,-7.0625,-0.130859375,0.228515625,-0.236328125
715,7075920,7375920,0.141967773,0.924377441,-0.352905273,0.0293579102,0.1953125,-0.04296875,-0.00390625,-1.5,-6.1015625,-7.0625,-0.123046875,0.189453125,-0.201171875
716,7081096,7381096,0.141296387,0.924743652,-0.352233887,0.0281982422,0.1796875,-0.25,-0.09765625,-1.4453125,-6.0859375,-7.0859375,-0.123046875,0.189453125,-0.201171875
717,7095226,7395226,0.140686035,0.925109863,-0.35168457,0.0269775391,0.1796875,-0.25,-0.09765625,-1.4453125,-6.0859375,-7.0859375,-0.103515625,0.212890625,-0.208984375
718,7101198,7401198,0.140136719,0.925476074,-0.351013184,0.0256958008,0.1328125,-0.1015625,-0.34765625,-1.3984375,-6.078125,-7.1015625,-0.103515625,0.212890625,-0.208984375
719,7115301,7415301,0.139709473,0.92578125,-0.350402832,0.0244140625,0.1328125,-0.1015625,-0.34765625,-1.3984375,-6.078125,-7.1015625,-0.091796875,0.228515625,-0.158203125
720,7125931,7425931,0.139404297,0.926025391,-0.349975586,0.0231323242,-0.12109375,-0.41796875,-0.33203125,-1.3359375,-6.0703125,-7.1171875,-0.091796875,0.228515625,-0.158203125
721,7137283,7437283,0.139221191,0.926208496,-0.34967041,0.0220336914,-0.12109375,-0.41796875,-0.33203125,-1.3359375,-6.0703125,-7.1171875,-0.025390625,0.1953125,-0.125
722,7141028,7441028,0.138977051,0.926391602,-0.34942627,0.0209960938,-0.27734375,-0.34765625,-0.125,-1.296875,-6.0625,-7.1328125,-0.025390625,0.1953125,-0.125
723,7155998,7455998,0.13885498,0.926513672,-0.349121094,0.0201416016,-0.27734375,-0.34765625,-0.125,-1.296875,-6.0625,-7.1328125,-0.044921875,0.1328125,-0.07421875
724,7161221,7461221,0.13873291,0.926635742,-0.348815918,0.0195922852,-0.27734375,-0.2734375,-0.1171875,-1.2578125,-6.0625,-7.140625,-0.044921875,0.1328125,-0.07421875
725,7174386,7474386,0.138671875,0.926818848,-0.348388672,0.0192871094,-0.27734375,-0.2734375,-0.1171875,-1.2578125,-6.0625,-7.140625,-0.08203125,0.03515625,-0.0234375
726,7180765,7480765,0.13861084,0.926940918,-0.348083496,0.0191650391,-0.37109375,-0.47265625,-0.2265625,-1.2421875,-6.0546875,-7.1484375,-0.08203125,0.03515625,-0.0234375
727,7196078,7496078,0.13848877,0.927062988,-0.347900391,0.0191040039,-0.37109375,-0.47265625,-0.2265625,-1.2421875,-6.0546875,-7.1484375,-0.025390625,0.01171875,-0.033203125
728,7206661,7506661,0.138366699,0.927124023,-0.34777832,0.0189208984,-0.109375,-0.2890625,-0.21875,-1.234375,-6.046875,-7.15625,-0.025390625,0.01171875,-0.033203125
729,7217113,7517113,0.138305664,0.927124023,-0.34777832,0.018737793,-0.109375,-0.2890625,-0.21875,-1.234375,-6.046875,-7.15625,0.005859375,0.033203125,-0.017578125
730,7220856,7520856,0.138305664,0.927124023,-0.347839355,0.0186157227,-0.0390625,-0.2890625,-0.0625,-1.2265625,-6.046875,-7.15625,0.005859375,0.033203125,-0.017578125
731,7234347,7534347,0.13848877,0.927001953,-0.347961426,0.018737793,-0.0390625,-0.2890625,-0.0625,-1.2265625,-6.046875,-7.15625,0.029296875,-0.033203125,0.048828125
732,7244220,7544220,0.138671875,0.926940918,-0.348144531,0.0191040039,-0.15625,-0.2890625,0.01171875,-1.2265625,-6.046875,-7.15625,0.029296875,-0.033203125,0.048828125
733,7253797,7553797,0.138916016,0.926818848,-0.348205566,0.0198974609,-0.15625,-0.2890625,0.01171875,-1.2265625,-6.046875,-7.15625,-0.0078125,-0.15625,0.115234375
734,7261703,7561703,0.139221191,0.926757812,-0.348205566,0.0209350586,-0.0546875,-0.05859375,-0.140625,-1.25,-6.046875,-7.15625,-0.0078125,-0.15625,0.115234375
735,7273999,7573999,0.139587402,0.926757812,-0.348144531,0.0222167969,-0.0546875,-0.05859375,-0.140625,-1.25,-6.046875,-7.15625,-0.068359375,-0.220703125,0.189453125
736,7285253,7585253,0.140136719,0.926696777,-0.347961426,0.0236206055,0.10546875,-0.06640625,-0.0625,-1.296875,-6.0390625,-7.15625,-0.068359375,-0.220703125,0.189453125
737,7295932,7595932,0.140808105,0.926574707,-0.347839355,0.0252685547,0.10546875,-0.06640625,-0.0625,-1.296875,-6.0390625,-7.15625,-0.044921875,-0.271484375,0.259765625
738,7299668,7599668,0.141601562,0.926391602,-0.34777832,0.0270996094,0.19921875,-0.1875,-0.0703125,-1.3515625,-6.03125,-7.1484375,-0.044921875,-0.271484375,0.259765625
739,7314964,7614964,0.142578125,0.926208496,-0.34777832,0.0292358398,0.19921875,-0.1875,-0.0703125,-1.3515625,-6.03125,-7.1484375,-0.03515625,-0.333984375,0.34765625
740,7321621,7621621,0.143615723,0.925964355,-0.347839355,0.0314941406,0.1328125,-0.28125,-0.109375,-1.4375,-6.015625,-7.1484375,-0.03515625,-0.333984375,0.34765625
741,7334168,7634168,0.144836426,0.925598145,-0.347961426,0.0343017578,0.1328125,-0.28125,-0.109375,-1.4375,-6.015625,-7.1484375,-0.033203125,-0.4609375,0.431640625
742,7340146,7640146,0.146057129,0.925292969,-0.348022461,0.0373535156,0.00390625,-0.265625,-0.15625,-1.5390625,-5.9921875,-7.140625,-0.033203125,-0.4609375,0.431640625
743,7354120,7654120,0.147338867,0.924926758,-0.348083496,0.0407104492,0.00390625,-0.265625,-0.15625,-1.5390625,-5.9921875,-7.140625,-0.0625,-0.560546875,0.5
744,7366239,7666239,0.148681641,0.924499512,-0.348144531,0.0443115234,0.12890625,-0.1953125,-0.2421875,-1.6640625,-5.984375,-7.1328125,-0.0625,-0.560546875,0.5
745,7377542,7677542,0.150146484,0.924072266,-0.348205566,0.048034668,0.12890625,-0.1953125,-0.2421875,-1.6640625,-5.984375,-7.1328125,-0.056640625,-0.630859375,0.56640625
746,7382550,7682550,0.151672363,0.923583984,-0.348266602,0.0522460938,0.19921875,-0.07421875,-0.140625,-1.8125,-5.953125,-7.1171875,-0.056640625,-0.630859375,0.56640625
747,7394315,7694315,0.153198242,0.922973633,-0.348388672,0.0568237305,0.19921875,-0.07421875,-0.140625,-1.8125,-5.953125,-7.1171875,-0.0703125,-0.783203125,0.638671875
748,7400242,7700242,0.154724121,0.922424316,-0.348449707,0.0616455078,0.296875,-0.06640625,-0.28125,-1.984375,-5.921875,-7.09375,-0.0703125,-0.783203125,0.638671875
749,7415353,7715353,0.15637207,0.92175293,-0.348449707,0.0672607422,0.296875,-0.06640625,-0.28125,-1.984375,-5.921875,-7.09375,-0.099609375,-0.9453125,0.716796875
750,7419083,7719083,0.157958984,0.921020508,-0.348510742,0.0728759766,0.26953125,-0.03125,-0.37890625,-2.1875,-5.8828125,-7.0703125,-0.099609375,-0.9453125,0.716796875
751,7432723,7732723,0.159851074,0.920043945,-0.348754883,0.0794677734,0.26953125,-0.03125,-0.37890625,-2.1875,-5.8828125,-7.0703125,-0.05078125,-1.10351562,0.830078125
752,7444043,7744043,0.161804199,0.918945312,-0.349182129,0.0863037109,0.38671875,-0.15234375,-0.37890625,-2.421875,-5.8359375,-7.03125,-0.05078125,-1.10351562,0.830078125
753,7453676,7753676,0.163696289,0.917785645,-0.349609375,0.0931396484,0.38671875,-0.15234375,-0.37890625,-2.421875,-5.8359375,-7.03125,-0.025390625,-1.26757812,0.92578125
754,7459662,7759662,0.165771484,0.916320801,-0.350158691,0.101196289,0.34765625,-0.1640625,-0.28125,-2.6875,-5.7890625,-6.9765625,-0.025390625,-1.26757812,0.92578125
755,7471630,7771630,0.16784668,0.914794922,-0.350769043,0.109313965,0.34765625,-0.1640625,-0.28125,-2.6875,-5.7890625,-6.9765625,-0.00390625,-1.42773438,0.998046875
756,7480820,7780820,0.169921875,0.913024902,-0.351623535,0.117675781,0.19140625,-0.30078125,-0.50390625,-2.9921875,-5.7265625,-6.90625,-0.00390625,-1.42773438,0.998046875
757,7492113,7792113,0.172058105,0.911132812,-0.352722168,0.126037598,0.19140625,-0.30078125,-0.50390625,-2.9921875,-5.7265625,-6.90625,0.14453125,-1.58203125,1.08789062
758,7499394,7799394,0.174438477,0.908691406,-0.354187012,0.135681152,0.046875,-0.31640625,-0.33203125,-3.3046875,-5.671875,-6.8125,0.14453125,-1.58203125,1.08789062
759,7512605,7812605,0.176635742,0.90625,-0.355651855,0.145080566,0.046875,-0.31640625,-0.33203125,-3.3046875,-5.671875,-6.8125,0.197265625,-1.73046875,1.13867188
760,7523894,7823894,0.178833008,0.903503418,-0.357299805,0.155029297,0.0234375,-0.3359375,-0.28125,-3.6640625,-5.6171875,-6.671875,0.197265625,-1.73046875,1.13867188
761,7534505,7834505,0.180786133,0.900878906,-0.358764648,0.164367676,0.0234375,-0.3359375,-0.28125,-3.6640625,-5.6171875,-6.671875,0.19140625,-1.78320312,1.1328125
762,7538227,7838227,0.182800293,0.898010254,-0.360351562,0.174194336,0.01953125,-0.50390625,-0.19921875,-4.0078125,-5.5625,-6.5234375,0.19140625,-1.78320312,1.1328125
763,7552820,7852820,0.184753418,0.894836426,-0.362121582,0.184326172,0.01953125,-0.50390625,-0.19921875,-4.0078125,-5.5625,-6.5234375,0.259765625,-1.8515625,1.12304688
764,7560668,7860668,0.186706543,0.891418457,-0.364135742,0.194824219,-0.26953125,-0.61328125,-0.0703125,-4.3671875,-5.4921875,-6.34375,0.259765625,-1.8515625,1.12304688
765,7570963,7870963,0.188415527,0.887878418,-0.366333008,0.204956055,-0.26953125,-0.61328125,-0.0703125,-4.3671875,-5.4921875,-6.34375,0.375,-1.9140625,1.09570312
766,7579226,7879226,0.190124512,0.884094238,-0.368774414,0.21496582,-0.171875,-0.58984375,-0.20703125,-4.734375,-5.4375,-6.1328125,0.375,-1.9140625,1.09570312
767,7595264,7895264,0.191650391,0.880310059,-0.371276855,0.22467041,-0.171875,-0.58984375,-0.20703125,-4.734375,-5.4375,-6.1328125,0.4375,-1.92773438,1.05078125
768,7603974,7903974,0.193115234,0.876342773,-0.373718262,0.234558105,-0.2109375,0.0078125,-0.01171875,-5.078125,-5.3828125,-5.90625,0.4375,-1.92773438,1.05078125
769,7615041,7915041,0.194458008,0.872314453,-0.376098633,0.244567871,-0.2109375,0.0078125,-0.01171875,-5.078125,-5.3828125,-5.90625,0.369140625,-1.921875,1.01367188
770,7618764,7918764,0.195678711,0.868225098,-0.378295898,0.254516602,-0.3046875,0.2109375,-0.17578125,-5.40625,-5.3203125,-5.6640625,0.369140625,-1.921875,1.01367188
771,7636244,7936244,0.196777344,0.863952637,-0.380432129,0.264892578,-0.3046875,0.2109375,-0.17578125,-5.40625,-5.3203125,-5.6640625,0.3046875,-1.88085938,0.95703125
772,7640023,7940023,0.197570801,0.860107422,-0.382141113,0.274108887,-0.55078125,0.484375,-0.2421875,-5.734375,-5.25,-5.40625,0.3046875,-1.88085938,0.95703125
773,7652253,7952253,0.198181152,0.856262207,-0.383728027,0.283325195,-0.55078125,0.484375,-0.2421875,-5.734375,-5.25,-5.40625,0.216796875,-1.79882812,0.84765625
774,7658620,7958620,0.198608398,0.852539062,-0.385192871,0.292175293,-0.4140625,0.5234375,-0.01953125,-6.0234375,-5.171875,-5.171875,0.216796875,-1.79882812,0.84765625
775,7675182,7975182,0.198913574,0.848937988,-0.38659668,0.300476074,-0.4140625,0.5234375,-0.01953125,-6.0234375,-5.171875,-5.171875,0.208984375,-1.6328125,0.734375
776,7683223,7983223,0.19909668,0.84552002,-0.388000488,0.308105469,-0.28125,0.328125,0.015625,-6.2734375,-5.09375,-4.9375,0.208984375,-1.6328125,0.734375
777,7693928,7993928,0.19909668,0.841918945,-0.389465332,0.315917969,-0.28125,0.328125,0.015625,-6.2734375,-5.09375,-4.9375,0.228515625,-1.58203125,0.630859375
778,7697749,7997749,0.198913574,0.838439941,-0.391052246,0.323364258,-0.40625,0.34375,-0.01171875,-6.4921875,-5.03125,-4.71875,0.228515625,-1.58203125,0.630859375
779,7714643,8014643,0.198547363,0.834777832,-0.392700195,0.330932617,-0.40625,0.34375,-0.01171875,-6.4921875,-5.03125,-4.71875,0.212890625,-1.49414062,0.513671875
780,7719047,8019047,0.198120117,0.831604004,-0.394104004,0.337463379,0.1484375,0.87109375,0.13671875,-6.703125,-4.984375,-4.484375,0.212890625,-1.49414062,0.513671875
781,7732981,8032981,0.197509766,0.828369141,-0.395446777,0.344055176,0.1484375,0.87109375,0.13671875,-6.703125,-4.984375,-4.484375,0.166015625,-1.328125,0.421875
782,7736704,8036704,0.196838379,0.825561523,-0.396606445,0.34979248,0.359375,0.86328125,0.1640625,-6.875,-4.9375,-4.28125,0.166015625,-1.328125,0.421875
783,7754498,8054498,0.196105957,0.822814941,-0.397705078,0.35534668,0.359375,0.86328125,0.1640625,-6.875,-4.9375,-4.28125,0.111328125,-1.12695312,0.314453125
784,7762644,8062644,0.195373535,0.820495605,-0.398620605,0.360168457,0.5703125,0.82421875,0.359375,-7.0078125,-4.8984375,-4.09375,0.111328125,-1.12695312,0.314453125
785,7773046,8073046,0.194763184,0.81842041,-0.399291992,0.364440918,0.5703125,0.82421875,0.359375,-7.0078125,-4.8984375,-4.09375,0.046875,-0.890625,0.263671875
786,7776788,8076788,0.194213867,0.816650391,-0.399780273,0.368164062,0.75390625,0.6796875,0.36328125,-7.1171875,-4.8671875,-3.9453125,0.046875,-0.890625,0.263671875
787,7794107,8094107,0.193847656,0.815124512,-0.400024414,0.371398926,0.75390625,0.6796875,0.36328125,-7.1171875,-4.8671875,-3.9453125,-0.01171875,-0.568359375,0.21875
788,7797859,8097859,0.193664551,0.814147949,-0.399963379,0.373718262,0.91015625,0.32421875,0.5703125,-7.1953125,-4.8203125,-3.84375,-0.01171875,-0.568359375,0.21875
789,7810900,8110900,0.193603516,0.813354492,-0.399780273,0.375671387,0.91015625,0.32421875,0.5703125,-7.1953125,-4.8203125,-3.84375,-0.052734375,-0.279296875,0.173828125
790,7819002,8119002,0.193725586,0.812988281,-0.399414062,0.376831055,0.84765625,0.1015625,0.4375,-7.25,-4.7890625,-3.7890625,-0.052734375,-0.279296875,0.173828125
791,7834256,8134256,0.193908691,0.812927246,-0.398986816,0.377319336,0.84765625,0.1015625,0.4375,-7.25,-4.7890625,-3.7890625,-0.0703125,0.021484375,0.08203125
792,7843232,8143232,0.194213867,0.813171387,-0.39855957,0.37713623,0.87109375,0,0.4609375,-7.2734375,-4.765625,-3.7734375,-0.0703125,0.021484375,0.08203125
793,7853264,8153264,0.194458008,0.813720703,-0.398071289,0.376281738,0.87109375,0,0.4609375,-7.2734375,-4.765625,-3.7734375,-0.076171875,0.291015625,-0.046875
794,7856996,8156996,0.194702148,0.81463623,-0.397583008,0.374694824,0.703125,0.03125,0.375,-7.2578125,-4.7578125,-3.8046875,-0.076171875,0.291015625,-0.046875
795,7875713,8175713,0.194885254,0.815979004,-0.396972656,0.372375488,0.703125,0.03125,0.375,-7.2578125,-4.7578125,-3.8046875,-0.09375,0.556640625,-0.181640625
796,7880586,8180586,0.195068359,0.817504883,-0.396362305,0.369506836,0.6171875,-0.11328125,0.32421875,-7.2109375,-4.765625,-3.8671875,-0.09375,0.556640625,-0.181640625
797,7893081,8193081,0.195251465,0.819335938,-0.395751953,0.366027832,0.6171875,-0.11328125,0.32421875,-7.2109375,-4.765625,-3.8671875,-0.08984375,0.81640625,-0.302734375
798,7896803,8196803,0.195495605,0.821289062,-0.395202637,0.361999512,0.546875,-0.2734375,0.203125,-7.140625,-4.796875,-3.9765625,-0.08984375,0.81640625,-0.302734375
799,7914310,8214310,0.195800781,0.823730469,-0.39465332,0.356872559,0.546875,-0.2734375,0.203125,-7.140625,-4.796875,-3.9765625,-0.044921875,1.0703125,-0.421875
800,7922622,8222622,0.196105957,0.826171875,-0.394226074,0.35144043,0.39453125,-0.41796875,0.19140625,-7.0234375,-4.84375,-4.1171875,-0.044921875,1.0703125,-0.421875
801,7932110,8232110,0.196533203,0.828796387,-0.393920898,0.345397949,0.39453125,-0.41796875,0.19140625,-7.0234375,-4.84375,-4.1171875,0.0234375,1.31835938,-0.53125
802,7935839,8235839,0.196960449,0.831604004,-0.393676758,0.338684082,0.0546875,-0.34765625,0.43359375,-6.875,-4.9140625,-4.28125,0.0234375,1.31835938,-0.53125
803,7955256,8255256,0.19744873,0.834716797,-0.393432617,0.330932617,0.0546875,-0.34765625,0.43359375,-6.875,-4.9140625,-4.28125,0.05859375,1.515625,-0.623046875
804,7959964,8259964,0.197875977,0.837768555,-0.393188477,0.323120117,-0.2890625,-0.23046875,0.2421875,-6.6875,-4.9921875,-4.4765625,0.05859375,1.515625,-0.623046875
805,7971475,8271475,0.198303223,0.841003418,-0.392883301,0.314697266,-0.2890625,-0.23046875,0.2421875,-6.6875,-4.9921875,-4.4765625,0.05078125,1.68554688,-0.712890625
806,7975081,8275081,0.198608398,0.844177246,-0.39251709,0.306335449,-0.421875,0.0546875,0.1796875,-6.4765625,-5.0859375,-4.6796875,0.05078125,1.68554688,-0.712890625
807,7993856,8293856,0.198791504,0.847717285,-0.392028809,0.296875,-0.421875,0.0546875,0.1796875,-6.4765625,-5.0859375,-4.6796875,0.01953125,1.84765625,-0.833984375
808,8002524,8302524,0.198852539,0.851379395,-0.391479492,0.28704834,-0.2109375,0.1953125,0.12890625,-6.2265625,-5.1875,-4.8984375,0.01953125,1.84765625,-0.833984375
809,8012273,8312273,0.198608398,0.855041504,-0.390869141,0.276916504,-0.2109375,0.1953125,0.12890625,-6.2265625,-5.1875,-4.8984375,-0.015625,2.00585938,-0.984375
810,8015879,8315879,0.198181152,0.858825684,-0.390075684,0.266479492,-0.26953125,0.3046875,0.01171875,-5.9375,-5.296875,-5.125,-0.015625,2.00585938,-0.984375
811,8033277,8333277,0.197509766,0.862854004,-0.389038086,0.255126953,-0.26953125,0.3046875,0.01171875,-5.9375,-5.296875,-5.125,-0.09765625,2.0859375,-1.08203125
812,8036880,8336880,0.196716309,0.866699219,-0.387878418,0.244384766,-0.33203125,0.48828125,0.03125,-5.609375,-5.40625,-5.375,-0.09765625,2.0859375,-1.08203125
813,8051827,8351827,0.195617676,0.870849609,-0.386291504,0.23260498,-0.33203125,0.48828125,0.03125,-5.609375,-5.40625,-5.375,-0.20703125,2.17382812,-1.1640625
814,8057463,8357463,0.194519043,0.874755859,-0.38458252,0.221618652,0,0.33203125,-0.1875,-5.25,-5.515625,-5.6171875,-0.20703125,2.17382812,-1.1640625
815,8073588,8373588,0.193115234,0.87890625,-0.382568359,0.209594727,0,0.33203125,-0.1875,-5.25,-5.515625,-5.6171875,-0.265625,2.18359375,-1.19921875
816,8081105,8381105,0.191711426,0.882751465,-0.380554199,0.197875977,0,0.1484375,-0.08984375,-4.8671875,-5.6015625,-5.8671875,-0.265625,2.18359375,-1.19921875
817,8090290,8390290,0.190246582,0.886352539,-0.378662109,0.186645508,0,0.1484375,-0.08984375,-4.8671875,-5.6015625,-5.8671875,-0.236328125,2.18554688,-1.24609375
818,8096013,8396013,0.188476562,0.890197754,-0.376525879,0.17388916,0.03125,0.00390625,0.0625,-4.4765625,-5.6875,-6.09375,-0.236328125,2.18554688,-1.24609375
819,8113483,8413483,0.186767578,0.893493652,-0.374694824,0.162353516,0.03125,0.00390625,0.0625,-4.4765625,-5.6875,-6.09375,-0.169921875,2.1484375,-1.25585938
820,8118159,8418159,0.184997559,0.896606445,-0.37310791,0.15057373,0.296875,-0.33984375,-0.1875,-4.0546875,-5.765625,-6.3046875,-0.169921875,2.1484375,-1.25585938
821,8129447,8429447,0.183044434,0.899353027,-0.371887207,0.139099121,0.296875,-0.33984375,-0.1875,-4.0546875,-5.765625,-6.3046875,-0.013671875,2.04882812,-1.29296875
822,8135416,8435416,0.180908203,0.901916504,-0.370910645,0.127380371,0.49609375,0.015625,-0.09375,-3.640625,-5.8515625,-6.4765625,-0.013671875,2.04882812,-1.29296875
823,8152398,8452398,0.178588867,0.904296875,-0.369873047,0.116333008,0.49609375,0.015625,-0.09375,-3.640625,-5.8515625,-6.4765625,-0.03125,1.87304688,-1.30273438
824,8160229,8460229,0.176269531,0.90637207,-0.369018555,0.106262207,0.54296875,0.33203125,0.0859375,-3.2265625,-5.9375,-6.6171875,-0.03125,1.87304688,-1.30273438
825,8168917,8468917,0.173706055,0.908325195,-0.368164062,0.0961914062,0.54296875,0.33203125,0.0859375,-3.2265625,-5.9375,-6.6171875,0.01171875,1.63671875,-1.2109375
826,8174887,8474887,0.171142578,0.91015625,-0.36730957,0.0863647461,0.7421875,0.37109375,0.1796875,-2.8515625,-6.015625,-6.7109375,0.01171875,1.63671875,-1.2109375
827,8192333,8492333,0.168762207,0.911743164,-0.366394043,0.0771484375,0.7421875,0.37109375,0.1796875,-2.8515625,-6.015625,-6.7109375,0,1.5703125,-1.15234375
828,8196822,8496822,0.166442871,0.913269043,-0.365539551,0.0681152344,0.60546875,0.43359375,0.3046875,-2.484375,-6.078125,-6.796875,0,1.5703125,-1.15234375
829,8208121,8508121,0.164306641,0.914550781,-0.364685059,0.0600585938,0.60546875,0.43359375,0.3046875,-2.484375,-6.078125,-6.796875,-0.001953125,1.33007812,-1.0234375
830,8214096,8514096,0.16192627,0.915771484,-0.363891602,0.0523071289,0.0078125,0.48046875,0.03125,-2.15625,-6.125,-6.8671875,-0.001953125,1.33007812,-1.0234375
831,8229934,8529934,0.159667969,0.916870117,-0.363037109,0.0456542969,0.0078125,0.48046875,0.03125,-2.15625,-6.125,-6.8671875,-0.06640625,1.02929688,-0.884765625
832,8239947,8539947,0.157653809,0.91784668,-0.362060547,0.0399169922,-0.3515625,0.40234375,-0.10546875,-1.875,-6.1640625,-6.921875,-0.06640625,1.02929688,-0.884765625
833,8251606,8551606,0.155883789,0.918762207,-0.361083984,0.0341796875,-0.3515625,0.40234375,-0.10546875,-1.875,-6.1640625,-6.921875,-0.052734375,0.9609375,-0.73046875
834,8255984,8555984,0.15435791,0.919433594,-0.360473633,0.028503418,-0.77734375,-0.77734375,-0.375,-1.640625,-6.171875,-6.9609375,-0.052734375,0.9609375,-0.73046875
835,8271125,8571125,0.152893066,0.919921875,-0.360412598,0.0223999023,-0.77734375,-0.77734375,-0.375,-1.640625,-6.171875,-6.9609375,0.201171875,0.97265625,-0.701171875
836,8274887,8574887,0.151367188,0.92010498,-0.360839844,0.0168457031,-1.4140625,-1.05078125,-0.3125,-1.421875,-6.203125,-6.984375,0.201171875,0.97265625,-0.701171875
837,8287927,8587927,0.149475098,0.920288086,-0.361328125,0.0112304688,-1.4140625,-1.05078125,-0.3125,-1.421875,-6.203125,-6.984375,0.181640625,0.78125,-0.73046875
838,8294758,8594758,0.147460938,0.920715332,-0.36126709,0.00653076172,-1.21484375,0.03125,-0.43359375,-1.203125,-6.25,-6.9765625,0.181640625,0.78125,-0.73046875
839,8309643,8609643,0.145446777,0.921264648,-0.360717773,0.00256347656,-1.21484375,0.03125,-0.43359375,-1.203125,-6.25,-6.9765625,-0.103515625,0.591796875,-0.6796875
840,8319421,8619421,-0.143554688,-0.92199707,0.359680176,0.00122070312,-0.6640625,0.3203125,-0.6484375,-1.0234375,-6.2734375,-6.9921875,-0.103515625,0.591796875,-0.6796875
841,8329794,8629794,-0.142150879,-0.922546387,0.358642578,0.00518798828,-0.6640625,0.3203125,-0.6484375,-1.0234375,-6.2734375,-6.9921875,-0.064453125,0.705078125,-0.51953125
842,8333514,8633514,-0.141479492,-0.922668457,0.358581543,0.00830078125,1.390625,0.16015625,0.8671875,-0.859375,-6.265625,-7.015625,-0.064453125,0.705078125,-0.51953125
843,8349254,8649254,-0.141601562,-0.922424316,0.359191895,0.00988769531,1.390625,0.16015625,0.8671875,-0.859375,-6.265625,-7.015625,0.14453125,0.189453125,0.015625
844,8353543,8653543,-0.14239502,-0.922424316,0.358886719,0.00994873047,-1.6796875,-2.3046875,-1.66796875,-0.7734375,-6.2890625,-7.0078125,0.14453125,0.189453125,0.015625
845,8369108,8669108,-0.144042969,-0.922424316,0.358215332,0.00805664062,-1.6796875,-2.3046875,-1.66796875,-0.7734375,-6.2890625,-7.0078125,-0.06640625,-0.419921875,0.548828125
846,8372832,8672832,-0.145385742,-0.921875,0.359191895,0.00482177734,-1.05078125,-3.78515625,-1.3828125,-0.828125,-6.265625,-7.0234375,-0.06640625,-0.419921875,0.548828125
847,8389662,8689662,-0.145996094,-0.920898438,0.36138916,0.00115966797,-1.05078125,-3.78515625,-1.3828125,-0.828125,-6.265625,-7.0234375,0.37109375,-0.65625,0.287109375
848,8397631,8697631,0.145935059,0.920288086,-0.362976074,0.00152587891,-1.140625,-1.79296875,-2.2734375,-0.96875,-6.3046875,-6.9765625,0.37109375,-0.65625,0.287109375
849,8408938,8708938,0.145629883,0.92010498,-0.363586426,0.00366210938,-1.140625,-1.79296875,-2.2734375,-0.96875,-6.3046875,-6.9765625,-0.015625,-0.328125,0.078125
850,8412677,8712677,0.145629883,0.920043945,-0.363647461,0.00500488281,-0.7421875,1.13671875,-1.1484375,-1.0625,-6.3203125,-6.953125,-0.015625,-0.328125,0.078125
851,8428066,8728066,0.146057129,0.91998291,-0.363647461,0.00616455078,-0.7421875,1.13671875,-1.1484375,-1.0625,-6.3203125,-6.953125,-0.017578125,-0.16015625,0.193359375
852,8433110,8733110,0.146728516,0.919799805,-0.363830566,0.00738525391,-0.5390625,-0.40625,-0.16015625,-1.109375,-6.3125,-6.9453125,-0.017578125,-0.16015625,0.193359375
853,8448904,8748904,0.147583008,0.919433594,-0.364379883,0.00903320312,-0.5390625,-0.40625,-0.16015625,-1.109375,-6.3125,-6.9453125,0.119140625,-0.29296875,0.318359375
854,8452643,8752643,0.14855957,0.918884277,-0.36529541,0.0110473633,-0.40234375,-0.40625,0.60546875,-1.171875,-6.3125,-6.9453125,0.119140625,-0.29296875,0.318359375
855,8468532,8768532,0.149780273,0.918151855,-0.366577148,0.0138549805,-0.40234375,-0.40625,0.60546875,-1.171875,-6.3125,-6.9453125,0.21875,-0.501953125,0.4453125
856,8476652,8776652,0.150817871,0.917419434,-0.367858887,0.0169067383,-0.109375,0.078125,0.69140625,-1.2734375,-6.3359375,-6.9140625,0.21875,-0.501953125,0.4453125
857,8487668,8787668,0.152038574,0.916625977,-0.36907959,0.0207519531,-0.109375,0.078125,0.69140625,-1.2734375,-6.3359375,-6.9140625,0.107421875,-0.654296875,0.51953125
858,8492718,8792718,0.153259277,0.91607666,-0.369812012,0.0247802734,0.546875,1.12890625,0.49609375,-1.4296875,-6.3515625,-6.875,0.107421875,-0.654296875,0.51953125
859,8509340,8809340,0.154663086,0.915588379,-0.370056152,0.0289916992,0.546875,1.12890625,0.49609375,-1.4296875,-6.3515625,-6.875,-0.091796875,-0.69921875,0.607421875
860,8513990,8813990,0.156188965,0.915222168,-0.369934082,0.0333251953,0.671875,0.953125,0.51171875,-1.59375,-6.328125,-6.8515625,-0.091796875,-0.69921875,0.607421875
861,8529188,8829188,0.158081055,0.914855957,-0.369628906,0.0383911133,0.671875,0.953125,0.51171875,-1.59375,-6.328125,-6.8515625,-0.19140625,-0.765625,0.73828125
862,8532819,8832819,0.159973145,0.914489746,-0.369140625,0.0433959961,0.5078125,0.52734375,0.51171875,-1.7734375,-6.2890625,-6.8515625,-0.19140625,-0.765625,0.73828125
863,8548271,8848271,0.162109375,0.9140625,-0.368530273,0.0492553711,0.5078125,0.52734375,0.51171875,-1.7734375,-6.2890625,-6.8515625,-0.244140625,-0.888671875,0.837890625
864,8556517,8856517,0.16418457,0.913574219,-0.368041992,0.0549316406,0.53515625,0.390625,0.3515625,-1.9921875,-6.2265625,-6.84375,-0.244140625,-0.888671875,0.837890625
865,8568099,8868099,0.166442871,0.912902832,-0.367492676,0.0615844727,0.53515625,0.390625,0.3515625,-1.9921875,-6.2265625,-6.84375,-0.232421875,-1.03710938,0.890625
866,8574229,8874229,0.168457031,0.91229248,-0.36706543,0.0680541992,0.4609375,0.51171875,-0.0390625,-2.2265625,-6.15625,-6.8359375,-0.232421875,-1.03710938,0.890625
867,8587744,8887744,0.170471191,0.911560059,-0.366577148,0.0753173828,0.4609375,0.51171875,-0.0390625,-2.2265625,-6.15625,-6.8359375,-0.2421875,-1.14648438,0.91015625
868,8594624,8894624,0.172302246,0.910766602,-0.366088867,0.0822753906,0.56640625,0.2890625,-0.1015625,-2.484375,-6.0859375,-6.8125,-0.2421875,-1.14648438,0.91015625
869,8606597,8906597,0.174133301,0.909851074,-0.365661621,0.0902099609,0.56640625,0.2890625,-0.1015625,-2.484375,-6.0859375,-6.8125,-0.224609375,-1.29492188,0.91796875
870,8613487,8913487,0.17578125,0.908813477,-0.365478516,0.0979614258,0.1640625,-0.10546875,-0.24609375,-2.7734375,-6,-6.78125,-0.224609375,-1.29492188,0.91796875
871,8627703,8927703,0.177307129,0.907653809,-0.36541748,0.105834961,0.1640625,-0.10546875,-0.24609375,-2.7734375,-6,-6.78125,-0.162109375,-1.40625,0.912109375
872,8637174,8937174,0.178710938,0.90637207,-0.365478516,0.114074707,0.1015625,-0.18359375,-0.1484375,-3.0546875,-5.921875,-6.7265625,-0.162109375,-1.40625,0.912109375
873,8647741,8947741,0.180175781,0.904785156,-0.365722656,0.122924805,0.1015625,-0.18359375,-0.1484375,-3.0546875,-5.921875,-6.7265625,-0.09375,-1.47070312,0.908203125
874,8654859,8954859,0.18145752,0.903198242,-0.366210938,0.130859375,0.03125,-0.3671875,-0.38671875,-3.3671875,-5.8515625,-6.640625,-0.09375,-1.47070312,0.908203125
875,8666664,8966664,0.182922363,0.901184082,-0.367126465,0.139953613,0.03125,-0.3671875,-0.38671875,-3.3671875,-5.8515625,-6.640625,0.04296875,-1.578125,0.958984375
876,8672650,8972650,0.184326172,0.899108887,-0.368041992,0.148864746,-0.16015625,-0.171875,-0.10546875,-3.671875,-5.78125,-6.5390625,0.04296875,-1.578125,0.958984375
877,8688562,8988562,0.185668945,0.896911621,-0.36895752,0.157836914,-0.16015625,-0.171875,-0.10546875,-3.671875,-5.78125,-6.5390625,0.03515625,-1.61523438,0.958984375
878,8693022,8993022,0.186950684,0.894775391,-0.369812012,0.166442871,0.12109375,-0.078125,-0.15625,-3.9921875,-5.71875,-6.4140625,0.03515625,-1.61523438,0.958984375
879,8706189,9006189,0.188232422,0.89239502,-0.370666504,0.175415039,0.12109375,-0.078125,-0.15625,-3.9921875,-5.71875,-6.4140625,0.01171875,-1.546875,0.890625
880,8714662,9014662,0.18927002,0.890197754,-0.371398926,0.183959961,0.078125,0.03515625,-0.1796875,-4.296875,-5.640625,-6.2734375,0.01171875,-1.546875,0.890625
881,8725557,9025557,0.190246582,0.887878418,-0.372131348,0.192321777,0.078125,0.03515625,-0.1796875,-4.296875,-5.640625,-6.2734375,0.0390625,-1.53320312,0.8671875
882,8731517,9031517,0.19128418,0.885498047,-0.37286377,0.200683594,0.33203125,0.1953125,-0.08203125,-4.5859375,-5.5703125,-6.140625,0.0390625,-1.53320312,0.8671875
883,8745684,9045684,0.192199707,0.883239746,-0.373474121,0.208435059,0.33203125,0.1953125,-0.08203125,-4.5859375,-5.5703125,-6.140625,-0.017578125,-1.48046875,0.826171875
884,8751685,9051685,0.193115234,0.880859375,-0.373962402,0.21661377,0.296875,0,-0.1796875,-4.859375,-5.4921875,-6.0078125,-0.017578125,-1.48046875,0.826171875
885,8765594,9065594,0.194091797,0.878417969,-0.374633789,0.224365234,0.296875,0,-0.1796875,-4.859375,-5.4921875,-6.0078125,0.05078125,-1.37890625,0.8046875
886,8771558,9071558,0.195068359,0.876037598,-0.375244141,0.231811523,0.33203125,-0.0390625,-0.09765625,-5.125,-5.4140625,-5.859375,0.05078125,-1.37890625,0.8046875
887,8785358,9085358,0.195983887,0.873779297,-0.375732422,0.238586426,0.33203125,-0.0390625,-0.09765625,-5.125,-5.4140625,-5.859375,0.041015625,-1.27539062,0.751953125
888,8793777,9093777,0.196960449,0.871337891,-0.376281738,0.245666504,0.21484375,-0.078125,0.22265625,-5.3515625,-5.3359375,-5.71875,0.041015625,-1.27539062,0.751953125
889,8805737,9105737,0.197875977,0.86907959,-0.376708984,0.252197266,0.21484375,-0.078125,0.22265625,-5.3515625,-5.3359375,-5.71875,0.046875,-1.16796875,0.6953125
890,8811456,9111456,0.198669434,0.866882324,-0.377197266,0.258361816,0.28125,-0.1953125,0.2734375,-5.5703125,-5.2578125,-5.578125,0.046875,-1.16796875,0.6953125
891,8824304,9124304,0.19934082,0.864807129,-0.377685547,0.263977051,0.28125,-0.1953125,0.2734375,-5.5703125,-5.2578125,-5.578125,0.044921875,-1.0859375,0.609375
892,8831241,9131241,0.200012207,0.862670898,-0.378112793,0.269958496,0.32421875,0.046875,0.2265625,-5.765625,-5.1953125,-5.453125,0.044921875,-1.0859375,0.609375
893,8843882,9143882,0.200500488,0.860656738,-0.378417969,0.27545166,0.32421875,0.046875,0.2265625,-5.765625,-5.1953125,-5.453125,0,-1.00390625,0.5546875
894,8851402,9151402,0.20098877,0.858764648,-0.378662109,0.280578613,0.37890625,-0.05859375,0.24609375,-5.9375,-5.125,-5.3203125,0,-1.00390625,0.5546875
895,8864535,9164535,0.201477051,0.856872559,-0.37890625,0.285705566,0.37890625,-0.05859375,0.24609375,-5.9375,-5.125,-5.3203125,0.025390625,-0.8984375,0.49609375
896,8877502,9177502,0.201843262,0.855102539,-0.379272461,0.290161133,0.3828125,-0.23828125,0.28125,-6.09375,-5.0625,-5.203125,0.025390625,-0.8984375,0.49609375
897,8885909,9185909,0.202270508,0.853393555,-0.379760742,0.294189453,0.3828125,-0.23828125,0.28125,-6.09375,-5.0625,-5.203125,0.091796875,-0.7890625,0.423828125
898,8891884,9191884,0.202697754,0.851501465,-0.380371094,0.298522949,0.35546875,-0.20703125,-0.01953125,-6.21875,-5.015625,-5.09375,0.091796875,-0.7890625,0.423828125
899,8904927,9204927,0.203063965,0.849853516,-0.38104248,0.302185059,0.35546875,-0.20703125,-0.01953125,-6.21875,-5.015625,-5.09375,0.119140625,-0.720703125,0.3515625
900,8910936,9210936,0.203369141,0.848266602,-0.381713867,0.305603027,0.44140625,0.05859375,0.0703125,-6.34375,-4.9765625,-4.9921875,0.119140625,-0.720703125,0.3515625
901,8925011,9225011,0.203674316,0.846862793,-0.382385254,0.30847168,0.44140625,0.05859375,0.0703125,-6.34375,-4.9765625,-4.9921875,0.1171875,-0.51953125,0.2734375
902,8930977,9230977,0.204040527,0.84564209,-0.382995605,0.310852051,0.45703125,0.2578125,0.16796875,-6.4375,-4.9453125,-4.8984375,0.1171875,-0.51953125,0.2734375
903,8944949,9244949,0.204345703,0.844543457,-0.383483887,0.312927246,0.45703125,0.2578125,0.16796875,-6.4375,-4.9453125,-4.8984375,0.099609375,-0.3828125,0.19921875
904,8954012,9254012,0.204589844,0.84362793,-0.383972168,0.31463623,0.015625,0.47265625,0.09765625,-6.4921875,-4.9296875,-4.828125,0.099609375,-0.3828125,0.19921875
905,8965482,9265482,0.204833984,0.842895508,-0.384277344,0.316101074,0.015625,0.47265625,0.09765625,-6.4921875,-4.9296875,-4.828125,0.060546875,-0.248046875,0.162109375
906,8970509,9270509,0.205200195,0.842285156,-0.384460449,0.317260742,-0.08984375,0.53125,0.12890625,-6.5390625,-4.9140625,-4.78125,0.060546875,-0.248046875,0.162109375
907,8984467,9284467,0.205566406,0.84185791,-0.38458252,0.318115234,-0.08984375,0.53125,0.12890625,-6.5390625,-4.9140625,-4.78125,0.03125,-0.119140625,0.134765625
908,8990874,9290874,0.205932617,0.841491699,-0.38458252,0.318725586,-0.3203125,0.48046875,0.10546875,-6.578125,-4.8984375,-4.7578125,0.03125,-0.119140625,0.134765625
909,9006029,9306029,0.206237793,0.841369629,-0.384521484,0.319030762,-0.3203125,0.48046875,0.10546875,-6.578125,-4.8984375,-4.7578125,0.01171875,-0.01171875,0.068359375
910,9009761,9309761,0.206481934,0.841308594,-0.384460449,0.319030762,-0.265625,0.28125,0.01171875,-6.59375,-4.890625,-4.7421875,0.01171875,-0.01171875,0.068359375
911,9024197,9324197,0.206665039,0.841430664,-0.384399414,0.318664551,-0.265625,0.28125,0.01171875,-6.59375,-4.890625,-4.7421875,-0.001953125,0.11328125,-0.01953125
912,9032927,9332927,0.206726074,0.84173584,-0.384216309,0.317932129,-0.12109375,0.38671875,-0.05859375,-6.5859375,-4.8828125,-4.75,-0.001953125,0.11328125,-0.01953125
913,9045534,9345534,0.206848145,0.842285156,-0.383972168,0.316833496,-0.12109375,0.38671875,-0.05859375,-6.5859375,-4.8828125,-4.75,-0.04296875,0.2890625,-0.09375
914,9052159,9352159,0.20690918,0.842956543,-0.383605957,0.315307617,0.16015625,0.2421875,-0.02734375,-6.5625,-4.890625,-4.78125,-0.04296875,0.2890625,-0.09375
915,9064968,9364968,0.207092285,0.843933105,-0.383178711,0.313110352,0.16015625,0.2421875,-0.02734375,-6.5625,-4.890625,-4.78125,-0.041015625,0.5,-0.162109375
916,9069261,9369261,0.207336426,0.845031738,-0.382751465,0.310546875,0.3359375,0.09765625,0.01953125,-6.5078125,-4.8984375,-4.828125,-0.041015625,0.5,-0.162109375
917,9084516,9384516,0.207702637,0.846374512,-0.382324219,0.307189941,0.3359375,0.09765625,0.01953125,-6.5078125,-4.8984375,-4.828125,-0.01171875,0.7265625,-0.232421875
918,9089302,9389302,0.208129883,0.84777832,-0.381896973,0.303588867,0.3359375,0.04296875,0.03125,-6.4296875,-4.921875,-4.9140625,-0.01171875,0.7265625,-0.232421875
919,9104266,9404266,0.208618164,0.84942627,-0.381408691,0.299133301,0.3359375,0.04296875,0.03125,-6.4296875,-4.921875,-4.9140625,0.00390625,0.931640625,-0.30859375
920,9113249,9413249,0.20904541,0.851196289,-0.380859375,0.294372559,0.37890625,0.11328125,-0.01953125,-6.3203125,-4.953125,-5.015625,0.00390625,0.931640625,-0.30859375
921,9124062,9424062,0.209533691,0.853210449,-0.380249023,0.289001465,0.37890625,0.11328125,-0.01953125,-6.3203125,-4.953125,-5.015625,-0.0078125,1.14257812,-0.392578125
922,9135190,9435190,0.210021973,0.85534668,-0.379577637,0.28314209,0.35546875,0.0078125,0.03515625,-6.1796875,-5,-5.1484375,-0.0078125,1.14257812,-0.392578125
923,9143729,9443729,0.210449219,0.857543945,-0.378845215,0.277038574,0.35546875,0.0078125,0.03515625,-6.1796875,-5,-5.1484375,-0.00390625,1.33007812,-0.48046875
924,9150144,9450144,0.210876465,0.860046387,-0.378051758,0.270019531,0.3359375,0.015625,-0.046875,-6.0078125,-5.046875,-5.296875,-0.00390625,1.33007812,-0.48046875
925,9164921,9464921,0.211303711,0.862609863,-0.377197266,0.262695312,0.3359375,0.015625,-0.046875,-6.0078125,-5.046875,-5.296875,-0.029296875,1.50390625,-0.572265625
926,9168523,9468523,0.211547852,0.86517334,-0.376159668,0.255310059,0.27734375,0.078125,-0.15234375,-5.796875,-5.109375,-5.4609375,-0.029296875,1.50390625,-0.572265625
927,9184024,9484024,0.211853027,0.868103027,-0.374938965,0.246765137,0.27734375,0.078125,-0.15234375,-5.796875,-5.109375,-5.4609375,-0.056640625,1.671875,-0.6484375
928,9192496,9492496,0.212097168,0.871032715,-0.373718262,0.238037109,0.234375,-0.3984375,-0.078125,-5.5625,-5.171875,-5.6484375,-0.056640625,1.671875,-0.6484375
929,9205016,9505016,0.212341309,0.873840332,-0.372558594,0.229125977,0.234375,-0.3984375,-0.078125,-5.5625,-5.171875,-5.6484375,-0.015625,1.80664062,-0.7109375
930,9208615,9508615,0.212585449,0.876586914,-0.371459961,0.220031738,0.11328125,-0.6328125,-0.11328125,-5.2890625,-5.2421875,-5.84375,-0.015625,1.80664062,-0.7109375
931,9223959,9523959,0.212890625,0.879516602,-0.370300293,0.209838867,0.11328125,-0.6328125,-0.11328125,-5.2890625,-5.2421875,-5.84375,0.03515625,1.93554688,-0.76953125
932,9229720,9529720,0.21307373,0.882263184,-0.369262695,0.199523926,-0.02734375,-0.78515625,-0.26171875,-4.9921875,-5.3203125,-6.0390625,0.03515625,1.93554688,-0.76953125
933,9242857,9542857,0.213256836,0.88482666,-0.368408203,0.189331055,-0.02734375,-0.78515625,-0.26171875,-4.9921875,-5.3203125,-6.0390625,0.123046875,2.0234375,-0.845703125
934,9252075,9552075,0.213256836,0.887451172,-0.367614746,0.178405762,-0.28125,-0.7734375,-0.16015625,-4.6640625,-5.40625,-6.21875,0.123046875,2.0234375,-0.845703125
935,9263845,9563845,0.213134766,0.889831543,-0.366943359,0.167785645,-0.28125,-0.7734375,-0.16015625,-4.6640625,-5.40625,-6.21875,0.16796875,2.11132812,-0.962890625
936,9273398,9573398,0.21270752,0.892456055,-0.366149902,0.155639648,-0.5625,-0.328125,-0.109375,-4.3046875,-5.5078125,-6.3828125,0.16796875,2.11132812,-0.962890625
937,9282515,9582515,0.212036133,0.894775391,-0.36541748,0.144470215,-0.5625,-0.328125,-0.109375,-4.3046875,-5.5078125,-6.3828125,0.146484375,2.10546875,-1.05859375
938,9293270,9593270,0.211120605,0.897094727,-0.364562988,0.133056641,-0.72265625,0.15625,-0.328125,-3.9140625,-5.609375,-6.546875,0.146484375,2.10546875,-1.05859375
939,9304564,9604564,0.209960938,0.899353027,-0.363708496,0.121704102,-0.72265625,0.15625,-0.328125,-3.9140625,-5.609375,-6.546875,0.11328125,1.99609375,-1.09765625
940,9308307,9608307,0.208740234,0.901367188,-0.362670898,0.111450195,-0.78515625,0.48828125,-0.34765625,-3.5078125,-5.7109375,-6.6796875,0.11328125,1.99609375,-1.09765625
941,9322213,9622213,0.207275391,0.903503418,-0.36138916,0.100463867,-0.78515625,0.48828125,-0.34765625,-3.5078125,-5.7109375,-6.6796875,0.009765625,1.8359375,-1.04492188
942,9330230,9630230,0.205871582,0.905395508,-0.360046387,0.0905151367,-0.36328125,0.52734375,-0.53125,-3.125,-5.7890625,-6.8046875,0.009765625,1.8359375,-1.04492188
943,9344843,9644843,0.204406738,0.907104492,-0.358764648,0.0814819336,-0.36328125,0.52734375,-0.53125,-3.125,-5.7890625,-6.8046875,-0.041015625,1.6640625,-0.994140625
944,9353474,9653474,0.202880859,0.908813477,-0.35723877,0.0723876953,-0.2421875,0.4296875,-0.4296875,-2.7890625,-5.84375,-6.90625,-0.041015625,1.6640625,-0.994140625
945,9362904,9662904,0.20123291,0.910522461,-0.35559082,0.0635375977,-0.2421875,0.4296875,-0.4296875,-2.7890625,-5.84375,-6.90625,-0.078125,1.546875,-0.966796875
946,9370624,9670624,0.199462891,0.91204834,-0.354187012,0.0546264648,0,-0.17578125,-0.21875,-2.453125,-5.890625,-7,-0.078125,1.546875,-0.966796875
947,9382660,9682660,0.197631836,0.913269043,-0.353149414,0.046081543,0,-0.17578125,-0.21875,-2.453125,-5.890625,-7,0.083984375,1.4453125,-0.966796875
948,9388656,9688656,0.195739746,0.914367676,-0.352416992,0.0377197266,0.16015625,0.0625,0.0703125,-2.1171875,-5.9375,-7.0625,0.083984375,1.4453125,-0.966796875
949,9401255,9701255,0.194091797,0.915222168,-0.351806641,0.0299072266,0.16015625,0.0625,0.0703125,-2.1171875,-5.9375,-7.0625,0.150390625,1.44140625,-0.939453125
950,9409669,9709669,0.192260742,0.916137695,-0.351135254,0.0210571289,0.58203125,0.453125,0.42578125,-1.8125,-5.984375,-7.109375,0.150390625,1.44140625,-0.939453125
951,9423056,9723056,0.190551758,0.916992188,-0.350158691,0.0130615234,0.58203125,0.453125,0.42578125,-1.8125,-5.984375,-7.109375,0.01171875,1.34570312,-0.880859375
952,9432347,9732347,0.188964844,0.917907715,-0.348876953,0.00604248047,0.37890625,0.73046875,0.83984375,-1.4921875,-6.03125,-7.140625,0.01171875,1.34570312,-0.880859375
953,9442959,9742959,-0.187133789,-0.918884277,0.347229004,0.000915527344,0.37890625,0.73046875,0.83984375,-1.4921875,-6.03125,-7.140625,-0.103515625,1.109375,-0.798828125
954,9449206,9749206,-0.18548584,-0.91973877,0.345825195,0.00677490234,0.44921875,0.671875,0.6875,-1.21875,-6.046875,-7.1796875,-0.103515625,1.109375,-0.798828125
955,9463344,9763344,-0.183898926,-0.920593262,0.344360352,0.0124511719,0.44921875,0.671875,0.6875,-1.21875,-6.046875,-7.1796875,-0.146484375,0.94921875,-0.70703125
956,9467617,9767617,-0.182373047,-0.921386719,0.342712402,0.0176391602,0.3984375,0.46875,0.57421875,-0.9765625,-6.0390625,-7.21875,-0.146484375,0.94921875,-0.70703125
957,9482490,9782490,-0.180969238,-0.922180176,0.340942383,0.0228271484,0.3984375,0.46875,0.57421875,-0.9765625,-6.0390625,-7.21875,-0.146484375,0.849609375,-0.5703125
958,9488218,9788218,-0.179931641,-0.922790527,0.339599609,0.0274658203,0.2265625,-0.54296875,0.11328125,-0.765625,-6.0234375,-7.2578125,-0.146484375,0.849609375,-0.5703125
959,9500191,9800191,-0.179016113,-0.923278809,0.338439941,0.0321044922,0.2265625,-0.54296875,0.11328125,-0.765625,-6.0234375,-7.2578125,-0.052734375,0.828125,-0.48828125
960,9513311,9813311,-0.178161621,-0.92364502,0.337341309,0.0364990234,-0.078125,-0.85546875,0.24609375,-0.578125,-6.015625,-7.2734375,-0.052734375,0.828125,-0.48828125
961,9522007,9822007,-0.177124023,-0.924072266,0.336242676,0.0404052734,-0.078125,-0.85546875,0.24609375,-0.578125,-6.015625,-7.2734375,-0.125,0.669921875,-0.50390625
962,9528235,9828235,-0.17590332,-0.924682617,0.334777832,0.0442504883,-0.2421875,-0.59375,-0.19921875,-0.4140625,-6.0078125,-7.2890625,-0.125,0.669921875,-0.50390625
963,9541974,9841974,-0.174682617,-0.925292969,0.333190918,0.0477905273,-0.2421875,-0.59375,-0.19921875,-0.4140625,-6.0078125,-7.2890625,-0.2109375,0.611328125,-0.5
964,9547557,9847557,-0.173461914,-0.92590332,0.331665039,0.0513305664,-0.203125,-0.15234375,-0.3984375,-0.2578125,-5.9921875,-7.3203125,-0.2109375,0.611328125,-0.5
965,9563085,9863085,-0.172302246,-0.926330566,0.330383301,0.0549926758,-0.203125,-0.15234375,-0.3984375,-0.2578125,-5.9921875,-7.3203125,-0.09765625,0.642578125,-0.482421875
966,9569779,9869779,-0.171081543,-0.926696777,0.329406738,0.0584716797,-0.0546875,-0.25,-0.0390625,-0.1015625,-5.96875,-7.3359375,-0.09765625,0.642578125,-0.482421875
967,9582238,9882238,-0.169799805,-0.927124023,0.32824707,0.0619506836,-0.0546875,-0.25,-0.0390625,-0.1015625,-5.96875,-7.3359375,-0.126953125,0.556640625,-0.455078125
968,9591628,9891628,-0.169006348,-0.927429199,0.327209473,0.0650024414,0.07421875,0.30859375,0.359375,0.0390625,-5.953125,-7.3515625,-0.126953125,0.556640625,-0.455078125
969,9601062,9901062,-0.168945312,-0.92755127,0.326293945,0.0679321289,0.07421875,0.30859375,0.359375,0.0390625,-5.953125,-7.3515625,-0.041015625,0.51953125,-0.138671875
970,9607525,9907525,-0.169128418,-0.92755127,0.325744629,0.0700073242,-0.04296875,-1.38671875,0.98046875,0.15625,-5.9453125,-7.359375,-0.041015625,0.51953125,-0.138671875
971,9622261,9922261,-0.169128418,-0.92767334,0.325317383,0.0710449219,-0.04296875,-1.38671875,0.98046875,0.15625,-5.9453125,-7.359375,-0.0546875,0.08984375,-0.048828125
972,9626531,9926531,-0.169006348,-0.92779541,0.324890137,0.071105957,-0.90234375,-1.01171875,0.0703125,0.2109375,-5.9375,-7.3671875,-0.0546875,0.08984375,-0.048828125
973,9640981,9940981,-0.168762207,-0.928100586,0.32434082,0.0706787109,-0.90234375,-1.01171875,0.0703125,0.2109375,-5.9375,-7.3671875,-0.162109375,-0.09765625,-0.04296875
974,9647209,9947209,-0.168518066,-0.928466797,0.323425293,0.0703125,-0.0234375,0.546875,-0.99609375,0.2109375,-5.921875,-7.375,-0.162109375,-0.09765625,-0.04296875
975,9662668,9962668,-0.168395996,-0.928955078,0.322143555,0.0701904297,-0.0234375,0.546875,-0.99609375,0.2109375,-5.921875,-7.375,-0.30078125,0.048828125,-0.02734375
976,9670616,9970616,-0.168640137,-0.929382324,0.320800781,0.0703735352,0.3203125,0.4296875,-0.65625,0.2109375,-5.8828125,-7.40625,-0.30078125,0.048828125,-0.02734375
977,9681540,9981540,-0.169067383,-0.929626465,0.319641113,0.0709228516,0.3203125,0.4296875,-0.65625,0.2109375,-5.8828125,-7.40625,-0.162109375,0.154296875,0.029296875
978,9687220,9987220,-0.169433594,-0.929748535,0.319030762,0.0713500977,-0.58203125,-1.21875,0.1328125,0.234375,-5.84375,-7.4296875,-0.162109375,0.154296875,0.029296875
979,9701425,10001425,-0.169555664,-0.9296875,0.319030762,0.0715332031,-0.58203125,-1.21875,0.1328125,0.234375,-5.84375,-7.4296875,0.041015625,0.015625,0.015625
980,9705699,10005699,-0.169616699,-0.929626465,0.319274902,0.0715332031,-0.703125,-0.375,0.0625,0.2421875,-5.84375,-7.4375,0.041015625,0.015625,0.015625
981,9720296,10020296,-0.169616699,-0.929504395,0.319580078,0.0713500977,-0.703125,-0.375,0.0625,0.2421875,-5.84375,-7.4375,0.041015625,-0.06640625,0.025390625
982,9730590,10030590,-0.169677734,-0.929504395,0.319763184,0.0708007812,-0.16015625,0.62890625,0.1328125,0.234375,-5.8515625,-7.4296875,0.041015625,-0.06640625,0.025390625
983,9740959,10040959,-0.16986084,-0.929504395,0.319763184,0.0698242188,-0.16015625,0.62890625,0.1328125,0.234375,-5.8515625,-7.4296875,-0.0546875,-0.203125,0.125
984,9749658,10049658,-0.170227051,-0.92956543,0.319702148,0.0684204102,-0.16796875,0.55078125,0.1796875,0.203125,-5.8515625,-7.4375,-0.0546875,-0.203125,0.125
985,9760879,10060879,-0.170776367,-0.929626465,0.319641113,0.0667114258,-0.16796875,0.55078125,0.1796875,0.203125,-5.8515625,-7.4375,-0.09765625,-0.326171875,0.255859375
986,9767931,10067931,-0.171630859,-0.9296875,0.319519043,0.064453125,-0.02734375,0.4296875,0.1875,0.140625,-5.84375,-7.4453125,-0.09765625,-0.326171875,0.255859375
987,9782065,10082065,-0.172668457,-0.929748535,0.319335938,0.0618896484,-0.02734375,0.4296875,0.1875,0.140625,-5.84375,-7.4453125,-0.158203125,-0.44921875,0.38671875
988,9785816,10085816,-0.173828125,-0.929748535,0.319091797,0.0589599609,0.06640625,0.2578125,0.0859375,0.046875,-5.828125,-7.4609375,-0.158203125,-0.44921875,0.38671875
989,9801130,10101130,-0.175354004,-0.92980957,0.318725586,0.0554199219,0.06640625,0.2578125,0.0859375,0.046875,-5.828125,-7.4609375,-0.224609375,-0.548828125,0.51171875
990,9806212,10106212,-0.176940918,-0.929870605,0.318359375,0.0518798828,0.07421875,0.11328125,-0.08984375,-0.078125,-5.796875,-7.4765625,-0.224609375,-0.548828125,0.51171875
991,9821703,10121703,-0.178894043,-0.92980957,0.318115234,0.0474853516,0.07421875,0.11328125,-0.08984375,-0.078125,-5.796875,-7.4765625,-0.205078125,-0.689453125,0.640625
992,9831515,10131515,-0.180725098,-0.9296875,0.317993164,0.0431518555,0.0078125,-0.38671875,-0.41015625,-0.2421875,-5.7578125,-7.5,-0.205078125,-0.689453125,0.640625
993,9841773,10141773,-0.182739258,-0.929504395,0.318054199,0.038269043,0.0078125,-0.38671875,-0.41015625,-0.2421875,-5.7578125,-7.5,-0.173828125,-0.796875,0.712890625
994,9848479,10148479,-0.184936523,-0.929260254,0.318115234,0.0331420898,-0.1796875,-0.4453125,-0.625,-0.4375,-5.734375,-7.515625,-0.173828125,-0.796875,0.712890625
995,9861200,10161200,-0.187316895,-0.928833008,0.318359375,0.0277709961,-0.1796875,-0.4453125,-0.625,-0.4375,-5.734375,-7.515625,-0.119140625,-0.8359375,0.80859375
996,9864822,10164822,-0.189758301,-0.928344727,0.318847656,0.0225830078,-0.19921875,-0.71484375,-0.5390625,-0.6484375,-5.6953125,-7.5234375,-0.119140625,-0.8359375,0.80859375
997,9880555,10180555,-0.192504883,-0.92767334,0.319580078,0.0166015625,-0.19921875,-0.71484375,-0.5390625,-0.6484375,-5.6953125,-7.5234375,-0.02734375,-0.947265625,0.8984375
998,9887075,10187075,-0.195068359,-0.926879883,0.320556641,0.0108642578,-0.34765625,-0.96875,-0.6640625,-0.8828125,-5.671875,-7.515625,-0.02734375,-0.947265625,0.8984375
999,9901398,10201398,-0.197937012,-0.92590332,0.321777344,0.00451660156,-0.34765625,-0.96875,-0.6640625,-0.8828125,-5.671875,-7.515625,0.0546875,-1.02929688,0.96875
1000,9911156,10211156,0.200744629,0.924804688,-0.323120117,0.00164794922,-0.36328125,-0.6796875,-0.5234375,-1.1328125,-5.65625,-7.5,0.0546875,-1.02929688,0.96875
1001,9919572,10219572,0.203613281,0.92364502,-0.324645996,0.00811767578,-0.36328125,-0.6796875,-0.5234375,-1.1328125,-5.65625,-7.5,0.12890625,-1.109375,1.02734375
1002,9925084,10225084,0.206665039,0.922241211,-0.326477051,0.0152587891,-0.25,-0.45703125,-0.52734375,-1.3984375,-5.6484375,-7.4609375,0.12890625,-1.109375,1.02734375
1003,9939545,10239545,0.209594727,0.920837402,-0.328063965,0.022644043,-0.25,-0.45703125,-0.52734375,-1.3984375,-5.6484375,-7.4609375,0.046875,-1.27929688,1.06835938
1004,9945279,10245279,0.212341309,0.919494629,-0.329345703,0.0303955078,-0.3671875,-0.01171875,-0.2578125,-1.703125,-5.6328125,-7.421875,0.046875,-1.27929688,1.06835938
1005,9958229,10258229,0.215087891,0.918151855,-0.330505371,0.0383300781,-0.3671875,-0.01171875,-0.2578125,-1.703125,-5.6328125,-7.421875,-0.021484375,-1.35742188,1.08984375
1006,9968245,10268245,0.217834473,0.916748047,-0.331665039,0.0466918945,-0.09375,0.37109375,-0.15234375,-2.015625,-5.59375,-7.375,-0.021484375,-1.35742188,1.08984375
1007,9979045,10279045,0.220397949,0.915161133,-0.332824707,0.0555419922,-0.09375,0.37109375,-0.15234375,-2.015625,-5.59375,-7.375,-0.037109375,-1.62109375,1.15625
1008,9987767,10287767,0.223022461,0.913330078,-0.334411621,0.0655517578,-0.05859375,0.046875,-0.484375,-2.359375,-5.5390625,-7.3125,-0.037109375,-1.62109375,1.15625
1009,9999100,10299100,0.225341797,0.911315918,-0.33605957,0.0758666992,-0.05859375,0.046875,-0.484375,-2.359375,-5.5390625,-7.3125,0.0078125,-1.90039062,1.1953125
1010,10006192,10306192,0.227539062,0.909179688,-0.33782959,0.0867919922,-0.01171875,-0.0078125,-0.5,-2.75,-5.484375,-7.21875,0.0078125,-1.90039062,1.1953125
1011,10018147,10318147,0.229370117,0.906982422,-0.339538574,0.0974121094,-0.01171875,-0.0078125,-0.5,-2.75,-5.484375,-7.21875,0.029296875,-2.06445312,1.18359375
1012,10024531,10324531,0.231262207,0.904296875,-0.341796875,0.109313965,-0.02734375,-0.15625,-0.30859375,-3.15625,-5.4140625,-7.1015625,0.029296875,-2.06445312,1.18359375
1013,10036681,10336681,0.232910156,0.901306152,-0.344482422,0.12121582,-0.02734375,-0.15625,-0.30859375,-3.15625,-5.4140625,-7.1015625,0.232421875,-2.25390625,1.18945312
1014,10047290,10347290,0.234436035,0.898132324,-0.347351074,0.133117676,0.14453125,-0.21875,-0.3984375,-3.59375,-5.3515625,-6.9375,0.232421875,-2.25390625,1.18945312
1015,10059950,10359950,0.235656738,0.894897461,-0.350219727,0.14465332,0.14453125,-0.21875,-0.3984375,-3.59375,-5.3515625,-6.9375,0.263671875,-2.25,1.11914062
1016,10069480,10369480,0.236877441,0.891479492,-0.353210449,0.156188965,0.42578125,-0.1171875,-0.05078125,-4.03125,-5.296875,-6.75,0.263671875,-2.25,1.11914062
1017,10078295,10378295,0.237792969,0.888061523,-0.356018066,0.167602539,0.42578125,-0.1171875,-0.05078125,-4.03125,-5.296875,-6.75,0.177734375,-2.234375,1.03125
1018,10084075,10384075,0.238464355,0.884521484,-0.358581543,0.179504395,0.3359375,0.01953125,-0.18359375,-4.4375,-5.2421875,-6.5390625,0.177734375,-2.234375,1.03125
1019,10099139,10399139,0.239013672,0.881225586,-0.360778809,0.190124512,0.3359375,0.01953125,-0.18359375,-4.4375,-5.2421875,-6.5390625,0.140625,-2.13867188,0.9609375
1020,10103941,10403941,0.239501953,0.877563477,-0.36315918,0.201538086,0.52734375,-0.01171875,0.05859375,-4.8203125,-5.171875,-6.3203125,0.140625,-2.13867188,0.9609375
1021,10121228,10421228,0.239990234,0.874145508,-0.365356445,0.211547852,0.52734375,-0.01171875,0.05859375,-4.8203125,-5.171875,-6.3203125,0.185546875,-1.93359375,0.869140625
1022,10124834,10424834,0.24041748,0.870910645,-0.367431641,0.220703125,0.76953125,0.0625,0.09765625,-5.1796875,-5.09375,-6.09375,0.185546875,-1.93359375,0.869140625
1023,10138690,10438690,0.240905762,0.867431641,-0.369628906,0.230163574,0.76953125,0.0625,0.09765625,-5.1796875,-5.09375,-6.09375,0.203125,-1.73632812,0.783203125
1024,10148902,10448902,0.241271973,0.864196777,-0.371582031,0.238647461,0.69140625,0.11328125,0.38671875,-5.484375,-5.03125,-5.8828125,0.203125,-1.73632812,0.783203125
1025,10161547,10461547,0.241577148,0.860961914,-0.373352051,0.247009277,0.69140625,0.11328125,0.38671875,-5.484375,-5.03125,-5.8828125,0.14453125,-1.59570312,0.716796875
1026,10165916,10465916,0.241821289,0.858093262,-0.374816895,0.254455566,0.69140625,0.234375,0.14453125,-5.75,-4.9609375,-5.6796875,0.14453125,-1.59570312,0.716796875
1027,10178436,10478436,0.24206543,0.855102539,-0.376159668,0.262084961,0.69140625,0.234375,0.14453125,-5.75,-4.9609375,-5.6796875,0.080078125,-1.42578125,0.6328125
1028,10183240,10483240,0.242126465,0.852478027,-0.377258301,0.268981934,0.65625,0.44140625,0.30078125,-5.984375,-4.8984375,-5.4921875,0.080078125,-1.42578125,0.6328125
1029,10201530,10501530,0.242126465,0.850036621,-0.378112793,0.27532959,0.65625,0.44140625,0.30078125,-5.984375,-4.8984375,-5.4921875,-0.009765625,-1.24414062,0.546875
1030,10205470,10505470,0.24206543,0.84777832,-0.37878418,0.281555176,0.61328125,0.37890625,0.40625,-6.171875,-4.8359375,-5.328125,-0.009765625,-1.24414062,0.546875
1031,10217983,10517983,0.241882324,0.84564209,-0.379394531,0.28717041,0.61328125,0.37890625,0.40625,-6.171875,-4.8359375,-5.328125,-0.009765625,-1.04101562,0.435546875
1032,10227897,10527897,0.241760254,0.84375,-0.379943848,0.292114258,0.51953125,0.0859375,0.2265625,-6.34375,-4.7734375,-5.1875,-0.009765625,-1.04101562,0.435546875
1033,10240517,10540517,0.241577148,0.842041016,-0.380432129,0.296569824,0.51953125,0.0859375,0.2265625,-6.34375,-4.7734375,-5.1875,-0.015625,-0.83203125,0.33203125
1034,10244124,10544124,0.241333008,0.840576172,-0.38079834,0.300292969,0.34375,0.23046875,0.26171875,-6.4765625,-4.7265625,-5.0703125,-0.015625,-0.83203125,0.33203125
1035,10258428,10558428,0.241149902,0.839233398,-0.380981445,0.303955078,0.34375,0.23046875,0.26171875,-6.4765625,-4.7265625,-5.0703125,-0.046875,-0.65234375,0.265625
1036,10263231,10563231,0.240966797,0.838134766,-0.381164551,0.306945801,0.1015625,0.18359375,0.28515625,-6.578125,-4.6796875,-4.9765625,-0.046875,-0.65234375,0.265625
1037,10280506,10580506,0.240844727,0.837036133,-0.381347656,0.309753418,0.1015625,0.18359375,0.28515625,-6.578125,-4.6796875,-4.9765625,-0.029296875,-0.505859375,0.212890625
1038,10284107,10584107,0.240722656,0.836120605,-0.381530762,0.312072754,0.02734375,0.14453125,0.24609375,-6.65625,-4.640625,-4.8984375,-0.029296875,-0.505859375,0.212890625
1039,10298189,10598189,0.240600586,0.835266113,-0.381713867,0.314147949,0.02734375,0.14453125,0.24609375,-6.65625,-4.640625,-4.8984375,-0.001953125,-0.37109375,0.134765625
1040,10307903,10607903,0.240356445,0.834594727,-0.381958008,0.315856934,-0.2578125,0.3515625,0.19140625,-6.71875,-4.6171875,-4.84375,-0.001953125,-0.37109375,0.134765625
1041,10321854,10621854,0.240112305,0.834106445,-0.382080078,0.317199707,-0.2578125,0.3515625,0.19140625,-6.71875,-4.6171875,-4.84375,-0.03125,-0.26171875,0.056640625
1042,10323329,10623329,0.239807129,0.83380127,-0.382141113,0.318237305,-0.41015625,0.2578125,0.2265625,-6.7578125,-4.6015625,-4.8046875,-0.03125,-0.26171875,0.056640625
1043,10337777,10637777,0.239501953,0.833557129,-0.382202148,0.319030762,-0.41015625,0.2578125,0.2265625,-6.7578125,-4.6015625,-4.8046875,-0.03125,-0.142578125,0.00390625
1044,10342593,10642593,0.239196777,0.833435059,-0.382263184,0.319519043,-0.4609375,0.10546875,0.39453125,-6.78125,-4.6015625,-4.78125,-0.03125,-0.142578125,0.00390625
1045,10361539,10661539,0.238952637,0.833374023,-0.382324219,0.319702148,-0.4609375,0.10546875,0.39453125,-6.78125,-4.6015625,-4.78125,-0.001953125,-0.021484375,-0.0390625
1046,10366313,10666313,0.238769531,0.833435059,-0.382385254,0.319580078,-0.453125,0.05859375,0.41796875,-6.7890625,-4.59375,-4.765625,-0.001953125,-0.021484375,-0.0390625
1047,10377470,10677470,0.238586426,0.833618164,-0.382507324,0.319152832,-0.453125,0.05859375,0.41796875,-6.7890625,-4.59375,-4.765625,0.01171875,0.07421875,-0.08984375
1048,10386141,10686141,0.238342285,0.833862305,-0.382629395,0.31854248,-0.125,0.265625,0.34765625,-6.7734375,-4.609375,-4.7734375,0.01171875,0.07421875,-0.08984375
1049,10400962,10700962,0.237976074,0.834350586,-0.382629395,0.317504883,-0.125,0.265625,0.34765625,-6.7734375,-4.609375,-4.7734375,-0.001953125,0.208984375,-0.17578125
1050,10404974,10704974,0.237670898,0.834960938,-0.38269043,0.316040039,0.234375,0.2421875,0.36328125,-6.75,-4.625,-4.7890625,-0.001953125,0.208984375,-0.17578125
1051,10416932,10716932,0.237304688,0.83581543,-0.38269043,0.314147949,0.234375,0.2421875,0.36328125,-6.75,-4.625,-4.7890625,0.005859375,0.39453125,-0.26953125
1052,10424631,10724631,0.236938477,0.836791992,-0.382629395,0.311767578,0.6484375,0.19921875,0.328125,-6.703125,-4.65625,-4.828125,0.005859375,0.39453125,-0.26953125
1053,10438020,10738020,0.23651123,0.83807373,-0.382507324,0.308776855,0.6484375,0.19921875,0.328125,-6.703125,-4.65625,-4.828125,0,0.59765625,-0.3671875
1054,10445485,10745485,0.23614502,0.839477539,-0.382324219,0.305480957,0.8671875,0.23828125,0.3515625,-6.6171875,-4.6953125,-4.890625,0,0.59765625,-0.3671875
1055,10458456,10758456,0.235839844,0.841247559,-0.382019043,0.301269531,0.8671875,0.23828125,0.3515625,-6.6171875,-4.6953125,-4.890625,-0.009765625,0.828125,-0.44921875
1056,10468189,10768189,0.235534668,0.843017578,-0.381713867,0.296813965,1.296875,0.20703125,-0.16796875,-6.5078125,-4.7421875,-4.984375,-0.009765625,0.828125,-0.44921875
1057,10480099,10780099,0.235229492,0.845214844,-0.381164551,0.291564941,1.296875,0.20703125,-0.16796875,-6.5078125,-4.7421875,-4.984375,-0.033203125,1.09765625,-0.556640625
1058,10485049,10785049,0.234863281,0.84777832,-0.380432129,0.285217285,1.5390625,0.5,-0.2734375,-6.3671875,-4.8046875,-5.109375,-0.033203125,1.09765625,-0.556640625
1059,10497734,10797734,0.234558105,0.850585938,-0.379394531,0.278564453,1.5390625,0.5,-0.2734375,-6.3671875,-4.8046875,-5.109375,-0.1015625,1.3828125,-0.666015625
1060,10501347,10801347,0.23425293,0.85345459,-0.378234863,0.271484375,1.5703125,0.45703125,-0.22265625,-6.171875,-4.875,-5.2734375,-0.1015625,1.3828125,-0.666015625
1061,10520296,10820296,0.234069824,0.856872559,-0.376647949,0.263000488,1.5703125,0.45703125,-0.22265625,-6.171875,-4.875,-5.2734375,-0.13671875,1.66210938,-0.712890625
1062,10524700,10824700,0.234008789,0.860046387,-0.37512207,0.254699707,1.0703125,-0.1640625,0.125,-5.9375,-4.9453125,-5.46875,-0.13671875,1.66210938,-0.712890625
1063,10536219,10836219,0.234130859,0.86328125,-0.373596191,0.245666504,1.0703125,-0.1640625,0.125,-5.9375,-4.9453125,-5.46875,-0.052734375,1.83984375,-0.74609375
1064,10546231,10846231,0.23425293,0.866455078,-0.372192383,0.236206055,0.390625,-0.4296875,0.453125,-5.6796875,-5.0234375,-5.6796875,-0.052734375,1.83984375,-0.74609375
1065,10559604,10859604,0.234436035,0.869628906,-0.370910645,0.226379395,0.390625,-0.4296875,0.453125,-5.6796875,-5.0234375,-5.6796875,0.025390625,1.92578125,-0.802734375
1066,10563207,10863207,0.234436035,0.872680664,-0.369689941,0.216430664,-0.421875,-0.3515625,0.546875,-5.3671875,-5.1015625,-5.890625,0.025390625,1.92578125,-0.802734375
1067,10575927,10875927,0.23425293,0.875671387,-0.368347168,0.206542969,-0.421875,-0.3515625,0.546875,-5.3671875,-5.1015625,-5.890625,-0.005859375,1.8828125,-0.87109375
1068,10582315,10882315,0.233764648,0.878601074,-0.367004395,0.196777344,-0.81640625,-0.2265625,0.3203125,-5.046875,-5.1875,-6.0859375,-0.005859375,1.8828125,-0.87109375
1069,10599701,10899701,0.232971191,0.881469727,-0.365539551,0.187255859,-0.81640625,-0.2265625,0.3203125,-5.046875,-5.1875,-6.0859375,-0.072265625,1.82421875,-0.951171875
1070,10603726,10903726,0.231933594,0.884460449,-0.363891602,0.177368164,-0.5234375,0.125,-0.265625,-4.7265625,-5.2734375,-6.265625,-0.072265625,1.82421875,-0.951171875
1071,10613911,10913911,0.230834961,0.887390137,-0.362121582,0.167785645,-0.5234375,0.125,-0.265625,-4.7265625,-5.2734375,-6.265625,-0.1328125,1.81640625,-0.9921875
1072,10625046,10925046,0.229614258,0.890258789,-0.360229492,0.15802002,-0.24609375,0.2421875,-0.5078125,-4.390625,-5.3515625,-6.4453125,-0.1328125,1.81640625,-0.9921875
1073,10637964,10937964,0.228393555,0.892944336,-0.358337402,0.148376465,-0.24609375,0.2421875,-0.5078125,-4.390625,-5.3515625,-6.4453125,-0.115234375,1.88085938,-1.00585938
1074,10641572,10941572,0.227233887,0.895629883,-0.356567383,0.138305664,0.10546875,-0.23046875,-0.49609375,-4.0546875,-5.4140625,-6.609375,-0.115234375,1.88085938,-1.00585938
1075,10655022,10955022,0.226013184,0.898071289,-0.355041504,0.127929688,0.10546875,-0.23046875,-0.49609375,-4.0546875,-5.4140625,-6.609375,0.03515625,1.8203125,-0.984375
1076,10661221,10961221,0.22479248,0.900146484,-0.353881836,0.117980957,0.2734375,-0.19921875,-0.37890625,-3.6875,-5.484375,-6.765625,0.03515625,1.8203125,-0.984375
1077,10678750,10978750,0.223632812,0.901977539,-0.353027344,0.108886719,0.2734375,-0.19921875,-0.37890625,-3.6875,-5.484375,-6.765625,0.111328125,1.6953125,-0.9609375
1078,10682383,10982383,0.222229004,0.903747559,-0.352050781,0.0993041992,1.1640625,0.64453125,-0.23828125,-3.3515625,-5.5625,-6.8671875,0.111328125,1.6953125,-0.9609375
1079,10695447,10995447,0.22076416,0.905578613,-0.350769043,0.0900878906,1.1640625,0.64453125,-0.23828125,-3.3515625,-5.5625,-6.8671875,-0.05078125,1.62890625,-0.970703125
1080,10704310,11004310,0.219177246,0.907592773,-0.348815918,0.0811157227,1.46484375,1.17578125,-0.09765625,-3,-5.6328125,-6.96875,-0.05078125,1.62890625,-0.970703125
1081,10718758,11018758,0.217529297,0.909912109,-0.34588623,0.0717163086,1.46484375,1.17578125,-0.09765625,-3,-5.6328125,-6.96875,-0.373046875,1.7109375,-0.9609375
1082,10722889,11022889,0.216064453,0.912109375,-0.342529297,0.0629882812,1.57421875,0.625,-0.48046875,-2.6484375,-5.65625,-7.0859375,-0.373046875,1.7109375,-0.9609375
1083,10736567,11036567,0.21484375,0.914245605,-0.339111328,0.0543823242,1.57421875,0.625,-0.48046875,-2.6484375,-5.65625,-7.0859375,-0.390625,1.65625,-0.841796875
1084,10740849,11040849,0.213806152,0.916015625,-0.336242676,0.0463256836,1.07421875,-0.50390625,-0.69140625,-2.3046875,-5.640625,-7.21875,-0.390625,1.65625,-0.841796875
1085,10756646,11056646,0.21282959,0.917358398,-0.334106445,0.0380859375,1.07421875,-0.50390625,-0.69140625,-2.3046875,-5.640625,-7.21875,-0.046875,1.4765625,-0.7421875
1086,10760255,11060255,0.211914062,0.918334961,-0.332885742,0.030456543,0.91796875,-1,-0.21484375,-1.9921875,-5.640625,-7.3125,-0.046875,1.4765625,-0.7421875
1087,10775900,11075900,0.210754395,0.919006348,-0.332275391,0.0231323242,0.91796875,-1,-0.21484375,-1.9921875,-5.640625,-7.3125,0.18359375,1.1640625,-0.671875
1088,10784500,11084500,0.209594727,0.919555664,-0.331970215,0.0172119141,0.3984375,-0.46484375,-0.40625,-1.703125,-5.6796875,-7.3515625,0.18359375,1.1640625,-0.671875
1089,10796810,11096810,0.208129883,0.920166016,-0.331359863,0.01171875,0.3984375,-0.46484375,-0.40625,-1.703125,-5.6796875,-7.3515625,0.001953125,0.8359375,-0.6171875
1090,10800425,11100425,0.206726074,0.920898438,-0.330322266,0.00720214844,-0.04296875,0.3046875,-0.6953125,-1.4921875,-5.71875,-7.3671875,0.001953125,0.8359375,-0.6171875
1091,10815717,11115717,0.205322266,0.921813965,-0.328857422,0.00262451172,-0.04296875,0.3046875,-0.6953125,-1.4921875,-5.71875,-7.3671875,-0.185546875,0.765625,-0.556640625
1092,10819990,11119990,-0.204162598,-0.922546387,0.327392578,0.00164794922,-0.23046875,-0.26953125,-1.125,-1.3046875,-5.71875,-7.3984375,-0.185546875,0.765625,-0.556640625
1093,10836715,11136715,-0.203186035,-0.923217773,0.326171875,0.00695800781,-0.23046875,-0.26953125,-1.125,-1.3046875,-5.71875,-7.3984375,0.029296875,0.99609375,-0.53125
1094,10840348,11140348,-0.202392578,-0.923522949,0.325561523,0.012512207,-0.1953125,-1.046875,-1.125,-1.109375,-5.7109375,-7.4375,0.029296875,0.99609375,-0.53125
1095,10854435,11154435,-0.201538086,-0.92364502,0.325378418,0.0186767578,-0.1953125,-1.046875,-1.125,-1.109375,-5.7109375,-7.4375,0.24609375,1.04492188,-0.5625
1096,10863857,11163857,-0.200500488,-0.92376709,0.325439453,0.0245361328,-0.60546875,-0.62109375,-0.65625,-0.890625,-5.75,-7.4453125,0.24609375,1.04492188,-0.5625
1097,10875466,11175466,-0.19921875,-0.92388916,0.325317383,0.0297851562,-0.60546875,-0.62109375,-0.65625,-0.890625,-5.75,-7.4453125,0.134765625,0.833984375,-0.576171875
1098,10879081,11179081,-0.197937012,-0.924194336,0.324829102,0.0341796875,-0.39453125,0.56640625,-0.9765625,-0.6796875,-5.7890625,-7.4296875,0.134765625,0.833984375,-0.576171875
1099,10894338,11194338,-0.196594238,-0.924621582,0.323974609,0.0385742188,-0.39453125,0.56640625,-0.9765625,-0.6796875,-5.7890625,-7.4296875,-0.041015625,0.689453125,-0.51953125
1100,10899873,11199873,-0.195373535,-0.925048828,0.322998047,0.0424194336,-0.109375,0.65625,-0.85546875,-0.5078125,-5.8046875,-7.4375,-0.041015625,0.689453125,-0.51953125
1101,10913783,11213783,-0.194396973,-0.925415039,0.32208252,0.0460205078,-0.109375,0.65625,-0.85546875,-0.5078125,-5.8046875,-7.4375,-0.00390625,0.6171875,-0.4140625
1102,10920120,11220120,-0.19354248,-0.925598145,0.321594238,0.0494995117,-0.1484375,-0.5390625,-1.1171875,-0.3515625,-5.796875,-7.4453125,-0.00390625,0.6171875,-0.4140625
1103,10933471,11233471,-0.192749023,-0.925598145,0.321472168,0.0529174805,-0.1484375,-0.5390625,-1.1171875,-0.3515625,-5.796875,-7.4453125,0.158203125,0.611328125,-0.37890625
1104,10945986,11245986,-0.191833496,-0.925537109,0.321594238,0.0565185547,-0.359375,-0.98828125,-0.88671875,-0.21875,-5.8046875,-7.4453125,0.158203125,0.611328125,-0.37890625
1105,10957026,11257026,-0.190795898,-0.925476074,0.321716309,0.0599365234,-0.359375,-0.98828125,-0.88671875,-0.21875,-5.8046875,-7.4453125,0.166015625,0.525390625,-0.416015625
1106,10961774,11261774,-0.18951416,-0.925476074,0.321838379,0.0632324219,-0.4140625,-0.69140625,-0.86328125,-0.0859375,-5.8359375,-7.4296875,0.166015625,0.525390625,-0.416015625
1107,10974372,11274372,-0.188293457,-0.925598145,0.321716309,0.0662841797,-0.4140625,-0.69140625,-0.86328125,-0.0859375,-5.8359375,-7.4296875,0.078125,0.46484375,-0.423828125
1108,10981758,11281758,-0.187011719,-0.925720215,0.321411133,0.0690917969,-0.08203125,-0.21484375,-0.49609375,0.0390625,-5.8515625,-7.4140625,0.078125,0.46484375,-0.423828125
1109,10994618,11294618,-0.185791016,-0.92590332,0.321105957,0.0715332031,-0.08203125,-0.21484375,-0.49609375,0.0390625,-5.8515625,-7.4140625,0.04296875,0.37109375,-0.380859375
1110,11001347,11301347,-0.184692383,-0.926025391,0.320861816,0.0736083984,-0.15234375,-0.3125,-0.3046875,0.1484375,-5.8671875,-7.4140625,0.04296875,0.37109375,-0.380859375
1111,11014317,11314317,-0.183532715,-0.926147461,0.320739746,0.0754394531,-0.15234375,-0.3125,-0.3046875,0.1484375,-5.8671875,-7.4140625,0.07421875,0.208984375,-0.302734375
1112,11022626,11322626,-0.182495117,-0.926208496,0.320922852,0.0767211914,-0.27734375,-0.57421875,-0.1953125,0.234375,-5.875,-7.40625,0.07421875,0.208984375,-0.302734375
1113,11035642,11335642,-0.181396484,-0.926147461,0.321411133,0.0776367188,-0.27734375,-0.57421875,-0.1953125,0.234375,-5.875,-7.40625,0.162109375,0.0390625,-0.21875
1114,11039385,11339385,-0.180480957,-0.926025391,0.322143555,0.0781860352,0.16796875,-0.828125,0.20703125,0.2890625,-5.890625,-7.390625,0.162109375,0.0390625,-0.21875
1115,11055744,11355744,-0.17956543,-0.925842285,0.322998047,0.0786743164,0.16796875,-0.828125,0.20703125,0.2890625,-5.890625,-7.390625,0.205078125,-0.013671875,-0.14453125
1116,11060770,11360770,-0.178894043,-0.92565918,0.323913574,0.078918457,0.44921875,-0.45703125,0.8046875,0.3125,-5.9140625,-7.375,0.205078125,-0.013671875,-0.14453125
1117,11074103,11374103,-0.178283691,-0.925476074,0.324768066,0.078918457,0.44921875,-0.45703125,0.8046875,0.3125,-5.9140625,-7.375,0.146484375,-0.0859375,-0.060546875
1118,11080480,11380480,-0.17791748,-0.925415039,0.325317383,0.0785522461,0.25,0.30078125,1.36328125,0.3203125,-5.9453125,-7.359375,0.146484375,-0.0859375,-0.060546875
1119,11092974,11392974,-0.17791748,-0.925354004,0.325622559,0.0776367188,0.25,0.30078125,1.36328125,0.3203125,-5.9453125,-7.359375,-0.01953125,-0.224609375,0.1171875
1120,11108215,11408215,-0.178283691,-0.925415039,0.325622559,0.0759887695,0.015625,0.61328125,1.88671875,0.2890625,-5.953125,-7.34375,-0.01953125,-0.224609375,0.1171875
1121,11113821,11413821,-0.179016113,-0.925537109,0.325378418,0.0736083984,0.015625,0.61328125,1.88671875,0.2890625,-5.953125,-7.34375,-0.177734375,-0.447265625,0.328125
1122,11120341,11420341,-0.179931641,-0.925720215,0.325134277,0.0707397461,-0.0703125,0.40625,1.82421875,0.21875,-5.9375,-7.359375,-0.177734375,-0.447265625,0.328125
1123,11132946,11432946,-0.181213379,-0.92578125,0.325012207,0.0669555664,-0.0703125,0.40625,1.82421875,0.21875,-5.9375,-7.359375,-0.177734375,-0.634765625,0.498046875
1124,11139238,11439238,-0.182678223,-0.92578125,0.324951172,0.0628051758,0.24609375,0.30859375,1.6171875,0.09375,-5.9140625,-7.3828125,-0.177734375,-0.634765625,0.498046875
1125,11154483,11454483,-0.184387207,-0.925720215,0.325012207,0.0584106445,0.24609375,0.30859375,1.6171875,0.09375,-5.9140625,-7.3828125,-0.162109375,-0.744140625,0.658203125
1126,11159162,11459162,-0.186340332,-0.925537109,0.325195312,0.0537109375,0.16015625,-0.0234375,1.21875,-0.0859375,-5.890625,-7.40625,-0.162109375,-0.744140625,0.658203125
1127,11175524,11475524,-0.188720703,-0.925292969,0.325439453,0.0484008789,0.16015625,-0.0234375,1.21875,-0.0859375,-5.890625,-7.40625,-0.166015625,-0.853515625,0.8125
1128,11184681,11484681,-0.191101074,-0.924987793,0.325683594,0.0429077148,0.01953125,-0.62890625,0.77734375,-0.2890625,-5.859375,-7.421875,-0.166015625,-0.853515625,0.8125
1129,11196188,11496188,-0.193908691,-0.924499512,0.32623291,0.0363769531,0.01953125,-0.62890625,0.77734375,-0.2890625,-5.859375,-7.421875,-0.119140625,-1.10351562,1
1130,11200752,11500752,-0.196899414,-0.923828125,0.327026367,0.0291137695,-0.32421875,-1.11328125,-0.05859375,-0.5234375,-5.8359375,-7.4296875,-0.119140625,-1.10351562,1
1131,11212435,11512435,-0.199951172,-0.923095703,0.327819824,0.0216674805,-0.32421875,-1.11328125,-0.05859375,-0.5234375,-5.8359375,-7.4296875,-0.119140625,-1.21875,1.11132812
1132,11218143,11518143,-0.203186035,-0.922302246,0.328491211,0.0140380859,-0.515625,-1.14453125,-1.140625,-0.828125,-5.8046875,-7.421875,-0.119140625,-1.21875,1.11132812
1133,11231323,11531323,-0.206542969,-0.921447754,0.328979492,0.00646972656,-0.515625,-1.14453125,-1.140625,-0.828125,-5.8046875,-7.421875,-0.173828125,-1.203125,1.18359375
1134,11238666,11538666,0.210021973,0.920471191,-0.329467773,0.00128173828,-0.43359375,-1.07421875,-1.37109375,-1.140625,-5.7578125,-7.421875,-0.173828125,-1.203125,1.18359375
1135,11251257,11551257,0.213378906,0.919433594,-0.33013916,0.00885009766,-0.43359375,-1.07421875,-1.37109375,-1.140625,-5.7578125,-7.421875,-0.091796875,-1.25585938,1.19921875
1136,11260169,11560169,0.21697998,0.918151855,-0.331115723,0.0168457031,-0.50390625,-0.9609375,-1.078125,-1.453125,-5.71875,-7.40625,-0.091796875,-1.25585938,1.19921875
1137,11273830,11573830,0.220275879,0.916809082,-0.33215332,0.0244750977,-0.50390625,-0.9609375,-1.078125,-1.453125,-5.71875,-7.40625,-0.03515625,-1.25585938,1.16015625
1138,11277557,11577557,0.223266602,0.915466309,-0.333251953,0.0319213867,-0.2890625,-0.74609375,-0.84765625,-1.78125,-5.6640625,-7.3671875,-0.03515625,-1.25585938,1.16015625
1139,11291475,11591475,0.226318359,0.91394043,-0.334594727,0.0399780273,-0.2890625,-0.74609375,-0.84765625,-1.78125,-5.6640625,-7.3671875,0.03515625,-1.375,1.15429688
1140,11297181,11597181,0.229248047,0.912109375,-0.336364746,0.0486450195,-0.70703125,-0.74609375,-0.24609375,-2.09375,-5.625,-7.3203125,0.03515625,-1.375,1.15429688
1141,11309521,11609521,0.231750488,0.91027832,-0.338256836,0.0573120117,-0.70703125,-0.74609375,-0.24609375,-2.09375,-5.625,-7.3203125,0.083984375,-1.6328125,1.140625
1142,11318133,11618133,0.234130859,0.90826416,-0.340270996,0.0669555664,-0.73828125,-0.43359375,-0.1328125,-2.4453125,-5.59375,-7.2421875,0.083984375,-1.6328125,1.140625
1143,11332574,11632574,0.23638916,0.906066895,-0.342468262,0.076965332,-0.73828125,-0.43359375,-0.1328125,-2.4453125,-5.59375,-7.2421875,0.13671875,-1.74414062,1.10742188
1144,11341512,11641512,0.23828125,0.903869629,-0.344787598,0.0858764648,-0.69921875,-0.296875,0.07421875,-2.828125,-5.5390625,-7.140625,0.13671875,-1.74414062,1.10742188
1145,11354928,11654928,0.24041748,0.901000977,-0.348022461,0.0962524414,-0.69921875,-0.296875,0.07421875,-2.828125,-5.5390625,-7.140625,0.33203125,-1.87304688,1.125
1146,11358661,11658661,0.242248535,0.898193359,-0.351196289,0.105773926,-0.66796875,-0.13671875,0.28515625,-3.203125,-5.5078125,-7.0078125,0.33203125,-1.87304688,1.125
1147,11371971,11671971,0.24407959,0.894958496,-0.354980469,0.115844727,-0.66796875,-0.13671875,0.28515625,-3.203125,-5.5078125,-7.0078125,0.486328125,-1.8359375,1.05664062
1148,11376784,11676784,0.245788574,0.891723633,-0.358764648,0.125244141,-0.09375,0.54296875,0.2265625,-3.5859375,-5.5,-6.8359375,0.486328125,-1.8359375,1.05664062
1149,11392027,11692027,0.247314453,0.888427734,-0.362426758,0.13458252,-0.09375,0.54296875,0.2265625,-3.5859375,-5.5,-6.8359375,0.44140625,-1.80078125,1.00390625
1150,11397059,11697059,0.248779297,0.885192871,-0.365783691,0.143798828,-0.15625,1.44921875,-0.265625,-3.9453125,-5.484375,-6.6484375,0.44140625,-1.80078125,1.00390625
1151,11411523,11711523,0.250244141,0.882141113,-0.368591309,0.152893066,-0.15625,1.44921875,-0.265625,-3.9453125,-5.484375,-6.6484375,0.251953125,-1.72070312,0.998046875
1152,11420750,11720750,0.251586914,0.879211426,-0.370788574,0.161865234,-0.43359375,2.06640625,-0.109375,-4.28125,-5.453125,-6.4609375,0.251953125,-1.72070312,0.998046875
1153,11433177,11733177,0.252990723,0.876586914,-0.372314453,0.170288086,-0.43359375,2.06640625,-0.109375,-4.28125,-5.453125,-6.4609375,0.056640625,-1.5859375,1.01171875
1154,11436911,11736911,0.254516602,0.873840332,-0.373535156,0.179077148,-0.65625,1.5,-0.3046875,-4.59375,-5.3828125,-6.3046875,0.056640625,-1.5859375,1.01171875
1155,11451710,11751710,0.256103516,0.87109375,-0.374450684,0.188049316,-0.65625,1.5,-0.3046875,-4.59375,-5.3828125,-6.3046875,-0.064453125,-1.51757812,0.994140625
1156,11456519,11756519,0.257446289,0.868530273,-0.375061035,0.196655273,-1.265625,0.70703125,-0.11328125,-4.90625,-5.28125,-6.1484375,-0.064453125,-1.51757812,0.994140625
1157,11471737,11771737,0.258728027,0.866027832,-0.375610352,0.204956055,-1.265625,0.70703125,-0.11328125,-4.90625,-5.28125,-6.1484375,-0.119140625,-1.4921875,0.947265625
1158,11476775,11776775,0.259765625,0.863586426,-0.376037598,0.212890625,-1.25,0.25390625,-0.0234375,-5.1875,-5.171875,-6.0078125,-0.119140625,-1.4921875,0.947265625
1159,11492133,11792133,0.260803223,0.860961914,-0.376586914,0.221191406,-1.25,0.25390625,-0.0234375,-5.1875,-5.171875,-6.0078125,-0.072265625,-1.4296875,0.857421875
1160,11501532,11801532,0.261535645,0.858520508,-0.377258301,0.22845459,-0.74609375,-0.421875,0.25390625,-5.4609375,-5.0703125,-5.8671875,-0.072265625,-1.4296875,0.857421875
1161,11514416,11814416,0.262084961,0.855895996,-0.378356934,0.235717773,-0.74609375,-0.421875,0.25390625,-5.4609375,-5.0703125,-5.8671875,0.05859375,-1.25976562,0.626953125
1162,11518866,11818866,0.262329102,0.853637695,-0.379577637,0.241638184,-0.20703125,-0.46875,0.13671875,-5.6953125,-4.984375,-5.7109375,0.05859375,-1.25976562,0.626953125
1163,11532050,11832050,0.262268066,0.85144043,-0.38104248,0.247131348,-0.20703125,-0.46875,0.13671875,-5.6953125,-4.984375,-5.7109375,0.134765625,-1.06640625,0.40234375
1164,11535830,11835830,0.262023926,0.84954834,-0.382507324,0.251708984,0.203125,0.13671875,0.11328125,-5.875,-4.9375,-5.5703125,0.134765625,-1.06640625,0.40234375
1165,11550750,11850750,0.261413574,0.847717285,-0.384033203,0.25604248,0.203125,0.13671875,0.11328125,-5.875,-4.9375,-5.5703125,0.138671875,-0.85546875,0.197265625
1166,11555788,11855788,0.260742188,0.846313477,-0.385375977,0.259399414,0.609375,0.609375,-0.01953125,-6.015625,-4.9140625,-5.4375,0.138671875,-0.85546875,0.197265625
1167,11571587,11871587,0.25994873,0.845153809,-0.386474609,0.262145996,0.609375,0.609375,-0.01953125,-6.015625,-4.9140625,-5.4375,0.0625,-0.5859375,0.052734375
1168,11580373,11880373,0.259155273,0.844360352,-0.387268066,0.264343262,0.92578125,0.91796875,0.078125,-6.1015625,-4.9140625,-5.34375,0.0625,-0.5859375,0.052734375
1169,11592026,11892026,0.258422852,0.843811035,-0.387817383,0.266052246,0.92578125,0.91796875,0.078125,-6.1015625,-4.9140625,-5.34375,-0.00390625,-0.3203125,-0.005859375
1170,11595755,11895755,0.2578125,0.843505859,-0.388122559,0.267089844,0.98046875,0.71875,-0.0546875,-6.15625,-4.90625,-5.2890625,-0.00390625,-0.3203125,-0.005859375
1171,11610585,11910585,0.257324219,0.843444824,-0.388244629,0.26763916,0.98046875,0.71875,-0.0546875,-6.15625,-4.90625,-5.2890625,-0.0390625,-0.08203125,-0.0625
1172,11615399,11915399,0.256835938,0.84362793,-0.388244629,0.267578125,1.15234375,0.6484375,-0.078125,-6.171875,-4.9140625,-5.265625,-0.0390625,-0.08203125,-0.0625
1173,11632171,11932171,0.256408691,0.843994141,-0.388183594,0.266906738,1.15234375,0.6484375,-0.078125,-6.171875,-4.9140625,-5.265625,-0.02734375,0.1796875,-0.177734375
1174,11635895,11935895,0.255981445,0.844604492,-0.388061523,0.26550293,1.36328125,0.46484375,0.08203125,-6.15625,-4.921875,-5.2734375,-0.02734375,0.1796875,-0.177734375
1175,11650731,11950731,0.255493164,0.845581055,-0.387878418,0.263305664,1.36328125,0.46484375,0.08203125,-6.15625,-4.921875,-5.2734375,-0.009765625,0.4453125,-0.310546875
1176,11660911,11960911,0.254943848,0.846679688,-0.387634277,0.260437012,1.34765625,0.34375,0.23828125,-6.1015625,-4.953125,-5.3125,-0.009765625,0.4453125,-0.310546875
1177,11674132,11974132,0.254394531,0.848022461,-0.387329102,0.257141113,1.34765625,0.34375,0.23828125,-6.1015625,-4.953125,-5.3125,-0.0234375,0.69921875,-0.462890625
1178,11679010,11979010,0.253723145,0.849731445,-0.38684082,0.252807617,1.28515625,0.3125,0.23046875,-6,-5,-5.3828125,-0.0234375,0.69921875,-0.462890625
1179,11690754,11990754,0.252990723,0.851623535,-0.386352539,0.24798584,1.28515625,0.3125,0.23046875,-6,-5,-5.3828125,-0.01953125,0.943359375,-0.591796875
1180,11695209,11995209,0.252319336,0.85357666,-0.385803223,0.242797852,1.09765625,0.0234375,0.21875,-5.8515625,-5.0546875,-5.484375,-0.01953125,0.943359375,-0.591796875
1181,11710461,12010461,0.251525879,0.855834961,-0.385192871,0.23651123,1.09765625,0.0234375,0.21875,-5.8515625,-5.0546875,-5.484375,0.01171875,1.15039062,-0.6875
1182,11717209,12017209,0.250854492,0.857910156,-0.384643555,0.230285645,0.84375,-0.17578125,0.2265625,-5.671875,-5.125,-5.609375,0.01171875,1.15039062,-0.6875
1183,11730113,12030113,0.25012207,0.860351562,-0.384094238,0.222900391,0.84375,-0.17578125,0.2265625,-5.671875,-5.125,-5.609375,0.0625,1.33203125,-0.76953125
1184,11738991,12038991,0.249450684,0.862731934,-0.383544922,0.215332031,0.5859375,-0.2421875,0.09375,-5.453125,-5.2109375,-5.7421875,0.0625,1.33203125,-0.76953125
1185,11751503,12051503,0.248779297,0.86517334,-0.382873535,0.207397461,0.5859375,-0.2421875,0.09375,-5.453125,-5.2109375,-5.7421875,0.064453125,1.50390625,-0.845703125
1186,11755226,12055226,0.248046875,0.867614746,-0.382080078,0.199401855,0.41015625,-0.03515625,-0.1875,-5.203125,-5.3046875,-5.8828125,0.064453125,1.50390625,-0.845703125
1187,11770391,12070391,0.247131348,0.870422363,-0.380981445,0.190124512,0.41015625,-0.03515625,-0.1875,-5.203125,-5.3046875,-5.8828125,-0.009765625,1.66601562,-0.931640625
1188,11778635,12078635,0.246276855,0.873046875,-0.379699707,0.18145752,0.27734375,0.08984375,-0.25390625,-4.9140625,-5.390625,-6.046875,-0.009765625,1.66601562,-0.931640625
1189,11791340,12091340,0.245117188,0.875976562,-0.378295898,0.171630859,0.27734375,0.08984375,-0.25390625,-4.9140625,-5.390625,-6.046875,-0.03125,1.75585938,-1.01171875
1190,11795064,12095064,0.244018555,0.878662109,-0.376953125,0.16229248,0.0390625,-0.3203125,-0.3203125,-4.6015625,-5.4765625,-6.2109375,-0.03125,1.75585938,-1.01171875
1191,11809704,12109704,0.242614746,0.881469727,-0.375549316,0.152099609,0.0390625,-0.3203125,-0.3203125,-4.6015625,-5.4765625,-6.2109375,0.01171875,1.8515625,-1.1171875
1192,11819536,12119536,0.241027832,0.884277344,-0.374084473,0.141296387,-0.1796875,-0.19140625,-0.171875,-4.265625,-5.5703125,-6.359375,0.01171875,1.8515625,-1.1171875
1193,11832709,12132709,0.239379883,0.887023926,-0.372619629,0.13067627,-0.1796875,-0.19140625,-0.171875,-4.265625,-5.5703125,-6.359375,0,1.93164062,-1.20898438
1194,11836318,12136318,0.237487793,0.889709473,-0.37109375,0.119750977,-0.44921875,0.09375,-0.3203125,-3.8828125,-5.6640625,-6.515625,0,1.93164062,-1.20898438
1195,11848287,12148287,0.235534668,0.892272949,-0.369445801,0.108947754,-0.44921875,0.09375,-0.3203125,-3.8828125,-5.6640625,-6.515625,-0.021484375,1.91015625,-1.25
1196,11856600,12156600,0.233459473,0.894775391,-0.367736816,0.0983276367,-0.46484375,0.41796875,-0.37109375,-3.484375,-5.7578125,-6.65625,-0.021484375,1.91015625,-1.25
1197,11869314,12169314,0.231323242,0.897155762,-0.365905762,0.0880737305,-0.46484375,0.41796875,-0.37109375,-3.484375,-5.7578125,-6.65625,-0.083984375,1.86132812,-1.2421875
1198,11875028,12175028,0.229064941,0.899536133,-0.363830566,0.0772705078,-0.05078125,0.2578125,-0.203125,-3.09375,-5.828125,-6.7890625,-0.083984375,1.86132812,-1.2421875
1199,11888587,12188587,0.226928711,0.901672363,-0.361938477,0.067199707,-0.05078125,0.2578125,-0.203125,-3.09375,-5.828125,-6.7890625,-0.0390625,1.83007812,-1.19726562
1200,11896501,12196501,0.224914551,0.903564453,-0.360229492,0.0565185547,-0.21875,-0.14453125,-0.16796875,-2.6953125,-5.8828125,-6.8984375,-0.0390625,1.83007812,-1.19726562
1201,11910777,12210777,0.223083496,0.905090332,-0.359008789,0.0467529297,-0.21875,-0.14453125,-0.16796875,-2.6953125,-5.8828125,-6.8984375,0.130859375,1.73828125,-1.12695312
1202,11914392,12214392,0.221008301,0.90637207,-0.358154297,0.0368652344,-0.44921875,-0.08203125,0.26171875,-2.3125,-5.9453125,-6.984375,0.130859375,1.73828125,-1.12695312
1203,11926527,12226527,0.21862793,0.907531738,-0.357543945,0.0272827148,-0.44921875,-0.08203125,0.26171875,-2.3125,-5.9453125,-6.984375,0.2265625,1.47460938,-1.12695312
1204,11938489,12238489,0.216125488,0.908630371,-0.356872559,0.0188598633,-0.43359375,0.80078125,0.26953125,-1.9453125,-6.0234375,-7.03125,0.2265625,1.47460938,-1.12695312
1205,11950386,12250386,0.213317871,0.909973145,-0.35546875,0.010925293,-0.43359375,0.80078125,0.26953125,-1.9453125,-6.0234375,-7.03125,-0.10546875,1.234375,-1.109375
1206,11954119,12254119,0.210571289,0.911315918,-0.353759766,0.00396728516,-0.1484375,0.9296875,0.1953125,-1.6171875,-6.078125,-7.0703125,-0.10546875,1.234375,-1.109375
1207,11969266,12269266,-0.207641602,-0.912780762,0.351806641,0.00299072266,-0.1484375,0.9296875,0.1953125,-1.6171875,-6.078125,-7.0703125,-0.1640625,1.02539062,-1.00976562
1208,11980233,12280233,-0.204956055,-0.913879395,0.350280762,0.0087890625,-0.12890625,0.1328125,0.01953125,-1.328125,-6.0859375,-7.125,-0.1640625,1.02539062,-1.00976562
1209,11991405,12291405,-0.202392578,-0.914733887,0.349365234,0.0144042969,-0.12890625,0.1328125,0.01953125,-1.328125,-6.0859375,-7.125,0.072265625,0.861328125,-0.888671875
1210,11995849,12295849,-0.199829102,-0.915344238,0.348937988,0.0202026367,0.27734375,-0.31640625,-0.5703125,-1.0859375,-6.09375,-7.1484375,0.072265625,0.861328125,-0.888671875
1211,12007385,12307385,-0.197387695,-0.91583252,0.348632812,0.0260009766,0.27734375,-0.31640625,-0.5703125,-1.0859375,-6.09375,-7.1484375,0.16015625,0.880859375,-0.849609375
1212,12016220,12316220,-0.195007324,-0.916259766,0.348510742,0.0318603516,0.3046875,-0.35546875,-0.453125,-0.84375,-6.1328125,-7.1484375,0.16015625,0.880859375,-0.849609375
1213,12028220,12328220,-0.192687988,-0.916564941,0.348266602,0.0376586914,0.3046875,-0.35546875,-0.453125,-0.84375,-6.1328125,-7.1484375,0.1796875,0.97265625,-0.900390625
1214,12033250,12333250,-0.190124512,-0.917053223,0.347717285,0.0440673828,0.53125,0.06640625,0.37890625,-0.609375,-6.171875,-7.140625,0.1796875,0.97265625,-0.900390625
1215,12048319,12348319,-0.187561035,-0.917663574,0.346618652,0.0501098633,0.53125,0.06640625,0.37890625,-0.609375,-6.171875,-7.140625,-0.05078125,0.923828125,-0.8984375
1216,12067244,12367244,-0.185119629,-0.918457031,0.345092773,0.0553588867,0.43359375,0.42578125,0.76171875,-0.359375,-6.1875,-7.140625,-0.05078125,0.923828125,-0.8984375
1217,12071839,12371839,-0.182495117,-0.919372559,0.343200684,0.0599365234,0.43359375,0.42578125,0.76171875,-0.359375,-6.1875,-7.140625,-0.248046875,0.638671875,-0.810546875
1218,12076013,12376013,-0.180053711,-0.920410156,0.341186523,0.0637817383,0.40625,0.10546875,0.25,-0.140625,-6.171875,-7.1640625,-0.248046875,0.638671875,-0.810546875
1219,12087555,12387555,-0.17791748,-0.921264648,0.339233398,0.0672607422,0.40625,0.10546875,0.25,-0.140625,-6.171875,-7.1640625,-0.224609375,0.5625,-0.638671875
1220,12097985,12397985,-0.176269531,-0.921813965,0.33782959,0.0708007812,0.38671875,-0.28515625,0.13671875,0.03125,-6.125,-7.203125,-0.224609375,0.5625,-0.638671875
1221,12107274,12407274,-0.175109863,-0.922058105,0.337158203,0.0743408203,0.38671875,-0.28515625,0.13671875,0.03125,-6.125,-7.203125,0.0703125,0.580078125,-0.419921875
1222,12113253,12413253,-0.174194336,-0.92199707,0.336975098,0.0774536133,-0.11328125,-1.2578125,0.375,0.1875,-6.109375,-7.2109375,0.0703125,0.580078125,-0.419921875
1223,12129330,12429330,-0.173339844,-0.92199707,0.336914062,0.0798950195,-0.11328125,-1.2578125,0.375,0.1875,-6.109375,-7.2109375,0.07421875,0.328125,-0.298828125
1224,12140156,12440156,-0.172546387,-0.922058105,0.336669922,0.0816040039,-0.484375,-0.9765625,0.01171875,0.2890625,-6.125,-7.1953125,0.07421875,0.328125,-0.298828125
1225,12149941,12449941,-0.171875,-0.922363281,0.335998535,0.0827636719,-0.484375,-0.9765625,0.01171875,0.2890625,-6.125,-7.1953125,-0.1484375,0.1484375,-0.193359375
1226,12153543,12453543,-0.171447754,-0.922729492,0.335021973,0.0834960938,-0.171875,-0.44921875,-0.71484375,0.359375,-6.1171875,-7.1953125,-0.1484375,0.1484375,-0.193359375
1227,12167950,12467950,-0.171264648,-0.923095703,0.33392334,0.083984375,-0.171875,-0.44921875,-0.71484375,0.359375,-6.1171875,-7.1953125,-0.185546875,0.09765625,-0.05859375
1228,12175468,12475468,-0.171325684,-0.923339844,0.333190918,0.0842895508,0.01953125,-1.08203125,-0.8125,0.3984375,-6.09375,-7.2109375,-0.185546875,0.09765625,-0.05859375
1229,12187751,12487751,-0.171508789,-0.923461914,0.332641602,0.0844726562,0.01953125,-1.08203125,-0.8125,0.3984375,-6.09375,-7.2109375,-0.064453125,0.0390625,0.03125
1230,12192563,12492563,-0.17175293,-0.923461914,0.332458496,0.0844726562,-0.2578125,-1.52734375,-0.8671875,0.40625,-6.0703125,-7.234375,-0.064453125,0.0390625,0.03125
1231,12207859,12507859,-0.172058105,-0.923400879,0.332580566,0.0844116211,-0.2578125,-1.52734375,-0.8671875,0.40625,-6.0703125,-7.234375,0.03125,-0.01171875,0.080078125
1232,12217120,12517120,-0.172363281,-0.923278809,0.332824707,0.0841674805,-0.21875,-1.3359375,-0.5234375,0.40625,-6.0703125,-7.234375,0.03125,-0.01171875,0.080078125
1233,12227664,12527664,-0.172790527,-0.923095703,0.333190918,0.0836181641,-0.21875,-1.3359375,-0.5234375,0.40625,-6.0703125,-7.234375,0.04296875,-0.12109375,0.130859375
1234,12232452,12532452,-0.173217773,-0.923034668,0.333496094,0.0826416016,-0.26953125,-0.82421875,-0.53125,0.3828125,-6.0859375,-7.2265625,0.04296875,-0.12109375,0.130859375
1235,12248522,12548522,-0.173706055,-0.922973633,0.333679199,0.0814208984,-0.26953125,-0.82421875,-0.53125,0.3828125,-6.0859375,-7.2265625,-0.0078125,-0.234375,0.2109375
1236,12254515,12554515,-0.174377441,-0.922851562,0.333984375,0.0799560547,-0.22265625,-0.59375,-0.33984375,0.3359375,-6.0859375,-7.2265625,-0.0078125,-0.234375,0.2109375
1237,12268219,12568219,-0.175170898,-0.922729492,0.334289551,0.0780029297,-0.22265625,-0.59375,-0.33984375,0.3359375,-6.0859375,-7.2265625,-0.017578125,-0.322265625,0.310546875
1238,12271849,12571849,-0.176147461,-0.922607422,0.334594727,0.0758666992,-0.18359375,-0.40234375,-0.17578125,0.2578125,-6.0859375,-7.234375,-0.017578125,-0.322265625,0.310546875
1239,12288628,12588628,-0.177246094,-0.922485352,0.335021973,0.0733032227,-0.18359375,-0.40234375,-0.17578125,0.2578125,-6.0859375,-7.234375,-0.01953125,-0.427734375,0.400390625
1240,12300760,12600760,-0.178405762,-0.922302246,0.335449219,0.0706176758,-0.08203125,-0.2109375,0.015625,0.15625,-6.0859375,-7.234375,-0.01953125,-0.427734375,0.400390625
1241,12307817,12607817,-0.179748535,-0.922119141,0.3359375,0.0673828125,-0.08203125,-0.2109375,0.015625,0.15625,-6.0859375,-7.234375,-0.0546875,-0.52734375,0.4921875
1242,12316000,12616000,-0.181152344,-0.92199707,0.336242676,0.0640258789,0.15625,0.1796875,0.17578125,0.03125,-6.09375,-7.2421875,-0.0546875,-0.52734375,0.4921875
1243,12328138,12628138,-0.182800293,-0.921813965,0.336547852,0.0599365234,0.15625,0.1796875,0.17578125,0.03125,-6.09375,-7.2421875,-0.10546875,-0.642578125,0.572265625
1244,12333662,12633662,-0.184326172,-0.921630859,0.336791992,0.0560302734,0.23046875,0.2421875,0.14453125,-0.1171875,-6.078125,-7.25,-0.10546875,-0.642578125,0.572265625
1245,12347575,12647575,-0.186218262,-0.921447754,0.337097168,0.0513305664,0.23046875,0.2421875,0.14453125,-0.1171875,-6.078125,-7.25,-0.107421875,-0.73046875,0.666015625
1246,12351297,12651297,-0.188049316,-0.921142578,0.337524414,0.0468139648,0.25390625,0.1015625,0.19921875,-0.296875,-6.0546875,-7.265625,-0.107421875,-0.73046875,0.666015625
1247,12371182,12671182,-0.190124512,-0.920776367,0.338134766,0.0416259766,0.25390625,0.1015625,0.19921875,-0.296875,-6.0546875,-7.265625,-0.08203125,-0.853515625,0.748046875
1248,12372647,12672647,-0.192199707,-0.920349121,0.338684082,0.0361328125,0.03125,0.25,0.08203125,-0.4921875,-6.046875,-7.265625,-0.08203125,-0.853515625,0.748046875
1249,12387125,12687125,-0.194335938,-0.919921875,0.339172363,0.0302734375,0.03125,0.25,0.08203125,-0.4921875,-6.046875,-7.265625,-0.12890625,-0.98046875,0.84375
1250,12393094,12693094,-0.196533203,-0.919433594,0.339660645,0.0242919922,0.02734375,0.25390625,-0.0703125,-0.71875,-6.015625,-7.265625,-0.12890625,-0.98046875,0.84375
1251,12410106,12710106,-0.19909668,-0.918884277,0.340087891,0.0172119141,0.02734375,0.25390625,-0.0703125,-0.71875,-6.015625,-7.265625,-0.169921875,-1.09765625,0.935546875
1252,12414672,12714672,-0.201477051,-0.918334961,0.340515137,0.0104980469,-0.0546875,-0.12890625,-0.18359375,-0.984375,-5.9765625,-7.265625,-0.169921875,-1.09765625,0.935546875
1253,12427873,12727873,-0.204040527,-0.917724609,0.340881348,0.00335693359,-0.0546875,-0.12890625,-0.18359375,-0.984375,-5.9765625,-7.265625,-0.197265625,-1.15039062,0.982421875
1254,12431598,12731598,0.206542969,0.916992188,-0.341186523,0.00347900391,-0.046875,-0.234375,-0.328125,-1.2578125,-5.9453125,-7.2734375,-0.197265625,-1.15039062,0.982421875
1255,12445511,12745511,0.209289551,0.91607666,-0.341796875,0.0112915039,-0.046875,-0.234375,-0.328125,-1.2578125,-5.9453125,-7.2734375,-0.125,-1.30078125,1.0546875
1256,12456931,12756931,0.211791992,0.915100098,-0.342590332,0.0196533203,-0.6796875,-0.0625,-0.5,-1.546875,-5.890625,-7.2578125,-0.125,-1.30078125,1.0546875
1257,12466884,12766884,0.214050293,0.914001465,-0.343566895,0.0281982422,-0.6796875,-0.0625,-0.5,-1.546875,-5.890625,-7.2578125,-0.083984375,-1.57226562,1.09960938
1258,12473261,12773261,0.216308594,0.912597656,-0.344848633,0.0377197266,-0.42578125,-0.4609375,-0.64453125,-1.875,-5.8359375,-7.2265625,-0.083984375,-1.57226562,1.09960938
1259,12490489,12790489,0.218444824,0.911010742,-0.346435547,0.047668457,-0.42578125,-0.4609375,-0.64453125,-1.875,-5.8359375,-7.2265625,-0.001953125,-1.81054688,1.14453125
1260,12494890,12794890,0.220458984,0.909240723,-0.348205566,0.0584716797,-0.3515625,-0.4765625,-0.83203125,-2.2578125,-5.78125,-7.15625,-0.001953125,-1.81054688,1.14453125
1261,12504872,12804872,0.222290039,0.907348633,-0.349914551,0.0692138672,-0.3515625,-0.4765625,-0.83203125,-2.2578125,-5.78125,-7.15625,-0.0078125,-1.94921875,1.14257812
1262,12512145,12812145,0.224060059,0.905334473,-0.351745605,0.0802001953,-0.05859375,-0.453125,-0.734375,-2.6640625,-5.7265625,-7.0625,-0.0078125,-1.94921875,1.14257812
1263,12525488,12825488,0.225646973,0.903137207,-0.353820801,0.090637207,-0.05859375,-0.453125,-0.734375,-2.6640625,-5.7265625,-7.0625,0.146484375,-2.03320312,1.13671875
1264,12536141,12836141,0.227172852,0.900512695,-0.356445312,0.101928711,-0.00390625,-0.47265625,-0.50390625,-3.0625,-5.671875,-6.9453125,0.146484375,-2.03320312,1.13671875
1265,12547508,12847508,0.22845459,0.897949219,-0.359008789,0.112426758,-0.00390625,-0.47265625,-0.50390625,-3.0625,-5.671875,-6.9453125,0.208984375,-2.04101562,1.06445312
1266,12551108,12851108,0.229614258,0.895141602,-0.361755371,0.12322998,0.28515625,-0.2421875,-0.27734375,-3.46875,-5.6328125,-6.7890625,0.208984375,-2.04101562,1.06445312
1267,12568542,12868542,0.230712891,0.892089844,-0.364562988,0.134521484,0.28515625,-0.2421875,-0.27734375,-3.46875,-5.6328125,-6.7890625,0.205078125,-2,0.98828125
1268,12572662,12872662,0.231445312,0.889404297,-0.366943359,0.144226074,0.41796875,-0.10546875,0.046875,-3.8671875,-5.578125,-6.6171875,0.205078125,-2,0.98828125
1269,12585560,12885560,0.232116699,0.886230469,-0.369689941,0.155029297,0.41796875,-0.10546875,0.046875,-3.8671875,-5.578125,-6.6171875,0.251953125,-2.00390625,0.923828125
1270,12591516,12891516,0.232666016,0.883178711,-0.372375488,0.165039062,0.515625,-0.11328125,0.0234375,-4.234375,-5.53125,-6.4375,0.251953125,-2.00390625,0.923828125
1271,12608550,12908550,0.233032227,0.880126953,-0.375061035,0.174560547,0.515625,-0.11328125,0.0234375,-4.234375,-5.53125,-6.4375,0.26953125,-1.90820312,0.8359375
1272,12616916,12916916,0.233337402,0.87689209,-0.377685547,0.184265137,0.7734375,0.3828125,0.1328125,-4.5703125,-5.4921875,-6.2421875,0.26953125,-1.90820312,0.8359375
1273,12627260,12927260,0.233642578,0.873962402,-0.379943848,0.192993164,0.7734375,0.3828125,0.1328125,-4.5703125,-5.4921875,-6.2421875,0.208984375,-1.74023438,0.78515625
1274,12630872,12930872,0.233947754,0.871032715,-0.381896973,0.201721191,0.89453125,0.6875,0.08203125,-4.8828125,-5.453125,-6.0390625,0.208984375,-1.74023438,0.78515625
1275,12647243,12947243,0.234313965,0.868103027,-0.383728027,0.210510254,0.89453125,0.6875,0.08203125,-4.8828125,-5.453125,-6.0390625,0.115234375,-1.6015625,0.7578125
1276,12651714,12951714,0.234680176,0.86541748,-0.385192871,0.218261719,0.7265625,0.47265625,0.35546875,-5.171875,-5.390625,-5.8515625,0.115234375,-1.6015625,0.7578125
1277,12666267,12966267,0.235168457,0.862548828,-0.38671875,0.226074219,0.7265625,0.47265625,0.35546875,-5.171875,-5.390625,-5.8515625,0.14453125,-1.42773438,0.724609375
1278,12670009,12970009,0.235717773,0.859924316,-0.388183594,0.233032227,0.63671875,0.14453125,0.3359375,-5.4296875,-5.328125,-5.6796875,0.14453125,-1.42773438,0.724609375
1279,12687667,12987667,0.23614502,0.85723877,-0.389648438,0.239929199,0.63671875,0.14453125,0.3359375,-5.4296875,-5.328125,-5.6796875,0.154296875,-1.2734375,0.623046875
1280,12697149,12997149,0.23638916,0.854858398,-0.390930176,0.245910645,0.234375,0.39453125,0.36328125,-5.640625,-5.2734375,-5.515625,0.154296875,-1.2734375,0.623046875
1281,12708172,13008172,0.23651123,0.852539062,-0.392150879,0.25189209,0.234375,0.39453125,0.36328125,-5.640625,-5.2734375,-5.515625,0.09375,-1.09960938,0.486328125
1282,12713044,13013044,0.23651123,0.850524902,-0.393127441,0.257202148,0.30859375,0.42578125,0.0625,-5.828125,-5.2265625,-5.3671875,0.09375,-1.09960938,0.486328125
1283,12727685,13027685,0.236572266,0.848571777,-0.394042969,0.262084961,0.30859375,0.42578125,0.0625,-5.828125,-5.2265625,-5.3671875,0.06640625,-0.919921875,0.4140625
1284,12731424,13031424,0.236633301,0.846862793,-0.394775391,0.266357422,0.3125,0.4140625,0.12890625,-5.984375,-5.1796875,-5.2421875,0.06640625,-0.919921875,0.4140625
1285,12744957,13044957,0.236755371,0.845275879,-0.395446777,0.270263672,0.3125,0.4140625,0.12890625,-5.984375,-5.1796875,-5.2421875,0.0703125,-0.734375,0.3671875
1286,12749996,13049996,0.236938477,0.843811035,-0.396118164,0.273803711,0.3203125,0.26171875,0.140625,-6.109375,-5.140625,-5.140625,0.0703125,-0.734375,0.3671875
1287,12766964,13066964,0.237243652,0.842346191,-0.396728516,0.276977539,0.3203125,0.26171875,0.140625,-6.109375,-5.140625,-5.140625,0.08203125,-0.55078125,0.30078125
1288,12776183,13076183,0.237487793,0.841247559,-0.397277832,0.279418945,0.23046875,0.26953125,0.171875,-6.2109375,-5.109375,-5.0546875,0.08203125,-0.55078125,0.30078125
1289,12787306,13087306,0.237792969,0.840270996,-0.397644043,0.281555176,0.23046875,0.26953125,0.171875,-6.2109375,-5.109375,-5.0546875,0.046875,-0.353515625,0.216796875
1290,12792252,13092252,0.238037109,0.839538574,-0.397949219,0.28314209,0.1875,0.3125,0.30078125,-6.28125,-5.078125,-4.9921875,0.046875,-0.353515625,0.216796875
1291,12806937,13106937,0.238342285,0.838928223,-0.398132324,0.284362793,0.1875,0.3125,0.30078125,-6.28125,-5.078125,-4.9921875,0.03125,-0.171875,0.1328125
1292,12810569,13110569,0.238586426,0.838562012,-0.398254395,0.28503418,0.1953125,0.18359375,0.4140625,-6.328125,-5.0625,-4.953125,0.03125,-0.171875,0.1328125
1293,12825045,13125045,0.238952637,0.838317871,-0.3984375,0.285217285,0.1953125,0.18359375,0.4140625,-6.328125,-5.0625,-4.953125,0.0703125,0.015625,0.046875
1294,12828647,13128647,0.239196777,0.838256836,-0.398620605,0.284912109,0.203125,0.16796875,0.390625,-6.3359375,-5.046875,-4.9296875,0.0703125,0.015625,0.046875
1295,12845521,13145521,0.239440918,0.838378906,-0.398803711,0.284118652,0.203125,0.16796875,0.390625,-6.3359375,-5.046875,-4.9296875,0.068359375,0.193359375,-0.08203125
1296,12853485,13153485,0.239501953,0.838745117,-0.398986816,0.282836914,0.1484375,0.2890625,0.3984375,-6.3203125,-5.0546875,-4.9375,0.068359375,0.193359375,-0.08203125
1297,12864040,13164040,0.239501953,0.839355469,-0.399108887,0.280883789,0.1484375,0.2890625,0.3984375,-6.3203125,-5.0546875,-4.9375,0.056640625,0.390625,-0.21484375
1298,12868824,13168824,0.239440918,0.840148926,-0.399108887,0.278442383,0.21875,0.3203125,0.31640625,-6.2734375,-5.0859375,-4.96875,0.056640625,0.390625,-0.21484375
1299,12887085,13187085,0.239379883,0.841125488,-0.399047852,0.27557373,0.21875,0.3203125,0.31640625,-6.2734375,-5.0859375,-4.96875,0.0390625,0.59765625,-0.306640625
1300,12891756,13191756,0.239379883,0.842346191,-0.398864746,0.272094727,0.30078125,0.4296875,0.25390625,-6.203125,-5.1171875,-5.0234375,0.0390625,0.59765625,-0.306640625
1301,12903613,13203613,0.239379883,0.84375,-0.39855957,0.268127441,0.30078125,0.4296875,0.25390625,-6.203125,-5.1171875,-5.0234375,0.017578125,0.810546875,-0.38671875
1302,12908636,13208636,0.239379883,0.845336914,-0.398132324,0.26373291,0.26953125,0.36328125,0.265625,-6.09375,-5.1640625,-5.109375,0.017578125,0.810546875,-0.38671875
1303,12925610,13225610,0.239379883,0.847106934,-0.397705078,0.258789062,0.26953125,0.36328125,0.265625,-6.09375,-5.1640625,-5.109375,0.02734375,0.98828125,-0.46484375
1304,12935011,13235011,0.239379883,0.848876953,-0.397155762,0.253662109,0.1640625,0.26171875,0.14453125,-5.953125,-5.21875,-5.21875,0.02734375,0.98828125,-0.46484375
1305,12945369,13245369,0.239257812,0.850952148,-0.39654541,0.247802734,0.1640625,0.26171875,0.14453125,-5.953125,-5.21875,-5.21875,-0.009765625,1.1640625,-0.576171875
1306,12949101,13249101,0.239074707,0.853149414,-0.395812988,0.241516113,0.19140625,0.32421875,0.26171875,-5.7890625,-5.28125,-5.3359375,-0.009765625,1.1640625,-0.576171875
1307,12966632,13266632,0.238708496,0.855529785,-0.395019531,0.234619141,0.19140625,0.32421875,0.26171875,-5.7890625,-5.28125,-5.3359375,-0.017578125,1.27734375,-0.67578125
1308,12971113,13271113,0.238220215,0.857971191,-0.394104004,0.227600098,0.14453125,0.2421875,0.29296875,-5.5859375,-5.3515625,-5.484375,-0.017578125,1.27734375,-0.67578125
1309,12984125,13284125,0.237548828,0.860473633,-0.393066406,0.220458984,0.14453125,0.2421875,0.29296875,-5.5859375,-5.3515625,-5.484375,-0.091796875,1.37695312,-0.791015625
1310,12987856,13287856,0.236694336,0.863098145,-0.391906738,0.213256836,0.21484375,0.19921875,0.17578125,-5.3515625,-5.421875,-5.6328125,-0.091796875,1.37695312,-0.791015625
1311,13004130,13304130,0.235656738,0.866027832,-0.390380859,0.205078125,0.21484375,0.19921875,0.17578125,-5.3515625,-5.421875,-5.6328125,-0.158203125,1.49414062,-0.88671875
1312,13018266,13318266,0.234558105,0.868896484,-0.388793945,0.19708252,0.1953125,0.15234375,0.0234375,-5.1015625,-5.4921875,-5.7890625,-0.158203125,1.49414062,-0.88671875
1313,13023760,13323760,0.233398438,0.871948242,-0.386962891,0.188232422,0.1953125,0.15234375,0.0234375,-5.1015625,-5.4921875,-5.7890625,-0.173828125,1.66601562,-0.955078125
1314,13030629,13330629,0.23236084,0.87487793,-0.385253906,0.179504395,0.17578125,-0.12109375,-0.1796875,-4.8125,-5.5625,-5.96875,-0.173828125,1.66601562,-0.955078125
1315,13046203,13346203,0.231201172,0.877868652,-0.383544922,0.169555664,0.17578125,-0.12109375,-0.1796875,-4.8125,-5.5625,-5.96875,-0.078125,1.76367188,-1
1316,13049811,13349811,0.230163574,0.880615234,-0.382141113,0.159912109,-0.0703125,-0.234375,-0.12109375,-4.4921875,-5.640625,-6.140625,-0.078125,1.76367188,-1
1317,13063344,13363344,0.229003906,0.883117676,-0.380859375,0.15032959,-0.0703125,-0.234375,-0.12109375,-4.4921875,-5.640625,-6.140625,-0.02734375,1.84960938,-1.078125
1318,13069808,13369808,0.227661133,0.885864258,-0.379272461,0.139953613,-0.21484375,0.38671875,-0.1171875,-4.15625,-5.7265625,-6.296875,-0.02734375,1.84960938,-1.078125
1319,13086001,13386001,0.226074219,0.888671875,-0.377319336,0.129333496,-0.21484375,0.38671875,-0.1171875,-4.15625,-5.7265625,-6.296875,-0.16015625,1.87695312,-1.14257812
1320,13094601,13394601,0.224304199,0.891601562,-0.375,0.118713379,-0.28125,0.54296875,-0.0703125,-3.78125,-5.8046875,-6.4609375,-0.16015625,1.87695312,-1.14257812
1321,13104690,13404690,0.222595215,0.894226074,-0.372741699,0.109130859,-0.28125,0.54296875,-0.0703125,-3.78125,-5.8046875,-6.4609375,-0.248046875,1.87695312,-1.1640625
1322,13108298,13408298,0.22076416,0.896911621,-0.370178223,0.0988769531,0.18359375,0.328125,0.0078125,-3.40625,-5.859375,-6.6171875,-0.248046875,1.87695312,-1.1640625
1323,13125409,13425409,0.21887207,0.899597168,-0.367553711,0.0880737305,0.18359375,0.328125,0.0078125,-3.40625,-5.859375,-6.6171875,-0.212890625,1.875,-1.14648438
1324,13130085,13430085,0.217224121,0.901855469,-0.36517334,0.0781860352,0.1796875,0.13671875,-0.2265625,-3.015625,-5.8984375,-6.765625,-0.212890625,1.875,-1.14648438
1325,13141805,13441805,0.215637207,0.903930664,-0.362976074,0.0679321289,0.1796875,0.13671875,-0.2265625,-3.015625,-5.8984375,-6.765625,-0.099609375,1.84179688,-1.07421875
1326,13147520,13447520,0.213989258,0.905822754,-0.361022949,0.0576171875,0.140625,-0.08984375,-0.21484375,-2.6328125,-5.9375,-6.890625,-0.099609375,1.84179688,-1.07421875
1327,13163269,13463269,0.212402344,0.907409668,-0.359375,0.0484008789,0.140625,-0.08984375,-0.21484375,-2.6328125,-5.9375,-6.890625,-0.017578125,1.62695312,-1.01953125
1328,13172246,13472246,0.210693359,0.908874512,-0.357788086,0.0396728516,-0.03515625,0.25390625,-0.0078125,-2.265625,-5.9765625,-6.984375,-0.017578125,1.62695312,-1.01953125
1329,13182423,13482423,0.208679199,0.910339355,-0.356079102,0.0311889648,-0.03515625,0.25390625,-0.0078125,-2.265625,-5.9765625,-6.984375,-0.107421875,1.35742188,-0.955078125
1330,13187203,13487203,0.206665039,0.911743164,-0.354187012,0.0236816406,0.515625,0.32421875,0.28515625,-1.9375,-6.0078125,-7.046875,-0.107421875,1.35742188,-0.955078125
1331,13204736,13504736,0.204589844,0.913146973,-0.352111816,0.0170288086,0.515625,0.32421875,0.28515625,-1.9375,-6.0078125,-7.046875,-0.26953125,1.1171875,-0.890625
1332,13208565,13508565,0.202453613,0.914550781,-0.350036621,0.0110473633,0.45703125,-0.2421875,0.2734375,-1.6484375,-6.015625,-7.109375,-0.26953125,1.1171875,-0.890625
1333,13220550,13520550,0.200012207,0.915771484,-0.348388672,0.00531005859,0.45703125,-0.2421875,0.2734375,-1.6484375,-6.015625,-7.109375,-0.099609375,0.859375,-0.873046875
1334,13227444,13527444,-0.197509766,-0.916748047,0.347290039,6.10351562e-05,0.17578125,-0.92578125,-1.16796875,-1.40625,-6.0234375,-7.1640625,-0.099609375,0.859375,-0.873046875
1335,13244330,13544330,-0.194946289,-0.917480469,0.346679688,0.00604248047,0.17578125,-0.92578125,-1.16796875,-1.40625,-6.0234375,-7.1640625,0.146484375,1.02734375,-0.931640625
1336,13252806,13552806,-0.192626953,-0.91796875,0.346496582,0.0125732422,0.203125,-0.51953125,-0.875,-1.1640625,-6.046875,-7.1875,0.146484375,1.02734375,-0.931640625
1337,13263770,13563770,-0.190185547,-0.918334961,0.346496582,0.0200195312,0.203125,-0.51953125,-0.875,-1.1640625,-6.046875,-7.1875,0.2734375,1.21289062,-0.97265625
1338,13267506,13567506,-0.187744141,-0.918640137,0.346557617,0.0275268555,-0.109375,-0.01953125,0.3046875,-0.890625,-6.0859375,-7.1796875,0.2734375,1.21289062,-0.97265625
1339,13284309,13584309,-0.184936523,-0.918945312,0.346557617,0.0348510742,-0.109375,-0.01953125,0.3046875,-0.890625,-6.0859375,-7.1796875,0.19140625,1.01953125,-1
1340,13288214,13588214,-0.182067871,-0.919494629,0.345947266,0.0407104492,-0.328125,0.41796875,0.01953125,-0.59375,-6.140625,-7.1640625,0.19140625,1.01953125,-1
1341,13301754,13601754,-0.179199219,-0.920349121,0.344604492,0.0457763672,-0.328125,0.41796875,0.01953125,-0.59375,-6.140625,-7.1640625,-0.181640625,0.708984375,-0.91015625
1342,13306794,13606794,-0.176208496,-0.921386719,0.342651367,0.0504150391,-0.21875,0.578125,-0.546875,-0.359375,-6.1484375,-7.171875,-0.181640625,0.708984375,-0.91015625
1343,13322615,13622615,-0.17376709,-0.922302246,0.340881348,0.0544433594,-0.21875,0.578125,-0.546875,-0.359375,-6.1484375,-7.171875,-0.212890625,0.654296875,-0.751953125
1344,13331626,13631626,-0.171691895,-0.922912598,0.339538574,0.0587158203,0.0859375,-0.32421875,-0.5546875,-0.1640625,-6.125,-7.203125,-0.212890625,0.654296875,-0.751953125
1345,13340849,13640849,-0.16973877,-0.923156738,0.338989258,0.0639648438,0.0859375,-0.32421875,-0.5546875,-0.1640625,-6.125,-7.203125,0.15625,0.845703125,-0.68359375
1346,13347187,13647187,-0.168029785,-0.923095703,0.338928223,0.0690917969,0.1171875,-1.2421875,-0.046875,0.03125,-6.125,-7.2109375,0.15625,0.845703125,-0.68359375
1347,13362566,13662566,-0.166259766,-0.922973633,0.338989258,0.0744018555,0.1171875,-1.2421875,-0.046875,0.03125,-6.125,-7.2109375,0.203125,0.818359375,-0.681640625
1348,13365997,13665997,-0.164428711,-0.923034668,0.338806152,0.0790405273,-0.16796875,-0.53125,0.234375,0.2421875,-6.1484375,-7.1875,0.203125,0.818359375,-0.681640625
1349,13381442,13681442,-0.162414551,-0.923217773,0.338012695,0.0835571289,-0.16796875,-0.53125,0.234375,0.2421875,-6.1484375,-7.1875,-0.05859375,0.65234375,-0.66015625
1350,13386225,13686225,-0.160522461,-0.923706055,0.336669922,0.0875854492,0.1328125,0.6640625,0.296875,0.4375,-6.15625,-7.171875,-0.05859375,0.65234375,-0.66015625
1351,13401728,13701728,-0.158996582,-0.924133301,0.335205078,0.0911254883,0.1328125,0.6640625,0.296875,0.4375,-6.15625,-7.171875,-0.166015625,0.603515625,-0.54296875
1352,13410537,13710537,-0.157775879,-0.924499512,0.33392334,0.0944824219,0.3515625,-0.01171875,0.1875,0.6015625,-6.1328125,-7.1796875,-0.166015625,0.603515625,-0.54296875
1353,13421077,13721077,-0.156494141,-0.924682617,0.332946777,0.0979614258,0.3515625,-0.01171875,0.1875,0.6015625,-6.1328125,-7.1796875,-0.0078125,0.5234375,-0.44140625
1354,13425860,13725860,-0.155395508,-0.924743652,0.332458496,0.100952148,0.2109375,-0.80078125,0.46484375,0.7421875,-6.109375,-7.1875,-0.0078125,0.5234375,-0.44140625
1355,13441288,13741288,-0.15435791,-0.924682617,0.332275391,0.10345459,0.2109375,-0.80078125,0.46484375,0.7421875,-6.109375,-7.1875,0.09765625,0.37109375,-0.34375
1356,13445679,13745679,-0.153381348,-0.924621582,0.332275391,0.10559082,0.06640625,-0.4921875,0.37109375,0.8515625,-6.109375,-7.171875,0.09765625,0.37109375,-0.34375
1357,13460975,13760975,-0.15246582,-0.924560547,0.332275391,0.10760498,0.06640625,-0.4921875,0.37109375,0.8515625,-6.109375,-7.171875,0.052734375,0.265625,-0.267578125
1358,13465755,13765755,-0.151733398,-0.924560547,0.332092285,0.109191895,0.1328125,0.01171875,0.39453125,0.9375,-6.1171875,-7.15625,0.052734375,0.265625,-0.267578125
1359,13479941,13779941,-0.151306152,-0.924621582,0.331726074,0.110290527,0.1328125,0.01171875,0.39453125,0.9375,-6.1171875,-7.15625,-0.0546875,0.169921875,-0.126953125
1360,13492738,13792738,-0.151184082,-0.924743652,0.331237793,0.111022949,0.1171875,0.08203125,0.50390625,0.9921875,-6.109375,-7.1484375,-0.0546875,0.169921875,-0.126953125
1361,13502174,13802174,-0.151245117,-0.924926758,0.330566406,0.111328125,0.1171875,0.08203125,0.50390625,0.9921875,-6.109375,-7.1484375,-0.126953125,0.037109375,0.0078125
1362,13505906,13805906,-0.151489258,-0.925109863,0.33001709,0.11114502,0.0546875,-0.234375,0.2421875,1.015625,-6.1015625,-7.15625,-0.126953125,0.037109375,0.0078125
1363,13521247,13821247,-0.151977539,-0.925292969,0.329528809,0.110473633,0.0546875,-0.234375,0.2421875,1.015625,-6.1015625,-7.15625,-0.134765625,-0.12109375,0.150390625
1364,13528343,13828343,-0.152587891,-0.925415039,0.329162598,0.109375,-0.08203125,-0.44140625,-0.046875,1,-6.0859375,-7.171875,-0.134765625,-0.12109375,0.150390625
1365,13541244,13841244,-0.153381348,-0.925537109,0.328979492,0.107788086,-0.08203125,-0.44140625,-0.046875,1,-6.0859375,-7.171875,-0.099609375,-0.26953125,0.263671875
1366,13544968,13844968,-0.15423584,-0.92565918,0.328918457,0.105895996,-0.18359375,-0.6484375,-0.53125,0.9453125,-6.0703125,-7.1875,-0.099609375,-0.26953125,0.263671875
1367,13560177,13860177,-0.155273438,-0.925720215,0.328918457,0.103637695,-0.18359375,-0.6484375,-0.53125,0.9453125,-6.0703125,-7.1875,-0.0859375,-0.3671875,0.357421875
1368,13568644,13868644,-0.156433105,-0.92578125,0.328979492,0.101135254,-0.09765625,-0.578125,-0.59375,0.859375,-6.0625,-7.203125,-0.0859375,-0.3671875,0.357421875
1369,13579443,13879443,-0.157714844,-0.925842285,0.329101562,0.0983276367,-0.09765625,-0.578125,-0.59375,0.859375,-6.0625,-7.203125,-0.10546875,-0.455078125,0.435546875
1370,13588499,13888499,-0.159118652,-0.92590332,0.329162598,0.0953369141,-0.1796875,-0.47265625,-0.64453125,0.75,-6.0546875,-7.2265625,-0.10546875,-0.455078125,0.435546875
1371,13600940,13900940,-0.160583496,-0.92590332,0.329223633,0.0920410156,-0.1796875,-0.47265625,-0.64453125,0.75,-6.0546875,-7.2265625,-0.123046875,-0.53125,0.51171875
1372,13604376,13904376,-0.162109375,-0.925964355,0.329345703,0.088684082,-0.24609375,-0.44921875,-0.359375,0.625,-6.0390625,-7.2421875,-0.123046875,-0.53125,0.51171875
1373,13620354,13920354,-0.163818359,-0.925964355,0.329589844,0.0846557617,-0.24609375,-0.44921875,-0.359375,0.625,-6.0390625,-7.2421875,-0.095703125,-0.634765625,0.57421875
1374,13626077,13926077,-0.165466309,-0.925842285,0.329956055,0.0807495117,-0.08984375,-0.37109375,-0.30078125,0.46875,-6.0390625,-7.265625,-0.095703125,-0.634765625,0.57421875
1375,13639831,13939831,-0.167297363,-0.925720215,0.330505371,0.0762939453,-0.08984375,-0.37109375,-0.30078125,0.46875,-6.0390625,-7.265625,-0.05078125,-0.71875,0.65625
1376,13648108,13948108,-0.169250488,-0.925476074,0.331298828,0.0716552734,-0.0390625,-0.37890625,-0.12109375,0.3046875,-6.03125,-7.2890625,-0.05078125,-0.71875,0.65625
1377,13662176,13962176,-0.171203613,-0.925109863,0.332275391,0.0667114258,-0.0390625,-0.37890625,-0.12109375,0.3046875,-6.03125,-7.2890625,0.025390625,-0.849609375,0.75
1378,13665785,13965785,-0.173217773,-0.924682617,0.333374023,0.0615844727,-0.02734375,-0.37109375,-0.19921875,0.1015625,-6.0390625,-7.2890625,0.025390625,-0.849609375,0.75
1379,13679843,13979843,-0.175415039,-0.924194336,0.334655762,0.0557861328,-0.02734375,-0.37109375,-0.19921875,0.1015625,-6.0390625,-7.2890625,0.0390625,-0.955078125,0.8203125
1380,13685281,13985281,-0.17779541,-0.92364502,0.33581543,0.0498046875,0.0078125,0.01171875,-0.390625,-0.125,-6.0390625,-7.2890625,0.0390625,-0.955078125,0.8203125
1381,13699161,13999161,-0.180053711,-0.923156738,0.336730957,0.0444335938,0.0078125,0.01171875,-0.390625,-0.125,-6.0390625,-7.2890625,-0.03125,-0.943359375,0.880859375
1382,13704972,14004972,-0.182617188,-0.922607422,0.337585449,0.0383300781,0.125,0.0859375,-0.3203125,-0.359375,-6.0390625,-7.28125,-0.03125,-0.943359375,0.880859375
1383,13718695,14018695,-0.185119629,-0.922058105,0.338439941,0.0323486328,0.125,0.0859375,-0.3203125,-0.359375,-6.0390625,-7.28125,-0.05078125,-1.00195312,0.939453125
1384,13727111,14027111,-0.187866211,-0.921386719,0.339294434,0.0257568359,-0.0078125,-0.08203125,-0.16796875,-0.609375,-6.0234375,-7.28125,-0.05078125,-1.00195312,0.939453125
1385,13737407,14037407,-0.190551758,-0.920654297,0.340148926,0.0189208984,-0.0078125,-0.08203125,-0.16796875,-0.609375,-6.0234375,-7.28125,-0.076171875,-1.13085938,0.9921875
1386,13745401,14045401,-0.19317627,-0.919921875,0.341064453,0.0117797852,-0.0390625,-0.2109375,-0.22265625,-0.8828125,-6.0078125,-7.265625,-0.076171875,-1.13085938,0.9921875
1387,13758321,14058321,-0.195617676,-0.919128418,0.341918945,0.00482177734,-0.0390625,-0.2109375,-0.22265625,-0.8828125,-6.0078125,-7.265625,-0.068359375,-1.2265625,1.015625
1388,13764698,14064698,0.198303223,0.918212891,-0.342895508,0.00299072266,-0.05859375,-0.3203125,-0.0078125,-1.171875,-5.9765625,-7.25,-0.068359375,-1.2265625,1.015625
1389,13778770,14078770,0.200805664,0.917175293,-0.343994141,0.0106811523,-0.05859375,-0.3203125,-0.0078125,-1.171875,-5.9765625,-7.25,-0.01171875,-1.32617188,1.03515625
1390,13784767,14084767,0.203186035,0.916015625,-0.345336914,0.0187988281,0.02734375,-0.47265625,-0.03125,-1.484375,-5.9375,-7.2265625,-0.01171875,-1.32617188,1.03515625
1391,13797795,14097795,0.205444336,0.914733887,-0.346923828,0.0272827148,0.02734375,-0.47265625,-0.03125,-1.484375,-5.9375,-7.2265625,0.076171875,-1.484375,1.0234375
1392,13804943,14104943,0.207397461,0.913330078,-0.348693848,0.0356445312,0.125,-0.3515625,-0.23828125,-1.8125,-5.90625,-7.171875,0.076171875,-1.484375,1.0234375
1393,13819464,14119464,0.209228516,0.911743164,-0.350646973,0.0443725586,0.125,-0.3515625,-0.23828125,-1.8125,-5.90625,-7.171875,0.115234375,-1.5546875,0.9765625
1394,13824495,14124495,0.21081543,0.91027832,-0.352416992,0.0526123047,0.375,-0.14453125,-0.30859375,-2.140625,-5.8828125,-7.1015625,0.115234375,-1.5546875,0.9765625
1395,13838179,14138179,0.212280273,0.908630371,-0.354370117,0.0614013672,0.375,-0.14453125,-0.30859375,-2.140625,-5.8828125,-7.1015625,0.126953125,-1.5859375,0.916015625
1396,13843724,14143724,0.213684082,0.906799316,-0.356506348,0.0703735352,0.28125,0.26171875,-0.3203125,-2.46875,-5.8671875,-7.015625,0.126953125,-1.5859375,0.916015625
1397,13857631,14157631,0.21484375,0.904968262,-0.358581543,0.0792236328,0.28125,0.26171875,-0.3203125,-2.46875,-5.8671875,-7.015625,0.171875,-1.62304688,0.8828125
1398,13863597,14163597,0.216003418,0.903015137,-0.360900879,0.087890625,0.3125,0.3828125,-0.296875,-2.8046875,-5.8359375,-6.921875,0.171875,-1.62304688,0.8828125
1399,13878345,14178345,0.217102051,0.900939941,-0.363220215,0.096496582,0.3125,0.3828125,-0.296875,-2.8046875,-5.8359375,-6.921875,0.203125,-1.58984375,0.8515625
1400,13887527,14187527,0.218078613,0.898925781,-0.365234375,0.104797363,0.2109375,0.63671875,0.03515625,-3.125,-5.8203125,-6.796875,0.203125,-1.58984375,0.8515625
1401,13899506,14199506,0.218994141,0.897033691,-0.366943359,0.112976074,0.2109375,0.63671875,0.03515625,-3.125,-5.8203125,-6.796875,0.0859375,-1.47851562,0.79296875
1402,13903106,14203106,0.219787598,0.895263672,-0.368347168,0.120483398,0.32421875,0.48046875,0.234375,-3.4296875,-5.78125,-6.6875,0.0859375,-1.47851562,0.79296875
1403,13919627,14219627,0.22064209,0.893371582,-0.369750977,0.128295898,0.32421875,0.48046875,0.234375,-3.4296875,-5.78125,-6.6875,0.06640625,-1.38085938,0.740234375
1404,13922969,14222969,0.221374512,0.891601562,-0.37109375,0.135314941,0.22265625,-0.0625,0.19921875,-3.7109375,-5.734375,-6.578125,0.06640625,-1.38085938,0.740234375
1405,13938253,14238253,0.222106934,0.889587402,-0.372680664,0.142700195,0.22265625,-0.0625,0.19921875,-3.7109375,-5.734375,-6.578125,0.138671875,-1.30273438,0.67578125
1406,13943041,14243041,0.222717285,0.887695312,-0.374267578,0.149414062,0.35546875,-0.140625,0.12109375,-3.9609375,-5.6953125,-6.4609375,0.138671875,-1.30273438,0.67578125
1407,13956717,14256717,0.223205566,0.885864258,-0.375793457,0.155639648,0.35546875,-0.140625,0.12109375,-3.9609375,-5.6953125,-6.4609375,0.154296875,-1.22265625,0.587890625
1408,13968684,14268684,0.223571777,0.883911133,-0.377380371,0.16204834,0.28515625,0.171875,0.34765625,-4.1953125,-5.6640625,-6.34375,0.154296875,-1.22265625,0.587890625
1409,13978334,14278334,0.223754883,0.882202148,-0.378723145,0.167907715,0.28515625,0.171875,0.34765625,-4.1953125,-5.6640625,-6.34375,0.11328125,-1.13476562,0.501953125
1410,13983132,14283132,0.223876953,0.880554199,-0.380065918,0.173461914,0.2578125,0.2578125,0.23046875,-4.3984375,-5.6328125,-6.2265625,0.11328125,-1.13476562,0.501953125
1411,13996349,14296349,0.223999023,0.87890625,-0.381286621,0.178955078,0.2578125,0.2578125,0.23046875,-4.3984375,-5.6328125,-6.2265625,0.09375,-0.9921875,0.4375
1412,14002616,14302616,0.224121094,0.877441406,-0.382263184,0.18371582,0.30078125,0.37890625,0.16015625,-4.59375,-5.6015625,-6.1171875,0.09375,-0.9921875,0.4375
1413,14016762,14316762,0.224304199,0.875976562,-0.383239746,0.188537598,0.30078125,0.37890625,0.16015625,-4.59375,-5.6015625,-6.1171875,0.0546875,-0.873046875,0.419921875
1414,14023506,14323506,0.22454834,0.874633789,-0.383972168,0.192687988,0.265625,0.15625,0.2578125,-4.75,-5.5703125,-6.0234375,0.0546875,-0.873046875,0.419921875
1415,14037736,14337736,0.224853516,0.873291016,-0.384765625,0.196960449,0.265625,0.15625,0.2578125,-4.75,-5.5703125,-6.0234375,0.064453125,-0.740234375,0.380859375
1416,14046625,14346625,0.225158691,0.872070312,-0.385498047,0.200622559,0.25390625,0.0078125,0.1328125,-4.890625,-5.5390625,-5.9375,0.064453125,-0.740234375,0.380859375
1417,14058298,14358298,0.225524902,0.870910645,-0.386047363,0.204040527,0.25390625,0.0078125,0.1328125,-4.890625,-5.5390625,-5.9375,0.046875,-0.595703125,0.341796875
1418,14064502,14364502,0.225952148,0.869934082,-0.386474609,0.206848145,0.21484375,0.0234375,0.140625,-5.0078125,-5.515625,-5.8671875,0.046875,-0.595703125,0.341796875
1419,14077790,14377790,0.22644043,0.869018555,-0.38684082,0.209594727,0.21484375,0.0234375,0.140625,-5.0078125,-5.515625,-5.8671875,0.02734375,-0.43359375,0.298828125
1420,14082410,14382410,0.226928711,0.868225098,-0.387145996,0.211730957,0.15625,-0.23828125,0.1640625,-5.1015625,-5.484375,-5.8125,0.02734375,-0.43359375,0.298828125
1421,14098023,14398023,0.227478027,0.867431641,-0.387512207,0.213500977,0.15625,-0.23828125,0.1640625,-5.1015625,-5.484375,-5.8125,0.080078125,-0.255859375,0.232421875
1422,14101748,14401748,0.228088379,0.866821289,-0.387939453,0.214660645,0.10546875,-0.29296875,0.19921875,-5.1640625,-5.46875,-5.7734375,0.080078125,-0.255859375,0.232421875
1423,14117022,14417022,0.22869873,0.866271973,-0.38848877,0.215393066,0.10546875,-0.29296875,0.19921875,-5.1640625,-5.46875,-5.7734375,0.138671875,-0.08984375,0.1328125
1424,14124545,14424545,0.229187012,0.865783691,-0.389099121,0.215637207,0.02734375,-0.18359375,0.16796875,-5.203125,-5.4609375,-5.7421875,0.138671875,-0.08984375,0.1328125
1425,14136780,14436780,0.229614258,0.865478516,-0.389709473,0.215332031,0.02734375,-0.18359375,0.16796875,-5.203125,-5.4609375,-5.7421875,0.16015625,0.087890625,0
1426,14141810,14441810,0.229858398,0.86541748,-0.390197754,0.214477539,0.03515625,0.28515625,0.11328125,-5.2109375,-5.46875,-5.7265625,0.16015625,0.087890625,0
1427,14157078,14457078,0.229919434,0.865600586,-0.390441895,0.21307373,0.03515625,0.28515625,0.11328125,-5.2109375,-5.46875,-5.7265625,0.0625,0.287109375,-0.146484375
1428,14164119,14464119,0.229858398,0.866088867,-0.390441895,0.211242676,0.00390625,0.61328125,0.0859375,-5.1796875,-5.4921875,-5.734375,0.0625,0.287109375,-0.146484375
1429,14177462,14477462,0.229858398,0.866760254,-0.390197754,0.208862305,0.00390625,0.61328125,0.0859375,-5.1796875,-5.4921875,-5.734375,0,0.4921875,-0.224609375
1430,14187411,14487411,0.229858398,0.867553711,-0.389831543,0.206176758,0.01953125,0.484375,0.19140625,-5.1171875,-5.515625,-5.765625,0,0.4921875,-0.224609375
1431,14196432,14496432,0.229919434,0.868530273,-0.389343262,0.202819824,0.01953125,0.484375,0.19140625,-5.1171875,-5.515625,-5.765625,-0.00390625,0.703125,-0.29296875
1432,14205376,14505376,0.230041504,0.869750977,-0.388793945,0.198730469,0.15625,0.19921875,0.1796875,-5.0234375,-5.5390625,-5.828125,-0.00390625,0.703125,-0.29296875
1433,14218581,14518581,0.230163574,0.870910645,-0.388305664,0.194274902,0.15625,0.19921875,0.1796875,-5.0234375,-5.5390625,-5.828125,0.033203125,0.8984375,-0.38671875
1434,14221243,14521243,0.230163574,0.872192383,-0.387756348,0.18951416,0.17578125,0.26953125,0.140625,-4.890625,-5.5703125,-5.90625,0.033203125,0.8984375,-0.38671875
1435,14237806,14537806,0.230102539,0.873718262,-0.387145996,0.183837891,0.17578125,0.26953125,0.140625,-4.890625,-5.5703125,-5.90625,0.01171875,1.08203125,-0.5234375
1436,14241271,14541271,0.229797363,0.875305176,-0.386352539,0.178100586,0.15625,0.39453125,0.2734375,-4.71875,-5.6171875,-6,0.01171875,1.08203125,-0.5234375
1437,14257060,14557060,0.229309082,0.877197266,-0.385437012,0.171386719,0.15625,0.39453125,0.2734375,-4.71875,-5.6171875,-6,-0.0234375,1.23046875,-0.66796875
1438,14265728,14565728,0.228637695,0.87902832,-0.384460449,0.164794922,0.09765625,0.296875,0.23046875,-4.5078125,-5.671875,-6.109375,-0.0234375,1.23046875,-0.66796875
1439,14278896,14578896,0.227783203,0.881103516,-0.383300781,0.157531738,0.09765625,0.296875,0.23046875,-4.5078125,-5.671875,-6.109375,-0.072265625,1.30078125,-0.755859375
1440,14287842,14587842,0.226928711,0.883056641,-0.382141113,0.150634766,0.01953125,0.28125,0.1875,-4.2734375,-5.734375,-6.21875,-0.072265625,1.30078125,-0.755859375
1441,14296645,14596645,0.225952148,0.885192871,-0.38067627,0.143066406,0.01953125,0.28125,0.1875,-4.2734375,-5.734375,-6.21875,-0.10546875,1.40039062,-0.7890625
1442,14305075,14605075,0.225097656,0.887268066,-0.379150391,0.135375977,0.18359375,0.25,-0.0703125,-4.015625,-5.78125,-6.34375,-0.10546875,1.40039062,-0.7890625
1443,14316223,14616223,0.224121094,0.889526367,-0.377441406,0.126831055,0.18359375,0.25,-0.0703125,-4.015625,-5.78125,-6.34375,-0.1171875,1.5078125,-0.82421875
1444,14321513,14621513,0.223205566,0.891540527,-0.375732422,0.118896484,-0.18359375,0.23046875,-0.20703125,-3.7265625,-5.8359375,-6.4765625,-0.1171875,1.5078125,-0.82421875
1445,14336837,14636837,0.222229004,0.893615723,-0.373901367,0.110778809,-0.18359375,0.23046875,-0.20703125,-3.7265625,-5.8359375,-6.4765625,-0.150390625,1.56835938,-0.876953125
1446,14343492,14643492,0.221069336,0.895690918,-0.372009277,0.102233887,-0.328125,0.0390625,-0.3984375,-3.4296875,-5.875,-6.59375,-0.150390625,1.56835938,-0.876953125
1447,14355458,14655458,0.219787598,0.897827148,-0.370056152,0.0933227539,-0.328125,0.0390625,-0.3984375,-3.4296875,-5.875,-6.59375,-0.123046875,1.56445312,-0.931640625
1448,14364494,14664494,0.218383789,0.899719238,-0.368286133,0.0846557617,-0.45703125,0,-0.38671875,-3.109375,-5.9140625,-6.71875,-0.123046875,1.56445312,-0.931640625
1449,14375056,14675056,0.21685791,0.901489258,-0.366821289,0.0760498047,-0.45703125,0,-0.38671875,-3.109375,-5.9140625,-6.71875,-0.017578125,1.57421875,-0.994140625
1450,14383183,14683183,0.215148926,0.903137207,-0.36541748,0.0670166016,-0.1640625,0.1640625,0.16796875,-2.7890625,-5.9609375,-6.8125,-0.017578125,1.57421875,-0.994140625
1451,14395147,14695147,0.213317871,0.904724121,-0.364074707,0.0584716797,-0.1640625,0.1640625,0.16796875,-2.7890625,-5.9609375,-6.8125,-0.02734375,1.453125,-0.986328125
1452,14400822,14700822,0.211486816,0.90625,-0.362609863,0.0502319336,0.3046875,0.59375,0.015625,-2.453125,-6.0078125,-6.890625,-0.02734375,1.453125,-0.986328125
1453,14415786,14715786,0.209594727,0.907775879,-0.360839844,0.0424194336,0.3046875,0.59375,0.015625,-2.453125,-6.0078125,-6.890625,-0.154296875,1.32617188,-0.94140625
1454,14422103,14722103,0.207641602,0.909362793,-0.358703613,0.03515625,0.375,0.69921875,-0.0234375,-2.140625,-6.0390625,-6.96875,-0.154296875,1.32617188,-0.94140625
1455,14434389,14734389,0.205688477,0.911010742,-0.356323242,0.0285644531,0.375,0.69921875,-0.0234375,-2.140625,-6.0390625,-6.96875,-0.34765625,1.18554688,-0.921875
1456,14441865,14741865,0.203430176,0.912780762,-0.35357666,0.0217285156,0.29296875,0.31640625,0.01953125,-1.8671875,-6.0390625,-7.046875,-0.34765625,1.18554688,-0.921875
1457,14455752,14755752,0.20123291,0.914306641,-0.351196289,0.0153808594,0.29296875,0.31640625,0.01953125,-1.8671875,-6.0390625,-7.046875,-0.25390625,1.078125,-0.890625
1458,14462215,14762215,0.198974609,0.915649414,-0.349182129,0.00897216797,0.43359375,-0.41796875,-0.09375,-1.5859375,-6.03125,-7.125,-0.25390625,1.078125,-0.890625
1459,14475733,14775733,0.197021484,0.916625977,-0.347839355,0.00299072266,0.43359375,-0.41796875,-0.09375,-1.5859375,-6.03125,-7.125,-0.02734375,1.05664062,-0.8203125
1460,14480361,14780361,-0.195251465,-0.917419434,0.346801758,0.0029296875,0.4453125,-0.37890625,0.14453125,-1.328125,-6.03125,-7.171875,-0.02734375,1.05664062,-0.8203125
1461,14494845,14794845,-0.193359375,-0.918151855,0.345703125,0.00921630859,0.4453125,-0.37890625,0.14453125,-1.328125,-6.03125,-7.171875,-0.015625,1.01953125,-0.76171875
1462,14502221,14802221,-0.191589355,-0.918823242,0.344604492,0.0151367188,0.46875,-0.171875,0.40234375,-1.0859375,-6.046875,-7.203125,-0.015625,1.01953125,-0.76171875
1463,14516582,14816582,-0.189697266,-0.919555664,0.343505859,0.0209960938,0.46875,-0.171875,0.40234375,-1.0859375,-6.046875,-7.203125,-0.046875,0.91796875,-0.787109375
1464,14525506,14825506,-0.18762207,-0.920288086,0.342346191,0.0259399414,0.16015625,-0.01171875,0.46484375,-0.8515625,-6.0546875,-7.2265625,-0.046875,0.91796875,-0.787109375
1465,14535107,14835107,-0.185180664,-0.921142578,0.341003418,0.0305175781,0.16015625,-0.01171875,0.46484375,-0.8515625,-6.0546875,-7.2265625,-0.1328125,0.669921875,-0.802734375
1466,14540215,14840215,-0.182495117,-0.922058105,0.339538574,0.0349731445,0.37890625,0.44921875,-0.20703125,-0.6484375,-6.0546875,-7.2421875,-0.1328125,0.669921875,-0.802734375
1467,14555408,14855408,-0.179931641,-0.922912598,0.338134766,0.0393676758,0.37890625,0.44921875,-0.20703125,-0.6484375,-6.0546875,-7.2421875,-0.115234375,0.705078125,-0.802734375
1468,14560054,14860054,-0.17767334,-0.923522949,0.337097168,0.0439453125,0.55859375,0.2421875,-0.29296875,-0.4453125,-6.0390625,-7.2734375,-0.115234375,0.705078125,-0.802734375
1469,14573937,14873937,-0.175476074,-0.92388916,0.336425781,0.0494384766,0.55859375,0.2421875,-0.29296875,-0.4453125,-6.0390625,-7.2734375,0.12890625,0.876953125,-0.748046875
1470,14581078,14881078,-0.173461914,-0.92401123,0.336303711,0.0549316406,0.34765625,-0.40234375,0.015625,-0.234375,-6.046875,-7.2734375,0.12890625,0.876953125,-0.748046875
1471,14593479,14893479,-0.171569824,-0.92401123,0.336364746,0.0601196289,0.34765625,-0.40234375,0.015625,-0.234375,-6.046875,-7.2734375,0.232421875,0.857421875,-0.7421875
1472,14606860,14906860,-0.169433594,-0.924072266,0.336364746,0.0654296875,-0.0546875,-0.5234375,0.14453125,-0.0234375,-6.078125,-7.25,0.232421875,0.857421875,-0.7421875
1473,14615688,14915688,-0.167114258,-0.924194336,0.336120605,0.0705566406,-0.0546875,-0.5234375,0.14453125,-0.0234375,-6.078125,-7.25,0.109375,0.740234375,-0.75
1474,14622812,14922812,-0.164978027,-0.924438477,0.335571289,0.0749511719,0,0.45703125,0.42578125,0.1875,-6.1015625,-7.2265625,0.109375,0.740234375,-0.75
1475,14634554,14934554,-0.162780762,-0.924865723,0.334411621,0.0794067383,0,0.45703125,0.42578125,0.1875,-6.1015625,-7.2265625,-0.11328125,0.66796875,-0.685546875
1476,14639194,14939194,-0.160949707,-0.925354004,0.332946777,0.083190918,0.12109375,0.7265625,0.3125,0.375,-6.1015625,-7.2265625,-0.11328125,0.66796875,-0.685546875
1477,14655241,14955241,-0.159240723,-0.925964355,0.331115723,0.0869140625,0.12109375,0.7265625,0.3125,0.375,-6.1015625,-7.2265625,-0.244140625,0.560546875,-0.560546875
1478,14660087,14960087,-0.157836914,-0.926513672,0.329467773,0.0900268555,0.1015625,-0.00390625,0.0234375,0.546875,-6.0625,-7.2421875,-0.244140625,0.560546875,-0.560546875
1479,14674209,14974209,-0.156494141,-0.926940918,0.32800293,0.0932006836,0.1015625,-0.00390625,0.0234375,0.546875,-6.0625,-7.2421875,-0.142578125,0.515625,-0.453125
1480,14683415,14983415,-0.155334473,-0.927246094,0.326843262,0.0962524414,0.11328125,-0.2734375,0.19140625,0.6875,-6.0234375,-7.2578125,-0.142578125,0.515625,-0.453125
1481,14696027,14996027,-0.154296875,-0.927490234,0.325866699,0.0990600586,0.11328125,-0.2734375,0.19140625,0.6875,-6.0234375,-7.2578125,-0.0703125,0.48046875,-0.392578125
1482,14703327,15003327,-0.153320312,-0.927612305,0.325073242,0.10168457,0.07421875,-0.52734375,0.23828125,0.8046875,-6,-7.265625,-0.0703125,0.48046875,-0.392578125
1483,14714323,15014323,-0.15234375,-0.927734375,0.324462891,0.104248047,0.07421875,-0.52734375,0.23828125,0.8046875,-6,-7.265625,-0.009765625,0.388671875,-0.341796875
1484,14722069,15022069,-0.151367188,-0.92779541,0.323974609,0.106567383,-0.03515625,-0.57421875,0.11328125,0.9140625,-5.9921875,-7.2578125,-0.009765625,0.388671875,-0.341796875
1485,14735018,15035018,-0.15057373,-0.92779541,0.323608398,0.108581543,-0.03515625,-0.57421875,0.11328125,0.9140625,-5.9921875,-7.2578125,-0.005859375,0.326171875,-0.283203125
1486,14741385,15041385,-0.149841309,-0.927856445,0.323181152,0.110412598,0.0703125,-0.42578125,0.03125,1,-5.984375,-7.25,-0.005859375,0.326171875,-0.283203125
1487,14753618,15053618,-0.149230957,-0.927856445,0.322814941,0.112121582,0.0703125,-0.42578125,0.03125,1,-5.984375,-7.25,-0.0078125,0.255859375,-0.208984375
1488,14762135,15062135,-0.148681641,-0.92791748,0.32244873,0.113525391,0.03125,-0.47265625,-0.0859375,1.078125,-5.9765625,-7.25,-0.0078125,0.255859375,-0.208984375
1489,14774658,15074658,-0.14831543,-0.92791748,0.322143555,0.114685059,0.03125,-0.47265625,-0.0859375,1.078125,-5.9765625,-7.25,-0.005859375,0.1796875,-0.13671875
1490,14781217,15081217,-0.148071289,-0.92791748,0.321960449,0.115600586,-0.0546875,-0.55859375,-0.32421875,1.125,-5.96875,-7.2421875,-0.005859375,0.1796875,-0.13671875
1491,14793468,15093468,-0.147949219,-0.927978516,0.321655273,0.116333008,-0.0546875,-0.55859375,-0.32421875,1.125,-5.96875,-7.2421875,-0.029296875,0.111328125,-0.05078125
1492,14798363,15098363,-0.147949219,-0.927978516,0.321472168,0.116821289,-0.0546875,-0.671875,-0.32421875,1.1640625,-5.96875,-7.2421875,-0.029296875,0.111328125,-0.05078125
1493,14813569,15113569,-0.148071289,-0.927978516,0.321350098,0.117004395,-0.0546875,-0.671875,-0.32421875,1.1640625,-5.96875,-7.2421875,-0.017578125,0.037109375,0.029296875
1494,14820221,15120221,-0.148376465,-0.92791748,0.321289062,0.11706543,-0.0703125,-0.7578125,-0.58984375,1.1796875,-5.9609375,-7.2421875,-0.017578125,0.037109375,0.029296875
1495,14836027,15136027,-0.148742676,-0.927856445,0.321411133,0.116882324,-0.0703125,-0.7578125,-0.58984375,1.1796875,-5.9609375,-7.2421875,0.015625,-0.01953125,0.099609375
1496,14845230,15145230,-0.149169922,-0.92779541,0.321594238,0.116577148,-0.140625,-0.71875,-0.515625,1.171875,-5.9609375,-7.2421875,0.015625,-0.01953125,0.099609375
1497,14854938,15154938,-0.149597168,-0.92767334,0.321838379,0.116088867,-0.140625,-0.71875,-0.515625,1.171875,-5.9609375,-7.2421875,0.029296875,-0.087890625,0.138671875
1498,14861370,15161370,-0.150146484,-0.92755127,0.322143555,0.11541748,-0.1171875,-0.51171875,-0.4765625,1.1484375,-5.9765625,-7.2421875,0.029296875,-0.087890625,0.138671875
1499,14875986,15175986,-0.150756836,-0.927490234,0.32244873,0.114501953,-0.1171875,-0.51171875,-0.4765625,1.1484375,-5.9765625,-7.2421875,0.015625,-0.15234375,0.193359375
1500,14879296,15179296,-0.151428223,-0.927368164,0.322753906,0.113464355,-0.15625,-0.3515625,-0.25390625,1.109375,-5.984375,-7.234375,0.015625,-0.15234375,0.193359375
1501,14892463,15192463,-0.152160645,-0.927246094,0.323242188,0.112060547,-0.15625,-0.3515625,-0.25390625,1.109375,-5.984375,-7.234375,0.03125,-0.236328125,0.26171875
1502,14900915,15200915,-0.153015137,-0.927124023,0.323669434,0.110412598,-0.13671875,-0.265625,-0.0546875,1.0546875,-5.9921875,-7.2421875,0.03125,-0.236328125,0.26171875
1503,14914232,15214232,-0.153930664,-0.927062988,0.324157715,0.108520508,-0.13671875,-0.265625,-0.0546875,1.0546875,-5.9921875,-7.2421875,0.015625,-0.35546875,0.33203125
1504,14921995,15221995,-0.154907227,-0.926940918,0.324707031,0.106262207,-0.13671875,-0.171875,-0.28515625,0.9765625,-6.0078125,-7.2421875,0.015625,-0.35546875,0.33203125
1505,14932885,15232885,-0.156005859,-0.926879883,0.325317383,0.103637695,-0.13671875,-0.171875,-0.28515625,0.9765625,-6.0078125,-7.2421875,0.00390625,-0.42578125,0.400390625
1506,14939090,15239090,-0.157226562,-0.926757812,0.325866699,0.101013184,0.00390625,-0.12890625,-0.19921875,0.875,-6.015625,-7.25,0.00390625,-0.42578125,0.400390625
1507,14952759,15252759,-0.158508301,-0.926574707,0.326538086,0.0983276367,0.00390625,-0.12890625,-0.19921875,0.875,-6.015625,-7.25,0.021484375,-0.462890625,0.462890625
1508,14958397,15258397,-0.159973145,-0.926391602,0.327270508,0.0951538086,-0.15625,-0.1953125,0,0.765625,-6.0234375,-7.2578125,0.021484375,-0.462890625,0.462890625
1509,14973026,15273026,-0.161315918,-0.926208496,0.328063965,0.0918579102,-0.15625,-0.1953125,0,0.765625,-6.0234375,-7.2578125,0.0234375,-0.576171875,0.501953125
1510,14978209,15278209,-0.162780762,-0.926086426,0.328857422,0.0881958008,-0.09375,0.0859375,0,0.625,-6.0390625,-7.2578125,0.0234375,-0.576171875,0.501953125
1511,14992498,15292498,-0.16418457,-0.92590332,0.329528809,0.0846557617,-0.09375,0.0859375,0,0.625,-6.0390625,-7.2578125,-0.015625,-0.640625,0.5625
1512,15001993,15301993,-0.165771484,-0.925720215,0.330200195,0.0805053711,0.0546875,0.1328125,0.046875,0.4765625,-6.046875,-7.265625,-0.015625,-0.640625,0.5625
1513,15016197,15316197,-0.167480469,-0.925598145,0.330810547,0.0762939453,0.0546875,0.1328125,0.046875,0.4765625,-6.046875,-7.265625,-0.056640625,-0.6953125,0.619140625
1514,15020313,15320313,-0.169250488,-0.925415039,0.331359863,0.0719604492,0.07421875,0.09375,0.0625,0.3046875,-6.046875,-7.28125,-0.056640625,-0.6953125,0.619140625
1515,15031972,15331972,-0.171142578,-0.925170898,0.33203125,0.067199707,0.07421875,0.09375,0.0625,0.3046875,-6.046875,-7.28125,-0.046875,-0.771484375,0.685546875
1516,15037827,15337827,-0.173034668,-0.924926758,0.332702637,0.0624389648,0.03125,0.05078125,0.03125,0.1171875,-6.0390625,-7.2890625,-0.046875,-0.771484375,0.685546875
1517,15054625,15354625,-0.175048828,-0.924621582,0.333435059,0.0571899414,0.03125,0.05078125,0.03125,0.1171875,-6.0390625,-7.2890625,-0.064453125,-0.873046875,0.755859375
1518,15058344,15358344,-0.177062988,-0.924316406,0.33404541,0.0520019531,0.12109375,0.04296875,-0.078125,-0.0859375,-6.03125,-7.296875,-0.064453125,-0.873046875,0.755859375
1519,15071587,15371587,-0.179199219,-0.923950195,0.334838867,0.0463867188,0.12109375,0.04296875,-0.078125,-0.0859375,-6.03125,-7.296875,-0.052734375,-0.939453125,0.8203125
1520,15079149,15379149,-0.18157959,-0.923461914,0.335693359,0.040222168,0.04296875,-0.12109375,-0.19140625,-0.3125,-6.0234375,-7.296875,-0.052734375,-0.939453125,0.8203125
1521,15094643,15394643,-0.183837891,-0.922912598,0.336608887,0.0341796875,0.04296875,-0.12109375,-0.19140625,-0.3125,-6.0234375,-7.296875,-0.03515625,-1.02734375,0.87890625
1522,15098756,15398756,-0.186157227,-0.922302246,0.337463379,0.0280761719,0.16796875,-0.13671875,-0.27734375,-0.5546875,-6.0078125,-7.2890625,-0.03515625,-1.02734375,0.87890625
1523,15111899,15411899,-0.188781738,-0.921630859,0.338439941,0.021484375,0.16796875,-0.13671875,-0.27734375,-0.5546875,-6.0078125,-7.2890625,-0.0390625,-1.02148438,0.9375
1524,15116804,15416804,-0.191467285,-0.920898438,0.339294434,0.0151977539,0.2421875,-0.34375,-0.24609375,-0.8203125,-5.9921875,-7.28125,-0.0390625,-1.02148438,0.9375
1525,15134679,15434679,-0.194152832,-0.92010498,0.340026855,0.00897216797,0.2421875,-0.34375,-0.24609375,-0.8203125,-5.9921875,-7.28125,-0.08984375,-1.00585938,0.96484375
1526,15138424,15438424,-0.196838379,-0.919372559,0.340576172,0.00280761719,0.23046875,-0.2109375,-0.29296875,-1.078125,-5.96875,-7.2734375,-0.08984375,-1.00585938,0.96484375
1527,15153044,15453044,0.199768066,0.918457031,-0.341369629,0.00433349609,0.23046875,-0.2109375,-0.29296875,-1.078125,-5.96875,-7.2734375,-0.060546875,-1.1328125,1.03125
1528,15162380,15462380,0.202392578,0.917480469,-0.342346191,0.0112304688,-0.0703125,-0.43359375,-0.26171875,-1.3515625,-5.9375,-7.265625,-0.060546875,-1.1328125,1.03125
1529,15174386,15474386,0.20489502,0.916259766,-0.34362793,0.0188598633,-0.0703125,-0.43359375,-0.26171875,-1.3515625,-5.9375,-7.265625,0.041015625,-1.3203125,1.02148438
1530,15179517,15479517,0.207275391,0.914916992,-0.345275879,0.0268554688,0.03515625,-0.46484375,-0.30078125,-1.6484375,-5.90625,-7.2265625,0.041015625,-1.3203125,1.02148438
1531,15191826,15491826,0.209472656,0.913452148,-0.347167969,0.0350952148,0.03515625,-0.46484375,-0.30078125,-1.6484375,-5.90625,-7.2265625,0.1484375,-1.44921875,1.01367188
1532,15196737,15496737,0.211608887,0.911804199,-0.349243164,0.0436401367,0.28125,-0.10546875,-0.40234375,-1.96875,-5.8828125,-7.1640625,0.1484375,-1.44921875,1.01367188
1533,15214568,15514568,0.213439941,0.91015625,-0.351196289,0.0520019531,0.28125,-0.10546875,-0.40234375,-1.96875,-5.8828125,-7.1640625,0.126953125,-1.53125,0.970703125
1534,15218298,15518298,0.215087891,0.908508301,-0.353088379,0.0601806641,0.42578125,0.3671875,-0.25,-2.3046875,-5.859375,-7.0859375,0.126953125,-1.53125,0.970703125
1535,15232532,15532532,0.216491699,0.906921387,-0.354919434,0.0685424805,0.42578125,0.3671875,-0.25,-2.3046875,-5.859375,-7.0859375,0.064453125,-1.5390625,0.892578125
1536,15241991,15541991,0.217773438,0.905334473,-0.356384277,0.0770874023,0.3828125,0.8359375,-0.14453125,-2.609375,-5.828125,-7,0.064453125,-1.5390625,0.892578125
1537,15254221,15554221,0.21887207,0.903808594,-0.35760498,0.0858764648,0.3828125,0.8359375,-0.14453125,-2.609375,-5.828125,-7,-0.05859375,-1.61132812,0.8828125
1538,15258696,15558696,0.219970703,0.902160645,-0.358764648,0.0947875977,0.24609375,0.51953125,-0.23046875,-2.9296875,-5.78125,-6.9140625,-0.05859375,-1.61132812,0.8828125
1539,15270897,15570897,0.221069336,0.90032959,-0.360168457,0.104187012,0.24609375,0.51953125,-0.23046875,-2.9296875,-5.78125,-6.9140625,0.0234375,-1.65820312,0.888671875
1540,15276817,15576817,0.222045898,0.89831543,-0.361816406,0.113220215,-0.18359375,-0.38671875,0.16796875,-3.265625,-5.71875,-6.8125,0.0234375,-1.65820312,0.888671875
1541,15292943,15592943,0.222961426,0.896057129,-0.363952637,0.122131348,-0.18359375,-0.38671875,0.16796875,-3.265625,-5.71875,-6.8125,0.212890625,-1.6796875,0.857421875
1542,15296669,15596669,0.223815918,0.893676758,-0.366333008,0.130432129,0.06640625,-0.5,0.1484375,-3.59375,-5.6796875,-6.6796875,0.212890625,-1.6796875,0.857421875
1543,15311524,15611524,0.22467041,0.891052246,-0.369018555,0.139099121,0.06640625,-0.5,0.1484375,-3.59375,-5.6796875,-6.6796875,0.25390625,-1.61523438,0.79296875
1544,15320627,15620627,0.225280762,0.888793945,-0.37109375,0.147033691,0.2265625,0.47265625,0.046875,-3.90625,-5.65625,-6.5390625,0.25390625,-1.61523438,0.79296875
1545,15333236,15633236,0.225769043,0.886474609,-0.37286377,0.155273438,0.2265625,0.47265625,0.046875,-3.90625,-5.65625,-6.5390625,0.078125,-1.4921875,0.70703125
1546,15337698,15637698,0.226074219,0.88458252,-0.374206543,0.162536621,0.20703125,0.625,-0.1796875,-4.1953125,-5.6171875,-6.390625,0.078125,-1.4921875,0.70703125
1547,15351636,15651636,0.226257324,0.882507324,-0.375488281,0.170166016,0.20703125,0.625,-0.1796875,-4.1953125,-5.6171875,-6.390625,0.02734375,-1.35351562,0.599609375
1548,15355373,15655373,0.226379395,0.880737305,-0.376586914,0.176635742,-0.0390625,0.23046875,0.00390625,-4.4453125,-5.5703125,-6.265625,0.02734375,-1.35351562,0.599609375
1549,15372577,15672577,0.2265625,0.87878418,-0.377868652,0.183288574,-0.0390625,0.23046875,0.00390625,-4.4453125,-5.5703125,-6.265625,0.09375,-1.20898438,0.544921875
1550,15376295,15676295,0.226745605,0.87701416,-0.379150391,0.189025879,0.1796875,-0.046875,0.109375,-4.6640625,-5.5234375,-6.140625,0.09375,-1.20898438,0.544921875
1551,15390118,15690118,0.227050781,0.87512207,-0.380554199,0.194519043,0.1796875,-0.046875,0.109375,-4.6640625,-5.5234375,-6.140625,0.158203125,-1.02539062,0.47265625
1552,15399520,15699520,0.227294922,0.87322998,-0.381958008,0.199707031,0.17578125,0.15234375,0.18359375,-4.8515625,-5.4921875,-6.0234375,0.158203125,-1.02539062,0.47265625
1553,15412262,15712262,0.227478027,0.871643066,-0.383117676,0.204162598,0.17578125,0.15234375,0.18359375,-4.8515625,-5.4921875,-6.0234375,0.107421875,-0.85546875,0.3828125
1554,15415994,15715994,0.227539062,0.870300293,-0.384033203,0.208129883,0.1484375,0.4375,0.2265625,-5.015625,-5.46875,-5.9140625,0.107421875,-0.85546875,0.3828125
1555,15430889,15730889,0.227600098,0.86907959,-0.384643555,0.211975098,0.1484375,0.4375,0.2265625,-5.015625,-5.46875,-5.9140625,0.015625,-0.671875,0.294921875
1556,15437252,15737252,0.227600098,0.868103027,-0.385131836,0.215087891,0.234375,0.328125,0.29296875,-5.140625,-5.4375,-5.828125,0.015625,-0.671875,0.294921875
1557,15454682,15754682,0.227661133,0.867248535,-0.385498047,0.217895508,0.234375,0.328125,0.29296875,-5.140625,-5.4375,-5.828125,0.005859375,-0.474609375,0.23046875
1558,15458521,15758521,0.227783203,0.866455078,-0.385803223,0.220153809,0.17578125,0,0.34375,-5.234375,-5.4140625,-5.765625,0.005859375,-0.474609375,0.23046875
1559,15469817,15769817,0.227966309,0.865783691,-0.386230469,0.221984863,0.17578125,0,0.34375,-5.234375,-5.4140625,-5.765625,0.0546875,-0.306640625,0.169921875
1560,15479056,15779056,0.228210449,0.865234375,-0.38659668,0.223327637,0.20703125,-0.0546875,0.3828125,-5.3046875,-5.3984375,-5.7265625,0.0546875,-0.306640625,0.169921875
1561,15492587,15792587,0.228393555,0.864746094,-0.387023926,0.224182129,0.20703125,-0.0546875,0.3828125,-5.3046875,-5.3984375,-5.7265625,0.080078125,-0.13671875,0.087890625
1562,15497364,15797364,0.22857666,0.864440918,-0.387390137,0.224609375,0.23828125,0.08203125,0.3515625,-5.3359375,-5.3828125,-5.6953125,0.080078125,-0.13671875,0.087890625
1563,15510303,15810303,0.228759766,0.864257812,-0.387634277,0.224609375,0.23828125,0.08203125,0.3515625,-5.3359375,-5.3828125,-5.6953125,0.060546875,0.04296875,0.00390625
1564,15516235,15816235,0.228942871,0.864318848,-0.387756348,0.224060059,0.40625,0.390625,0.3359375,-5.3515625,-5.3828125,-5.6796875,0.060546875,0.04296875,0.00390625
1565,15533219,15833219,0.229003906,0.864562988,-0.387695312,0.222961426,0.40625,0.390625,0.3359375,-5.3515625,-5.3828125,-5.6796875,0.0078125,0.271484375,-0.1015625
1566,15537360,15837360,0.229125977,0.865112305,-0.387512207,0.221252441,0.453125,0.3671875,0.390625,-5.3203125,-5.3984375,-5.6953125,0.0078125,0.271484375,-0.1015625
1567,15551643,15851643,0.229125977,0.865844727,-0.387145996,0.219055176,0.453125,0.3671875,0.390625,-5.3203125,-5.3984375,-5.6953125,-0.0234375,0.48046875,-0.201171875
1568,15561388,15861388,0.229187012,0.866638184,-0.386657715,0.216430664,0.390625,0.23046875,0.4296875,-5.2578125,-5.4140625,-5.734375,-0.0234375,0.48046875,-0.201171875
1569,15573219,15873219,0.229187012,0.867675781,-0.386169434,0.213134766,0.390625,0.23046875,0.4296875,-5.2578125,-5.4140625,-5.734375,-0.0078125,0.669921875,-0.2890625
1570,15577139,15877139,0.229187012,0.868835449,-0.385681152,0.209411621,0.2578125,0.13671875,0.26171875,-5.1640625,-5.4375,-5.796875,-0.0078125,0.669921875,-0.2890625
1571,15592176,15892176,0.229187012,0.870056152,-0.385192871,0.20513916,0.2578125,0.13671875,0.26171875,-5.1640625,-5.4375,-5.796875,0.015625,0.83984375,-0.38671875
1572,15595809,15895809,0.229064941,0.871337891,-0.38470459,0.200744629,0.171875,0.21484375,0.2265625,-5.0390625,-5.4765625,-5.875,0.015625,0.83984375,-0.38671875
1573,15612363,15912363,0.228881836,0.872802734,-0.384094238,0.195739746,0.171875,0.21484375,0.2265625,-5.0390625,-5.4765625,-5.875,0.005859375,0.982421875,-0.48828125
1574,15616729,15916729,0.22857666,0.874450684,-0.383361816,0.190063477,0.09765625,0.3671875,0.12109375,-4.890625,-5.515625,-5.9609375,0.005859375,0.982421875,-0.48828125
1575,15627903,15927903,0.228088379,0.876159668,-0.382507324,0.184326172,0.09765625,0.3671875,0.12109375,-4.890625,-5.515625,-5.9609375,-0.05859375,1.10546875,-0.583984375
1576,15641636,15941636,0.227539062,0.878051758,-0.381408691,0.178283691,0.05859375,0.53125,0.06640625,-4.6953125,-5.5625,-6.0625,-0.05859375,1.10546875,-0.583984375
1577,15652885,15952885,0.226867676,0.880065918,-0.380126953,0.171875,0.05859375,0.53125,0.06640625,-4.6953125,-5.5625,-6.0625,-0.142578125,1.21875,-0.666015625
1578,15657320,15957320,0.226074219,0.882202148,-0.378540039,0.165344238,0.07421875,0.5390625,0.0703125,-4.484375,-5.609375,-6.1796875,-0.142578125,1.21875,-0.666015625
1579,15668965,15968965,0.225158691,0.884521484,-0.376647949,0.15838623,0.07421875,0.5390625,0.0703125,-4.484375,-5.609375,-6.1796875,-0.23828125,1.359375,-0.74609375
1580,15674809,15974809,0.224182129,0.886901855,-0.374694824,0.151000977,-0.04296875,0.1953125,0.01171875,-4.25,-5.6484375,-6.3125,-0.23828125,1.359375,-0.74609375
1581,15690608,15990608,0.223205566,0.889160156,-0.372802734,0.143432617,-0.04296875,0.1953125,0.01171875,-4.25,-5.6484375,-6.3125,-0.166015625,1.45898438,-0.806640625
1582,15694363,15994363,0.222229004,0.891296387,-0.371154785,0.135803223,-0.0859375,-0.234375,0,-3.9765625,-5.6796875,-6.453125,-0.166015625,1.45898438,-0.806640625
1583,15708067,16008067,0.221191406,0.893493652,-0.369445801,0.127197266,-0.0859375,-0.234375,0,-3.9765625,-5.6796875,-6.453125,-0.111328125,1.54296875,-0.84375
1584,15717041,16017041,0.220214844,0.895629883,-0.367736816,0.118774414,-0.03125,-0.03515625,0.015625,-3.6875,-5.7265625,-6.5859375,-0.111328125,1.54296875,-0.84375
1585,15733198,16033198,0.219238281,0.897705078,-0.365966797,0.110107422,-0.03125,-0.03515625,0.015625,-3.6875,-5.7265625,-6.5859375,-0.103515625,1.65429688,-0.873046875
1586,15737334,16037334,0.218261719,0.899658203,-0.364318848,0.101013184,-0.0390625,-0.25390625,-0.25,-3.375,-5.7734375,-6.703125,-0.103515625,1.65429688,-0.873046875
1587,15749576,16049576,0.217224121,0.901428223,-0.363037109,0.0919189453,-0.0390625,-0.25390625,-0.25,-3.375,-5.7734375,-6.703125,0.072265625,1.63867188,-0.9296875
1588,15753295,16053295,0.215942383,0.902893066,-0.362304688,0.083190918,-0.2890625,-0.23828125,-0.25390625,-3.046875,-5.828125,-6.8125,0.072265625,1.63867188,-0.9296875
1589,15770593,16070593,0.214416504,0.904296875,-0.361694336,0.0739746094,-0.2890625,-0.23828125,-0.25390625,-3.046875,-5.828125,-6.8125,0.173828125,1.58203125,-1.02539062
1590,15774360,16074360,0.212585449,0.905700684,-0.360961914,0.0646972656,-0.1171875,0.90625,0.0546875,-2.71875,-5.8984375,-6.890625,0.173828125,1.58203125,-1.02539062
1591,15789963,16089963,0.210388184,0.907531738,-0.359375,0.0548706055,-0.1171875,0.90625,0.0546875,-2.71875,-5.8984375,-6.890625,-0.126953125,1.640625,-1.12109375
1592,15798532,16098532,0.208251953,0.909423828,-0.356994629,0.0462036133,0.171875,1.234375,0.32421875,-2.359375,-5.9609375,-6.96875,-0.126953125,1.640625,-1.12109375
1593,15811049,16111049,0.205627441,0.911682129,-0.353820801,0.0372314453,0.171875,1.234375,0.32421875,-2.359375,-5.9609375,-6.96875,-0.40625,1.48242188,-1.09960938
1594,15814780,16114780,0.203369141,0.913574219,-0.350952148,0.0295410156,0.08984375,-0.05859375,-0.49609375,-2.0078125,-5.96875,-7.0703125,-0.40625,1.48242188,-1.09960938
1595,15828309,16128309,0.200927734,0.915344238,-0.348327637,0.0216064453,0.08984375,-0.05859375,-0.49609375,-2.0078125,-5.96875,-7.0703125,-0.228515625,1.296875,-0.984375
1596,15833344,16133344,0.198730469,0.916687012,-0.346313477,0.0142211914,-0.0078125,-0.34375,-0.59375,-1.6796875,-5.953125,-7.1640625,-0.228515625,1.296875,-0.984375
1597,15848550,16148550,0.196655273,0.91784668,-0.344787598,0.00659179688,-0.0078125,-0.34375,-0.59375,-1.6796875,-5.953125,-7.1640625,-0.0234375,1.36328125,-0.9609375
1598,15853579,16153579,-0.194702148,-0.918823242,0.343322754,0.00109863281,0.421875,0.27734375,0.45703125,-1.3828125,-5.9609375,-7.21875,-0.0234375,1.36328125,-0.9609375
1599,15868768,16168768,-0.192443848,-0.91998291,0.341369629,0.00964355469,0.421875,0.27734375,0.45703125,-1.3828125,-5.9609375,-7.21875,-0.173828125,1.38867188,-1.00585938
1600,15877379,16177379,-0.190246582,-0.921203613,0.338989258,0.0169677734,0.4453125,0.75390625,0.45703125,-1.0625,-5.9765625,-7.2578125,-0.173828125,1.38867188,-1.00585938
1601,15890117,16190117,-0.187683105,-0.922790527,0.335632324,0.0244140625,0.4453125,0.75390625,0.45703125,-1.0625,-5.9765625,-7.2578125,-0.505859375,1.171875,-0.966796875
1602,15893856,16193856,-0.18536377,-0.924377441,0.332092285,0.0301513672,0.515625,0.76171875,0.4375,-0.75,-5.9453125,-7.3125,-0.505859375,1.171875,-0.966796875
1603,15909823,16209823,-0.182800293,-0.926025391,0.328308105,0.035949707,0.515625,0.76171875,0.4375,-0.75,-5.9453125,-7.3125,-0.517578125,0.947265625,-0.880859375
1604,15913419,16213419,-0.180541992,-0.927307129,0.325317383,0.0410766602,0.48828125,-0.0390625,-0.25,-0.4921875,-5.875,-7.390625,-0.517578125,0.947265625,-0.880859375
1605,15929226,16229226,-0.178283691,-0.928344727,0.322875977,0.0466918945,0.48828125,-0.0390625,-0.25,-0.4921875,-5.875,-7.390625,-0.208984375,0.955078125,-0.794921875
1606,15932964,16232964,-0.176330566,-0.928955078,0.321289062,0.0520019531,0.40625,-0.70703125,-0.54296875,-0.2578125,-5.8203125,-7.4453125,-0.208984375,0.955078125,-0.794921875
1607,15947814,16247814,-0.174133301,-0.929382324,0.320251465,0.0581665039,0.40625,-0.70703125,-0.54296875,-0.2578125,-5.8203125,-7.4453125,0.10546875,1.01757812,-0.798828125
1608,15956379,16256379,-0.171813965,-0.929626465,0.319641113,0.0643310547,0.04296875,-1.08984375,-0.1875,-0.0078125,-5.8203125,-7.453125,0.10546875,1.01757812,-0.798828125
1609,15968234,16268234,-0.169128418,-0.929931641,0.318847656,0.0702514648,0.04296875,-1.08984375,-0.1875,-0.0078125,-5.8203125,-7.453125,0.025390625,0.927734375,-0.92578125
1610,15971975,16271975,-0.166381836,-0.930419922,0.317626953,0.0756225586,-0.0859375,-0.31640625,-0.08984375,0.234375,-5.828125,-7.4375,0.025390625,0.927734375,-0.92578125
1611,15988916,16288916,-0.163269043,-0.931152344,0.315795898,0.0814208984,-0.0859375,-0.31640625,-0.08984375,0.234375,-5.828125,-7.4375,-0.1796875,0.880859375,-0.947265625
1612,15992640,16292640,-0.160583496,-0.931762695,0.313964844,0.0865478516,0.09375,0.234375,0.1484375,0.4765625,-5.8046875,-7.4453125,-0.1796875,0.880859375,-0.947265625
1613,16007194,16307194,-0.157836914,-0.932312012,0.312194824,0.0919799805,0.09375,0.234375,0.1484375,0.4765625,-5.8046875,-7.4453125,-0.08984375,0.830078125,-0.833984375
1614,16012219,16312219,-0.155334473,-0.932617188,0.310974121,0.0971069336,0.2421875,-0.1796875,-0.04296875,0.7109375,-5.7734375,-7.4453125,-0.08984375,0.830078125,-0.833984375
1615,16027400,16327400,-0.152954102,-0.932678223,0.310180664,0.102355957,0.2421875,-0.1796875,-0.04296875,0.7109375,-5.7734375,-7.4453125,0.09765625,0.84765625,-0.765625
1616,16034935,16334935,-0.150695801,-0.932617188,0.309692383,0.107727051,0.21484375,-0.0703125,0.29296875,0.9296875,-5.765625,-7.4375,0.09765625,0.84765625,-0.765625
1617,16047222,16347222,-0.148803711,-0.932434082,0.309326172,0.112670898,0.21484375,-0.0703125,0.29296875,0.9296875,-5.765625,-7.4375,0.134765625,0.8828125,-0.681640625
1618,16054894,16354894,-0.146972656,-0.932250977,0.308776855,0.117980957,0.3203125,0.04296875,0.984375,1.1328125,-5.765625,-7.3984375,0.134765625,0.8828125,-0.681640625
1619,16070375,16370375,-0.145324707,-0.932128906,0.308166504,0.122375488,0.3203125,0.04296875,0.984375,1.1328125,-5.765625,-7.3984375,0.048828125,0.67578125,-0.544921875
1620,16075139,16375139,-0.143920898,-0.932128906,0.307556152,0.125976562,0.046875,0.08203125,0.73046875,1.328125,-5.765625,-7.375,0.048828125,0.67578125,-0.544921875
1621,16087523,16387523,-0.142700195,-0.932128906,0.306884766,0.128723145,0.046875,0.08203125,0.73046875,1.328125,-5.765625,-7.375,-0.041015625,0.3984375,-0.37109375
1622,16093985,16393985,-0.141784668,-0.932250977,0.306152344,0.13079834,-0.0390625,0.02734375,0.33203125,1.453125,-5.75,-7.359375,-0.041015625,0.3984375,-0.37109375
1623,16106576,16406576,-0.141113281,-0.932312012,0.305419922,0.13269043,-0.0390625,0.02734375,0.33203125,1.453125,-5.75,-7.359375,-0.078125,0.28515625,-0.2109375
1624,16114331,16414331,-0.140686035,-0.932373047,0.304748535,0.134094238,-0.01953125,-0.64453125,0.0546875,1.546875,-5.7265625,-7.3515625,-0.078125,0.28515625,-0.2109375
1625,16128375,16428375,-0.140380859,-0.932495117,0.304138184,0.13494873,-0.01953125,-0.64453125,0.0546875,1.546875,-5.7265625,-7.3515625,-0.08203125,0.12109375,-0.095703125
1626,16132105,16432105,-0.140258789,-0.932617188,0.303710938,0.135375977,-0.1796875,-0.890625,-0.13671875,1.59375,-5.7109375,-7.3515625,-0.08203125,0.12109375,-0.095703125
1627,16149017,16449017,-0.140197754,-0.932739258,0.303405762,0.135375977,-0.1796875,-0.890625,-0.13671875,1.59375,-5.7109375,-7.3515625,-0.044921875,-0.048828125,0.001953125
1628,16152621,16452621,-0.140197754,-0.932800293,0.303344727,0.13494873,-0.38671875,-1.21484375,-0.93359375,1.609375,-5.6953125,-7.359375,-0.044921875,-0.048828125,0.001953125
1629,16169465,16469465,-0.140441895,-0.932800293,0.303588867,0.134216309,-0.38671875,-1.21484375,-0.93359375,1.609375,-5.6953125,-7.359375,0.044921875,-0.1484375,0.12890625
1630,16173201,16473201,-0.140869141,-0.932678223,0.304138184,0.133239746,-0.31640625,-1.47265625,-0.96484375,1.578125,-5.703125,-7.3671875,0.044921875,-0.1484375,0.12890625
1631,16188201,16488201,-0.141418457,-0.932495117,0.304992676,0.132019043,-0.31640625,-1.47265625,-0.96484375,1.578125,-5.703125,-7.3671875,0.134765625,-0.259765625,0.23046875
1632,16196614,16496614,-0.142028809,-0.932312012,0.305969238,0.130371094,-0.5,-1.4140625,-1.01171875,1.53125,-5.7265625,-7.359375,0.134765625,-0.259765625,0.23046875
1633,16209546,16509546,-0.14276123,-0.932067871,0.307250977,0.128112793,-0.5,-1.4140625,-1.01171875,1.53125,-5.7265625,-7.359375,0.15625,-0.408203125,0.31640625
1634,16214329,16514329,-0.143554688,-0.931884766,0.30847168,0.125793457,-0.30078125,-1.03515625,-1.171875,1.4453125,-5.7578125,-7.3515625,0.15625,-0.408203125,0.31640625
1635,16226343,16526343,-0.144348145,-0.931640625,0.309753418,0.123352051,-0.30078125,-1.03515625,-1.171875,1.4453125,-5.7578125,-7.3515625,0.158203125,-0.482421875,0.384765625
1636,16232202,16532202,-0.145446777,-0.93145752,0.311035156,0.120361328,-0.16796875,-0.5078125,-0.8359375,1.3515625,-5.7890625,-7.34375,0.158203125,-0.482421875,0.384765625
1637,16245708,16545708,-0.14654541,-0.931274414,0.312194824,0.117248535,-0.16796875,-0.5078125,-0.8359375,1.3515625,-5.7890625,-7.34375,0.083984375,-0.5703125,0.466796875
1638,16251685,16551685,-0.147888184,-0.931152344,0.313293457,0.113769531,-0.2265625,-0.28515625,-0.64453125,1.21875,-5.8203125,-7.34375,0.083984375,-0.5703125,0.466796875
1639,16265620,16565620,-0.149414062,-0.930969238,0.31451416,0.109802246,-0.2265625,-0.28515625,-0.64453125,1.21875,-5.8203125,-7.34375,0.08984375,-0.6875,0.5859375
1640,16274314,16574314,-0.151062012,-0.930725098,0.315795898,0.105712891,-0.30078125,-0.40625,-0.40625,1.0625,-5.8515625,-7.3515625,0.08984375,-0.6875,0.5859375
1641,16286209,16586209,-0.152770996,-0.930480957,0.317260742,0.101196289,-0.30078125,-0.40625,-0.40625,1.0625,-5.8515625,-7.3515625,0.125,-0.798828125,0.669921875
1642,16292818,16592818,-0.154541016,-0.930114746,0.318786621,0.0966186523,-0.1953125,-0.375,-0.21484375,0.8828125,-5.8828125,-7.3515625,0.125,-0.798828125,0.669921875
1643,16305958,16605958,-0.156555176,-0.929748535,0.320495605,0.0914306641,-0.1953125,-0.375,-0.21484375,0.8828125,-5.8828125,-7.3515625,0.140625,-0.865234375,0.748046875
1644,16311009,16611009,-0.158630371,-0.929321289,0.32220459,0.0861206055,-0.0625,-0.3515625,-0.21484375,0.671875,-5.90625,-7.3515625,0.140625,-0.865234375,0.748046875
1645,16326626,16626626,-0.160766602,-0.928833008,0.323852539,0.0807495117,-0.0625,-0.3515625,-0.21484375,0.671875,-5.90625,-7.3515625,0.130859375,-0.9375,0.806640625
1646,16330370,16630370,-0.162841797,-0.928344727,0.325500488,0.0754394531,0.1171875,-0.19921875,-0.14453125,0.453125,-5.9453125,-7.34375,0.130859375,-0.9375,0.806640625
1647,16345016,16645016,-0.165222168,-0.92779541,0.327331543,0.0693969727,0.1171875,-0.19921875,-0.14453125,0.453125,-5.9453125,-7.34375,0.130859375,-0.974609375,0.84375
1648,16352065,16652065,-0.167480469,-0.927185059,0.328979492,0.0635986328,0.16796875,-0.01953125,-0.0390625,0.2109375,-5.96875,-7.3359375,0.130859375,-0.974609375,0.84375
1649,16366460,16666460,-0.169799805,-0.926635742,0.330505371,0.0575561523,0.16796875,-0.01953125,-0.0390625,0.2109375,-5.96875,-7.3359375,0.072265625,-1.01953125,0.876953125
1650,16370182,16670182,-0.172119141,-0.926086426,0.331848145,0.0516357422,0.2265625,0.109375,-0.0078125,-0.0390625,-5.984375,-7.328125,0.072265625,-1.01953125,0.876953125
1651,16384082,16684082,-0.174621582,-0.925476074,0.333129883,0.0451660156,0.2265625,0.109375,-0.0078125,-0.0390625,-5.984375,-7.328125,0.01171875,-1.03515625,0.8984375
1652,16390068,16690068,-0.177062988,-0.924865723,0.334289551,0.0389404297,0.32421875,0.1171875,-0.0546875,-0.2890625,-5.9921875,-7.3203125,0.01171875,-1.03515625,0.8984375
1653,16405631,16705631,-0.17956543,-0.924194336,0.335571289,0.0325317383,0.32421875,0.1171875,-0.0546875,-0.2890625,-5.9921875,-7.3203125,0.046875,-1.0625,0.947265625
1654,16410668,16710668,-0.182067871,-0.923400879,0.336853027,0.0262451172,0.4765625,0.046875,0.0546875,-0.5546875,-6,-7.3125,0.046875,-1.0625,0.947265625
1655,16425500,16725500,-0.184875488,-0.922546387,0.338195801,0.0194091797,0.4765625,0.046875,0.0546875,-0.5546875,-6,-7.3125,0.03125,-1.07226562,0.994140625
1656,16432906,16732906,-0.18762207,-0.921691895,0.339294434,0.0133056641,0.48046875,0.0390625,-0.12109375,-0.828125,-5.9921875,-7.2890625,0.03125,-1.07226562,0.994140625
1657,16445821,16745821,-0.190734863,-0.920715332,0.340393066,0.00665283203,0.48046875,0.0390625,-0.12109375,-0.828125,-5.9921875,-7.2890625,0.00390625,-1.00585938,1.00976562
1658,16449542,16749542,-0.19342041,-0.919799805,0.341369629,0.000610351562,0.5234375,-0.09765625,0.015625,-1.1015625,-5.96875,-7.2734375,0.00390625,-1.00585938,1.00976562
1659,16464211,16764211,0.196228027,0.918701172,-0.342651367,0.00653076172,0.5234375,-0.09765625,0.015625,-1.1015625,-5.96875,-7.2734375,0.060546875,-1.14257812,1
1660,16470847,16770847,0.198791504,0.917602539,-0.344055176,0.0135498047,-0.0078125,-0.15234375,-0.4375,-1.375,-5.953125,-7.2421875,0.060546875,-1.14257812,1
1661,16485547,16785547,0.20111084,0.916442871,-0.345336914,0.0205688477,-0.0078125,-0.15234375,-0.4375,-1.375,-5.953125,-7.2421875,0.041015625,-1.2109375,0.935546875
1662,16489280,16789280,0.203063965,0.915344238,-0.346679688,0.02734375,0.08984375,-0.09765625,-0.171875,-1.6640625,-5.9296875,-7.203125,0.041015625,-1.2109375,0.935546875
1663,16505802,16805802,0.205078125,0.914001465,-0.348327637,0.0348510742,0.08984375,-0.09765625,-0.171875,-1.6640625,-5.9296875,-7.203125,0.08984375,-1.265625,0.869140625
1664,16515065,16815065,0.206665039,0.912780762,-0.34979248,0.0416259766,0.2578125,0.34375,-0.0703125,-1.9453125,-5.9140625,-7.1484375,0.08984375,-1.265625,0.869140625
1665,16528581,16828581,0.208190918,0.911499023,-0.35144043,0.0487670898,0.2578125,0.34375,-0.0703125,-1.9453125,-5.9140625,-7.1484375,0.087890625,-1.24414062,0.779296875
1666,16533678,16833678,0.209411621,0.910217285,-0.352905273,0.0555419922,0.453125,0.4375,-0.06640625,-2.21875,-5.890625,-7.078125,0.087890625,-1.24414062,0.779296875
1667,16545369,16845369,0.210449219,0.908874512,-0.354614258,0.0623779297,0.453125,0.4375,-0.06640625,-2.21875,-5.890625,-7.078125,0.15625,-1.20898438,0.64453125
1668,16549105,16849105,0.211120605,0.907592773,-0.356384277,0.0685424805,0.21484375,0.421875,-0.12109375,-2.4765625,-5.875,-7.0234375,0.15625,-1.20898438,0.64453125
1669,16565943,16865943,0.211608887,0.906188965,-0.358276367,0.0750732422,0.21484375,0.421875,-0.12109375,-2.4765625,-5.875,-7.0234375,0.1484375,-1.1953125,0.544921875
1670,16569672,16869672,0.211975098,0.905029297,-0.359802246,0.080871582,0.1796875,0.91015625,-0.12890625,-2.7109375,-5.8671875,-6.9375,0.1484375,-1.1953125,0.544921875
1671,16585298,16885298,0.212341309,0.903747559,-0.36138916,0.0871582031,0.1796875,0.91015625,-0.12890625,-2.7109375,-5.8671875,-6.9375,0.09375,-1.11914062,0.513671875
1672,16595483,16895483,0.212646484,0.902587891,-0.362670898,0.092590332,0.1015625,0.8203125,0.2890625,-2.9375,-5.8515625,-6.859375,0.09375,-1.11914062,0.513671875
1673,16609438,16909438,0.213012695,0.901306152,-0.364135742,0.0983886719,0.1015625,0.8203125,0.2890625,-2.9375,-5.8515625,-6.859375,0.140625,-1.10742188,0.515625
1674,16613888,16913888,0.213378906,0.899841309,-0.365783691,0.104370117,0.109375,0.49609375,0.25,-3.140625,-5.8359375,-6.78125,0.140625,-1.10742188,0.515625
1675,16624229,16924229,0.213684082,0.898498535,-0.36730957,0.110107422,0.109375,0.49609375,0.25,-3.140625,-5.8359375,-6.78125,0.111328125,-1.0859375,0.486328125
1676,16629253,16929253,0.213867188,0.897216797,-0.368591309,0.115722656,0.20703125,0.48046875,0.15625,-3.3515625,-5.8203125,-6.6875,0.111328125,-1.0859375,0.486328125
1677,16644389,16944389,0.214050293,0.896057129,-0.369628906,0.121032715,0.20703125,0.48046875,0.15625,-3.3515625,-5.8203125,-6.6875,0.041015625,-1.0078125,0.44921875
1678,16651134,16951134,0.214172363,0.894958496,-0.370544434,0.126037598,0.1328125,0.3515625,0.1953125,-3.546875,-5.8046875,-6.609375,0.041015625,-1.0078125,0.44921875
1679,16664100,16964100,0.214294434,0.893859863,-0.371337891,0.131286621,0.1328125,0.3515625,0.1953125,-3.546875,-5.8046875,-6.609375,-0.001953125,-0.947265625,0.41015625
1680,16672326,16972326,0.214355469,0.89276123,-0.372131348,0.136230469,0.23828125,0.05078125,0.19921875,-3.7265625,-5.7734375,-6.5390625,-0.001953125,-0.947265625,0.41015625
1681,16684617,16984617,0.214416504,0.891662598,-0.372924805,0.140869141,0.23828125,0.05078125,0.19921875,-3.7265625,-5.7734375,-6.5390625,0.0625,-0.87890625,0.37890625
1682,16688339,16988339,0.214477539,0.890563965,-0.373962402,0.145141602,0.171875,-0.28515625,0.3203125,-3.890625,-5.7421875,-6.46875,0.0625,-0.87890625,0.37890625
1683,16703050,17003050,0.214416504,0.889343262,-0.375183105,0.149536133,0.171875,-0.28515625,0.3203125,-3.890625,-5.7421875,-6.46875,0.119140625,-0.8359375,0.310546875
1684,16713429,17013429,0.214355469,0.888183594,-0.376342773,0.153625488,0.3203125,0.04296875,0.12109375,-4.0390625,-5.7265625,-6.3828125,0.119140625,-0.8359375,0.310546875
1685,16723797,17023797,0.214233398,0.887084961,-0.377319336,0.157409668,0.3203125,0.04296875,0.12109375,-4.0390625,-5.7265625,-6.3828125,0.078125,-0.7421875,0.27734375
1686,16729777,17029777,0.214111328,0.886108398,-0.378173828,0.161071777,0.18359375,0.41796875,0.125,-4.171875,-5.71875,-6.3125,0.078125,-0.7421875,0.27734375
1687,16746144,17046144,0.213989258,0.885314941,-0.378723145,0.164306641,0.18359375,0.41796875,0.125,-4.171875,-5.71875,-6.3125,-0.021484375,-0.62890625,0.255859375
1688,16755774,17055774,0.213989258,0.88458252,-0.37902832,0.167419434,0.1796875,0.25,0.0625,-4.28125,-5.703125,-6.25,-0.021484375,-0.62890625,0.255859375
1689,16766512,17066512,0.214111328,0.883850098,-0.379272461,0.170532227,0.1796875,0.25,0.0625,-4.28125,-5.703125,-6.25,-0.025390625,-0.5546875,0.28515625
1690,16770136,17070136,0.214355469,0.883117676,-0.379516602,0.173583984,0.05078125,-0.39453125,0.1328125,-4.3828125,-5.671875,-6.203125,-0.025390625,-0.5546875,0.28515625
1691,16785930,17085930,0.21472168,0.882324219,-0.379943848,0.176269531,0.05078125,-0.39453125,0.1328125,-4.3828125,-5.671875,-6.203125,0.046875,-0.5078125,0.3046875
1692,16792551,17092551,0.215148926,0.881408691,-0.380493164,0.179016113,0.0390625,-0.49609375,0.16015625,-4.484375,-5.6484375,-6.15625,0.046875,-0.5078125,0.3046875
1693,16802179,17102179,0.215515137,0.880554199,-0.381103516,0.18145752,0.0390625,-0.49609375,0.16015625,-4.484375,-5.6484375,-6.15625,0.078125,-0.451171875,0.2578125
1694,16809084,17109084,0.215820312,0.879760742,-0.381652832,0.183776855,0.1328125,-0.01953125,0.14453125,-4.578125,-5.625,-6.1015625,0.078125,-0.451171875,0.2578125
1695,16822586,17122586,0.216003418,0.879150391,-0.382080078,0.185668945,0.1328125,-0.01953125,0.14453125,-4.578125,-5.625,-6.1015625,0.02734375,-0.3359375,0.166015625
1696,16831937,17131937,0.216064453,0.878723145,-0.382324219,0.187255859,0.15625,0.2421875,0.10546875,-4.640625,-5.6171875,-6.0625,0.02734375,-0.3359375,0.166015625
1697,16846113,17146113,0.216064453,0.878417969,-0.382263184,0.188659668,0.15625,0.2421875,0.10546875,-4.640625,-5.6171875,-6.0625,-0.052734375,-0.205078125,0.111328125
1698,16850396,17150396,0.216186523,0.878234863,-0.382141113,0.189575195,0.203125,0.109375,0.12109375,-4.6875,-5.6015625,-6.0390625,-0.052734375,-0.205078125,0.111328125
1699,16863100,17163100,0.216369629,0.878112793,-0.382019043,0.190185547,0.203125,0.109375,0.12109375,-4.6875,-5.6015625,-6.0390625,-0.01953125,-0.052734375,0.087890625
1700,16870765,17170765,0.216674805,0.877990723,-0.381958008,0.190368652,0.1953125,-0.2109375,0.15234375,-4.71875,-5.5859375,-6.03125,-0.01953125,-0.052734375,0.087890625
1701,16884535,17184535,0.217102051,0.877929688,-0.382019043,0.190185547,0.1953125,-0.2109375,0.15234375,-4.71875,-5.5859375,-6.03125,0.068359375,0.095703125,0.041015625
1702,16888295,17188295,0.217468262,0.877868652,-0.382202148,0.189575195,-0.109375,-0.21875,0.265625,-4.71875,-5.578125,-6.03125,0.068359375,0.095703125,0.041015625
1703,16902204,17202204,0.217773438,0.877868652,-0.382507324,0.188598633,-0.109375,-0.21875,0.265625,-4.71875,-5.578125,-6.03125,0.103515625,0.201171875,-0.05078125
1704,16910485,17210485,0.217956543,0.877990723,-0.3828125,0.18737793,-0.203125,-0.01171875,0.2265625,-4.703125,-5.59375,-6.03125,0.103515625,0.201171875,-0.05078125
1705,16922220,17222220,0.218017578,0.878234863,-0.382995605,0.18572998,-0.203125,-0.01171875,0.2265625,-4.703125,-5.59375,-6.03125,0.07421875,0.31640625,-0.162109375
1706,16928217,17228217,0.217895508,0.878662109,-0.382995605,0.183776855,-0.05078125,0.42578125,0.16796875,-4.6640625,-5.609375,-6.046875,0.07421875,0.31640625,-0.162109375
1707,16943869,17243869,0.217712402,0.879272461,-0.3828125,0.181518555,-0.05078125,0.42578125,0.16796875,-4.6640625,-5.609375,-6.046875,-0.017578125,0.45703125,-0.251953125
1708,16950209,17250209,0.217407227,0.880065918,-0.382324219,0.178955078,0.109375,0.4921875,0.19921875,-4.59375,-5.640625,-6.078125,-0.017578125,0.45703125,-0.251953125
1709,16961546,17261546,0.217102051,0.881103516,-0.381713867,0.175720215,0.109375,0.4921875,0.19921875,-4.59375,-5.640625,-6.078125,-0.06640625,0.626953125,-0.322265625
1710,16967556,17267556,0.21685791,0.882141113,-0.380981445,0.172180176,0.16015625,0.1640625,0.13671875,-4.4921875,-5.65625,-6.1328125,-0.06640625,0.626953125,-0.322265625
1711,16983166,17283166,0.21661377,0.883300781,-0.380249023,0.16809082,0.16015625,0.1640625,0.13671875,-4.4921875,-5.65625,-6.1328125,-0.0390625,0.810546875,-0.390625
1712,16994241,17294241,0.216369629,0.884460449,-0.379577637,0.163757324,0.02734375,0.07421875,0.0546875,-4.359375,-5.6796875,-6.203125,-0.0390625,0.810546875,-0.390625
1713,17004761,17304761,0.216125488,0.885803223,-0.378845215,0.158569336,0.02734375,0.07421875,0.0546875,-4.359375,-5.6796875,-6.203125,-0.01171875,0.994140625,-0.486328125
1714,17008367,17308367,0.215759277,0.887145996,-0.378051758,0.153137207,-0.015625,0.3046875,0.09375,-4.203125,-5.71875,-6.28125,-0.01171875,0.994140625,-0.486328125
1715,17022483,17322483,0.215270996,0.88873291,-0.377075195,0.146911621,-0.015625,0.3046875,0.09375,-4.203125,-5.71875,-6.28125,-0.052734375,1.14453125,-0.603515625
1716,17030089,17330089,0.214660645,0.890319824,-0.376037598,0.140869141,-0.0625,0.41796875,0.2265625,-4,-5.7578125,-6.375,-0.052734375,1.14453125,-0.603515625
1717,17042751,17342751,0.213806152,0.892150879,-0.374755859,0.133911133,-0.0625,0.41796875,0.2265625,-4,-5.7578125,-6.375,-0.107421875,1.26757812,-0.712890625
1718,17046386,17346386,0.212890625,0.893920898,-0.373413086,0.12713623,-0.03125,0.3125,0.09765625,-3.765625,-5.8046875,-6.4765625,-0.107421875,1.26757812,-0.712890625
1719,17061631,17361631,0.211791992,0.895874023,-0.371765137,0.119567871,-0.03125,0.3125,0.09765625,-3.765625,-5.8046875,-6.4765625,-0.13671875,1.3515625,-0.794921875
1720,17072806,17372806,0.210632324,0.897705078,-0.370300293,0.112182617,-0.09765625,0.265625,0.20703125,-3.5078125,-5.8359375,-6.5859375,-0.13671875,1.3515625,-0.794921875
1721,17083695,17383695,0.209533691,0.899414062,-0.369018555,0.104492188,-0.09765625,0.265625,0.20703125,-3.5078125,-5.8359375,-6.5859375,-0.009765625,1.45898438,-0.837890625
1722,17087295,17387295,0.208435059,0.901062012,-0.367980957,0.0963134766,0.08984375,0.12109375,0.45703125,-3.234375,-5.8828125,-6.6796875,-0.009765625,1.45898438,-0.837890625
1723,17101741,17401741,0.207092285,0.902648926,-0.367004395,0.0877075195,0.08984375,0.12109375,0.45703125,-3.234375,-5.8828125,-6.6796875,0.05078125,1.44335938,-0.890625
1724,17107938,17407938,0.205627441,0.904052734,-0.366210938,0.0793457031,0.015625,-0.05078125,0.359375,-2.9296875,-5.9375,-6.7734375,0.05078125,1.44335938,-0.890625
1725,17121391,17421391,0.204101562,0.905273438,-0.365539551,0.0717163086,0.015625,-0.05078125,0.359375,-2.9296875,-5.9375,-6.7734375,0.07421875,1.390625,-0.953125
1726,17126437,17426437,0.202270508,0.906738281,-0.364562988,0.0633544922,0.5625,0.65234375,0,-2.6328125,-5.9921875,-6.8359375,0.07421875,1.390625,-0.953125
1727,17142034,17442034,0.200439453,0.908203125,-0.363220215,0.055480957,0.5625,0.65234375,0,-2.6328125,-5.9921875,-6.8359375,-0.099609375,1.37695312,-0.943359375
1728,17153491,17453491,0.198791504,0.909606934,-0.361572266,0.0479736328,0.78515625,0.77734375,-0.15234375,-2.3203125,-6.0390625,-6.9140625,-0.099609375,1.37695312,-0.943359375
1729,17163419,17463419,0.19744873,0.911071777,-0.359741211,0.0400390625,0.78515625,0.77734375,-0.15234375,-2.3203125,-6.0390625,-6.9140625,-0.10546875,1.37304688,-0.783203125
1730,17167158,17467158,0.196411133,0.91204834,-0.358398438,0.0328369141,0.41015625,-0.34765625,0.26171875,-2.0234375,-6.0625,-6.984375,-0.10546875,1.37304688,-0.783203125
1731,17180926,17480926,0.195251465,0.912841797,-0.357788086,0.0255737305,0.41015625,-0.34765625,0.26171875,-2.0234375,-6.0625,-6.984375,0.177734375,1.13671875,-0.755859375
1732,17189924,17489924,0.19354248,0.913330078,-0.357727051,0.0191650391,-0.3203125,-0.5859375,0.421875,-1.75,-6.09375,-7.03125,0.177734375,1.13671875,-0.755859375
1733,17201610,17501610,0.19140625,0.913879395,-0.357727051,0.013671875,-0.3203125,-0.5859375,0.421875,-1.75,-6.09375,-7.03125,0.115234375,0.80859375,-0.82421875
1734,17205338,17505338,0.189086914,0.914611816,-0.357177734,0.00897216797,0.01953125,0.49609375,0.1640625,-1.515625,-6.140625,-7.0390625,0.115234375,0.80859375,-0.82421875
1735,17221493,17521493,0.186340332,0.915771484,-0.355834961,0.00445556641,0.01953125,0.49609375,0.1640625,-1.515625,-6.140625,-7.0390625,-0.259765625,0.5859375,-0.8203125
1736,17233034,17533034,0.183776855,0.916992188,-0.354064941,0.000732421875,0.12109375,0.78125,-0.1875,-1.3125,-6.15625,-7.0703125,-0.259765625,0.5859375,-0.8203125
1737,17244336,17544336,-0.181396484,-0.91809082,0.352416992,0.00335693359,0.12109375,0.78125,-0.1875,-1.3125,-6.15625,-7.0703125,-0.173828125,0.658203125,-0.716796875
1738,17248478,17548478,-0.17956543,-0.918823242,0.351379395,0.00799560547,0.44140625,-0.69921875,-0.9609375,-1.1328125,-6.1328125,-7.1015625,-0.173828125,0.658203125,-0.716796875
1739,17260762,17560762,-0.178161621,-0.919128418,0.351135254,0.0133056641,0.44140625,-0.69921875,-0.9609375,-1.1328125,-6.1328125,-7.1015625,0.21484375,0.955078125,-0.642578125
1740,17266089,17566089,-0.176818848,-0.919128418,0.35144043,0.0192871094,0.20703125,-0.76171875,0.01171875,-0.9375,-6.1484375,-7.1171875,0.21484375,0.955078125,-0.642578125
1741,17281035,17581035,-0.175354004,-0.919128418,0.351867676,0.0254516602,0.20703125,-0.76171875,0.01171875,-0.9375,-6.1484375,-7.1171875,0.294921875,1.0234375,-0.7265625
1742,17286758,17586758,-0.173706055,-0.919250488,0.351867676,0.0313110352,-0.01953125,-0.24609375,0.109375,-0.7109375,-6.203125,-7.1015625,0.294921875,1.0234375,-0.7265625
1743,17301754,17601754,-0.171630859,-0.91973877,0.351135254,0.0372924805,-0.01953125,-0.24609375,0.109375,-0.7109375,-6.203125,-7.1015625,-0.0625,0.84765625,-0.779296875
1744,17311643,17611643,-0.169677734,-0.920410156,0.34967041,0.0416870117,-0.25390625,0.6953125,0.06640625,-0.4765625,-6.2265625,-7.09375,-0.0625,0.84765625,-0.779296875
1745,17321458,17621458,-0.167602539,-0.921386719,0.347595215,0.0457763672,-0.25390625,0.6953125,0.06640625,-0.4765625,-6.2265625,-7.09375,-0.33203125,0.634765625,-0.685546875
1746,17327942,17627942,-0.165771484,-0.922363281,0.345458984,0.0496826172,-0.01953125,-0.1328125,-0.515625,-0.2890625,-6.203125,-7.125,-0.33203125,0.634765625,-0.685546875
1747,17340719,17640719,-0.164123535,-0.922973633,0.34387207,0.0539550781,-0.01953125,-0.1328125,-0.515625,-0.2890625,-6.203125,-7.125,-0.08984375,0.7421875,-0.583984375
1748,17347674,17647674,-0.162902832,-0.923217773,0.343139648,0.0584716797,0.296875,-1.08203125,-0.36328125,-0.109375,-6.171875,-7.1640625,-0.08984375,0.7421875,-0.583984375
1749,17362706,17662706,-0.161682129,-0.923034668,0.343139648,0.0639648438,0.296875,-1.08203125,-0.36328125,-0.109375,-6.171875,-7.1640625,0.255859375,0.91796875,-0.5703125
1750,17366322,17666322,-0.160522461,-0.922790527,0.343444824,0.069152832,-0.00390625,-0.76171875,0.04296875,0.078125,-6.1875,-7.1484375,0.255859375,0.91796875,-0.5703125
1751,17379839,17679839,-0.159118652,-0.922485352,0.34375,0.0742797852,-0.00390625,-0.76171875,0.04296875,0.078125,-6.1875,-7.1484375,0.22265625,0.828125,-0.615234375
1752,17389184,17689184,-0.157470703,-0.922424316,0.34362793,0.0793457031,-0.16015625,0.11328125,0.31640625,0.2734375,-6.21875,-7.1171875,0.22265625,0.828125,-0.615234375
1753,17400487,17700487,-0.155761719,-0.922546387,0.342956543,0.0837402344,-0.16015625,0.11328125,0.31640625,0.2734375,-6.21875,-7.1171875,-0.02734375,0.662109375,-0.615234375
1754,17406774,17706774,-0.15423584,-0.922851562,0.34197998,0.0874633789,-0.12109375,0.46484375,0.1796875,0.4609375,-6.2265625,-7.09375,-0.02734375,0.662109375,-0.615234375
1755,17418242,17718242,-0.152770996,-0.923095703,0.340881348,0.0911865234,-0.12109375,0.46484375,0.1796875,0.4609375,-6.2265625,-7.09375,-0.08203125,0.607421875,-0.529296875
1756,17427412,17727412,-0.151428223,-0.923339844,0.33984375,0.0949707031,0.22265625,0,-0.00390625,0.6171875,-6.21875,-7.1015625,-0.08203125,0.607421875,-0.529296875
1757,17440919,17740919,-0.150390625,-0.923461914,0.338989258,0.0985717773,0.22265625,0,-0.00390625,0.6171875,-6.21875,-7.1015625,-0.0234375,0.62890625,-0.443359375
1758,17444640,17744640,-0.149475098,-0.923461914,0.338317871,0.102050781,0.1875,-0.28515625,0.02734375,0.765625,-6.203125,-7.09375,-0.0234375,0.62890625,-0.443359375
1759,17459520,17759520,-0.1484375,-0.923400879,0.337768555,0.105834961,0.1875,-0.28515625,0.02734375,0.765625,-6.203125,-7.09375,0.060546875,0.59375,-0.421875
1760,17471684,17771684,-0.147521973,-0.923278809,0.337402344,0.109191895,0.1875,-0.0234375,0.39453125,0.921875,-6.1953125,-7.078125,0.060546875,0.59375,-0.421875
1761,17482724,17782724,-0.146606445,-0.923217773,0.336914062,0.112487793,0.1875,-0.0234375,0.39453125,0.921875,-6.1953125,-7.078125,0.013671875,0.55078125,-0.392578125
1762,17487159,17787159,-0.145751953,-0.923217773,0.336242676,0.115661621,0.21484375,0.3984375,0.453125,1.046875,-6.1953125,-7.0625,0.013671875,0.55078125,-0.392578125
1763,17499194,17799194,-0.145080566,-0.923217773,0.335571289,0.118408203,0.21484375,0.3984375,0.453125,1.046875,-6.1953125,-7.0625,-0.04296875,0.451171875,-0.302734375
1764,17504209,17804209,-0.14453125,-0.923217773,0.334899902,0.120788574,0.171875,0.2734375,0.4453125,1.1640625,-6.1875,-7.0546875,-0.04296875,0.451171875,-0.302734375
1765,17518844,17818844,-0.144042969,-0.923339844,0.334106445,0.122619629,0.171875,0.2734375,0.4453125,1.1640625,-6.1875,-7.0546875,-0.103515625,0.294921875,-0.216796875
1766,17524822,17824822,-0.143615723,-0.923522949,0.333251953,0.124084473,-0.02734375,0.2890625,0.33203125,1.25,-6.1640625,-7.0546875,-0.103515625,0.294921875,-0.216796875
1767,17538754,17838754,-0.143249512,-0.92376709,0.332397461,0.125,-0.02734375,0.2890625,0.33203125,1.25,-6.1640625,-7.0546875,-0.15234375,0.138671875,-0.12890625
1768,17551325,17851325,-0.143066406,-0.92401123,0.331542969,0.125610352,0.0390625,0.03515625,-0.12109375,1.296875,-6.140625,-7.0625,-0.15234375,0.138671875,-0.12890625
1769,17562803,17862803,-0.143005371,-0.924316406,0.330749512,0.125915527,0.0390625,0.03515625,-0.12109375,1.296875,-6.140625,-7.0625,-0.150390625,0.03125,-0.03125
1770,17567677,17867677,-0.143066406,-0.924499512,0.330078125,0.125793457,-0.13671875,-0.29296875,-0.33203125,1.3203125,-6.1171875,-7.078125,-0.150390625,0.03125,-0.03125
1771,17578417,17878417,-0.143188477,-0.924743652,0.329650879,0.125305176,-0.13671875,-0.29296875,-0.33203125,1.3203125,-6.1171875,-7.078125,-0.103515625,-0.115234375,0.064453125
1772,17584220,17884220,-0.143371582,-0.924926758,0.329345703,0.124389648,-0.3203125,-0.38671875,-0.47265625,1.3125,-6.1015625,-7.09375,-0.103515625,-0.115234375,0.064453125
1773,17597770,17897770,-0.143737793,-0.925109863,0.329162598,0.123046875,-0.3203125,-0.38671875,-0.47265625,1.3125,-6.1015625,-7.09375,-0.091796875,-0.263671875,0.158203125
1774,17603736,17903736,-0.144104004,-0.925354004,0.329040527,0.121337891,-0.47265625,-0.5078125,-0.6796875,1.2734375,-6.09375,-7.1171875,-0.091796875,-0.263671875,0.158203125
1775,17617647,17917647,-0.144592285,-0.925537109,0.328979492,0.11920166,-0.47265625,-0.5078125,-0.6796875,1.2734375,-6.09375,-7.1171875,-0.111328125,-0.3984375,0.24609375
1776,17628220,17928220,-0.145202637,-0.92578125,0.328979492,0.116760254,-0.4765625,-0.59375,-0.9296875,1.203125,-6.0859375,-7.1328125,-0.111328125,-0.3984375,0.24609375
1777,17641383,17941383,-0.145874023,-0.925964355,0.329162598,0.114013672,-0.4765625,-0.59375,-0.9296875,1.203125,-6.0859375,-7.1328125,-0.064453125,-0.4921875,0.328125
1778,17645850,17945850,-0.146606445,-0.926086426,0.329467773,0.11114502,-0.4140625,-0.79296875,-1.0234375,1.1015625,-6.078125,-7.15625,-0.064453125,-0.4921875,0.328125
1779,17656660,17956660,-0.147460938,-0.926147461,0.32989502,0.107971191,-0.4140625,-0.79296875,-1.0234375,1.1015625,-6.078125,-7.15625,-0.021484375,-0.55078125,0.380859375
1780,17667060,17967060,-0.148376465,-0.926147461,0.330505371,0.104675293,-0.296875,-0.87109375,-0.9296875,0.984375,-6.078125,-7.171875,-0.021484375,-0.55078125,0.380859375
1781,17676943,17976943,-0.149353027,-0.926147461,0.331237793,0.101196289,-0.296875,-0.87109375,-0.9296875,0.984375,-6.078125,-7.171875,0.01953125,-0.615234375,0.447265625
1782,17684257,17984257,-0.150390625,-0.926086426,0.331970215,0.09765625,-0.3203125,-0.9375,-0.84375,0.8515625,-6.0859375,-7.1796875,0.01953125,-0.615234375,0.447265625
1783,17700596,18000596,-0.151611328,-0.925964355,0.332885742,0.0936889648,-0.3203125,-0.9375,-0.84375,0.8515625,-6.0859375,-7.1796875,0.037109375,-0.677734375,0.51171875
1784,17710619,18010619,-0.152832031,-0.92578125,0.333862305,0.0897827148,-0.32421875,-0.9296875,-0.72265625,0.703125,-6.09375,-7.1875,0.037109375,-0.677734375,0.51171875
1785,17720949,18020949,-0.15411377,-0.925598145,0.334960938,0.0853881836,-0.32421875,-0.9296875,-0.72265625,0.703125,-6.09375,-7.1875,0.06640625,-0.755859375,0.556640625
1786,17725591,18025591,-0.155395508,-0.925415039,0.33605957,0.0811767578,-0.265625,-0.76171875,-0.75390625,0.53125,-6.109375,-7.1953125,0.06640625,-0.755859375,0.556640625
1787,17740497,18040497,-0.156860352,-0.925109863,0.337158203,0.0766601562,-0.265625,-0.76171875,-0.75390625,0.53125,-6.109375,-7.1953125,0.0625,-0.73046875,0.58984375
1788,17744106,18044106,-0.158325195,-0.924804688,0.338195801,0.0725708008,0.06640625,-0.43359375,-0.37890625,0.3515625,-6.1328125,-7.1875,0.0625,-0.73046875,0.58984375
1789,17758136,18058136,-0.159973145,-0.924499512,0.339294434,0.0681762695,0.06640625,-0.43359375,-0.37890625,0.3515625,-6.1328125,-7.1875,0.052734375,-0.697265625,0.615234375
1790,17762919,18062919,-0.161682129,-0.924133301,0.340270996,0.0638427734,0.16015625,-0.1875,-0.1015625,0.1796875,-6.1484375,-7.1953125,0.052734375,-0.697265625,0.615234375
1791,17780464,18080464,-0.163391113,-0.92376709,0.341247559,0.0594482422,0.16015625,-0.1875,-0.1015625,0.1796875,-6.1484375,-7.1953125,0.029296875,-0.73828125,0.654296875
1792,17789789,18089789,-0.165100098,-0.923400879,0.342102051,0.0550537109,0.1875,0.01171875,0.1953125,0,-6.15625,-7.1875,0.029296875,-0.73828125,0.654296875
1793,17799900,18099900,-0.166992188,-0.923034668,0.342956543,0.0503540039,0.1875,0.01171875,0.1953125,0,-6.15625,-7.1875,0.00390625,-0.771484375,0.71484375
1794,17803502,18103502,-0.169006348,-0.922607422,0.343811035,0.0454711914,0.3828125,0.04296875,0.3125,-0.1953125,-6.1484375,-7.1875,0.00390625,-0.771484375,0.71484375
1795,17819832,18119832,-0.171203613,-0.922058105,0.344665527,0.0404052734,0.3828125,0.04296875,0.3125,-0.1953125,-6.1484375,-7.1875,0.005859375,-0.8046875,0.76953125
1796,17823437,18123437,-0.173278809,-0.921569824,0.345581055,0.0354614258,0.44140625,0.12890625,0.37890625,-0.40625,-6.15625,-7.1796875,0.005859375,-0.8046875,0.76953125
1797,17838227,18138227,-0.175598145,-0.920959473,0.346557617,0.030090332,0.44140625,0.12890625,0.37890625,-0.40625,-6.15625,-7.1796875,0.025390625,-0.84765625,0.806640625
1798,17843025,18143025,-0.17779541,-0.920349121,0.34753418,0.0249023438,0.46875,0.12109375,0.41015625,-0.625,-6.1484375,-7.171875,0.025390625,-0.84765625,0.806640625
1799,17859488,18159488,-0.180114746,-0.919616699,0.348571777,0.0189819336,0.46875,0.12109375,0.41015625,-0.625,-6.1484375,-7.171875,0.01171875,-0.951171875,0.84375
1800,17867789,18167789,-0.182250977,-0.918945312,0.349487305,0.0133056641,0.390625,0.37890625,0.35546875,-0.8515625,-6.140625,-7.15625,0.01171875,-0.951171875,0.84375
1801,17877903,18177903,-0.184387207,-0.918273926,0.350219727,0.00720214844,0.390625,0.37890625,0.35546875,-0.8515625,-6.140625,-7.15625,-0.0625,-1.02929688,0.861328125
1802,17882687,18182687,-0.186523438,-0.917663574,0.350891113,0.000671386719,0.5546875,0.6328125,0.41796875,-1.09375,-6.125,-7.140625,-0.0625,-1.02929688,0.861328125
1803,17898865,18198865,0.188781738,0.916931152,-0.3515625,0.00640869141,0.5546875,0.6328125,0.41796875,-1.09375,-6.125,-7.140625,-0.099609375,-1.16992188,0.921875
1804,17902464,18202464,0.190795898,0.91619873,-0.352172852,0.0134277344,0.3203125,0.32421875,0.05859375,-1.359375,-6.0859375,-7.125,-0.099609375,-1.16992188,0.921875
1805,17917712,18217712,0.192871094,0.915283203,-0.352966309,0.0213012695,0.3203125,0.32421875,0.05859375,-1.359375,-6.0859375,-7.125,-0.068359375,-1.33007812,0.943359375
1806,17923437,18223437,0.194702148,0.914367676,-0.353881836,0.0288696289,0.08203125,0.01953125,0.02734375,-1.65625,-6.046875,-7.09375,-0.068359375,-1.33007812,0.943359375
1807,17939231,18239231,0.196533203,0.913208008,-0.354980469,0.0372314453,0.08203125,0.01953125,0.02734375,-1.65625,-6.046875,-7.09375,-0.005859375,-1.4140625,0.921875
1808,17947198,18247198,0.198120117,0.91204834,-0.356140137,0.0450439453,0.1484375,0.01953125,-0.12109375,-1.953125,-6.0078125,-7.0625,-0.005859375,-1.4140625,0.921875
1809,17958058,18258058,0.199645996,0.910705566,-0.357543945,0.0539550781,0.1484375,0.01953125,-0.12109375,-1.953125,-6.0078125,-7.0625,0.01171875,-1.51953125,0.900390625
1810,17961656,18261656,0.200866699,0.909423828,-0.358764648,0.0621337891,-0.02734375,0.0546875,-0.18359375,-2.2734375,-5.96875,-7,0.01171875,-1.51953125,0.900390625
1811,17980121,18280121,0.202087402,0.907897949,-0.360229492,0.0715332031,-0.02734375,0.0546875,-0.18359375,-2.2734375,-5.96875,-7,0.0078125,-1.65429688,0.900390625
1812,17983715,18283715,0.203125,0.906311035,-0.361633301,0.0806884766,-0.04296875,0.140625,-0.375,-2.6015625,-5.9375,-6.921875,0.0078125,-1.65429688,0.900390625
1813,17997274,18297274,0.204101562,0.904724121,-0.363098145,0.0896606445,-0.04296875,0.140625,-0.375,-2.6015625,-5.9375,-6.921875,0.0546875,-1.74804688,0.916015625
1814,18003781,18303781,0.20513916,0.902709961,-0.364868164,0.0993652344,-0.17578125,0.09375,-0.35546875,-2.9296875,-5.890625,-6.828125,0.0546875,-1.74804688,0.916015625
1815,18019962,18319962,0.206176758,0.900512695,-0.366882324,0.109558105,-0.17578125,0.09375,-0.35546875,-2.9296875,-5.890625,-6.828125,0.146484375,-1.8359375,0.966796875
1816,18028304,18328304,0.207214355,0.898132324,-0.36895752,0.119445801,0,-0.109375,-0.296875,-3.296875,-5.84375,-6.6953125,0.146484375,-1.8359375,0.966796875
1817,18036786,18336786,0.208190918,0.895751953,-0.371032715,0.128967285,0,-0.109375,-0.296875,-3.296875,-5.84375,-6.6953125,0.1953125,-1.83398438,0.94140625
1818,18042503,18342503,0.209106445,0.893066406,-0.373291016,0.139099121,-0.0390625,-0.15625,-0.16796875,-3.640625,-5.796875,-6.5546875,0.1953125,-1.83398438,0.94140625
1819,18059424,18359424,0.209899902,0.89050293,-0.375244141,0.14855957,-0.0390625,-0.15625,-0.16796875,-3.640625,-5.796875,-6.5546875,0.154296875,-1.79492188,0.900390625
1820,18063030,18363030,0.210632324,0.888000488,-0.377075195,0.157653809,-0.03125,0.03515625,-0.21875,-3.9921875,-5.7578125,-6.390625,0.154296875,-1.79492188,0.900390625
1821,18078953,18378953,0.211425781,0.885253906,-0.378967285,0.167480469,-0.03125,0.03515625,-0.21875,-3.9921875,-5.7578125,-6.390625,0.138671875,-1.7578125,0.892578125
1822,18083240,18383240,0.212097168,0.8828125,-0.380432129,0.175964355,0.06640625,0.203125,-0.03515625,-4.3203125,-5.6953125,-6.2265625,0.138671875,-1.7578125,0.892578125
1823,18099506,18399506,0.21270752,0.880187988,-0.381774902,0.185058594,0.06640625,0.203125,-0.03515625,-4.3203125,-5.6953125,-6.2265625,0.037109375,-1.60351562,0.822265625
1824,18109175,18409175,0.213317871,0.877807617,-0.3828125,0.193481445,0.1328125,0.02734375,-0.0859375,-4.6171875,-5.6328125,-6.0625,0.037109375,-1.60351562,0.822265625
1825,18119569,18419569,0.213928223,0.875427246,-0.383789062,0.201416016,0.1328125,0.02734375,-0.0859375,-4.6171875,-5.6328125,-6.0625,0.044921875,-1.49414062,0.787109375
1826,18124618,18424618,0.214538574,0.872924805,-0.384887695,0.209472656,-0.12890625,-0.390625,0.08203125,-4.890625,-5.5625,-5.921875,0.044921875,-1.49414062,0.787109375
1827,18138608,18438608,0.215209961,0.870483398,-0.385986328,0.21673584,-0.12890625,-0.390625,0.08203125,-4.890625,-5.5625,-5.921875,0.1328125,-1.34765625,0.72265625
1828,18142344,18442344,0.215881348,0.868041992,-0.387268066,0.223388672,0.15625,-0.375,0.125,-5.140625,-5.5,-5.7734375,0.1328125,-1.34765625,0.72265625
1829,18155706,18455706,0.216674805,0.865539551,-0.388671875,0.229980469,0.15625,-0.375,0.125,-5.140625,-5.5,-5.7734375,0.19140625,-1.16992188,0.638671875
1830,18161699,18461699,0.217285156,0.86315918,-0.390014648,0.235778809,0.19140625,0.0703125,0.2421875,-5.3671875,-5.4453125,-5.625,0.19140625,-1.16992188,0.638671875
1831,18178139,18478139,0.217834473,0.860961914,-0.391357422,0.241027832,0.19140625,0.0703125,0.2421875,-5.3671875,-5.4453125,-5.625,0.181640625,-0.98828125,0.505859375
1832,18186349,18486349,0.218200684,0.859130859,-0.392456055,0.245544434,0.2578125,0.296875,0.37109375,-5.546875,-5.40625,-5.484375,0.181640625,-0.98828125,0.505859375
1833,18195052,18495052,0.218505859,0.857421875,-0.393310547,0.249816895,0.2578125,0.296875,0.37109375,-5.546875,-5.40625,-5.484375,0.080078125,-0.794921875,0.390625
1834,18201041,18501041,0.218688965,0.855834961,-0.393981934,0.25390625,0.24609375,0.41015625,0.40625,-5.6875,-5.3671875,-5.3671875,0.080078125,-0.794921875,0.390625
1835,18217961,18517961,0.21887207,0.854492188,-0.39453125,0.257507324,0.24609375,0.41015625,0.40625,-5.6875,-5.3671875,-5.3671875,0.064453125,-0.662109375,0.33984375
1836,18221696,18521696,0.219116211,0.853271484,-0.395080566,0.260498047,0.36328125,0.14453125,0.3984375,-5.8046875,-5.328125,-5.28125,0.064453125,-0.662109375,0.33984375
1837,18234444,18534444,0.219482422,0.851989746,-0.395690918,0.263366699,0.36328125,0.14453125,0.3984375,-5.8046875,-5.328125,-5.28125,0.095703125,-0.486328125,0.28125
1838,18240446,18540446,0.219787598,0.850952148,-0.396240234,0.265686035,0.33203125,0.38671875,0.203125,-5.890625,-5.3046875,-5.203125,0.095703125,-0.486328125,0.28125
1839,18257582,18557582,0.220031738,0.850036621,-0.396789551,0.267578125,0.33203125,0.38671875,0.203125,-5.890625,-5.3046875,-5.203125,0.0703125,-0.34375,0.1796875
1840,18265338,18565338,0.220153809,0.849365234,-0.397094727,0.269104004,0.2109375,0.6015625,0.33984375,-5.9609375,-5.2890625,-5.1484375,0.0703125,-0.34375,0.1796875
1841,18274070,18574070,0.220092773,0.848876953,-0.397277832,0.270446777,0.2109375,0.6015625,0.33984375,-5.9609375,-5.2890625,-5.1484375,0,-0.23046875,0.0859375
1842,18280051,18580051,0.219970703,0.848510742,-0.397399902,0.27142334,0.10546875,0.31640625,0.30078125,-6.0078125,-5.2734375,-5.109375,0,-0.23046875,0.0859375
1843,18298074,18598074,0.219909668,0.848205566,-0.397583008,0.272216797,0.10546875,0.31640625,0.30078125,-6.0078125,-5.2734375,-5.109375,0.025390625,-0.12890625,0.03515625
1844,18302317,18602317,0.219848633,0.848022461,-0.397766113,0.272583008,0.20703125,0.234375,0.2421875,-6.03125,-5.265625,-5.0859375,0.025390625,-0.12890625,0.03515625
1845,18313172,18613172,0.219787598,0.847900391,-0.398010254,0.272644043,0.20703125,0.234375,0.2421875,-6.03125,-5.265625,-5.0859375,0.044921875,-0.005859375,-0.015625
1846,18320950,18620950,0.219787598,0.847839355,-0.398193359,0.272521973,0.17578125,0.39453125,0.2265625,-6.0390625,-5.2734375,-5.0703125,0.044921875,-0.005859375,-0.015625
1847,18335227,18635227,0.219787598,0.847961426,-0.398254395,0.272094727,0.17578125,0.39453125,0.2265625,-6.0390625,-5.2734375,-5.0703125,0.015625,0.083984375,-0.037109375
1848,18343822,18643822,0.219848633,0.848144531,-0.398254395,0.27154541,0.12890625,0.39453125,0.1953125,-6.03125,-5.2734375,-5.078125,0.015625,0.083984375,-0.037109375
1849,18355188,18655188,0.219909668,0.848449707,-0.398071289,0.270751953,0.12890625,0.39453125,0.1953125,-6.03125,-5.2734375,-5.078125,-0.0234375,0.189453125,-0.078125
1850,18359996,18659996,0.219909668,0.848876953,-0.397888184,0.269714355,-0.0078125,0.36328125,0.0859375,-6.0078125,-5.28125,-5.0859375,-0.0234375,0.189453125,-0.078125
1851,18374925,18674925,0.219848633,0.84942627,-0.397583008,0.268432617,-0.0078125,0.36328125,0.0859375,-6.0078125,-5.28125,-5.0859375,-0.0390625,0.28515625,-0.12109375
1852,18379713,18679713,0.219909668,0.850036621,-0.397277832,0.266906738,-0.00390625,0.140625,0.1171875,-5.9765625,-5.2890625,-5.1171875,-0.0390625,0.28515625,-0.12109375
1853,18395591,18695591,0.219970703,0.850769043,-0.396911621,0.265075684,-0.00390625,0.140625,0.1171875,-5.9765625,-5.2890625,-5.1171875,-0.02734375,0.400390625,-0.1484375
1854,18399192,18699192,0.220153809,0.851501465,-0.39654541,0.263000488,0.02734375,-0.03515625,0.1640625,-5.9296875,-5.3046875,-5.1640625,-0.02734375,0.400390625,-0.1484375
1855,18415714,18715714,0.220336914,0.852478027,-0.396118164,0.260375977,0.02734375,-0.03515625,0.1640625,-5.9296875,-5.3046875,-5.1640625,-0.029296875,0.55078125,-0.19921875
1856,18424347,18724347,0.22052002,0.853515625,-0.395629883,0.257568359,0.03515625,-0.0546875,0.296875,-5.859375,-5.3203125,-5.21875,-0.029296875,0.55078125,-0.19921875
1857,18435717,18735717,0.22076416,0.854797363,-0.395019531,0.253967285,0.03515625,-0.0546875,0.296875,-5.859375,-5.3203125,-5.21875,-0.033203125,0.759765625,-0.28125
1858,18439316,18739316,0.221069336,0.856201172,-0.39440918,0.250061035,0.09375,-0.234375,0.14453125,-5.765625,-5.3359375,-5.296875,-0.033203125,0.759765625,-0.28125
1859,18453444,18753444,0.221374512,0.857849121,-0.393798828,0.244995117,0.09375,-0.234375,0.14453125,-5.765625,-5.3359375,-5.296875,0.01953125,1.02734375,-0.38671875
1860,18459615,18759615,0.221801758,0.85949707,-0.393249512,0.239562988,-0.0078125,-0.1953125,0.015625,-5.625,-5.375,-5.3984375,0.01953125,1.02734375,-0.38671875
1861,18474538,18774538,0.222351074,0.86126709,-0.392700195,0.233581543,-0.0078125,-0.1953125,0.015625,-5.625,-5.375,-5.3984375,0.08203125,1.22460938,-0.451171875
1862,18481992,18781992,0.222900391,0.86315918,-0.392211914,0.226928711,-0.171875,-0.0625,-0.01171875,-5.4609375,-5.4296875,-5.5234375,0.08203125,1.22460938,-0.451171875
1863,18493932,18793932,0.223327637,0.864990234,-0.391723633,0.220092773,-0.171875,-0.0625,-0.01171875,-5.4609375,-5.4296875,-5.5234375,0.0859375,1.38867188,-0.552734375
1864,18502504,18802504,0.223693848,0.86706543,-0.391052246,0.21270752,-0.22265625,0.15234375,0.04296875,-5.2578125,-5.4921875,-5.65625,0.0859375,1.38867188,-0.552734375
1865,18514855,18814855,0.223876953,0.869262695,-0.390319824,0.204833984,-0.22265625,0.15234375,0.04296875,-5.2578125,-5.4921875,-5.65625,0.0546875,1.55273438,-0.689453125
1866,18522001,18822001,0.223876953,0.871520996,-0.389465332,0.196655273,-0.15234375,0.26171875,0.0703125,-5.0234375,-5.5625,-5.796875,0.0546875,1.55273438,-0.689453125
1867,18536910,18836910,0.223693848,0.874023438,-0.388366699,0.187561035,-0.15234375,0.26171875,0.0703125,-5.0234375,-5.5625,-5.796875,0,1.70703125,-0.818359375
1868,18540648,18840648,0.223327637,0.876525879,-0.387207031,0.178588867,0.07421875,0.33984375,0.1484375,-4.75,-5.640625,-5.953125,0,1.70703125,-0.818359375
1869,18554477,18854477,0.22277832,0.879089355,-0.385925293,0.169250488,0.07421875,0.33984375,0.1484375,-4.75,-5.640625,-5.953125,-0.037109375,1.78125,-0.927734375
1870,18560918,18860918,0.221984863,0.881713867,-0.384521484,0.159667969,0.03515625,0.49609375,0.078125,-4.4453125,-5.71875,-6.109375,-0.037109375,1.78125,-0.927734375
1871,18574890,18874890,0.221008301,0.884521484,-0.382751465,0.149230957,0.03515625,0.49609375,0.078125,-4.4453125,-5.71875,-6.109375,-0.126953125,1.90039062,-1.04101562
1872,18582080,18882080,0.219909668,0.887268066,-0.38079834,0.139160156,0.11328125,0.640625,0.125,-4.1015625,-5.7890625,-6.2734375,-0.126953125,1.90039062,-1.04101562
1873,18595101,18895101,0.218444824,0.890319824,-0.378417969,0.127929688,0.11328125,0.640625,0.125,-4.1015625,-5.7890625,-6.2734375,-0.197265625,1.9921875,-1.15039062
1874,18598833,18898833,0.216918945,0.893066406,-0.376281738,0.117553711,-0.19140625,0.3671875,0.14453125,-3.71875,-5.859375,-6.4453125,-0.197265625,1.9921875,-1.15039062
1875,18613913,18913913,0.215026855,0.895690918,-0.374267578,0.106933594,-0.19140625,0.3671875,0.14453125,-3.71875,-5.859375,-6.4453125,-0.1171875,1.8515625,-1.20898438
1876,18619901,18919901,0.212768555,0.89831543,-0.372253418,0.0960693359,-0.078125,0.4609375,0.140625,-3.3359375,-5.9140625,-6.59375,-0.1171875,1.8515625,-1.20898438
1877,18633993,18933993,0.210632324,0.90057373,-0.370361328,0.0863037109,-0.078125,0.4609375,0.140625,-3.3359375,-5.9140625,-6.59375,-0.15234375,1.74023438,-1.1953125
1878,18640445,18940445,0.208435059,0.902709961,-0.368408203,0.0770874023,0.18359375,0.79296875,0.1953125,-2.9453125,-5.9765625,-6.7265625,-0.15234375,1.74023438,-1.1953125
1879,18652740,18952740,0.206115723,0.904785156,-0.366394043,0.0678100586,0.18359375,0.79296875,0.1953125,-2.9453125,-5.9765625,-6.7265625,-0.1875,1.58789062,-1.1484375
1880,18666289,18966289,0.203735352,0.906921387,-0.364196777,0.0583496094,0.7421875,0.4765625,0.07421875,-2.5859375,-6.0078125,-6.8359375,-0.1875,1.58789062,-1.1484375
1881,18675812,18975812,0.201538086,0.908630371,-0.362304688,0.0498657227,0.7421875,0.4765625,0.07421875,-2.5859375,-6.0078125,-6.8359375,-0.140625,1.53125,-1.11328125
1882,18679538,18979538,0.199157715,0.91027832,-0.360595703,0.0411987305,0.69921875,0.01171875,0.3671875,-2.234375,-6.0390625,-6.9375,-0.140625,1.53125,-1.11328125
1883,18694943,18994943,0.196472168,0.911743164,-0.359313965,0.0321044922,0.69921875,0.01171875,0.3671875,-2.234375,-6.0390625,-6.9375,0.04296875,1.36328125,-1.109375
1884,18698678,18998678,0.193969727,0.912780762,-0.358581543,0.0245361328,0.6171875,-0.29296875,0.23828125,-1.8828125,-6.078125,-7,0.04296875,1.36328125,-1.109375
1885,18716262,19016262,0.191040039,0.913818359,-0.357971191,0.0159912109,0.6171875,-0.29296875,0.23828125,-1.8828125,-6.078125,-7,0.18359375,1.37304688,-1.15234375
1886,18720081,19020081,0.188354492,0.914672852,-0.35760498,0.00744628906,0.80078125,0.02734375,0.5078125,-1.5703125,-6.1328125,-7.0390625,0.18359375,1.37304688,-1.15234375
1887,18732527,19032527,-0.18560791,-0.915466309,0.356933594,0.000915527344,0.80078125,0.02734375,0.5078125,-1.5703125,-6.1328125,-7.0390625,0.06640625,1.30273438,-1.09570312
1888,18741924,19041924,-0.182983398,-0.916259766,0.356140137,0.00885009766,0.65625,0.2734375,0.4765625,-1.234375,-6.1875,-7.046875,0.06640625,1.30273438,-1.09570312
1889,18753191,19053191,-0.180358887,-0.916931152,0.35559082,0.016784668,0.65625,0.2734375,0.4765625,-1.234375,-6.1875,-7.046875,0.169921875,1.25585938,-1.06054688
1890,18759164,19059164,-0.17755127,-0.917541504,0.355041504,0.0244750977,0.4140625,0.15234375,0.2265625,-0.9140625,-6.21875,-7.0625,0.169921875,1.25585938,-1.06054688
1891,18771803,19071803,-0.174926758,-0.91809082,0.354309082,0.0309448242,0.4140625,0.15234375,0.2265625,-0.9140625,-6.21875,-7.0625,0.041015625,0.99609375,-0.982421875
1892,18777797,19077797,-0.172241211,-0.918762207,0.35333252,0.0369873047,0.015625,0.26171875,-0.15625,-0.6328125,-6.25,-7.0625,0.041015625,0.99609375,-0.982421875
1893,18795193,19095193,-0.169799805,-0.919372559,0.352233887,0.0426025391,0.015625,0.26171875,-0.15625,-0.6328125,-6.25,-7.0625,-0.046875,0.94921875,-0.890625
1894,18798925,19098925,-0.167541504,-0.91998291,0.351013184,0.0485839844,0.1484375,0.26953125,-0.07421875,-0.3828125,-6.2578125,-7.0703125,-0.046875,0.94921875,-0.890625
1895,18811504,19111504,-0.165588379,-0.920471191,0.34967041,0.0547485352,0.1484375,0.26953125,-0.07421875,-0.3828125,-6.2578125,-7.0703125,-0.052734375,0.98828125,-0.759765625
1896,18820616,19120616,-0.163879395,-0.920898438,0.348449707,0.0604248047,-0.16796875,-0.57421875,-0.36328125,-0.140625,-6.2578125,-7.0859375,-0.052734375,0.98828125,-0.759765625
1897,18831549,19131549,-0.162231445,-0.921264648,0.347229004,0.0658569336,-0.16796875,-0.57421875,-0.36328125,-0.140625,-6.2578125,-7.0859375,-0.05078125,0.89453125,-0.701171875
1898,18837518,19137518,-0.160522461,-0.921630859,0.346069336,0.0710449219,-0.13671875,-0.58203125,0.09375,0.09375,-6.25,-7.0859375,-0.05078125,0.89453125,-0.701171875
1899,18852730,19152730,-0.158813477,-0.92199707,0.344848633,0.0758056641,-0.13671875,-0.58203125,0.09375,0.09375,-6.25,-7.0859375,-0.0703125,0.775390625,-0.68359375
1900,18857769,19157769,-0.157104492,-0.922363281,0.34362793,0.0802612305,0.12109375,-0.17578125,-0.47265625,0.296875,-6.234375,-7.09375,-0.0703125,0.775390625,-0.68359375
1901,18871237,19171237,-0.155456543,-0.922729492,0.342285156,0.085144043,0.12109375,-0.17578125,-0.47265625,0.296875,-6.234375,-7.09375,-0.072265625,0.8046875,-0.623046875
1902,18877201,19177201,-0.154174805,-0.922851562,0.341247559,0.0899047852,0.234375,-0.35546875,-0.5390625,0.4921875,-6.2109375,-7.1015625,-0.072265625,0.8046875,-0.623046875
1903,18890802,19190802,-0.153076172,-0.922851562,0.340515137,0.0946655273,0.234375,-0.35546875,-0.5390625,0.4921875,-6.2109375,-7.1015625,0.064453125,0.814453125,-0.494140625
1904,18898212,19198212,-0.152160645,-0.922729492,0.340087891,0.0990600586,-0.03125,-1.12890625,0.09375,0.6796875,-6.203125,-7.0859375,0.064453125,0.814453125,-0.494140625
1905,18912876,19212876,-0.151245117,-0.922546387,0.339782715,0.102722168,-0.03125,-1.12890625,0.09375,0.6796875,-6.203125,-7.0859375,0.07421875,0.5625,-0.412109375
1906,18916600,19216600,-0.150268555,-0.922546387,0.339416504,0.105651855,-0.33203125,-0.9296875,-0.08203125,0.828125,-6.2109375,-7.0625,0.07421875,0.5625,-0.412109375
1907,18930024,19230024,-0.149291992,-0.922546387,0.338928223,0.108154297,-0.33203125,-0.9296875,-0.08203125,0.828125,-6.2109375,-7.0625,-0.009765625,0.3359375,-0.330078125
1908,18937752,19237752,-0.148376465,-0.922668457,0.338439941,0.110046387,-0.2890625,-0.32421875,-0.77734375,0.9375,-6.203125,-7.0546875,-0.009765625,0.3359375,-0.330078125
1909,18952699,19252699,-0.147644043,-0.922851562,0.33782959,0.111572266,-0.2890625,-0.32421875,-0.77734375,0.9375,-6.203125,-7.0546875,-0.0703125,0.228515625,-0.23046875
1910,18956420,19256420,-0.147155762,-0.922973633,0.337341309,0.112792969,-0.16796875,-0.33203125,-0.78515625,1.0078125,-6.1953125,-7.046875,-0.0703125,0.228515625,-0.23046875
1911,18972039,19272039,-0.146850586,-0.922973633,0.336914062,0.113952637,-0.16796875,-0.33203125,-0.78515625,1.0078125,-6.1953125,-7.046875,-0.01171875,0.171875,-0.099609375
1912,18981332,19281332,-0.146789551,-0.922973633,0.336791992,0.114685059,-0.30078125,-0.796875,-0.47265625,1.0625,-6.1875,-7.0546875,-0.01171875,0.171875,-0.099609375
1913,18992664,19292664,-0.146850586,-0.922912598,0.336914062,0.114990234,-0.30078125,-0.796875,-0.47265625,1.0625,-6.1875,-7.0546875,0.037109375,0.021484375,0.017578125
1914,18996395,19296395,-0.146972656,-0.922790527,0.337097168,0.114929199,-0.4296875,-0.8359375,-0.40234375,1.078125,-6.1875,-7.046875,0.037109375,0.021484375,0.017578125
1915,19012806,19312806,-0.147216797,-0.922668457,0.337463379,0.114379883,-0.4296875,-0.8359375,-0.40234375,1.078125,-6.1875,-7.046875,0.04296875,-0.125,0.12109375
1916,19016530,19316530,-0.147644043,-0.922607422,0.33782959,0.113464355,-0.375,-0.4765625,-0.51953125,1.0625,-6.203125,-7.046875,0.04296875,-0.125,0.12109375
1917,19032350,19332350,-0.148193359,-0.922546387,0.338134766,0.111999512,-0.375,-0.4765625,-0.51953125,1.0625,-6.203125,-7.046875,0,-0.26171875,0.224609375
1918,19036076,19336076,-0.148803711,-0.922546387,0.338500977,0.110351562,-0.25390625,-0.4296875,-0.47265625,1.015625,-6.2109375,-7.0546875,0,-0.26171875,0.224609375
1919,19053528,19353528,-0.149536133,-0.922546387,0.338867188,0.108154297,-0.25390625,-0.4296875,-0.47265625,1.015625,-6.2109375,-7.0546875,-0.021484375,-0.373046875,0.3046875
1920,19062381,19362381,-0.15032959,-0.922546387,0.339233398,0.105834961,-0.2109375,-0.23046875,-0.42578125,0.9375,-6.21875,-7.0625,-0.021484375,-0.373046875,0.3046875
1921,19074699,19374699,-0.151245117,-0.922607422,0.339538574,0.103210449,-0.2109375,-0.23046875,-0.42578125,0.9375,-6.21875,-7.0625,-0.04296875,-0.47265625,0.373046875
1922,19081827,19381827,-0.152282715,-0.922607422,0.33996582,0.100036621,-0.109375,-0.26953125,-0.41796875,0.8359375,-6.21875,-7.0703125,-0.04296875,-0.47265625,0.373046875
1923,19090258,19390258,-0.153320312,-0.922607422,0.340393066,0.0969238281,-0.109375,-0.26953125,-0.41796875,0.8359375,-6.21875,-7.0703125,-0.041015625,-0.56640625,0.451171875
1924,19096223,19396223,-0.154541016,-0.922607422,0.340881348,0.0932617188,0.05078125,-0.15234375,-0.36328125,0.7109375,-6.21875,-7.0859375,-0.041015625,-0.56640625,0.451171875
1925,19111560,19411560,-0.155944824,-0.922607422,0.341308594,0.0895996094,0.05078125,-0.15234375,-0.36328125,0.7109375,-6.21875,-7.0859375,-0.05078125,-0.607421875,0.525390625
1926,19116340,19416340,-0.157348633,-0.922546387,0.34173584,0.0859375,0.046875,-0.1171875,-0.01171875,0.5625,-6.21875,-7.09375,-0.05078125,-0.607421875,0.525390625
1927,19131407,19431407,-0.158996582,-0.922485352,0.342163086,0.0816650391,0.046875,-0.1171875,-0.01171875,0.5625,-6.21875,-7.09375,-0.083984375,-0.693359375,0.595703125
1928,19140721,19440721,-0.160461426,-0.922424316,0.342590332,0.0773925781,-0.09375,0.03125,-0.03515625,0.3984375,-6.2109375,-7.109375,-0.083984375,-0.693359375,0.595703125
1929,19152051,19452051,-0.16217041,-0.922363281,0.343078613,0.0723876953,-0.09375,0.03125,-0.03515625,0.3984375,-6.2109375,-7.109375,-0.103515625,-0.818359375,0.65625
1930,19155649,19455649,-0.163818359,-0.922302246,0.343444824,0.0675048828,-0.0234375,0.3359375,-0.05078125,0.2109375,-6.2109375,-7.1328125,-0.103515625,-0.818359375,0.65625
1931,19170429,19470429,-0.165710449,-0.922241211,0.34375,0.0618896484,-0.0234375,0.3359375,-0.05078125,0.2109375,-6.2109375,-7.1328125,-0.15625,-0.876953125,0.71875
1932,19178405,19478405,-0.167602539,-0.922180176,0.343933105,0.0564575195,0.1484375,0.3203125,-0.03515625,0,-6.1953125,-7.1484375,-0.15625,-0.876953125,0.71875
1933,19191484,19491484,-0.169616699,-0.922058105,0.344116211,0.0509033203,0.1484375,0.3203125,-0.03515625,0,-6.1953125,-7.1484375,-0.181640625,-0.90625,0.78515625
1934,19195090,19495090,-0.171691895,-0.921936035,0.344299316,0.0452880859,0.0234375,0.05859375,-0.0546875,-0.21875,-6.1640625,-7.1640625,-0.181640625,-0.90625,0.78515625
1935,19210781,19510781,-0.17401123,-0.921630859,0.344665527,0.0390014648,0.0234375,0.05859375,-0.0546875,-0.21875,-6.1640625,-7.1640625,-0.134765625,-1.00585938,0.86328125
1936,19218075,19518075,-0.176330566,-0.921203613,0.345214844,0.0325317383,-0.046875,-0.23046875,-0.1171875,-0.453125,-6.140625,-7.1796875,-0.134765625,-1.00585938,0.86328125
1937,19232782,19532782,-0.178527832,-0.920776367,0.345825195,0.0263671875,-0.046875,-0.23046875,-0.1171875,-0.453125,-6.140625,-7.1796875,-0.08203125,-1.078125,0.91015625
1938,19240216,19540216,-0.180908203,-0.920227051,0.346557617,0.0197753906,0.0859375,-0.33203125,0.00390625,-0.703125,-6.1171875,-7.1875,-0.08203125,-1.078125,0.91015625
1939,19250565,19550565,-0.183410645,-0.919555664,0.347229004,0.012878418,0.0859375,-0.33203125,0.00390625,-0.703125,-6.1171875,-7.1875,-0.080078125,-1.0703125,0.9375
1940,19256292,19556292,-0.185974121,-0.918884277,0.347900391,0.00592041016,0.20703125,-0.36328125,-0.15625,-0.9765625,-6.0859375,-7.1796875,-0.080078125,-1.0703125,0.9375
1941,19270221,19570221,0.188232422,0.918212891,-0.348449707,0.000671386719,0.20703125,-0.36328125,-0.15625,-0.9765625,-6.0859375,-7.1796875,-0.099609375,-1.19140625,0.9921875
1942,19278090,19578090,0.190795898,0.917358398,-0.349243164,0.00836181641,-0.015625,-0.2421875,-0.24609375,-1.25,-6.0546875,-7.1640625,-0.099609375,-1.19140625,0.9921875
1943,19290371,19590371,0.19317627,0.916381836,-0.350158691,0.0160522461,-0.015625,-0.2421875,-0.24609375,-1.25,-6.0546875,-7.1640625,-0.033203125,-1.31640625,1.00585938
1944,19299228,19599228,0.1953125,0.915344238,-0.351257324,0.0237426758,0.09765625,-0.1640625,-0.00390625,-1.5546875,-6.015625,-7.140625,-0.033203125,-1.31640625,1.00585938
1945,19310199,19610199,0.19732666,0.91418457,-0.352539062,0.0321044922,0.09765625,-0.1640625,-0.00390625,-1.5546875,-6.015625,-7.140625,0.005859375,-1.5078125,1.01367188
1946,19318847,19618847,0.19934082,0.912841797,-0.354003906,0.0415039062,0.109375,-0.34375,-0.05078125,-1.875,-5.9921875,-7.09375,0.005859375,-1.5078125,1.01367188
1947,19330370,19630370,0.201049805,0.911437988,-0.35534668,0.0504760742,0.109375,-0.34375,-0.05078125,-1.875,-5.9921875,-7.09375,0.0078125,-1.64257812,1.01367188
1948,19336088,19636088,0.202575684,0.91003418,-0.356750488,0.0594482422,0.19140625,-0.42578125,-0.234375,-2.2265625,-5.9453125,-7.0234375,0.0078125,-1.64257812,1.01367188
1949,19351676,19651676,0.204162598,0.90838623,-0.358398438,0.0689697266,0.19140625,-0.42578125,-0.234375,-2.2265625,-5.9453125,-7.0234375,0.078125,-1.6953125,0.994140625
1950,19358597,19658597,0.205627441,0.906555176,-0.360229492,0.0783691406,0.23046875,-0.3984375,0.03125,-2.5703125,-5.8984375,-6.9453125,0.078125,-1.6953125,0.994140625
1951,19368549,19668549,0.20715332,0.904418945,-0.362487793,0.087890625,0.23046875,-0.3984375,0.03125,-2.5703125,-5.8984375,-6.9453125,0.2421875,-1.68359375,0.9765625
1952,19378367,19678367,0.208618164,0.902099609,-0.365112305,0.0969848633,0.3203125,-0.4296875,-0.0390625,-2.9296875,-5.8671875,-6.8359375,0.2421875,-1.68359375,0.9765625
1953,19389273,19689273,0.209960938,0.899658203,-0.367919922,0.105773926,0.3203125,-0.4296875,-0.0390625,-2.9296875,-5.8671875,-6.8359375,0.36328125,-1.67578125,0.93359375
1954,19398359,19698359,0.211181641,0.897094727,-0.370788574,0.114685059,0.12109375,0.015625,0.125,-3.265625,-5.8515625,-6.6953125,0.36328125,-1.67578125,0.93359375
1955,19408331,19708331,0.212219238,0.89453125,-0.373596191,0.123413086,0.12109375,0.015625,0.125,-3.265625,-5.8515625,-6.6953125,0.32421875,-1.65820312,0.849609375
1956,19414301,19714301,0.213012695,0.892028809,-0.376098633,0.131958008,0.2578125,0.421875,0.046875,-3.59375,-5.8359375,-6.5390625,0.32421875,-1.65820312,0.849609375
1957,19428810,19728810,0.213745117,0.889587402,-0.378417969,0.140563965,0.2578125,0.421875,0.046875,-3.59375,-5.8359375,-6.5390625,0.216796875,-1.61132812,0.796875
1958,19437610,19737610,0.214416504,0.887268066,-0.380371094,0.148864746,0.30078125,0.8203125,-0.1484375,-3.90625,-5.8125,-6.3828125,0.216796875,-1.61132812,0.796875
1959,19450259,19750259,0.215026855,0.885009766,-0.381896973,0.156982422,0.30078125,0.8203125,-0.1484375,-3.90625,-5.8125,-6.3828125,0.09765625,-1.49023438,0.767578125
1960,19459068,19759068,0.215576172,0.882995605,-0.383178711,0.164306641,0.31640625,0.58984375,-0.01953125,-4.1875,-5.7734375,-6.2421875,0.09765625,-1.49023438,0.767578125
1961,19468455,19768455,0.216186523,0.88092041,-0.384338379,0.171630859,0.31640625,0.58984375,-0.01953125,-4.1875,-5.7734375,-6.2421875,0.060546875,-1.31445312,0.697265625
1962,19476592,19776592,0.216796875,0.87890625,-0.385375977,0.178710938,0.18359375,0.2265625,0.0078125,-4.4375,-5.71875,-6.1171875,0.060546875,-1.31445312,0.697265625
1963,19487859,19787859,0.217285156,0.877075195,-0.386352539,0.185241699,0.18359375,0.2265625,0.0078125,-4.4375,-5.71875,-6.1171875,0.048828125,-1.17578125,0.607421875
1964,19493836,19793836,0.217712402,0.875244141,-0.387329102,0.19128418,0.0703125,0.171875,0.04296875,-4.671875,-5.6640625,-6,0.048828125,-1.17578125,0.607421875
1965,19510131,19810131,0.218078613,0.873474121,-0.388244629,0.196838379,0.0703125,0.171875,0.04296875,-4.671875,-5.6640625,-6,0.083984375,-1.00195312,0.517578125
1966,19516619,19816619,0.218444824,0.871826172,-0.389160156,0.201660156,0.07421875,0.046875,0.15625,-4.8671875,-5.6171875,-5.8828125,0.083984375,-1.00195312,0.517578125
1967,19528849,19828849,0.21887207,0.870178223,-0.390197754,0.206481934,0.07421875,0.046875,0.15625,-4.8671875,-5.6171875,-5.8828125,0.123046875,-0.83984375,0.4296875
1968,19537379,19837379,0.219177246,0.868713379,-0.391174316,0.210449219,0.0390625,0.0546875,0.20703125,-5.0234375,-5.5859375,-5.78125,0.123046875,-0.83984375,0.4296875
1969,19549412,19849412,0.219360352,0.867248535,-0.392150879,0.214294434,0.0390625,0.0546875,0.20703125,-5.0234375,-5.5859375,-5.78125,0.109375,-0.6875,0.318359375
1970,19556374,19856374,0.219482422,0.866088867,-0.392944336,0.217407227,0.01953125,0.26171875,0.23046875,-5.15625,-5.5625,-5.6875,0.109375,-0.6875,0.318359375
1971,19568979,19868979,0.219421387,0.86505127,-0.393676758,0.220336914,0.01953125,0.26171875,0.23046875,-5.15625,-5.5625,-5.6875,0.06640625,-0.5234375,0.19921875
1972,19574012,19874012,0.219299316,0.864257812,-0.394226074,0.222595215,0,0.3984375,0.1953125,-5.25,-5.546875,-5.6171875,0.06640625,-0.5234375,0.19921875
1973,19590673,19890673,0.219177246,0.863525391,-0.394714355,0.22467041,0,0.3984375,0.1953125,-5.25,-5.546875,-5.6171875,0.037109375,-0.3515625,0.12109375
1974,19596967,19896967,0.219055176,0.863037109,-0.395019531,0.226074219,0.14453125,0.23046875,0.265625,-5.3203125,-5.53125,-5.5703125,0.037109375,-0.3515625,0.12109375
1975,19609515,19909515,0.219055176,0.862609863,-0.395324707,0.227111816,0.14453125,0.23046875,0.265625,-5.3203125,-5.53125,-5.5703125,0.029296875,-0.15625,0.068359375
1976,19617594,19917594,0.219116211,0.862426758,-0.395507812,0.227661133,0.18359375,0.26171875,0.234375,-5.359375,-5.5234375,-5.5390625,0.029296875,-0.15625,0.068359375
1977,19628521,19928521,0.219299316,0.862304688,-0.395568848,0.227783203,0.18359375,0.26171875,0.234375,-5.359375,-5.5234375,-5.5390625,0.01953125,0.033203125,0.029296875
1978,19634212,19934212,0.219543457,0.862365723,-0.395507812,0.227416992,0.23046875,0.26171875,0.2265625,-5.3671875,-5.5234375,-5.53125,0.01953125,0.033203125,0.029296875
1979,19649098,19949098,0.219848633,0.862548828,-0.395385742,0.22668457,0.23046875,0.26171875,0.2265625,-5.3671875,-5.5234375,-5.53125,0.00390625,0.216796875,-0.0234375
1980,19652818,19952818,0.220153809,0.862854004,-0.395141602,0.225524902,0.29296875,0.26171875,0.3125,-5.3515625,-5.5234375,-5.5390625,0.00390625,0.216796875,-0.0234375
1981,19668642,19968642,0.22052002,0.863342285,-0.394897461,0.223754883,0.29296875,0.26171875,0.3125,-5.3515625,-5.5234375,-5.5390625,0.001953125,0.3984375,-0.11328125
1982,19675607,19975607,0.22076416,0.864013672,-0.39453125,0.221679688,0.328125,0.26953125,0.37890625,-5.3125,-5.53125,-5.5703125,0.001953125,0.3984375,-0.11328125
1983,19687832,19987832,0.22088623,0.864868164,-0.394104004,0.218933105,0.328125,0.26953125,0.37890625,-5.3125,-5.53125,-5.5703125,-0.029296875,0.572265625,-0.224609375
1984,19696629,19996629,0.220947266,0.865905762,-0.393554688,0.215759277,0.328125,0.24609375,0.359375,-5.234375,-5.546875,-5.625,-0.029296875,0.572265625,-0.224609375
1985,19708662,20008662,0.220947266,0.86706543,-0.392883301,0.212158203,0.328125,0.24609375,0.359375,-5.234375,-5.546875,-5.625,-0.052734375,0.75,-0.34375
1986,19715322,20015322,0.220825195,0.868347168,-0.392150879,0.208251953,0.33984375,0.22265625,0.2734375,-5.1328125,-5.5625,-5.6953125,-0.052734375,0.75,-0.34375
1987,19728386,20028386,0.220703125,0.869995117,-0.391235352,0.203430176,0.33984375,0.22265625,0.2734375,-5.1328125,-5.5625,-5.6953125,-0.087890625,0.9375,-0.4296875
1988,19732110,20032110,0.220581055,0.871582031,-0.390258789,0.198547363,0.375,0.1484375,0.22265625,-4.9765625,-5.6015625,-5.796875,-0.087890625,0.9375,-0.4296875
1989,19747903,20047903,0.220458984,0.873413086,-0.389099121,0.192810059,0.375,0.1484375,0.22265625,-4.9765625,-5.6015625,-5.796875,-0.091796875,1.12890625,-0.505859375
1990,19754215,20054215,0.220397949,0.875305176,-0.387878418,0.186645508,0.2109375,0.02734375,0.140625,-4.8125,-5.6328125,-5.90625,-0.091796875,1.12890625,-0.505859375
1991,19767759,20067759,0.220275879,0.87713623,-0.38684082,0.180236816,0.2109375,0.02734375,0.140625,-4.8125,-5.6328125,-5.90625,-0.04296875,1.28515625,-0.5859375
1992,19777198,20077198,0.220092773,0.879089355,-0.385681152,0.173095703,0.26953125,0.07421875,0.14453125,-4.6015625,-5.6796875,-6.0234375,-0.04296875,1.28515625,-0.5859375
1993,19788511,20088511,0.219848633,0.881103516,-0.38458252,0.165771484,0.26953125,0.07421875,0.14453125,-4.6015625,-5.6796875,-6.0234375,-0.0546875,1.453125,-0.70703125
1994,19794203,20094203,0.219421387,0.883117676,-0.383239746,0.158203125,0.1796875,0.39453125,0.125,-4.359375,-5.734375,-6.15625,-0.0546875,1.453125,-0.70703125
1995,19805952,20105952,0.218811035,0.885498047,-0.381530762,0.149719238,0.1796875,0.39453125,0.125,-4.359375,-5.734375,-6.15625,-0.16015625,1.63867188,-0.8359375
1996,19812356,20112356,0.218017578,0.888183594,-0.379394531,0.140441895,0.0234375,0.3671875,-0.01171875,-4.0859375,-5.78125,-6.2890625,-0.16015625,1.63867188,-0.8359375
1997,19828217,20128217,0.217041016,0.890808105,-0.37689209,0.131286621,0.0234375,0.3671875,-0.01171875,-4.0859375,-5.78125,-6.2890625,-0.30078125,1.80078125,-0.947265625
1998,19834619,20134619,0.216003418,0.893554688,-0.374267578,0.121948242,-0.19140625,0.06640625,-0.1171875,-3.7578125,-5.828125,-6.453125,-0.30078125,1.80078125,-0.947265625
1999,19847619,20147619,0.214782715,0.896179199,-0.371643066,0.111999512,-0.19140625,0.06640625,-0.1171875,-3.7578125,-5.828125,-6.453125,-0.212890625,1.86132812,-1.02148438
2000,19855586,20155586,0.213500977,0.898498535,-0.369689941,0.102050781,-0.0078125,-0.3203125,-0.18359375,-3.40625,-5.859375,-6.6171875,-0.212890625,1.86132812,-1.02148438
2001,19867975,20167975,0.212036133,0.90057373,-0.368225098,0.0914916992,-0.0078125,-0.3203125,-0.18359375,-3.40625,-5.859375,-6.6171875,0.05078125,1.81054688,-1.09375
2002,19875225,20175225,0.210388184,0.902404785,-0.367126465,0.0816040039,0,0.23046875,0.01953125,-3.03125,-5.9140625,-6.7421875,0.05078125,1.81054688,-1.09375
2003,19887384,20187384,0.208374023,0.90435791,-0.365661621,0.071105957,0,0.23046875,0.01953125,-3.03125,-5.9140625,-6.7421875,-0.0546875,1.83984375,-1.22265625
2004,19893854,20193854,0.205993652,0.906433105,-0.363586426,0.0607299805,0.46875,0.63671875,0.15234375,-2.65625,-5.9765625,-6.8359375,-0.0546875,1.83984375,-1.22265625
2005,19906616,20206616,0.20324707,0.908752441,-0.361022949,0.049987793,0.46875,0.63671875,0.15234375,-2.65625,-5.9765625,-6.8359375,-0.248046875,1.80273438,-1.32421875
2006,19912085,20212085,0.200256348,0.910949707,-0.358398438,0.0396118164,0.32421875,-0.01171875,-0.07421875,-2.2421875,-6.015625,-6.953125,-0.248046875,1.80273438,-1.32421875
2007,19929228,20229228,0.197387695,0.912780762,-0.356323242,0.0302124023,0.32421875,-0.01171875,-0.07421875,-2.2421875,-6.015625,-6.953125,-0.09765625,1.65429688,-1.2890625
2008,19937692,20237692,0.194519043,0.914245605,-0.354858398,0.0206298828,0.61328125,-0.2578125,0.40234375,-1.84375,-6.0390625,-7.046875,-0.09765625,1.65429688,-1.2890625
2009,19946887,20246887,0.191833496,0.915283203,-0.353942871,0.0117797852,0.61328125,-0.2578125,0.40234375,-1.84375,-6.0390625,-7.046875,0.138671875,1.4140625,-1.13476562
2010,19953485,20253485,0.189208984,0.916137695,-0.353393555,0.00335693359,0.4453125,0.32421875,0.6796875,-1.484375,-6.0859375,-7.09375,0.138671875,1.4140625,-1.13476562
2011,19968243,20268243,-0.186279297,-0.916931152,0.352905273,0.00555419922,0.4453125,0.32421875,0.6796875,-1.484375,-6.0859375,-7.09375,0.18359375,1.359375,-1.1328125
2012,19971853,20271853,-0.18347168,-0.917602539,0.352355957,0.0133056641,0.5234375,0.34375,0.42578125,-1.140625,-6.140625,-7.109375,0.18359375,1.359375,-1.1328125
2013,19990868,20290868,-0.180297852,-0.918334961,0.35168457,0.0211791992,0.5234375,0.34375,0.42578125,-1.140625,-6.140625,-7.109375,0.0859375,1.1640625,-1.13476562
2014,19995739,20295739,-0.177124023,-0.919067383,0.350830078,0.0286865234,0.3671875,0.92578125,0.1953125,-0.828125,-6.1875,-7.109375,0.0859375,1.1640625,-1.13476562
2015,20005738,20305738,-0.17401123,-0.91986084,0.349609375,0.0361328125,0.3671875,0.92578125,0.1953125,-0.828125,-6.1875,-7.109375,-0.087890625,1.18164062,-1.109375
2016,20014598,20314598,-0.171203613,-0.920837402,0.347595215,0.0433349609,0.703125,1.5859375,0.28125,-0.515625,-6.1953125,-7.1171875,-0.087890625,1.18164062,-1.109375
2017,20026383,20326383,-0.168823242,-0.921813965,0.345214844,0.05078125,0.703125,1.5859375,0.28125,-0.515625,-6.1953125,-7.1171875,-0.21484375,1.32421875,-0.9765625
2018,20032203,20332203,-0.166748047,-0.922546387,0.343017578,0.05859375,0.54296875,0.45703125,0.3125,-0.203125,-6.1796875,-7.1484375,-0.21484375,1.32421875,-0.9765625
2019,20047450,20347450,-0.164978027,-0.923095703,0.341247559,0.0654296875,0.54296875,0.45703125,0.3125,-0.203125,-6.1796875,-7.1484375,-0.130859375,1.22265625,-0.857421875
2020,20051216,20351216,-0.163085938,-0.92364502,0.339233398,0.0720214844,0.0625,-0.33203125,0.5625,0.0859375,-6.15625,-7.171875,-0.130859375,1.22265625,-0.857421875
2021,20069211,20369211,-0.161010742,-0.924377441,0.337036133,0.0780029297,0.0625,-0.33203125,0.5625,0.0859375,-6.15625,-7.171875,-0.2578125,0.892578125,-0.7890625
2022,20075653,20375653,-0.158996582,-0.925109863,0.334777832,0.082824707,-0.0859375,-0.171875,0.234375,0.3515625,-6.125,-7.1875,-0.2578125,0.892578125,-0.7890625
2023,20087625,20387625,-0.157165527,-0.92578125,0.332580566,0.087097168,-0.0859375,-0.171875,0.234375,0.3515625,-6.125,-7.1875,-0.25390625,0.685546875,-0.6484375
2024,20096867,20396867,-0.155517578,-0.926269531,0.330932617,0.091003418,0.0234375,-0.87890625,-0.69140625,0.546875,-6.0703125,-7.21875,-0.25390625,0.685546875,-0.6484375
2025,20109232,20409232,-0.153808594,-0.926635742,0.329772949,0.094909668,0.0234375,-0.87890625,-0.69140625,0.546875,-6.0703125,-7.21875,-0.04296875,0.638671875,-0.603515625
2026,20114342,20414342,-0.151977539,-0.926818848,0.328857422,0.0989990234,-0.0625,-1.29296875,-0.796875,0.7109375,-6.0390625,-7.2265625,-0.04296875,0.638671875,-0.603515625
2027,20124347,20424347,-0.15032959,-0.926879883,0.328125,0.102966309,-0.0625,-1.29296875,-0.796875,0.7109375,-6.0390625,-7.2265625,0.01171875,0.669921875,-0.583984375
2028,20130313,20430313,-0.148864746,-0.926940918,0.327331543,0.106994629,0.03515625,-0.80078125,-0.8984375,0.8828125,-6.03125,-7.203125,0.01171875,0.669921875,-0.583984375
2029,20145624,20445624,-0.147705078,-0.926940918,0.326599121,0.110900879,0.03515625,-0.80078125,-0.8984375,0.8828125,-6.03125,-7.203125,0.0234375,0.65234375,-0.451171875
2030,20152982,20452982,-0.146728516,-0.926879883,0.326049805,0.114379883,-0.16796875,-1.19140625,-0.953125,1.046875,-6.0234375,-7.1875,0.0234375,0.65234375,-0.451171875
2031,20164152,20464152,-0.145812988,-0.926818848,0.325500488,0.117675781,-0.16796875,-1.19140625,-0.953125,1.046875,-6.0234375,-7.1875,0.017578125,0.501953125,-0.36328125
2032,20172610,20472610,-0.144958496,-0.926757812,0.325012207,0.120361328,-0.41796875,-1.15234375,-0.77734375,1.1796875,-6.0234375,-7.171875,0.017578125,0.501953125,-0.36328125
2033,20188238,20488238,-0.144226074,-0.926696777,0.324523926,0.122741699,-0.41796875,-1.15234375,-0.77734375,1.1796875,-6.0234375,-7.171875,-0.0078125,0.3671875,-0.279296875
2034,20192361,20492361,-0.143615723,-0.926757812,0.324035645,0.124633789,-0.48046875,-0.85546875,-0.81640625,1.28125,-6.015625,-7.171875,-0.0078125,0.3671875,-0.279296875
2035,20205914,20505914,-0.143066406,-0.926757812,0.323547363,0.126220703,-0.48046875,-0.85546875,-0.81640625,1.28125,-6.015625,-7.171875,-0.033203125,0.2421875,-0.17578125
2036,20209635,20509635,-0.14276123,-0.926757812,0.323242188,0.127441406,-0.359375,-0.6796875,-0.74609375,1.3515625,-6,-7.1640625,-0.033203125,0.2421875,-0.17578125
2037,20227433,20527433,-0.14263916,-0.926696777,0.323120117,0.128479004,-0.359375,-0.6796875,-0.74609375,1.3515625,-6,-7.1640625,0.044921875,0.16796875,-0.0625
2038,20231169,20531169,-0.14263916,-0.926513672,0.323242188,0.129272461,-0.20703125,-0.71875,-0.40234375,1.390625,-6,-7.1640625,0.044921875,0.16796875,-0.0625
2039,20244677,20544677,-0.142822266,-0.926330566,0.323547363,0.129882812,-0.20703125,-0.71875,-0.40234375,1.390625,-6,-7.1640625,0.078125,0.09375,0.025390625
2040,20253922,20553922,-0.143127441,-0.926086426,0.323913574,0.130126953,-0.23046875,-0.671875,-0.03515625,1.4140625,-6.0078125,-7.1484375,0.078125,0.09375,0.025390625
2041,20266131,20566131,-0.143493652,-0.92590332,0.32434082,0.130004883,-0.23046875,-0.671875,-0.03515625,1.4140625,-6.0078125,-7.1484375,0.072265625,-0.044921875,0.119140625
2042,20273863,20573863,-0.143920898,-0.92578125,0.324707031,0.129455566,-0.3046875,-0.49609375,-0.00390625,1.4140625,-6.03125,-7.140625,0.072265625,-0.044921875,0.119140625
2043,20285153,20585153,-0.14453125,-0.925720215,0.325073242,0.128479004,-0.3046875,-0.49609375,-0.00390625,1.4140625,-6.03125,-7.140625,0.001953125,-0.181640625,0.201171875
2044,20290201,20590201,-0.145202637,-0.92565918,0.325317383,0.127197266,-0.15234375,-0.296875,-0.30859375,1.375,-6.0390625,-7.140625,0.001953125,-0.181640625,0.201171875
2045,20309078,20609078,-0.146057129,-0.92565918,0.325683594,0.125610352,-0.15234375,-0.296875,-0.30859375,1.375,-6.0390625,-7.140625,-0.001953125,-0.26171875,0.28125
2046,20310552,20610552,-0.146972656,-0.925598145,0.326049805,0.123840332,-0.08984375,-0.40234375,-0.33984375,1.3125,-6.046875,-7.1484375,-0.001953125,-0.26171875,0.28125
2047,20324412,20624412,-0.148010254,-0.925537109,0.326538086,0.121887207,-0.08984375,-0.40234375,-0.33984375,1.3125,-6.046875,-7.1484375,0.01953125,-0.328125,0.34765625
2048,20334222,20634222,-0.149108887,-0.925415039,0.327148438,0.119750977,-0.04296875,-0.2421875,-0.109375,1.2265625,-6.0546875,-7.1484375,0.01953125,-0.328125,0.34765625
2049,20346093,20646093,-0.15032959,-0.925292969,0.327758789,0.117370605,-0.04296875,-0.2421875,-0.109375,1.2265625,-6.0546875,-7.1484375,0.00390625,-0.404296875,0.421875
2050,20349700,20649700,-0.151611328,-0.925231934,0.32824707,0.114746094,0.05859375,-0.1953125,0.01171875,1.125,-6.0625,-7.15625,0.00390625,-0.404296875,0.421875
2051,20363793,20663793,-0.153015137,-0.925231934,0.328735352,0.111572266,0.05859375,-0.1953125,0.01171875,1.125,-6.0625,-7.15625,-0.03515625,-0.5,0.484375
2052,20369750,20669750,-0.15447998,-0.925170898,0.329284668,0.108398438,0.0625,-0.06640625,-0.1640625,1.0078125,-6.078125,-7.171875,-0.03515625,-0.5,0.484375
2053,20387476,20687476,-0.156066895,-0.925109863,0.329833984,0.104919434,0.0625,-0.06640625,-0.1640625,1.0078125,-6.078125,-7.171875,-0.0390625,-0.568359375,0.548828125
2054,20392513,20692513,-0.157714844,-0.925048828,0.330383301,0.101257324,-0.06640625,-0.1328125,-0.109375,0.8671875,-6.0859375,-7.1875,-0.0390625,-0.568359375,0.548828125
2055,20404945,20704945,-0.159362793,-0.924987793,0.330932617,0.0974731445,-0.06640625,-0.1328125,-0.109375,0.8671875,-6.0859375,-7.1875,-0.044921875,-0.623046875,0.591796875
2056,20413855,20713855,-0.161071777,-0.924865723,0.331481934,0.0936889648,0.08984375,0.09765625,-0.0546875,0.7109375,-6.0859375,-7.203125,-0.044921875,-0.623046875,0.591796875
2057,20427384,20727384,-0.162963867,-0.924804688,0.331970215,0.0894775391,0.08984375,0.09765625,-0.0546875,0.7109375,-6.0859375,-7.203125,-0.08984375,-0.654296875,0.6328125
2058,20431404,20731404,-0.164916992,-0.924743652,0.332336426,0.085144043,0.0625,0.25,0.07421875,0.546875,-6.0859375,-7.21875,-0.08984375,-0.654296875,0.6328125
2059,20442778,20742778,-0.166931152,-0.924682617,0.332641602,0.0806274414,0.0625,0.25,0.07421875,0.546875,-6.0859375,-7.21875,-0.126953125,-0.73046875,0.693359375
2060,20450343,20750343,-0.169006348,-0.924560547,0.332946777,0.0759887695,0.08984375,0.2421875,0.05859375,0.3671875,-6.078125,-7.2421875,-0.126953125,-0.73046875,0.693359375
2061,20466997,20766997,-0.171203613,-0.924377441,0.333312988,0.0713500977,0.08984375,0.2421875,0.05859375,0.3671875,-6.078125,-7.2421875,-0.107421875,-0.75390625,0.755859375
2062,20471546,20771546,-0.173522949,-0.924133301,0.33380127,0.0662841797,0.16796875,-0.109375,0.19140625,0.171875,-6.0703125,-7.2578125,-0.107421875,-0.75390625,0.755859375
2063,20484252,20784252,-0.175842285,-0.92388916,0.334411621,0.0610961914,0.16796875,-0.109375,0.19140625,0.171875,-6.0703125,-7.2578125,-0.068359375,-0.841796875,0.79296875
2064,20492075,20792075,-0.177978516,-0.923522949,0.335144043,0.0559082031,0.15234375,-0.1640625,-0.0234375,-0.0390625,-6.0546875,-7.2734375,-0.068359375,-0.841796875,0.79296875
2065,20506984,20806984,-0.180236816,-0.923095703,0.3359375,0.0502319336,0.15234375,-0.1640625,-0.0234375,-0.0390625,-6.0546875,-7.2734375,-0.05859375,-0.953125,0.841796875
2066,20511012,20811012,-0.182739258,-0.922668457,0.336669922,0.0440673828,0.1015625,-0.09765625,-0.3203125,-0.2578125,-6.046875,-7.28125,-0.05859375,-0.953125,0.841796875
2067,20523004,20823004,-0.185180664,-0.922180176,0.337280273,0.0382080078,0.1015625,-0.09765625,-0.3203125,-0.2578125,-6.046875,-7.28125,-0.091796875,-0.91015625,0.880859375
2068,20529912,20829912,-0.187805176,-0.921691895,0.33782959,0.0325317383,0.19921875,-0.07421875,-0.3203125,-0.5078125,-6.03125,-7.28125,-0.091796875,-0.91015625,0.880859375
2069,20546489,20846489,-0.190368652,-0.921203613,0.338317871,0.0271606445,0.19921875,-0.07421875,-0.3203125,-0.5078125,-6.03125,-7.28125,-0.103515625,-0.861328125,0.890625
2070,20550690,20850690,-0.193054199,-0.920532227,0.338928223,0.0214233398,0.01171875,-0.44921875,-0.3203125,-0.7421875,-6,-7.28125,-0.103515625,-0.861328125,0.890625
2071,20562654,20862654,-0.195617676,-0.919799805,0.339782715,0.0155029297,0.01171875,-0.44921875,-0.3203125,-0.7421875,-6,-7.28125,-0.015625,-0.966796875,0.912109375
2072,20572219,20872219,-0.198181152,-0.919006348,0.340698242,0.00933837891,-0.08984375,-0.47265625,-0.17578125,-0.984375,-5.9765625,-7.2734375,-0.015625,-0.966796875,0.912109375
2073,20588200,20888200,-0.200805664,-0.91809082,0.34173584,0.00280761719,-0.08984375,-0.47265625,-0.17578125,-0.984375,-5.9765625,-7.2734375,0.00390625,-1.07226562,0.94140625
2074,20593060,20893060,0.203063965,0.917114258,-0.342895508,0.00329589844,-0.0546875,-0.2578125,-0.23828125,-1.25,-5.9609375,-7.25,0.00390625,-1.07226562,0.94140625
2075,20605062,20905062,0.205505371,0.916015625,-0.344360352,0.0103149414,-0.0546875,-0.2578125,-0.23828125,-1.25,-5.9609375,-7.25,0.06640625,-1.1484375,0.92578125
2076,20608803,20908803,0.207580566,0.914916992,-0.34576416,0.0169067383,0.171875,-0.0078125,-0.1171875,-1.515625,-5.9453125,-7.21875,0.06640625,-1.1484375,0.92578125
2077,20625626,20925626,0.209777832,0.913635254,-0.347290039,0.0244750977,0.171875,-0.0078125,-0.1171875,-1.515625,-5.9453125,-7.21875,0.05859375,-1.27929688,0.93359375
2078,20629345,20929345,0.211669922,0.912475586,-0.348632812,0.0316162109,0.15625,0.31640625,-0.31640625,-1.8046875,-5.921875,-7.171875,0.05859375,-1.27929688,0.93359375
2079,20641947,20941947,0.213623047,0.911254883,-0.349914551,0.0393676758,0.15625,0.31640625,-0.31640625,-1.8046875,-5.921875,-7.171875,-0.005859375,-1.33007812,0.923828125
2080,20650616,20950616,0.215515137,0.909973145,-0.351196289,0.0473022461,0.21484375,0.28515625,-0.1328125,-2.09375,-5.890625,-7.125,-0.005859375,-1.33007812,0.923828125
2081,20665658,20965658,0.217163086,0.908691406,-0.352355957,0.0548706055,0.21484375,0.28515625,-0.1328125,-2.09375,-5.890625,-7.125,-0.015625,-1.34179688,0.87109375
2082,20670090,20970090,0.21862793,0.907409668,-0.35345459,0.0623779297,0.2421875,0.19921875,-0.04296875,-2.390625,-5.84375,-7.0625,-0.015625,-1.34179688,0.87109375
2083,20680887,20980887,0.220153809,0.906005859,-0.354675293,0.0701904297,0.2421875,0.19921875,-0.04296875,-2.390625,-5.84375,-7.0625,0.01953125,-1.34765625,0.845703125
2084,20688440,20988440,0.221557617,0.90447998,-0.356018066,0.0778198242,0.453125,0.16015625,0.125,-2.6796875,-5.8046875,-7,0.01953125,-1.34765625,0.845703125
2085,20705710,21005710,0.222900391,0.902893066,-0.35748291,0.0856933594,0.453125,0.16015625,0.125,-2.6796875,-5.8046875,-7,0.078125,-1.41796875,0.841796875
2086,20710053,21010053,0.224121094,0.901123047,-0.359130859,0.0935668945,0.0546875,0.08203125,0,-2.96875,-5.765625,-6.9140625,0.078125,-1.41796875,0.841796875
2087,20723845,21023845,0.225341797,0.899291992,-0.360839844,0.101501465,0.0546875,0.08203125,0,-2.96875,-5.765625,-6.9140625,0.12109375,-1.4765625,0.826171875
2088,20732383,21032383,0.226257324,0.897521973,-0.362487793,0.109069824,0.12109375,0.11328125,0.08984375,-3.265625,-5.71875,-6.8125,0.12109375,-1.4765625,0.826171875
2089,20746702,21046702,0.227050781,0.895507812,-0.364318848,0.117431641,0.12109375,0.11328125,0.08984375,-3.265625,-5.71875,-6.8125,0.11328125,-1.484375,0.751953125
2090,20750821,21050821,0.227783203,0.893554688,-0.366027832,0.125244141,0.296875,0.3125,-0.10546875,-3.5546875,-5.6875,-6.6953125,0.11328125,-1.484375,0.751953125
2091,20763419,21063419,0.22845459,0.891601562,-0.367675781,0.13293457,0.296875,0.3125,-0.10546875,-3.5546875,-5.6875,-6.6953125,0.0859375,-1.43945312,0.720703125
2092,20767143,21067143,0.229003906,0.889770508,-0.369140625,0.140075684,0.34765625,0.2734375,-0.03125,-3.8359375,-5.6484375,-6.578125,0.0859375,-1.43945312,0.720703125
2093,20784632,21084632,0.229614258,0.887695312,-0.370788574,0.147583008,0.34765625,0.2734375,-0.03125,-3.8359375,-5.6484375,-6.578125,0.1328125,-1.33789062,0.66796875
2094,20788963,21088963,0.230163574,0.885742188,-0.372375488,0.154296875,0.10546875,0.0390625,-0.0390625,-4.09375,-5.609375,-6.453125,0.1328125,-1.33789062,0.66796875
2095,20802908,21102908,0.230712891,0.883666992,-0.374023438,0.161254883,0.10546875,0.0390625,-0.0390625,-4.09375,-5.609375,-6.453125,0.119140625,-1.29492188,0.640625
2096,20810942,21110942,0.231201172,0.881713867,-0.375427246,0.167785645,0.00390625,0.078125,-0.125,-4.3359375,-5.5703125,-6.328125,0.119140625,-1.29492188,0.640625
2097,20824349,21124349,0.231689453,0.879699707,-0.37677002,0.174682617,0.00390625,0.078125,-0.125,-4.3359375,-5.5703125,-6.328125,0.078125,-1.24414062,0.619140625
2098,20828084,21128084,0.232055664,0.877868652,-0.377929688,0.180786133,-0.10546875,0.078125,-0.08984375,-4.5703125,-5.53125,-6.2109375,0.078125,-1.24414062,0.619140625
2099,20842370,21142370,0.23248291,0.875854492,-0.379211426,0.187194824,-0.10546875,0.078125,-0.08984375,-4.5703125,-5.53125,-6.2109375,0.087890625,-1.15625,0.56640625
2100,20846102,21146102,0.232788086,0.874023438,-0.380371094,0.192871094,-0.01953125,0.109375,-0.015625,-4.7734375,-5.484375,-6.09375,0.087890625,-1.15625,0.56640625
2101,20864492,21164492,0.233032227,0.872131348,-0.381591797,0.198730469,-0.01953125,0.109375,-0.015625,-4.7734375,-5.484375,-6.09375,0.08203125,-1.06054688,0.49609375
2102,20868094,21168094,0.233215332,0.870422363,-0.382629395,0.203979492,0.1015625,0.26171875,0.13671875,-4.96875,-5.4453125,-5.9765625,0.08203125,-1.06054688,0.49609375
2103,20880811,21180811,0.233459473,0.868713379,-0.383605957,0.208984375,0.1015625,0.26171875,0.13671875,-4.96875,-5.4453125,-5.9765625,0.072265625,-0.94140625,0.455078125
2104,20893248,21193248,0.233703613,0.86706543,-0.384460449,0.213806152,0.1484375,0.14453125,0.1015625,-5.1328125,-5.40625,-5.8671875,0.072265625,-0.94140625,0.455078125
2105,20904771,21204771,0.233886719,0.865539551,-0.385314941,0.218322754,0.1484375,0.14453125,0.1015625,-5.1328125,-5.40625,-5.8671875,0.05859375,-0.904296875,0.4296875
2106,20908383,21208383,0.234008789,0.863891602,-0.386230469,0.223083496,0,0.06640625,0.15234375,-5.2890625,-5.3671875,-5.765625,0.05859375,-0.904296875,0.4296875
2107,20921605,21221605,0.234130859,0.862365723,-0.387084961,0.227416992,0,0.06640625,0.15234375,-5.2890625,-5.3671875,-5.765625,0.076171875,-0.833984375,0.365234375
2108,20926390,21226390,0.234130859,0.860778809,-0.388000488,0.231628418,0.1796875,0.07421875,0.12890625,-5.4296875,-5.3359375,-5.6640625,0.076171875,-0.833984375,0.365234375
2109,20942616,21242616,0.234130859,0.859436035,-0.388793945,0.235412598,0.1796875,0.07421875,0.12890625,-5.4296875,-5.3359375,-5.6640625,0.05859375,-0.75390625,0.318359375
2110,20946214,21246214,0.234069824,0.858154297,-0.389465332,0.238891602,0.3046875,0.234375,0.2265625,-5.5546875,-5.3046875,-5.5703125,0.05859375,-0.75390625,0.318359375
2111,20961495,21261495,0.234008789,0.856872559,-0.390136719,0.242492676,0.3046875,0.234375,0.2265625,-5.5546875,-5.3046875,-5.5703125,0.037109375,-0.650390625,0.267578125
2112,20970728,21270728,0.233886719,0.855834961,-0.390625,0.245422363,0.22265625,0.203125,0.2578125,-5.6640625,-5.2734375,-5.484375,0.037109375,-0.650390625,0.267578125
2113,20983300,21283300,0.233764648,0.854858398,-0.391113281,0.248352051,0.22265625,0.203125,0.2578125,-5.6640625,-5.2734375,-5.484375,0.00390625,-0.52734375,0.205078125
2114,20987047,21287047,0.233642578,0.854003906,-0.391479492,0.250732422,0.23828125,0.1015625,0.1875,-5.7578125,-5.25,-5.4140625,0.00390625,-0.52734375,0.205078125
2115,21000587,21300587,0.233520508,0.853149414,-0.391906738,0.252929688,0.23828125,0.1015625,0.1875,-5.7578125,-5.25,-5.4140625,0.037109375,-0.396484375,0.16015625
2116,21005613,21305613,0.233459473,0.852478027,-0.392272949,0.254699707,0.0703125,0.04296875,0.09375,-5.8203125,-5.2265625,-5.359375,0.037109375,-0.396484375,0.16015625
2117,21022120,21322120,0.233398438,0.851867676,-0.392700195,0.256164551,0.0703125,0.04296875,0.09375,-5.8203125,-5.2265625,-5.359375,0.03515625,-0.279296875,0.087890625
2118,21025840,21325840,0.233276367,0.85144043,-0.393005371,0.257263184,-0.03515625,0.21875,0.20703125,-5.8671875,-5.2109375,-5.3203125,0.03515625,-0.279296875,0.087890625
2119,21041067,21341067,0.233093262,0.851135254,-0.393188477,0.258117676,-0.03515625,0.21875,0.20703125,-5.8671875,-5.2109375,-5.3203125,0.00390625,-0.140625,0.03515625
2120,21049738,21349738,0.232971191,0.851013184,-0.393249512,0.258605957,-0.1953125,0.29296875,0.17578125,-5.8984375,-5.2109375,-5.2890625,0.00390625,-0.140625,0.03515625
2121,21061601,21361601,0.232910156,0.850952148,-0.393249512,0.258789062,-0.1953125,0.29296875,0.17578125,-5.8984375,-5.2109375,-5.2890625,0,0,-0.01171875
2122,21065320,21365320,0.232849121,0.851013184,-0.393310547,0.258544922,-0.1875,0.1328125,0.21484375,-5.90625,-5.203125,-5.2890625,0,0,-0.01171875
2123,21080797,21380797,0.232910156,0.851135254,-0.393371582,0.257995605,-0.1875,0.1328125,0.21484375,-5.90625,-5.203125,-5.2890625,0.03125,0.130859375,-0.0625
2124,21087179,21387179,0.232910156,0.851379395,-0.393371582,0.257080078,-0.203125,0.140625,0.25390625,-5.890625,-5.2109375,-5.2890625,0.03125,0.130859375,-0.0625
2125,21101897,21401897,0.233032227,0.851745605,-0.393371582,0.25579834,-0.203125,0.140625,0.25390625,-5.890625,-5.2109375,-5.2890625,0.025390625,0.27734375,-0.111328125
2126,21105504,21405504,0.233154297,0.852294922,-0.393249512,0.254272461,-0.07421875,0.26953125,0.19921875,-5.8671875,-5.2265625,-5.3125,0.025390625,0.27734375,-0.111328125
2127,21119987,21419987,0.233276367,0.852966309,-0.392944336,0.252319336,-0.07421875,0.26953125,0.19921875,-5.8671875,-5.2265625,-5.3125,-0.00390625,0.4375,-0.162109375
2128,21127498,21427498,0.233459473,0.853759766,-0.39263916,0.249816895,0.0625,0.01953125,0.19921875,-5.8125,-5.2421875,-5.3515625,-0.00390625,0.4375,-0.162109375
2129,21141096,21441096,0.233642578,0.854736328,-0.392272949,0.246948242,0.0625,0.01953125,0.19921875,-5.8125,-5.2421875,-5.3515625,0.0078125,0.59765625,-0.2421875
2130,21144693,21444693,0.233764648,0.855773926,-0.391906738,0.243835449,0.0625,0.04296875,0.22265625,-5.734375,-5.265625,-5.4140625,0.0078125,0.59765625,-0.2421875
2131,21159981,21459981,0.233764648,0.856994629,-0.391479492,0.239990234,0.0625,0.04296875,0.22265625,-5.734375,-5.265625,-5.4140625,0.013671875,0.728515625,-0.333984375
2132,21165722,21465722,0.233764648,0.858276367,-0.391113281,0.236083984,0.02734375,0.12109375,0.265625,-5.625,-5.3046875,-5.4921875,0.013671875,0.728515625,-0.333984375
2133,21179767,21479767,0.233764648,0.859619141,-0.390686035,0.231811523,0.02734375,0.12109375,0.265625,-5.625,-5.3046875,-5.4921875,0.021484375,0.859375,-0.40234375
2134,21185490,21485490,0.233703613,0.86114502,-0.390197754,0.227172852,0.1796875,0.234375,0.265625,-5.5078125,-5.34375,-5.5703125,0.021484375,0.859375,-0.40234375
2135,21201851,21501851,0.233642578,0.862731934,-0.389526367,0.222167969,0.1796875,0.234375,0.265625,-5.5078125,-5.34375,-5.5703125,-0.0234375,0.9921875,-0.45703125
2136,21210515,21510515,0.233581543,0.864440918,-0.38873291,0.217102051,0.17578125,0.359375,0.13671875,-5.3515625,-5.390625,-5.671875,-0.0234375,0.9921875,-0.45703125
2137,21223229,21523229,0.233581543,0.866333008,-0.387695312,0.211303711,0.17578125,0.359375,0.13671875,-5.3515625,-5.390625,-5.671875,-0.06640625,1.15039062,-0.49609375
2138,21227350,21527350,0.233642578,0.868347168,-0.386413574,0.20501709,0.12109375,0.25390625,0.0546875,-5.1796875,-5.4375,-5.78125,-0.06640625,1.15039062,-0.49609375
2139,21238664,21538664,0.233703613,0.870422363,-0.385070801,0.198486328,0.12109375,0.25390625,0.0546875,-5.1796875,-5.4375,-5.78125,-0.08984375,1.36328125,-0.552734375
2140,21244645,21544645,0.233886719,0.872680664,-0.383666992,0.191223145,0.22265625,-0.0546875,-0.1171875,-4.9765625,-5.4765625,-5.9140625,-0.08984375,1.36328125,-0.552734375
2141,21259417,21559417,0.234069824,0.874938965,-0.382202148,0.183227539,0.22265625,-0.0546875,-0.1171875,-4.9765625,-5.4765625,-5.9140625,-0.021484375,1.6015625,-0.64453125
2142,21265398,21565398,0.234313965,0.87713623,-0.380981445,0.174865723,0.08984375,-0.3046875,-0.078125,-4.7265625,-5.53125,-6.0703125,-0.021484375,1.6015625,-0.64453125
2143,21278042,21578042,0.23449707,0.879272461,-0.380004883,0.165893555,0.08984375,-0.3046875,-0.078125,-4.7265625,-5.53125,-6.0703125,0.130859375,1.71679688,-0.734375
2144,21287391,21587391,0.234558105,0.881286621,-0.379272461,0.156616211,-0.1484375,-0.234375,0.109375,-4.453125,-5.6015625,-6.21875,0.130859375,1.71679688,-0.734375
2145,21299744,21599744,0.234313965,0.883178711,-0.378723145,0.147033691,-0.1484375,-0.234375,0.109375,-4.453125,-5.6015625,-6.21875,0.220703125,1.78125,-0.88671875
2146,21305711,21605711,0.233764648,0.885070801,-0.378234863,0.137634277,-0.3046875,-0.02734375,0.12890625,-4.140625,-5.6953125,-6.3515625,0.220703125,1.78125,-0.88671875
2147,21318252,21618252,0.232666016,0.887207031,-0.377502441,0.127441406,-0.3046875,-0.02734375,0.12890625,-4.140625,-5.6953125,-6.3515625,0.119140625,1.796875,-1.06835938
2148,21324222,21624222,0.231140137,0.889526367,-0.376342773,0.116943359,-0.45703125,0.75,-0.0625,-3.796875,-5.78125,-6.46875,0.119140625,1.796875,-1.06835938
2149,21340882,21640882,0.229248047,0.891906738,-0.374816895,0.106994629,-0.45703125,0.75,-0.0625,-3.796875,-5.78125,-6.46875,-0.080078125,1.74023438,-1.171875
2150,21344610,21644610,0.227233887,0.894226074,-0.37298584,0.09765625,-0.43359375,0.875,0.0234375,-3.4375,-5.8671875,-6.59375,-0.080078125,1.74023438,-1.171875
2151,21360181,21660181,0.224975586,0.896850586,-0.370727539,0.0875854492,-0.43359375,0.875,0.0234375,-3.4375,-5.8671875,-6.59375,-0.1953125,1.72070312,-1.18164062
2152,21369352,21669352,0.222900391,0.899047852,-0.368652344,0.0783691406,-0.03515625,0.16015625,-0.1484375,-3.0703125,-5.921875,-6.7265625,-0.1953125,1.72070312,-1.18164062
2153,21380602,21680602,0.22076416,0.901123047,-0.366821289,0.0684814453,-0.03515625,0.16015625,-0.1484375,-3.0703125,-5.921875,-6.7265625,-0.025390625,1.71679688,-1.18164062
2154,21384332,21684332,0.218566895,0.902893066,-0.365478516,0.0585327148,-0.05859375,-0.13671875,-0.19140625,-2.703125,-5.96875,-6.8359375,-0.025390625,1.71679688,-1.18164062
2155,21399941,21699941,0.216125488,0.90447998,-0.364440918,0.0482177734,-0.05859375,-0.13671875,-0.19140625,-2.703125,-5.96875,-6.8359375,0.142578125,1.66015625,-1.20703125
2156,21403687,21703687,0.213745117,0.905883789,-0.363525391,0.0390014648,0.28515625,0.40234375,-0.15234375,-2.3203125,-6.046875,-6.9140625,0.142578125,1.66015625,-1.20703125
2157,21418437,21718437,0.211120605,0.907409668,-0.362121582,0.0293579102,0.28515625,0.40234375,-0.15234375,-2.3203125,-6.046875,-6.9140625,-0.0078125,1.55664062,-1.17382812
2158,21423481,21723481,0.208618164,0.908935547,-0.360473633,0.0201416016,0.45703125,0.38671875,0.3671875,-1.953125,-6.109375,-6.9765625,-0.0078125,1.55664062,-1.17382812
2159,21438329,21738329,0.206176758,0.910217285,-0.358947754,0.01171875,0.45703125,0.38671875,0.3671875,-1.953125,-6.109375,-6.9765625,-0.00390625,1.46289062,-1.14648438
2160,21446607,21746607,0.203430176,0.911376953,-0.357727051,0.00286865234,0.48828125,0.11328125,0.84375,-1.6015625,-6.140625,-7.03125,-0.00390625,1.46289062,-1.14648438
2161,21460026,21760026,-0.200500488,-0.912353516,0.356933594,0.00524902344,0.48828125,0.11328125,0.84375,-1.6015625,-6.140625,-7.03125,0.10546875,1.234375,-1.14453125
2162,21463635,21763635,-0.197631836,-0.913330078,0.355895996,0.0121459961,0.6484375,1.00390625,1.09765625,-1.265625,-6.1875,-7.0546875,0.10546875,1.234375,-1.14453125
2163,21477694,21777694,-0.194519043,-0.914550781,0.354248047,0.0186157227,0.6484375,1.00390625,1.09765625,-1.265625,-6.1875,-7.0546875,-0.216796875,0.90625,-0.99609375
2164,21483658,21783658,-0.191650391,-0.91583252,0.351989746,0.0240478516,0.828125,1.546875,0.4765625,-0.984375,-6.1953125,-7.0859375,-0.216796875,0.90625,-0.99609375
2165,21497069,21797069,-0.189086914,-0.917236328,0.34942627,0.0291748047,0.828125,1.546875,0.4765625,-0.984375,-6.1953125,-7.0859375,-0.376953125,0.828125,-0.861328125
2166,21503220,21803220,-0.186950684,-0.918395996,0.347045898,0.0339355469,1.0546875,1.171875,0.07421875,-0.75,-6.1640625,-7.140625,-0.376953125,0.828125,-0.861328125
2167,21516812,21816812,-0.185058594,-0.919372559,0.344909668,0.0392456055,1.0546875,1.171875,0.07421875,-0.75,-6.1640625,-7.140625,-0.1875,0.8828125,-0.701171875
2168,21531353,21831353,-0.18347168,-0.920043945,0.343322754,0.0443115234,0.6796875,-0.46875,-0.33984375,-0.53125,-6.1328125,-7.1875,-0.1875,0.8828125,-0.701171875
2169,21540959,21840959,-0.182067871,-0.920532227,0.342163086,0.0491333008,0.6796875,-0.46875,-0.33984375,-0.53125,-6.1328125,-7.1875,-0.029296875,0.810546875,-0.609375
2170,21545899,21845899,-0.180664062,-0.920898438,0.341186523,0.0537109375,-0.09765625,-1.08984375,-0.4375,-0.328125,-6.125,-7.203125,-0.029296875,0.810546875,-0.609375
2171,21557631,21857631,-0.179321289,-0.921264648,0.340209961,0.0581054688,-0.09765625,-1.08984375,-0.4375,-0.328125,-6.125,-7.203125,-0.02734375,0.720703125,-0.55859375
2172,21563603,21863603,-0.177978516,-0.921569824,0.339355469,0.0623779297,-0.328125,-1.25,-0.546875,-0.1328125,-6.1171875,-7.2109375,-0.02734375,0.720703125,-0.55859375
2173,21578670,21878670,-0.176635742,-0.921813965,0.338623047,0.0665283203,-0.328125,-1.25,-0.546875,-0.1328125,-6.1171875,-7.2109375,0.013671875,0.703125,-0.546875
2174,21582389,21882389,-0.175354004,-0.922058105,0.337768555,0.0704956055,-0.2265625,-0.75390625,-0.5859375,0.03125,-6.1171875,-7.2109375,0.013671875,0.703125,-0.546875
2175,21597590,21897590,-0.173950195,-0.922424316,0.336608887,0.0746459961,-0.2265625,-0.75390625,-0.5859375,0.03125,-6.1171875,-7.2109375,-0.087890625,0.6640625,-0.544921875
2176,21606541,21906541,-0.172546387,-0.922851562,0.335327148,0.0784912109,-0.20703125,-0.37890625,-0.546875,0.203125,-6.109375,-7.2109375,-0.087890625,0.6640625,-0.544921875
2177,21618282,21918282,-0.171203613,-0.923278809,0.333862305,0.0822143555,-0.20703125,-0.37890625,-0.546875,0.203125,-6.109375,-7.2109375,-0.177734375,0.642578125,-0.546875
2178,21622011,21922011,-0.16986084,-0.92376709,0.332336426,0.0856933594,-0.09375,-0.44140625,-0.5,0.359375,-6.0859375,-7.21875,-0.177734375,0.642578125,-0.546875
2179,21637192,21937192,-0.168457031,-0.924255371,0.330749512,0.0892944336,-0.09375,-0.44140625,-0.5,0.359375,-6.0859375,-7.21875,-0.15234375,0.5703125,-0.5078125
2180,21648396,21948396,-0.167175293,-0.924621582,0.329467773,0.092590332,-0.2109375,-0.5390625,-0.5546875,0.515625,-6.0625,-7.2421875,-0.15234375,0.5703125,-0.5078125
2181,21656861,21956861,-0.166259766,-0.924804688,0.328613281,0.095703125,-0.2109375,-0.5390625,-0.5546875,0.515625,-6.0625,-7.2421875,-0.00390625,0.560546875,-0.390625
2182,21661895,21961895,-0.165405273,-0.924743652,0.328186035,0.0990600586,0,-0.82421875,-0.1328125,0.6484375,-6.046875,-7.2421875,-0.00390625,0.560546875,-0.390625
2183,21676225,21976225,-0.164611816,-0.924499512,0.328186035,0.102233887,0,-0.82421875,-0.1328125,0.6484375,-6.046875,-7.2421875,0.166015625,0.517578125,-0.326171875
2184,21690915,21990915,-0.163879395,-0.924255371,0.328369141,0.105163574,-0.125,-0.77734375,0.04296875,0.7734375,-6.0546875,-7.2265625,0.166015625,0.517578125,-0.326171875
2185,21696392,21996392,-0.163146973,-0.924072266,0.328491211,0.10760498,-0.125,-0.77734375,0.04296875,0.7734375,-6.0546875,-7.2265625,0.1171875,0.388671875,-0.29296875
2186,21704343,22004343,-0.162353516,-0.923950195,0.328430176,0.109802246,-0.2265625,0.04296875,0.2109375,0.875,-6.0703125,-7.203125,0.1171875,0.388671875,-0.29296875
2187,21717975,22017975,-0.161560059,-0.92401123,0.328186035,0.111450195,-0.2265625,0.04296875,0.2109375,0.875,-6.0703125,-7.203125,-0.0078125,0.224609375,-0.236328125
2188,21721783,22021783,-0.160949707,-0.924072266,0.327758789,0.112731934,-0.15234375,0.34765625,0.12109375,0.953125,-6.0703125,-7.1875,-0.0078125,0.224609375,-0.236328125
2189,21736731,22036731,-0.160339355,-0.924255371,0.327209473,0.113891602,-0.15234375,0.34765625,0.12109375,0.953125,-6.0703125,-7.1875,-0.0703125,0.19140625,-0.189453125
2190,21743815,22043815,-0.159851074,-0.924377441,0.326660156,0.115112305,0.17578125,0.1484375,-0.03125,1.0078125,-6.0625,-7.1875,-0.0703125,0.19140625,-0.189453125
2191,21757448,22057448,-0.159545898,-0.924438477,0.32623291,0.116271973,0.17578125,0.1484375,-0.03125,1.0078125,-6.0625,-7.1875,-0.013671875,0.208984375,-0.1328125
2192,21765470,22065470,-0.159301758,-0.924438477,0.326049805,0.117248535,0.08984375,-0.25,0.08203125,1.0546875,-6.046875,-7.1875,-0.013671875,0.208984375,-0.1328125
2193,21776825,22076825,-0.159118652,-0.924377441,0.326049805,0.118164062,0.08984375,-0.25,0.08203125,1.0546875,-6.046875,-7.1875,0.0546875,0.11328125,-0.06640625
2194,21782578,22082578,-0.158935547,-0.924255371,0.32623291,0.118652344,-0.21484375,-0.40234375,0.08203125,1.09375,-6.046875,-7.1875,0.0546875,0.11328125,-0.06640625
2195,21796455,22096455,-0.158874512,-0.924133301,0.326477051,0.118896484,-0.21484375,-0.40234375,0.08203125,1.09375,-6.046875,-7.1875,0.0625,-0.00390625,0
2196,21804841,22104841,-0.158874512,-0.924072266,0.326721191,0.118774414,-0.1484375,-0.1640625,0.02734375,1.1015625,-6.0546875,-7.171875,0.0625,-0.00390625,0
2197,21818048,22118048,-0.158996582,-0.92401123,0.326904297,0.118408203,-0.1484375,-0.1640625,0.02734375,1.1015625,-6.0546875,-7.171875,0.005859375,-0.083984375,0.0625
2198,21821667,22121667,-0.159179688,-0.924072266,0.326965332,0.117797852,0.05859375,-0.08203125,-0.0859375,1.0859375,-6.0625,-7.171875,0.005859375,-0.083984375,0.0625
2199,21836365,22136365,-0.159545898,-0.924072266,0.327087402,0.116882324,0.05859375,-0.08203125,-0.0859375,1.0859375,-6.0625,-7.171875,-0.02734375,-0.171875,0.13671875
2200,21844488,22144488,-0.159912109,-0.924072266,0.327209473,0.115783691,0.0078125,-0.1875,-0.1953125,1.0625,-6.0703125,-7.1796875,-0.02734375,-0.171875,0.13671875
2201,21855685,22155685,-0.160339355,-0.924133301,0.327453613,0.114501953,0.0078125,-0.1875,-0.1953125,1.0625,-6.0703125,-7.1796875,-0.01171875,-0.228515625,0.177734375
2202,21861420,22161420,-0.160827637,-0.924133301,0.327575684,0.113037109,0.0546875,0.00390625,-0.03125,1.015625,-6.0703125,-7.1875,-0.01171875,-0.228515625,0.177734375
2203,21876508,22176508,-0.161437988,-0.924194336,0.327697754,0.11138916,0.0546875,0.00390625,-0.03125,1.015625,-6.0703125,-7.1875,-0.0703125,-0.30078125,0.240234375
2204,21885461,22185461,-0.162109375,-0.924316406,0.327758789,0.109375,-0.03515625,0.00390625,0.12890625,0.953125,-6.0703125,-7.1953125,-0.0703125,-0.30078125,0.240234375
2205,21894701,22194701,-0.162963867,-0.924438477,0.327819824,0.106811523,-0.03515625,0.00390625,0.12890625,0.953125,-6.0703125,-7.1953125,-0.08203125,-0.4453125,0.337890625
2206,21901612,22201612,-0.163879395,-0.924499512,0.328125,0.104003906,-0.09765625,-0.1171875,-0.125,0.859375,-6.0625,-7.2109375,-0.08203125,-0.4453125,0.337890625
2207,21915109,22215109,-0.164855957,-0.924499512,0.328552246,0.100830078,-0.09765625,-0.1171875,-0.125,0.859375,-6.0625,-7.2109375,-0.0234375,-0.564453125,0.419921875
2208,21923470,22223470,-0.166015625,-0.924438477,0.329162598,0.0973510742,0.01953125,-0.00390625,-0.18359375,0.7421875,-6.0625,-7.2265625,-0.0234375,-0.564453125,0.419921875
2209,21938822,22238822,-0.167236328,-0.924377441,0.329711914,0.09375,0.01953125,-0.00390625,-0.18359375,0.7421875,-6.0625,-7.2265625,-0.046875,-0.615234375,0.50390625
2210,21943255,22243255,-0.168640137,-0.924377441,0.330200195,0.08984375,-0.03125,-0.04296875,-0.1015625,0.6015625,-6.0625,-7.234375,-0.046875,-0.615234375,0.50390625
2211,21955288,22255288,-0.17010498,-0.924377441,0.330627441,0.0855712891,-0.03125,-0.04296875,-0.1015625,0.6015625,-6.0625,-7.234375,-0.119140625,-0.7421875,0.58984375
2212,21963604,22263604,-0.171630859,-0.924377441,0.330871582,0.0810546875,-0.1328125,-0.08984375,-0.31640625,0.4375,-6.0546875,-7.25,-0.119140625,-0.7421875,0.58984375
2213,21974194,22274194,-0.173278809,-0.924438477,0.331115723,0.0759887695,-0.1328125,-0.08984375,-0.31640625,0.4375,-6.0546875,-7.25,-0.166015625,-0.828125,0.64453125
2214,21980170,22280170,-0.175048828,-0.924438477,0.331359863,0.0708618164,-0.13671875,-0.140625,-0.55859375,0.25,-6.0390625,-7.2734375,-0.166015625,-0.828125,0.64453125
2215,21994435,22294435,-0.176879883,-0.924316406,0.331726074,0.0657958984,-0.13671875,-0.140625,-0.55859375,0.25,-6.0390625,-7.2734375,-0.1171875,-0.841796875,0.708984375
2216,22004359,22304359,-0.178710938,-0.924133301,0.332214355,0.0607910156,-0.1171875,-0.50390625,-0.4609375,0.0390625,-6.0234375,-7.296875,-0.1171875,-0.841796875,0.708984375
2217,22015036,22315036,-0.180786133,-0.923828125,0.332946777,0.0552978516,-0.1171875,-0.50390625,-0.4609375,0.0390625,-6.0234375,-7.296875,-0.048828125,-0.87890625,0.734375
2218,22021021,22321021,-0.182739258,-0.923461914,0.333740234,0.0498657227,-0.21484375,-0.51953125,-0.296875,-0.171875,-6.0078125,-7.3046875,-0.048828125,-0.87890625,0.734375
2219,22035893,22335893,-0.184631348,-0.923034668,0.334655762,0.0444335938,-0.21484375,-0.51953125,-0.296875,-0.171875,-6.0078125,-7.3046875,-0.033203125,-0.939453125,0.763671875
2220,22043371,22343371,-0.186523438,-0.922607422,0.335449219,0.0388793945,-0.03515625,-0.3359375,-0.18359375,-0.390625,-6,-7.3046875,-0.033203125,-0.939453125,0.763671875
2221,22054872,22354872,-0.188598633,-0.922058105,0.336425781,0.0325317383,-0.03515625,-0.3359375,-0.18359375,-0.390625,-6,-7.3046875,-0.0390625,-1.01367188,0.80859375
2222,22059924,22359924,-0.190673828,-0.921508789,0.337280273,0.0264892578,-0.0234375,-0.46484375,-0.4609375,-0.6328125,-5.984375,-7.296875,-0.0390625,-1.01367188,0.80859375
2223,22076747,22376747,-0.192871094,-0.920898438,0.33807373,0.0205078125,-0.0234375,-0.46484375,-0.4609375,-0.6328125,-5.984375,-7.296875,-0.052734375,-0.96875,0.853515625
2224,22087447,22387447,-0.195129395,-0.920288086,0.338806152,0.0148925781,0.14453125,-0.359375,-0.3828125,-0.875,-5.9765625,-7.296875,-0.052734375,-0.96875,0.853515625
2225,22099183,22399183,-0.197631836,-0.919433594,0.339782715,0.00866699219,0.14453125,-0.359375,-0.3828125,-0.875,-5.9765625,-7.296875,0,-0.9921875,0.888671875
2226,22104112,22404112,-0.199951172,-0.918579102,0.340881348,0.00231933594,0.04296875,-0.2265625,-0.015625,-1.1171875,-5.953125,-7.28125,0,-0.9921875,0.888671875
2227,22115668,22415668,0.202209473,0.917663574,-0.34197998,0.00457763672,0.04296875,-0.2265625,-0.015625,-1.1171875,-5.953125,-7.28125,-0.01171875,-1.19335938,0.91796875
2228,22121855,22421855,0.204223633,0.916748047,-0.343139648,0.0114746094,0.0859375,-0.2890625,-0.19140625,-1.390625,-5.9296875,-7.2578125,-0.01171875,-1.19335938,0.91796875
2229,22134854,22434854,0.206420898,0.915649414,-0.344482422,0.0192871094,0.0859375,-0.2890625,-0.19140625,-1.390625,-5.9296875,-7.2578125,0.013671875,-1.31640625,0.935546875
2230,22139642,22439642,0.208251953,0.914550781,-0.34576416,0.026550293,0.18359375,-0.24609375,-0.23046875,-1.6796875,-5.8984375,-7.21875,0.013671875,-1.31640625,0.935546875
2231,22154924,22454924,0.210205078,0.913208008,-0.347351074,0.0347900391,0.18359375,-0.24609375,-0.23046875,-1.6796875,-5.8984375,-7.21875,0.0546875,-1.390625,0.931640625
2232,22165090,22465090,0.211975098,0.91192627,-0.348754883,0.0424194336,0.3359375,0.0390625,-0.1328125,-1.984375,-5.875,-7.1640625,0.0546875,-1.390625,0.931640625
2233,22174554,22474554,0.213745117,0.910522461,-0.350219727,0.0505981445,0.3359375,0.0390625,-0.1328125,-1.984375,-5.875,-7.1640625,0.03515625,-1.44140625,0.94140625
2234,22180513,22480513,0.215576172,0.908996582,-0.351806641,0.0593261719,0.4453125,-0.03125,0.2265625,-2.2890625,-5.84375,-7.1015625,0.03515625,-1.44140625,0.94140625
2235,22195008,22495008,0.217102051,0.907348633,-0.35345459,0.0677490234,0.4453125,-0.03125,0.2265625,-2.2890625,-5.84375,-7.1015625,0.109375,-1.5390625,0.9296875
2236,22202249,22502249,0.218566895,0.905639648,-0.35534668,0.0757446289,0.35546875,-0.0703125,-0.05078125,-2.6171875,-5.8046875,-7.015625,0.109375,-1.5390625,0.9296875
2237,22213492,22513492,0.220031738,0.903686523,-0.35748291,0.0843505859,0.35546875,-0.0703125,-0.05078125,-2.6171875,-5.8046875,-7.015625,0.17578125,-1.5078125,0.8828125
2238,22221366,22521366,0.221374512,0.901794434,-0.359436035,0.092590332,0.328125,0.2421875,-0.0390625,-2.9375,-5.7734375,-6.9140625,0.17578125,-1.5078125,0.8828125
2239,22234319,22534319,0.222595215,0.899841309,-0.36126709,0.101074219,0.328125,0.2421875,-0.0390625,-2.9375,-5.7734375,-6.9140625,0.111328125,-1.55078125,0.880859375
2240,22245627,22545627,0.223754883,0.897949219,-0.362976074,0.109130859,0.06640625,0.25,0.01171875,-3.25,-5.7421875,-6.8125,0.111328125,-1.55078125,0.880859375
2241,22255355,22555355,0.224914551,0.895874023,-0.364746094,0.117370605,0.06640625,0.25,0.01171875,-3.25,-5.7421875,-6.8125,0.119140625,-1.52539062,0.853515625
2242,22259082,22559082,0.226013184,0.893737793,-0.366516113,0.125549316,0.25,0.01953125,-0.06640625,-3.546875,-5.703125,-6.6953125,0.119140625,-1.52539062,0.853515625
2243,22273951,22573951,0.227050781,0.891540527,-0.368408203,0.133483887,0.25,0.01953125,-0.06640625,-3.546875,-5.703125,-6.6953125,0.173828125,-1.43554688,0.794921875
2244,22280224,22580224,0.228088379,0.889343262,-0.370239258,0.141174316,0.1953125,0.1640625,0.19140625,-3.8359375,-5.65625,-6.5703125,0.173828125,-1.43554688,0.794921875
2245,22293462,22593462,0.228881836,0.887390137,-0.371887207,0.147949219,0.1953125,0.1640625,0.19140625,-3.8359375,-5.65625,-6.5703125,0.158203125,-1.30859375,0.708984375
2246,22301876,22601876,0.229675293,0.885253906,-0.373596191,0.154968262,0.26953125,0.203125,0.4140625,-4.1015625,-5.6171875,-6.4453125,0.158203125,-1.30859375,0.708984375
2247,22312193,22612193,0.230285645,0.883361816,-0.37512207,0.161132812,0.26953125,0.203125,0.4140625,-4.1015625,-5.6171875,-6.4453125,0.154296875,-1.19726562,0.611328125
2248,22326853,22626853,0.230834961,0.881286621,-0.37677002,0.167480469,0.2734375,0.24609375,0.2890625,-4.3359375,-5.5859375,-6.3203125,0.154296875,-1.19726562,0.611328125
2249,22331668,22631668,0.231262207,0.879394531,-0.378356934,0.173278809,0.2734375,0.24609375,0.2890625,-4.3359375,-5.5859375,-6.3203125,0.140625,-1.11132812,0.521484375
2250,22339631,22639631,0.231506348,0.877624512,-0.379699707,0.178833008,0.3671875,0.4453125,0.28515625,-4.546875,-5.5546875,-6.203125,0.140625,-1.11132812,0.521484375
2251,22353155,22653155,0.231750488,0.876037598,-0.380859375,0.183959961,0.3671875,0.4453125,0.28515625,-4.546875,-5.5546875,-6.203125,0.09765625,-1.00585938,0.478515625
2252,22359075,22659075,0.232055664,0.874328613,-0.382019043,0.189208984,0.35546875,0.375,0.3671875,-4.7265625,-5.5234375,-6.09375,0.09765625,-1.00585938,0.478515625
2253,22374146,22674146,0.23236084,0.872741699,-0.383056641,0.193969727,0.35546875,0.375,0.3671875,-4.7265625,-5.5234375,-6.09375,0.0859375,-0.8828125,0.43359375
2254,22381013,22681013,0.23260498,0.871337891,-0.383911133,0.198242188,0.296875,0.3359375,0.2578125,-4.8984375,-5.484375,-5.984375,0.0859375,-0.8828125,0.43359375
2255,22393324,22693324,0.232910156,0.869873047,-0.384643555,0.202697754,0.296875,0.3359375,0.2578125,-4.8984375,-5.484375,-5.984375,0.041015625,-0.771484375,0.40234375
2256,22403877,22703877,0.233215332,0.868591309,-0.385314941,0.206542969,0.171875,0.11328125,0.2109375,-5.0390625,-5.453125,-5.8984375,0.041015625,-0.771484375,0.40234375
2257,22416402,22716402,0.233520508,0.867431641,-0.385925293,0.209960938,0.171875,0.11328125,0.2109375,-5.0390625,-5.453125,-5.8984375,0.052734375,-0.658203125,0.34375
2258,22421283,22721283,0.233764648,0.866210938,-0.386657715,0.213439941,0.14453125,0.046875,0.24609375,-5.1640625,-5.421875,-5.8203125,0.052734375,-0.658203125,0.34375
2259,22436096,22736096,0.233947754,0.86505127,-0.387451172,0.216369629,0.14453125,0.046875,0.24609375,-5.1640625,-5.421875,-5.8203125,0.109375,-0.564453125,0.248046875
2260,22439702,22739702,0.234008789,0.863952637,-0.388366699,0.219055176,0.20703125,0.2890625,0.25390625,-5.265625,-5.3984375,-5.75,0.109375,-0.564453125,0.248046875
2261,22452177,22752177,0.233947754,0.863037109,-0.389160156,0.221374512,0.20703125,0.2890625,0.25390625,-5.265625,-5.3984375,-5.75,0.083984375,-0.474609375,0.16796875
2262,22457894,22757894,0.233825684,0.862182617,-0.389831543,0.223571777,0.24609375,0.58984375,0.18359375,-5.34375,-5.390625,-5.6796875,0.083984375,-0.474609375,0.16796875
2263,22472347,22772347,0.233642578,0.86151123,-0.390258789,0.225524902,0.24609375,0.58984375,0.18359375,-5.34375,-5.390625,-5.6796875,0.009765625,-0.390625,0.1328125
2264,22482853,22782853,0.233459473,0.860961914,-0.39050293,0.227478027,0.078125,0.390625,0.05859375,-5.40625,-5.3828125,-5.6328125,0.009765625,-0.390625,0.1328125
2265,22495451,22795451,0.233459473,0.860351562,-0.390686035,0.229492188,0.078125,0.390625,0.05859375,-5.40625,-5.3828125,-5.6328125,-0.02734375,-0.375,0.185546875
2266,22499045,22799045,0.233520508,0.859802246,-0.390808105,0.231323242,-0.01171875,-0.0078125,0.01171875,-5.46875,-5.3671875,-5.5859375,-0.02734375,-0.375,0.185546875
2267,22517066,22817066,0.233703613,0.859191895,-0.390930176,0.233093262,-0.01171875,-0.0078125,0.01171875,-5.46875,-5.3671875,-5.5859375,0.017578125,-0.306640625,0.19921875
2268,22518544,22818544,0.234069824,0.858520508,-0.391174316,0.234802246,-0.1484375,-0.33984375,-0.01953125,-5.5234375,-5.34375,-5.5546875,0.017578125,-0.306640625,0.19921875
2269,22531517,22831517,0.234375,0.857910156,-0.391479492,0.23626709,-0.1484375,-0.33984375,-0.01953125,-5.5234375,-5.34375,-5.5546875,0.044921875,-0.25,0.181640625
2270,22540184,22840184,0.234680176,0.85736084,-0.391662598,0.237487793,-0.2109375,-0.2109375,-0.05078125,-5.578125,-5.3203125,-5.5234375,0.044921875,-0.25,0.181640625
2271,22551411,22851411,0.234924316,0.856994629,-0.391845703,0.238464355,-0.2109375,-0.2109375,-0.05078125,-5.578125,-5.3203125,-5.5234375,0.009765625,-0.138671875,0.103515625
2272,22562973,22862973,0.235046387,0.856750488,-0.391845703,0.239074707,-0.29296875,0.1640625,-0.12890625,-5.609375,-5.3125,-5.484375,0.009765625,-0.138671875,0.103515625
2273,22573733,22873733,0.235107422,0.856750488,-0.391723633,0.239318848,-0.29296875,0.1640625,-0.12890625,-5.609375,-5.3125,-5.484375,-0.0390625,-0.005859375,0.017578125
2274,22577457,22877457,0.235107422,0.856872559,-0.391540527,0.239257812,-0.27734375,0.15625,-0.08984375,-5.625,-5.3046875,-5.484375,-0.0390625,-0.005859375,0.017578125
2275,22590973,22890973,0.235290527,0.857055664,-0.391296387,0.238769531,-0.27734375,0.15625,-0.08984375,-5.625,-5.3046875,-5.484375,-0.0078125,0.1484375,-0.01171875
2276,22597217,22897217,0.235595703,0.85723877,-0.391174316,0.237915039,-0.24609375,-0.1953125,0.0703125,-5.6171875,-5.296875,-5.4921875,-0.0078125,0.1484375,-0.01171875
2277,22614459,22914459,0.235961914,0.857543945,-0.391113281,0.236694336,-0.24609375,-0.1953125,0.0703125,-5.6171875,-5.296875,-5.4921875,0.05859375,0.28515625,-0.05078125
2278,22618519,22918519,0.236328125,0.857849121,-0.391052246,0.235229492,-0.26953125,-0.109375,0.171875,-5.59375,-5.3046875,-5.515625,0.05859375,0.28515625,-0.05078125
2279,22634341,22934341,0.236694336,0.858276367,-0.390991211,0.233276367,-0.26953125,-0.109375,0.171875,-5.59375,-5.3046875,-5.515625,0.05078125,0.40234375,-0.126953125
2280,22643667,22943667,0.236938477,0.858886719,-0.390869141,0.231079102,-0.171875,0.13671875,0.203125,-5.5390625,-5.3203125,-5.546875,0.05078125,0.40234375,-0.126953125
2281,22654278,22954278,0.237121582,0.859619141,-0.390625,0.22857666,-0.171875,0.13671875,0.203125,-5.5390625,-5.3203125,-5.546875,0.013671875,0.525390625,-0.21484375
2282,22659361,22959361,0.237182617,0.860534668,-0.390197754,0.225708008,-0.08203125,0.2734375,0.2109375,-5.4765625,-5.34375,-5.59375,0.013671875,0.525390625,-0.21484375
2283,22673598,22973598,0.237182617,0.861694336,-0.389587402,0.222351074,-0.08203125,0.2734375,0.2109375,-5.4765625,-5.34375,-5.59375,-0.05078125,0.677734375,-0.298828125
2284,22677338,22977338,0.237182617,0.862915039,-0.388916016,0.218811035,0.046875,0.21875,0.16796875,-5.375,-5.3671875,-5.6640625,-0.05078125,0.677734375,-0.298828125
2285,22692958,22992958,0.237182617,0.864379883,-0.388061523,0.214538574,0.046875,0.21875,0.16796875,-5.375,-5.3671875,-5.6640625,-0.044921875,0.85546875,-0.37109375
2286,22696698,22996698,0.237182617,0.865783691,-0.387268066,0.210144043,0.0390625,0.12890625,0.13671875,-5.25,-5.390625,-5.75,-0.044921875,0.85546875,-0.37109375
2287,22713643,23013643,0.237243652,0.867492676,-0.386413574,0.204772949,0.0390625,0.12890625,0.13671875,-5.25,-5.390625,-5.75,-0.015625,1.0390625,-0.44140625
2288,22722687,23022687,0.237365723,0.869018555,-0.385620117,0.199462891,0.109375,-0.0625,0.1640625,-5.09375,-5.4296875,-5.8515625,-0.015625,1.0390625,-0.44140625
2289,22733282,23033282,0.237426758,0.870666504,-0.38494873,0.19329834,0.109375,-0.0625,0.1640625,-5.09375,-5.4296875,-5.8515625,0.05078125,1.1953125,-0.52734375
2290,22737006,23037006,0.237426758,0.872375488,-0.384277344,0.186889648,0.046875,-0.0859375,0.1953125,-4.9140625,-5.484375,-5.9609375,0.05078125,1.1953125,-0.52734375
2291,22754349,23054349,0.237243652,0.874145508,-0.383728027,0.1796875,0.046875,-0.0859375,0.1953125,-4.9140625,-5.484375,-5.9609375,0.103515625,1.30664062,-0.65625
2292,22758808,23058808,0.236816406,0.875976562,-0.383178711,0.172424316,-0.1328125,0.09375,0.15234375,-4.6953125,-5.546875,-6.0703125,0.103515625,1.30664062,-0.65625
2293,22771988,23071988,0.236022949,0.877929688,-0.382507324,0.164855957,-0.1328125,0.09375,0.15234375,-4.6953125,-5.546875,-6.0703125,0.03125,1.37890625,-0.82421875
2294,22775716,23075716,0.234985352,0.880004883,-0.381591797,0.157348633,-0.19140625,0.36328125,0.26953125,-4.4453125,-5.625,-6.1875,0.03125,1.37890625,-0.82421875
2295,22792658,23092658,0.233520508,0.882446289,-0.380249023,0.148681641,-0.19140625,0.36328125,0.26953125,-4.4453125,-5.625,-6.1875,-0.083984375,1.52148438,-0.98828125
2296,22801203,23101203,0.232055664,0.88482666,-0.378845215,0.140319824,0.0234375,0.328125,0.08984375,-4.1640625,-5.703125,-6.3125,-0.083984375,1.52148438,-0.98828125
2297,22811473,23111473,0.230529785,0.887268066,-0.377319336,0.131286621,0.0234375,0.328125,0.08984375,-4.1640625,-5.703125,-6.3125,-0.044921875,1.68554688,-1.03320312
2298,22815224,23115224,0.229248047,0.889465332,-0.376098633,0.121643066,0.1640625,-0.109375,0.2578125,-3.84375,-5.765625,-6.4453125,-0.044921875,1.68554688,-1.03320312
2299,22833673,23133673,0.228149414,0.891357422,-0.375488281,0.11138916,0.1640625,-0.109375,0.2578125,-3.84375,-5.765625,-6.4453125,0.291015625,1.74414062,-0.994140625
2300,22838119,23138119,0.227111816,0.892700195,-0.375732422,0.101623535,0.125,-0.859375,0.26171875,-3.5,-5.859375,-6.5625,0.291015625,1.74414062,-0.994140625
2301,22850958,23150958,0.225830078,0.893737793,-0.376708984,0.0913696289,0.125,-0.859375,0.26171875,-3.5,-5.859375,-6.5625,0.595703125,1.64257812,-1.08007812
2302,22855989,23155989,0.223999023,0.894592285,-0.378112793,0.0812988281,-0.1015625,-0.00390625,0.015625,-3.15625,-5.984375,-6.625,0.595703125,1.64257812,-1.08007812
2303,22872575,23172575,0.221679688,0.895446777,-0.379211426,0.0722045898,-0.1015625,-0.00390625,0.015625,-3.15625,-5.984375,-6.625,0.435546875,1.3984375,-1.23242188
2304,22881625,23181625,0.21887207,0.89666748,-0.379516602,0.0637207031,-0.29296875,1.3671875,-0.1953125,-2.8125,-6.1328125,-6.640625,0.435546875,1.3984375,-1.23242188
2305,22892125,23192125,0.215698242,0.89831543,-0.378723145,0.0554199219,-0.29296875,1.3671875,-0.1953125,-2.8125,-6.1328125,-6.640625,-0.072265625,1.27148438,-1.27148438
2306,22895876,23195876,0.212341309,0.900268555,-0.377075195,0.0476074219,-0.078125,0.95703125,-0.3046875,-2.4921875,-6.21875,-6.6875,-0.072265625,1.27148438,-1.27148438
2307,22913511,23213511,0.20892334,0.90222168,-0.375183105,0.0397949219,-0.078125,0.95703125,-0.3046875,-2.4921875,-6.21875,-6.6875,-0.162109375,1.16796875,-1.18945312
2308,22918170,23218170,0.205871582,0.903747559,-0.373901367,0.032409668,-0.0625,0.0390625,-0.609375,-2.1640625,-6.2578125,-6.765625,-0.162109375,1.16796875,-1.18945312
2309,22930430,23230430,0.20300293,0.904907227,-0.373291016,0.0249023438,-0.0625,0.0390625,-0.609375,-2.1640625,-6.2578125,-6.765625,0.201171875,1.296875,-1.20117188
2310,22935459,23235459,0.199645996,0.905944824,-0.373046875,0.0158691406,0.41015625,0.23046875,-0.21484375,-1.8671875,-6.296875,-6.8125,0.201171875,1.296875,-1.20117188
2311,22951613,23251613,0.196411133,0.907043457,-0.372375488,0.00762939453,0.41015625,0.23046875,-0.21484375,-1.8671875,-6.296875,-6.8125,0.04296875,1.29882812,-1.26953125
2312,22960595,23260595,-0.19329834,-0.90826416,0.371032715,0.000183105469,0.21875,1.14453125,-0.4609375,-1.5234375,-6.3671875,-6.8359375,0.04296875,1.29882812,-1.26953125
2313,22969978,23269978,-0.190124512,-0.909851074,0.368713379,0.00817871094,0.21875,1.14453125,-0.4609375,-1.5234375,-6.3671875,-6.8359375,-0.306640625,1.25976562,-1.18359375
2314,22975009,23275009,-0.187133789,-0.911560059,0.365783691,0.0158691406,0.265625,0.62109375,-0.7109375,-1.1875,-6.3828125,-6.890625,-0.306640625,1.25976562,-1.18359375
2315,22992607,23292607,-0.184509277,-0.913024902,0.363037109,0.0230712891,0.265625,0.62109375,-0.7109375,-1.1875,-6.3828125,-6.890625,-0.294921875,1.23242188,-1.04492188
2316,22997666,23297666,-0.182189941,-0.914123535,0.360961914,0.030090332,0.4140625,-0.48046875,-0.14453125,-0.875,-6.3515625,-6.9609375,-0.294921875,1.23242188,-1.04492188
2317,23012746,23312746,-0.179504395,-0.915039062,0.359191895,0.0380249023,0.4140625,-0.48046875,-0.14453125,-0.875,-6.3515625,-6.9609375,-0.052734375,1.20117188,-1.04492188
2318,23016932,23316932,-0.176879883,-0.915893555,0.357543945,0.0447998047,0.484375,-0.14453125,0.5,-0.5625,-6.34375,-6.9921875,-0.052734375,1.20117188,-1.04492188
2319,23034201,23334201,-0.173950195,-0.916992188,0.355224609,0.0516357422,0.484375,-0.14453125,0.5,-0.5625,-6.34375,-6.9921875,-0.31640625,1.05664062,-1.0625
2320,23042530,23342530,-0.171142578,-0.918273926,0.352233887,0.0578613281,0.4609375,0.7578125,0.30078125,-0.2734375,-6.328125,-7.0234375,-0.31640625,1.05664062,-1.0625
2321,23052953,23352953,-0.168823242,-0.919616699,0.348876953,0.0637817383,0.4609375,0.7578125,0.30078125,-0.2734375,-6.328125,-7.0234375,-0.53515625,1.08203125,-0.92578125
2322,23057197,23357197,-0.166748047,-0.920898438,0.345214844,0.0702514648,1.15234375,0.55078125,0.82421875,-0.0078125,-6.2734375,-7.0859375,-0.53515625,1.08203125,-0.92578125
2323,23072953,23372953,-0.164978027,-0.921875,0.342224121,0.0766601562,1.15234375,0.55078125,0.82421875,-0.0078125,-6.2734375,-7.0859375,-0.298828125,1.15234375,-0.80859375
2324,23079413,23379413,-0.163330078,-0.922485352,0.33984375,0.0828857422,0.99609375,-0.35546875,1.14453125,0.265625,-6.2109375,-7.140625,-0.298828125,1.15234375,-0.80859375
2325,23091858,23391858,-0.161621094,-0.922973633,0.337768555,0.0887451172,0.99609375,-0.35546875,1.14453125,0.265625,-6.2109375,-7.140625,-0.18359375,0.958984375,-0.7578125
2326,23095602,23395602,-0.159851074,-0.923461914,0.335876465,0.09375,0.24609375,0.01171875,1.0859375,0.515625,-6.15625,-7.15625,-0.18359375,0.958984375,-0.7578125
2327,23113921,23413921,-0.157958984,-0.924072266,0.333740234,0.0985107422,0.24609375,0.01171875,1.0859375,0.515625,-6.15625,-7.15625,-0.267578125,0.724609375,-0.662109375
2328,23115391,23415391,-0.15637207,-0.924682617,0.331542969,0.102539062,0.18359375,0.6640625,0.5625,0.734375,-6.1171875,-7.171875,-0.267578125,0.724609375,-0.662109375
2329,23128529,23428529,-0.155029297,-0.925292969,0.329345703,0.106384277,0.18359375,0.6640625,0.5625,0.734375,-6.1171875,-7.171875,-0.30859375,0.6640625,-0.54296875
2330,23134510,23434510,-0.153869629,-0.925842285,0.327087402,0.110107422,0.24609375,-0.1484375,-0.0625,0.8984375,-6.0703125,-7.1953125,-0.30859375,0.6640625,-0.54296875
2331,23152280,23452280,-0.152893066,-0.926391602,0.324890137,0.113586426,0.24609375,-0.1484375,-0.0625,0.8984375,-6.0703125,-7.1953125,-0.3203125,0.634765625,-0.44921875
2332,23156445,23456445,-0.152160645,-0.926818848,0.322753906,0.116882324,-0.0234375,-0.3203125,-0.078125,1.0546875,-6.015625,-7.21875,-0.3203125,0.634765625,-0.44921875
2333,23168060,23468060,-0.151550293,-0.927185059,0.320861816,0.119934082,-0.0234375,-0.3203125,-0.078125,1.0546875,-6.015625,-7.21875,-0.244140625,0.544921875,-0.326171875
2334,23174057,23474057,-0.151123047,-0.927490234,0.319213867,0.122619629,-0.234375,-0.7890625,-0.20703125,1.1875,-5.96875,-7.2421875,-0.244140625,0.544921875,-0.326171875
2335,23190694,23490694,-0.150817871,-0.92767334,0.317871094,0.12487793,-0.234375,-0.7890625,-0.20703125,1.1875,-5.96875,-7.2421875,-0.169921875,0.404296875,-0.21484375
2336,23200662,23500662,-0.150634766,-0.927856445,0.316772461,0.126708984,-0.296875,-1.0546875,-0.46875,1.2890625,-5.9296875,-7.25,-0.169921875,0.404296875,-0.21484375
2337,23211195,23511195,-0.150512695,-0.92791748,0.315856934,0.128479004,-0.296875,-1.0546875,-0.46875,1.2890625,-5.9296875,-7.25,-0.095703125,0.3125,-0.14453125
2338,23214926,23514926,-0.150390625,-0.927978516,0.315185547,0.129943848,-0.25,-1.05078125,-0.58203125,1.359375,-5.8984375,-7.25,-0.095703125,0.3125,-0.14453125
2339,23231920,23531920,-0.150268555,-0.928039551,0.31451416,0.131225586,-0.25,-1.05078125,-0.58203125,1.359375,-5.8984375,-7.25,-0.08984375,0.208984375,-0.11328125
2340,23236048,23536048,-0.150085449,-0.928161621,0.313842773,0.132080078,-0.19140625,-0.796875,-0.57421875,1.4140625,-5.8828125,-7.2578125,-0.08984375,0.208984375,-0.11328125
2341,23248278,23548278,-0.149963379,-0.928344727,0.313171387,0.132751465,-0.19140625,-0.796875,-0.57421875,1.4140625,-5.8828125,-7.2578125,-0.10546875,0.091796875,-0.078125
2342,23254288,23554288,-0.149841309,-0.928466797,0.31262207,0.133117676,-0.23046875,-0.7265625,-0.8046875,1.453125,-5.875,-7.2578125,-0.10546875,0.091796875,-0.078125
2343,23269205,23569205,-0.149902344,-0.928527832,0.31237793,0.133300781,-0.23046875,-0.7265625,-0.8046875,1.453125,-5.875,-7.2578125,-0.013671875,0.0234375,0.01171875
2344,23277650,23577650,-0.150024414,-0.928466797,0.3125,0.133239746,-0.19921875,-0.97265625,-0.72265625,1.4609375,-5.859375,-7.265625,-0.013671875,0.0234375,0.01171875
2345,23288666,23588666,-0.15020752,-0.928405762,0.312866211,0.132751465,-0.19921875,-0.97265625,-0.72265625,1.4609375,-5.859375,-7.265625,0.06640625,-0.107421875,0.095703125
2346,23293703,23593703,-0.15045166,-0.928283691,0.313354492,0.132019043,-0.4921875,-0.8125,-0.68359375,1.4453125,-5.8671875,-7.265625,0.06640625,-0.107421875,0.095703125
2347,23310282,23610282,-0.150817871,-0.928222656,0.313842773,0.130859375,-0.4921875,-0.8125,-0.68359375,1.4453125,-5.8671875,-7.265625,0.046875,-0.232421875,0.16796875
2348,23314020,23614020,-0.151245117,-0.928222656,0.314331055,0.129455566,-0.4609375,-0.48828125,-0.56640625,1.4140625,-5.8828125,-7.265625,0.046875,-0.232421875,0.16796875
2349,23329012,23629012,-0.151855469,-0.928222656,0.314819336,0.127502441,-0.4609375,-0.48828125,-0.56640625,1.4140625,-5.8828125,-7.265625,0.0078125,-0.349609375,0.25390625
2350,23332755,23632755,-0.152526855,-0.928222656,0.315307617,0.125427246,-0.3125,-0.2890625,-0.328125,1.34375,-5.890625,-7.2734375,0.0078125,-0.349609375,0.25390625
2351,23349841,23649841,-0.153259277,-0.928222656,0.315917969,0.122741699,-0.3125,-0.2890625,-0.328125,1.34375,-5.890625,-7.2734375,0.005859375,-0.482421875,0.333984375
2352,23357218,23657218,-0.15411377,-0.928283691,0.316467285,0.119934082,-0.2890625,-0.20703125,-0.3125,1.2421875,-5.8984375,-7.2890625,0.005859375,-0.482421875,0.333984375
2353,23368480,23668480,-0.155090332,-0.928283691,0.317199707,0.116577148,-0.2890625,-0.20703125,-0.3125,1.2421875,-5.8984375,-7.2890625,-0.001953125,-0.578125,0.427734375
2354,23372201,23672201,-0.156188965,-0.928283691,0.317871094,0.11328125,-0.125,-0.12109375,-0.11328125,1.1171875,-5.90625,-7.296875,-0.001953125,-0.578125,0.427734375
2355,23388862,23688862,-0.157470703,-0.928283691,0.318786621,0.109130859,-0.125,-0.12109375,-0.11328125,1.1171875,-5.90625,-7.296875,0.01953125,-0.69921875,0.51953125
2356,23392582,23692582,-0.158691406,-0.928222656,0.319641113,0.105102539,-0.08984375,-0.18359375,-0.0234375,0.96875,-5.921875,-7.3125,0.01953125,-0.69921875,0.51953125
2357,23408560,23708560,-0.16015625,-0.928100586,0.320739746,0.100280762,-0.08984375,-0.18359375,-0.0234375,0.96875,-5.921875,-7.3125,0.025390625,-0.822265625,0.59375
2358,23412286,23712286,-0.161560059,-0.927978516,0.321838379,0.095703125,-0.02734375,-0.08984375,-0.015625,0.7890625,-5.9375,-7.3203125,0.025390625,-0.822265625,0.59375
2359,23428972,23728972,-0.163208008,-0.92779541,0.323120117,0.0903930664,-0.02734375,-0.08984375,-0.015625,0.7890625,-5.9375,-7.3203125,0.048828125,-0.900390625,0.66796875
2360,23437935,23737935,-0.164794922,-0.92755127,0.32434082,0.0852661133,0.015625,0.0390625,0.0703125,0.59375,-5.953125,-7.328125,0.048828125,-0.900390625,0.66796875
2361,23447912,23747912,-0.166564941,-0.927307129,0.325561523,0.0796508789,0.015625,0.0390625,0.0703125,0.59375,-5.953125,-7.328125,0.017578125,-0.96875,0.74609375
2362,23452951,23752951,-0.168518066,-0.927001953,0.326782227,0.0738525391,0.15625,0.09375,0.078125,0.375,-5.96875,-7.3359375,0.017578125,-0.96875,0.74609375
2363,23468246,23768246,-0.170593262,-0.926696777,0.32800293,0.0673828125,0.15625,0.09375,0.078125,0.375,-5.96875,-7.3359375,0.005859375,-1.07226562,0.833984375
2364,23471972,23771972,-0.172668457,-0.926330566,0.329162598,0.0612792969,0.21484375,-0.01953125,-0.19140625,0.125,-5.96875,-7.3359375,0.005859375,-1.07226562,0.833984375
2365,23488097,23788097,-0.175231934,-0.925842285,0.330444336,0.0542602539,0.21484375,-0.01953125,-0.19140625,0.125,-5.96875,-7.3359375,-0.013671875,-1.07421875,0.90234375
2366,23493145,23793145,-0.17755127,-0.925415039,0.331359863,0.0482177734,0.328125,-0.01953125,-0.15234375,-0.140625,-5.96875,-7.3359375,-0.013671875,-1.07421875,0.90234375
2367,23507499,23807499,-0.180175781,-0.924865723,0.332275391,0.0416259766,0.328125,-0.01953125,-0.15234375,-0.140625,-5.96875,-7.3359375,-0.08203125,-1.06445312,0.958984375
2368,23516616,23816616,-0.182800293,-0.924316406,0.333068848,0.0350952148,0.2890625,-0.296875,-0.11328125,-0.40625,-5.9609375,-7.3359375,-0.08203125,-1.06445312,0.958984375
2369,23528063,23828063,-0.18572998,-0.923583984,0.33416748,0.0279541016,0.2890625,-0.296875,-0.11328125,-0.40625,-5.9609375,-7.3359375,-0.0078125,-1.15039062,1.02734375
2370,23531796,23831796,-0.188476562,-0.922790527,0.335388184,0.0209960938,0.2265625,-0.50390625,-0.15234375,-0.6875,-5.9453125,-7.3359375,-0.0078125,-1.15039062,1.02734375
2371,23546190,23846190,-0.191345215,-0.921875,0.336669922,0.0135498047,0.2265625,-0.50390625,-0.15234375,-0.6875,-5.9453125,-7.3359375,-0.005859375,-1.25195312,1.07617188
2372,23553895,23853895,-0.194274902,-0.920898438,0.33795166,0.00573730469,0.21484375,-0.59765625,-0.3671875,-0.984375,-5.9296875,-7.3125,-0.005859375,-1.25195312,1.07617188
2373,23565375,23865375,0.19708252,0.919799805,-0.339294434,0.00183105469,0.21484375,-0.59765625,-0.3671875,-0.984375,-5.9296875,-7.3125,0.017578125,-1.23046875,1.0625
2374,23573224,23873224,0.199951172,0.918701172,-0.340515137,0.00915527344,0.4140625,-0.4296875,-0.24609375,-1.296875,-5.90625,-7.28125,0.017578125,-1.23046875,1.0625
2375,23586517,23886517,0.202758789,0.917602539,-0.341552734,0.0162963867,0.4140625,-0.4296875,-0.24609375,-1.296875,-5.90625,-7.28125,0,-1.25,1.09570312
2376,23595200,23895200,0.205566406,0.916259766,-0.343017578,0.0244750977,-0.171875,-0.421875,-0.26953125,-1.59375,-5.875,-7.2578125,0,-1.25,1.09570312
2377,23605495,23905495,0.207946777,0.914794922,-0.344665527,0.0326538086,-0.171875,-0.421875,-0.26953125,-1.59375,-5.875,-7.2578125,0.095703125,-1.52539062,1.07421875
2378,23612832,23912832,0.210205078,0.913208008,-0.346618652,0.0419311523,-0.2265625,-0.21484375,-0.40625,-1.921875,-5.8515625,-7.1953125,0.095703125,-1.52539062,1.07421875
2379,23628786,23928786,0.212280273,0.911499023,-0.348571777,0.0511474609,-0.2265625,-0.21484375,-0.40625,-1.921875,-5.8515625,-7.1953125,0.119140625,-1.62695312,1.0546875
2380,23632513,23932513,0.214111328,0.909790039,-0.350463867,0.0599365234,0.1796875,0.21484375,-0.37109375,-2.2890625,-5.8203125,-7.1171875,0.119140625,-1.62695312,1.0546875
2381,23646905,23946905,0.216003418,0.907958984,-0.352233887,0.0695800781,0.1796875,0.21484375,-0.37109375,-2.2890625,-5.8203125,-7.1171875,0.021484375,-1.69726562,1.03710938
2382,23652893,23952893,0.217590332,0.90625,-0.353759766,0.0787963867,0.21484375,0.44140625,0.0390625,-2.6328125,-5.78125,-7.03125,0.021484375,-1.69726562,1.03710938
2383,23666505,23966505,0.219116211,0.90435791,-0.35534668,0.0888061523,0.21484375,0.44140625,0.0390625,-2.6328125,-5.78125,-7.03125,0,-1.77148438,1.00390625
2384,23674592,23974592,0.22052002,0.90234375,-0.356933594,0.098815918,0.19140625,0.50390625,-0.0234375,-2.9921875,-5.7265625,-6.9296875,0,-1.77148438,1.00390625
2385,23689076,23989076,0.221801758,0.90032959,-0.358459473,0.108276367,0.19140625,0.50390625,-0.0234375,-2.9921875,-5.7265625,-6.9296875,0.025390625,-1.77539062,0.9921875
2386,23692808,23992808,0.223022461,0.898193359,-0.359924316,0.118041992,0.28515625,0.44140625,-0.0625,-3.3515625,-5.6640625,-6.8125,0.025390625,-1.77539062,0.9921875
2387,23705633,24005633,0.224182129,0.895996094,-0.36138916,0.127929688,0.28515625,0.44140625,-0.0625,-3.3515625,-5.6640625,-6.8125,-0.001953125,-1.83203125,0.98828125
2388,23711638,24011638,0.225280762,0.893615723,-0.362915039,0.137878418,-0.12890625,-0.1953125,0.04296875,-3.703125,-5.6015625,-6.6875,-0.001953125,-1.83203125,0.98828125
2389,23727086,24027086,0.226196289,0.891235352,-0.364562988,0.147216797,-0.12890625,-0.1953125,0.04296875,-3.703125,-5.6015625,-6.6875,0.125,-1.83007812,0.931640625
2390,23730816,24030816,0.227050781,0.88848877,-0.366638184,0.156982422,-0.015625,-0.53515625,-0.0625,-4.046875,-5.53125,-6.546875,0.125,-1.83007812,0.931640625
2391,23745157,24045157,0.227905273,0.885498047,-0.36895752,0.166625977,-0.015625,-0.53515625,-0.0625,-4.046875,-5.53125,-6.546875,0.248046875,-1.77539062,0.884765625
2392,23753597,24053597,0.228759766,0.882568359,-0.371398926,0.175598145,0.25,-0.0078125,-0.00390625,-4.390625,-5.484375,-6.375,0.248046875,-1.77539062,0.884765625
2393,23765920,24065920,0.229614258,0.879577637,-0.373779297,0.184204102,0.25,-0.0078125,-0.00390625,-4.390625,-5.484375,-6.375,0.275390625,-1.64648438,0.8203125
2394,23771888,24071888,0.23034668,0.876586914,-0.376098633,0.192626953,0.37109375,0.3671875,-0.11328125,-4.703125,-5.4375,-6.1875,0.275390625,-1.64648438,0.8203125
2395,23784506,24084506,0.230957031,0.873779297,-0.378173828,0.200317383,0.37109375,0.3671875,-0.11328125,-4.703125,-5.4375,-6.1875,0.212890625,-1.51171875,0.724609375
2396,23790493,24090493,0.231384277,0.871154785,-0.379943848,0.207885742,0.453125,0.75,0.16796875,-4.9765625,-5.3984375,-6.0078125,0.212890625,-1.51171875,0.724609375
2397,23804035,24104035,0.231750488,0.868713379,-0.381286621,0.214904785,0.453125,0.75,0.16796875,-4.9765625,-5.3984375,-6.0078125,0.083984375,-1.31640625,0.62890625
2398,23811393,24111393,0.232055664,0.866516113,-0.382507324,0.221313477,0.19921875,0.3515625,0.1640625,-5.21875,-5.34375,-5.8515625,0.083984375,-1.31640625,0.62890625
2399,23824408,24124408,0.232299805,0.864196777,-0.383850098,0.227783203,0.19921875,0.3515625,0.1640625,-5.21875,-5.34375,-5.8515625,0.134765625,-1.234375,0.568359375
2400,23833958,24133958,0.232543945,0.861816406,-0.385253906,0.234008789,0.0859375,0.2265625,0.24609375,-5.4140625,-5.296875,-5.703125,0.134765625,-1.234375,0.568359375
2401,23845197,24145197,0.232849121,0.859436035,-0.386657715,0.239990234,0.0859375,0.2265625,0.24609375,-5.4140625,-5.296875,-5.703125,0.150390625,-1.16210938,0.55859375
2402,23851179,24151179,0.233215332,0.857177734,-0.387878418,0.245788574,0.48046875,0.67578125,0.2890625,-5.6171875,-5.25,-5.5546875,0.150390625,-1.16210938,0.55859375
2403,23865729,24165729,0.233520508,0.85534668,-0.38873291,0.250549316,0.48046875,0.67578125,0.2890625,-5.6171875,-5.25,-5.5546875,0.0546875,-0.9296875,0.48046875
2404,23870774,24170774,0.233764648,0.853637695,-0.389343262,0.255187988,0.375,0.59375,0.31640625,-5.78125,-5.203125,-5.4296875,0.0546875,-0.9296875,0.48046875
2405,23885470,24185470,0.233825684,0.852050781,-0.389770508,0.25970459,0.375,0.59375,0.31640625,-5.78125,-5.203125,-5.4296875,-0.025390625,-0.806640625,0.369140625
2406,23890166,24190166,0.233764648,0.850708008,-0.390136719,0.263549805,0.05859375,0.27734375,0.29296875,-5.921875,-5.15625,-5.328125,-0.025390625,-0.806640625,0.369140625
2407,23905044,24205044,0.233703613,0.849304199,-0.39050293,0.267456055,0.05859375,0.27734375,0.29296875,-5.921875,-5.15625,-5.328125,0.01171875,-0.705078125,0.318359375
2408,23913963,24213963,0.233764648,0.848022461,-0.391052246,0.270812988,0.28125,0.046875,0.08203125,-6.03125,-5.1171875,-5.234375,0.01171875,-0.705078125,0.318359375
2409,23924259,24224259,0.233886719,0.846740723,-0.391662598,0.273803711,0.28125,0.046875,0.08203125,-6.03125,-5.1171875,-5.234375,0.083984375,-0.54296875,0.2578125
2410,23930256,24230256,0.234008789,0.84564209,-0.392211914,0.276245117,0.26171875,0.16796875,0.08203125,-6.125,-5.0859375,-5.15625,0.083984375,-0.54296875,0.2578125
2411,23944732,24244732,0.234130859,0.844726562,-0.392700195,0.278198242,0.26171875,0.16796875,0.08203125,-6.125,-5.0859375,-5.15625,0.041015625,-0.341796875,0.169921875
2412,23949756,24249756,0.234191895,0.844116211,-0.392944336,0.279663086,0.1796875,0.49609375,0.2109375,-6.1953125,-5.0703125,-5.09375,0.041015625,-0.341796875,0.169921875
2413,23965371,24265371,0.23425293,0.843688965,-0.393066406,0.280761719,0.1796875,0.49609375,0.2109375,-6.1953125,-5.0703125,-5.09375,-0.005859375,-0.1640625,0.078125
2414,23969114,24269114,0.23425293,0.843444824,-0.393127441,0.28137207,0.0625,0.28125,0.29296875,-6.234375,-5.046875,-5.0625,-0.005859375,-0.1640625,0.078125
2415,23985360,24285360,0.23425293,0.843322754,-0.393249512,0.281555176,0.0625,0.28125,0.29296875,-6.234375,-5.046875,-5.0625,0.029296875,-0.001953125,0.005859375
2416,23993604,24293604,0.234375,0.843322754,-0.393371582,0.28137207,0.03515625,-0.109375,0.35546875,-6.2421875,-5.0390625,-5.046875,0.029296875,-0.001953125,0.005859375
2417,24004737,24304737,0.23449707,0.843444824,-0.393493652,0.280700684,0.03515625,-0.109375,0.35546875,-6.2421875,-5.0390625,-5.046875,0.06640625,0.158203125,-0.056640625
2418,24009771,24309771,0.234680176,0.843688965,-0.393676758,0.279541016,0.1015625,0.015625,0.32421875,-6.234375,-5.046875,-5.0546875,0.06640625,0.158203125,-0.056640625
2419,24025847,24325847,0.234863281,0.844055176,-0.393859863,0.277954102,0.1015625,0.015625,0.32421875,-6.234375,-5.046875,-5.0546875,0.076171875,0.361328125,-0.146484375
2420,24029565,24329565,0.235046387,0.844726562,-0.393859863,0.275878906,0.25390625,0.19140625,0.38671875,-6.1953125,-5.0703125,-5.078125,0.076171875,0.361328125,-0.146484375
2421,24044834,24344834,0.235229492,0.84564209,-0.393737793,0.273071289,0.25390625,0.19140625,0.38671875,-6.1953125,-5.0703125,-5.078125,0.03515625,0.572265625,-0.240234375
2422,24049882,24349882,0.235351562,0.846679688,-0.393493652,0.270019531,0.30078125,0.18359375,0.36328125,-6.125,-5.1015625,-5.1328125,0.03515625,0.572265625,-0.240234375
2423,24065559,24365559,0.235412598,0.848022461,-0.393127441,0.266174316,0.30078125,0.18359375,0.36328125,-6.125,-5.1015625,-5.1328125,0.01953125,0.759765625,-0.349609375
2424,24073619,24373619,0.235412598,0.84942627,-0.392822266,0.262145996,0.16796875,0.1484375,0.2890625,-6.03125,-5.140625,-5.2109375,0.01953125,0.759765625,-0.349609375
2425,24084751,24384751,0.235351562,0.851135254,-0.39239502,0.257385254,0.16796875,0.1484375,0.2890625,-6.03125,-5.140625,-5.2109375,0.013671875,0.9296875,-0.462890625
2426,24088475,24388475,0.235168457,0.852905273,-0.391906738,0.252380371,0.265625,0.1953125,0.16015625,-5.8984375,-5.1875,-5.3125,0.013671875,0.9296875,-0.462890625
2427,24103756,24403756,0.234985352,0.854980469,-0.391296387,0.246459961,0.265625,0.1953125,0.16015625,-5.8984375,-5.1875,-5.3125,-0.009765625,1.12695312,-0.568359375
2428,24111430,24411430,0.234741211,0.857055664,-0.390563965,0.240356445,0.16796875,0.2578125,0.078125,-5.7265625,-5.25,-5.421875,-0.009765625,1.12695312,-0.568359375
2429,24123920,24423920,0.23449707,0.85925293,-0.389770508,0.234008789,0.16796875,0.2578125,0.078125,-5.7265625,-5.25,-5.421875,-0.0234375,1.29882812,-0.62890625
2430,24128960,24428960,0.234313965,0.861694336,-0.388793945,0.226745605,0.09765625,0.203125,0.09765625,-5.5390625,-5.3125,-5.5546875,-0.0234375,1.29882812,-0.62890625
2431,24144046,24444046,0.234069824,0.864013672,-0.387878418,0.219543457,0.09765625,0.203125,0.09765625,-5.5390625,-5.3125,-5.5546875,-0.017578125,1.4296875,-0.6953125
2432,24153341,24453341,0.233764648,0.866577148,-0.386779785,0.211608887,-0.0234375,0.265625,0.0625,-5.3046875,-5.375,-5.7109375,-0.017578125,1.4296875,-0.6953125
2433,24164197,24464197,0.233398438,0.869018555,-0.385620117,0.204101562,-0.0234375,0.265625,0.0625,-5.3046875,-5.375,-5.7109375,-0.0703125,1.53320312,-0.779296875
2434,24168491,24468491,0.232849121,0.871582031,-0.384277344,0.195983887,-0.1484375,0.26171875,0.02734375,-5.0625,-5.4453125,-5.8671875,-0.0703125,1.53320312,-0.779296875
2435,24184773,24484773,0.232116699,0.874450684,-0.38269043,0.187133789,-0.1484375,0.26171875,0.02734375,-5.0625,-5.4453125,-5.8671875,-0.111328125,1.62890625,-0.86328125
2436,24188497,24488497,0.231323242,0.877075195,-0.381164551,0.178710938,-0.2109375,0.17578125,-0.0703125,-4.7734375,-5.515625,-6.0390625,-0.111328125,1.62890625,-0.86328125
2437,24203397,24503397,0.23046875,0.879882812,-0.379394531,0.169555664,-0.2109375,0.17578125,-0.0703125,-4.7734375,-5.515625,-6.0390625,-0.130859375,1.74414062,-0.931640625
2438,24208449,24508449,0.229553223,0.88269043,-0.377563477,0.159851074,-0.125,0.0078125,-0.2109375,-4.4765625,-5.578125,-6.203125,-0.130859375,1.74414062,-0.931640625
2439,24224770,24524770,0.228759766,0.885314941,-0.375915527,0.15032959,-0.125,0.0078125,-0.2109375,-4.4765625,-5.578125,-6.203125,-0.06640625,1.77734375,-0.923828125
2440,24233206,24533206,0.227966309,0.887695312,-0.374267578,0.141052246,-0.078125,0.0859375,-0.27734375,-4.140625,-5.65625,-6.3671875,-0.06640625,1.77734375,-0.923828125
2441,24243231,24543231,0.227294922,0.890136719,-0.372436523,0.131469727,-0.078125,0.0859375,-0.27734375,-4.140625,-5.65625,-6.3671875,-0.09765625,1.84375,-0.91015625
2442,24251970,24551970,0.2265625,0.89263916,-0.370422363,0.121154785,0.1328125,0.11328125,-0.3984375,-3.8125,-5.71875,-6.515625,-0.09765625,1.84375,-0.91015625
2443,24264659,24564659,0.225708008,0.895019531,-0.368408203,0.110961914,0.1328125,0.11328125,-0.3984375,-3.8125,-5.71875,-6.515625,-0.1171875,1.89453125,-0.984375
2444,24268384,24568384,0.224609375,0.897216797,-0.366394043,0.101318359,-0.37890625,-0.140625,-0.2109375,-3.453125,-5.7734375,-6.6640625,-0.1171875,1.89453125,-0.984375
2445,24284864,24584864,0.223083496,0.899536133,-0.364501953,0.0906982422,-0.37890625,-0.140625,-0.2109375,-3.453125,-5.7734375,-6.6640625,-0.0234375,1.80859375,-1.09765625
2446,24292913,24592913,0.221374512,0.901428223,-0.36315918,0.0810546875,-0.44921875,-0.4296875,-0.5,-3.078125,-5.828125,-6.796875,-0.0234375,1.80859375,-1.09765625
2447,24302887,24602887,0.219116211,0.903320312,-0.361999512,0.0704956055,-0.44921875,-0.4296875,-0.5,-3.078125,-5.828125,-6.796875,0.087890625,1.68945312,-1.19726562
2448,24310991,24610991,0.21673584,0.905029297,-0.360839844,0.0609130859,-0.40234375,0.3203125,-0.17578125,-2.703125,-5.890625,-6.890625,0.087890625,1.68945312,-1.19726562
2449,24325023,24625023,0.214233398,0.906738281,-0.359558105,0.051574707,-0.40234375,0.3203125,-0.17578125,-2.703125,-5.890625,-6.890625,-0.015625,1.56640625,-1.171875
2450,24330610,24630610,0.211791992,0.90838623,-0.358032227,0.0427246094,-0.00390625,0.66015625,0.32421875,-2.3359375,-5.9609375,-6.96875,-0.015625,1.56640625,-1.171875
2451,24345317,24645317,0.209106445,0.91003418,-0.356323242,0.0337524414,-0.00390625,0.66015625,0.32421875,-2.3359375,-5.9609375,-6.96875,-0.103515625,1.42382812,-1.1484375
2452,24349037,24649037,0.206420898,0.911621094,-0.354553223,0.0258789062,0.06640625,0.39453125,0.27734375,-1.984375,-6,-7.0390625,-0.103515625,1.42382812,-1.1484375
2453,24364841,24664841,0.203613281,0.913085938,-0.352722168,0.0187988281,0.06640625,0.39453125,0.27734375,-1.984375,-6,-7.0390625,-0.166015625,1.1640625,-1.07617188
2454,24371972,24671972,0.200805664,0.914550781,-0.350891113,0.0119628906,0.52734375,0.03515625,-0.04296875,-1.6796875,-6.0234375,-7.1015625,-0.166015625,1.1640625,-1.07617188
2455,24381950,24681950,0.197937012,0.915893555,-0.349121094,0.00512695312,0.52734375,0.03515625,-0.04296875,-1.6796875,-6.0234375,-7.1015625,-0.126953125,1.03710938,-0.978515625
2456,24390594,24690594,-0.195373535,-0.917053223,0.347717285,0.00109863281,0.54296875,-0.03515625,0.01171875,-1.390625,-6.03125,-7.15625,-0.126953125,1.03710938,-0.978515625
2457,24401188,24701188,-0.192871094,-0.91796875,0.346435547,0.00769042969,0.54296875,-0.03515625,0.01171875,-1.390625,-6.03125,-7.15625,-0.01953125,1.10546875,-0.927734375
2458,24411356,24711356,-0.190612793,-0.918884277,0.345214844,0.014465332,0.85546875,0.2109375,0.42578125,-1.125,-6.046875,-7.1875,-0.01953125,1.10546875,-0.927734375
2459,24421353,24721353,-0.188476562,-0.919677734,0.34387207,0.0213623047,0.85546875,0.2109375,0.42578125,-1.125,-6.046875,-7.1875,-0.0234375,1.1640625,-0.896484375
2460,24427317,24727317,-0.186401367,-0.920349121,0.342651367,0.0278930664,0.734375,0.06640625,0.296875,-0.8515625,-6.0546875,-7.2109375,-0.0234375,1.1640625,-0.896484375
2461,24441600,24741600,-0.184204102,-0.921081543,0.341308594,0.0344848633,0.734375,0.06640625,0.296875,-0.8515625,-6.0546875,-7.2109375,-0.0390625,1.03125,-0.853515625
2462,24449592,24749592,-0.182006836,-0.92175293,0.340087891,0.0403442383,0.27734375,-0.1484375,0.16796875,-0.5859375,-6.0703125,-7.234375,-0.0390625,1.03125,-0.853515625
2463,24461593,24761593,-0.179748535,-0.922363281,0.338806152,0.0460205078,0.27734375,-0.1484375,0.16796875,-0.5859375,-6.0703125,-7.234375,-0.048828125,0.92578125,-0.841796875
2464,24471006,24771006,-0.17755127,-0.922973633,0.337585449,0.0514526367,0.41796875,0.2265625,0.48828125,-0.34375,-6.0625,-7.25,-0.048828125,0.92578125,-0.841796875
2465,24484164,24784164,-0.175231934,-0.923522949,0.336242676,0.0573730469,0.41796875,0.2265625,0.48828125,-0.34375,-6.0625,-7.25,-0.056640625,0.931640625,-0.82421875
2466,24490607,24790607,-0.173095703,-0.924072266,0.334960938,0.0626831055,0.48828125,-0.01171875,0.3046875,-0.109375,-6.0546875,-7.2578125,-0.056640625,0.931640625,-0.82421875
2467,24501300,24801300,-0.170776367,-0.924621582,0.333618164,0.0682373047,0.48828125,-0.01171875,0.3046875,-0.109375,-6.0546875,-7.2578125,-0.0625,0.826171875,-0.77734375
2468,24507283,24807283,-0.168640137,-0.925048828,0.332458496,0.0731201172,0.1875,-0.1328125,0.23828125,0.1171875,-6.046875,-7.265625,-0.0625,0.826171875,-0.77734375
2469,24519110,24819110,-0.166625977,-0.925354004,0.331542969,0.0776977539,0.1875,-0.1328125,0.23828125,0.1171875,-6.046875,-7.265625,0.02734375,0.76953125,-0.716796875
2470,24528619,24828619,-0.164611816,-0.925537109,0.330810547,0.0825195312,0.13671875,-0.02734375,0.4296875,0.3203125,-6.0390625,-7.265625,0.02734375,0.76953125,-0.716796875
2471,24542519,24842519,-0.162780762,-0.925598145,0.330322266,0.0872802734,0.13671875,-0.02734375,0.4296875,0.3203125,-6.0390625,-7.265625,0.103515625,0.744140625,-0.60546875
2472,24552489,24852489,-0.161376953,-0.925598145,0.33001709,0.0913696289,0.1328125,-0.32421875,0.296875,0.515625,-6.046875,-7.25,0.103515625,0.744140625,-0.60546875
2473,24563923,24863923,-0.160095215,-0.925476074,0.329772949,0.0953369141,0.1328125,-0.32421875,0.296875,0.515625,-6.046875,-7.25,0.11328125,0.595703125,-0.45703125
2474,24570609,24870609,-0.158935547,-0.925354004,0.329650879,0.0986328125,-0.17578125,-0.51171875,0.0078125,0.671875,-6.0546875,-7.2265625,0.11328125,0.595703125,-0.45703125
2475,24581875,24881875,-0.157836914,-0.925231934,0.329650879,0.101806641,-0.17578125,-0.51171875,0.0078125,0.671875,-6.0546875,-7.2265625,0.12109375,0.466796875,-0.37109375
2476,24586927,24886927,-0.156982422,-0.925109863,0.329650879,0.104492188,-0.1171875,-0.49609375,-0.37109375,0.8046875,-6.0703125,-7.1953125,0.12109375,0.466796875,-0.37109375
2477,24601650,24901650,-0.15612793,-0.924926758,0.329589844,0.107299805,-0.1171875,-0.49609375,-0.37109375,0.8046875,-6.0703125,-7.1953125,0.099609375,0.44140625,-0.30078125
2478,24608940,24908940,-0.155395508,-0.924743652,0.329528809,0.109741211,0.0390625,-0.640625,-0.546875,0.9140625,-6.078125,-7.171875,0.099609375,0.44140625,-0.30078125
2479,24621157,24921157,-0.154541016,-0.924743652,0.329284668,0.112243652,0.0390625,-0.640625,-0.546875,0.9140625,-6.078125,-7.171875,0.015625,0.380859375,-0.33203125
2480,24629612,24929612,-0.153625488,-0.924804688,0.328674316,0.114501953,-0.0546875,-0.25,-0.41015625,1.0078125,-6.0859375,-7.15625,0.015625,0.380859375,-0.33203125
2481,24640685,24940685,-0.152832031,-0.925048828,0.327636719,0.116516113,-0.0546875,-0.25,-0.41015625,1.0078125,-6.0859375,-7.15625,-0.169921875,0.353515625,-0.2890625
2482,24650530,24950530,-0.152282715,-0.925354004,0.32635498,0.118347168,0.04296875,0.1875,-0.0625,1.1015625,-6.0625,-7.15625,-0.169921875,0.353515625,-0.2890625
2483,24660012,24960012,-0.151977539,-0.92565918,0.325073242,0.119689941,0.04296875,0.1875,-0.0625,1.1015625,-6.0625,-7.15625,-0.197265625,0.224609375,-0.16015625
2484,24667016,24967016,-0.151733398,-0.925964355,0.32409668,0.120666504,-0.140625,-0.6875,-0.421875,1.171875,-6.03125,-7.1796875,-0.197265625,0.224609375,-0.16015625
2485,24680642,24980642,-0.151672363,-0.926025391,0.323608398,0.121276855,-0.140625,-0.6875,-0.421875,1.171875,-6.03125,-7.1796875,-0.03125,0.09375,-0.044921875
2486,24687235,24987235,-0.151611328,-0.926025391,0.323608398,0.121643066,-0.44140625,-1.0546875,-0.68359375,1.203125,-6.0078125,-7.1875,-0.03125,0.09375,-0.044921875
2487,24701585,25001585,-0.151550293,-0.92590332,0.323974609,0.121643066,-0.44140625,-1.0546875,-0.68359375,1.203125,-6.0078125,-7.1875,0.1015625,-0.04296875,0.01171875
2488,24710982,25010982,-0.151489258,-0.92578125,0.324462891,0.121398926,-0.6015625,-0.703125,-0.80859375,1.2109375,-6.015625,-7.1796875,0.1015625,-0.04296875,0.01171875
2489,24721446,25021446,-0.151550293,-0.92565918,0.325012207,0.120727539,-0.6015625,-0.703125,-0.80859375,1.2109375,-6.015625,-7.1796875,0.064453125,-0.158203125,0.08203125
2490,24729363,25029363,-0.151672363,-0.925598145,0.325439453,0.119750977,-0.5,-0.33984375,-0.80859375,1.1875,-6.03125,-7.1796875,0.064453125,-0.158203125,0.08203125
2491,24740758,25040758,-0.151916504,-0.92565918,0.325744629,0.118408203,-0.5,-0.33984375,-0.80859375,1.1875,-6.03125,-7.1796875,-0.01171875,-0.2734375,0.16796875
2492,24745790,25045790,-0.15234375,-0.925720215,0.32598877,0.116577148,-0.33984375,-0.2578125,-0.76953125,1.140625,-6.0390625,-7.1796875,-0.01171875,-0.2734375,0.16796875
2493,24760701,25060701,-0.152893066,-0.92578125,0.32623291,0.114624023,-0.33984375,-0.2578125,-0.76953125,1.140625,-6.0390625,-7.1796875,-0.021484375,-0.3671875,0.2578125
2494,24766230,25066230,-0.153564453,-0.92578125,0.326660156,0.112304688,-0.23046875,-0.33203125,-0.68359375,1.0703125,-6.0390625,-7.1875,-0.021484375,-0.3671875,0.2578125
2495,24780093,25080093,-0.154296875,-0.92578125,0.327209473,0.110046387,-0.23046875,-0.33203125,-0.68359375,1.0703125,-6.0390625,-7.1875,0.03125,-0.4453125,0.333984375
2496,24788874,25088874,-0.155151367,-0.92565918,0.32800293,0.10723877,-0.25,-0.5625,-0.3984375,0.9765625,-6.0390625,-7.203125,0.03125,-0.4453125,0.333984375
2497,24799855,25099855,-0.156005859,-0.925537109,0.328979492,0.104187012,-0.25,-0.5625,-0.3984375,0.9765625,-6.0390625,-7.203125,0.08203125,-0.560546875,0.396484375
2498,24810748,25110748,-0.156860352,-0.925354004,0.33001709,0.100891113,-0.2109375,-0.42578125,-0.32421875,0.859375,-6.0625,-7.203125,0.08203125,-0.560546875,0.396484375
2499,24819406,25119406,-0.157714844,-0.925170898,0.331115723,0.0974121094,-0.2109375,-0.42578125,-0.32421875,0.859375,-6.0625,-7.203125,0.095703125,-0.66015625,0.451171875
2500,24827095,25127095,-0.158752441,-0.924987793,0.332336426,0.0933837891,-0.078125,-0.1328125,-0.171875,0.7265625,-6.0859375,-7.203125,0.095703125,-0.66015625,0.451171875
2501,24839776,25139776,-0.159851074,-0.924804688,0.333435059,0.0892333984,-0.078125,-0.1328125,-0.171875,0.7265625,-6.0859375,-7.203125,0.0546875,-0.7421875,0.529296875
2502,24845227,25145227,-0.161193848,-0.924621582,0.334472656,0.0848999023,0.0859375,0.12109375,0.01953125,0.5625,-6.109375,-7.203125,0.0546875,-0.7421875,0.529296875
2503,24861311,25161311,-0.162658691,-0.924438477,0.335388184,0.0802612305,0.0859375,0.12109375,0.01953125,0.5625,-6.109375,-7.203125,-0.0078125,-0.80078125,0.623046875
2504,24871379,25171379,-0.16418457,-0.924255371,0.336242676,0.0755615234,0.04296875,0.08984375,0.09765625,0.375,-6.1171875,-7.203125,-0.0078125,-0.80078125,0.623046875
2505,24885215,25185215,-0.16595459,-0.924072266,0.337097168,0.0703735352,0.04296875,0.08984375,0.09765625,0.375,-6.1171875,-7.203125,-0.029296875,-0.88671875,0.732421875
2506,24888938,25188938,-0.168029785,-0.92376709,0.338012695,0.0646362305,0.1328125,-0.0703125,0.07421875,0.171875,-6.109375,-7.21875,-0.029296875,-0.88671875,0.732421875
2507,24902332,25202332,-0.16998291,-0.923461914,0.338867188,0.0592651367,0.1328125,-0.0703125,0.07421875,0.171875,-6.109375,-7.21875,-0.005859375,-0.951171875,0.80859375
2508,24906060,25206060,-0.172241211,-0.922973633,0.33996582,0.0532836914,0.203125,-0.1875,0,-0.0546875,-6.109375,-7.21875,-0.005859375,-0.951171875,0.80859375
2509,24921038,25221038,-0.174560547,-0.922485352,0.341064453,0.0471191406,0.203125,-0.1875,0,-0.0546875,-6.109375,-7.21875,-0.009765625,-0.994140625,0.876953125
2510,24928181,25228181,-0.176879883,-0.921936035,0.342041016,0.0411987305,0.30078125,-0.0703125,0.03515625,-0.3046875,-6.109375,-7.21875,-0.009765625,-0.994140625,0.876953125
2511,24938763,25238763,-0.179443359,-0.921325684,0.343139648,0.0346069336,0.30078125,-0.0703125,0.03515625,-0.3046875,-6.109375,-7.21875,-0.005859375,-1.04101562,0.94140625
2512,24947540,25247540,-0.182067871,-0.920654297,0.344238281,0.028137207,0.21484375,-0.33984375,-0.125,-0.5625,-6.109375,-7.2109375,-0.005859375,-1.04101562,0.94140625
2513,24959135,25259135,-0.184631348,-0.91986084,0.345336914,0.021484375,0.21484375,-0.33984375,-0.125,-0.5625,-6.109375,-7.2109375,0.001953125,-1.08984375,0.982421875
2514,24964103,25264103,-0.187316895,-0.919067383,0.346435547,0.0147705078,0.296875,-0.31640625,-0.0625,-0.8359375,-6.09375,-7.1953125,0.001953125,-1.08984375,0.982421875
2515,24978190,25278190,-0.190002441,-0.918212891,0.347473145,0.00793457031,0.296875,-0.31640625,-0.0625,-0.8359375,-6.09375,-7.1953125,-0.0390625,-1.11328125,1.0078125
2516,24985093,25285093,-0.192687988,-0.917358398,0.348266602,0.000854492188,0.37890625,-0.1875,0.07421875,-1.109375,-6.0703125,-7.1796875,-0.0390625,-1.11328125,1.0078125
2517,24998533,25298533,0.19519043,0.916564941,-0.348999023,0.00634765625,0.37890625,-0.1875,0.07421875,-1.109375,-6.0703125,-7.1796875,-0.083984375,-1.203125,1.00195312
2518,25004099,25304099,0.197631836,0.915649414,-0.34979248,0.0135498047,0.359375,-0.3046875,-0.28515625,-1.3984375,-6.03125,-7.1640625,-0.083984375,-1.203125,1.00195312
2519,25017902,25317902,0.200073242,0.914611816,-0.350769043,0.0212402344,0.359375,-0.3046875,-0.28515625,-1.3984375,-6.03125,-7.1640625,-0.056640625,-1.29492188,1.015625
2520,25026075,25326075,0.202392578,0.913452148,-0.351806641,0.0291137695,0.046875,-0.57421875,-0.2421875,-1.6953125,-5.9921875,-7.1328125,-0.056640625,-1.29492188,1.015625
2521,25038239,25338239,0.204467773,0.912231445,-0.353088379,0.0366210938,0.046875,-0.57421875,-0.2421875,-1.6953125,-5.9921875,-7.1328125,0.078125,-1.34960938,0.982421875
2522,25044105,25344105,0.206542969,0.910766602,-0.354736328,0.0443725586,0.08203125,-0.51953125,-0.25,-2,-5.96875,-7.0859375,0.078125,-1.34960938,0.982421875
2523,25059803,25359803,0.208496094,0.909240723,-0.356506348,0.0526123047,0.08203125,-0.51953125,-0.25,-2,-5.96875,-7.0859375,0.087890625,-1.38867188,0.93359375
2524,25063442,25363442,0.210144043,0.907775879,-0.358032227,0.0601806641,0.2109375,0.21484375,-0.01953125,-2.3203125,-5.9375,-7.0078125,0.087890625,-1.38867188,0.93359375
2525,25077641,25377641,0.211791992,0.906188965,-0.359619141,0.0684204102,0.2109375,0.21484375,-0.01953125,-2.3203125,-5.9375,-7.0078125,0.056640625,-1.41796875,0.900390625
2526,25084666,25384666,0.213195801,0.904663086,-0.361022949,0.076171875,0.24609375,0.22265625,0.0546875,-2.625,-5.90625,-6.9296875,0.056640625,-1.41796875,0.900390625
2527,25098264,25398264,0.214477539,0.902954102,-0.362670898,0.0846557617,0.24609375,0.22265625,0.0546875,-2.625,-5.90625,-6.9296875,0.1015625,-1.4765625,0.84375
2528,25106796,25406796,0.215576172,0.901184082,-0.364379883,0.0926513672,0,0.26171875,-0.1484375,-2.9140625,-5.8671875,-6.84375,0.1015625,-1.4765625,0.84375
2529,25117028,25417028,0.21661377,0.899353027,-0.366149902,0.100830078,0,0.26171875,-0.1484375,-2.9140625,-5.8671875,-6.84375,0.142578125,-1.52734375,0.833984375
2530,25126388,25426388,0.217651367,0.897277832,-0.368103027,0.109375,0.1875,0.48828125,0.01171875,-3.21875,-5.828125,-6.734375,0.142578125,-1.52734375,0.833984375
2531,25136785,25436785,0.21862793,0.895324707,-0.369995117,0.117370605,0.1875,0.48828125,0.01171875,-3.21875,-5.828125,-6.734375,0.16796875,-1.55273438,0.826171875
2532,25143683,25443683,0.219482422,0.893127441,-0.372009277,0.125671387,0.2578125,0.15234375,0.28515625,-3.515625,-5.796875,-6.625,0.16796875,-1.55273438,0.826171875
2533,25156524,25456524,0.220153809,0.890991211,-0.374023438,0.133422852,0.2578125,0.15234375,0.28515625,-3.515625,-5.796875,-6.625,0.197265625,-1.54296875,0.763671875
2534,25165965,25465965,0.220825195,0.888671875,-0.376098633,0.141723633,0.27734375,0.234375,0,-3.8046875,-5.765625,-6.4921875,0.197265625,-1.54296875,0.763671875
2535,25178552,25478552,0.221313477,0.886474609,-0.377929688,0.149536133,0.27734375,0.234375,0,-3.8046875,-5.765625,-6.4921875,0.142578125,-1.4765625,0.705078125
2536,25188350,25488350,0.221679688,0.884460449,-0.379455566,0.156799316,0.10546875,0.54296875,-0.140625,-4.09375,-5.7265625,-6.3515625,0.142578125,-1.4765625,0.705078125
2537,25200915,25500915,0.222045898,0.882446289,-0.38092041,0.164123535,0.10546875,0.54296875,-0.140625,-4.09375,-5.7265625,-6.3515625,0.08203125,-1.36523438,0.65234375
2538,25204645,25504645,0.222412109,0.880432129,-0.382202148,0.171264648,0.1640625,0.50390625,-0.16015625,-4.34375,-5.6875,-6.21875,0.08203125,-1.36523438,0.65234375
2539,25218187,25518187,0.222839355,0.878417969,-0.383422852,0.178100586,0.1640625,0.50390625,-0.16015625,-4.34375,-5.6875,-6.21875,0.076171875,-1.234375,0.626953125
2540,25223232,25523232,0.223327637,0.876586914,-0.384521484,0.184143066,0.1328125,0.1484375,-0.09375,-4.578125,-5.640625,-6.09375,0.076171875,-1.234375,0.626953125
2541,25240676,25540676,0.223815918,0.874633789,-0.385681152,0.190185547,0.1328125,0.1484375,-0.09375,-4.578125,-5.640625,-6.09375,0.09765625,-1.05664062,0.55078125
2542,25245541,25545541,0.224182129,0.872924805,-0.38671875,0.195373535,-0.01171875,0.0234375,0.09765625,-4.78125,-5.59375,-5.9765625,0.09765625,-1.05664062,0.55078125
2543,25258150,25558150,0.224609375,0.87121582,-0.387756348,0.200439453,-0.01171875,0.0234375,0.09765625,-4.78125,-5.59375,-5.9765625,0.09765625,-0.896484375,0.455078125
2544,25266907,25566907,0.224914551,0.869750977,-0.388671875,0.204589844,0.046875,-0.015625,0.1015625,-4.953125,-5.5546875,-5.8671875,0.09765625,-0.896484375,0.455078125
2545,25280160,25580160,0.225158691,0.868286133,-0.389587402,0.208618164,0.046875,-0.015625,0.1015625,-4.953125,-5.5546875,-5.8671875,0.11328125,-0.689453125,0.33984375
2546,25285244,25585244,0.225402832,0.867126465,-0.390441895,0.211669922,0.109375,0.078125,0.19921875,-5.09375,-5.53125,-5.7734375,0.11328125,-0.689453125,0.33984375
2547,25297837,25597837,0.225524902,0.866027832,-0.391296387,0.214477539,0.109375,0.078125,0.19921875,-5.09375,-5.53125,-5.7734375,0.095703125,-0.474609375,0.21484375
2548,25302865,25602865,0.225585938,0.865234375,-0.391906738,0.216491699,0.203125,0.21484375,0.25390625,-5.1875,-5.515625,-5.7109375,0.095703125,-0.474609375,0.21484375
2549,25317750,25617750,0.225646973,0.864562988,-0.39251709,0.218017578,0.203125,0.21484375,0.25390625,-5.1875,-5.515625,-5.7109375,0.09765625,-0.271484375,0.1171875
2550,25325158,25625158,0.225708008,0.864013672,-0.393127441,0.218994141,0.34375,0.20703125,0.46484375,-5.25,-5.5078125,-5.65625,0.09765625,-0.271484375,0.1171875
2551,25337752,25637752,0.225708008,0.863586426,-0.393798828,0.219421387,0.34375,0.20703125,0.46484375,-5.25,-5.5078125,-5.65625,0.11328125,-0.05859375,-0.013671875
2552,25346604,25646604,0.225585938,0.863464355,-0.394226074,0.219238281,0.3671875,0.5234375,0.48046875,-5.2734375,-5.515625,-5.6328125,0.11328125,-0.05859375,-0.013671875
2553,25358714,25658714,0.225219727,0.863647461,-0.394592285,0.218505859,0.3671875,0.5234375,0.48046875,-5.2734375,-5.515625,-5.6328125,0.0546875,0.1484375,-0.1875
2554,25366745,25666745,0.224731445,0.864013672,-0.394775391,0.217102051,0.3125,0.65234375,0.359375,-5.2578125,-5.53125,-5.625,0.0546875,0.1484375,-0.1875
2555,25375736,25675736,0.224060059,0.864685059,-0.394836426,0.215026855,0.3125,0.65234375,0.359375,-5.2578125,-5.53125,-5.625,0.00390625,0.373046875,-0.314453125
2556,25382345,25682345,0.223510742,0.865539551,-0.39465332,0.212524414,0.40234375,0.64453125,0.421875,-5.1953125,-5.5625,-5.6484375,0.00390625,0.373046875,-0.314453125
2557,25398860,25698860,0.222961426,0.866516113,-0.394287109,0.209594727,0.40234375,0.64453125,0.421875,-5.1953125,-5.5625,-5.6484375,-0.03125,0.603515625,-0.373046875
2558,25402468,25702468,0.222595215,0.867675781,-0.393859863,0.206054688,0.46484375,0.29296875,0.3984375,-5.1015625,-5.59375,-5.703125,-0.03125,0.603515625,-0.373046875
2559,25417300,25717300,0.222229004,0.86907959,-0.393310547,0.201721191,0.46484375,0.29296875,0.3984375,-5.1015625,-5.59375,-5.703125,-0.017578125,0.82421875,-0.443359375
2560,25425838,25725838,0.221923828,0.870422363,-0.39276123,0.19720459,0.4140625,0.21875,0.3515625,-4.9765625,-5.6328125,-5.7734375,-0.017578125,0.82421875,-0.443359375
2561,25438872,25738872,0.221496582,0.871948242,-0.392211914,0.191894531,0.4140625,0.21875,0.3515625,-4.9765625,-5.6328125,-5.7734375,0.005859375,1.0078125,-0.5546875
2562,25443186,25743186,0.221008301,0.873535156,-0.391662598,0.186279297,0.2890625,0.2265625,0.37109375,-4.8125,-5.6796875,-5.8671875,0.005859375,1.0078125,-0.5546875
2563,25455950,25755950,0.220336914,0.875366211,-0.390930176,0.179870605,0.2890625,0.2265625,0.37109375,-4.8125,-5.6796875,-5.8671875,-0.0234375,1.15429688,-0.671875
2564,25463497,25763497,0.219604492,0.877258301,-0.390014648,0.173339844,0.23828125,0.328125,0.39453125,-4.609375,-5.7421875,-5.96875,-0.0234375,1.15429688,-0.671875
2565,25479759,25779759,0.218688965,0.879333496,-0.388977051,0.166503906,0.23828125,0.328125,0.39453125,-4.609375,-5.7421875,-5.96875,-0.1015625,1.27539062,-0.76171875
2566,25484312,25784312,0.217651367,0.881469727,-0.387634277,0.159362793,0.28125,0.3046875,0.08203125,-4.3828125,-5.796875,-6.078125,-0.1015625,1.27539062,-0.76171875
2567,25496267,25796267,0.21661377,0.883666992,-0.386108398,0.152038574,0.28125,0.3046875,0.08203125,-4.3828125,-5.796875,-6.078125,-0.171875,1.3828125,-0.82421875
2568,25505515,25805515,0.215515137,0.885986328,-0.384399414,0.14440918,0.12890625,0.19921875,-0.05078125,-4.1171875,-5.84375,-6.2109375,-0.171875,1.3828125,-0.82421875
2569,25519136,25819136,0.214416504,0.888305664,-0.382568359,0.136413574,0.12890625,0.19921875,-0.05078125,-4.1171875,-5.84375,-6.2109375,-0.181640625,1.48828125,-0.84375
2570,25522742,25822742,0.213439941,0.890441895,-0.380859375,0.128479004,0.23046875,-0.03125,-0.1015625,-3.8359375,-5.8828125,-6.3515625,-0.181640625,1.48828125,-0.84375
2571,25536565,25836565,0.212463379,0.892456055,-0.379272461,0.120300293,0.23046875,-0.03125,-0.1015625,-3.8359375,-5.8828125,-6.3515625,-0.07421875,1.55664062,-0.873046875
2572,25543429,25843429,0.211486816,0.89440918,-0.377929688,0.111633301,0.09765625,-0.17578125,-0.1015625,-3.546875,-5.9296875,-6.46875,-0.07421875,1.55664062,-0.873046875
2573,25559121,25859121,0.210327148,0.896240234,-0.376831055,0.102539062,0.09765625,-0.17578125,-0.1015625,-3.546875,-5.9296875,-6.46875,0.04296875,1.578125,-0.931640625
2574,25563446,25863446,0.208984375,0.897949219,-0.375854492,0.0936279297,-0.0234375,0.1171875,0.20703125,-3.234375,-5.9921875,-6.5859375,0.04296875,1.578125,-0.931640625
2575,25575792,25875792,0.207336426,0.899719238,-0.374694824,0.0847167969,-0.0234375,0.1171875,0.20703125,-3.234375,-5.9921875,-6.5859375,-0.03125,1.52148438,-1.03125
2576,25583491,25883491,0.205383301,0.901489258,-0.37322998,0.076171875,-0.23828125,0.484375,0.1015625,-2.90625,-6.0546875,-6.671875,-0.03125,1.52148438,-1.03125
2577,25598932,25898932,0.203186035,0.903381348,-0.371459961,0.0678100586,-0.23828125,0.484375,0.1015625,-2.90625,-6.0546875,-6.671875,-0.1953125,1.40820312,-1.0703125
2578,25604375,25904375,0.200866699,0.905334473,-0.369445801,0.059753418,-0.03125,0.48828125,-0.109375,-2.578125,-6.09375,-6.765625,-0.1953125,1.40820312,-1.0703125
2579,25617698,25917698,0.198547363,0.907104492,-0.367431641,0.051940918,-0.03125,0.48828125,-0.109375,-2.578125,-6.09375,-6.765625,-0.1953125,1.32617188,-1.03710938
2580,25621425,25921425,0.196411133,0.908630371,-0.365722656,0.0446777344,0.1953125,0.2734375,-0.015625,-2.265625,-6.109375,-6.859375,-0.1953125,1.32617188,-1.03710938
2581,25638386,25938386,0.194152832,0.910095215,-0.364196777,0.0368041992,0.1953125,0.2734375,-0.015625,-2.265625,-6.109375,-6.859375,-0.05859375,1.28710938,-0.9609375
2582,25642107,25942107,0.192260742,0.911254883,-0.362976074,0.0294189453,0.578125,-0.0390625,0.390625,-1.9609375,-6.140625,-6.921875,-0.05859375,1.28710938,-0.9609375
2583,25655089,25955089,0.190307617,0.91229248,-0.361999512,0.0218505859,0.578125,-0.0390625,0.390625,-1.9609375,-6.140625,-6.921875,0.044921875,1.2734375,-0.951171875
2584,25663943,25963943,0.188171387,0.913208008,-0.36114502,0.0144042969,0.44140625,-0.0859375,0.5546875,-1.671875,-6.171875,-6.96875,0.044921875,1.2734375,-0.951171875
2585,25677972,25977972,0.185913086,0.914123535,-0.360290527,0.00726318359,0.44140625,-0.0859375,0.5546875,-1.671875,-6.171875,-6.96875,0.00390625,1.1015625,-0.92578125
2586,25682536,25982536,0.18371582,0.914978027,-0.359191895,0.0009765625,0.53515625,0.13671875,0.390625,-1.3828125,-6.203125,-7,0.00390625,1.1015625,-0.92578125
2587,25696809,25996809,-0.181335449,-0.916015625,0.357788086,0.00518798828,0.53515625,0.13671875,0.390625,-1.3828125,-6.203125,-7,-0.150390625,0.943359375,-0.859375
2588,25700551,26000551,-0.179321289,-0.916931152,0.356262207,0.0108032227,0.5546875,0.265625,0.27734375,-1.1328125,-6.21875,-7.0390625,-0.150390625,0.943359375,-0.859375
2589,25718008,26018008,-0.177368164,-0.917907715,0.354614258,0.0169067383,0.5546875,0.265625,0.27734375,-1.1328125,-6.21875,-7.0390625,-0.1171875,1.01757812,-0.779296875
2590,25723076,26023076,-0.17565918,-0.918640137,0.353210449,0.022644043,0.49609375,-0.09375,0.1171875,-0.8828125,-6.203125,-7.0703125,-0.1171875,1.01757812,-0.779296875
2591,25735959,26035959,-0.173950195,-0.919311523,0.351928711,0.0282592773,0.49609375,-0.09375,0.1171875,-0.8828125,-6.203125,-7.0703125,-0.052734375,0.890625,-0.708984375
2592,25744093,26044093,-0.172302246,-0.919799805,0.350952148,0.0331420898,-0.04296875,-0.46875,-0.1171875,-0.6484375,-6.2109375,-7.1015625,-0.052734375,0.890625,-0.708984375
2593,25756886,26056886,-0.170410156,-0.920349121,0.349914551,0.0380859375,-0.04296875,-0.46875,-0.1171875,-0.6484375,-6.2109375,-7.1015625,-0.060546875,0.759765625,-0.6953125
2594,25760497,26060497,-0.168640137,-0.920898438,0.348876953,0.0426635742,-0.015625,-0.23828125,-0.33984375,-0.4453125,-6.2109375,-7.109375,-0.060546875,0.759765625,-0.6953125
2595,25773645,26073645,-0.166809082,-0.921447754,0.347717285,0.0477905273,-0.015625,-0.23828125,-0.33984375,-0.4453125,-6.2109375,-7.109375,-0.064453125,0.85546875,-0.7109375
2596,25780549,26080549,-0.165039062,-0.921875,0.346496582,0.0530395508,0.09375,-0.28515625,-0.5234375,-0.25,-6.203125,-7.1171875,-0.064453125,0.85546875,-0.7109375
2597,25795447,26095447,-0.163391113,-0.922302246,0.345275879,0.0582885742,0.09375,-0.28515625,-0.5234375,-0.25,-6.203125,-7.1171875,-0.056640625,0.91015625,-0.6796875
2598,25799065,26099065,-0.161987305,-0.922607422,0.344299316,0.0634765625,-0.0390625,-0.7890625,-0.40234375,-0.0390625,-6.1953125,-7.125,-0.056640625,0.91015625,-0.6796875
2599,25815097,26115097,-0.160583496,-0.922729492,0.343444824,0.0690917969,-0.0390625,-0.7890625,-0.40234375,-0.0390625,-6.1953125,-7.125,0.076171875,0.91015625,-0.62890625
2600,25823075,26123075,-0.159240723,-0.922790527,0.342956543,0.0740966797,-0.17578125,-0.9453125,-0.36328125,0.171875,-6.1953125,-7.125,0.076171875,0.91015625,-0.62890625
2601,25836062,26136062,-0.157897949,-0.922790527,0.342346191,0.0792236328,-0.17578125,-0.9453125,-0.36328125,0.171875,-6.1953125,-7.125,0.076171875,0.828125,-0.60546875
2602,25839679,26139679,-0.156433105,-0.922851562,0.34173584,0.0839233398,-0.1875,-0.36328125,0.08203125,0.375,-6.203125,-7.109375,0.076171875,0.828125,-0.60546875
2603,25855291,26155291,-0.155029297,-0.923034668,0.340881348,0.0882568359,-0.1875,-0.36328125,0.08203125,0.375,-6.203125,-7.109375,-0.052734375,0.671875,-0.533203125
2604,25858894,26158894,-0.153869629,-0.923217773,0.339904785,0.0918579102,-0.0234375,0.17578125,-0.1953125,0.5546875,-6.203125,-7.1015625,-0.052734375,0.671875,-0.533203125
2605,25876003,26176003,-0.152709961,-0.923461914,0.338745117,0.0955200195,-0.0234375,0.17578125,-0.1953125,0.5546875,-6.203125,-7.1015625,-0.1015625,0.5703125,-0.4453125
2606,25879630,26179630,-0.151733398,-0.923706055,0.337768555,0.0985717773,-0.09375,-0.1484375,-0.42578125,0.703125,-6.1875,-7.1015625,-0.1015625,0.5703125,-0.4453125
2607,25893734,26193734,-0.150634766,-0.923828125,0.336791992,0.101806641,-0.09375,-0.1484375,-0.42578125,0.703125,-6.1875,-7.1015625,-0.041015625,0.525390625,-0.416015625
2608,25901467,26201467,-0.149658203,-0.923950195,0.336120605,0.104919434,0.04296875,-0.39453125,-0.578125,0.8359375,-6.171875,-7.1015625,-0.041015625,0.525390625,-0.416015625
2609,25914382,26214382,-0.148681641,-0.923950195,0.335510254,0.108093262,0.04296875,-0.39453125,-0.578125,0.8359375,-6.171875,-7.1015625,0.015625,0.546875,-0.392578125
2610,25921067,26221067,-0.147888184,-0.923828125,0.335083008,0.111206055,-0.12109375,-0.29296875,-0.28125,0.9609375,-6.15625,-7.09375,0.015625,0.546875,-0.392578125
2611,25932844,26232844,-0.147033691,-0.923706055,0.334777832,0.114440918,-0.12109375,-0.29296875,-0.28125,0.9609375,-6.15625,-7.09375,0.072265625,0.541015625,-0.34765625
2612,25939220,26239220,-0.14630127,-0.923522949,0.334472656,0.117492676,-0.0546875,-0.33203125,-0.02734375,1.0859375,-6.15625,-7.078125,0.072265625,0.541015625,-0.34765625
2613,25954246,26254246,-0.145568848,-0.923400879,0.334228516,0.120300293,-0.0546875,-0.33203125,-0.02734375,1.0859375,-6.15625,-7.078125,0.0546875,0.443359375,-0.314453125
2614,25959312,26259312,-0.144836426,-0.923278809,0.33392334,0.122619629,-0.0859375,0.05859375,0.0625,1.1953125,-6.1640625,-7.0546875,0.0546875,0.443359375,-0.314453125
2615,25972367,26272367,-0.144165039,-0.923278809,0.333496094,0.124755859,-0.0859375,0.05859375,0.0625,1.1953125,-6.1640625,-7.0546875,-0.03515625,0.3359375,-0.26953125
2616,25985423,26285423,-0.143493652,-0.923339844,0.332824707,0.126708984,-0.02734375,0.05078125,-0.2890625,1.2890625,-6.15625,-7.046875,-0.03515625,0.3359375,-0.26953125
2617,25998564,26298564,-0.142944336,-0.923461914,0.332092285,0.128295898,-0.02734375,0.05078125,-0.2890625,1.2890625,-6.15625,-7.046875,-0.080078125,0.267578125,-0.21484375
2618,26002994,26302994,-0.14251709,-0.923583984,0.331420898,0.129821777,0.015625,0.07421875,-0.25,1.359375,-6.140625,-7.046875,-0.080078125,0.267578125,-0.21484375
2619,26012966,26312966,-0.142211914,-0.92364502,0.330749512,0.131164551,0.015625,0.07421875,-0.25,1.359375,-6.140625,-7.046875,-0.08203125,0.23046875,-0.15234375
2620,26020657,26320657,-0.141967773,-0.92376709,0.330078125,0.132324219,-0.0390625,-0.24609375,-0.13671875,1.4140625,-6.125,-7.046875,-0.08203125,0.23046875,-0.15234375
2621,26033940,26333940,-0.141723633,-0.92388916,0.329528809,0.133178711,-0.0390625,-0.24609375,-0.13671875,1.4140625,-6.125,-7.046875,-0.076171875,0.12890625,-0.095703125
2622,26038215,26338215,-0.141601562,-0.923950195,0.329162598,0.133728027,-0.078125,-0.2265625,-0.01171875,1.453125,-6.109375,-7.0546875,-0.076171875,0.12890625,-0.095703125
2623,26053027,26353027,-0.141479492,-0.92401123,0.328918457,0.134033203,-0.078125,-0.2265625,-0.01171875,1.453125,-6.109375,-7.0546875,-0.01953125,0.03125,-0.033203125
2624,26061488,26361488,-0.141418457,-0.924072266,0.328857422,0.134094238,-0.140625,-0.38671875,-0.05078125,1.4765625,-6.1015625,-7.0546875,-0.01953125,0.03125,-0.033203125
2625,26072626,26372626,-0.141357422,-0.924072266,0.328918457,0.133911133,-0.140625,-0.38671875,-0.05078125,1.4765625,-6.1015625,-7.0546875,0.005859375,-0.07421875,0.025390625
2626,26079546,26379546,-0.141357422,-0.924072266,0.329040527,0.133361816,-0.17578125,-0.38671875,-0.2421875,1.4765625,-6.1015625,-7.0546875,0.005859375,-0.07421875,0.025390625
2627,26093440,26393440,-0.141479492,-0.924133301,0.329101562,0.132629395,-0.17578125,-0.38671875,-0.2421875,1.4765625,-6.1015625,-7.0546875,-0.015625,-0.150390625,0.0859375
2628,26099731,26399731,-0.141723633,-0.924194336,0.329223633,0.131774902,0,-0.38671875,-0.2734375,1.453125,-6.1015625,-7.0625,-0.015625,-0.150390625,0.0859375
2629,26113951,26413951,-0.142089844,-0.924255371,0.329406738,0.130554199,0,-0.38671875,-0.2734375,1.453125,-6.1015625,-7.0625,-0.009765625,-0.2109375,0.169921875
2630,26117565,26417565,-0.142578125,-0.924255371,0.329650879,0.129272461,-0.0390625,-0.46484375,-0.296875,1.4140625,-6.1015625,-7.078125,-0.009765625,-0.2109375,0.169921875
2631,26132841,26432841,-0.143188477,-0.924316406,0.32989502,0.127685547,-0.0390625,-0.46484375,-0.296875,1.4140625,-6.1015625,-7.078125,-0.01171875,-0.263671875,0.228515625
2632,26141476,26441476,-0.143859863,-0.924316406,0.330200195,0.126037598,-0.015625,-0.30078125,-0.05859375,1.3515625,-6.109375,-7.0859375,-0.01171875,-0.263671875,0.228515625
2633,26152641,26452641,-0.144592285,-0.924316406,0.330566406,0.124206543,-0.015625,-0.30078125,-0.05859375,1.3515625,-6.109375,-7.0859375,0.009765625,-0.310546875,0.287109375
2634,26158385,26458385,-0.145446777,-0.924316406,0.331054688,0.122192383,0.01953125,-0.33203125,0.1015625,1.28125,-6.1171875,-7.09375,0.009765625,-0.310546875,0.287109375
2635,26173893,26473893,-0.14630127,-0.924316406,0.331481934,0.119812012,0.01953125,-0.33203125,0.1015625,1.28125,-6.1171875,-7.09375,-0.009765625,-0.419921875,0.34765625
2636,26177499,26477499,-0.147216797,-0.924316406,0.33203125,0.117248535,-0.078125,-0.31640625,-0.04296875,1.1875,-6.1328125,-7.1015625,-0.009765625,-0.419921875,0.34765625
2637,26192554,26492554,-0.148254395,-0.924316406,0.332580566,0.114196777,-0.078125,-0.31640625,-0.04296875,1.1875,-6.1328125,-7.1015625,-0.0078125,-0.515625,0.408203125
2638,26200418,26500418,-0.149353027,-0.924316406,0.333190918,0.111083984,-0.046875,-0.26953125,-0.1484375,1.078125,-6.140625,-7.109375,-0.0078125,-0.515625,0.408203125
2639,26212806,26512806,-0.15045166,-0.924316406,0.33380127,0.107849121,-0.046875,-0.26953125,-0.1484375,1.078125,-6.140625,-7.109375,0,-0.546875,0.443359375
2640,26220470,26520470,-0.151550293,-0.924255371,0.334472656,0.104675293,0.046875,-0.26953125,-0.28515625,0.9453125,-6.140625,-7.125,0,-0.546875,0.443359375
2641,26231951,26531951,-0.152832031,-0.924133301,0.335205078,0.101257324,0.046875,-0.26953125,-0.28515625,0.9453125,-6.140625,-7.125,0.01953125,-0.564453125,0.474609375
2642,26237706,26537706,-0.153991699,-0.92401123,0.335998535,0.0979003906,0.06640625,-0.33984375,-0.2421875,0.8125,-6.1484375,-7.1328125,0.01953125,-0.564453125,0.474609375
2643,26255071,26555071,-0.155273438,-0.92388916,0.336791992,0.0942993164,0.06640625,-0.33984375,-0.2421875,0.8125,-6.1484375,-7.1328125,0.03125,-0.578125,0.482421875
2644,26258681,26558681,-0.156494141,-0.923706055,0.337646484,0.0908813477,0.12890625,-0.171875,-0.15625,0.671875,-6.1640625,-7.140625,0.03125,-0.578125,0.482421875
2645,26270978,26570978,-0.157836914,-0.923522949,0.338439941,0.0874633789,0.12890625,-0.171875,-0.15625,0.671875,-6.1640625,-7.140625,0.02734375,-0.57421875,0.501953125
2646,26276721,26576721,-0.159118652,-0.923339844,0.339172363,0.0841674805,0.1171875,-0.078125,-0.078125,0.53125,-6.1796875,-7.140625,0.02734375,-0.57421875,0.501953125
2647,26290672,26590672,-0.160461426,-0.923156738,0.339904785,0.0805053711,0.1171875,-0.078125,-0.078125,0.53125,-6.1796875,-7.140625,0,-0.583984375,0.50390625
2648,26299493,26599493,-0.161865234,-0.923034668,0.340515137,0.0769042969,0.1484375,0.0078125,0.04296875,0.3828125,-6.1875,-7.1484375,0,-0.583984375,0.50390625
2649,26311632,26611632,-0.163208008,-0.922790527,0.341186523,0.0732421875,0.1484375,0.0078125,0.04296875,0.3828125,-6.1875,-7.1484375,-0.00390625,-0.607421875,0.533203125
2650,26317363,26617363,-0.164672852,-0.922546387,0.341918945,0.0694580078,0.14453125,-0.109375,0.04296875,0.234375,-6.1875,-7.1484375,-0.00390625,-0.607421875,0.533203125
2651,26330120,26630120,-0.16607666,-0.922302246,0.342773438,0.0657348633,0.14453125,-0.109375,0.04296875,0.234375,-6.1875,-7.1484375,0.04296875,-0.662109375,0.5625
2652,26337034,26637034,-0.167541504,-0.921936035,0.343811035,0.0615844727,0.109375,-0.17578125,-0.0703125,0.078125,-6.1953125,-7.1484375,0.04296875,-0.662109375,0.5625
2653,26350158,26650158,-0.168945312,-0.921508789,0.344787598,0.0576782227,0.109375,-0.17578125,-0.0703125,0.078125,-6.1953125,-7.1484375,0.06640625,-0.650390625,0.5546875
2654,26357123,26657123,-0.170410156,-0.921142578,0.345825195,0.0537109375,0.16015625,-0.0546875,-0.078125,-0.0859375,-6.203125,-7.140625,0.06640625,-0.650390625,0.5546875
2655,26372373,26672373,-0.17175293,-0.920776367,0.346618652,0.049987793,0.16015625,-0.0546875,-0.078125,-0.0859375,-6.203125,-7.140625,0.005859375,-0.625,0.54296875
2656,26381364,26681364,-0.173156738,-0.920532227,0.347167969,0.0464477539,0.31640625,0.14453125,0.03515625,-0.2421875,-6.2109375,-7.140625,0.005859375,-0.625,0.54296875
2657,26392975,26692975,-0.174682617,-0.920227051,0.34765625,0.0427246094,0.31640625,0.14453125,0.03515625,-0.2421875,-6.2109375,-7.140625,-0.03515625,-0.552734375,0.537109375
2658,26396724,26696724,-0.176147461,-0.919921875,0.348083496,0.0392456055,0.34765625,0.06640625,0.11328125,-0.390625,-6.2109375,-7.140625,-0.03515625,-0.552734375,0.537109375
2659,26411565,26711565,-0.177734375,-0.919616699,0.348510742,0.0355834961,0.34765625,0.06640625,0.11328125,-0.390625,-6.2109375,-7.140625,-0.037109375,-0.564453125,0.544921875
2660,26417912,26717912,-0.179321289,-0.919250488,0.348999023,0.0319824219,0.19140625,-0.21484375,-0.04296875,-0.5390625,-6.1953125,-7.140625,-0.037109375,-0.564453125,0.544921875
2661,26431829,26731829,-0.180847168,-0.918823242,0.34954834,0.0286865234,0.19140625,-0.21484375,-0.04296875,-0.5390625,-6.1953125,-7.140625,0.01171875,-0.515625,0.54296875
2662,26435577,26735577,-0.182373047,-0.918395996,0.350158691,0.0256347656,0.2265625,-0.26171875,-0.1640625,-0.6875,-6.1875,-7.1328125,0.01171875,-0.515625,0.54296875
2663,26452060,26752060,-0.184020996,-0.917907715,0.350891113,0.0225219727,0.2265625,-0.26171875,-0.1640625,-0.6875,-6.1875,-7.1328125,0.064453125,-0.453125,0.501953125
2664,26461340,26761340,-0.18536377,-0.917358398,0.35168457,0.0198974609,0.12890625,-0.30078125,-0.09375,-0.8203125,-6.1875,-7.125,0.064453125,-0.453125,0.501953125
2665,26473820,26773820,-0.186706543,-0.916748047,0.352661133,0.0173339844,0.12890625,-0.30078125,-0.09375,-0.8203125,-6.1875,-7.125,0.115234375,-0.39453125,0.44140625
2666,26478359,26778359,-0.187988281,-0.91619873,0.353515625,0.0148925781,0.12890625,-0.0234375,0.1484375,-0.9375,-6.1953125,-7.1015625,0.115234375,-0.39453125,0.44140625
2667,26490572,26790572,-0.189147949,-0.915710449,0.354309082,0.0124511719,0.12890625,-0.0234375,0.1484375,-0.9375,-6.1953125,-7.1015625,0.052734375,-0.369140625,0.380859375
2668,26496916,26796916,-0.190185547,-0.915344238,0.354797363,0.0101928711,0.125,0.28125,0.09375,-1.046875,-6.1953125,-7.0859375,0.052734375,-0.369140625,0.380859375
2669,26510398,26810398,-0.191101074,-0.915039062,0.355041504,0.00793457031,0.125,0.28125,0.09375,-1.046875,-6.1953125,-7.0859375,-0.041015625,-0.345703125,0.32421875
2670,26516550,26816550,-0.191955566,-0.914855957,0.355163574,0.005859375,0.2109375,0.3984375,0.05078125,-1.1328125,-6.1953125,-7.078125,-0.041015625,-0.345703125,0.32421875
2671,26529844,26829844,-0.192749023,-0.914672852,0.355285645,0.00402832031,0.2109375,0.3984375,0.05078125,-1.1328125,-6.1953125,-7.078125,-0.0390625,-0.2734375,0.271484375
2672,26544212,26844212,-0.193481445,-0.914428711,0.35546875,0.00238037109,0.25,0.2265625,0.0859375,-1.2109375,-6.1796875,-7.078125,-0.0390625,-0.2734375,0.271484375
2673,26549451,26849451,-0.194152832,-0.91418457,0.355712891,0.00103759766,0.25,0.2265625,0.0859375,-1.2109375,-6.1796875,-7.078125,0.029296875,-0.19140625,0.224609375
2674,26558234,26858234,0.194885254,0.91394043,-0.356079102,0.000122070312,0.2734375,0.296875,0.1953125,-1.2734375,-6.171875,-7.0703125,0.029296875,-0.19140625,0.224609375
2675,26570832,26870832,0.195495605,0.913635254,-0.356445312,0.00103759766,0.2734375,0.296875,0.1953125,-1.2734375,-6.171875,-7.0703125,0.05078125,-0.12890625,0.1796875
2676,26575859,26875859,0.195983887,0.913391113,-0.356811523,0.00183105469,0.17578125,0.34375,0.29296875,-1.328125,-6.1796875,-7.0546875,0.05078125,-0.12890625,0.1796875
2677,26589519,26889519,0.196411133,0.913208008,-0.357055664,0.00256347656,0.17578125,0.34375,0.29296875,-1.328125,-6.1796875,-7.0546875,0.017578125,-0.115234375,0.125
2678,26596319,26896319,0.196777344,0.913085938,-0.357177734,0.00329589844,0.20703125,0.57421875,0.41015625,-1.359375,-6.1796875,-7.0546875,0.017578125,-0.115234375,0.125
2679,26609686,26909686,0.197021484,0.913085938,-0.357055664,0.00390625,0.20703125,0.57421875,0.41015625,-1.359375,-6.1796875,-7.0546875,-0.06640625,-0.0859375,0.080078125
2680,26626933,26926933,0.19720459,0.913085938,-0.356811523,0.00445556641,0.23828125,0.53515625,0.36328125,-1.390625,-6.1796875,-7.046875,-0.06640625,-0.0859375,0.080078125
2681,26633238,26933238,0.19732666,0.913146973,-0.356628418,0.00494384766,0.23828125,0.53515625,0.36328125,-1.390625,-6.1796875,-7.046875,-0.0546875,-0.0703125,0.064453125
2682,26634709,26934709,0.197509766,0.913146973,-0.356506348,0.00537109375,0.21484375,0.09765625,0.1015625,-1.40625,-6.1640625,-7.0546875,-0.0546875,-0.0703125,0.064453125
2683,26650496,26950496,0.197631836,0.913085938,-0.356567383,0.00567626953,0.21484375,0.09765625,0.1015625,-1.40625,-6.1640625,-7.0546875,0.01953125,-0.03125,0.041015625
2684,26655273,26955273,0.197753906,0.913024902,-0.356689453,0.00573730469,0.26953125,0.04296875,-0.01171875,-1.421875,-6.1484375,-7.0546875,0.01953125,-0.03125,0.041015625
2685,26669299,26969299,0.197875977,0.912963867,-0.356872559,0.00567626953,0.26953125,0.04296875,-0.01171875,-1.421875,-6.1484375,-7.0546875,0.044921875,0.03515625,0.009765625
2686,26675292,26975292,0.197937012,0.912841797,-0.356994629,0.00537109375,0.15625,0.01171875,-0.01171875,-1.421875,-6.15625,-7.0546875,0.044921875,0.03515625,0.009765625
2687,26689363,26989363,0.197998047,0.912841797,-0.357116699,0.00494384766,0.15625,0.01171875,-0.01171875,-1.421875,-6.15625,-7.0546875,0.037109375,0.083984375,-0.033203125
2688,26697488,26997488,0.197937012,0.912841797,-0.357177734,0.00445556641,0.1015625,0.17578125,0.1328125,-1.40625,-6.1640625,-7.046875,0.037109375,0.083984375,-0.033203125
2689,26712305,27012305,0.197875977,0.912902832,-0.356994629,0.00384521484,0.1015625,0.17578125,0.1328125,-1.40625,-6.1640625,-7.046875,-0.041015625,0.11328125,-0.068359375
2690,26716621,27016621,0.197692871,0.913085938,-0.356628418,0.00323486328,0.1171875,0.25,0.0546875,-1.3828125,-6.1640625,-7.046875,-0.041015625,0.11328125,-0.068359375
2691,26730888,27030888,0.197509766,0.913330078,-0.356079102,0.00256347656,0.1171875,0.25,0.0546875,-1.3828125,-6.1640625,-7.046875,-0.091796875,0.130859375,-0.09765625
2692,26734570,27034570,0.19732666,0.913574219,-0.35559082,0.00189208984,0.09375,0.08984375,0.03515625,-1.359375,-6.15625,-7.0625,-0.091796875,0.130859375,-0.09765625
2693,26750702,27050702,0.19708252,0.913818359,-0.355102539,0.00109863281,0.09375,0.08984375,0.03515625,-1.359375,-6.15625,-7.0625,-0.044921875,0.146484375,-0.1015625
2694,26754331,27054331,0.196899414,0.91394043,-0.354919434,0.000244140625,0.0625,-0.22265625,-0.06640625,-1.328125,-6.1484375,-7.078125,-0.044921875,0.146484375,-0.1015625
2695,26771801,27071801,-0.196655273,-0.914001465,0.354858398,0.000854492188,0.0625,-0.22265625,-0.06640625,-1.328125,-6.1484375,-7.078125,0.048828125,0.1875,-0.1171875
2696,26783087,27083087,-0.196411133,-0.914001465,0.354919434,0.001953125,-0.015625,-0.1796875,0.01171875,-1.2890625,-6.15625,-7.078125,0.048828125,0.1875,-0.1171875
2697,26787992,27087992,-0.196105957,-0.9140625,0.354980469,0.00329589844,-0.015625,-0.1796875,0.01171875,-1.2890625,-6.15625,-7.078125,0.0390625,0.205078125,-0.16015625
2698,26797300,27097300,-0.195678711,-0.91418457,0.354858398,0.00457763672,0.05078125,0.25,0.05078125,-1.2421875,-6.1640625,-7.078125,0.0390625,0.205078125,-0.16015625
2699,26811181,27111181,-0.195251465,-0.914428711,0.354553223,0.00598144531,0.05078125,0.25,0.05078125,-1.2421875,-6.1640625,-7.078125,-0.044921875,0.234375,-0.19140625
2700,26818231,27118231,-0.194763184,-0.914672852,0.354064941,0.00726318359,-0.00390625,0.296875,0.05859375,-1.1875,-6.171875,-7.0859375,-0.044921875,0.234375,-0.19140625
2701,26829141,27129141,-0.194274902,-0.915039062,0.353393555,0.00860595703,-0.00390625,0.296875,0.05859375,-1.1875,-6.171875,-7.0859375,-0.08984375,0.21875,-0.1875
2702,26834885,27134885,-0.193786621,-0.915344238,0.352844238,0.00988769531,-0.01953125,0.01953125,0.109375,-1.1328125,-6.1640625,-7.1015625,-0.08984375,0.21875,-0.1875
2703,26848072,27148072,-0.19329834,-0.915588379,0.352478027,0.0111083984,-0.01953125,0.01953125,0.109375,-1.1328125,-6.1640625,-7.1015625,-0.017578125,0.21484375,-0.193359375
2704,26856467,27156467,-0.192810059,-0.915710449,0.352294922,0.0124511719,0.00390625,-0.140625,0.04296875,-1.078125,-6.15625,-7.109375,-0.017578125,0.21484375,-0.193359375
2705,26870986,27170986,-0.192199707,-0.915893555,0.352172852,0.0139770508,0.00390625,-0.140625,0.04296875,-1.078125,-6.15625,-7.109375,0.029296875,0.236328125,-0.220703125
2706,26874609,27174609,-0.191650391,-0.916015625,0.352050781,0.0154418945,0.17578125,0.17578125,0.08203125,-1.0234375,-6.1640625,-7.109375,0.029296875,0.236328125,-0.220703125
2707,26888492,27188492,-0.190979004,-0.91619873,0.351928711,0.0170288086,0.17578125,0.17578125,0.08203125,-1.0234375,-6.1640625,-7.109375,0.021484375,0.2421875,-0.22265625
2708,26896787,27196787,-0.190368652,-0.916381836,0.35168457,0.0184936523,0.10546875,0.2265625,0.1171875,-0.953125,-6.1796875,-7.109375,0.021484375,0.2421875,-0.22265625
2709,26907047,27207047,-0.189819336,-0.916564941,0.35144043,0.0198364258,0.10546875,0.2265625,0.1171875,-0.953125,-6.1796875,-7.109375,-0.0234375,0.193359375,-0.19140625
2710,26913466,27213466,-0.189331055,-0.916748047,0.351135254,0.0209350586,0.05078125,0.15234375,0.08984375,-0.8984375,-6.1796875,-7.1171875,-0.0234375,0.193359375,-0.19140625
2711,26927808,27227808,-0.188842773,-0.916931152,0.350769043,0.0219116211,0.05078125,0.15234375,0.08984375,-0.8984375,-6.1796875,-7.1171875,-0.041015625,0.1484375,-0.15234375
2712,26936517,27236517,-0.188476562,-0.917114258,0.350463867,0.0227050781,0.08203125,0.11328125,0.09765625,-0.8515625,-6.1796875,-7.125,-0.041015625,0.1484375,-0.15234375
2713,26950671,27250671,-0.188049316,-0.917358398,0.350097656,0.0234985352,0.08203125,0.11328125,0.09765625,-0.8515625,-6.1796875,-7.125,-0.046875,0.11328125,-0.119140625
2714,26954604,27254604,-0.187744141,-0.917480469,0.34979248,0.0241699219,0.04296875,-0.0859375,-0.0859375,-0.8125,-6.171875,-7.1328125,-0.046875,0.11328125,-0.119140625
2715,26969457,27269457,-0.187438965,-0.917663574,0.349487305,0.0247802734,0.04296875,-0.0859375,-0.0859375,-0.8125,-6.171875,-7.1328125,-0.048828125,0.095703125,-0.09375
2716,26975461,27275461,-0.187194824,-0.91784668,0.349182129,0.0253295898,-0.01953125,-0.125,-0.04296875,-0.7890625,-6.171875,-7.140625,-0.048828125,0.095703125,-0.09375
2717,26988070,27288070,-0.187011719,-0.91796875,0.348876953,0.0258178711,-0.01953125,-0.125,-0.04296875,-0.7890625,-6.171875,-7.140625,-0.0390625,0.078125,-0.072265625
2718,26993811,27293811,-0.186828613,-0.91809082,0.348632812,0.0262451172,-0.08203125,-0.24609375,-0.2265625,-0.765625,-6.1640625,-7.1484375,-0.0390625,0.078125,-0.072265625
2719,27006962,27306962,-0.186645508,-0.918151855,0.348510742,0.0266113281,-0.08203125,-0.24609375,-0.2265625,-0.765625,-6.1640625,-7.1484375,-0.009765625,0.052734375,-0.048828125
2720,27015485,27315485,-0.186523438,-0.918212891,0.348449707,0.0269165039,-0.10546875,-0.33203125,-0.26171875,-0.7421875,-6.15625,-7.1484375,-0.009765625,0.052734375,-0.048828125
2721,27029876,27329876,-0.186462402,-0.918212891,0.348388672,0.0272216797,-0.10546875,-0.33203125,-0.26171875,-0.7421875,-6.15625,-7.1484375,0.00390625,0.0390625,-0.03515625
2722,27034158,27334158,-0.186401367,-0.918212891,0.348388672,0.0274658203,-0.11328125,-0.33203125,-0.30078125,-0.734375,-6.15625,-7.1484375,0.00390625,0.0390625,-0.03515625
2723,27048670,27348670,-0.186340332,-0.918212891,0.348388672,0.0276489258,-0.11328125,-0.33203125,-0.30078125,-0.734375,-6.15625,-7.1484375,0.00390625,0.025390625,-0.015625
2724,27054874,27354874,-0.186279297,-0.918273926,0.348327637,0.0277709961,-0.15625,-0.29296875,-0.30078125,-0.7265625,-6.15625,-7.1484375,0.00390625,0.025390625,-0.015625
2725,27067696,27367696,-0.186279297,-0.918273926,0.348327637,0.0277709961,-0.15625,-0.29296875,-0.30078125,-0.7265625,-6.15625,-7.1484375,0,0.005859375,0.00390625
2726,27073696,27373696,-0.186340332,-0.918212891,0.348327637,0.0278320312,-0.12109375,-0.21484375,-0.26171875,-0.7265625,-6.15625,-7.1484375,0,0.005859375,0.00390625
2727,27089014,27389014,-0.186462402,-0.918212891,0.348327637,0.0278320312,-0.12109375,-0.21484375,-0.26171875,-0.7265625,-6.15625,-7.1484375,0.00390625,0.0078125,0.021484375
2728,27100779,27400779,-0.186523438,-0.918151855,0.348388672,0.0278930664,-0.12109375,-0.25390625,-0.1875,-0.7265625,-6.15625,-7.1484375,0.00390625,0.0078125,0.021484375
2729,27110736,27410736,-0.186645508,-0.91809082,0.348510742,0.0278320312,-0.12109375,-0.25390625,-0.1875,-0.7265625,-6.15625,-7.1484375,0.025390625,-0.009765625,0.033203125
2730,27115052,27415052,-0.186828613,-0.918029785,0.348632812,0.0277099609,-0.12109375,-0.171875,-0.03515625,-0.7265625,-6.1640625,-7.1484375,0.025390625,-0.009765625,0.033203125
2731,27127531,27427531,-0.186889648,-0.91796875,0.348815918,0.0275268555,-0.12109375,-0.171875,-0.03515625,-0.7265625,-6.1640625,-7.1484375,0.02734375,-0.052734375,0.041015625
2732,27134622,27434622,-0.187011719,-0.91784668,0.348999023,0.0271606445,-0.02734375,-0.0546875,-0.03515625,-0.7421875,-6.1640625,-7.1484375,0.02734375,-0.052734375,0.041015625
2733,27147401,27447401,-0.187072754,-0.917785645,0.349182129,0.0268554688,-0.02734375,-0.0546875,-0.03515625,-0.7421875,-6.1640625,-7.1484375,0.025390625,-0.07421875,0.046875
2734,27153388,27453388,-0.187133789,-0.917724609,0.34942627,0.0264282227,-0.01953125,-0.046875,-0.00390625,-0.75,-6.171875,-7.140625,0.025390625,-0.07421875,0.046875
2735,27166279,27466279,-0.187255859,-0.917602539,0.34967041,0.0260009766,-0.01953125,-0.046875,-0.00390625,-0.75,-6.171875,-7.140625,0.03515625,-0.083984375,0.05859375
2736,27176491,27476491,-0.18737793,-0.917480469,0.349914551,0.0255126953,0.03515625,0.02734375,-0.05078125,-0.765625,-6.171875,-7.1328125,0.03515625,-0.083984375,0.05859375
2737,27186929,27486929,-0.1875,-0.917358398,0.350158691,0.0251464844,0.03515625,0.02734375,-0.05078125,-0.765625,-6.171875,-7.1328125,0.029296875,-0.072265625,0.064453125
2738,27192520,27492520,-0.187683105,-0.917297363,0.350341797,0.0247192383,0.01171875,0.03515625,-0.01171875,-0.78125,-6.1796875,-7.1328125,0.029296875,-0.072265625,0.064453125
2739,27206394,27506394,-0.187866211,-0.917175293,0.350524902,0.0242919922,0.01171875,0.03515625,-0.01171875,-0.78125,-6.1796875,-7.1328125,0.017578125,-0.078125,0.072265625
2740,27212206,27512206,-0.188049316,-0.917114258,0.350646973,0.0238037109,-0.01171875,0.03515625,0.05859375,-0.796875,-6.1796875,-7.125,0.017578125,-0.078125,0.072265625
2741,27227292,27527292,-0.188232422,-0.917053223,0.350769043,0.0233154297,-0.01171875,0.03515625,0.05859375,-0.796875,-6.1796875,-7.125,-0.005859375,-0.080078125,0.064453125
2742,27232346,27532346,-0.188354492,-0.917053223,0.350769043,0.0228881836,0.12890625,0.11328125,0.09765625,-0.8203125,-6.1796875,-7.125,-0.005859375,-0.080078125,0.064453125
2743,27246867,27546867,-0.188598633,-0.916992188,0.350830078,0.0224609375,0.12890625,0.11328125,0.09765625,-0.8203125,-6.1796875,-7.125,0.00390625,-0.0625,0.064453125
2744,27257990,27557990,-0.188720703,-0.916931152,0.350952148,0.0220947266,0.11328125,0.03515625,0.05859375,-0.84375,-6.1796875,-7.125,0.00390625,-0.0625,0.064453125
2745,27267934,27567934,-0.188842773,-0.916809082,0.351074219,0.0217895508,0.11328125,0.03515625,0.05859375,-0.84375,-6.1796875,-7.125,0.029296875,-0.052734375,0.05078125
2746,27271678,27571678,-0.188964844,-0.916748047,0.351318359,0.0215454102,0.16015625,0.03515625,0.05859375,-0.8515625,-6.1796875,-7.125,0.029296875,-0.052734375,0.05078125
2747,27286382,27586382,-0.189086914,-0.916625977,0.351501465,0.0213623047,0.16015625,0.03515625,0.05859375,-0.8515625,-6.1796875,-7.125,0.03125,-0.029296875,0.025390625
2748,27292215,27592215,-0.189086914,-0.916564941,0.35168457,0.0213012695,0.2109375,0.12109375,0.05859375,-0.8671875,-6.1875,-7.125,0.03125,-0.029296875,0.025390625
2749,27307175,27607175,-0.189147949,-0.916503906,0.351867676,0.0211791992,0.2109375,0.12109375,0.05859375,-0.8671875,-6.1875,-7.125,0.03515625,-0.017578125,0.015625
2750,27311449,27611449,-0.189147949,-0.916442871,0.352050781,0.0211181641,0.13671875,0.20703125,0.125,-0.8671875,-6.1953125,-7.1171875,0.03515625,-0.017578125,0.015625
2751,27327987,27627987,-0.189147949,-0.916381836,0.352050781,0.0210571289,0.13671875,0.20703125,0.125,-0.8671875,-6.1953125,-7.1171875,-0.0078125,-0.013671875,0.009765625
2752,27338366,27638366,-0.189147949,-0.916442871,0.351989746,0.0210571289,0.05078125,0.28125,0.25,-0.78125,-6.234375,-7.203125,-0.0078125,-0.013671875,0.009765625
2753,27348096,27648096,-0.189147949,-0.916503906,0.351928711,0.0210571289,0.05078125,0.28125,0.25,-0.78125,-6.234375,-7.203125,-0.017578125,-0.013671875,0.0078125
2754,27351843,27651843,-0.189147949,-0.916503906,0.351806641,0.0210571289,-0.02734375,0.16796875,0.17578125,-0.78125,-6.234375,-7.203125,-0.017578125,-0.013671875,0.0078125
2755,27367467,27667467,-0.189086914,-0.916564941,0.351745605,0.0210571289,-0.02734375,0.16796875,0.17578125,-0.78125,-6.234375,-7.203125,-0.009765625,0,0.001953125
2756,27374344,27674344,-0.189086914,-0.916564941,0.35168457,0.0211791992,0.05859375,0.12109375,0.17578125,-0.7890625,-6.2265625,-7.203125,-0.009765625,0,0.001953125
2757,27386696,27686696,-0.189086914,-0.916564941,0.35168457,0.0213012695,0.05859375,0.12109375,0.17578125,-0.7890625,-6.2265625,-7.203125,0.013671875,0.017578125,-0.00390625
2758,27390969,27690969,-0.189086914,-0.916564941,0.351745605,0.021484375,0.01171875,0.0390625,0.203125,-0.78125,-6.21875,-7.1953125,0.013671875,0.017578125,-0.00390625
2759,27410197,27710197,-0.189025879,-0.916564941,0.35168457,0.0216674805,0.01171875,0.0390625,0.203125,-0.78125,-6.21875,-7.1953125,-0.00390625,0.013671875,-0.013671875
2760,27418250,27718250,-0.188964844,-0.916625977,0.351623535,0.0217895508,-0.1015625,0.19140625,0.15234375,-0.78125,-6.21875,-7.1796875,-0.00390625,0.013671875,-0.013671875
2761,27428594,27728594,-0.188842773,-0.916687012,0.35144043,0.0219116211,-0.1015625,0.19140625,0.15234375,-0.78125,-6.21875,-7.1796875,-0.03515625,0.013671875,-0.01953125
2762,27433320,27733320,-0.188781738,-0.916809082,0.351257324,0.0220336914,-0.06640625,0.14453125,-0.01171875,-0.78125,-6.2109375,-7.171875,-0.03515625,0.013671875,-0.01953125
2763,27446732,27746732,-0.188720703,-0.916870117,0.351013184,0.0221557617,-0.06640625,0.14453125,-0.01171875,-0.78125,-6.2109375,-7.171875,-0.041015625,0.021484375,-0.009765625
2764,27453601,27753601,-0.188720703,-0.916931152,0.350830078,0.022277832,-0.1484375,-0.0625,-0.046875,-0.7734375,-6.1953125,-7.171875,-0.041015625,0.021484375,-0.009765625
2765,27467114,27767114,-0.188720703,-0.916992188,0.350708008,0.0223999023,-0.1484375,-0.0625,-0.046875,-0.7734375,-6.1953125,-7.171875,-0.013671875,0.017578125,-0.00390625
2766,27471394,27771394,-0.188720703,-0.917053223,0.350585938,0.0225219727,-0.1796875,-0.109375,-0.046875,-0.78125,-6.1875,-7.171875,-0.013671875,0.017578125,-0.00390625
2767,27488506,27788506,-0.188720703,-0.917053223,0.350524902,0.022644043,-0.1796875,-0.109375,-0.046875,-0.78125,-6.1875,-7.171875,-0.01953125,0.009765625,-0.001953125
2768,27497395,27797395,-0.188720703,-0.917114258,0.350402832,0.0227050781,-0.25,-0.0703125,-0.046875,-0.7890625,-6.1875,-7.171875,-0.01953125,0.009765625,-0.001953125
2769,27507433,27807433,-0.188720703,-0.917114258,0.350341797,0.0227050781,-0.25,-0.0703125,-0.046875,-0.7890625,-6.1875,-7.171875,-0.009765625,0.00390625,0.005859375
2770,27511182,27811182,-0.188720703,-0.917175293,0.350280762,0.0227661133,-0.203125,-0.109375,-0.0859375,-0.796875,-6.1875,-7.171875,-0.009765625,0.00390625,0.005859375
2771,27528265,27828265,-0.188781738,-0.917175293,0.350219727,0.0227661133,-0.203125,-0.109375,-0.0859375,-0.796875,-6.1875,-7.171875,0.00390625,0,0.015625
2772,27532027,27832027,-0.188842773,-0.917114258,0.350280762,0.0228271484,-0.15625,-0.25390625,-0.1171875,-0.8046875,-6.1953125,-7.1796875,0.00390625,0,0.015625
2773,27545228,27845228,-0.188903809,-0.917053223,0.350402832,0.0228271484,-0.15625,-0.25390625,-0.1171875,-0.8046875,-6.1953125,-7.1796875,0.02734375,0,0.013671875
2774,27553163,27853163,-0.188964844,-0.916992188,0.350524902,0.0228881836,-0.1796875,-0.24609375,-0.1953125,-0.8203125,-6.203125,-7.1796875,0.02734375,0,0.013671875
2775,27564439,27864439,-0.189025879,-0.916992188,0.350585938,0.0228881836,-0.1796875,-0.24609375,-0.1953125,-0.8203125,-6.203125,-7.1796875,0.01171875,0.01171875,0.013671875
2776,27575618,27875618,-0.189147949,-0.916931152,0.350585938,0.0230102539,-0.046875,-0.078125,-0.109375,-0.8359375,-6.21875,-7.1875,0.01171875,0.01171875,0.013671875
2777,27586288,27886288,-0.189208984,-0.916992188,0.350463867,0.0231323242,-0.046875,-0.078125,-0.109375,-0.8359375,-6.21875,-7.1875,-0.029296875,0.041015625,0.01171875
2778,27590033,27890033,-0.18939209,-0.916992188,0.350280762,0.0233154297,0.02734375,-0.1171875,-0.0625,-0.8359375,-6.21875,-7.1953125,-0.029296875,0.041015625,0.01171875
2779,27604296,27904296,-0.189575195,-0.917053223,0.350097656,0.0234985352,0.02734375,-0.1171875,-0.0625,-0.8359375,-6.21875,-7.1953125,-0.03515625,0.052734375,0.015625
2780,27611462,27911462,-0.189697266,-0.917114258,0.349853516,0.0236816406,-0.01171875,0.08203125,0.17578125,-0.8359375,-6.2265625,-7.203125,-0.03515625,0.052734375,0.015625
2781,27625211,27925211,-0.189880371,-0.917175293,0.349487305,0.0237426758,-0.01171875,0.08203125,0.17578125,-0.8359375,-6.2265625,-7.203125,-0.083984375,0.033203125,0.02734375
2782,27629498,27929498,-0.190063477,-0.917297363,0.349060059,0.0237426758,-0.00390625,0,0.14453125,-0.84375,-6.21875,-7.2109375,-0.083984375,0.033203125,0.02734375
2783,27643400,27943400,-0.190246582,-0.917419434,0.348693848,0.0234985352,-0.00390625,0,0.14453125,-0.84375,-6.21875,-7.2109375,-0.08984375,-0.03125,0.041015625
2784,27654335,27954335,-0.190368652,-0.917541504,0.348327637,0.0231933594,-0.1875,0.0390625,0.14453125,-0.8515625,-6.21875,-7.2109375,-0.08984375,-0.03125,0.041015625
2785,27665944,27965944,-0.190490723,-0.917602539,0.348083496,0.0227661133,-0.1875,0.0390625,0.14453125,-0.8515625,-6.21875,-7.2109375,-0.06640625,-0.064453125,0.05078125
2786,27669690,27969690,-0.190673828,-0.917663574,0.347961426,0.0223999023,0.25,0.3671875,0.3046875,-0.8671875,-6.203125,-7.21875,-0.06640625,-0.064453125,0.05078125
2787,27686619,27986619,-0.190917969,-0.917663574,0.347839355,0.0220336914,0.25,0.3671875,0.3046875,-0.8671875,-6.203125,-7.21875,-0.03125,-0.029296875,0.0703125
2788,27690349,27990349,-0.191223145,-0.917663574,0.34765625,0.0216674805,0.3359375,0.6484375,0.7890625,-0.875,-6.1796875,-7.203125,-0.03125,-0.029296875,0.0703125
2789,27702938,28002938,-0.191711426,-0.917663574,0.34753418,0.0208129883,0.3359375,0.6484375,0.7890625,-0.875,-6.1796875,-7.203125,-0.07421875,-0.1640625,0.162109375
2790,27709487,28009487,-0.192138672,-0.917602539,0.347351074,0.0194091797,0.47265625,0.51953125,0.85546875,-0.8984375,-6.1640625,-7.1953125,-0.07421875,-0.1640625,0.162109375
2791,27726670,28026670,-0.192687988,-0.917602539,0.347229004,0.0175170898,0.47265625,0.51953125,0.85546875,-0.8984375,-6.1640625,-7.1953125,-0.12890625,-0.35546875,0.248046875
2792,27736051,28036051,-0.19317627,-0.917663574,0.346923828,0.0151977539,0.53515625,0.609375,0.625,-0.9609375,-6.140625,-7.1953125,-0.12890625,-0.35546875,0.248046875
2793,27746004,28046004,-0.193847656,-0.917663574,0.346618652,0.0121459961,0.53515625,0.609375,0.625,-0.9609375,-6.140625,-7.1953125,-0.185546875,-0.529296875,0.34765625
2794,27749760,28049760,-0.194519043,-0.917663574,0.346374512,0.0087890625,0.29296875,0.50390625,-0.015625,-1.0625,-6.109375,-7.203125,-0.185546875,-0.529296875,0.34765625
2795,27765006,28065006,-0.1953125,-0.917541504,0.346313477,0.0048828125,0.29296875,0.50390625,-0.015625,-1.0625,-6.109375,-7.203125,-0.146484375,-0.673828125,0.423828125
2796,27773183,28073183,-0.196105957,-0.917358398,0.346374512,0.000793457031,0.12109375,0.38671875,-0.23828125,-1.1953125,-6.0703125,-7.2109375,-0.146484375,-0.673828125,0.423828125
2797,27783950,28083950,0.196899414,0.917114258,-0.346496582,0.00402832031,0.12109375,0.38671875,-0.23828125,-1.1953125,-6.0703125,-7.2109375,-0.1640625,-0.900390625,0.5234375
2798,27789540,28089540,0.197814941,0.916809082,-0.346679688,0.00994873047,-0.3671875,0.125,-0.71484375,-1.359375,-6.0390625,-7.1953125,-0.1640625,-0.900390625,0.5234375
2799,27803604,28103604,0.198730469,0.916442871,-0.346923828,0.0158081055,-0.3671875,0.125,-0.71484375,-1.359375,-6.0390625,-7.1953125,-0.169921875,-1.10742188,0.646484375
2800,27815313,28115313,0.199829102,0.91595459,-0.347290039,0.0225219727,-0.578125,-0.34375,-0.8359375,-1.5703125,-5.9921875,-7.1875,-0.169921875,-1.10742188,0.646484375
2801,27823900,28123900,0.200927734,0.915344238,-0.347717285,0.0295410156,-0.578125,-0.34375,-0.8359375,-1.5703125,-5.9921875,-7.1875,-0.15234375,-1.35351562,0.775390625
2802,27828974,28128974,0.202087402,0.914489746,-0.348510742,0.0372924805,-0.85546875,-0.97265625,-1.05078125,-1.828125,-5.9375,-7.1640625,-0.15234375,-1.35351562,0.775390625
2803,27846577,28146577,0.203186035,0.913391113,-0.34979248,0.0456542969,-0.85546875,-0.97265625,-1.05078125,-1.828125,-5.9375,-7.1640625,0.01953125,-1.48632812,0.796875
2804,27850848,28150848,0.204162598,0.912109375,-0.351318359,0.0539550781,-0.90625,-1.203125,-1.09765625,-2.125,-5.8984375,-7.1171875,0.01953125,-1.48632812,0.796875
2805,27862944,28162944,0.205078125,0.910705566,-0.353027344,0.0628662109,-0.90625,-1.203125,-1.09765625,-2.125,-5.8984375,-7.1171875,0.07421875,-1.6484375,0.826171875
2806,27868528,28168528,0.205932617,0.909118652,-0.354858398,0.0717163086,-0.77734375,-0.7734375,-1.140625,-2.4453125,-5.8671875,-7.0390625,0.07421875,-1.6484375,0.826171875
2807,27885604,28185604,0.206848145,0.907348633,-0.356933594,0.080871582,-0.77734375,-0.7734375,-1.140625,-2.4453125,-5.8671875,-7.0390625,0.162109375,-1.734375,0.87109375
2808,27894233,28194233,0.207641602,0.905456543,-0.359130859,0.0899047852,-0.66796875,-0.7578125,-0.828125,-2.78125,-5.84375,-6.9296875,0.162109375,-1.734375,0.87109375
2809,27904137,28204137,0.208374023,0.903320312,-0.36151123,0.0994262695,-0.66796875,-0.7578125,-0.828125,-2.78125,-5.84375,-6.9296875,0.193359375,-1.83789062,0.85546875
2810,27907889,28207889,0.20892334,0.901123047,-0.363830566,0.109008789,-0.6328125,-0.40625,-0.26171875,-3.125,-5.8125,-6.8046875,0.193359375,-1.83789062,0.85546875
2811,27924624,28224624,0.209472656,0.898742676,-0.366271973,0.119140625,-0.6328125,-0.40625,-0.26171875,-3.125,-5.8125,-6.8046875,0.189453125,-1.86523438,0.83203125
2812,27928343,28228343,0.209838867,0.89642334,-0.368652344,0.128417969,-0.47265625,-0.62109375,-0.3359375,-3.4765625,-5.7890625,-6.65625,0.189453125,-1.86523438,0.83203125
2813,27942688,28242688,0.210144043,0.893920898,-0.37121582,0.137817383,-0.47265625,-0.62109375,-0.3359375,-3.4765625,-5.7890625,-6.65625,0.2890625,-1.859375,0.78125
2814,27948294,28248294,0.210388184,0.891052246,-0.374145508,0.147705078,-0.640625,-0.5,-0.375,-3.8046875,-5.7578125,-6.5,0.2890625,-1.859375,0.78125
2815,27965616,28265616,0.210571289,0.888122559,-0.376953125,0.157287598,-0.640625,-0.5,-0.375,-3.8046875,-5.7578125,-6.5,0.330078125,-1.91796875,0.80859375
2816,27975251,28275251,0.210876465,0.885192871,-0.379699707,0.166687012,-0.48828125,-0.0625,-0.2578125,-4.1484375,-5.734375,-6.3125,0.330078125,-1.91796875,0.80859375
2817,27985834,28285834,0.211242676,0.882141113,-0.382324219,0.176330566,-0.48828125,-0.0625,-0.2578125,-4.1484375,-5.734375,-6.3125,0.28515625,-1.81640625,0.81640625
2818,27989583,28289583,0.211608887,0.879150391,-0.38470459,0.185302734,-0.015625,-0.01953125,-0.19140625,-4.46875,-5.703125,-6.109375,0.28515625,-1.81640625,0.81640625
2819,28003486,28303486,0.212036133,0.876037598,-0.387145996,0.194274902,-0.015625,-0.01953125,-0.19140625,-4.46875,-5.703125,-6.109375,0.3125,-1.74023438,0.79296875
2820,28011187,28311187,0.212341309,0.873046875,-0.389465332,0.202636719,-0.0859375,0.05859375,-0.00390625,-4.78125,-5.6640625,-5.9140625,0.3125,-1.74023438,0.79296875
2821,28023204,28323204,0.212585449,0.869750977,-0.391967773,0.211547852,-0.0859375,0.05859375,-0.00390625,-4.78125,-5.6640625,-5.9140625,0.29296875,-1.67578125,0.72265625
2822,28027485,28327485,0.212646484,0.866821289,-0.394104004,0.219299316,0.203125,0.25,0.09765625,-5.0703125,-5.625,-5.7109375,0.29296875,-1.67578125,0.72265625
2823,28045400,28345400,0.212646484,0.863647461,-0.39642334,0.227600098,0.203125,0.25,0.09765625,-5.0703125,-5.625,-5.7109375,0.275390625,-1.55664062,0.625
2824,28054235,28354235,0.212524414,0.860778809,-0.398376465,0.235046387,0.4609375,0.4375,0.05078125,-5.328125,-5.5859375,-5.5078125,0.275390625,-1.55664062,0.625
2825,28063982,28363982,0.212219238,0.857971191,-0.40020752,0.242248535,0.4609375,0.4375,0.05078125,-5.328125,-5.5859375,-5.5078125,0.22265625,-1.5078125,0.572265625
2826,28067735,28367735,0.211853027,0.855102539,-0.402038574,0.249572754,0.5625,0.4765625,0.4765625,-5.546875,-5.546875,-5.3203125,0.22265625,-1.5078125,0.572265625
2827,28086157,28386157,0.211425781,0.852233887,-0.403747559,0.256774902,0.5625,0.4765625,0.4765625,-5.546875,-5.546875,-5.3203125,0.18359375,-1.38476562,0.5078125
2828,28087652,28387652,0.211120605,0.849731445,-0.405273438,0.263000488,0.97265625,0.359375,0.2890625,-5.765625,-5.5078125,-5.1328125,0.18359375,-1.38476562,0.5078125
2829,28102389,28402389,0.2109375,0.846984863,-0.406921387,0.269287109,0.97265625,0.359375,0.2890625,-5.765625,-5.5078125,-5.1328125,0.220703125,-1.19726562,0.47265625
2830,28108387,28408387,0.21081543,0.844543457,-0.40838623,0.274780273,0.81640625,0.3984375,0.3828125,-5.953125,-5.46875,-4.9609375,0.220703125,-1.19726562,0.47265625
2831,28125908,28425908,0.21081543,0.842041016,-0.409667969,0.280517578,0.81640625,0.3984375,0.3828125,-5.953125,-5.46875,-4.9609375,0.171875,-1.09570312,0.486328125
2832,28127388,28427388,0.210876465,0.839782715,-0.410766602,0.285522461,0.97265625,0.3515625,0.41796875,-6.109375,-5.421875,-4.8046875,0.171875,-1.09570312,0.486328125
2833,28143544,28443544,0.211120605,0.837585449,-0.411743164,0.290527344,0.97265625,0.3515625,0.41796875,-6.109375,-5.421875,-4.8046875,0.142578125,-0.890625,0.4609375
2834,28147827,28447827,0.211486816,0.835693359,-0.412475586,0.294616699,1.08203125,0.234375,0.5078125,-6.2578125,-5.3828125,-4.6640625,0.142578125,-0.890625,0.4609375
2835,28165696,28465696,0.211853027,0.83392334,-0.413269043,0.298278809,1.08203125,0.234375,0.5078125,-6.2578125,-5.3828125,-4.6640625,0.126953125,-0.625,0.349609375
2836,28169836,28469836,0.212158203,0.832580566,-0.413818359,0.300964355,0.85546875,0.3046875,0.46875,-6.375,-5.3359375,-4.546875,0.126953125,-0.625,0.349609375
2837,28181892,28481892,0.212402344,0.831420898,-0.414367676,0.303222656,0.85546875,0.3046875,0.46875,-6.375,-5.3359375,-4.546875,0.080078125,-0.3515625,0.203125
2838,28189018,28489018,0.212646484,0.830688477,-0.414611816,0.304626465,0.8046875,0.5859375,0.62109375,-6.4375,-5.3125,-4.46875,0.080078125,-0.3515625,0.203125
2839,28204632,28504632,0.213012695,0.830322266,-0.414672852,0.305419922,0.8046875,0.5859375,0.62109375,-6.4375,-5.3125,-4.46875,0.017578125,-0.056640625,0.115234375
2840,28213640,28513640,0.213439941,0.830200195,-0.414550781,0.305541992,0.796875,0.46484375,0.671875,-6.46875,-5.3046875,-4.4453125,0.017578125,-0.056640625,0.115234375
2841,28223026,28523026,0.214050293,0.830322266,-0.414367676,0.305053711,0.796875,0.46484375,0.671875,-6.46875,-5.3046875,-4.4453125,0.017578125,0.20703125,0.048828125
2842,28227308,28527308,0.21472168,0.830627441,-0.414123535,0.304016113,0.64453125,0.2890625,0.56640625,-6.46875,-5.28125,-4.453125,0.017578125,0.20703125,0.048828125
2843,28242887,28542887,0.215515137,0.831237793,-0.413818359,0.302185059,0.64453125,0.2890625,0.56640625,-6.46875,-5.28125,-4.453125,0.025390625,0.46484375,-0.048828125
2844,28246613,28546613,0.216247559,0.83203125,-0.413513184,0.299926758,0.3828125,0.44921875,0.52734375,-6.4375,-5.2890625,-4.4921875,0.025390625,0.46484375,-0.048828125
2845,28260883,28560883,0.217102051,0.833129883,-0.413024902,0.296813965,0.3828125,0.44921875,0.52734375,-6.4375,-5.2890625,-4.4921875,0.013671875,0.697265625,-0.158203125
2846,28266873,28566873,0.217895508,0.834411621,-0.412597656,0.293334961,0.203125,0.42578125,0.3671875,-6.375,-5.3046875,-4.5625,0.013671875,0.697265625,-0.158203125
2847,28284026,28584026,0.21862793,0.8359375,-0.41204834,0.28918457,0.203125,0.42578125,0.3671875,-6.375,-5.3046875,-4.5625,0.005859375,0.916015625,-0.287109375
2848,28292663,28592663,0.219238281,0.837646484,-0.411437988,0.284606934,0.02734375,0.37109375,0.39453125,-6.2734375,-5.328125,-4.6640625,0.005859375,0.916015625,-0.287109375
2849,28302493,28602493,0.219787598,0.839538574,-0.410766602,0.27947998,0.02734375,0.37109375,0.39453125,-6.2734375,-5.328125,-4.6640625,-0.01953125,1.10742188,-0.412109375
2850,28306251,28606251,0.220275879,0.841674805,-0.41003418,0.273803711,-0.10546875,0.296875,0.2890625,-6.140625,-5.3671875,-4.7890625,-0.01953125,1.10742188,-0.412109375
2851,28321993,28621993,0.220703125,0.844055176,-0.409179688,0.267272949,-0.10546875,0.296875,0.2890625,-6.140625,-5.3671875,-4.7890625,-0.029296875,1.30859375,-0.53125
2852,28325719,28625719,0.221069336,0.846435547,-0.408325195,0.260681152,-0.171875,0.3515625,0.12109375,-5.9609375,-5.421875,-4.9296875,-0.029296875,1.30859375,-0.53125
2853,28340929,28640929,0.221374512,0.849243164,-0.407226562,0.252929688,-0.171875,0.3515625,0.12109375,-5.9609375,-5.421875,-4.9296875,-0.05859375,1.52539062,-0.658203125
2854,28345980,28645980,0.221557617,0.852111816,-0.406066895,0.244689941,-0.18359375,0.26171875,0.06640625,-5.7578125,-5.484375,-5.1015625,-0.05859375,1.52539062,-0.658203125
2855,28363357,28663357,0.221618652,0.854980469,-0.404968262,0.236572266,-0.18359375,0.26171875,0.06640625,-5.7578125,-5.484375,-5.1015625,-0.064453125,1.69335938,-0.78125
2856,28372844,28672844,0.221557617,0.857910156,-0.403747559,0.227783203,-0.38671875,0.1015625,-0.09375,-5.515625,-5.5546875,-5.2890625,-0.064453125,1.69335938,-0.78125
2857,28382580,28682580,0.221313477,0.861083984,-0.402404785,0.218139648,-0.38671875,0.1015625,-0.09375,-5.515625,-5.5546875,-5.2890625,-0.0703125,1.78320312,-0.888671875
2858,28387549,28687549,0.22088623,0.864074707,-0.401123047,0.20904541,-0.484375,0.1484375,-0.25,-5.2265625,-5.640625,-5.4765625,-0.0703125,1.78320312,-0.888671875
2859,28400978,28700978,0.220336914,0.867248535,-0.399597168,0.19921875,-0.484375,0.1484375,-0.25,-5.2265625,-5.640625,-5.4765625,-0.1328125,1.86523438,-0.982421875
2860,28405761,28705761,0.219543457,0.870483398,-0.397766113,0.189208984,-0.3671875,0.3046875,-0.3984375,-4.921875,-5.71875,-5.671875,-0.1328125,1.86523438,-0.982421875
2861,28419367,28719367,0.218688965,0.873840332,-0.395751953,0.178833008,-0.3671875,0.3046875,-0.3984375,-4.921875,-5.71875,-5.671875,-0.1953125,1.89453125,-1.02148438
2862,28426422,28726422,0.217773438,0.876953125,-0.393737793,0.168701172,-0.51953125,0.19140625,-0.42578125,-4.578125,-5.796875,-5.875,-0.1953125,1.89453125,-1.02148438
2863,28439952,28739952,0.21685791,0.879882812,-0.391845703,0.158935547,-0.51953125,0.19140625,-0.42578125,-4.578125,-5.796875,-5.875,-0.166015625,1.91992188,-1.05859375
2864,28447409,28747409,0.215698242,0.88293457,-0.389770508,0.148071289,-0.203125,0.22265625,-0.16796875,-4.2421875,-5.8671875,-6.0546875,-0.166015625,1.91992188,-1.05859375
2865,28460684,28760684,0.214538574,0.885864258,-0.387695312,0.137573242,-0.203125,0.22265625,-0.16796875,-4.2421875,-5.8671875,-6.0546875,-0.1953125,1.95117188,-1.1015625
2866,28465483,28765483,0.213317871,0.88861084,-0.385559082,0.127502441,-0.234375,0.24609375,-0.02734375,-3.8671875,-5.9296875,-6.234375,-0.1953125,1.95117188,-1.1015625
2867,28479975,28779975,0.211853027,0.891357422,-0.383300781,0.117004395,-0.234375,0.24609375,-0.02734375,-3.8671875,-5.9296875,-6.234375,-0.201171875,1.87890625,-1.13085938
2868,28484758,28784758,0.210083008,0.893981934,-0.381164551,0.106506348,-0.11328125,0.25390625,-0.2109375,-3.4921875,-5.9765625,-6.3984375,-0.201171875,1.87890625,-1.13085938
2869,28500038,28800038,0.208251953,0.896362305,-0.379211426,0.0965576172,-0.11328125,0.25390625,-0.2109375,-3.4921875,-5.9765625,-6.3984375,-0.146484375,1.734375,-1.14648438
2870,28506080,28806080,0.206298828,0.898681641,-0.377258301,0.086730957,0.05078125,0.4609375,-0.26171875,-3.1171875,-6.03125,-6.5390625,-0.146484375,1.734375,-1.14648438
2871,28519722,28819722,0.204467773,0.900756836,-0.375366211,0.0771484375,0.05078125,0.4609375,-0.26171875,-3.1171875,-6.03125,-6.5390625,-0.130859375,1.70898438,-1.09375
2872,28528467,28828467,0.202819824,0.902648926,-0.373474121,0.0677490234,0.6953125,0.39453125,0.0859375,-2.765625,-6.078125,-6.65625,-0.130859375,1.70898438,-1.09375
2873,28540060,28840060,0.201171875,0.90435791,-0.371826172,0.0583496094,0.6953125,0.39453125,0.0859375,-2.765625,-6.078125,-6.65625,-0.03515625,1.63671875,-1.01171875
2874,28544867,28844867,0.199645996,0.905761719,-0.370544434,0.0497436523,0.5625,-0.140625,0.21875,-2.40625,-6.1171875,-6.75,-0.03515625,1.63671875,-1.01171875
2875,28559085,28859085,0.197814941,0.906982422,-0.369567871,0.0408935547,0.5625,-0.140625,0.21875,-2.40625,-6.1171875,-6.75,0.095703125,1.42578125,-0.99609375
2876,28566013,28866013,0.195800781,0.908081055,-0.368774414,0.0326538086,0.50390625,0.17578125,0.328125,-2.078125,-6.1640625,-6.8203125,0.095703125,1.42578125,-0.99609375
2877,28579460,28879460,0.193603516,0.909301758,-0.367553711,0.0252075195,0.50390625,0.17578125,0.328125,-2.078125,-6.1640625,-6.8203125,-0.11328125,1.1953125,-0.986328125
2878,28584261,28884261,0.19128418,0.910644531,-0.365783691,0.0182495117,0.3984375,0.51953125,0.4453125,-1.78125,-6.203125,-6.859375,-0.11328125,1.1953125,-0.986328125
2879,28598725,28898725,0.188964844,0.911987305,-0.363952637,0.0119018555,0.3984375,0.51953125,0.4453125,-1.78125,-6.203125,-6.859375,-0.197265625,1.12695312,-0.974609375
2880,28607470,28907470,0.186584473,0.913269043,-0.362121582,0.00482177734,0.5078125,-0.046875,-0.0390625,-1.5078125,-6.2109375,-6.9140625,-0.197265625,1.12695312,-0.974609375
2881,28619942,28919942,-0.184326172,-0.914367676,0.360534668,0.00213623047,0.5078125,-0.046875,-0.0390625,-1.5078125,-6.2109375,-6.9140625,-0.095703125,1.16015625,-0.93359375
2882,28624215,28924215,-0.182312012,-0.915222168,0.359313965,0.00885009766,0.37109375,-0.34765625,0.0546875,-1.21875,-6.21875,-6.96875,-0.095703125,1.16015625,-0.93359375
2883,28640632,28940632,-0.180053711,-0.915893555,0.358398438,0.016418457,0.37109375,-0.34765625,0.0546875,-1.21875,-6.21875,-6.96875,0.1171875,1.21289062,-0.94140625
2884,28644368,28944368,-0.177978516,-0.916381836,0.357788086,0.0231933594,0.3203125,-0.09375,0.19140625,-0.9375,-6.2421875,-6.9921875,0.1171875,1.21289062,-0.94140625
2885,28660867,28960867,-0.17565918,-0.916992188,0.356872559,0.0303955078,0.3203125,-0.09375,0.19140625,-0.9375,-6.2421875,-6.9921875,0.013671875,1.09765625,-0.91796875
2886,28664609,28964609,-0.173522949,-0.917602539,0.355651855,0.0365600586,0.1640625,0.3046875,0.23828125,-0.6640625,-6.2578125,-7,0.013671875,1.09765625,-0.91796875
2887,28680226,28980226,-0.171203613,-0.918457031,0.354003906,0.0429077148,0.1640625,0.3046875,0.23828125,-0.6640625,-6.2578125,-7,-0.166015625,0.97265625,-0.84765625
2888,28689972,28989972,-0.169250488,-0.919189453,0.352294922,0.0483398438,0.12890625,0.15234375,-0.01171875,-0.3984375,-6.2578125,-7.015625,-0.166015625,0.97265625,-0.84765625
2889,28700231,29000231,-0.167297363,-0.91986084,0.350708008,0.0536499023,0.12890625,0.15234375,-0.01171875,-0.3984375,-6.2578125,-7.015625,-0.125,0.88671875,-0.75390625
2890,28703982,29003982,-0.165466309,-0.920410156,0.349304199,0.0589599609,0.16796875,-0.32421875,-0.11328125,-0.171875,-6.2421875,-7.03125,-0.125,0.88671875,-0.75390625
2891,28720596,29020596,-0.163818359,-0.920837402,0.348022461,0.0643310547,0.16796875,-0.32421875,-0.11328125,-0.171875,-6.2421875,-7.03125,-0.0390625,0.857421875,-0.66015625
2892,28724345,29024345,-0.162353516,-0.921081543,0.347045898,0.0690307617,-0.05078125,-0.53125,-0.13671875,0.046875,-6.2265625,-7.046875,-0.0390625,0.857421875,-0.66015625
2893,28739000,29039000,-0.160827637,-0.921386719,0.346008301,0.0739135742,-0.05078125,-0.53125,-0.13671875,0.046875,-6.2265625,-7.046875,-0.0390625,0.755859375,-0.6015625
2894,28743358,29043358,-0.159545898,-0.921630859,0.344970703,0.0780029297,-0.19921875,-0.421875,-0.171875,0.234375,-6.21875,-7.046875,-0.0390625,0.755859375,-0.6015625
2895,28760260,29060260,-0.158203125,-0.92199707,0.343688965,0.0820922852,-0.19921875,-0.421875,-0.171875,0.234375,-6.21875,-7.046875,-0.12890625,0.640625,-0.515625
2896,28768482,29068482,-0.157104492,-0.922363281,0.342407227,0.0855712891,-0.140625,-0.36328125,-0.47265625,0.40625,-6.203125,-7.0546875,-0.12890625,0.640625,-0.515625
2897,28778843,29078843,-0.156066895,-0.922729492,0.341064453,0.089050293,-0.140625,-0.36328125,-0.47265625,0.40625,-6.203125,-7.0546875,-0.134765625,0.57421875,-0.419921875
2898,28785076,29085076,-0.155273438,-0.922973633,0.33996582,0.0920410156,-0.20703125,-0.5859375,-0.578125,0.546875,-6.171875,-7.0625,-0.134765625,0.57421875,-0.419921875
2899,28796720,29096720,-0.154541016,-0.923095703,0.338989258,0.0951538086,-0.20703125,-0.5859375,-0.578125,0.546875,-6.171875,-7.0625,-0.056640625,0.5,-0.3359375
2900,28803621,29103621,-0.153808594,-0.923217773,0.338317871,0.0978393555,-0.3984375,-0.984375,-0.49609375,0.6640625,-6.15625,-7.0703125,-0.056640625,0.5,-0.3359375
2901,28816265,29116265,-0.153198242,-0.923278809,0.337768555,0.100280762,-0.3984375,-0.984375,-0.49609375,0.6640625,-6.15625,-7.0703125,-0.00390625,0.392578125,-0.283203125
2902,28823701,29123701,-0.152587891,-0.923278809,0.337341309,0.102355957,-0.43359375,-0.875,-0.41796875,0.7734375,-6.1484375,-7.0703125,-0.00390625,0.392578125,-0.283203125
2903,28837863,29137863,-0.152038574,-0.923278809,0.337036133,0.104125977,-0.43359375,-0.875,-0.41796875,0.7734375,-6.1484375,-7.0703125,0.005859375,0.263671875,-0.208984375
2904,28846464,29146464,-0.151550293,-0.923278809,0.336730957,0.10559082,-0.3125,-0.41796875,-0.50390625,0.84375,-6.1484375,-7.0625,0.005859375,0.263671875,-0.208984375
2905,28857004,29157004,-0.151306152,-0.923339844,0.336364746,0.106689453,-0.3125,-0.41796875,-0.50390625,0.84375,-6.1484375,-7.0625,-0.046875,0.171875,-0.107421875
2906,28864280,29164280,-0.151184082,-0.923461914,0.335998535,0.107421875,-0.171875,-0.4609375,-0.35546875,0.8984375,-6.140625,-7.0546875,-0.046875,0.171875,-0.107421875
2907,28877206,29177206,-0.151184082,-0.923461914,0.335693359,0.107788086,-0.171875,-0.4609375,-0.35546875,0.8984375,-6.140625,-7.0546875,-0.03515625,0.041015625,-0.001953125
2908,28883175,29183175,-0.151367188,-0.923522949,0.335510254,0.107788086,-0.2265625,-0.46875,-0.3125,0.9140625,-6.1328125,-7.0625,-0.03515625,0.041015625,-0.001953125
2909,28897420,29197420,-0.151550293,-0.923583984,0.335449219,0.107421875,-0.2265625,-0.46875,-0.3125,0.9140625,-6.1328125,-7.0625,-0.041015625,-0.076171875,0.083984375
2910,28903704,29203704,-0.151916504,-0.923583984,0.335388184,0.106750488,-0.15234375,-0.24609375,-0.3046875,0.9140625,-6.125,-7.0703125,-0.041015625,-0.076171875,0.083984375
2911,28916865,29216865,-0.15246582,-0.92364502,0.335388184,0.105712891,-0.15234375,-0.24609375,-0.3046875,0.9140625,-6.125,-7.0703125,-0.03515625,-0.177734375,0.19921875
2912,28926338,29226338,-0.153198242,-0.92364502,0.335510254,0.104370117,-0.11328125,-0.39453125,-0.140625,0.875,-6.1328125,-7.078125,-0.03515625,-0.177734375,0.19921875
2913,28938230,29238230,-0.153991699,-0.923583984,0.33581543,0.102539062,-0.11328125,-0.39453125,-0.140625,0.875,-6.1328125,-7.078125,0,-0.326171875,0.30859375
2914,28941977,29241977,-0.154907227,-0.923522949,0.336303711,0.100402832,-0.234375,-0.46875,-0.2890625,0.8046875,-6.1328125,-7.0859375,0,-0.326171875,0.30859375
2915,28958363,29258363,-0.155883789,-0.923400879,0.336853027,0.09765625,-0.234375,-0.46875,-0.2890625,0.8046875,-6.1328125,-7.0859375,0.013671875,-0.46484375,0.37890625
2916,28963414,29263414,-0.156799316,-0.923339844,0.337463379,0.0948486328,-0.1328125,-0.23046875,-0.43359375,0.703125,-6.140625,-7.09375,0.013671875,-0.46484375,0.37890625
2917,28976015,29276015,-0.157897949,-0.923278809,0.338012695,0.0916137695,-0.1328125,-0.23046875,-0.43359375,0.703125,-6.140625,-7.09375,-0.0234375,-0.564453125,0.44140625
2918,28983021,29283021,-0.159057617,-0.923217773,0.338562012,0.0879516602,-0.12109375,-0.23046875,-0.5859375,0.578125,-6.140625,-7.09375,-0.0234375,-0.564453125,0.44140625
2919,28998516,29298516,-0.160339355,-0.923156738,0.339111328,0.0843505859,-0.12109375,-0.23046875,-0.5859375,0.578125,-6.140625,-7.09375,-0.03125,-0.607421875,0.505859375
2920,29007961,29307961,-0.161621094,-0.923034668,0.33972168,0.0808105469,-0.1328125,-0.34765625,-0.53125,0.4375,-6.140625,-7.109375,-0.03125,-0.607421875,0.505859375
2921,29018817,29318817,-0.163085938,-0.922851562,0.340393066,0.0770263672,-0.1328125,-0.34765625,-0.53125,0.4375,-6.140625,-7.109375,0.00390625,-0.626953125,0.55078125
2922,29023488,29323488,-0.164611816,-0.922607422,0.341125488,0.0731201172,-0.1328125,-0.33984375,-0.33984375,0.28125,-6.1484375,-7.109375,0.00390625,-0.626953125,0.55078125
2923,29037110,29337110,-0.16619873,-0.922302246,0.341918945,0.0690307617,-0.1328125,-0.33984375,-0.33984375,0.28125,-6.1484375,-7.109375,0.005859375,-0.640625,0.58984375
2924,29043095,29343095,-0.167907715,-0.922058105,0.342651367,0.0650024414,-0.01171875,-0.26171875,-0.171875,0.125,-6.1484375,-7.125,0.005859375,-0.640625,0.58984375
2925,29057159,29357159,-0.169616699,-0.921691895,0.343444824,0.0607299805,-0.01171875,-0.26171875,-0.171875,0.125,-6.1484375,-7.125,0.01171875,-0.6875,0.625
2926,29061969,29361969,-0.171203613,-0.921386719,0.344360352,0.0563964844,-0.03125,-0.0625,0.09765625,-0.046875,-6.15625,-7.125,0.01171875,-0.6875,0.625
2927,29075907,29375907,-0.172790527,-0.921020508,0.345214844,0.0517578125,-0.03125,-0.0625,0.09765625,-0.046875,-6.15625,-7.125,0.001953125,-0.828125,0.650390625
2928,29086962,29386962,-0.174377441,-0.920654297,0.346069336,0.0466918945,0.0703125,0.16796875,-0.09375,-0.2265625,-6.15625,-7.125,0.001953125,-0.828125,0.650390625
2929,29099134,29399134,-0.176147461,-0.920288086,0.346862793,0.0415039062,0.0703125,0.16796875,-0.09375,-0.2265625,-6.15625,-7.125,-0.03515625,-0.849609375,0.712890625
2930,29102761,29402761,-0.17791748,-0.91986084,0.347595215,0.0365600586,0.12890625,-0.03125,-0.1796875,-0.4375,-6.1484375,-7.1171875,-0.03515625,-0.849609375,0.712890625
2931,29115360,29415360,-0.180053711,-0.919311523,0.348571777,0.0309448242,0.12890625,-0.03125,-0.1796875,-0.4375,-6.1484375,-7.1171875,0.01953125,-0.87109375,0.78125
2932,29122021,29422021,-0.182128906,-0.918640137,0.349609375,0.0256347656,0.109375,-0.42578125,-0.109375,-0.6484375,-6.140625,-7.109375,0.01953125,-0.87109375,0.78125
2933,29136126,29436126,-0.184204102,-0.917907715,0.350830078,0.0202026367,0.109375,-0.42578125,-0.109375,-0.6484375,-6.140625,-7.109375,0.07421875,-0.89453125,0.796875
2934,29141965,29441965,-0.186279297,-0.917175293,0.351989746,0.0146484375,0.11328125,-0.23828125,-0.203125,-0.8828125,-6.1328125,-7.09375,0.07421875,-0.89453125,0.796875
2935,29156220,29456220,-0.188232422,-0.916503906,0.352783203,0.00909423828,0.11328125,-0.23828125,-0.203125,-0.8828125,-6.1328125,-7.09375,-0.056640625,-0.919921875,0.787109375
2936,29164494,29464494,-0.190246582,-0.915893555,0.353393555,0.00335693359,0.1484375,0.01171875,-0.2265625,-1.109375,-6.1171875,-7.0703125,-0.056640625,-0.919921875,0.787109375
2937,29175832,29475832,0.192260742,0.915283203,-0.354003906,0.00244140625,0.1484375,0.01171875,-0.2265625,-1.109375,-6.1171875,-7.0703125,-0.046875,-0.96875,0.796875
2938,29182010,29482010,0.194091797,0.914489746,-0.354797363,0.00842285156,-0.078125,-0.04296875,0.02734375,-1.34375,-6.1015625,-7.0546875,-0.046875,-0.96875,0.796875
2939,29196093,29496093,0.195861816,0.913696289,-0.355773926,0.0142822266,-0.078125,-0.04296875,0.02734375,-1.34375,-6.1015625,-7.0546875,0.01953125,-1.06445312,0.798828125
2940,29201129,29501129,0.197692871,0.912719727,-0.357055664,0.0209350586,-0.00390625,-0.140625,-0.14453125,-1.5703125,-6.078125,-7.0390625,0.01953125,-1.06445312,0.798828125
2941,29215578,29515578,0.19934082,0.911621094,-0.358398438,0.0275268555,-0.00390625,-0.140625,-0.14453125,-1.5703125,-6.078125,-7.0390625,0.052734375,-1.19335938,0.8125
2942,29225933,29525933,0.200805664,0.910583496,-0.359680176,0.0345458984,0.0625,0.06640625,0,-1.828125,-6.0546875,-6.9921875,0.052734375,-1.19335938,0.8125
2943,29236220,29536220,0.202148438,0.909484863,-0.360961914,0.0417480469,0.0625,0.06640625,0,-1.828125,-6.0546875,-6.9921875,0.01953125,-1.29492188,0.802734375
2944,29244984,29544984,0.203369141,0.90838623,-0.362121582,0.048828125,0.18359375,0.1171875,-0.28125,-2.1015625,-6.03125,-6.9375,0.01953125,-1.29492188,0.802734375
2945,29256361,29556361,0.204589844,0.907165527,-0.363342285,0.0565185547,0.18359375,0.1171875,-0.28125,-2.1015625,-6.03125,-6.9375,0,-1.33984375,0.779296875
2946,29264601,29564601,0.205627441,0.906005859,-0.364440918,0.063659668,0.11328125,0.046875,-0.0390625,-2.375,-6,-6.875,0,-1.33984375,0.779296875
2947,29278405,29578405,0.206726074,0.904602051,-0.365844727,0.0715942383,0.11328125,0.046875,-0.0390625,-2.375,-6,-6.875,0.046875,-1.38867188,0.78125
2948,29283016,29583016,0.207641602,0.903198242,-0.3671875,0.0790405273,0.203125,0.0859375,-0.1875,-2.65625,-5.9609375,-6.8046875,0.046875,-1.38867188,0.78125
2949,29297008,29597008,0.208618164,0.901611328,-0.368774414,0.0870361328,0.203125,0.0859375,-0.1875,-2.65625,-5.9609375,-6.8046875,0.107421875,-1.41601562,0.76171875
2950,29300778,29600778,0.209411621,0.900085449,-0.370361328,0.0942993164,0.0234375,0.1328125,-0.08203125,-2.9375,-5.9296875,-6.71875,0.107421875,-1.41601562,0.76171875
2951,29316772,29616772,0.210144043,0.89831543,-0.372070312,0.102294922,0.0234375,0.1328125,-0.08203125,-2.9375,-5.9296875,-6.71875,0.126953125,-1.41992188,0.720703125
2952,29325202,29625202,0.210754395,0.896606445,-0.373779297,0.10949707,0.03515625,-0.015625,-0.18359375,-3.21875,-5.8984375,-6.6171875,0.126953125,-1.41992188,0.720703125
2953,29337340,29637340,0.211303711,0.89465332,-0.375732422,0.117431641,0.03515625,-0.015625,-0.18359375,-3.21875,-5.8984375,-6.6171875,0.173828125,-1.41796875,0.6875
2954,29344514,29644514,0.211791992,0.892822266,-0.377563477,0.124328613,0.078125,-0.0390625,-0.03125,-3.4921875,-5.875,-6.5,0.173828125,-1.41796875,0.6875
2955,29355174,29655174,0.212280273,0.890686035,-0.379760742,0.132080078,0.078125,-0.0390625,-0.03125,-3.4921875,-5.875,-6.5,0.259765625,-1.40625,0.658203125
2956,29360901,29660901,0.212646484,0.888549805,-0.382019043,0.139160156,0.26171875,0.0234375,0.04296875,-3.75,-5.859375,-6.3828125,0.259765625,-1.40625,0.658203125
2957,29376860,29676860,0.21295166,0.886352539,-0.384216309,0.146057129,0.26171875,0.0234375,0.04296875,-3.75,-5.859375,-6.3828125,0.26171875,-1.33007812,0.583984375
2958,29382506,29682506,0.21307373,0.884460449,-0.386169434,0.152404785,0.38671875,0.4296875,-0.05859375,-3.9921875,-5.84375,-6.2421875,0.26171875,-1.33007812,0.583984375
2959,29394463,29694463,0.213134766,0.882446289,-0.387939453,0.159240723,0.38671875,0.4296875,-0.05859375,-3.9921875,-5.84375,-6.2421875,0.138671875,-1.26757812,0.5234375
2960,29402900,29702900,0.21307373,0.88067627,-0.389404297,0.165588379,0.23046875,0.63671875,-0.03125,-4.21875,-5.8203125,-6.1171875,0.138671875,-1.26757812,0.5234375
2961,29415287,29715287,0.213012695,0.878967285,-0.390563965,0.17175293,0.23046875,0.63671875,-0.03125,-4.21875,-5.8203125,-6.1171875,0.060546875,-1.17382812,0.49609375
2962,29425238,29725238,0.213012695,0.877319336,-0.391601562,0.177734375,-0.1015625,0.375,-0.0703125,-4.421875,-5.7890625,-6,0.060546875,-1.17382812,0.49609375
2963,29435616,29735616,0.21307373,0.875732422,-0.39251709,0.183410645,-0.1015625,0.375,-0.0703125,-4.421875,-5.7890625,-6,0.044921875,-1.05664062,0.4765625
2964,29441733,29741733,0.213134766,0.874267578,-0.393371582,0.188415527,-0.2109375,0.02734375,0.0859375,-4.6171875,-5.75,-5.890625,0.044921875,-1.05664062,0.4765625
2965,29454059,29754059,0.213195801,0.872680664,-0.394348145,0.19354248,-0.2109375,0.02734375,0.0859375,-4.6171875,-5.75,-5.890625,0.08984375,-0.931640625,0.419921875
2966,29462483,29762483,0.213256836,0.871154785,-0.395324707,0.198242188,-0.1640625,-0.00390625,0.140625,-4.78125,-5.71875,-5.7890625,0.08984375,-0.931640625,0.419921875
2967,29475440,29775440,0.213195801,0.869750977,-0.396240234,0.202636719,-0.1640625,-0.00390625,0.140625,-4.78125,-5.71875,-5.7890625,0.072265625,-0.841796875,0.34765625
2968,29483116,29783116,0.213134766,0.868469238,-0.397094727,0.206542969,0.0234375,0.1171875,0.0078125,-4.9296875,-5.6875,-5.6953125,0.072265625,-0.841796875,0.34765625
2969,29494664,29794664,0.21307373,0.867126465,-0.397949219,0.210449219,0.0234375,0.1171875,0.0078125,-4.9296875,-5.6875,-5.6953125,0.09765625,-0.7265625,0.29296875
2970,29502095,29802095,0.21295166,0.865844727,-0.398864746,0.214050293,0.03515625,0.1328125,0.1875,-5.0546875,-5.6640625,-5.609375,0.09765625,-0.7265625,0.29296875
2971,29513276,29813276,0.212768555,0.864746094,-0.399719238,0.217163086,0.03515625,0.1328125,0.1875,-5.0546875,-5.6640625,-5.609375,0.099609375,-0.646484375,0.216796875
2972,29520181,29820181,0.212463379,0.863647461,-0.40057373,0.220214844,0.09765625,0.35546875,0.2265625,-5.15625,-5.65625,-5.53125,0.099609375,-0.646484375,0.216796875
2973,29533703,29833703,0.212158203,0.862731934,-0.401184082,0.223022461,0.09765625,0.35546875,0.2265625,-5.15625,-5.65625,-5.53125,0.0234375,-0.546875,0.171875
2974,29542525,29842525,0.211853027,0.861938477,-0.401611328,0.225585938,0.06640625,0.30078125,0.1953125,-5.2421875,-5.640625,-5.4609375,0.0234375,-0.546875,0.171875
2975,29555269,29855269,0.211547852,0.86126709,-0.401855469,0.228027344,0.06640625,0.30078125,0.1953125,-5.2421875,-5.640625,-5.4609375,-0.02734375,-0.484375,0.162109375
2976,29564347,29864347,0.211242676,0.860595703,-0.402038574,0.23034668,0.03125,-0.06640625,0.21484375,-5.3203125,-5.6171875,-5.40625,-0.02734375,-0.484375,0.162109375
2977,29572024,29872024,0.211120605,0.859924316,-0.402282715,0.232727051,0.03125,-0.06640625,0.21484375,-5.3203125,-5.6171875,-5.40625,0,-0.4140625,0.169921875
2978,29583365,29883365,0.21105957,0.85925293,-0.402587891,0.234619141,0.171875,-0.2734375,0.20703125,-5.3828125,-5.6015625,-5.359375,0,-0.4140625,0.169921875
2979,29594290,29894290,0.211181641,0.858642578,-0.402893066,0.23626709,0.171875,-0.2734375,0.20703125,-5.3828125,-5.6015625,-5.359375,0.0625,-0.2890625,0.158203125
2980,29599323,29899323,0.211364746,0.858032227,-0.403320312,0.237670898,0.2265625,-0.2109375,0.20703125,-5.4375,-5.5859375,-5.3203125,0.0625,-0.2890625,0.158203125
2981,29614496,29914496,0.211669922,0.85748291,-0.403625488,0.238769531,0.2265625,-0.2109375,0.20703125,-5.4375,-5.5859375,-5.3203125,0.05859375,-0.166015625,0.126953125
2982,29621887,29921887,0.211914062,0.857177734,-0.403808594,0.239440918,0.15625,0.0078125,0.16796875,-5.484375,-5.578125,-5.28125,0.05859375,-0.166015625,0.126953125
2983,29634295,29934295,0.212158203,0.856933594,-0.403930664,0.239868164,0.15625,0.0078125,0.16796875,-5.484375,-5.578125,-5.28125,0.03125,-0.03125,0.056640625
2984,29643967,29943967,0.212341309,0.856811523,-0.403991699,0.239868164,0.05859375,0.0390625,0.15234375,-5.5,-5.5703125,-5.265625,0.03125,-0.03125,0.056640625
2985,29653482,29953482,0.212463379,0.856872559,-0.40411377,0.239440918,0.05859375,0.0390625,0.15234375,-5.5,-5.5703125,-5.265625,0.03125,0.123046875,-0.048828125
2986,29664234,29964234,0.212524414,0.857116699,-0.40411377,0.238586426,0.05859375,0.078125,0.16015625,-5.5,-5.5703125,-5.2734375,0.03125,0.123046875,-0.048828125
2987,29673249,29973249,0.212585449,0.857421875,-0.40411377,0.237304688,0.05859375,0.078125,0.16015625,-5.5,-5.5703125,-5.2734375,0.033203125,0.294921875,-0.12890625
2988,29678279,29978279,0.212646484,0.857971191,-0.404052734,0.235473633,0.0625,0.140625,0.17578125,-5.46875,-5.59375,-5.2890625,0.033203125,0.294921875,-0.12890625
2989,29693352,29993352,0.21282959,0.858581543,-0.403930664,0.233276367,0.0625,0.140625,0.17578125,-5.46875,-5.59375,-5.2890625,0.03125,0.46484375,-0.181640625
2990,29703753,30003753,0.213012695,0.859313965,-0.403747559,0.230712891,0,0.1171875,0.328125,-5.40625,-5.609375,-5.328125,0.03125,0.46484375,-0.181640625
2991,29713360,30013360,0.213256836,0.860168457,-0.403503418,0.227661133,0,0.1171875,0.328125,-5.40625,-5.609375,-5.328125,0.02734375,0.62109375,-0.248046875
2992,29721991,30021991,0.213439941,0.86114502,-0.403259277,0.224304199,-0.0390625,0.140625,0.23046875,-5.328125,-5.6328125,-5.3828125,0.02734375,0.62109375,-0.248046875
2993,29732775,30032775,0.213562012,0.862243652,-0.402954102,0.220458984,-0.0390625,0.140625,0.23046875,-5.328125,-5.6328125,-5.3828125,0.029296875,0.76953125,-0.345703125
2994,29745197,30045197,0.213623047,0.863464355,-0.402587891,0.216308594,-0.0234375,0.32421875,0.1875,-5.2265625,-5.6640625,-5.453125,0.029296875,0.76953125,-0.345703125
2995,29754622,30054622,0.213500977,0.864807129,-0.402038574,0.211853027,-0.0234375,0.32421875,0.1875,-5.2265625,-5.6640625,-5.453125,-0.03125,0.88671875,-0.439453125
2996,29758353,30058353,0.213317871,0.866333008,-0.401367188,0.207092285,0.03515625,0.328125,0.1953125,-5.09375,-5.703125,-5.5390625,-0.03125,0.88671875,-0.439453125
2997,29773181,30073181,0.213134766,0.867980957,-0.40057373,0.201904297,0.03515625,0.328125,0.1953125,-5.09375,-5.703125,-5.5390625,-0.068359375,0.974609375,-0.486328125
2998,29781108,30081108,0.212890625,0.869628906,-0.399719238,0.196655273,-0.015625,0.13671875,0.18359375,-4.9296875,-5.7421875,-5.640625,-0.068359375,0.974609375,-0.486328125
2999,29792460,30092460,0.21270752,0.871276855,-0.398864746,0.191223145,-0.015625,0.13671875,0.18359375,-4.9296875,-5.7421875,-5.640625,-0.041015625,1.06445312,-0.509765625
3000,29800473,30100473,0.212585449,0.872924805,-0.398071289,0.18548584,0.03515625,0.09765625,0.09375,-4.75,-5.78125,-5.7421875,-0.041015625,1.06445312,-0.509765625
3001,29814832,30114832,0.212463379,0.874572754,-0.397155762,0.179626465,0.03515625,0.09765625,0.09375,-4.75,-5.78125,-5.7421875,-0.0390625,1.125,-0.533203125
3002,29820494,30120494,0.212341309,0.876159668,-0.39630127,0.17388916,-0.0390625,0.2578125,0.0859375,-4.5625,-5.828125,-5.8515625,-0.0390625,1.125,-0.533203125
3003,29831866,30131866,0.212097168,0.877929688,-0.395141602,0.167724609,-0.0390625,0.2578125,0.0859375,-4.5625,-5.828125,-5.8515625,-0.10546875,1.14257812,-0.548828125
3004,29837829,30137829,0.211791992,0.879699707,-0.393798828,0.161743164,-0.04296875,0.4140625,0.04296875,-4.3671875,-5.8671875,-5.9609375,-0.10546875,1.14257812,-0.548828125
3005,29853894,30153894,0.211425781,0.881591797,-0.392272949,0.155700684,-0.04296875,0.4140625,0.04296875,-4.3671875,-5.8671875,-5.9609375,-0.19921875,1.16015625,-0.587890625
3006,29861902,30161902,0.2109375,0.883422852,-0.390625,0.149902344,-0.08984375,0.328125,0.046875,-4.1640625,-5.8984375,-6.078125,-0.19921875,1.16015625,-0.587890625
3007,29872554,30172554,0.210388184,0.885437012,-0.38873291,0.143554688,-0.08984375,0.328125,0.046875,-4.1640625,-5.8984375,-6.078125,-0.23828125,1.17773438,-0.60546875
3008,29882210,30182210,0.209838867,0.887390137,-0.38684082,0.137451172,0.12109375,0.0390625,-0.10546875,-3.953125,-5.9140625,-6.1953125,-0.23828125,1.17773438,-0.60546875
3009,29893517,30193517,0.209472656,0.889221191,-0.385070801,0.131103516,0.12109375,0.0390625,-0.10546875,-3.953125,-5.9140625,-6.1953125,-0.19140625,1.2421875,-0.583984375
3010,29899482,30199482,0.20916748,0.890869141,-0.383422852,0.124755859,0.12109375,-0.16796875,-0.2578125,-3.7265625,-5.9375,-6.3125,-0.19140625,1.2421875,-0.583984375
3011,29913544,30213544,0.208984375,0.892456055,-0.382019043,0.117980957,0.12109375,-0.16796875,-0.2578125,-3.7265625,-5.9375,-6.3125,-0.0546875,1.26757812,-0.564453125
3012,29917152,30217152,0.208862305,0.893737793,-0.380981445,0.11151123,0.05078125,-0.375,-0.1875,-3.5,-5.9609375,-6.421875,-0.0546875,1.26757812,-0.564453125
3013,29933183,30233183,0.208679199,0.895019531,-0.380065918,0.104675293,0.05078125,-0.375,-0.1875,-3.5,-5.9609375,-6.421875,0.046875,1.21679688,-0.583984375
3014,29939751,30239751,0.208312988,0.896118164,-0.379394531,0.0983886719,-0.1015625,-0.06640625,-0.03125,-3.2734375,-6,-6.5,0.046875,1.21679688,-0.583984375
3015,29951465,30251465,0.207641602,0.897338867,-0.378540039,0.0916748047,-0.1015625,-0.06640625,-0.03125,-3.2734375,-6,-6.5,0.00390625,1.15234375,-0.654296875
3016,29960470,30260470,0.206726074,0.89855957,-0.377563477,0.0852661133,-0.10546875,0.171875,0.0390625,-3.0390625,-6.046875,-6.5703125,0.00390625,1.15234375,-0.654296875
3017,29975793,30275793,0.205505371,0.899902344,-0.376403809,0.0791015625,-0.10546875,0.171875,0.0390625,-3.0390625,-6.046875,-6.5703125,-0.1015625,1.07617188,-0.744140625
3018,29980588,30280588,0.204101562,0.901306152,-0.375061035,0.0728759766,-0.1796875,0.28125,-0.16015625,-2.8125,-6.078125,-6.640625,-0.1015625,1.07617188,-0.744140625
3019,29991720,30291720,0.202758789,0.902587891,-0.373779297,0.0670776367,-0.1796875,0.28125,-0.16015625,-2.8125,-6.078125,-6.640625,-0.08984375,1.04492188,-0.720703125
3020,29997443,30297443,0.201538086,0.903747559,-0.372680664,0.0610351562,0.125,0.07421875,-0.125,-2.578125,-6.1015625,-6.7109375,-0.08984375,1.04492188,-0.720703125
3021,30015009,30315009,0.200500488,0.904724121,-0.371826172,0.0550537109,0.125,0.07421875,-0.125,-2.578125,-6.1015625,-6.7109375,0.033203125,1.05078125,-0.642578125
3022,30020025,30320025,0.199584961,0.905517578,-0.37121582,0.0491943359,0.203125,-0.01171875,0.1875,-2.3515625,-6.1328125,-6.7578125,0.033203125,1.05078125,-0.642578125
3023,30030971,30330971,0.198608398,0.90625,-0.370666504,0.0433349609,0.203125,-0.01171875,0.1875,-2.3515625,-6.1328125,-6.7578125,0.0859375,0.994140625,-0.623046875
3024,30038958,30338958,0.197570801,0.906921387,-0.370178223,0.0377197266,0.22265625,0.10546875,0.1953125,-2.140625,-6.171875,-6.8046875,0.0859375,0.994140625,-0.623046875
3025,30051202,30351202,0.196350098,0.907653809,-0.369506836,0.0325927734,0.22265625,0.10546875,0.1953125,-2.140625,-6.171875,-6.8046875,-0.021484375,0.83203125,-0.638671875
3026,30057230,30357230,0.194885254,0.908508301,-0.368591309,0.0279541016,0.01953125,0.21484375,-0.0078125,-1.9375,-6.203125,-6.828125,-0.021484375,0.83203125,-0.638671875
3027,30070771,30370771,0.19342041,0.909423828,-0.367431641,0.0235595703,0.01953125,0.21484375,-0.0078125,-1.9375,-6.203125,-6.828125,-0.1171875,0.708984375,-0.609375
3028,30076736,30376736,0.192016602,0.91027832,-0.366333008,0.0194091797,0.13671875,0.03125,-0.421875,-1.75,-6.2109375,-6.875,-0.1171875,0.708984375,-0.609375
3029,30090628,30390628,0.190734863,0.910949707,-0.36541748,0.0151977539,0.13671875,0.03125,-0.421875,-1.75,-6.2109375,-6.875,-0.03125,0.73828125,-0.552734375
3030,30099218,30399218,0.18963623,0.911560059,-0.364746094,0.0106201172,0.01171875,-0.5390625,-0.390625,-1.5859375,-6.21875,-6.90625,-0.03125,0.73828125,-0.552734375
3031,30110847,30410847,0.188659668,0.911865234,-0.364440918,0.00567626953,0.01171875,-0.5390625,-0.390625,-1.5859375,-6.21875,-6.90625,0.162109375,0.8984375,-0.576171875
3032,30119200,30419200,0.187561035,0.91217041,-0.364379883,0.000183105469,-0.09765625,-0.515625,-0.10546875,-1.3984375,-6.2421875,-6.921875,0.162109375,0.8984375,-0.576171875
3033,30130445,30430445,-0.186279297,-0.912475586,0.364135742,0.00531005859,-0.09765625,-0.515625,-0.10546875,-1.3984375,-6.2421875,-6.921875,0.09765625,0.951171875,-0.697265625
3034,30136763,30436763,-0.184692383,-0.913146973,0.36328125,0.010925293,-0.03515625,0.62890625,0.3984375,-1.1953125,-6.2734375,-6.9296875,0.09765625,0.951171875,-0.697265625
3035,30150317,30450317,-0.182922363,-0.914001465,0.361755371,0.0160522461,-0.03515625,0.62890625,0.3984375,-1.1953125,-6.2734375,-6.9296875,-0.212890625,0.833984375,-0.72265625
3036,30156293,30456293,-0.181152344,-0.914978027,0.359863281,0.0208740234,0.09375,0.59765625,0.19140625,-0.9765625,-6.28125,-6.953125,-0.212890625,0.833984375,-0.72265625
3037,30173499,30473499,-0.179504395,-0.915893555,0.358154297,0.0252075195,0.09375,0.59765625,0.19140625,-0.9765625,-6.28125,-6.953125,-0.201171875,0.724609375,-0.654296875
3038,30177780,30477780,-0.17791748,-0.916625977,0.356811523,0.029296875,0.203125,-0.26171875,-0.06640625,-0.78125,-6.265625,-7,-0.201171875,0.724609375,-0.654296875
3039,30191654,30491654,-0.176330566,-0.917114258,0.355895996,0.0335693359,0.203125,-0.26171875,-0.06640625,-0.78125,-6.265625,-7,0.02734375,0.66015625,-0.568359375
3040,30201356,30501356,-0.175048828,-0.917358398,0.355529785,0.0374755859,0.22265625,-0.57421875,-0.2421875,-0.609375,-6.2578125,-7.015625,0.02734375,0.66015625,-0.568359375
3041,30212978,30512978,-0.173706055,-0.917419434,0.355529785,0.0418701172,0.22265625,-0.57421875,-0.2421875,-0.609375,-6.2578125,-7.015625,0.1796875,0.7265625,-0.544921875
3042,30217284,30517284,-0.172485352,-0.917358398,0.355651855,0.0464477539,0.25,-0.28515625,0.140625,-0.4453125,-6.28125,-7.015625,0.1796875,0.7265625,-0.544921875
3043,30231601,30531601,-0.171142578,-0.917419434,0.35559082,0.0515136719,0.25,-0.28515625,0.140625,-0.4453125,-6.28125,-7.015625,0.12109375,0.783203125,-0.60546875
3044,30235319,30535319,-0.169677734,-0.917602539,0.355041504,0.0559082031,0.1796875,0.359375,0.34765625,-0.2578125,-6.3125,-6.9921875,0.12109375,0.783203125,-0.60546875
3045,30253374,30553374,-0.16809082,-0.91809082,0.353881836,0.0603027344,0.1796875,0.359375,0.34765625,-0.2578125,-6.3125,-6.9921875,-0.1484375,0.693359375,-0.62890625
3046,30257839,30557839,-0.166442871,-0.918762207,0.352233887,0.0643920898,0.16015625,0.515625,0.1640625,-0.0859375,-6.3125,-7,-0.1484375,0.693359375,-0.62890625
3047,30269899,30569899,-0.165039062,-0.919433594,0.350463867,0.0680541992,0.16015625,0.515625,0.1640625,-0.0859375,-6.3125,-7,-0.2265625,0.59765625,-0.544921875
3048,30282951,30582951,-0.163696289,-0.91998291,0.348937988,0.071472168,0.2265625,0.1015625,0.0703125,0.078125,-6.28125,-7.0234375,-0.2265625,0.59765625,-0.544921875
3049,30295772,30595772,-0.162414551,-0.920288086,0.347839355,0.075012207,0.2265625,0.1015625,0.0703125,0.078125,-6.28125,-7.0234375,-0.0390625,0.583984375,-0.48828125
3050,30300883,30600883,-0.161254883,-0.920471191,0.347229004,0.0785522461,0.22265625,-0.57421875,-0.1796875,0.234375,-6.2578125,-7.0390625,-0.0390625,0.583984375,-0.48828125
3051,30309079,30609079,-0.160217285,-0.920471191,0.346801758,0.0823364258,0.22265625,-0.57421875,-0.1796875,0.234375,-6.2578125,-7.0390625,0.09375,0.681640625,-0.46875
3052,30315906,30615906,-0.159179688,-0.920349121,0.346496582,0.0865478516,0.1953125,-0.3359375,0.15625,0.375,-6.265625,-7.03125,0.09375,0.681640625,-0.46875
3053,30333280,30633280,-0.158203125,-0.920288086,0.346191406,0.0905151367,0.1953125,-0.3359375,0.15625,0.375,-6.265625,-7.03125,0.072265625,0.662109375,-0.4765625
3054,30337018,30637018,-0.157043457,-0.920349121,0.345581055,0.0942382812,0.0390625,-0.0625,0.37109375,0.53125,-6.2734375,-7.015625,0.072265625,0.662109375,-0.4765625
3055,30350902,30650902,-0.155944824,-0.920593262,0.344543457,0.0973510742,0.0390625,-0.0625,0.37109375,0.53125,-6.2734375,-7.015625,-0.134765625,0.501953125,-0.451171875
3056,30359373,30659373,-0.154846191,-0.920959473,0.343261719,0.100219727,-0.0625,0.26953125,0.015625,0.671875,-6.2578125,-7.0078125,-0.134765625,0.501953125,-0.451171875
3057,30372525,30672525,-0.153869629,-0.921325684,0.34185791,0.102966309,-0.0625,0.26953125,0.015625,0.671875,-6.2578125,-7.0078125,-0.171875,0.44921875,-0.375
3058,30377937,30677937,-0.153076172,-0.921630859,0.340698242,0.10534668,0.1640625,-0.33984375,-0.38671875,0.7890625,-6.2265625,-7.0234375,-0.171875,0.44921875,-0.375
3059,30390948,30690948,-0.152404785,-0.92175293,0.339782715,0.108215332,0.1640625,-0.33984375,-0.38671875,0.7890625,-6.2265625,-7.0234375,-0.033203125,0.478515625,-0.318359375
3060,30394686,30694686,-0.151794434,-0.92175293,0.339233398,0.110778809,0.0546875,-0.73828125,-0.34375,0.8984375,-6.2109375,-7.03125,-0.033203125,0.478515625,-0.318359375
3061,30412526,30712526,-0.151062012,-0.921691895,0.338745117,0.113647461,0.0546875,-0.73828125,-0.34375,0.8984375,-6.2109375,-7.03125,0.025390625,0.47265625,-0.3203125
3062,30416637,30716637,-0.150390625,-0.921630859,0.338317871,0.116271973,0.0234375,-0.36328125,-0.12109375,1.0078125,-6.203125,-7.0234375,0.025390625,0.47265625,-0.3203125
3063,30430177,30730177,-0.149597168,-0.921630859,0.33770752,0.11895752,0.0234375,-0.36328125,-0.12109375,1.0078125,-6.203125,-7.0234375,-0.02734375,0.447265625,-0.33203125
3064,30438607,30738607,-0.148925781,-0.921691895,0.337036133,0.121520996,0.11328125,-0.015625,-0.05859375,1.109375,-6.203125,-7.0078125,-0.02734375,0.447265625,-0.33203125
3065,30451961,30751961,-0.14831543,-0.921691895,0.336242676,0.124145508,0.11328125,-0.015625,-0.05859375,1.109375,-6.203125,-7.0078125,-0.04296875,0.451171875,-0.291015625
3066,30456896,30756896,-0.147827148,-0.921691895,0.335632324,0.126525879,0.125,-0.109375,-0.01953125,1.2109375,-6.1875,-7.0078125,-0.04296875,0.451171875,-0.291015625
3067,30469899,30769899,-0.147338867,-0.921630859,0.335021973,0.12890625,0.125,-0.109375,-0.01953125,1.2109375,-6.1875,-7.0078125,-0.015625,0.39453125,-0.23046875
3068,30476604,30776604,-0.147033691,-0.921569824,0.334594727,0.13092041,0.03125,-0.23828125,0.0078125,1.3046875,-6.171875,-7,-0.015625,0.39453125,-0.23046875
3069,30492371,30792371,-0.14666748,-0.921508789,0.334228516,0.1328125,0.03125,-0.23828125,0.0078125,1.3046875,-6.171875,-7,-0.001953125,0.298828125,-0.181640625
3070,30497770,30797770,-0.14630127,-0.921447754,0.333862305,0.134399414,-0.0078125,-0.0859375,0,1.3828125,-6.171875,-6.9921875,-0.001953125,0.298828125,-0.181640625
3071,30509057,30809057,-0.146057129,-0.921447754,0.333435059,0.135620117,-0.0078125,-0.0859375,0,1.3828125,-6.171875,-6.9921875,-0.046875,0.203125,-0.130859375
3072,30518362,30818362,-0.145812988,-0.921508789,0.332946777,0.136657715,-0.015625,-0.09375,-0.19921875,1.4296875,-6.1640625,-6.984375,-0.046875,0.203125,-0.130859375
3073,30532183,30832183,-0.145629883,-0.921569824,0.332519531,0.137512207,-0.015625,-0.09375,-0.19921875,1.4296875,-6.1640625,-6.984375,-0.0703125,0.1484375,-0.1015625
3074,30536859,30836859,-0.145507812,-0.921691895,0.331970215,0.138183594,0.0234375,0.04296875,-0.12109375,1.46875,-6.1484375,-6.984375,-0.0703125,0.1484375,-0.1015625
3075,30549092,30849092,-0.145507812,-0.921813965,0.331420898,0.13873291,0.0234375,0.04296875,-0.12109375,1.46875,-6.1484375,-6.984375,-0.09375,0.09375,-0.0390625
3076,30555069,30855069,-0.145568848,-0.921936035,0.330932617,0.139038086,-0.0859375,-0.23828125,-0.07421875,1.5,-6.1328125,-6.9921875,-0.09375,0.09375,-0.0390625
3077,30573171,30873171,-0.145690918,-0.92199707,0.330688477,0.139160156,-0.0859375,-0.23828125,-0.07421875,1.5,-6.1328125,-6.9921875,-0.046875,0.00390625,0.015625
3078,30577644,30877644,-0.145812988,-0.922058105,0.330566406,0.138977051,-0.0625,-0.40234375,-0.2578125,1.515625,-6.125,-7,-0.046875,0.00390625,0.015625
3079,30589500,30889500,-0.145935059,-0.922058105,0.330566406,0.13861084,-0.0625,-0.40234375,-0.2578125,1.515625,-6.125,-7,-0.009765625,-0.08203125,0.0625
3080,30598833,30898833,-0.146118164,-0.922119141,0.330627441,0.138061523,-0.125,-0.36328125,-0.41015625,1.5,-6.125,-7,-0.009765625,-0.08203125,0.0625
3081,30610593,30910593,-0.146362305,-0.922119141,0.330749512,0.137207031,-0.125,-0.36328125,-0.41015625,1.5,-6.125,-7,-0.029296875,-0.1484375,0.107421875
3082,30616036,30916036,-0.14666748,-0.922241211,0.330749512,0.136291504,-0.1015625,-0.24609375,-0.3671875,1.4765625,-6.125,-7.0078125,-0.029296875,-0.1484375,0.107421875
3083,30630258,30930258,-0.147094727,-0.922363281,0.330749512,0.135070801,-0.1015625,-0.24609375,-0.3671875,1.4765625,-6.125,-7.0078125,-0.056640625,-0.21875,0.162109375
3084,30633985,30933985,-0.147521973,-0.922424316,0.330810547,0.133728027,-0.13671875,-0.32421875,-0.3125,1.4375,-6.125,-7.0234375,-0.056640625,-0.21875,0.162109375
3085,30650955,30950955,-0.148071289,-0.922546387,0.330993652,0.132141113,-0.13671875,-0.32421875,-0.3125,1.4375,-6.125,-7.0234375,-0.01953125,-0.267578125,0.21484375
3086,30654713,30954713,-0.148620605,-0.922546387,0.331237793,0.130493164,-0.0390625,-0.31640625,-0.14453125,1.375,-6.1328125,-7.0390625,-0.01953125,-0.267578125,0.21484375
3087,30667308,30967308,-0.149291992,-0.922607422,0.331604004,0.128417969,-0.0390625,-0.31640625,-0.14453125,1.375,-6.1328125,-7.0390625,-0.01953125,-0.3515625,0.271484375
3088,30675619,30975619,-0.150024414,-0.922668457,0.331970215,0.126281738,-0.04296875,-0.203125,-0.09765625,1.3046875,-6.1328125,-7.046875,-0.01953125,-0.3515625,0.271484375
3089,30692497,30992497,-0.150817871,-0.922729492,0.332397461,0.123840332,-0.04296875,-0.203125,-0.09765625,1.3046875,-6.1328125,-7.046875,-0.021484375,-0.421875,0.3359375
3090,30696953,30996953,-0.151733398,-0.922790527,0.332824707,0.121154785,0.08984375,-0.078125,0.0703125,1.2109375,-6.140625,-7.0625,-0.021484375,-0.421875,0.3359375
3091,30706916,31006916,-0.152709961,-0.922851562,0.333190918,0.118225098,0.08984375,-0.078125,0.0703125,1.2109375,-6.140625,-7.0625,-0.064453125,-0.515625,0.400390625
3092,30712890,31012890,-0.153808594,-0.922973633,0.333496094,0.114990234,0.0078125,-0.00390625,-0.02734375,1.1015625,-6.140625,-7.078125,-0.064453125,-0.515625,0.400390625
3093,30730849,31030849,-0.154968262,-0.923095703,0.333862305,0.11138916,0.0078125,-0.00390625,-0.02734375,1.1015625,-6.140625,-7.078125,-0.078125,-0.626953125,0.48046875
3094,30735531,31035531,-0.156188965,-0.923156738,0.334289551,0.107666016,0.1015625,-0.0390625,-0.125,0.96875,-6.140625,-7.09375,-0.078125,-0.626953125,0.48046875
3095,30745832,31045832,-0.157592773,-0.923217773,0.334716797,0.103637695,0.1015625,-0.0390625,-0.125,0.96875,-6.140625,-7.09375,-0.078125,-0.654296875,0.541015625
3096,30760127,31060127,-0.159118652,-0.923278809,0.335205078,0.0995483398,0.06640625,-0.1171875,-0.06640625,0.8125,-6.140625,-7.1171875,-0.078125,-0.654296875,0.541015625
3097,30770480,31070480,-0.160705566,-0.923217773,0.335754395,0.0953369141,0.06640625,-0.1171875,-0.06640625,0.8125,-6.140625,-7.1171875,-0.05078125,-0.71875,0.611328125
3098,30774226,31074226,-0.16229248,-0.923156738,0.336425781,0.091003418,0,-0.23828125,-0.125,0.6484375,-6.1328125,-7.1328125,-0.05078125,-0.71875,0.611328125
3099,30787215,31087215,-0.164001465,-0.923095703,0.337036133,0.0863037109,0,-0.23828125,-0.125,0.6484375,-6.1328125,-7.1328125,-0.064453125,-0.794921875,0.66015625
3100,30793181,31093181,-0.165771484,-0.922973633,0.33770752,0.081237793,-0.01171875,-0.34765625,-0.30078125,0.46875,-6.140625,-7.1484375,-0.064453125,-0.794921875,0.66015625
3101,30810259,31110259,-0.167602539,-0.922790527,0.338500977,0.076171875,-0.01171875,-0.34765625,-0.30078125,0.46875,-6.140625,-7.1484375,-0.033203125,-0.83984375,0.69921875
3102,30815009,31115009,-0.169372559,-0.922546387,0.339294434,0.0712890625,0.046875,-0.42578125,-0.32421875,0.2578125,-6.140625,-7.1640625,-0.033203125,-0.83984375,0.69921875
3103,30827038,31127038,-0.171264648,-0.922241211,0.340209961,0.0661010742,0.046875,-0.42578125,-0.32421875,0.2578125,-6.140625,-7.1640625,0,-0.876953125,0.73828125
3104,30836308,31136308,-0.173278809,-0.921875,0.341369629,0.0604248047,-0.05859375,-0.4609375,-0.35546875,0.0546875,-6.140625,-7.171875,0,-0.876953125,0.73828125
3105,30850431,31150431,-0.175170898,-0.921325684,0.342712402,0.0548095703,-0.05859375,-0.4609375,-0.35546875,0.0546875,-6.140625,-7.171875,0.072265625,-0.98046875,0.78125
3106,30856125,31156125,-0.177124023,-0.920776367,0.344055176,0.0489501953,-0.015625,-0.33984375,-0.46875,-0.1796875,-6.1484375,-7.171875,0.072265625,-0.98046875,0.78125
3107,30867092,31167092,-0.179016113,-0.920288086,0.345214844,0.0433349609,-0.015625,-0.33984375,-0.46875,-0.1796875,-6.1484375,-7.171875,0.01953125,-0.966796875,0.810546875
3108,30872123,31172123,-0.181152344,-0.919677734,0.346374512,0.0373535156,0.171875,-0.0703125,-0.37109375,-0.40625,-6.1484375,-7.15625,0.01953125,-0.966796875,0.810546875
3109,30889709,31189709,-0.183410645,-0.919067383,0.347473145,0.0313110352,0.171875,-0.0703125,-0.37109375,-0.40625,-6.1484375,-7.15625,0.001953125,-0.98046875,0.845703125
3110,30894870,31194870,-0.185424805,-0.918395996,0.348510742,0.0255737305,0.0390625,-0.23046875,-0.38671875,-0.65625,-6.140625,-7.140625,0.001953125,-0.98046875,0.845703125
3111,30906943,31206943,-0.187683105,-0.917663574,0.349731445,0.0191040039,0.0390625,-0.23046875,-0.38671875,-0.65625,-6.140625,-7.140625,0.025390625,-1.06640625,0.87109375
3112,30915621,31215621,-0.189880371,-0.916931152,0.350830078,0.0125732422,-0.16796875,-0.1640625,-0.2109375,-0.90625,-6.1328125,-7.125,0.025390625,-1.06640625,0.87109375
3113,30929832,31229832,-0.192016602,-0.916137695,0.351928711,0.00592041016,-0.16796875,-0.1640625,-0.2109375,-0.90625,-6.1328125,-7.125,0.009765625,-1.1484375,0.904296875
3114,30934100,31234100,0.193969727,0.915222168,-0.353149414,0.0009765625,-0.05859375,-0.21875,-0.15625,-1.171875,-6.1171875,-7.1015625,0.009765625,-1.1484375,0.904296875
3115,30946360,31246360,0.195800781,0.914306641,-0.354431152,0.00805664062,-0.05859375,-0.21875,-0.15625,-1.171875,-6.1171875,-7.1015625,0.0234375,-1.26953125,0.884765625
3116,30951393,31251393,0.197570801,0.913269043,-0.355834961,0.0158691406,0.0703125,0.2265625,-0.03515625,-1.453125,-6.1015625,-7.0703125,0.0234375,-1.26953125,0.884765625
3117,30965674,31265674,0.19909668,0.912231445,-0.357299805,0.0237426758,0.0703125,0.2265625,-0.03515625,-1.453125,-6.1015625,-7.0703125,0.025390625,-1.45507812,0.884765625
3118,30972341,31272341,0.200500488,0.911132812,-0.358642578,0.0322265625,0.13671875,0.39453125,-0.08203125,-1.75,-6.078125,-7.0234375,0.025390625,-1.45507812,0.884765625
3119,30987948,31287948,0.201843262,0.909973145,-0.359863281,0.0409545898,0.13671875,0.39453125,-0.08203125,-1.75,-6.078125,-7.0234375,-0.072265625,-1.58984375,0.91015625
3120,30995604,31295604,0.20300293,0.908874512,-0.360900879,0.0494995117,0.11328125,0.125,-0.359375,-2.0703125,-6.0390625,-6.9765625,-0.072265625,-1.58984375,0.91015625
3121,31007975,31307975,0.204162598,0.907592773,-0.362121582,0.0592041016,0.11328125,0.125,-0.359375,-2.0703125,-6.0390625,-6.9765625,-0.046875,-1.6875,0.916015625
3122,31011526,31311526,0.205200195,0.906188965,-0.36340332,0.0681762695,-0.00390625,-0.2734375,-0.49609375,-2.4140625,-5.984375,-6.9140625,-0.046875,-1.6875,0.916015625
3123,31026707,31326707,0.206298828,0.90447998,-0.36517334,0.0779418945,-0.00390625,-0.2734375,-0.49609375,-2.4140625,-5.984375,-6.9140625,0.10546875,-1.71875,0.921875
3124,31031759,31331759,0.207275391,0.902587891,-0.3671875,0.0868530273,-0.0859375,-0.46484375,-0.32421875,-2.75,-5.9453125,-6.8203125,0.10546875,-1.71875,0.921875
3125,31046930,31346930,0.208374023,0.900268555,-0.369812012,0.0964355469,-0.0859375,-0.46484375,-0.32421875,-2.75,-5.9453125,-6.8203125,0.296875,-1.73242188,0.90625
3126,31052251,31352251,0.209289551,0.898010254,-0.372497559,0.105163574,0.03515625,-0.3359375,-0.1796875,-3.1015625,-5.921875,-6.6953125,0.296875,-1.73242188,0.90625
3127,31065784,31365784,0.210144043,0.895446777,-0.375366211,0.114501953,0.03515625,-0.3359375,-0.1796875,-3.1015625,-5.921875,-6.6953125,0.31640625,-1.70703125,0.830078125
3128,31075347,31375347,0.210754395,0.893005371,-0.378051758,0.12322998,0.20703125,0.26171875,0.125,-3.4296875,-5.90625,-6.5390625,0.31640625,-1.70703125,0.830078125
3129,31086976,31386976,0.211181641,0.890686035,-0.380432129,0.131774902,0.20703125,0.26171875,0.125,-3.4296875,-5.90625,-6.5390625,0.216796875,-1.65429688,0.759765625
3130,31090604,31390604,0.211486816,0.888549805,-0.382385254,0.139953613,0.40625,0.515625,0.05859375,-3.7421875,-5.890625,-6.3984375,0.216796875,-1.65429688,0.759765625
3131,31106838,31406838,0.211730957,0.886291504,-0.384155273,0.148681641,0.40625,0.515625,0.05859375,-3.7421875,-5.890625,-6.3984375,0.11328125,-1.57617188,0.72265625
3132,31110565,31410565,0.211975098,0.884155273,-0.385681152,0.156555176,0.3125,0.28125,-0.08203125,-4.03125,-5.8515625,-6.2578125,0.11328125,-1.57617188,0.72265625
3133,31126940,31426940,0.212341309,0.881958008,-0.387268066,0.164672852,0.3125,0.28125,-0.08203125,-4.03125,-5.8515625,-6.2578125,0.12109375,-1.4765625,0.71484375
3134,31130386,31430386,0.212768555,0.879821777,-0.38873291,0.171875,0.2421875,-0.03125,-0.03125,-4.3046875,-5.8046875,-6.1171875,0.12109375,-1.4765625,0.71484375
3135,31145266,31445266,0.213317871,0.877380371,-0.390441895,0.179504395,0.2421875,-0.03125,-0.03125,-4.3046875,-5.8046875,-6.1171875,0.197265625,-1.359375,0.685546875
3136,31153601,31453601,0.213867188,0.875061035,-0.392211914,0.186401367,0.26171875,-0.1875,0.2421875,-4.5546875,-5.765625,-5.96875,0.197265625,-1.359375,0.685546875
3137,31164992,31464992,0.214355469,0.872680664,-0.393981934,0.192993164,0.26171875,-0.1875,0.2421875,-4.5546875,-5.765625,-5.96875,0.234375,-1.26171875,0.626953125
3138,31173118,31473118,0.214782715,0.870361328,-0.395690918,0.199401855,0.3359375,0.12109375,0.32421875,-4.78125,-5.7265625,-5.8203125,0.234375,-1.26171875,0.626953125
3139,31184982,31484982,0.215026855,0.868347168,-0.397094727,0.20501709,0.3359375,0.12109375,0.32421875,-4.78125,-5.7265625,-5.8203125,0.158203125,-1.1171875,0.517578125
3140,31190045,31490045,0.215148926,0.866394043,-0.39831543,0.21081543,0.3828125,0.73828125,0.3046875,-4.984375,-5.6953125,-5.6875,0.158203125,-1.1171875,0.517578125
3141,31207424,31507424,0.215026855,0.864685059,-0.399230957,0.216003418,0.3828125,0.73828125,0.3046875,-4.984375,-5.6953125,-5.6875,0.021484375,-0.990234375,0.421875
3142,31211351,31511351,0.21496582,0.86328125,-0.399780273,0.22076416,0.36328125,0.69921875,0.34375,-5.15625,-5.65625,-5.5703125,0.021484375,-0.990234375,0.421875
3143,31226556,31526556,0.214904785,0.861816406,-0.40020752,0.225646973,0.36328125,0.69921875,0.34375,-5.15625,-5.65625,-5.5703125,-0.00390625,-0.845703125,0.40625
3144,31235611,31535611,0.215026855,0.860473633,-0.400695801,0.229736328,0.3984375,0.01171875,0.125,-5.3046875,-5.6171875,-5.46875,-0.00390625,-0.845703125,0.40625
3145,31249489,31549489,0.215209961,0.859130859,-0.401245117,0.233581543,0.3984375,0.01171875,0.125,-5.3046875,-5.6171875,-5.46875,0.064453125,-0.7109375,0.36328125
3146,31250973,31550973,0.215393066,0.857788086,-0.401916504,0.237243652,0.29296875,0.046875,0.1171875,-5.4296875,-5.578125,-5.3828125,0.064453125,-0.7109375,0.36328125
3147,31264860,31564860,0.215637207,0.856567383,-0.40246582,0.240356445,0.29296875,0.046875,0.1171875,-5.4296875,-5.578125,-5.3828125,0.06640625,-0.5546875,0.294921875
3148,31270823,31570823,0.215820312,0.85559082,-0.402954102,0.242980957,0.2890625,0.24609375,0.26953125,-5.5390625,-5.546875,-5.3046875,0.06640625,-0.5546875,0.294921875
3149,31285170,31585170,0.216003418,0.854675293,-0.403320312,0.245239258,0.2890625,0.24609375,0.26953125,-5.5390625,-5.546875,-5.3046875,0.046875,-0.376953125,0.1953125
3150,31292900,31592900,0.216125488,0.854003906,-0.403686523,0.247009277,0.25,0.26171875,0.40625,-5.6171875,-5.5234375,-5.25,0.046875,-0.376953125,0.1953125
3151,31304719,31604719,0.216125488,0.853515625,-0.403869629,0.248352051,0.25,0.26171875,0.40625,-5.6171875,-5.5234375,-5.25,-0.001953125,-0.22265625,0.107421875
3152,31312803,31612803,0.216125488,0.853210449,-0.403869629,0.249328613,0.14453125,0.33203125,0.328125,-5.6640625,-5.515625,-5.2109375,-0.001953125,-0.22265625,0.107421875
3153,31324938,31624938,0.216064453,0.853088379,-0.403930664,0.249938965,0.14453125,0.33203125,0.328125,-5.6640625,-5.515625,-5.2109375,-0.005859375,-0.083984375,0.0234375
3154,31330079,31630079,0.215942383,0.853027344,-0.403930664,0.25012207,0.08984375,0.23828125,0.234375,-5.6875,-5.5,-5.1953125,-0.005859375,-0.083984375,0.0234375
3155,31343228,31643228,0.215820312,0.853088379,-0.403991699,0.25,0.08984375,0.23828125,0.234375,-5.6875,-5.5,-5.1953125,0,0.056640625,-0.056640625
3156,31350132,31650132,0.215698242,0.853271484,-0.403991699,0.249450684,0.0546875,0.20703125,0.1953125,-5.6875,-5.5078125,-5.1953125,0,0.056640625,-0.056640625
3157,31363490,31663490,0.215576172,0.85357666,-0.403930664,0.248596191,0.0546875,0.20703125,0.1953125,-5.6875,-5.5078125,-5.1953125,0,0.1953125,-0.107421875
3158,31369680,31669680,0.215576172,0.853942871,-0.403808594,0.247375488,0.03125,0.17578125,0.17578125,-5.6640625,-5.515625,-5.2109375,0,0.1953125,-0.107421875
3159,31382179,31682179,0.215637207,0.854492188,-0.403686523,0.245788574,0.03125,0.17578125,0.17578125,-5.6640625,-5.515625,-5.2109375,0.0078125,0.337890625,-0.142578125
3160,31397408,31697408,0.215698242,0.855102539,-0.403503418,0.243896484,0.01953125,0.19140625,0.2421875,-5.6171875,-5.53125,-5.2421875,0.0078125,0.337890625,-0.142578125
3161,31406630,31706630,0.215759277,0.855773926,-0.403259277,0.241760254,0.01953125,0.19140625,0.2421875,-5.6171875,-5.53125,-5.2421875,0,0.47265625,-0.205078125
3162,31411577,31711577,0.215820312,0.856689453,-0.402954102,0.239135742,0.08203125,0.1328125,0.24609375,-5.5625,-5.546875,-5.28125,0,0.47265625,-0.205078125
3163,31422746,31722746,0.215759277,0.857727051,-0.402587891,0.236083984,0.08203125,0.1328125,0.24609375,-5.5625,-5.546875,-5.28125,-0.0234375,0.599609375,-0.287109375
3164,31430119,31730119,0.215698242,0.858825684,-0.402099609,0.232788086,0.03515625,0.15625,0.19140625,-5.4765625,-5.5703125,-5.34375,-0.0234375,0.599609375,-0.287109375
3165,31442469,31742469,0.215576172,0.860046387,-0.401550293,0.229248047,0.03515625,0.15625,0.19140625,-5.4765625,-5.5703125,-5.34375,-0.05859375,0.734375,-0.3515625
3166,31449148,31749148,0.215515137,0.86151123,-0.400817871,0.225158691,0.0390625,0.1484375,0.0390625,-5.3671875,-5.6015625,-5.421875,-0.05859375,0.734375,-0.3515625
3167,31463986,31763986,0.215393066,0.863037109,-0.400085449,0.22076416,0.0390625,0.1484375,0.0390625,-5.3671875,-5.6015625,-5.421875,-0.0703125,0.876953125,-0.40234375
3168,31472604,31772604,0.215393066,0.864562988,-0.399230957,0.216125488,0.0234375,0.0625,0.01953125,-5.234375,-5.6328125,-5.515625,-0.0703125,0.876953125,-0.40234375
3169,31486203,31786203,0.215393066,0.866271973,-0.3984375,0.210876465,0.0234375,0.0625,0.01953125,-5.234375,-5.6328125,-5.515625,-0.041015625,1.01953125,-0.458984375
3170,31490985,31790985,0.215393066,0.867797852,-0.397705078,0.205810547,-0.09765625,-0.171875,0.01171875,-5.078125,-5.6640625,-5.625,-0.041015625,1.01953125,-0.458984375
3171,31501314,31801314,0.215332031,0.869506836,-0.397094727,0.199768066,-0.09765625,-0.171875,0.01171875,-5.078125,-5.6640625,-5.625,0.0390625,1.125,-0.537109375
3172,31509552,31809552,0.215209961,0.87109375,-0.396606445,0.193786621,-0.11328125,-0.078125,0.11328125,-4.90625,-5.71875,-5.7265625,0.0390625,1.125,-0.537109375
3173,31523608,31823608,0.214904785,0.87286377,-0.396057129,0.18737793,-0.11328125,-0.078125,0.11328125,-4.90625,-5.71875,-5.7265625,0.015625,1.21875,-0.64453125
3174,31529291,31829291,0.214477539,0.874755859,-0.395263672,0.180480957,-0.05078125,0.28125,0.1484375,-4.703125,-5.7734375,-5.8359375,0.015625,1.21875,-0.64453125
3175,31544530,31844530,0.213928223,0.876708984,-0.394287109,0.173583984,-0.05078125,0.28125,0.1484375,-4.703125,-5.7734375,-5.8359375,-0.080078125,1.28125,-0.69921875
3176,31553643,31853643,0.213317871,0.878723145,-0.393127441,0.166931152,-0.16796875,0.3046875,0.11328125,-4.46875,-5.8359375,-5.953125,-0.080078125,1.28125,-0.69921875
3177,31566676,31866676,0.212585449,0.880981445,-0.391479492,0.159484863,-0.16796875,0.3046875,0.11328125,-4.46875,-5.8359375,-5.953125,-0.18359375,1.34179688,-0.72265625
3178,31570956,31870956,0.211914062,0.883178711,-0.389770508,0.152282715,0.0078125,0.23828125,-0.03125,-4.2265625,-5.8828125,-6.078125,-0.18359375,1.34179688,-0.72265625
3179,31583911,31883911,0.211242676,0.885437012,-0.387878418,0.144714355,0.0078125,0.23828125,-0.03125,-4.2265625,-5.8828125,-6.078125,-0.19921875,1.46875,-0.748046875
3180,31588951,31888951,0.210754395,0.887512207,-0.386169434,0.137145996,0.05859375,-0.07421875,-0.16015625,-3.96875,-5.9140625,-6.21875,-0.19921875,1.46875,-0.748046875
3181,31602138,31902138,0.210327148,0.889648438,-0.384460449,0.128479004,0.05859375,-0.07421875,-0.16015625,-3.96875,-5.9140625,-6.21875,-0.076171875,1.58203125,-0.755859375
3182,31609217,31909217,0.209899902,0.891479492,-0.383117676,0.120056152,0.015625,-0.3359375,-0.02734375,-3.6953125,-5.9609375,-6.3515625,-0.076171875,1.58203125,-0.755859375
3183,31624876,31924876,0.209411621,0.893127441,-0.382141113,0.11138916,0.015625,-0.3359375,-0.02734375,-3.6953125,-5.9609375,-6.3515625,0.091796875,1.59179688,-0.82421875
3184,31632221,31932221,0.208740234,0.894592285,-0.381469727,0.103027344,-0.09765625,-0.05078125,0.12109375,-3.390625,-6.015625,-6.4609375,0.091796875,1.59179688,-0.82421875
3185,31645686,31945686,0.207885742,0.895996094,-0.380859375,0.0944824219,-0.09765625,-0.05078125,0.12109375,-3.390625,-6.015625,-6.4609375,0.11328125,1.484375,-0.869140625
3186,31650423,31950423,0.206665039,0.897399902,-0.380187988,0.0859985352,-0.01171875,0.40234375,0.32421875,-3.09375,-6.0859375,-6.546875,0.11328125,1.484375,-0.869140625
3187,31662167,31962167,0.205200195,0.898925781,-0.379211426,0.0778198242,-0.01171875,0.40234375,0.32421875,-3.09375,-6.0859375,-6.546875,-0.017578125,1.35351562,-0.9140625
3188,31672638,31972638,0.203613281,0.90045166,-0.377929688,0.0702514648,0.10546875,0.765625,0.171875,-2.7890625,-6.140625,-6.625,-0.017578125,1.35351562,-0.9140625
3189,31682867,31982867,0.201965332,0.902038574,-0.376342773,0.0628051758,0.10546875,0.765625,0.171875,-2.7890625,-6.140625,-6.625,-0.142578125,1.28710938,-0.904296875
3190,31689733,31989733,0.200256348,0.903564453,-0.374755859,0.0553588867,0.4375,0.49609375,0.05859375,-2.5078125,-6.1796875,-6.703125,-0.142578125,1.28710938,-0.904296875
3191,31702187,32002187,0.198669434,0.904907227,-0.373352051,0.0479736328,0.4375,0.49609375,0.05859375,-2.5078125,-6.1796875,-6.703125,-0.0390625,1.265625,-0.853515625
3192,31717215,32017215,0.19732666,0.905944824,-0.372375488,0.0411987305,0.26171875,-0.015625,0.01171875,-2.21875,-6.203125,-6.7734375,-0.0390625,1.265625,-0.853515625
3193,31723230,32023230,0.195800781,0.906799316,-0.371765137,0.0341186523,0.26171875,-0.015625,0.01171875,-2.21875,-6.203125,-6.7734375,0.146484375,1.13671875,-0.783203125
3194,31727753,32027753,0.194458008,0.907409668,-0.371582031,0.0277709961,0.04296875,-0.16796875,0.25,-1.9609375,-6.2421875,-6.8203125,0.146484375,1.13671875,-0.783203125
3195,31744958,32044958,0.192871094,0.907958984,-0.371337891,0.0212402344,0.04296875,-0.16796875,0.25,-1.9609375,-6.2421875,-6.8203125,0.126953125,1.01171875,-0.76171875
3196,31751641,32051641,0.19128418,0.908569336,-0.37097168,0.0155029297,0.0703125,0.14453125,0.421875,-1.71875,-6.2890625,-6.8359375,0.126953125,1.01171875,-0.76171875
3197,31763739,32063739,0.18939209,0.909362793,-0.370300293,0.00964355469,0.0703125,0.14453125,0.421875,-1.71875,-6.2890625,-6.8359375,0.015625,0.865234375,-0.779296875
3198,31767189,32067189,0.1875,0.910095215,-0.369506836,0.00463867188,0.29296875,0.30078125,-0.09375,-1.484375,-6.328125,-6.859375,0.015625,0.865234375,-0.779296875
3199,31782060,32082060,-0.185424805,-0.911010742,0.368347168,0.000366210938,0.29296875,0.30078125,-0.09375,-1.484375,-6.328125,-6.859375,-0.1484375,0.7578125,-0.732421875
3200,31790215,32090215,-0.18359375,-0.911987305,0.366821289,0.00494384766,0.3984375,0.34765625,-0.3671875,-1.28125,-6.3359375,-6.890625,-0.1484375,0.7578125,-0.732421875
3201,31803232,32103232,-0.182067871,-0.912841797,0.365356445,0.00927734375,0.3984375,0.34765625,-0.3671875,-1.28125,-6.3359375,-6.890625,-0.130859375,0.810546875,-0.640625
3202,31809861,32109861,-0.180725098,-0.913513184,0.364196777,0.0142822266,0.40234375,-0.390625,-0.48828125,-1.09375,-6.328125,-6.921875,-0.130859375,0.810546875,-0.640625
3203,31822917,32122917,-0.179504395,-0.91394043,0.363464355,0.0197143555,0.40234375,-0.390625,-0.48828125,-1.09375,-6.328125,-6.921875,0.060546875,0.904296875,-0.61328125
3204,31826644,32126644,-0.178344727,-0.914245605,0.362976074,0.0248413086,0.19921875,-0.52734375,-0.24609375,-0.890625,-6.34375,-6.9375,0.060546875,0.904296875,-0.61328125
3205,31842553,32142553,-0.176940918,-0.914550781,0.362487793,0.0303955078,0.19921875,-0.52734375,-0.24609375,-0.890625,-6.34375,-6.9375,0.072265625,0.87109375,-0.654296875
3206,31848083,32148083,-0.175476074,-0.914916992,0.361755371,0.03515625,-0.12890625,-0.04296875,0.03125,-0.6796875,-6.3671875,-6.9453125,0.072265625,0.87109375,-0.654296875
3207,31863557,32163557,-0.173706055,-0.915527344,0.360534668,0.039855957,-0.12890625,-0.04296875,0.03125,-0.6796875,-6.3671875,-6.9453125,-0.12890625,0.69140625,-0.654296875
3208,31875206,32175206,-0.172119141,-0.91619873,0.35925293,0.043762207,-0.28515625,0.21484375,-0.10546875,-0.484375,-6.359375,-6.9609375,-0.12890625,0.69140625,-0.654296875
3209,31885436,32185436,-0.170410156,-0.916870117,0.357849121,0.0477294922,-0.28515625,0.21484375,-0.10546875,-0.484375,-6.359375,-6.9609375,-0.15234375,0.603515625,-0.572265625
3210,31890858,32190858,-0.169006348,-0.917419434,0.356567383,0.0513916016,-0.06640625,-0.18359375,-0.3125,-0.3203125,-6.34375,-6.984375,-0.15234375,0.603515625,-0.572265625
3211,31901144,32201144,-0.167724609,-0.91784668,0.355529785,0.0550537109,-0.06640625,-0.18359375,-0.3125,-0.3203125,-6.34375,-6.984375,-0.0546875,0.62890625,-0.513671875
3212,31909620,32209620,-0.166503906,-0.918151855,0.354675293,0.0588989258,0.0859375,-0.390625,-0.06640625,-0.1640625,-6.328125,-7,-0.0546875,0.62890625,-0.513671875
3213,31920918,32220918,-0.165344238,-0.918334961,0.354064941,0.0626831055,0.0859375,-0.390625,-0.06640625,-0.1640625,-6.328125,-7,0.025390625,0.634765625,-0.501953125
3214,31927517,32227517,-0.164123535,-0.918579102,0.353393555,0.0664672852,-0.03515625,-0.34375,-0.06640625,-0.0078125,-6.3359375,-7,0.025390625,0.634765625,-0.501953125
3215,31942718,32242718,-0.162902832,-0.918823242,0.352600098,0.0700073242,-0.03515625,-0.34375,-0.06640625,-0.0078125,-6.3359375,-7,-0.06640625,0.578125,-0.48828125
3216,31953583,32253583,-0.161804199,-0.919128418,0.35168457,0.0732421875,-0.01953125,-0.3125,-0.21875,0.1328125,-6.328125,-7,-0.06640625,0.578125,-0.48828125
3217,31964034,32264034,-0.160583496,-0.919433594,0.350646973,0.0765991211,-0.01953125,-0.3125,-0.21875,0.1328125,-6.328125,-7,-0.083984375,0.53515625,-0.453125
3218,31968690,32268690,-0.159545898,-0.919677734,0.34979248,0.0797119141,-0.046875,-0.4375,-0.3671875,0.2734375,-6.3203125,-7.0078125,-0.083984375,0.53515625,-0.453125
3219,31980316,32280316,-0.158447266,-0.91986084,0.349060059,0.0830688477,-0.046875,-0.4375,-0.3671875,0.2734375,-6.3203125,-7.0078125,0.009765625,0.568359375,-0.431640625
3220,31989219,32289219,-0.157470703,-0.919921875,0.348571777,0.0865478516,0.1640625,-0.375,-0.17578125,0.40625,-6.3046875,-7.0078125,0.009765625,0.568359375,-0.431640625
3221,32000918,32300918,-0.156433105,-0.919921875,0.348083496,0.0901489258,0.1640625,-0.375,-0.17578125,0.40625,-6.3046875,-7.0078125,0.046875,0.595703125,-0.44140625
3222,32006489,32306489,-0.155395508,-0.919921875,0.34753418,0.0935668945,0.0703125,0.0078125,0.1640625,0.5390625,-6.3046875,-7,0.046875,0.595703125,-0.44140625
3223,32020453,32320453,-0.154418945,-0.920043945,0.346801758,0.0966186523,0.0703125,0.0078125,0.1640625,0.5390625,-6.3046875,-7,-0.0546875,0.50390625,-0.42578125
3224,32028552,32328552,-0.153320312,-0.920288086,0.34588623,0.0995483398,0.0546875,0.27734375,0.23046875,0.671875,-6.3046875,-6.9921875,-0.0546875,0.50390625,-0.42578125
3225,32042835,32342835,-0.152282715,-0.920532227,0.344970703,0.102172852,0.0546875,0.27734375,0.23046875,0.671875,-6.3046875,-6.9921875,-0.08203125,0.419921875,-0.3828125
3226,32046347,32346347,-0.151428223,-0.920715332,0.344116211,0.104614258,0.12890625,0.18359375,0.125,0.7890625,-6.2890625,-7,-0.08203125,0.419921875,-0.3828125
3227,32058460,32358460,-0.150634766,-0.920898438,0.343261719,0.107055664,0.12890625,0.18359375,0.125,0.7890625,-6.2890625,-7,-0.05078125,0.4296875,-0.31640625
3228,32068217,32368217,-0.149963379,-0.920959473,0.342651367,0.109436035,0.140625,-0.13671875,0.23828125,0.890625,-6.2734375,-7,-0.05078125,0.4296875,-0.31640625
3229,32080235,32380235,-0.149414062,-0.920959473,0.342041016,0.111694336,0.140625,-0.13671875,0.23828125,0.890625,-6.2734375,-7,-0.0390625,0.353515625,-0.244140625
3230,32085777,32385777,-0.148925781,-0.921081543,0.341430664,0.113586426,0.046875,0.0390625,0.31640625,0.984375,-6.2578125,-7,-0.0390625,0.353515625,-0.244140625
3231,32103111,32403111,-0.148498535,-0.921142578,0.340820312,0.11517334,0.046875,0.0390625,0.31640625,0.984375,-6.2578125,-7,-0.068359375,0.25390625,-0.197265625
3232,32113864,32413864,-0.148071289,-0.921325684,0.340148926,0.116455078,0.16796875,0.14453125,0.125,1.0546875,-6.25,-7,-0.068359375,0.25390625,-0.197265625
3233,32124975,32424975,-0.147705078,-0.921508789,0.339355469,0.117675781,0.16796875,0.14453125,0.125,1.0546875,-6.25,-7,-0.12109375,0.193359375,-0.15234375
3234,32126460,32426460,-0.147460938,-0.921691895,0.338623047,0.118652344,0.08203125,0.046875,-0.01953125,1.1015625,-6.2265625,-7.0078125,-0.12109375,0.193359375,-0.15234375
3235,32140583,32440583,-0.147338867,-0.921875,0.33795166,0.119445801,0.08203125,0.046875,-0.01953125,1.1015625,-6.2265625,-7.0078125,-0.087890625,0.142578125,-0.0859375
3236,32146226,32446226,-0.147277832,-0.921936035,0.337524414,0.120117188,-0.03125,-0.46875,-0.12890625,1.140625,-6.2109375,-7.015625,-0.087890625,0.142578125,-0.0859375
3237,32159579,32459579,-0.147216797,-0.921936035,0.337280273,0.120666504,-0.03125,-0.46875,-0.12890625,1.140625,-6.2109375,-7.015625,-0.0078125,0.09375,-0.041015625
3238,32166767,32466767,-0.147216797,-0.921936035,0.337219238,0.12109375,-0.1015625,-0.5546875,-0.28125,1.171875,-6.203125,-7.015625,-0.0078125,0.09375,-0.041015625
3239,32179962,32479962,-0.147216797,-0.921875,0.337219238,0.121398926,-0.1015625,-0.5546875,-0.28125,1.171875,-6.203125,-7.015625,0.0078125,0.044921875,-0.009765625
3240,32191645,32491645,-0.147277832,-0.921875,0.337219238,0.121582031,-0.03515625,-0.36328125,-0.39453125,1.1796875,-6.203125,-7.015625,0.0078125,0.044921875,-0.009765625
3241,32202405,32502405,-0.147399902,-0.921813965,0.337219238,0.121582031,-0.03515625,-0.36328125,-0.39453125,1.1796875,-6.203125,-7.015625,-0.015625,-0.00390625,0.0234375
3242,32205883,32505883,-0.147521973,-0.921875,0.337097168,0.121398926,-0.03515625,-0.20703125,-0.39453125,1.1796875,-6.203125,-7.015625,-0.015625,-0.00390625,0.0234375
3243,32218742,32518742,-0.147766113,-0.92199707,0.336791992,0.121032715,-0.03515625,-0.20703125,-0.39453125,1.1796875,-6.203125,-7.015625,-0.080078125,-0.060546875,0.07421875
3244,32228507,32528507,-0.148132324,-0.922119141,0.336608887,0.120483398,-0.1015625,-0.29296875,-0.265625,1.171875,-6.1953125,-7.03125,-0.080078125,-0.060546875,0.07421875
3245,32239785,32539785,-0.148498535,-0.922180176,0.336486816,0.119812012,-0.1015625,-0.29296875,-0.265625,1.171875,-6.1953125,-7.03125,-0.041015625,-0.119140625,0.130859375
3246,32245461,32545461,-0.148925781,-0.922180176,0.336547852,0.118896484,-0.1953125,-0.4453125,-0.10546875,1.1484375,-6.1953125,-7.0390625,-0.041015625,-0.119140625,0.130859375
3247,32260119,32560119,-0.149353027,-0.922180176,0.336791992,0.117797852,-0.1953125,-0.4453125,-0.10546875,1.1484375,-6.1953125,-7.0390625,0.013671875,-0.19921875,0.169921875
3248,32271379,32571379,-0.149780273,-0.922119141,0.337158203,0.116577148,-0.15625,-0.32421875,-0.21875,1.109375,-6.203125,-7.0390625,0.013671875,-0.19921875,0.169921875
3249,32281496,32581496,-0.15032959,-0.922058105,0.337646484,0.115112305,-0.15625,-0.32421875,-0.21875,1.109375,-6.203125,-7.0390625,0.046875,-0.26953125,0.224609375
3250,32284928,32584928,-0.150878906,-0.921936035,0.338195801,0.11340332,-0.1015625,-0.19921875,-0.2109375,1.0546875,-6.2109375,-7.046875,0.046875,-0.26953125,0.224609375
3251,32300177,32600177,-0.151489258,-0.921875,0.338806152,0.11138916,-0.1015625,-0.19921875,-0.2109375,1.0546875,-6.2109375,-7.046875,0.017578125,-0.357421875,0.26953125
3252,32306609,32606609,-0.152160645,-0.921875,0.339172363,0.10925293,-0.09765625,0.07421875,-0.25,0.9765625,-6.21875,-7.046875,0.017578125,-0.357421875,0.26953125
3253,32321337,32621337,-0.152954102,-0.921936035,0.339538574,0.106689453,-0.09765625,0.07421875,-0.25,0.9765625,-6.21875,-7.046875,-0.04296875,-0.419921875,0.3359375
3254,32324778,32624778,-0.153869629,-0.921936035,0.339782715,0.104187012,-0.04296875,-0.03125,-0.2421875,0.8828125,-6.2265625,-7.0546875,-0.04296875,-0.419921875,0.3359375
3255,32339999,32639999,-0.154907227,-0.92199707,0.340148926,0.101318359,-0.04296875,-0.03125,-0.2421875,0.8828125,-6.2265625,-7.0546875,-0.048828125,-0.462890625,0.3828125
3256,32350619,32650619,-0.155822754,-0.92199707,0.340454102,0.0985107422,-0.046875,-0.26171875,-0.11328125,0.7734375,-6.2265625,-7.0703125,-0.048828125,-0.462890625,0.3828125
3257,32361360,32661360,-0.156860352,-0.92199707,0.340820312,0.0954589844,-0.046875,-0.26171875,-0.11328125,0.7734375,-6.2265625,-7.0703125,-0.0390625,-0.533203125,0.419921875
3258,32364796,32664796,-0.157958984,-0.92199707,0.341308594,0.0921630859,0.0703125,-0.15234375,-0.10546875,0.65625,-6.21875,-7.078125,-0.0390625,-0.533203125,0.419921875
3259,32380073,32680073,-0.159179688,-0.921875,0.341918945,0.0885620117,0.0703125,-0.15234375,-0.10546875,0.65625,-6.21875,-7.078125,-0.015625,-0.587890625,0.478515625
3260,32387338,32687338,-0.160400391,-0.921813965,0.342529297,0.0850830078,0.09375,-0.14453125,-0.125,0.515625,-6.2265625,-7.09375,-0.015625,-0.587890625,0.478515625
3261,32400387,32700387,-0.161743164,-0.921691895,0.343200684,0.0811157227,0.09375,-0.14453125,-0.125,0.515625,-6.2265625,-7.09375,-0.013671875,-0.646484375,0.5234375
3262,32403829,32703829,-0.163024902,-0.921508789,0.34387207,0.077331543,0.05078125,-0.109375,-0.1171875,0.3671875,-6.2265625,-7.1015625,-0.013671875,-0.646484375,0.5234375
3263,32419718,32719718,-0.164489746,-0.921325684,0.344604492,0.0731201172,0.05078125,-0.109375,-0.1171875,0.3671875,-6.2265625,-7.1015625,-0.021484375,-0.673828125,0.5625
3264,32430517,32730517,-0.165893555,-0.921142578,0.345214844,0.069152832,0.015625,-0.22265625,-0.07421875,0.2109375,-6.2265625,-7.109375,-0.021484375,-0.673828125,0.5625
3265,32441882,32741882,-0.167358398,-0.920959473,0.34588623,0.0649414062,0.015625,-0.22265625,-0.07421875,0.2109375,-6.2265625,-7.109375,-0.01953125,-0.7109375,0.59375
3266,32445950,32745950,-0.168945312,-0.920654297,0.346679688,0.0603027344,0.07421875,-0.17578125,-0.03515625,0.0390625,-6.234375,-7.109375,-0.01953125,-0.7109375,0.59375
3267,32457423,32757423,-0.170532227,-0.920410156,0.347412109,0.0557250977,0.07421875,-0.17578125,-0.03515625,0.0390625,-6.234375,-7.109375,-0.017578125,-0.791015625,0.640625
3268,32467320,32767320,-0.172119141,-0.92010498,0.348205566,0.0509033203,0.10546875,-0.109375,-0.2265625,-0.1484375,-6.2265625,-7.109375,-0.017578125,-0.791015625,0.640625
3269,32478892,32778892,-0.173828125,-0.91973877,0.348937988,0.0458984375,0.10546875,-0.109375,-0.2265625,-0.1484375,-6.2265625,-7.109375,-0.029296875,-0.83203125,0.689453125
3270,32484921,32784921,-0.175537109,-0.919372559,0.349731445,0.041015625,0.2265625,-0.109375,-0.29296875,-0.34375,-6.2265625,-7.1171875,-0.029296875,-0.83203125,0.689453125
3271,32498820,32798820,-0.177429199,-0.918884277,0.350585938,0.0358276367,0.2265625,-0.109375,-0.29296875,-0.34375,-6.2265625,-7.1171875,0.00390625,-0.81640625,0.72265625
3272,32510568,32810568,-0.179260254,-0.918395996,0.351379395,0.0310668945,0.0859375,-0.30859375,-0.1875,-0.546875,-6.21875,-7.109375,0.00390625,-0.81640625,0.72265625
3273,32521330,32821330,-0.181396484,-0.917785645,0.352294922,0.0258789062,0.0859375,-0.30859375,-0.1875,-0.546875,-6.21875,-7.109375,0.03125,-0.79296875,0.748046875
3274,32526075,32826075,-0.183349609,-0.917114258,0.35333252,0.0210571289,-0.01953125,-0.4765625,-0.2734375,-0.75,-6.203125,-7.1015625,0.03125,-0.79296875,0.748046875
3275,32538004,32838004,-0.18536377,-0.916381836,0.354431152,0.0159912109,-0.01953125,-0.4765625,-0.2734375,-0.75,-6.203125,-7.1015625,0.05078125,-0.81640625,0.7421875
3276,32546179,32846179,-0.187255859,-0.915649414,0.35546875,0.0109863281,0,-0.36328125,-0.21875,-0.9609375,-6.203125,-7.078125,0.05078125,-0.81640625,0.7421875
3277,32557457,32857457,-0.189025879,-0.914916992,0.356628418,0.00592041016,0,-0.36328125,-0.21875,-0.9609375,-6.203125,-7.078125,0.0625,-0.865234375,0.716796875
3278,32563141,32863141,-0.190734863,-0.914123535,0.357727051,0.000671386719,0.05859375,-0.0625,-0.203125,-1.171875,-6.1953125,-7.0546875,0.0625,-0.865234375,0.716796875
3279,32577403,32877403,0.192321777,0.913452148,-0.358642578,0.00427246094,0.05859375,-0.0625,-0.203125,-1.171875,-6.1953125,-7.0546875,0.01953125,-0.8671875,0.69921875
3280,32587981,32887981,0.193969727,0.912658691,-0.359619141,0.00958251953,0.0703125,0.19921875,-0.12109375,-1.375,-6.1875,-7.0234375,0.01953125,-0.8671875,0.69921875
3281,32597601,32897601,0.195495605,0.911987305,-0.360412598,0.014465332,0.0703125,0.19921875,-0.12109375,-1.375,-6.1875,-7.0234375,0.01171875,-0.865234375,0.673828125
3282,32603146,32903146,0.197021484,0.911193848,-0.36126709,0.0198974609,0.15625,0.2578125,0.0859375,-1.578125,-6.171875,-7,0.01171875,-0.865234375,0.673828125
3283,32617368,32917368,0.198486328,0.910400391,-0.362060547,0.0252685547,0.15625,0.2578125,0.0859375,-1.578125,-6.171875,-7,0.00390625,-0.919921875,0.68359375
3284,32624215,32924215,0.199890137,0.909606934,-0.362915039,0.0307006836,0.0625,0.12109375,0.0546875,-1.7890625,-6.1484375,-6.96875,0.00390625,-0.919921875,0.68359375
3285,32636446,32936446,0.201171875,0.908752441,-0.363830566,0.0361328125,0.0625,0.12109375,0.0546875,-1.7890625,-6.1484375,-6.96875,0.009765625,-1.00390625,0.67578125
3286,32642282,32942282,0.202392578,0.907836914,-0.364868164,0.0421142578,0.04296875,0.09765625,0.1015625,-2,-6.125,-6.9375,0.009765625,-1.00390625,0.67578125
3287,32656497,32956497,0.203491211,0.906860352,-0.365905762,0.0479736328,0.04296875,0.09765625,0.1015625,-2,-6.125,-6.9375,0.03125,-1.04296875,0.640625
3288,32671135,32971135,0.204406738,0.905883789,-0.367004395,0.0538330078,0.23046875,0.1875,0.20703125,-2.2265625,-6.1015625,-6.890625,0.03125,-1.04296875,0.640625
3289,32680632,32980632,0.205322266,0.904785156,-0.368286133,0.0598144531,0.23046875,0.1875,0.20703125,-2.2265625,-6.1015625,-6.890625,0.08203125,-1.05664062,0.609375
3290,32684791,32984791,0.206054688,0.903686523,-0.369567871,0.0654907227,0.265625,0.203125,0.19140625,-2.453125,-6.078125,-6.8359375,0.08203125,-1.05664062,0.609375
3291,32696331,32996331,0.206787109,0.902587891,-0.370910645,0.0712280273,0.265625,0.203125,0.19140625,-2.453125,-6.078125,-6.8359375,0.083984375,-1.07226562,0.580078125
3292,32706503,33006503,0.207397461,0.901428223,-0.372131348,0.0770874023,0.2109375,0.33984375,0.04296875,-2.6640625,-6.0625,-6.765625,0.083984375,-1.07226562,0.580078125
3293,32717177,33017177,0.208007812,0.900268555,-0.373352051,0.0830688477,0.2109375,0.33984375,0.04296875,-2.6640625,-6.0625,-6.765625,0.064453125,-1.09570312,0.576171875
3294,32722829,33022829,0.208618164,0.899047852,-0.374572754,0.089050293,0.07421875,0.28515625,0.05859375,-2.875,-6.046875,-6.703125,0.064453125,-1.09570312,0.576171875
3295,32734944,33034944,0.20916748,0.897766113,-0.375854492,0.0947875977,0.07421875,0.28515625,0.05859375,-2.875,-6.046875,-6.703125,0.103515625,-1.12695312,0.595703125
3296,32753357,33053357,0.209777832,0.896362305,-0.377319336,0.100952148,0.1328125,0.26171875,0.015625,-3.0859375,-6.0234375,-6.625,0.103515625,-1.12695312,0.595703125
3297,32758986,33058986,0.210327148,0.894897461,-0.37878418,0.106811523,0.1328125,0.26171875,0.015625,-3.0859375,-6.0234375,-6.625,0.126953125,-1.0859375,0.5546875
3298,32762433,33062433,0.210754395,0.893554688,-0.380126953,0.112304688,0.12890625,0.01171875,0.046875,-3.3125,-6,-6.5390625,0.126953125,-1.0859375,0.5546875
3299,32779485,33079485,0.211181641,0.892028809,-0.381713867,0.118225098,0.12890625,0.01171875,0.046875,-3.3125,-6,-6.5390625,0.15234375,-1.08398438,0.53125
3300,32783088,33083088,0.211547852,0.890625,-0.383117676,0.123596191,0.02734375,-0.12109375,-0.0078125,-3.515625,-5.984375,-6.4453125,0.15234375,-1.08398438,0.53125
3301,32797496,33097496,0.211914062,0.888977051,-0.384643555,0.129577637,0.02734375,-0.12109375,-0.0078125,-3.515625,-5.984375,-6.4453125,0.154296875,-1.09960938,0.537109375
3302,32801863,33101863,0.212280273,0.887512207,-0.386047363,0.135131836,0.0390625,0.046875,0.08984375,-3.71875,-5.9609375,-6.3515625,0.154296875,-1.09960938,0.537109375
3303,32819529,33119529,0.212646484,0.885803223,-0.387512207,0.141174316,0.0390625,0.046875,0.08984375,-3.71875,-5.9609375,-6.3515625,0.13671875,-1.09765625,0.54296875
3304,32828559,33128559,0.213012695,0.884277344,-0.388793945,0.146728516,0.05078125,0.0625,0.0625,-3.921875,-5.9375,-6.25,0.13671875,-1.09765625,0.54296875
3305,32839132,33139132,0.213317871,0.88269043,-0.389953613,0.152526855,0.05078125,0.0625,0.0625,-3.921875,-5.9375,-6.25,0.083984375,-1.06640625,0.5234375
3306,32842438,33142438,0.213562012,0.881225586,-0.390930176,0.158081055,0.0546875,0.14453125,-0.03125,-4.1171875,-5.90625,-6.15625,0.083984375,-1.06640625,0.5234375
3307,32858481,33158481,0.213745117,0.879638672,-0.391906738,0.1640625,0.0546875,0.14453125,-0.03125,-4.1171875,-5.90625,-6.15625,0.037109375,-1.07617188,0.505859375
3308,32862090,33162090,0.213928223,0.878234863,-0.39276123,0.169494629,-0.01953125,0.03125,-0.1328125,-4.3125,-5.8671875,-6.0546875,0.037109375,-1.07617188,0.505859375
3309,32876785,33176785,0.214050293,0.876647949,-0.393676758,0.175170898,-0.01953125,0.03125,-0.1328125,-4.3125,-5.8671875,-6.0546875,0.05859375,-1.046875,0.501953125
3310,32881148,33181148,0.214294434,0.875061035,-0.39465332,0.180480957,-0.0703125,-0.16015625,-0.04296875,-4.4921875,-5.828125,-5.953125,0.05859375,-1.046875,0.501953125
3311,32899224,33199224,0.214599609,0.87322998,-0.395812988,0.186340332,-0.0703125,-0.16015625,-0.04296875,-4.4921875,-5.828125,-5.953125,0.119140625,-1.05273438,0.51953125
3312,32908373,33208373,0.21484375,0.871520996,-0.396972656,0.191467285,-0.03515625,-0.19140625,-0.02734375,-4.6796875,-5.796875,-5.8515625,0.119140625,-1.05273438,0.51953125
3313,32919197,33219197,0.215209961,0.869628906,-0.398193359,0.19720459,-0.03515625,-0.19140625,-0.02734375,-4.6796875,-5.796875,-5.8515625,0.12890625,-1.01757812,0.509765625
3314,32922687,33222687,0.215454102,0.867919922,-0.399230957,0.202331543,-0.078125,0.15234375,-0.0703125,-4.8671875,-5.7578125,-5.734375,0.12890625,-1.01757812,0.509765625
3315,32938630,33238630,0.215637207,0.866271973,-0.400024414,0.207519531,-0.078125,0.15234375,-0.0703125,-4.8671875,-5.7578125,-5.734375,0.0390625,-0.982421875,0.48046875
3316,32943198,33243198,0.215759277,0.864746094,-0.400634766,0.212463379,-0.10546875,0.3125,0.01953125,-5.03125,-5.7265625,-5.6328125,0.0390625,-0.982421875,0.48046875
3317,32955381,33255381,0.215881348,0.86315918,-0.401306152,0.217590332,-0.10546875,0.3125,0.01953125,-5.03125,-5.7265625,-5.6328125,0.02734375,-0.9375,0.44921875
3318,32962627,33262627,0.216003418,0.861572266,-0.401977539,0.22253418,0.09765625,-0.1171875,0.07421875,-5.1953125,-5.6796875,-5.53125,0.02734375,-0.9375,0.44921875
3319,32980238,33280238,0.216125488,0.859924316,-0.402709961,0.227233887,0.09765625,-0.1171875,0.07421875,-5.1953125,-5.6796875,-5.53125,0.083984375,-0.900390625,0.435546875
3320,32981716,33281716,0.216308594,0.858276367,-0.403564453,0.231811523,0.1328125,-0.1640625,0.046875,-5.34375,-5.6328125,-5.4296875,0.083984375,-0.900390625,0.435546875
3321,32996370,33296370,0.216430664,0.856567383,-0.404541016,0.236206055,0.1328125,-0.1640625,0.046875,-5.34375,-5.6328125,-5.4296875,0.126953125,-0.85546875,0.400390625
3322,33004575,33304575,0.216491699,0.854919434,-0.405517578,0.240356445,0.1171875,-0.00390625,0.21484375,-5.484375,-5.6015625,-5.328125,0.126953125,-0.85546875,0.400390625
3323,33020045,33320045,0.216552734,0.853271484,-0.406494141,0.244567871,0.1171875,-0.00390625,0.21484375,-5.484375,-5.6015625,-5.328125,0.126953125,-0.81640625,0.34765625
3324,33024202,33324202,0.216491699,0.851623535,-0.407531738,0.248596191,0.17578125,0.078125,0.296875,-5.6171875,-5.5703125,-5.21875,0.126953125,-0.81640625,0.34765625
3325,33035465,33335465,0.216308594,0.850097656,-0.408508301,0.252380371,0.17578125,0.078125,0.296875,-5.6171875,-5.5703125,-5.21875,0.126953125,-0.779296875,0.283203125
3326,33041132,33341132,0.216003418,0.848571777,-0.409545898,0.25604248,0.17578125,0.09375,0.41796875,-5.734375,-5.546875,-5.109375,0.126953125,-0.779296875,0.283203125
3327,33058391,33358391,0.215637207,0.847167969,-0.410461426,0.259460449,0.17578125,0.09375,0.41796875,-5.734375,-5.546875,-5.109375,0.10546875,-0.6953125,0.21875
3328,33066096,33366096,0.215270996,0.845947266,-0.411254883,0.262573242,0.1640625,0.23046875,0.0546875,-5.8359375,-5.53125,-5.015625,0.10546875,-0.6953125,0.21875
3329,33074833,33374833,0.21496582,0.844787598,-0.411804199,0.265563965,0.1640625,0.23046875,0.0546875,-5.8359375,-5.53125,-5.015625,0.02734375,-0.6171875,0.21875
3330,33081310,33381310,0.21472168,0.843688965,-0.412231445,0.268615723,0.05859375,0.40625,-0.03125,-5.921875,-5.515625,-4.9296875,0.02734375,-0.6171875,0.21875
3331,33099619,33399619,0.21472168,0.842651367,-0.412597656,0.271240234,0.05859375,0.40625,-0.03125,-5.921875,-5.515625,-4.9296875,0.02734375,-0.474609375,0.2421875
3332,33105569,33405569,0.21484375,0.84173584,-0.412902832,0.273498535,0.10546875,0.0703125,0.05078125,-6.0078125,-5.484375,-4.859375,0.02734375,-0.474609375,0.2421875
3333,33114320,33414320,0.215148926,0.840942383,-0.413208008,0.27532959,0.10546875,0.0703125,0.05078125,-6.0078125,-5.484375,-4.859375,0.07421875,-0.337890625,0.21875
3334,33120797,33420797,0.215515137,0.840087891,-0.413635254,0.277099609,-0.03125,0.046875,0.08203125,-6.0625,-5.4609375,-4.8125,0.07421875,-0.337890625,0.21875
3335,33139686,33439686,0.215759277,0.839355469,-0.414001465,0.278442383,-0.03125,0.046875,0.08203125,-6.0625,-5.4609375,-4.8125,0.072265625,-0.251953125,0.154296875
3336,33148298,33448298,0.215942383,0.838745117,-0.414306641,0.279663086,-0.28515625,0.375,0.11328125,-6.1171875,-5.4453125,-4.765625,0.072265625,-0.251953125,0.154296875
3337,33154453,33454453,0.215881348,0.838317871,-0.414489746,0.280639648,-0.28515625,0.375,0.11328125,-6.1171875,-5.4453125,-4.765625,-0.0078125,-0.173828125,0.0703125
3338,33160209,33460209,0.215759277,0.838134766,-0.414428711,0.28137207,-0.25390625,0.55859375,0.08203125,-6.1484375,-5.4375,-4.734375,-0.0078125,-0.173828125,0.0703125
3339,33177372,33477372,0.215576172,0.838134766,-0.414306641,0.281799316,-0.25390625,0.55859375,0.08203125,-6.1484375,-5.4375,-4.734375,-0.0625,-0.052734375,0
3340,33182437,33482437,0.215454102,0.838256836,-0.4140625,0.281921387,-0.16015625,0.20703125,0.1484375,-6.1640625,-5.4296875,-4.7265625,-0.0625,-0.052734375,0
3341,33193104,33493104,0.215332031,0.838439941,-0.41394043,0.281677246,-0.16015625,0.20703125,0.1484375,-6.1640625,-5.4296875,-4.7265625,-0.029296875,0.08203125,-0.03515625
3342,33200170,33500170,0.215393066,0.838684082,-0.413818359,0.28112793,-0.12890625,0.0546875,0.1484375,-6.15625,-5.4296875,-4.7265625,-0.029296875,0.08203125,-0.03515625
3343,33217764,33517764,0.215515137,0.838928223,-0.413757324,0.280212402,-0.12890625,0.0546875,0.1484375,-6.15625,-5.4296875,-4.7265625,0.02734375,0.228515625,-0.078125
3344,33225973,33525973,0.215698242,0.839355469,-0.413757324,0.278808594,-0.10546875,0.13671875,0.203125,-6.140625,-5.4375,-4.7421875,0.02734375,0.228515625,-0.078125
3345,33236415,33536415,0.215942383,0.83984375,-0.413757324,0.27722168,-0.10546875,0.13671875,0.203125,-6.140625,-5.4375,-4.7421875,0.044921875,0.35546875,-0.142578125
3346,33240114,33540114,0.216064453,0.840454102,-0.413696289,0.275268555,-0.078125,0.34375,0.1953125,-6.09375,-5.453125,-4.7734375,0.044921875,0.35546875,-0.142578125
3347,33256582,33556582,0.216125488,0.841247559,-0.413574219,0.272949219,-0.078125,0.34375,0.1953125,-6.09375,-5.453125,-4.7734375,0,0.4609375,-0.232421875
3348,33260322,33560322,0.216003418,0.842224121,-0.413391113,0.270385742,0.0234375,0.3671875,0.3203125,-6.0390625,-5.4765625,-4.8203125,0,0.4609375,-0.232421875
3349,33272277,33572277,0.215881348,0.843322754,-0.413085938,0.267456055,0.0234375,0.3671875,0.3203125,-6.0390625,-5.4765625,-4.8203125,-0.029296875,0.55859375,-0.3046875
3350,33280269,33580269,0.215698242,0.844543457,-0.412719727,0.264404297,0.08984375,0.28515625,0.34375,-5.953125,-5.5078125,-4.8828125,-0.029296875,0.55859375,-0.3046875
3351,33296651,33596651,0.215454102,0.845825195,-0.412353516,0.260925293,0.08984375,0.28515625,0.34375,-5.953125,-5.5078125,-4.8828125,-0.044921875,0.666015625,-0.357421875
3352,33305636,33605636,0.215332031,0.847167969,-0.41192627,0.257507324,0.26171875,0.1328125,0.34375,-5.859375,-5.546875,-4.9609375,-0.044921875,0.666015625,-0.357421875
3353,33315996,33615996,0.215209961,0.848632812,-0.411376953,0.253479004,0.26171875,0.1328125,0.34375,-5.859375,-5.546875,-4.9609375,-0.03515625,0.818359375,-0.390625
3354,33319692,33619692,0.215270996,0.850219727,-0.410888672,0.249023438,0.30078125,0.0546875,0.35546875,-5.7421875,-5.5859375,-5.046875,-0.03515625,0.818359375,-0.390625
3355,33335402,33635402,0.215454102,0.851867676,-0.410339355,0.24407959,0.30078125,0.0546875,0.35546875,-5.7421875,-5.5859375,-5.046875,0.015625,0.958984375,-0.412109375
3356,33339015,33639015,0.215698242,0.853393555,-0.409912109,0.239196777,0.28125,-0.05859375,0.1953125,-5.609375,-5.625,-5.15625,0.015625,0.958984375,-0.412109375
3357,33355082,33655082,0.215942383,0.855102539,-0.409423828,0.233581543,0.28125,-0.05859375,0.1953125,-5.609375,-5.625,-5.15625,0.0234375,1.05664062,-0.4609375
3358,33358540,33658540,0.216125488,0.856811523,-0.408813477,0.228149414,0.27734375,0.21875,0.15234375,-5.453125,-5.671875,-5.265625,0.0234375,1.05664062,-0.4609375
3359,33373560,33673560,0.216247559,0.858825684,-0.407897949,0.221862793,0.27734375,0.21875,0.15234375,-5.453125,-5.671875,-5.265625,-0.07421875,1.21875,-0.544921875
3360,33382479,33682479,0.216247559,0.861022949,-0.406738281,0.215454102,0.17578125,0.46484375,0.046875,-5.2734375,-5.7265625,-5.390625,-0.07421875,1.21875,-0.544921875
3361,33394597,33694597,0.216186523,0.863342285,-0.405334473,0.208740234,0.17578125,0.46484375,0.046875,-5.2734375,-5.7265625,-5.390625,-0.15234375,1.33789062,-0.599609375
3362,33398959,33698959,0.216186523,0.865600586,-0.403869629,0.202087402,-0.02734375,0.234375,-0.04296875,-5.0703125,-5.765625,-5.53125,-0.15234375,1.33789062,-0.599609375
3363,33414073,33714073,0.216125488,0.868103027,-0.402282715,0.194580078,-0.02734375,0.234375,-0.04296875,-5.0703125,-5.765625,-5.53125,-0.150390625,1.42578125,-0.63671875
3364,33418876,33718876,0.216125488,0.870361328,-0.400756836,0.1875,0.05078125,-0.0234375,-0.0859375,-4.84375,-5.8125,-5.6796875,-0.150390625,1.42578125,-0.63671875
3365,33434932,33734932,0.216064453,0.872680664,-0.399291992,0.179626465,0.05078125,-0.0234375,-0.0859375,-4.84375,-5.8125,-5.6796875,-0.087890625,1.46679688,-0.671875
3366,33438403,33738403,0.215942383,0.874816895,-0.397949219,0.172180176,0.0390625,0.0625,-0.08203125,-4.6015625,-5.859375,-5.8359375,-0.087890625,1.46679688,-0.671875
3367,33455257,33755257,0.215637207,0.877075195,-0.396484375,0.164428711,0.0390625,0.0625,-0.08203125,-4.6015625,-5.859375,-5.8359375,-0.134765625,1.51171875,-0.7421875
3368,33464657,33764657,0.215148926,0.879455566,-0.394714355,0.156433105,-0.1328125,0.56640625,-0.09375,-4.3515625,-5.90625,-5.9765625,-0.134765625,1.51171875,-0.7421875
3369,33475486,33775486,0.214477539,0.881958008,-0.39263916,0.14831543,-0.1328125,0.56640625,-0.09375,-4.3515625,-5.90625,-5.9765625,-0.27734375,1.53320312,-0.81640625
3370,33479051,33779051,0.213623047,0.884521484,-0.390258789,0.140380859,-0.33984375,0.453125,0.0546875,-4.0703125,-5.9453125,-6.125,-0.27734375,1.53320312,-0.81640625
3371,33493508,33793508,0.212646484,0.887145996,-0.387695312,0.132019043,-0.33984375,0.453125,0.0546875,-4.0703125,-5.9453125,-6.125,-0.3203125,1.52148438,-0.826171875
3372,33498534,33798534,0.211853027,0.889465332,-0.385375977,0.124267578,-0.16796875,-0.12890625,-0.1640625,-3.78125,-5.9765625,-6.2890625,-0.3203125,1.52148438,-0.826171875
3373,33513374,33813374,0.21105957,0.891723633,-0.383178711,0.116088867,-0.16796875,-0.12890625,-0.1640625,-3.78125,-5.9765625,-6.2890625,-0.171875,1.48632812,-0.765625
3374,33518275,33818275,0.210510254,0.893493652,-0.381591797,0.108581543,-0.11328125,-0.3046875,-0.0625,-3.4921875,-5.9921875,-6.4296875,-0.171875,1.48632812,-0.765625
3375,33533948,33833948,0.209960938,0.895141602,-0.380126953,0.100463867,-0.11328125,-0.3046875,-0.0625,-3.4921875,-5.9921875,-6.4296875,-0.021484375,1.421875,-0.72265625
3376,33542344,33842344,0.209411621,0.896606445,-0.378967285,0.0931396484,0.06640625,0.078125,-0.18359375,-3.2109375,-6.03125,-6.5390625,-0.021484375,1.421875,-0.72265625
3377,33553301,33853301,0.208679199,0.898071289,-0.377685547,0.0852050781,0.06640625,0.078125,-0.18359375,-3.2109375,-6.03125,-6.5390625,-0.033203125,1.38671875,-0.7421875
3378,33558187,33858187,0.207946777,0.899475098,-0.376342773,0.078125,-0.12890625,0.234375,0.24609375,-2.9375,-6.0703125,-6.625,-0.033203125,1.38671875,-0.7421875
3379,33572552,33872552,0.20690918,0.901000977,-0.374572754,0.0709228516,-0.12890625,0.234375,0.24609375,-2.9375,-6.0703125,-6.625,-0.189453125,1.26757812,-0.75390625
3380,33577590,33877590,0.205688477,0.902648926,-0.372558594,0.0638427734,-0.00390625,0.11328125,0.140625,-2.6796875,-6.1015625,-6.7109375,-0.189453125,1.26757812,-0.75390625
3381,33592439,33892439,0.204406738,0.90411377,-0.370788574,0.0572509766,-0.00390625,0.11328125,0.140625,-2.6796875,-6.1015625,-6.7109375,-0.166015625,1.16210938,-0.771484375
3382,33597340,33897340,0.20300293,0.905517578,-0.36920166,0.0508422852,0.03515625,-0.1796875,0.03515625,-2.4140625,-6.1171875,-6.796875,-0.166015625,1.16210938,-0.771484375
3383,33612476,33912476,0.201477051,0.906677246,-0.367919922,0.0444946289,0.03515625,-0.1796875,0.03515625,-2.4140625,-6.1171875,-6.796875,-0.033203125,1.08398438,-0.765625
3384,33620604,33920604,0.200073242,0.907592773,-0.3671875,0.038269043,0.20703125,-0.39453125,-0.24609375,-2.1640625,-6.1328125,-6.859375,-0.033203125,1.08398438,-0.765625
3385,33633903,33933903,0.198669434,0.908203125,-0.366943359,0.0321044922,0.20703125,-0.39453125,-0.24609375,-2.1640625,-6.1328125,-6.859375,0.1953125,1.02148438,-0.7265625
3386,33637504,33937504,0.19732666,0.908752441,-0.366821289,0.026184082,0.2890625,0.34375,0.16015625,-1.9375,-6.1796875,-6.8828125,0.1953125,1.02148438,-0.7265625
3387,33653665,33953665,0.195861816,0.909484863,-0.366149902,0.0199584961,0.2890625,0.34375,0.16015625,-1.9375,-6.1796875,-6.8828125,-0.0234375,1.00390625,-0.712890625
3388,33657393,33957393,0.194458008,0.910400391,-0.364807129,0.0145874023,0.58984375,1.0703125,0.4140625,-1.703125,-6.21875,-6.90625,-0.0234375,1.00390625,-0.712890625
3389,33673317,33973317,0.192810059,0.911682129,-0.362670898,0.00946044922,0.58984375,1.0703125,0.4140625,-1.703125,-6.21875,-6.90625,-0.36328125,0.826171875,-0.6796875
3390,33676903,33976903,0.19128418,0.913024902,-0.360229492,0.00518798828,0.29296875,0.796875,0.31640625,-1.484375,-6.2109375,-6.9609375,-0.36328125,0.826171875,-0.6796875
3391,33691011,33991011,0.18963623,0.914428711,-0.35760498,0.00109863281,0.29296875,0.796875,0.31640625,-1.484375,-6.2109375,-6.9609375,-0.416015625,0.6796875,-0.60546875
3392,33704462,34004462,-0.188171387,-0.915649414,0.355163574,0.00268554688,0.44921875,-0.0546875,-0.11328125,-1.296875,-6.1640625,-7.03125,-0.416015625,0.6796875,-0.60546875
3393,33712810,34012810,-0.187011719,-0.916687012,0.353149414,0.00640869141,0.44921875,-0.0546875,-0.11328125,-1.296875,-6.1640625,-7.03125,-0.236328125,0.703125,-0.490234375
3394,33716395,34016395,-0.186157227,-0.917297363,0.351806641,0.0103149414,0.33203125,-1.2734375,-0.31640625,-1.140625,-6.1328125,-7.09375,-0.236328125,0.703125,-0.490234375
3395,33731833,34031833,-0.185424805,-0.917663574,0.351074219,0.0147094727,0.33203125,-1.2734375,-0.31640625,-1.140625,-6.1328125,-7.09375,0.060546875,0.7578125,-0.443359375
3396,33737804,34037804,-0.184692383,-0.917785645,0.350891113,0.0194091797,-0.09765625,-1.3515625,-0.44921875,-0.9765625,-6.1328125,-7.1171875,0.060546875,0.7578125,-0.443359375
3397,33751220,34051220,-0.183898926,-0.917785645,0.351074219,0.0243530273,-0.09765625,-1.3515625,-0.44921875,-0.9765625,-6.1328125,-7.1171875,0.25390625,0.923828125,-0.548828125
3398,33757056,34057056,-0.182800293,-0.91784668,0.351074219,0.0297851562,-0.0859375,-0.62890625,0.1171875,-0.796875,-6.1640625,-7.109375,0.25390625,0.923828125,-0.548828125
3399,33771860,34071860,-0.18145752,-0.918151855,0.350524902,0.0347290039,-0.0859375,-0.62890625,0.1171875,-0.796875,-6.1640625,-7.109375,0,0.8046875,-0.626953125
3400,33780592,34080592,-0.179870605,-0.918701172,0.349365234,0.0394897461,-0.3203125,0.2421875,-0.30078125,-0.6015625,-6.1953125,-7.109375,0,0.8046875,-0.626953125
3401,33794245,34094245,-0.178283691,-0.919372559,0.347961426,0.0434570312,-0.3203125,0.2421875,-0.30078125,-0.6015625,-6.1953125,-7.109375,-0.20703125,0.677734375,-0.642578125
3402,33798028,34098028,-0.176513672,-0.920166016,0.346191406,0.0475463867,-0.15625,0.04296875,-0.2109375,-0.421875,-6.1875,-7.125,-0.20703125,0.677734375,-0.642578125
3403,33811348,34111348,-0.174926758,-0.920837402,0.344665527,0.0514526367,-0.15625,0.04296875,-0.2109375,-0.421875,-6.1875,-7.125,-0.1171875,0.666015625,-0.583984375
3404,33817338,34117338,-0.173461914,-0.921203613,0.34375,0.0555419922,-0.09765625,-0.4375,-0.37109375,-0.25,-6.1640625,-7.15625,-0.1171875,0.666015625,-0.583984375
3405,33832557,34132557,-0.172241211,-0.921325684,0.343322754,0.059753418,-0.09765625,-0.4375,-0.37109375,-0.25,-6.1640625,-7.15625,0.123046875,0.755859375,-0.54296875
3406,33836152,34136152,-0.171020508,-0.921325684,0.343139648,0.0642700195,0.03515625,-0.20703125,0.28125,-0.078125,-6.1640625,-7.15625,0.123046875,0.755859375,-0.54296875
3407,33851556,34151556,-0.16973877,-0.921325684,0.342895508,0.0687866211,0.03515625,-0.20703125,0.28125,-0.078125,-6.1640625,-7.15625,0.103515625,0.6875,-0.521484375
3408,33860350,34160350,-0.168518066,-0.921447754,0.342468262,0.0725097656,-0.05859375,0.16015625,0.265625,0.09375,-6.1875,-7.140625,0.103515625,0.6875,-0.521484375
3409,33872622,34172622,-0.167297363,-0.921691895,0.34161377,0.0759887695,-0.05859375,0.16015625,0.265625,0.09375,-6.1875,-7.140625,-0.099609375,0.544921875,-0.4765625
3410,33876210,34176210,-0.16607666,-0.922119141,0.340332031,0.0790405273,0.17578125,0.65625,0.2578125,0.2421875,-6.1875,-7.1328125,-0.099609375,0.544921875,-0.4765625
3411,33891501,34191501,-0.164978027,-0.922607422,0.338928223,0.0819702148,0.17578125,0.65625,0.2578125,0.2421875,-6.1875,-7.1328125,-0.1796875,0.46484375,-0.40625
3412,33896559,34196559,-0.1640625,-0.922973633,0.337646484,0.0844726562,0.2421875,0.16796875,-0.109375,0.3671875,-6.15625,-7.1484375,-0.1796875,0.46484375,-0.40625
3413,33911014,34211014,-0.163146973,-0.923339844,0.336547852,0.0874023438,0.2421875,0.16796875,-0.109375,0.3671875,-6.15625,-7.1484375,-0.076171875,0.4765625,-0.35546875
3414,33915903,34215903,-0.162353516,-0.923461914,0.33581543,0.0902099609,0.203125,-0.5078125,-0.1328125,0.484375,-6.1328125,-7.1640625,-0.076171875,0.4765625,-0.35546875
3415,33930541,34230541,-0.161621094,-0.923400879,0.335449219,0.092956543,0.203125,-0.5078125,-0.1328125,0.484375,-6.1328125,-7.1640625,0.064453125,0.47265625,-0.328125
3416,33938958,34238958,-0.160827637,-0.923339844,0.335266113,0.0956420898,-0.0234375,-0.546875,-0.0625,0.59375,-6.1328125,-7.15625,0.064453125,0.47265625,-0.328125
3417,33950430,34250430,-0.159973145,-0.923278809,0.335144043,0.0983276367,-0.0234375,-0.546875,-0.0625,0.59375,-6.1328125,-7.15625,0.083984375,0.419921875,-0.341796875
3418,33955326,34255326,-0.158996582,-0.923217773,0.334960938,0.100769043,0.0234375,0.03515625,0.03515625,0.703125,-6.140625,-7.140625,0.083984375,0.419921875,-0.341796875
3419,33970744,34270744,-0.158081055,-0.923339844,0.334533691,0.102783203,0.0234375,0.03515625,0.03515625,0.703125,-6.140625,-7.140625,-0.033203125,0.298828125,-0.31640625
3420,33975786,34275786,-0.157226562,-0.923522949,0.33392334,0.104492188,0.05078125,0.34375,-0.01171875,0.7890625,-6.140625,-7.1328125,-0.033203125,0.298828125,-0.31640625
3421,33990960,34290960,-0.156433105,-0.92376709,0.333129883,0.106018066,0.05078125,0.34375,-0.01171875,0.7890625,-6.140625,-7.1328125,-0.107421875,0.228515625,-0.240234375
3422,33994683,34294683,-0.155883789,-0.923950195,0.332397461,0.10723877,0.0859375,-0.0546875,-0.234375,0.8671875,-6.125,-7.140625,-0.107421875,0.228515625,-0.240234375
3423,34008093,34308093,-0.155395508,-0.924133301,0.331787109,0.108398438,0.0859375,-0.0546875,-0.234375,0.8671875,-6.125,-7.140625,-0.056640625,0.1875,-0.169921875
3424,34020736,34320736,-0.154968262,-0.924194336,0.331420898,0.10949707,0.078125,-0.33984375,-0.26171875,0.9140625,-6.109375,-7.1484375,-0.056640625,0.1875,-0.169921875
3425,34028486,34328486,-0.154602051,-0.924194336,0.331237793,0.110534668,0.078125,-0.33984375,-0.26171875,0.9140625,-6.109375,-7.1484375,0.02734375,0.1640625,-0.125
3426,34035628,34335628,-0.154296875,-0.924133301,0.331237793,0.111450195,-0.0078125,-0.42578125,-0.26171875,0.9609375,-6.1015625,-7.1484375,0.02734375,0.1640625,-0.125
3427,34049255,34349255,-0.153991699,-0.924072266,0.331298828,0.112243652,-0.0078125,-0.42578125,-0.26171875,0.9609375,-6.1015625,-7.1484375,0.04296875,0.111328125,-0.08984375
3428,34056128,34356128,-0.153808594,-0.92401123,0.331359863,0.112854004,0,-0.30078125,-0.234375,0.9921875,-6.109375,-7.140625,0.04296875,0.111328125,-0.08984375
3429,34069283,34369283,-0.153564453,-0.92401123,0.331298828,0.11328125,0,-0.30078125,-0.234375,0.9921875,-6.109375,-7.140625,0.001953125,0.056640625,-0.0546875
3430,34075490,34375490,-0.153442383,-0.924072266,0.331176758,0.113586426,-0.0625,-0.2265625,-0.2421875,1.015625,-6.109375,-7.1328125,0.001953125,0.056640625,-0.0546875
3431,34089302,34389302,-0.153320312,-0.924133301,0.331054688,0.113647461,-0.0625,-0.2265625,-0.2421875,1.015625,-6.109375,-7.1328125,-0.0234375,0,-0.021484375
3432,34104583,34404583,-0.153320312,-0.924133301,0.330993652,0.113586426,-0.18359375,-0.37890625,-0.39453125,1.0234375,-6.109375,-7.1328125,-0.0234375,0,-0.021484375
3433,34110661,34410661,-0.153320312,-0.924194336,0.330932617,0.113464355,-0.18359375,-0.37890625,-0.39453125,1.0234375,-6.109375,-7.1328125,0.005859375,-0.029296875,0.015625
3434,34114395,34414395,-0.153320312,-0.924133301,0.331115723,0.11328125,-0.13671875,-0.5390625,-0.31640625,1.015625,-6.1015625,-7.1328125,0.005859375,-0.029296875,0.015625
3435,34130055,34430055,-0.153320312,-0.92401123,0.331481934,0.113037109,-0.13671875,-0.5390625,-0.31640625,1.015625,-6.1015625,-7.1328125,0.076171875,-0.060546875,0.03515625
3436,34135097,34435097,-0.153381348,-0.92388916,0.33190918,0.112731934,-0.13671875,-0.53125,-0.43359375,1.015625,-6.109375,-7.1328125,0.076171875,-0.060546875,0.03515625
3437,34149967,34449967,-0.153381348,-0.92376709,0.332397461,0.112365723,-0.13671875,-0.53125,-0.43359375,1.015625,-6.109375,-7.1328125,0.083984375,-0.08203125,0.05078125
3438,34154872,34454872,-0.153442383,-0.92364502,0.332763672,0.111938477,-0.0078125,-0.24609375,-0.36328125,1,-6.125,-7.125,0.083984375,-0.08203125,0.05078125
3439,34168473,34468473,-0.153564453,-0.923583984,0.333129883,0.111450195,-0.0078125,-0.24609375,-0.36328125,1,-6.125,-7.125,0.03515625,-0.09375,0.064453125
3440,34181398,34481398,-0.153747559,-0.923522949,0.333312988,0.110900879,0.015625,-0.125,-0.2578125,0.9765625,-6.1328125,-7.1171875,0.03515625,-0.09375,0.064453125
3441,34191224,34491224,-0.153930664,-0.923522949,0.333496094,0.110229492,0.015625,-0.125,-0.2578125,0.9765625,-6.1328125,-7.1171875,-0.01171875,-0.12109375,0.091796875
3442,34194830,34494830,-0.154174805,-0.923583984,0.333557129,0.10949707,0.0390625,-0.078125,0.01171875,0.953125,-6.140625,-7.1171875,-0.01171875,-0.12109375,0.091796875
3443,34210516,34510516,-0.15447998,-0.923583984,0.333740234,0.108581543,0.0390625,-0.078125,0.01171875,0.953125,-6.140625,-7.1171875,0.001953125,-0.1640625,0.12109375
3444,34214258,34514258,-0.154785156,-0.923522949,0.333984375,0.10760498,-0.00390625,-0.0703125,0.05859375,0.921875,-6.1484375,-7.125,0.001953125,-0.1640625,0.12109375
3445,34229849,34529849,-0.155090332,-0.923461914,0.334411621,0.106384277,-0.00390625,-0.0703125,0.05859375,0.921875,-6.1484375,-7.125,0.037109375,-0.20703125,0.154296875
3446,34233591,34533591,-0.155456543,-0.923400879,0.334838867,0.105224609,0.078125,0.00390625,0.2109375,0.875,-6.1484375,-7.125,0.037109375,-0.20703125,0.154296875
3447,34248848,34548848,-0.155883789,-0.923278809,0.335327148,0.103881836,0.078125,0.00390625,0.2109375,0.875,-6.1484375,-7.125,0.048828125,-0.23828125,0.1875
3448,34257492,34557492,-0.156311035,-0.923217773,0.33581543,0.102416992,0.1640625,0.12890625,0.25,0.828125,-6.15625,-7.125,0.048828125,-0.23828125,0.1875
3449,34269444,34569444,-0.156860352,-0.923156738,0.336242676,0.100769043,0.1640625,0.12890625,0.25,0.828125,-6.15625,-7.125,0.00390625,-0.296875,0.228515625
3450,34278499,34578499,-0.157470703,-0.923095703,0.336547852,0.0989990234,0.1875,0.17578125,0.171875,0.765625,-6.1640625,-7.125,0.00390625,-0.296875,0.228515625
3451,34289736,34589736,-0.15814209,-0.923095703,0.336914062,0.0968017578,0.1875,0.17578125,0.171875,0.765625,-6.1640625,-7.125,-0.037109375,-0.365234375,0.283203125
3452,34293338,34593338,-0.158813477,-0.923095703,0.337158203,0.0946044922,0.16015625,0.18359375,0.06640625,0.6796875,-6.171875,-7.1328125,-0.037109375,-0.365234375,0.283203125
3453,34308990,34608990,-0.159667969,-0.923156738,0.337402344,0.0921020508,0.16015625,0.18359375,0.06640625,0.6796875,-6.171875,-7.1328125,-0.05078125,-0.4140625,0.3203125
3454,34316200,34616200,-0.160461426,-0.923156738,0.337585449,0.0896606445,0.17578125,-0.015625,-0.00390625,0.5859375,-6.1640625,-7.140625,-0.05078125,-0.4140625,0.3203125
3455,34328845,34628845,-0.161376953,-0.923217773,0.33782959,0.0867919922,0.17578125,-0.015625,-0.00390625,0.5859375,-6.1640625,-7.140625,-0.06640625,-0.45703125,0.359375
3456,34337463,34637463,-0.16229248,-0.923217773,0.33807373,0.0841064453,0.046875,-0.24609375,-0.140625,0.484375,-6.1640625,-7.15625,-0.06640625,-0.45703125,0.359375
3457,34348369,34648369,-0.163391113,-0.923156738,0.338378906,0.0810546875,0.046875,-0.24609375,-0.140625,0.484375,-6.1640625,-7.15625,-0.044921875,-0.48828125,0.40625
3458,34356174,34656174,-0.164489746,-0.923095703,0.338806152,0.0780639648,0.08984375,-0.37109375,-0.24609375,0.3671875,-6.15625,-7.1640625,-0.044921875,-0.48828125,0.40625
3459,34368665,34668665,-0.165588379,-0.922912598,0.339294434,0.0750732422,0.08984375,-0.37109375,-0.24609375,0.3671875,-6.15625,-7.1640625,0.001953125,-0.505859375,0.431640625
3460,34374924,34674924,-0.166687012,-0.922790527,0.339904785,0.0720214844,0.015625,-0.171875,-0.125,0.25,-6.1640625,-7.171875,0.001953125,-0.505859375,0.431640625
3461,34390467,34690467,-0.16784668,-0.922607422,0.340576172,0.0685424805,0.015625,-0.171875,-0.125,0.25,-6.1640625,-7.171875,-0.001953125,-0.576171875,0.46484375
3462,34398481,34698481,-0.169006348,-0.922424316,0.341125488,0.0651245117,-0.04296875,-0.09375,-0.34765625,0.1171875,-6.1640625,-7.1796875,-0.001953125,-0.576171875,0.46484375
3463,34408240,34708240,-0.170288086,-0.922241211,0.341674805,0.0614624023,-0.04296875,-0.09375,-0.34765625,0.1171875,-6.1640625,-7.1796875,-0.041015625,-0.626953125,0.5078125
3464,34417485,34717485,-0.171691895,-0.922058105,0.342163086,0.0573120117,-0.0859375,-0.09375,-0.23046875,-0.03125,-6.1640625,-7.1796875,-0.041015625,-0.626953125,0.5078125
3465,34430025,34730025,-0.173095703,-0.921875,0.342529297,0.0533447266,-0.0859375,-0.09375,-0.23046875,-0.03125,-6.1640625,-7.1796875,-0.0703125,-0.673828125,0.578125
3466,34435199,34735199,-0.174621582,-0.921630859,0.343017578,0.0493164062,-0.0390625,-0.37890625,-0.33984375,-0.1953125,-6.1484375,-7.1875,-0.0703125,-0.673828125,0.578125
3467,34447808,34747808,-0.176269531,-0.921264648,0.343688965,0.044921875,-0.0390625,-0.37890625,-0.33984375,-0.1953125,-6.1484375,-7.1875,-0.01953125,-0.720703125,0.62890625
3468,34453535,34753535,-0.178039551,-0.920898438,0.344421387,0.0402832031,-0.06640625,-0.34765625,-0.29296875,-0.359375,-6.140625,-7.1953125,-0.01953125,-0.720703125,0.62890625
3469,34466688,34766688,-0.179870605,-0.920471191,0.345153809,0.0357055664,-0.06640625,-0.34765625,-0.29296875,-0.359375,-6.140625,-7.1953125,-0.017578125,-0.765625,0.693359375
3470,34475182,34775182,-0.181762695,-0.91998291,0.34588623,0.0308837891,-0.1015625,-0.31640625,-0.33984375,-0.5546875,-6.1328125,-7.1875,-0.017578125,-0.765625,0.693359375
3471,34486005,34786005,-0.183654785,-0.919433594,0.346679688,0.0259399414,-0.1015625,-0.31640625,-0.33984375,-0.5546875,-6.1328125,-7.1875,-0.01171875,-0.857421875,0.751953125
3472,34493096,34793096,-0.18572998,-0.918823242,0.34765625,0.020324707,-0.25,-0.59375,-0.38671875,-0.75,-6.125,-7.1796875,-0.01171875,-0.857421875,0.751953125
3473,34506319,34806319,-0.18762207,-0.918151855,0.348632812,0.0148925781,-0.25,-0.59375,-0.38671875,-0.75,-6.125,-7.1796875,0.029296875,-0.978515625,0.802734375
3474,34515560,34815560,-0.18963623,-0.917358398,0.349853516,0.00860595703,-0.28125,-0.5703125,-0.171875,-0.984375,-6.109375,-7.1640625,0.029296875,-0.978515625,0.802734375
3475,34526677,34826677,-0.19140625,-0.916564941,0.351074219,0.00238037109,-0.28125,-0.5703125,-0.171875,-0.984375,-6.109375,-7.1640625,0.048828125,-1.08007812,0.802734375
3476,34532689,34832689,0.19317627,0.915710449,-0.352294922,0.00396728516,-0.0703125,-0.1484375,-0.27734375,-1.234375,-6.109375,-7.1328125,0.048828125,-1.08007812,0.802734375
3477,34546557,34846557,0.194824219,0.914855957,-0.35357666,0.0108032227,-0.0703125,-0.1484375,-0.27734375,-1.234375,-6.109375,-7.1328125,0.0390625,-1.19335938,0.822265625
3478,34555276,34855276,0.196472168,0.913879395,-0.354858398,0.0177612305,-0.04296875,-0.203125,-0.46484375,-1.4921875,-6.09375,-7.1015625,0.0390625,-1.19335938,0.822265625
3479,34567128,34867128,0.198059082,0.912841797,-0.356201172,0.0252685547,-0.04296875,-0.203125,-0.46484375,-1.4921875,-6.09375,-7.1015625,0.037109375,-1.34179688,0.849609375
3480,34575616,34875616,0.199462891,0.911682129,-0.357727051,0.0329589844,-0.14453125,-0.37890625,-0.43359375,-1.7734375,-6.0703125,-7.0546875,0.037109375,-1.34179688,0.849609375
3481,34588573,34888573,0.200805664,0.910400391,-0.359436035,0.0407714844,-0.14453125,-0.37890625,-0.43359375,-1.7734375,-6.0703125,-7.0546875,0.126953125,-1.41796875,0.845703125
3482,34595310,34895310,0.202087402,0.908996582,-0.361328125,0.0484008789,0.03515625,-0.36328125,-0.296875,-2.0703125,-6.046875,-7,0.126953125,-1.41796875,0.845703125
3483,34606420,34906420,0.20324707,0.907409668,-0.36340332,0.0567016602,0.03515625,-0.36328125,-0.296875,-2.0703125,-6.046875,-7,0.158203125,-1.48046875,0.8203125
3484,34612759,34912759,0.204284668,0.905883789,-0.365356445,0.0645751953,0.11328125,-0.06640625,-0.15234375,-2.375,-6.0390625,-6.9140625,0.158203125,-1.48046875,0.8203125
3485,34627582,34927582,0.20526123,0.904174805,-0.367431641,0.0726928711,0.11328125,-0.06640625,-0.15234375,-2.375,-6.0390625,-6.9140625,0.177734375,-1.49023438,0.802734375
3486,34633063,34933063,0.206176758,0.902526855,-0.369445801,0.0804443359,0.2265625,-0.08203125,-0.09375,-2.6796875,-6.0234375,-6.8203125,0.177734375,-1.49023438,0.802734375
3487,34646230,34946230,0.20703125,0.900512695,-0.371887207,0.0891113281,0.2265625,-0.08203125,-0.09375,-2.6796875,-6.0234375,-6.8203125,0.251953125,-1.5546875,0.78125
3488,34654613,34954613,0.207702637,0.89855957,-0.374267578,0.0969848633,0.0234375,-0.01953125,-0.05078125,-2.9765625,-6.0078125,-6.7109375,0.251953125,-1.5546875,0.78125
3489,34666841,34966841,0.208251953,0.896484375,-0.37677002,0.105102539,0.0234375,-0.01953125,-0.05078125,-2.9765625,-6.0078125,-6.7109375,0.28125,-1.54492188,0.73046875
3490,34673839,34973839,0.208679199,0.89440918,-0.379150391,0.112609863,0.20703125,0.15625,0.046875,-3.2734375,-5.9921875,-6.578125,0.28125,-1.54492188,0.73046875
3491,34686608,34986608,0.20916748,0.892150879,-0.381713867,0.120727539,0.20703125,0.15625,0.046875,-3.2734375,-5.9921875,-6.578125,0.28515625,-1.4921875,0.693359375
3492,34691668,34991668,0.209533691,0.890014648,-0.384094238,0.128417969,0.37109375,0.53125,0.10546875,-3.5546875,-5.984375,-6.4453125,0.28515625,-1.4921875,0.693359375
3493,34706838,35006838,0.209899902,0.887878418,-0.386169434,0.135803223,0.37109375,0.53125,0.10546875,-3.5546875,-5.984375,-6.4453125,0.220703125,-1.43164062,0.671875
3494,34713793,35013793,0.210266113,0.885925293,-0.388000488,0.142944336,0.59765625,0.70703125,0.203125,-3.8203125,-5.96875,-6.3125,0.220703125,-1.43164062,0.671875
3495,34726160,35026160,0.210632324,0.883911133,-0.389587402,0.150268555,0.59765625,0.70703125,0.203125,-3.8203125,-5.96875,-6.3125,0.111328125,-1.31445312,0.63671875
3496,34734985,35034985,0.2109375,0.882080078,-0.390808105,0.157165527,0.703125,0.7890625,0.22265625,-4.078125,-5.9375,-6.1796875,0.111328125,-1.31445312,0.63671875
3497,34745894,35045894,0.211303711,0.880371094,-0.391723633,0.163879395,0.703125,0.7890625,0.22265625,-4.078125,-5.9375,-6.1796875,0.013671875,-1.22265625,0.626953125
3498,34751934,35051934,0.211669922,0.878662109,-0.392578125,0.170532227,0.5859375,0.3125,0.265625,-4.3046875,-5.8828125,-6.0703125,0.013671875,-1.22265625,0.626953125
3499,34767084,35067084,0.212158203,0.876953125,-0.393432617,0.176635742,0.5859375,0.3125,0.265625,-4.3046875,-5.8828125,-6.0703125,0.060546875,-1.13085938,0.609375
3500,34770831,35070831,0.212646484,0.875244141,-0.394287109,0.182250977,0.4609375,0.16015625,0.234375,-4.5234375,-5.84375,-5.9609375,0.060546875,-1.13085938,0.609375
3501,34785665,35085665,0.213134766,0.873535156,-0.395202637,0.188049316,0.4609375,0.16015625,0.234375,-4.5234375,-5.84375,-5.9609375,0.068359375,-1.015625,0.548828125
3502,34792063,35092063,0.213562012,0.871887207,-0.396118164,0.19329834,0.53125,0.21875,0.23828125,-4.7109375,-5.7890625,-5.8515625,0.068359375,-1.015625,0.548828125
3503,34805623,35105623,0.213928223,0.870239258,-0.396911621,0.198425293,0.53125,0.21875,0.23828125,-4.7109375,-5.7890625,-5.8515625,0.06640625,-0.90625,0.484375
3504,34813967,35113967,0.214294434,0.868774414,-0.397644043,0.20300293,0.4375,0.265625,0.375,-4.8828125,-5.7578125,-5.7578125,0.06640625,-0.90625,0.484375
3505,34826220,35126220,0.214599609,0.867370605,-0.39831543,0.207275391,0.4375,0.265625,0.375,-4.8828125,-5.7578125,-5.7578125,0.046875,-0.779296875,0.408203125
3506,34832826,35132826,0.21484375,0.866149902,-0.398925781,0.21105957,0.34765625,0.2265625,0.359375,-5.0234375,-5.71875,-5.6640625,0.046875,-0.779296875,0.408203125
3507,34845407,35145407,0.214904785,0.864868164,-0.399536133,0.214782715,0.34765625,0.2265625,0.359375,-5.0234375,-5.71875,-5.6640625,0.060546875,-0.65234375,0.294921875
3508,34850439,35150439,0.214904785,0.863830566,-0.400146484,0.217895508,0.203125,0.2734375,0.203125,-5.1484375,-5.6875,-5.5859375,0.060546875,-0.65234375,0.294921875
3509,34865591,35165591,0.214904785,0.862854004,-0.400756836,0.22064209,0.203125,0.2734375,0.203125,-5.1484375,-5.6875,-5.5859375,0.05859375,-0.5,0.2109375
3510,34871208,35171208,0.214904785,0.862060547,-0.401245117,0.222961426,0.21484375,0.2890625,0.2578125,-5.234375,-5.6640625,-5.5234375,0.05859375,-0.5,0.2109375
3511,34885672,35185672,0.21496582,0.861328125,-0.401672363,0.224853516,0.21484375,0.2890625,0.2578125,-5.234375,-5.6640625,-5.5234375,0.046875,-0.330078125,0.169921875
3512,34894601,35194601,0.215148926,0.860778809,-0.401977539,0.226257324,0.12890625,0.0859375,0.125,-5.3046875,-5.65625,-5.46875,0.046875,-0.330078125,0.169921875
3513,34906391,35206391,0.215393066,0.860290527,-0.40222168,0.227416992,0.12890625,0.0859375,0.125,-5.3046875,-5.65625,-5.46875,0.029296875,-0.15234375,0.126953125
3514,34912490,35212490,0.215637207,0.860046387,-0.402282715,0.228027344,-0.0546875,0.0703125,0.1328125,-5.3515625,-5.640625,-5.4375,0.029296875,-0.15234375,0.126953125
3515,34924723,35224723,0.216125488,0.859863281,-0.402282715,0.228210449,-0.0546875,0.0703125,0.1328125,-5.3515625,-5.640625,-5.4375,0.021484375,0.044921875,0.080078125
3516,34932483,35232483,0.216552734,0.859863281,-0.40222168,0.227844238,-0.19140625,0.0625,0.203125,-5.3671875,-5.6328125,-5.4296875,0.021484375,0.044921875,0.080078125
3517,34948265,35248265,0.217041016,0.860046387,-0.402099609,0.226928711,-0.19140625,0.0625,0.203125,-5.3671875,-5.6328125,-5.4296875,0.037109375,0.259765625,-0.029296875
3518,34952708,35252708,0.217407227,0.860412598,-0.402038574,0.225402832,-0.16796875,0.1796875,0.33203125,-5.3515625,-5.6328125,-5.4453125,0.037109375,0.259765625,-0.029296875
3519,34965413,35265413,0.217590332,0.861022949,-0.401794434,0.223266602,-0.16796875,0.1796875,0.33203125,-5.3515625,-5.6328125,-5.4453125,0.00390625,0.466796875,-0.193359375
3520,34974619,35274619,0.217651367,0.861816406,-0.401489258,0.220703125,-0.25390625,0.1953125,0.28515625,-5.3046875,-5.6484375,-5.4765625,0.00390625,0.466796875,-0.193359375
3521,34989191,35289191,0.217590332,0.862854004,-0.401000977,0.217590332,-0.25390625,0.1953125,0.28515625,-5.3046875,-5.6484375,-5.4765625,-0.0390625,0.62890625,-0.310546875
3522,34992718,35292718,0.217468262,0.864013672,-0.400512695,0.214050293,-0.1171875,0.06640625,0.15625,-5.2109375,-5.671875,-5.5390625,-0.0390625,0.62890625,-0.310546875
3523,35004947,35304947,0.217407227,0.865234375,-0.399963379,0.210083008,-0.1171875,0.06640625,0.15625,-5.2109375,-5.671875,-5.5390625,-0.015625,0.78515625,-0.373046875
3524,35010926,35310926,0.217346191,0.866577148,-0.399414062,0.205627441,0.03515625,0.09765625,0.12109375,-5.09375,-5.703125,-5.6171875,-0.015625,0.78515625,-0.373046875
3525,35028207,35328207,0.217407227,0.867858887,-0.398925781,0.20111084,0.03515625,0.09765625,0.12109375,-5.09375,-5.703125,-5.6171875,0.009765625,0.95703125,-0.4296875
3526,35032235,35332235,0.217468262,0.86932373,-0.39831543,0.195739746,0.23828125,0.25,0.12890625,-4.953125,-5.7421875,-5.703125,0.009765625,0.95703125,-0.4296875
3527,35044296,35344296,0.217468262,0.870849609,-0.397705078,0.190124512,0.23828125,0.25,0.12890625,-4.953125,-5.7421875,-5.703125,0.021484375,1.08398438,-0.513671875
3528,35053592,35353592,0.217285156,0.872436523,-0.397094727,0.184265137,0.02734375,0.375,0.15625,-4.78125,-5.7890625,-5.8046875,0.021484375,1.08398438,-0.513671875
3529,35067491,35367491,0.21697998,0.874145508,-0.396240234,0.178222656,0.02734375,0.375,0.15625,-4.78125,-5.7890625,-5.8046875,-0.0703125,1.17382812,-0.625
3530,35071603,35371603,0.216369629,0.876159668,-0.395019531,0.171630859,-0.05859375,0.54296875,0.21875,-4.578125,-5.84375,-5.90625,-0.0703125,1.17382812,-0.625
3531,35084227,35384227,0.215637207,0.878234863,-0.393615723,0.165161133,-0.05859375,0.54296875,0.21875,-4.578125,-5.84375,-5.90625,-0.17578125,1.23632812,-0.6953125
3532,35090205,35390205,0.21484375,0.880371094,-0.391967773,0.158447266,0.02734375,0.4296875,0.06640625,-4.359375,-5.8828125,-6.0234375,-0.17578125,1.23632812,-0.6953125
3533,35102784,35402784,0.214111328,0.882446289,-0.390258789,0.151916504,0.02734375,0.4296875,0.06640625,-4.359375,-5.8828125,-6.0234375,-0.2109375,1.2890625,-0.708984375
3534,35110784,35410784,0.213378906,0.88458252,-0.388549805,0.144836426,0.3203125,0,-0.03125,-4.1171875,-5.9140625,-6.15625,-0.2109375,1.2890625,-0.708984375
3535,35121999,35421999,0.21270752,0.886535645,-0.387084961,0.137817383,0.3203125,0,-0.03125,-4.1171875,-5.9140625,-6.15625,-0.099609375,1.29492188,-0.681640625
3536,35134655,35434655,0.212158203,0.888244629,-0.385864258,0.130859375,0.37890625,0.0703125,0.171875,-3.8671875,-5.9453125,-6.28125,-0.099609375,1.29492188,-0.681640625
3537,35142404,35442404,0.211547852,0.889892578,-0.384643555,0.124084473,0.37890625,0.0703125,0.171875,-3.8671875,-5.9453125,-6.28125,-0.068359375,1.31445312,-0.708984375
3538,35149234,35449234,0.210754395,0.891662598,-0.383300781,0.116638184,0.375,0.34765625,0.3125,-3.6328125,-5.9921875,-6.3828125,-0.068359375,1.31445312,-0.708984375
3539,35163362,35463362,0.209716797,0.893432617,-0.381896973,0.109375,0.375,0.34765625,0.3125,-3.6328125,-5.9921875,-6.3828125,-0.1171875,1.29492188,-0.8046875
3540,35169341,35469341,0.208374023,0.895263672,-0.380371094,0.102233887,0.109375,0.42578125,0.10546875,-3.3671875,-6.03125,-6.484375,-0.1171875,1.29492188,-0.8046875
3541,35185964,35485964,0.20690918,0.896972656,-0.37890625,0.0954589844,0.109375,0.42578125,0.10546875,-3.3671875,-6.03125,-6.484375,-0.16015625,1.2421875,-0.875
3542,35190196,35490196,0.20526123,0.898742676,-0.377258301,0.0883789062,0.2265625,0.234375,-0.0234375,-3.1015625,-6.0703125,-6.5859375,-0.16015625,1.2421875,-0.875
3543,35203907,35503907,0.203613281,0.90045166,-0.375732422,0.0809936523,0.2265625,0.234375,-0.0234375,-3.1015625,-6.0703125,-6.5859375,-0.08984375,1.23632812,-0.83203125
3544,35213379,35513379,0.202392578,0.901733398,-0.374694824,0.0744018555,0.48828125,0.03515625,-0.04296875,-2.828125,-6.1015625,-6.6796875,-0.08984375,1.23632812,-0.83203125
3545,35222391,35522391,0.20123291,0.902832031,-0.373962402,0.0672607422,0.48828125,0.03515625,-0.04296875,-2.828125,-6.1015625,-6.6796875,0.0859375,1.1640625,-0.71875
3546,35228220,35528220,0.200195312,0.903747559,-0.373413086,0.0607299805,0.65234375,0.3046875,0.40234375,-2.5703125,-6.140625,-6.7421875,0.0859375,1.1640625,-0.71875
3547,35243766,35543766,0.19921875,0.904663086,-0.372741699,0.0543212891,0.65234375,0.3046875,0.40234375,-2.5703125,-6.140625,-6.7421875,0.029296875,1.09179688,-0.673828125
3548,35248801,35548801,0.198181152,0.905578613,-0.371826172,0.0486450195,0.484375,0.3828125,0.328125,-2.328125,-6.1796875,-6.78125,0.029296875,1.09179688,-0.673828125
3549,35265936,35565936,0.196716309,0.906738281,-0.370483398,0.0427856445,0.484375,0.3828125,0.328125,-2.328125,-6.1796875,-6.78125,-0.146484375,0.931640625,-0.716796875
3550,35269533,35569533,0.195007324,0.907958984,-0.369018555,0.0374755859,0.06640625,0.0234375,-0.1171875,-2.1015625,-6.203125,-6.8359375,-0.146484375,0.931640625,-0.716796875
3551,35283648,35583648,0.19317627,0.909118652,-0.367736816,0.0322265625,0.06640625,0.0234375,-0.1171875,-2.1015625,-6.203125,-6.8359375,-0.115234375,0.83984375,-0.76171875
3552,35292645,35592645,0.19128418,0.91003418,-0.366760254,0.02734375,0.0859375,-0.16015625,-0.25390625,-1.890625,-6.2109375,-6.890625,-0.115234375,0.83984375,-0.76171875
3553,35305618,35605618,0.189331055,0.910888672,-0.365966797,0.0217285156,0.0859375,-0.16015625,-0.25390625,-1.890625,-6.2109375,-6.890625,0.02734375,0.884765625,-0.74609375
3554,35309200,35609200,0.187805176,0.911499023,-0.365478516,0.0162963867,0.25,-0.25390625,-0.03125,-1.671875,-6.234375,-6.921875,0.02734375,0.884765625,-0.74609375
3555,35323916,35623916,0.186340332,0.911987305,-0.36529541,0.00982666016,0.25,-0.25390625,-0.03125,-1.671875,-6.234375,-6.921875,0.19140625,1.04882812,-0.7109375
3556,35327523,35627523,0.185058594,0.912353516,-0.365234375,0.00408935547,0.140625,-0.29296875,0.13671875,-1.4453125,-6.2734375,-6.9375,0.19140625,1.04882812,-0.7109375
3557,35345508,35645508,-0.18347168,-0.912780762,0.364990234,0.00207519531,0.140625,-0.29296875,0.13671875,-1.4453125,-6.2734375,-6.9375,0.09375,0.921875,-0.73046875
3558,35348980,35648980,-0.181762695,-0.913330078,0.364318848,0.00732421875,-0.203125,-0.05859375,-0.23828125,-1.21875,-6.3125,-6.9453125,0.09375,0.921875,-0.73046875
3559,35363222,35663222,-0.17980957,-0.914123535,0.363220215,0.0125732422,-0.203125,-0.05859375,-0.23828125,-1.21875,-6.3125,-6.9453125,-0.10546875,0.80859375,-0.748046875
3560,35371491,35671491,-0.177978516,-0.914855957,0.361999512,0.0172729492,-0.296875,0.0234375,-0.14453125,-1.0078125,-6.3203125,-6.9609375,-0.10546875,0.80859375,-0.748046875
3561,35383826,35683826,-0.17590332,-0.915710449,0.360595703,0.0224609375,-0.296875,0.0234375,-0.14453125,-1.0078125,-6.3203125,-6.9609375,-0.087890625,0.83203125,-0.74609375
3562,35387428,35687428,-0.174133301,-0.916320801,0.359558105,0.0275268555,0.06640625,-0.3984375,-0.11328125,-0.796875,-6.3203125,-6.9921875,-0.087890625,0.83203125,-0.74609375
3563,35403159,35703159,-0.172241211,-0.916809082,0.358642578,0.0334472656,0.06640625,-0.3984375,-0.11328125,-0.796875,-6.3203125,-6.9921875,0.03125,0.962890625,-0.765625
3564,35406758,35706758,-0.170532227,-0.917236328,0.357849121,0.0390014648,0.23046875,-0.2734375,0.4765625,-0.578125,-6.328125,-7.0078125,0.03125,0.962890625,-0.765625
3565,35424512,35724512,-0.168701172,-0.917602539,0.357055664,0.0447998047,0.23046875,-0.2734375,0.4765625,-0.578125,-6.328125,-7.0078125,0.052734375,0.91796875,-0.73828125
3566,35428123,35728123,-0.166931152,-0.917907715,0.356445312,0.049987793,0.30859375,-0.19140625,0.5625,-0.3515625,-6.3359375,-7.015625,0.052734375,0.91796875,-0.73828125
3567,35442385,35742385,-0.164978027,-0.918212891,0.355834961,0.0550537109,0.30859375,-0.19140625,0.5625,-0.3515625,-6.3359375,-7.015625,0.0234375,0.716796875,-0.7109375
3568,35450476,35750476,-0.162963867,-0.918579102,0.355102539,0.0595092773,0.26171875,0.171875,0.62109375,-0.1484375,-6.3515625,-7,0.0234375,0.716796875,-0.7109375
3569,35464476,35764476,-0.161010742,-0.918884277,0.354492188,0.0634765625,0.26171875,0.171875,0.62109375,-0.1484375,-6.3515625,-7,0.029296875,0.58984375,-0.65234375
3570,35468091,35768091,-0.159179688,-0.919128418,0.354003906,0.0671386719,0.41796875,0.24609375,0.1640625,0.0390625,-6.3515625,-7,0.029296875,0.58984375,-0.65234375
3571,35482653,35782653,-0.157226562,-0.919372559,0.353515625,0.0710449219,0.41796875,0.24609375,0.1640625,0.0390625,-6.3515625,-7,0.0390625,0.556640625,-0.59765625
3572,35488777,35788777,-0.155578613,-0.919616699,0.353027344,0.0744628906,0.375,0.28515625,0.0390625,0.1953125,-6.3515625,-6.9921875,0.0390625,0.556640625,-0.59765625
3573,35503853,35803853,-0.153991699,-0.919799805,0.352416992,0.078125,0.375,0.28515625,0.0390625,0.1953125,-6.3515625,-6.9921875,0.013671875,0.548828125,-0.529296875
3574,35507446,35807446,-0.152648926,-0.919921875,0.351867676,0.0814208984,0.2265625,0.1328125,-0.08203125,0.34375,-6.3515625,-6.984375,0.013671875,0.548828125,-0.529296875
3575,35520969,35820969,-0.151367188,-0.920043945,0.351318359,0.0846557617,0.2265625,0.1328125,-0.08203125,0.34375,-6.3515625,-6.984375,-0.00390625,0.51171875,-0.46875
3576,35530257,35830257,-0.150085449,-0.920227051,0.350646973,0.087890625,0.046875,-0.13671875,-0.04296875,0.484375,-6.3515625,-6.984375,-0.00390625,0.51171875,-0.46875
3577,35546023,35846023,-0.148986816,-0.920349121,0.350036621,0.0907592773,0.046875,-0.13671875,-0.04296875,0.484375,-6.3515625,-6.984375,-0.025390625,0.443359375,-0.404296875
3578,35550641,35850641,-0.147888184,-0.920471191,0.34942627,0.0933837891,0,-0.45703125,-0.359375,0.609375,-6.3359375,-6.9765625,-0.025390625,0.443359375,-0.404296875
3579,35562478,35862478,-0.146911621,-0.920593262,0.348876953,0.0958862305,0,-0.45703125,-0.359375,0.609375,-6.3359375,-6.9765625,-0.013671875,0.384765625,-0.357421875
3580,35566081,35866081,-0.145996094,-0.920715332,0.348327637,0.0980834961,-0.1796875,-0.50390625,-0.703125,0.7109375,-6.328125,-6.9765625,-0.013671875,0.384765625,-0.357421875
3581,35584376,35884376,-0.145141602,-0.920837402,0.34777832,0.100402832,-0.1796875,-0.50390625,-0.703125,0.7109375,-6.328125,-6.9765625,-0.021484375,0.353515625,-0.31640625
3582,35587994,35887994,-0.144348145,-0.920898438,0.347290039,0.102539062,-0.234375,-0.58984375,-0.75,0.8046875,-6.3203125,-6.96875,-0.021484375,0.353515625,-0.31640625
3583,35601656,35901656,-0.143615723,-0.920898438,0.346923828,0.104614258,-0.234375,-0.58984375,-0.75,0.8046875,-6.3203125,-6.96875,0.0078125,0.3359375,-0.27734375
3584,35610844,35910844,-0.142944336,-0.920898438,0.346618652,0.106506348,-0.328125,-0.703125,-0.48828125,0.8984375,-6.3203125,-6.9609375,0.0078125,0.3359375,-0.27734375
3585,35625678,35925678,-0.142211914,-0.920898438,0.346435547,0.108337402,-0.328125,-0.703125,-0.48828125,0.8984375,-6.3203125,-6.9609375,0.041015625,0.255859375,-0.236328125
3586,35629546,35929546,-0.141540527,-0.920837402,0.346374512,0.109802246,-0.3203125,-0.63671875,-0.45703125,0.96875,-6.3125,-6.953125,0.041015625,0.255859375,-0.236328125
3587,35640626,35940626,-0.140991211,-0.920776367,0.346252441,0.111083984,-0.3203125,-0.63671875,-0.45703125,0.96875,-6.3125,-6.953125,0.044921875,0.185546875,-0.189453125
3588,35646610,35946610,-0.140380859,-0.920715332,0.346313477,0.112304688,-0.11328125,-0.51171875,-0.3125,1.03125,-6.3203125,-6.9453125,0.044921875,0.185546875,-0.189453125
3589,35664487,35964487,-0.139953613,-0.920654297,0.346435547,0.113342285,-0.11328125,-0.51171875,-0.3125,1.03125,-6.3203125,-6.9453125,0.0703125,0.150390625,-0.134765625
3590,35668616,35968616,-0.139587402,-0.920471191,0.346618652,0.114318848,-0.046875,-0.47265625,-0.20703125,1.078125,-6.3203125,-6.9375,0.0703125,0.150390625,-0.134765625
3591,35680242,35980242,-0.139343262,-0.920349121,0.346862793,0.11505127,-0.046875,-0.47265625,-0.20703125,1.078125,-6.3203125,-6.9375,0.095703125,0.107421875,-0.072265625
3592,35690344,35990344,-0.139160156,-0.920166016,0.347229004,0.115661621,-0.109375,-0.296875,0.0078125,1.1015625,-6.34375,-6.921875,0.095703125,0.107421875,-0.072265625
3593,35705244,36005244,-0.139099121,-0.920043945,0.34753418,0.115905762,-0.109375,-0.296875,0.0078125,1.1015625,-6.34375,-6.921875,0.068359375,0.009765625,-0.005859375
3594,35709256,36009256,-0.139038086,-0.919921875,0.347839355,0.115905762,-0.125,-0.17578125,-0.12109375,1.1171875,-6.3515625,-6.90625,0.068359375,0.009765625,-0.005859375
3595,35723369,36023369,-0.139099121,-0.91986084,0.348083496,0.115661621,-0.125,-0.17578125,-0.12109375,1.1171875,-6.3515625,-6.90625,0.0390625,-0.068359375,0.052734375
3596,35727841,36027841,-0.139282227,-0.919799805,0.348327637,0.11517334,-0.0390625,-0.28125,-0.19921875,1.109375,-6.359375,-6.90625,0.0390625,-0.068359375,0.052734375
3597,35743276,36043276,-0.139465332,-0.919677734,0.348754883,0.114501953,-0.0390625,-0.28125,-0.19921875,1.109375,-6.359375,-6.90625,0.05859375,-0.126953125,0.107421875
3598,35747762,36047762,-0.139709473,-0.919555664,0.349182129,0.113769531,-0.0546875,-0.3125,-0.12890625,1.0859375,-6.3671875,-6.8984375,0.05859375,-0.126953125,0.107421875
3599,35760631,36060631,-0.140014648,-0.919433594,0.349731445,0.112670898,-0.0546875,-0.3125,-0.12890625,1.0859375,-6.3671875,-6.8984375,0.072265625,-0.19921875,0.15234375
3600,35767668,36067668,-0.140380859,-0.919372559,0.350280762,0.111450195,-0.09375,-0.14453125,-0.20703125,1.046875,-6.3828125,-6.8984375,0.072265625,-0.19921875,0.15234375
3601,35783406,36083406,-0.14074707,-0.919250488,0.350708008,0.110046387,-0.09375,-0.14453125,-0.20703125,1.046875,-6.3828125,-6.8984375,0.03515625,-0.2578125,0.203125
3602,35787015,36087015,-0.141235352,-0.919189453,0.351196289,0.108459473,0,-0.05859375,-0.0546875,0.9921875,-6.390625,-6.8984375,0.03515625,-0.2578125,0.203125
3603,35798738,36098738,-0.141845703,-0.919189453,0.35168457,0.106567383,0,-0.05859375,-0.0546875,0.9921875,-6.390625,-6.8984375,0.029296875,-0.33203125,0.259765625
3604,35805640,36105640,-0.142456055,-0.919067383,0.352172852,0.104553223,-0.08203125,-0.16796875,-0.16796875,0.921875,-6.3984375,-6.8984375,0.029296875,-0.33203125,0.259765625
3605,35821691,36121691,-0.143127441,-0.919006348,0.352783203,0.102294922,-0.08203125,-0.16796875,-0.16796875,0.921875,-6.3984375,-6.8984375,0.03125,-0.40234375,0.318359375
3606,35825291,36125291,-0.143859863,-0.918945312,0.353393555,0.0999145508,0.00390625,-0.16015625,-0.12890625,0.8359375,-6.40625,-6.8984375,0.03125,-0.40234375,0.318359375
3607,35840992,36140992,-0.14465332,-0.918823242,0.354064941,0.0971679688,0.00390625,-0.16015625,-0.12890625,0.8359375,-6.40625,-6.8984375,0.0390625,-0.462890625,0.353515625
3608,35849958,36149958,-0.145446777,-0.918762207,0.354675293,0.094543457,0.06640625,-0.13671875,-0.16796875,0.734375,-6.4296875,-6.8984375,0.0390625,-0.462890625,0.353515625
3609,35863063,36163063,-0.14630127,-0.918640137,0.35534668,0.0914306641,0.06640625,-0.13671875,-0.16796875,0.734375,-6.4296875,-6.8984375,0.00390625,-0.50390625,0.388671875
3610,35867303,36167303,-0.147216797,-0.918640137,0.355895996,0.0884399414,0.0703125,-0.01171875,-0.0859375,0.6171875,-6.4375,-6.90625,0.00390625,-0.50390625,0.388671875
3611,35879166,36179166,-0.148254395,-0.918579102,0.356384277,0.085144043,0.0703125,-0.01171875,-0.0859375,0.6171875,-6.4375,-6.90625,-0.013671875,-0.552734375,0.4296875
3612,35885512,36185512,-0.149230957,-0.918518066,0.356933594,0.0817871094,-0.03515625,-0.08984375,-0.11328125,0.4921875,-6.4375,-6.9140625,-0.013671875,-0.552734375,0.4296875
3613,35901962,36201962,-0.150268555,-0.918395996,0.357543945,0.0781860352,-0.03515625,-0.08984375,-0.11328125,0.4921875,-6.4375,-6.9140625,-0.009765625,-0.62109375,0.47265625
3614,35906315,36206315,-0.151306152,-0.918334961,0.358093262,0.0745849609,0.01953125,-0.01171875,-0.03125,0.359375,-6.4375,-6.921875,-0.009765625,-0.62109375,0.47265625
3615,35920930,36220930,-0.15246582,-0.918212891,0.358703613,0.0704345703,0.01953125,-0.01171875,-0.03125,0.359375,-6.4375,-6.921875,-0.02734375,-0.685546875,0.513671875
3616,35929982,36229982,-0.153564453,-0.91809082,0.35925293,0.0664672852,0.0625,-0.12890625,-0.21484375,0.203125,-6.4375,-6.9296875,-0.02734375,-0.685546875,0.513671875
3617,35943541,36243541,-0.154846191,-0.918029785,0.359741211,0.0623168945,0.0625,-0.12890625,-0.21484375,0.203125,-6.4375,-6.9296875,-0.064453125,-0.693359375,0.556640625
3618,35949073,36249073,-0.15625,-0.917907715,0.360107422,0.0579833984,0.03515625,-0.08984375,-0.16796875,0.0390625,-6.4375,-6.9375,-0.064453125,-0.693359375,0.556640625
3619,35959563,36259563,-0.157775879,-0.917724609,0.360534668,0.0535888672,0.03515625,-0.08984375,-0.16796875,0.0390625,-6.4375,-6.9375,-0.05078125,-0.69921875,0.6015625
3620,35964589,36264589,-0.159301758,-0.917480469,0.36114502,0.0490112305,-0.1015625,-0.3359375,-0.12109375,-0.1328125,-6.421875,-6.9453125,-0.05078125,-0.69921875,0.6015625
3621,35979592,36279592,-0.160705566,-0.917175293,0.361877441,0.0444946289,-0.1015625,-0.3359375,-0.12109375,-0.1328125,-6.421875,-6.9453125,0,-0.79296875,0.626953125
3622,35984627,36284627,-0.162109375,-0.916870117,0.362670898,0.0399169922,-0.11328125,-0.2578125,-0.2734375,-0.3125,-6.421875,-6.9453125,0,-0.79296875,0.626953125
3623,35999459,36299459,-0.163635254,-0.916442871,0.363525391,0.0345458984,-0.11328125,-0.2578125,-0.2734375,-0.3125,-6.421875,-6.9453125,-0.009765625,-0.873046875,0.662109375
3624,36008622,36308622,-0.164978027,-0.916137695,0.364196777,0.0296020508,-0.0625,-0.06640625,-0.20703125,-0.515625,-6.421875,-6.9375,-0.009765625,-0.873046875,0.662109375
3625,36020810,36320810,-0.166625977,-0.915710449,0.364807129,0.0239257812,-0.0625,-0.06640625,-0.20703125,-0.515625,-6.421875,-6.9375,-0.05078125,-0.884765625,0.697265625
3626,36024534,36324534,-0.168151855,-0.915405273,0.36529541,0.0188598633,0.109375,-0.12109375,-0.328125,-0.7265625,-6.40625,-6.9296875,-0.05078125,-0.884765625,0.697265625
3627,36038810,36338810,-0.169921875,-0.915039062,0.365600586,0.0132446289,0.109375,-0.12109375,-0.328125,-0.7265625,-6.40625,-6.9296875,-0.12890625,-0.859375,0.724609375
3628,36043844,36343844,-0.171691895,-0.914611816,0.365966797,0.00787353516,0.015625,-0.3671875,-0.17578125,-0.9375,-6.390625,-6.9296875,-0.12890625,-0.859375,0.724609375
3629,36059533,36359533,-0.173522949,-0.9140625,0.366638184,0.00219726562,0.015625,-0.3671875,-0.17578125,-0.9375,-6.390625,-6.9296875,0.005859375,-0.962890625,0.771484375
3630,36063266,36363266,0.175109863,0.913330078,-0.367553711,0.00360107422,-0.1484375,-0.47265625,-0.19140625,-1.15625,-6.359375,-6.9140625,0.005859375,-0.962890625,0.771484375
3631,36079767,36379767,0.176757812,0.912536621,-0.368713379,0.0101318359,-0.1484375,-0.47265625,-0.19140625,-1.15625,-6.359375,-6.9140625,0.052734375,-1.08007812,0.76171875
3632,36087910,36387910,0.178100586,0.911682129,-0.369873047,0.0160522461,-0.0234375,-0.3359375,-0.25390625,-1.3984375,-6.34375,-6.890625,0.052734375,-1.08007812,0.76171875
3633,36100378,36400378,0.17956543,0.910766602,-0.37121582,0.0228881836,-0.0234375,-0.3359375,-0.25390625,-1.3984375,-6.34375,-6.890625,0.06640625,-1.15429688,0.76171875
3634,36104114,36404114,0.180786133,0.909851074,-0.372375488,0.0291748047,0.11328125,-0.15234375,-0.17578125,-1.6484375,-6.3359375,-6.8515625,0.06640625,-1.15429688,0.76171875
3635,36118857,36418857,0.182006836,0.908813477,-0.373596191,0.0363769531,0.11328125,-0.15234375,-0.17578125,-1.6484375,-6.3359375,-6.8515625,0.029296875,-1.23242188,0.75
3636,36125364,36425364,0.183044434,0.907897949,-0.374633789,0.0430908203,0.0625,0.0234375,-0.1484375,-1.90625,-6.3203125,-6.8046875,0.029296875,-1.23242188,0.75
3637,36138811,36438811,0.184020996,0.906799316,-0.375915527,0.0503540039,0.0625,0.0234375,-0.1484375,-1.90625,-6.3203125,-6.8046875,0.0625,-1.23828125,0.724609375
3638,36145458,36445458,0.184936523,0.905700684,-0.37713623,0.0570068359,0.29296875,-0.07421875,0.02734375,-2.171875,-6.296875,-6.75,0.0625,-1.23828125,0.724609375
3639,36158142,36458142,0.185913086,0.90435791,-0.378662109,0.064453125,0.29296875,-0.07421875,0.02734375,-2.171875,-6.296875,-6.75,0.130859375,-1.3046875,0.73828125
3640,36166598,36466598,0.186828613,0.902954102,-0.380371094,0.0716552734,0.16796875,-0.13671875,-0.08203125,-2.4296875,-6.2734375,-6.6796875,0.130859375,-1.3046875,0.73828125
3641,36178170,36478170,0.18762207,0.901367188,-0.382202148,0.0787353516,0.16796875,-0.13671875,-0.08203125,-2.4296875,-6.2734375,-6.6796875,0.197265625,-1.33789062,0.7265625
3642,36184154,36484154,0.188415527,0.899780273,-0.384033203,0.0860595703,0.1640625,0.3828125,0.09375,-2.6953125,-6.2578125,-6.5859375,0.197265625,-1.33789062,0.7265625
3643,36198886,36498886,0.189086914,0.898193359,-0.385681152,0.0932617188,0.1640625,0.3828125,0.09375,-2.6953125,-6.2578125,-6.5859375,0.13671875,-1.32421875,0.701171875
3644,36204849,36504849,0.18963623,0.896728516,-0.387084961,0.100036621,0.125,0.2890625,0,-2.9609375,-6.2421875,-6.4921875,0.13671875,-1.32421875,0.701171875
3645,36217508,36517508,0.190185547,0.895141602,-0.38861084,0.10736084,0.125,0.2890625,0,-2.9609375,-6.2421875,-6.4921875,0.126953125,-1.35351562,0.6796875
3646,36223481,36523481,0.190673828,0.893432617,-0.390197754,0.114868164,-0.00390625,-0.078125,0.10546875,-3.21875,-6.21875,-6.40625,0.126953125,-1.35351562,0.6796875
3647,36240545,36540545,0.191101074,0.891601562,-0.391906738,0.122070312,-0.00390625,-0.078125,0.10546875,-3.21875,-6.21875,-6.40625,0.185546875,-1.34960938,0.66015625
3648,36249708,36549708,0.191467285,0.889892578,-0.393554688,0.12878418,0.140625,-0.0625,-0.01171875,-3.4765625,-6.1953125,-6.2890625,0.185546875,-1.34960938,0.66015625
3649,36262077,36562077,0.191833496,0.888000488,-0.395324707,0.135681152,0.140625,-0.0625,-0.01171875,-3.4765625,-6.1953125,-6.2890625,0.197265625,-1.27929688,0.625
3650,36265671,36565671,0.192199707,0.886108398,-0.396972656,0.14239502,0.078125,0.03515625,0.17578125,-3.71875,-6.1796875,-6.171875,0.197265625,-1.27929688,0.625
3651,36277009,36577009,0.192504883,0.884277344,-0.398620605,0.148620605,0.078125,0.03515625,0.17578125,-3.71875,-6.1796875,-6.171875,0.203125,-1.17382812,0.544921875
3652,36282982,36582982,0.192687988,0.882507324,-0.40020752,0.154663086,-0.078125,-0.1015625,0.21484375,-3.9453125,-6.15625,-6.0546875,0.203125,-1.17382812,0.544921875
3653,36296314,36596314,0.192810059,0.880737305,-0.401733398,0.160339355,-0.078125,-0.1015625,0.21484375,-3.9453125,-6.15625,-6.0546875,0.201171875,-1.14648438,0.513671875
3654,36303632,36603632,0.192932129,0.878845215,-0.403381348,0.166259766,-0.078125,-0.1640625,-0.01953125,-4.140625,-6.1328125,-5.9375,0.201171875,-1.14648438,0.513671875
3655,36317040,36617040,0.193054199,0.876953125,-0.405151367,0.171813965,-0.078125,-0.1640625,-0.01953125,-4.140625,-6.1328125,-5.9375,0.25390625,-1.06640625,0.4609375
3656,36325979,36625979,0.193115234,0.87512207,-0.406860352,0.176940918,0.08203125,-0.01953125,-0.02734375,-4.3359375,-6.125,-5.8125,0.25390625,-1.06640625,0.4609375
3657,36337208,36637208,0.193115234,0.873413086,-0.408447266,0.18170166,0.08203125,-0.01953125,-0.02734375,-4.3359375,-6.125,-5.8125,0.23828125,-0.96875,0.3984375
3658,36343189,36643189,0.193054199,0.871643066,-0.410095215,0.186523438,0.0546875,0.34765625,0.046875,-4.5,-6.109375,-5.6953125,0.23828125,-0.96875,0.3984375
3659,36357299,36657299,0.192932129,0.870056152,-0.411560059,0.190795898,0.0546875,0.34765625,0.046875,-4.5,-6.109375,-5.6953125,0.216796875,-0.873046875,0.328125
3660,36363281,36663281,0.192687988,0.868469238,-0.413024902,0.195068359,0.125,0.50390625,0.12890625,-4.6484375,-6.109375,-5.5859375,0.216796875,-0.873046875,0.328125
3661,36376820,36676820,0.192443848,0.867126465,-0.414123535,0.198913574,0.125,0.50390625,0.12890625,-4.6484375,-6.109375,-5.5859375,0.13671875,-0.767578125,0.271484375
3662,36382788,36682788,0.192138672,0.865844727,-0.415161133,0.202575684,0.3359375,0.5703125,0.140625,-4.78125,-6.1015625,-5.484375,0.13671875,-0.767578125,0.271484375
3663,36394527,36694527,0.191955566,0.864562988,-0.416137695,0.206115723,0.3359375,0.5703125,0.140625,-4.78125,-6.1015625,-5.484375,0.126953125,-0.6953125,0.2578125
3664,36410220,36710220,0.191772461,0.86340332,-0.417053223,0.209411621,0.40625,0.44140625,0.23828125,-4.890625,-6.0859375,-5.390625,0.126953125,-0.6953125,0.2578125
3665,36419332,36719332,0.191589355,0.862243652,-0.41784668,0.212524414,0.40625,0.44140625,0.23828125,-4.890625,-6.0859375,-5.390625,0.1015625,-0.595703125,0.240234375
3666,36423814,36723814,0.19152832,0.86126709,-0.418518066,0.215209961,0.546875,0.47265625,0.12890625,-4.9921875,-6.078125,-5.3203125,0.1015625,-0.595703125,0.240234375
3667,36437420,36737420,0.191467285,0.860351562,-0.419128418,0.217834473,0.546875,0.47265625,0.12890625,-4.9921875,-6.078125,-5.3203125,0.05078125,-0.458984375,0.201171875
3668,36442452,36742452,0.191467285,0.859680176,-0.419433594,0.219970703,0.46875,0.53125,0.296875,-5.0703125,-6.0625,-5.2578125,0.05078125,-0.458984375,0.201171875
3669,36455800,36755800,0.19152832,0.859008789,-0.41973877,0.222045898,0.46875,0.53125,0.296875,-5.0703125,-6.0625,-5.2578125,0.0234375,-0.349609375,0.185546875
3670,36461805,36761805,0.191589355,0.858398438,-0.419921875,0.223754883,0.38671875,0.2421875,0.2890625,-5.140625,-6.0390625,-5.2109375,0.0234375,-0.349609375,0.185546875
3671,36477634,36777634,0.191772461,0.857910156,-0.42010498,0.225158691,0.38671875,0.2421875,0.2890625,-5.140625,-6.0390625,-5.2109375,0.025390625,-0.236328125,0.150390625
3672,36486621,36786621,0.191955566,0.857543945,-0.420227051,0.226257324,0.47265625,0.1953125,0.3359375,-5.1875,-6.03125,-5.1796875,0.025390625,-0.236328125,0.150390625
3673,36498611,36798611,0.192077637,0.85723877,-0.420349121,0.227111816,0.47265625,0.1953125,0.3359375,-5.1875,-6.03125,-5.1796875,0.001953125,-0.11328125,0.08203125
3674,36502332,36802332,0.192138672,0.857116699,-0.420288086,0.227539062,0.42578125,0.29296875,0.38671875,-5.21875,-6.015625,-5.15625,0.001953125,-0.11328125,0.08203125
3675,36517992,36817992,0.192138672,0.857177734,-0.420166016,0.227661133,0.42578125,0.29296875,0.38671875,-5.21875,-6.015625,-5.15625,-0.03515625,0.0234375,-0.017578125
3676,36521724,36821724,0.192077637,0.857299805,-0.420043945,0.227355957,0.3203125,0.1015625,0.3125,-5.2265625,-6.015625,-5.15625,-0.03515625,0.0234375,-0.017578125
3677,36535331,36835331,0.192077637,0.857543945,-0.41986084,0.226745605,0.3203125,0.1015625,0.3125,-5.2265625,-6.015625,-5.15625,-0.01953125,0.158203125,-0.0546875
3678,36541690,36841690,0.192199707,0.857849121,-0.41973877,0.225769043,0.3125,-0.05078125,0.28125,-5.21875,-6.015625,-5.1640625,-0.01953125,0.158203125,-0.0546875
3679,36556439,36856439,0.192382812,0.858154297,-0.419677734,0.224487305,0.3125,-0.05078125,0.28125,-5.21875,-6.015625,-5.1640625,0.048828125,0.298828125,-0.095703125
3680,36565639,36865639,0.192687988,0.858520508,-0.41973877,0.22277832,0.3125,0.03515625,0.3046875,-5.1796875,-6.0234375,-5.1875,0.048828125,0.298828125,-0.095703125
3681,36579125,36879125,0.192993164,0.859008789,-0.419799805,0.22052002,0.3125,0.03515625,0.3046875,-5.1796875,-6.0234375,-5.1875,0.07421875,0.451171875,-0.177734375
3682,36584212,36884212,0.19317627,0.859619141,-0.41986084,0.217895508,0.296875,0.35546875,0.3046875,-5.125,-6.0390625,-5.2265625,0.07421875,0.451171875,-0.177734375
3683,36597299,36897299,0.193237305,0.860351562,-0.419799805,0.21496582,0.296875,0.35546875,0.3046875,-5.125,-6.0390625,-5.2265625,0.0234375,0.583984375,-0.302734375
3684,36601026,36901026,0.193054199,0.86126709,-0.419555664,0.211791992,0.0859375,0.6171875,0.3046875,-5.03125,-6.0703125,-5.265625,0.0234375,0.583984375,-0.302734375
3685,36615732,36915732,0.192687988,0.862487793,-0.419128418,0.208068848,0.0859375,0.6171875,0.3046875,-5.03125,-6.0703125,-5.265625,-0.072265625,0.669921875,-0.408203125
3686,36620777,36920777,0.192260742,0.863830566,-0.418518066,0.204284668,0.09375,0.53125,0.25390625,-4.921875,-6.1015625,-5.328125,-0.072265625,0.669921875,-0.408203125
3687,36635663,36935663,0.191772461,0.865234375,-0.417724609,0.200195312,0.09375,0.53125,0.25390625,-4.921875,-6.1015625,-5.328125,-0.119140625,0.77734375,-0.44921875
3688,36644635,36944635,0.191345215,0.866760254,-0.416870117,0.195861816,0.16015625,0.3359375,0.26171875,-4.796875,-6.1328125,-5.4140625,-0.119140625,0.77734375,-0.44921875
3689,36657649,36957649,0.190979004,0.868225098,-0.41607666,0.19128418,0.16015625,0.3359375,0.26171875,-4.796875,-6.1328125,-5.4140625,-0.099609375,0.8828125,-0.470703125
3690,36661388,36961388,0.190734863,0.869628906,-0.415344238,0.186645508,0.15625,-0.0546875,0.1953125,-4.640625,-6.1640625,-5.5,-0.099609375,0.8828125,-0.470703125
3691,36675683,36975683,0.190551758,0.871032715,-0.414794922,0.181396484,0.15625,-0.0546875,0.1953125,-4.640625,-6.1640625,-5.5,0.005859375,0.955078125,-0.5
3692,36680720,36980720,0.190307617,0.872436523,-0.414367676,0.175964355,0.07421875,0.05859375,0.25,-4.484375,-6.203125,-5.59375,0.005859375,0.955078125,-0.5
3693,36693969,36993969,0.189941406,0.873840332,-0.413818359,0.170654297,0.07421875,0.05859375,0.25,-4.484375,-6.203125,-5.59375,-0.044921875,1.06054688,-0.595703125
3694,36703020,37003020,0.18939209,0.875549316,-0.412963867,0.164367676,0.05078125,0.453125,0.18359375,-4.3046875,-6.25,-5.6796875,-0.044921875,1.06054688,-0.595703125
3695,36715904,37015904,0.188659668,0.877319336,-0.41192627,0.15826416,0.05078125,0.453125,0.18359375,-4.3046875,-6.25,-5.6796875,-0.15234375,1.12109375,-0.68359375
3696,36723618,37023618,0.187866211,0.879150391,-0.410644531,0.15234375,-0.125,0.3671875,0.09375,-4.09375,-6.28125,-5.78125,-0.15234375,1.12109375,-0.68359375
3697,36736693,37036693,0.186889648,0.881225586,-0.409118652,0.145629883,-0.125,0.3671875,0.09375,-4.09375,-6.28125,-5.78125,-0.224609375,1.1875,-0.724609375
3698,36740425,37040425,0.186035156,0.883056641,-0.407592773,0.139343262,-0.04296875,0.015625,-0.2109375,-3.8671875,-6.3125,-5.8984375,-0.224609375,1.1875,-0.724609375
3699,36755951,37055951,0.185241699,0.88494873,-0.406188965,0.132324219,-0.04296875,0.015625,-0.2109375,-3.8671875,-6.3125,-5.8984375,-0.11328125,1.23242188,-0.701171875
3700,36759775,37059775,0.184692383,0.886413574,-0.405334473,0.125793457,-0.0859375,-0.21484375,-0.25390625,-3.6328125,-6.3515625,-6.0078125,-0.11328125,1.23242188,-0.701171875
3701,36775370,37075370,0.184143066,0.887817383,-0.404724121,0.118408203,-0.0859375,-0.21484375,-0.25390625,-3.6328125,-6.3515625,-6.0078125,0.064453125,1.26953125,-0.697265625
3702,36782252,37082252,0.183654785,0.889038086,-0.40423584,0.111572266,0.1328125,0.33203125,0.14453125,-3.390625,-6.3984375,-6.1015625,0.064453125,1.26953125,-0.697265625
3703,36795699,37095699,0.182861328,0.89050293,-0.403381348,0.103820801,0.1328125,0.33203125,0.14453125,-3.390625,-6.3984375,-6.1015625,-0.037109375,1.33398438,-0.7890625
3704,36804802,37104802,0.181945801,0.892089844,-0.40222168,0.0965576172,-0.00390625,0.5703125,0.1484375,-3.140625,-6.4453125,-6.1796875,-0.037109375,1.33398438,-0.7890625
3705,36817952,37117952,0.180603027,0.893920898,-0.400512695,0.089050293,-0.00390625,0.5703125,0.1484375,-3.140625,-6.4453125,-6.1796875,-0.259765625,1.25390625,-0.853515625
3706,36821545,37121545,0.179138184,0.895751953,-0.3984375,0.0822143555,-0.27734375,0.48828125,-0.2109375,-2.8671875,-6.4765625,-6.28125,-0.259765625,1.25390625,-0.853515625
3707,36834370,37134370,0.17767334,0.897583008,-0.396240234,0.0758056641,-0.27734375,0.48828125,-0.2109375,-2.8671875,-6.4765625,-6.28125,-0.35546875,1.16015625,-0.806640625
3708,36843684,37143684,0.176330566,0.899414062,-0.393981934,0.0692138672,0.23046875,-0.125,-0.34765625,-2.609375,-6.4765625,-6.375,-0.35546875,1.16015625,-0.806640625
3709,36857570,37157570,0.175354004,0.900817871,-0.392211914,0.0628051758,0.23046875,-0.125,-0.34765625,-2.609375,-6.4765625,-6.375,-0.13671875,1.16210938,-0.669921875
3710,36861184,37161184,0.174621582,0.901916504,-0.391052246,0.0560302734,0.32421875,-0.546875,-0.17578125,-2.359375,-6.4765625,-6.46875,-0.13671875,1.16210938,-0.669921875
3711,36874544,37174544,0.174133301,0.902648926,-0.39050293,0.0494995117,0.32421875,-0.546875,-0.17578125,-2.359375,-6.4765625,-6.46875,0.107421875,1.23632812,-0.669921875
3712,36883488,37183488,0.173400879,0.903320312,-0.390075684,0.042175293,0.28125,-0.2109375,0.4140625,-2.125,-6.5078125,-6.5234375,0.107421875,1.23632812,-0.669921875
3713,36895297,37195297,0.172424316,0.903991699,-0.389587402,0.0354003906,0.28125,-0.2109375,0.4140625,-2.125,-6.5078125,-6.5234375,0.044921875,1.16601562,-0.765625
3714,36898893,37198893,0.171081543,0.904846191,-0.38873291,0.0291137695,0.140625,0.01953125,0.109375,-1.8671875,-6.546875,-6.5625,0.044921875,1.16601562,-0.765625
3715,36913940,37213940,0.169433594,0.905883789,-0.387390137,0.0230712891,0.140625,0.01953125,0.109375,-1.8671875,-6.546875,-6.5625,-0.17578125,0.982421875,-0.806640625
3716,36923489,37223489,0.167602539,0.907104492,-0.385742188,0.0170898438,0.01953125,0.00390625,-0.265625,-1.6328125,-6.5703125,-6.609375,-0.17578125,0.982421875,-0.806640625
3717,36933461,37233461,0.165893555,0.90814209,-0.384216309,0.0115356445,0.01953125,0.00390625,-0.265625,-1.6328125,-6.5703125,-6.609375,-0.142578125,0.939453125,-0.748046875
3718,36939173,37239173,0.164428711,0.908935547,-0.383117676,0.00573730469,0.20703125,-0.1953125,0.0546875,-1.3984375,-6.5625,-6.6640625,-0.142578125,0.939453125,-0.748046875
3719,36953443,37253443,-0.163208008,-0.909484863,0.382324219,0.000427246094,0.20703125,-0.1953125,0.0546875,-1.3984375,-6.5625,-6.6640625,0.037109375,1.0234375,-0.67578125
3720,36962491,37262491,-0.162109375,-0.909912109,0.381713867,0.00622558594,0.203125,-0.29296875,0.1171875,-1.1640625,-6.578125,-6.6875,0.037109375,1.0234375,-0.67578125
3721,36973935,37273935,-0.160827637,-0.910400391,0.38104248,0.0121459961,0.203125,-0.29296875,0.1171875,-1.1640625,-6.578125,-6.6875,0.03125,0.962890625,-0.71484375
3722,36979661,37279661,-0.159240723,-0.910888672,0.380249023,0.0177001953,-0.015625,-0.4296875,0.02734375,-0.9453125,-6.59375,-6.7109375,0.03125,0.962890625,-0.71484375
3723,36993207,37293207,-0.157653809,-0.911437988,0.379394531,0.0227050781,-0.015625,-0.4296875,0.02734375,-0.9453125,-6.59375,-6.7109375,-0.03515625,0.853515625,-0.734375
3724,37002116,37302116,-0.155883789,-0.91204834,0.378234863,0.0280761719,0.1484375,0.45703125,0.1796875,-0.7265625,-6.6015625,-6.7109375,-0.03515625,0.853515625,-0.734375
3725,37013630,37313630,-0.15435791,-0.912719727,0.37689209,0.0330200195,0.1484375,0.45703125,0.1796875,-0.7265625,-6.6015625,-6.7109375,-0.1875,0.806640625,-0.650390625
3726,37019353,37319353,-0.153015137,-0.913452148,0.375244141,0.0375366211,0.359375,0.49609375,0.2109375,-0.515625,-6.6015625,-6.7421875,-0.1875,0.806640625,-0.650390625
3727,37031507,37331507,-0.151733398,-0.914123535,0.373596191,0.041809082,0.359375,0.49609375,0.2109375,-0.515625,-6.6015625,-6.7421875,-0.208984375,0.701171875,-0.5703125
3728,37046098,37346098,-0.15045166,-0.914794922,0.372009277,0.0458984375,0.1796875,-0.30078125,-0.41015625,-0.3359375,-6.5703125,-6.7734375,-0.208984375,0.701171875,-0.5703125
3729,37054540,37354540,-0.149169922,-0.915405273,0.370544434,0.0496826172,0.1796875,-0.30078125,-0.41015625,-0.3359375,-6.5703125,-6.7734375,-0.173828125,0.634765625,-0.55859375
3730,37058134,37358134,-0.147949219,-0.915893555,0.36932373,0.053527832,0.09375,-0.36328125,-0.4140625,-0.171875,-6.546875,-6.8046875,-0.173828125,0.634765625,-0.55859375
3731,37071335,37371335,-0.146728516,-0.916259766,0.368286133,0.0578613281,0.09375,-0.36328125,-0.4140625,-0.171875,-6.546875,-6.8046875,-0.046875,0.716796875,-0.533203125
3732,37080090,37380090,-0.145629883,-0.916442871,0.367492676,0.0620727539,0.04296875,-0.67578125,-0.4375,-0.0078125,-6.5390625,-6.8203125,-0.046875,0.716796875,-0.533203125
3733,37092810,37392810,-0.14465332,-0.916564941,0.366882324,0.0664672852,0.04296875,-0.67578125,-0.4375,-0.0078125,-6.5390625,-6.8203125,0.044921875,0.7265625,-0.501953125
3734,37098537,37398537,-0.143615723,-0.916564941,0.366455078,0.0706787109,-0.20703125,-0.71484375,-0.40625,0.1640625,-6.5390625,-6.8125,0.044921875,0.7265625,-0.501953125
3735,37113460,37413460,-0.14251709,-0.916564941,0.366027832,0.0747070312,-0.20703125,-0.71484375,-0.40625,0.1640625,-6.5390625,-6.8125,0.05078125,0.65234375,-0.5078125
3736,37124993,37424993,-0.141357422,-0.916625977,0.365600586,0.0784912109,-0.28515625,-0.4453125,-0.4140625,0.3203125,-6.5390625,-6.8046875,0.05078125,0.65234375,-0.5078125
3737,37135112,37435112,-0.139953613,-0.916748047,0.364929199,0.0825805664,-0.28515625,-0.4453125,-0.4140625,0.3203125,-6.5390625,-6.8046875,-0.0078125,0.646484375,-0.56640625
3738,37138723,37438723,-0.138549805,-0.916931152,0.364135742,0.0864257812,-0.09765625,0.08984375,0.11328125,0.4765625,-6.5390625,-6.796875,-0.0078125,0.646484375,-0.56640625
3739,37154438,37454438,-0.136901855,-0.917236328,0.363037109,0.0903930664,-0.09765625,0.08984375,0.11328125,0.4765625,-6.5390625,-6.796875,-0.107421875,0.59375,-0.59375
3740,37160606,37460606,-0.135375977,-0.917602539,0.361816406,0.0938720703,0.09375,0.34375,0.2265625,0.6328125,-6.5234375,-6.796875,-0.107421875,0.59375,-0.59375
3741,37173167,37473167,-0.133728027,-0.918029785,0.360229492,0.0975341797,0.09375,0.34375,0.2265625,0.6328125,-6.5234375,-6.796875,-0.181640625,0.541015625,-0.560546875
3742,37178202,37478202,-0.132385254,-0.918395996,0.359069824,0.100646973,0.203125,0.2421875,0.2421875,0.7890625,-6.5,-6.8125,-0.181640625,0.541015625,-0.560546875
3743,37192892,37492892,-0.131103516,-0.918518066,0.358215332,0.103759766,0.203125,0.2421875,0.2421875,0.7890625,-6.5,-6.8125,-0.009765625,0.4765625,-0.41796875
3744,37204020,37504020,-0.130065918,-0.918518066,0.357788086,0.106689453,0.1875,-0.43359375,0.55078125,0.921875,-6.4765625,-6.8125,-0.009765625,0.4765625,-0.41796875
3745,37213665,37513665,-0.129272461,-0.918334961,0.357727051,0.109191895,0.1875,-0.43359375,0.55078125,0.921875,-6.4765625,-6.8125,0.126953125,0.408203125,-0.3359375
3746,37217395,37517395,-0.128356934,-0.91809082,0.357971191,0.111572266,0.0390625,-0.546875,0.2265625,1.03125,-6.4765625,-6.796875,0.126953125,0.408203125,-0.3359375
3747,37230661,37530661,-0.127380371,-0.917907715,0.358276367,0.113525391,0.0390625,-0.546875,0.2265625,1.03125,-6.4765625,-6.796875,0.13671875,0.251953125,-0.294921875
3748,37241356,37541356,-0.126403809,-0.917724609,0.358520508,0.11517334,-0.015625,-0.15625,-0.0625,1.125,-6.484375,-6.7734375,0.13671875,0.251953125,-0.294921875
3749,37252625,37552625,-0.125488281,-0.917602539,0.358642578,0.116699219,-0.015625,-0.15625,-0.0625,1.125,-6.484375,-6.7734375,0.060546875,0.193359375,-0.25
3750,37257652,37557652,-0.124694824,-0.917602539,0.358520508,0.118103027,0.07421875,0.00390625,-0.625,1.1875,-6.4921875,-6.75,0.060546875,0.193359375,-0.25
3751,37272694,37572694,-0.124084473,-0.917602539,0.358276367,0.119445801,0.07421875,0.00390625,-0.625,1.1875,-6.4921875,-6.75,-0.0234375,0.216796875,-0.21484375
3752,37283640,37583640,-0.123535156,-0.917663574,0.357849121,0.120666504,0.203125,0.15625,-0.25,1.25,-6.4921875,-6.7421875,-0.0234375,0.216796875,-0.21484375
3753,37293686,37593686,-0.123168945,-0.917724609,0.357421875,0.121826172,0.203125,0.15625,-0.25,1.25,-6.4921875,-6.7421875,-0.04296875,0.166015625,-0.15234375
3754,37297419,37597419,-0.122802734,-0.917785645,0.357116699,0.122680664,-0.11328125,-0.05078125,-0.28515625,1.296875,-6.4765625,-6.7421875,-0.04296875,0.166015625,-0.15234375
3755,37311702,37611702,-0.122436523,-0.91784668,0.356811523,0.123352051,-0.11328125,-0.05078125,-0.28515625,1.296875,-6.4765625,-6.7421875,-0.02734375,0.064453125,-0.095703125
3756,37318218,37618218,-0.122131348,-0.917907715,0.356628418,0.123718262,-0.2578125,-0.44140625,-0.2421875,1.328125,-6.46875,-6.75,-0.02734375,0.064453125,-0.095703125
3757,37331753,37631753,-0.121887207,-0.91796875,0.356567383,0.123901367,-0.2578125,-0.44140625,-0.2421875,1.328125,-6.46875,-6.75,0.009765625,0.001953125,-0.044921875
3758,37336792,37636792,-0.121704102,-0.91796875,0.356628418,0.123901367,-0.234375,-0.59375,-0.2421875,1.34375,-6.46875,-6.75,0.009765625,0.001953125,-0.044921875
3759,37352284,37652284,-0.121643066,-0.917907715,0.356811523,0.123657227,-0.234375,-0.59375,-0.2421875,1.34375,-6.46875,-6.75,0.025390625,-0.064453125,0.017578125
3760,37363670,37663670,-0.121643066,-0.917907715,0.356933594,0.123291016,-0.265625,-0.40234375,-0.32421875,1.3359375,-6.46875,-6.7421875,0.025390625,-0.064453125,0.017578125
3761,37373316,37673316,-0.121704102,-0.917907715,0.357177734,0.122680664,-0.265625,-0.40234375,-0.32421875,1.3359375,-6.46875,-6.7421875,0.017578125,-0.119140625,0.0859375
3762,37377043,37677043,-0.121948242,-0.917907715,0.35736084,0.121948242,-0.13671875,-0.28125,-0.2109375,1.3203125,-6.4765625,-6.7421875,0.017578125,-0.119140625,0.0859375
3763,37390442,37690442,-0.122314453,-0.917907715,0.357543945,0.120910645,-0.13671875,-0.28125,-0.2109375,1.3203125,-6.4765625,-6.7421875,0,-0.181640625,0.150390625
3764,37399942,37699942,-0.122680664,-0.91796875,0.357727051,0.119689941,-0.13671875,-0.30859375,-0.0859375,1.28125,-6.484375,-6.75,0,-0.181640625,0.150390625
3765,37412722,37712722,-0.12322998,-0.91796875,0.357971191,0.118164062,-0.13671875,-0.30859375,-0.0859375,1.28125,-6.484375,-6.75,-0.01171875,-0.283203125,0.23046875
3766,37416323,37716323,-0.123779297,-0.918029785,0.358276367,0.116394043,-0.1171875,-0.42578125,-0.04296875,1.2265625,-6.484375,-6.7578125,-0.01171875,-0.283203125,0.23046875
3767,37432585,37732585,-0.124450684,-0.918029785,0.358703613,0.114196777,-0.1171875,-0.42578125,-0.04296875,1.2265625,-6.484375,-6.7578125,0.00390625,-0.37890625,0.296875
3768,37443476,37743476,-0.12512207,-0.91809082,0.359130859,0.111938477,-0.0390625,-0.44921875,-0.109375,1.1484375,-6.5,-6.765625,0.00390625,-0.37890625,0.296875
3769,37454234,37754234,-0.125976562,-0.91809082,0.359619141,0.10925293,-0.0390625,-0.44921875,-0.109375,1.1484375,-6.5,-6.765625,-0.005859375,-0.44140625,0.357421875
3770,37459198,37759198,-0.12689209,-0.91809082,0.360046387,0.106506348,0.0546875,-0.2109375,-0.1796875,1.0546875,-6.5078125,-6.7734375,-0.005859375,-0.44140625,0.357421875
3771,37471061,37771061,-0.127929688,-0.918151855,0.360412598,0.103515625,0.0546875,-0.2109375,-0.1796875,1.0546875,-6.5078125,-6.7734375,-0.052734375,-0.482421875,0.427734375
3772,37478605,37778605,-0.129150391,-0.918212891,0.360656738,0.100402832,0.0546875,-0.09375,-0.0546875,0.9375,-6.5078125,-6.78125,-0.052734375,-0.482421875,0.427734375
3773,37491606,37791606,-0.130432129,-0.918273926,0.360961914,0.0972900391,0.0546875,-0.09375,-0.0546875,0.9375,-6.5078125,-6.78125,-0.0625,-0.544921875,0.509765625
3774,37498496,37798496,-0.131835938,-0.918334961,0.361328125,0.0936279297,-0.05078125,-0.25,-0.00390625,0.8125,-6.5078125,-6.796875,-0.0625,-0.544921875,0.509765625
3775,37515491,37815491,-0.133361816,-0.918334961,0.361755371,0.0895996094,-0.05078125,-0.25,-0.00390625,0.8125,-6.5078125,-6.796875,-0.06640625,-0.65234375,0.568359375
3776,37524208,37824208,-0.13482666,-0.918395996,0.362121582,0.0854492188,0.03125,-0.171875,-0.1328125,0.65625,-6.5078125,-6.8203125,-0.06640625,-0.65234375,0.568359375
3777,37530504,37830504,-0.136291504,-0.918395996,0.362426758,0.0812988281,0.03125,-0.171875,-0.1328125,0.65625,-6.5078125,-6.8203125,-0.080078125,-0.689453125,0.61328125
3778,37538404,37838404,-0.138000488,-0.918395996,0.362792969,0.0767822266,0.0859375,-0.171875,-0.078125,0.484375,-6.5078125,-6.8359375,-0.080078125,-0.689453125,0.61328125
3779,37551198,37851198,-0.139770508,-0.918334961,0.363220215,0.0723266602,0.0859375,-0.171875,-0.078125,0.484375,-6.5078125,-6.8359375,-0.0625,-0.712890625,0.673828125
3780,37557215,37857215,-0.141479492,-0.918212891,0.363708496,0.0678710938,0.07421875,-0.32421875,-0.1015625,0.3046875,-6.5078125,-6.8515625,-0.0625,-0.712890625,0.673828125
3781,37572370,37872370,-0.143493652,-0.918029785,0.364318848,0.0626220703,0.07421875,-0.32421875,-0.1015625,0.3046875,-6.5078125,-6.8515625,-0.048828125,-0.80078125,0.73046875
3782,37576117,37876117,-0.145324707,-0.91784668,0.364868164,0.0578613281,-0.03515625,-0.21875,-0.16796875,0.109375,-6.5,-6.859375,-0.048828125,-0.80078125,0.73046875
3783,37593664,37893664,-0.147460938,-0.917602539,0.365478516,0.0522460938,-0.03515625,-0.21875,-0.16796875,0.109375,-6.5,-6.859375,-0.06640625,-0.87109375,0.8046875
3784,37602710,37902710,-0.149597168,-0.917297363,0.366027832,0.0466918945,0.05859375,-0.21875,-0.19140625,-0.1015625,-6.5,-6.875,-0.06640625,-0.87109375,0.8046875
3785,37613052,37913052,-0.151794434,-0.916992188,0.366638184,0.0407714844,0.05859375,-0.21875,-0.19140625,-0.1015625,-6.5,-6.875,-0.052734375,-0.943359375,0.85546875
3786,37616811,37916811,-0.153930664,-0.916625977,0.36730957,0.0348510742,-0.08984375,-0.46484375,-0.22265625,-0.3359375,-6.484375,-6.8828125,-0.052734375,-0.943359375,0.85546875
3787,37630448,37930448,-0.156066895,-0.91619873,0.368103027,0.0281982422,-0.08984375,-0.46484375,-0.22265625,-0.3359375,-6.484375,-6.8828125,-0.048828125,-1.09375,0.880859375
3788,37636203,37936203,-0.158081055,-0.915710449,0.368896484,0.0213623047,-0.10546875,-0.515625,-0.30859375,-0.5859375,-6.46875,-6.875,-0.048828125,-1.09375,0.880859375
3789,37649760,37949760,-0.159973145,-0.915161133,0.369689941,0.0147705078,-0.10546875,-0.515625,-0.30859375,-0.5859375,-6.46875,-6.875,-0.046875,-1.15234375,0.90234375
3790,37655752,37955752,-0.16204834,-0.914611816,0.370422363,0.00744628906,-0.0703125,-0.1484375,-0.23828125,-0.8515625,-6.453125,-6.8671875,-0.046875,-1.15234375,0.90234375
3791,37673392,37973392,-0.164001465,-0.914001465,0.37109375,6.10351562e-05,-0.0703125,-0.1484375,-0.23828125,-0.8515625,-6.453125,-6.8671875,-0.078125,-1.24414062,0.9375
3792,37681764,37981764,0.16595459,0.913269043,-0.371887207,0.00744628906,-0.05078125,-0.2109375,-0.17578125,-1.140625,-6.4296875,-6.8515625,-0.078125,-1.24414062,0.9375
3793,37692516,37992516,0.167785645,0.912475586,-0.37286377,0.0147705078,-0.05078125,-0.2109375,-0.17578125,-1.140625,-6.4296875,-6.8515625,0.0390625,-1.31640625,0.951171875
3794,37696241,37996241,0.169616699,0.911437988,-0.374206543,0.022644043,-0.06640625,-0.46484375,-0.3984375,-1.4296875,-6.40625,-6.8203125,0.0390625,-1.31640625,0.951171875
3795,37712338,38012338,0.171386719,0.91027832,-0.375671387,0.0311279297,-0.06640625,-0.46484375,-0.3984375,-1.4296875,-6.40625,-6.8203125,0.083984375,-1.42773438,0.9375
3796,37716071,38016071,0.172851562,0.909057617,-0.37713623,0.0390625,-0.015625,-0.21875,-0.41796875,-1.75,-6.3828125,-6.765625,0.083984375,-1.42773438,0.9375
3797,37728670,38028670,0.174255371,0.907714844,-0.378723145,0.0477905273,-0.015625,-0.21875,-0.41796875,-1.75,-6.3828125,-6.765625,0.08203125,-1.51953125,0.921875
3798,37734654,38034654,0.175537109,0.90637207,-0.380126953,0.0565795898,-0.046875,0.0625,0.01953125,-2.0625,-6.359375,-6.703125,0.08203125,-1.51953125,0.921875
3799,37753221,38053221,0.176635742,0.904968262,-0.381530762,0.0657958984,-0.046875,0.0625,0.01953125,-2.0625,-6.359375,-6.703125,0.0546875,-1.69335938,0.935546875
3800,37761938,38061938,0.17755127,0.903381348,-0.383056641,0.0751342773,0.05859375,0,-0.2578125,-2.3984375,-6.3359375,-6.6171875,0.0546875,-1.69335938,0.935546875
3801,37772072,38072072,0.178283691,0.901611328,-0.384887695,0.0845947266,0.05859375,0,-0.2578125,-2.3984375,-6.3359375,-6.6171875,0.16796875,-1.82617188,0.927734375
3802,37775819,38075819,0.178955078,0.899658203,-0.386901855,0.0946044922,-0.1015625,0.046875,-0.46875,-2.734375,-6.3046875,-6.5234375,0.16796875,-1.82617188,0.927734375
3803,37791630,38091630,0.179504395,0.897460938,-0.388977051,0.105102539,-0.1015625,0.046875,-0.46875,-2.734375,-6.3046875,-6.5234375,0.169921875,-1.88867188,0.916015625
3804,37795367,38095367,0.179992676,0.895385742,-0.39074707,0.114868164,-0.00390625,0.3515625,-0.5234375,-3.1015625,-6.265625,-6.390625,0.169921875,-1.88867188,0.916015625
3805,37808675,38108675,0.180603027,0.893066406,-0.39263916,0.12512207,-0.00390625,0.3515625,-0.5234375,-3.1015625,-6.265625,-6.390625,0.16796875,-1.81445312,0.9140625
3806,37815461,38115461,0.181274414,0.89074707,-0.394470215,0.13458252,0.1953125,0.046875,-0.39453125,-3.453125,-6.2265625,-6.25,0.16796875,-1.81445312,0.9140625
3807,37831150,38131150,0.182006836,0.888244629,-0.396484375,0.143859863,0.1953125,0.046875,-0.39453125,-3.453125,-6.2265625,-6.25,0.255859375,-1.703125,0.89453125
3808,37844310,38144310,0.182739258,0.885803223,-0.3984375,0.15246582,0.21484375,-0.30078125,-0.27734375,-3.78125,-6.1875,-6.1015625,0.255859375,-1.703125,0.89453125
3809,37849917,38149917,0.18347168,0.883117676,-0.40057373,0.161132812,0.21484375,-0.30078125,-0.27734375,-3.78125,-6.1875,-6.1015625,0.3046875,-1.63085938,0.8515625
3810,37853653,38153653,0.184143066,0.880432129,-0.402709961,0.16973877,0.0546875,-0.0234375,-0.05859375,-4.078125,-6.15625,-5.9375,0.3046875,-1.63085938,0.8515625
3811,37871303,38171303,0.184692383,0.877624512,-0.404785156,0.178405762,0.0546875,-0.0234375,-0.05859375,-4.078125,-6.15625,-5.9375,0.2734375,-1.59179688,0.7734375
3812,37874912,38174912,0.184997559,0.875061035,-0.406616211,0.186157227,0.12890625,0.25,-0.0390625,-4.3828125,-6.125,-5.765625,0.2734375,-1.59179688,0.7734375
3813,37889743,38189743,0.185241699,0.872436523,-0.408447266,0.194335938,0.12890625,0.25,-0.0390625,-4.3828125,-6.125,-5.765625,0.2109375,-1.46875,0.68359375
3814,37893346,38193346,0.185424805,0.870056152,-0.409912109,0.201477051,0.35546875,0.48046875,0.10546875,-4.6484375,-6.0859375,-5.6015625,0.2109375,-1.46875,0.68359375
3815,37910057,38210057,0.185546875,0.867614746,-0.411315918,0.20880127,0.35546875,0.48046875,0.10546875,-4.6484375,-6.0859375,-5.6015625,0.158203125,-1.328125,0.62109375
3816,37922492,38222492,0.185668945,0.865478516,-0.412536621,0.215270996,0.3515625,0.36328125,0.140625,-4.875,-6.046875,-5.4453125,0.158203125,-1.328125,0.62109375
3817,37928004,38228004,0.185852051,0.86328125,-0.413696289,0.221496582,0.3515625,0.36328125,0.140625,-4.875,-6.046875,-5.4453125,0.16015625,-1.18554688,0.56640625
3818,37936476,38236476,0.186035156,0.861083984,-0.414916992,0.227600098,0.36328125,0.36328125,0.15234375,-5.078125,-6.0078125,-5.3046875,0.16015625,-1.18554688,0.56640625
3819,37951542,38251542,0.186218262,0.859069824,-0.416015625,0.233032227,0.36328125,0.36328125,0.15234375,-5.078125,-6.0078125,-5.3046875,0.162109375,-0.96875,0.482421875
3820,37956001,38256001,0.186462402,0.857299805,-0.416931152,0.237609863,0.54296875,0.4375,0.328125,-5.2578125,-5.96875,-5.171875,0.162109375,-0.96875,0.482421875
3821,37969292,38269292,0.186767578,0.85559082,-0.417724609,0.241943359,0.54296875,0.4375,0.328125,-5.2578125,-5.96875,-5.171875,0.126953125,-0.751953125,0.40625
3822,37974087,38274087,0.187072754,0.854187012,-0.418457031,0.245422363,0.4921875,0.29296875,0.4453125,-5.3984375,-5.9375,-5.0625,0.126953125,-0.751953125,0.40625
3823,37990129,38290129,0.187438965,0.852783203,-0.419189453,0.248718262,0.4921875,0.29296875,0.4453125,-5.3984375,-5.9375,-5.0625,0.14453125,-0.546875,0.3125
3824,37999269,38299269,0.187805176,0.851623535,-0.419921875,0.251220703,0.5234375,0.22265625,0.58984375,-5.5078125,-5.90625,-4.9765625,0.14453125,-0.546875,0.3125
3825,38009361,38309361,0.188110352,0.850585938,-0.420593262,0.253295898,0.5234375,0.22265625,0.58984375,-5.5078125,-5.90625,-4.9765625,0.134765625,-0.3671875,0.21875
3826,38012957,38312957,0.188476562,0.849731445,-0.421203613,0.254943848,0.6796875,0.4375,0.55859375,-5.5859375,-5.890625,-4.90625,0.134765625,-0.3671875,0.21875
3827,38031770,38331770,0.188781738,0.849060059,-0.421630859,0.256164551,0.6796875,0.4375,0.55859375,-5.5859375,-5.890625,-4.90625,0.07421875,-0.171875,0.126953125
3828,38035923,38335923,0.189025879,0.848754883,-0.421813965,0.256835938,0.7265625,0.8515625,0.59765625,-5.6328125,-5.8828125,-4.8671875,0.07421875,-0.171875,0.126953125
3829,38050023,38350023,0.189147949,0.848693848,-0.421813965,0.256896973,0.7265625,0.8515625,0.59765625,-5.6328125,-5.8828125,-4.8671875,-0.02734375,0.046875,0.00390625
3830,38053755,38353755,0.189147949,0.848937988,-0.421569824,0.256530762,0.50390625,0.69921875,0.51171875,-5.640625,-5.8828125,-4.859375,-0.02734375,0.046875,0.00390625
3831,38070675,38370675,0.189147949,0.849365234,-0.421264648,0.255615234,0.50390625,0.69921875,0.51171875,-5.640625,-5.8828125,-4.859375,-0.05078125,0.228515625,-0.103515625
3832,38080256,38380256,0.189147949,0.849914551,-0.421020508,0.254272461,0.48828125,0.16015625,0.48828125,-5.625,-5.8828125,-4.875,-0.05078125,0.228515625,-0.103515625
3833,38090273,38390273,0.189331055,0.850524902,-0.420898438,0.252319336,0.48828125,0.16015625,0.48828125,-5.625,-5.8828125,-4.875,0.0234375,0.40234375,-0.15625
3834,38094011,38394011,0.18951416,0.851135254,-0.420837402,0.25012207,0.48046875,0.015625,0.52734375,-5.578125,-5.890625,-4.9140625,0.0234375,0.40234375,-0.15625
3835,38108410,38408410,0.189819336,0.851867676,-0.420898438,0.247253418,0.48046875,0.015625,0.52734375,-5.578125,-5.890625,-4.9140625,0.0703125,0.59375,-0.24609375
3836,38113599,38413599,0.190063477,0.852783203,-0.420898438,0.243896484,0.40234375,0.34375,0.3515625,-5.5,-5.9140625,-4.96875,0.0703125,0.59375,-0.24609375
3837,38127935,38427935,0.190185547,0.854003906,-0.420715332,0.239868164,0.40234375,0.34375,0.3515625,-5.5,-5.9140625,-4.96875,0.0078125,0.76953125,-0.361328125
3838,38133912,38433912,0.190185547,0.855407715,-0.420288086,0.235534668,0.22265625,0.69140625,0.23046875,-5.3984375,-5.953125,-5.0390625,0.0078125,0.76953125,-0.361328125
3839,38151219,38451219,0.190063477,0.856933594,-0.419555664,0.231323242,0.22265625,0.69140625,0.23046875,-5.3984375,-5.953125,-5.0390625,-0.12890625,0.8984375,-0.451171875
3840,38159645,38459645,0.189880371,0.858764648,-0.418579102,0.226318359,0.12890625,0.4140625,0.1640625,-5.265625,-5.984375,-5.125,-0.12890625,0.8984375,-0.451171875
3841,38169977,38469977,0.189758301,0.860656738,-0.417480469,0.221252441,0.12890625,0.4140625,0.1640625,-5.265625,-5.984375,-5.125,-0.158203125,1.02929688,-0.48046875
3842,38173715,38473715,0.189697266,0.862548828,-0.416442871,0.215942383,0.05078125,0.0703125,0.015625,-5.109375,-6.0234375,-5.2421875,-0.158203125,1.02929688,-0.48046875
3843,38191798,38491798,0.189758301,0.864501953,-0.415405273,0.209899902,0.05078125,0.0703125,0.015625,-5.109375,-6.0234375,-5.2421875,-0.095703125,1.13867188,-0.50390625
3844,38193291,38493291,0.189819336,0.866333008,-0.414489746,0.203979492,-0.015625,-0.08203125,0.0234375,-4.9296875,-6.0625,-5.3671875,-0.095703125,1.13867188,-0.50390625
3845,38207177,38507177,0.189880371,0.868164062,-0.413635254,0.197875977,-0.015625,-0.08203125,0.0234375,-4.9296875,-6.0625,-5.3671875,-0.064453125,1.24609375,-0.564453125
3846,38213161,38513161,0.189941406,0.870117188,-0.412658691,0.191101074,-0.125,0.07421875,0.0625,-4.7421875,-6.1015625,-5.484375,-0.064453125,1.24609375,-0.564453125
3847,38230398,38530398,0.189880371,0.872131348,-0.411560059,0.184143066,-0.125,0.07421875,0.0625,-4.7421875,-6.1015625,-5.484375,-0.11328125,1.31835938,-0.619140625
3848,38239345,38539345,0.189758301,0.874328613,-0.41027832,0.176879883,-0.09375,0.11328125,0.01171875,-4.5078125,-6.140625,-5.625,-0.11328125,1.31835938,-0.619140625
3849,38249738,38549738,0.18951416,0.876403809,-0.408752441,0.169921875,-0.09375,0.11328125,0.01171875,-4.5078125,-6.140625,-5.625,-0.20703125,1.38867188,-0.677734375
3850,38254219,38554219,0.189208984,0.878601074,-0.407104492,0.162841797,-0.13671875,0.19140625,-0.12109375,-4.2734375,-6.1796875,-5.7578125,-0.20703125,1.38867188,-0.677734375
3851,38269646,38569646,0.188842773,0.880981445,-0.405151367,0.155090332,-0.13671875,0.19140625,-0.12109375,-4.2734375,-6.1796875,-5.7578125,-0.25390625,1.45703125,-0.69140625
3852,38273368,38573368,0.188598633,0.883178711,-0.403259277,0.147827148,-0.0390625,-0.0859375,-0.32421875,-4.0234375,-6.2109375,-5.8984375,-0.25390625,1.45703125,-0.69140625
3853,38285957,38585957,0.188415527,0.885375977,-0.401306152,0.139648438,-0.0390625,-0.0859375,-0.32421875,-4.0234375,-6.2109375,-5.8984375,-0.1875,1.52148438,-0.68359375
3854,38291930,38591930,0.188354492,0.887390137,-0.399719238,0.131530762,-0.14453125,-0.29296875,-0.33203125,-3.765625,-6.234375,-6.046875,-0.1875,1.52148438,-0.68359375
3855,38309709,38609709,0.188354492,0.889160156,-0.398376465,0.123352051,-0.14453125,-0.29296875,-0.33203125,-3.765625,-6.234375,-6.046875,-0.046875,1.5625,-0.708984375
3856,38317990,38617990,0.188232422,0.890808105,-0.397216797,0.115234375,-0.11328125,0.09375,-0.28125,-3.4921875,-6.2734375,-6.171875,-0.046875,1.5625,-0.708984375
3857,38328621,38628621,0.187927246,0.89239502,-0.396057129,0.107055664,-0.11328125,0.09375,-0.28125,-3.4921875,-6.2734375,-6.171875,-0.03515625,1.55078125,-0.7578125
3858,38332339,38632339,0.1875,0.894042969,-0.394714355,0.0987548828,-0.171875,0.359375,-0.1796875,-3.203125,-6.3125,-6.2734375,-0.03515625,1.55078125,-0.7578125
3859,38349479,38649479,0.186767578,0.895812988,-0.393066406,0.0903930664,-0.171875,0.359375,-0.1796875,-3.203125,-6.3125,-6.2734375,-0.162109375,1.515625,-0.84375
3860,38353820,38653820,0.18572998,0.897583008,-0.391235352,0.08203125,-0.26953125,0.32421875,-0.0703125,-2.9140625,-6.3515625,-6.3828125,-0.162109375,1.515625,-0.84375
3861,38366712,38666712,0.184448242,0.899414062,-0.389343262,0.0736083984,-0.26953125,0.32421875,-0.0703125,-2.9140625,-6.3515625,-6.3828125,-0.177734375,1.44726562,-0.923828125
3862,38371500,38671500,0.182983398,0.901000977,-0.387756348,0.0658569336,-0.3515625,0.1171875,-0.19140625,-2.6015625,-6.375,-6.4921875,-0.177734375,1.44726562,-0.923828125
3863,38387328,38687328,0.181274414,0.902648926,-0.386108398,0.0575561523,-0.3515625,0.1171875,-0.19140625,-2.6015625,-6.375,-6.4921875,-0.126953125,1.34375,-0.939453125
3864,38395479,38695479,0.1796875,0.903991699,-0.384643555,0.0502929688,0.1484375,0.4453125,-0.03125,-2.296875,-6.3984375,-6.578125,-0.126953125,1.34375,-0.939453125
3865,38406748,38706748,0.178039551,0.905395508,-0.383117676,0.0427246094,0.1484375,0.4453125,-0.03125,-2.296875,-6.3984375,-6.578125,-0.1171875,1.26171875,-0.85546875
3866,38411527,38711527,0.176635742,0.906494141,-0.381774902,0.0357666016,0.2890625,0.203125,0.078125,-2.015625,-6.421875,-6.6484375,-0.1171875,1.26171875,-0.85546875
3867,38427921,38727921,0.175170898,0.907592773,-0.380493164,0.0284423828,0.2890625,0.203125,0.078125,-2.015625,-6.421875,-6.6484375,-0.033203125,1.18359375,-0.814453125
3868,38431534,38731534,0.173706055,0.908447266,-0.379577637,0.0219726562,0.24609375,-0.1640625,0.2109375,-1.7421875,-6.4375,-6.703125,-0.033203125,1.18359375,-0.814453125
3869,38446373,38746373,0.172058105,0.909240723,-0.378662109,0.0153808594,0.24609375,-0.1640625,0.2109375,-1.7421875,-6.4375,-6.703125,-0.02734375,1.0234375,-0.802734375
3870,38451161,38751161,0.170410156,0.91003418,-0.377807617,0.00952148438,0.0703125,-0.05859375,0.171875,-1.4921875,-6.46875,-6.7421875,-0.02734375,1.0234375,-0.802734375
3871,38466325,38766325,0.168640137,0.910827637,-0.376708984,0.00317382812,0.0703125,-0.05859375,0.171875,-1.4921875,-6.46875,-6.7421875,-0.060546875,0.994140625,-0.7734375
3872,38474485,38774485,-0.167053223,-0.911621094,0.375549316,0.00219726562,0.40234375,0.07421875,0.39453125,-1.25,-6.484375,-6.7734375,-0.060546875,0.994140625,-0.7734375
3873,38486214,38786214,-0.165222168,-0.912475586,0.374206543,0.0078125,0.40234375,0.07421875,0.39453125,-1.25,-6.484375,-6.7734375,-0.109375,0.857421875,-0.73828125
3874,38490992,38790992,-0.163574219,-0.913085938,0.37322998,0.0130004883,0.140625,-0.2734375,-0.140625,-1.0234375,-6.484375,-6.8125,-0.109375,0.857421875,-0.73828125
3875,38508054,38808054,-0.161804199,-0.913635254,0.372497559,0.0191040039,0.140625,-0.2734375,-0.140625,-1.0234375,-6.484375,-6.8125,0.029296875,0.955078125,-0.74609375
3876,38511798,38811798,-0.160339355,-0.9140625,0.371704102,0.0244140625,0.49609375,0.2421875,0.25,-0.8046875,-6.5,-6.8203125,0.029296875,0.955078125,-0.74609375
3877,38524823,38824823,-0.158691406,-0.914611816,0.370605469,0.0300292969,0.49609375,0.2421875,0.25,-0.8046875,-6.5,-6.8203125,-0.083984375,0.87890625,-0.708984375
3878,38531711,38831711,-0.157043457,-0.915283203,0.369262695,0.03515625,0.3515625,0.1640625,0.03515625,-0.5859375,-6.5,-6.8359375,-0.083984375,0.87890625,-0.708984375
3879,38545946,38845946,-0.155456543,-0.916015625,0.367675781,0.0399169922,0.3515625,0.1640625,0.03515625,-0.5859375,-6.5,-6.8359375,-0.189453125,0.798828125,-0.66015625
3880,38555356,38855356,-0.15411377,-0.916625977,0.366149902,0.0443725586,0.265625,-0.00390625,-0.19921875,-0.3828125,-6.484375,-6.8671875,-0.189453125,0.798828125,-0.66015625
3881,38564855,38864855,-0.152770996,-0.917236328,0.364685059,0.0491333008,0.265625,-0.00390625,-0.19921875,-0.3828125,-6.484375,-6.8671875,-0.138671875,0.775390625,-0.587890625
3882,38572446,38872446,-0.151550293,-0.917602539,0.363464355,0.0537109375,-0.11328125,-0.5234375,-0.484375,-0.1953125,-6.4609375,-6.890625,-0.138671875,0.775390625,-0.587890625
3883,38585522,38885522,-0.15032959,-0.917907715,0.362609863,0.0584106445,-0.11328125,-0.5234375,-0.484375,-0.1953125,-6.4609375,-6.890625,0.0078125,0.8125,-0.583984375
3884,38593923,38893923,-0.149047852,-0.918029785,0.361816406,0.0634155273,-0.0703125,-0.45703125,-0.0546875,-0.0078125,-6.453125,-6.8984375,0.0078125,0.8125,-0.583984375
3885,38605640,38905640,-0.147827148,-0.918273926,0.360961914,0.0680541992,-0.0703125,-0.45703125,-0.0546875,-0.0078125,-6.453125,-6.8984375,-0.05078125,0.79296875,-0.60546875
3886,38610681,38910681,-0.146484375,-0.918579102,0.359802246,0.0723266602,-0.03125,0.30859375,0.2890625,0.1796875,-6.453125,-6.8984375,-0.05078125,0.79296875,-0.60546875
3887,38625196,38925196,-0.145019531,-0.919128418,0.358154297,0.0765991211,-0.03125,0.30859375,0.2890625,0.1796875,-6.453125,-6.8984375,-0.23828125,0.642578125,-0.568359375
3888,38633604,38933604,-0.143737793,-0.91973877,0.356323242,0.0802001953,0.02734375,0.44140625,0.23046875,0.3515625,-6.4296875,-6.9140625,-0.23828125,0.642578125,-0.568359375
3889,38644786,38944786,-0.14263916,-0.920288086,0.354553223,0.0833740234,0.02734375,0.44140625,0.23046875,0.3515625,-6.4296875,-6.9140625,-0.234375,0.53515625,-0.4375
3890,38652525,38952525,-0.141784668,-0.920715332,0.353210449,0.0863647461,0.0703125,-0.40234375,-0.0546875,0.5,-6.390625,-6.9375,-0.234375,0.53515625,-0.4375
3891,38665438,38965438,-0.141052246,-0.920837402,0.352416992,0.0892944336,0.0703125,-0.40234375,-0.0546875,0.5,-6.390625,-6.9375,-0.00390625,0.484375,-0.34375
3892,38671948,38971948,-0.140319824,-0.920837402,0.352050781,0.0920410156,-0.0859375,-1,-0.3125,0.6171875,-6.3671875,-6.9453125,-0.00390625,0.484375,-0.34375
3893,38684550,38984550,-0.139526367,-0.920715332,0.351867676,0.094909668,-0.0859375,-1,-0.3125,0.6171875,-6.3671875,-6.9453125,0.078125,0.482421875,-0.3515625
3894,38689573,38989573,-0.138671875,-0.920593262,0.35168457,0.0979003906,-0.0859375,-0.41796875,-0.16796875,0.734375,-6.375,-6.9375,0.078125,0.482421875,-0.3515625
3895,38704956,39004956,-0.137939453,-0.920593262,0.351318359,0.100402832,-0.0859375,-0.41796875,-0.16796875,0.734375,-6.375,-6.9375,0.00390625,0.421875,-0.33984375
3896,38714365,39014365,-0.137145996,-0.920654297,0.350769043,0.102844238,-0.109375,-0.15234375,-0.22265625,0.8359375,-6.375,-6.921875,0.00390625,0.421875,-0.33984375
3897,38725286,39025286,-0.136413574,-0.920776367,0.350036621,0.105102539,-0.109375,-0.15234375,-0.22265625,0.8359375,-6.375,-6.921875,-0.07421875,0.359375,-0.271484375
3898,38729019,39029019,-0.135925293,-0.920898438,0.34942627,0.106933594,-0.01171875,-0.20703125,-0.0703125,0.9296875,-6.359375,-6.921875,-0.07421875,0.359375,-0.271484375
3899,38744553,39044553,-0.135375977,-0.920959473,0.348754883,0.108703613,-0.01171875,-0.20703125,-0.0703125,0.9296875,-6.359375,-6.921875,-0.05859375,0.25390625,-0.208984375
3900,38750537,39050537,-0.13494873,-0.921081543,0.348266602,0.110046387,-0.08984375,-0.328125,-0.22265625,1.0078125,-6.3515625,-6.921875,-0.05859375,0.25390625,-0.208984375
3901,38766605,39066605,-0.13458252,-0.921142578,0.347900391,0.11126709,-0.08984375,-0.328125,-0.22265625,1.0078125,-6.3515625,-6.921875,-0.021484375,0.193359375,-0.140625
3902,38770356,39070356,-0.134277344,-0.921142578,0.347717285,0.112304688,-0.03125,-0.45703125,-0.48828125,1.0625,-6.3359375,-6.921875,-0.021484375,0.193359375,-0.140625
3903,38787413,39087413,-0.134033203,-0.921081543,0.347595215,0.113464355,-0.03125,-0.45703125,-0.48828125,1.0625,-6.3359375,-6.921875,0.02734375,0.19140625,-0.1171875
3904,38796485,39096485,-0.133850098,-0.920959473,0.34753418,0.114562988,0.03515625,-0.3828125,-0.375,1.109375,-6.3359375,-6.921875,0.02734375,0.19140625,-0.1171875
3905,38807042,39107042,-0.133850098,-0.920837402,0.347473145,0.115661621,0.03515625,-0.3828125,-0.375,1.109375,-6.3359375,-6.921875,0.01953125,0.1953125,-0.0703125
3906,38811287,39111287,-0.133850098,-0.920776367,0.347351074,0.116516113,-0.0390625,-0.11328125,0.15234375,1.1484375,-6.3359375,-6.9140625,0.01953125,0.1953125,-0.0703125
3907,38823133,39123133,-0.133911133,-0.920837402,0.347106934,0.117004395,-0.0390625,-0.11328125,0.15234375,1.1484375,-6.3359375,-6.9140625,-0.06640625,0.05859375,-0.005859375
3908,38830044,39130044,-0.134094238,-0.920959473,0.346679688,0.11706543,-0.1015625,0.078125,0.18359375,1.171875,-6.3359375,-6.90625,-0.06640625,0.05859375,-0.005859375
3909,38843194,39143194,-0.134277344,-0.921081543,0.346374512,0.116821289,-0.1015625,0.078125,0.18359375,1.171875,-6.3359375,-6.90625,-0.076171875,-0.048828125,0.056640625
3910,38848944,39148944,-0.134460449,-0.921142578,0.346191406,0.116394043,0.05859375,-0.23828125,-0.26171875,1.1640625,-6.328125,-6.921875,-0.076171875,-0.048828125,0.056640625
3911,38862836,39162836,-0.134765625,-0.921142578,0.346252441,0.115905762,0.05859375,-0.23828125,-0.26171875,1.1640625,-6.328125,-6.921875,0.00390625,-0.087890625,0.107421875
3912,38872219,39172219,-0.135131836,-0.921142578,0.346435547,0.11517334,0.03515625,-0.16796875,0.015625,1.1484375,-6.3203125,-6.9296875,0.00390625,-0.087890625,0.107421875
3913,38882801,39182801,-0.135559082,-0.921081543,0.346740723,0.114257812,0.03515625,-0.16796875,0.015625,1.1484375,-6.3203125,-6.9296875,0.0234375,-0.173828125,0.1640625
3914,38888538,39188538,-0.136047363,-0.921020508,0.346984863,0.113037109,-0.15625,-0.16015625,-0.0625,1.109375,-6.328125,-6.9296875,0.0234375,-0.173828125,0.1640625
3915,38904048,39204048,-0.136535645,-0.921081543,0.347229004,0.11151123,-0.15625,-0.16015625,-0.0625,1.109375,-6.328125,-6.9296875,-0.033203125,-0.28125,0.228515625
3916,38911325,39211325,-0.137145996,-0.921142578,0.347351074,0.109741211,-0.13671875,-0.04296875,-0.09765625,1.0546875,-6.328125,-6.9296875,-0.033203125,-0.28125,0.228515625
3917,38922632,39222632,-0.137878418,-0.921264648,0.347473145,0.107543945,-0.13671875,-0.04296875,-0.09765625,1.0546875,-6.328125,-6.9296875,-0.064453125,-0.36328125,0.29296875
3918,38928596,39228596,-0.138671875,-0.921325684,0.34753418,0.105285645,-0.0234375,-0.08203125,-0.19921875,0.9765625,-6.328125,-6.9453125,-0.064453125,-0.36328125,0.29296875
3919,38941706,39241706,-0.139587402,-0.921447754,0.34765625,0.102844238,-0.0234375,-0.08203125,-0.19921875,0.9765625,-6.328125,-6.9453125,-0.06640625,-0.388671875,0.341796875
3920,38953750,39253750,-0.14050293,-0.921508789,0.347839355,0.100402832,-0.00390625,-0.12890625,-0.06640625,0.8828125,-6.3203125,-6.9609375,-0.06640625,-0.388671875,0.341796875
3921,38961766,39261766,-0.141540527,-0.921508789,0.348205566,0.0977783203,-0.00390625,-0.12890625,-0.06640625,0.8828125,-6.3203125,-6.9609375,-0.02734375,-0.4609375,0.3984375
3922,38969116,39269116,-0.14263916,-0.921508789,0.348571777,0.0947265625,-0.0546875,-0.08203125,0.140625,0.78125,-6.328125,-6.9765625,-0.02734375,-0.4609375,0.3984375
3923,38983690,39283690,-0.143737793,-0.921569824,0.348937988,0.0913696289,-0.0546875,-0.08203125,0.140625,0.78125,-6.328125,-6.9765625,-0.0703125,-0.572265625,0.455078125
3924,38988727,39288727,-0.144897461,-0.921630859,0.349182129,0.0879516602,0.03125,0.21484375,0,0.65625,-6.3203125,-6.9921875,-0.0703125,-0.572265625,0.455078125
3925,39003960,39303960,-0.14630127,-0.921630859,0.349487305,0.0838623047,0.03125,0.21484375,0,0.65625,-6.3203125,-6.9921875,-0.09765625,-0.658203125,0.556640625
3926,39007724,39307724,-0.147766113,-0.921691895,0.349731445,0.0798339844,-0.04296875,-0.08203125,-0.13671875,0.5,-6.328125,-7.0078125,-0.09765625,-0.658203125,0.556640625
3927,39023335,39323335,-0.149414062,-0.921691895,0.350097656,0.0751342773,-0.04296875,-0.08203125,-0.13671875,0.5,-6.328125,-7.0078125,-0.103515625,-0.763671875,0.6328125
3928,39032255,39332255,-0.151000977,-0.921630859,0.350402832,0.0704345703,-0.1015625,-0.24609375,-0.234375,0.328125,-6.3203125,-7.0234375,-0.103515625,-0.763671875,0.6328125
3929,39043148,39343148,-0.152832031,-0.921630859,0.350769043,0.0651855469,-0.1015625,-0.24609375,-0.234375,0.328125,-6.3203125,-7.0234375,-0.107421875,-0.83984375,0.69921875
3930,39047927,39347927,-0.154663086,-0.921508789,0.351196289,0.0598144531,-0.17578125,-0.56640625,-0.52734375,0.1328125,-6.3046875,-7.0390625,-0.107421875,-0.83984375,0.69921875
3931,39062094,39362094,-0.156555176,-0.921325684,0.351623535,0.0546264648,-0.17578125,-0.56640625,-0.52734375,0.1328125,-6.3046875,-7.0390625,-0.08984375,-0.859375,0.744140625
3932,39068295,39368295,-0.15838623,-0.921142578,0.352111816,0.0495605469,-0.0390625,-0.50390625,-0.47265625,-0.078125,-6.2890625,-7.0546875,-0.08984375,-0.859375,0.744140625
3933,39082373,39382373,-0.160522461,-0.920776367,0.352783203,0.0440063477,-0.0390625,-0.50390625,-0.47265625,-0.078125,-6.2890625,-7.0546875,-0.033203125,-0.849609375,0.7734375
3934,39088345,39388345,-0.162597656,-0.920410156,0.353393555,0.0387573242,0.02734375,-0.3203125,-0.234375,-0.296875,-6.28125,-7.0625,-0.033203125,-0.849609375,0.7734375
3935,39102547,39402547,-0.164794922,-0.920043945,0.353881836,0.0335083008,0.02734375,-0.3203125,-0.234375,-0.296875,-6.28125,-7.0625,-0.091796875,-0.833984375,0.802734375
3936,39111430,39411430,-0.167053223,-0.919677734,0.354309082,0.0279541016,0.046875,-0.10546875,-0.1484375,-0.5078125,-6.265625,-7.0703125,-0.091796875,-0.833984375,0.802734375
3937,39122979,39422979,-0.169250488,-0.919250488,0.354736328,0.0220336914,0.046875,-0.10546875,-0.1484375,-0.5078125,-6.265625,-7.0703125,-0.107421875,-0.9921875,0.8515625
3938,39127885,39427885,-0.171325684,-0.918823242,0.355163574,0.0159912109,-0.02734375,-0.16796875,-0.45703125,-0.7421875,-6.2421875,-7.0703125,-0.107421875,-0.9921875,0.8515625
3939,39144067,39444067,-0.173583984,-0.918334961,0.35559082,0.00921630859,-0.02734375,-0.16796875,-0.45703125,-0.7421875,-6.2421875,-7.0703125,-0.125,-1.07617188,0.89453125
3940,39147799,39447799,-0.175720215,-0.91784668,0.355895996,0.00274658203,0.16015625,-0.16796875,-0.46484375,-1.0078125,-6.203125,-7.0625,-0.125,-1.07617188,0.89453125
3941,39161186,39461186,0.178039551,0.917236328,-0.356262207,0.00421142578,0.16015625,-0.16796875,-0.46484375,-1.0078125,-6.203125,-7.0625,-0.1171875,-1.13085938,0.935546875
3942,39167552,39467552,0.180358887,0.916564941,-0.356750488,0.0115356445,-0.03125,-0.27734375,-0.46484375,-1.2734375,-6.171875,-7.0625,-0.1171875,-1.13085938,0.935546875
3943,39182364,39482364,0.182556152,0.91583252,-0.35723877,0.0188598633,-0.03125,-0.27734375,-0.46484375,-1.2734375,-6.171875,-7.0625,-0.11328125,-1.23242188,0.94921875
3944,39191621,39491621,0.184692383,0.914916992,-0.357910156,0.0266113281,-0.0859375,-0.23828125,-0.41015625,-1.5625,-6.1328125,-7.0390625,-0.11328125,-1.23242188,0.94921875
3945,39202887,39502887,0.186645508,0.91394043,-0.358825684,0.0342407227,-0.0859375,-0.23828125,-0.41015625,-1.5625,-6.1328125,-7.0390625,-0.0234375,-1.38085938,0.974609375
3946,39206605,39506605,0.188476562,0.912841797,-0.359741211,0.042175293,-0.01953125,-0.05078125,-0.41015625,-1.859375,-6.09375,-7,-0.0234375,-1.38085938,0.974609375
3947,39221991,39521991,0.190307617,0.911621094,-0.360778809,0.0510253906,-0.01953125,-0.05078125,-0.41015625,-1.859375,-6.09375,-7,-0.04296875,-1.484375,0.955078125
3948,39227022,39527022,0.191894531,0.910339355,-0.361755371,0.0596923828,0.03125,0.171875,-0.265625,-2.1796875,-6.046875,-6.953125,-0.04296875,-1.484375,0.955078125
3949,39242242,39542242,0.19342041,0.909057617,-0.362670898,0.0682373047,0.03125,0.171875,-0.265625,-2.1796875,-6.046875,-6.953125,-0.0546875,-1.546875,0.9453125
3950,39247280,39547280,0.194824219,0.907714844,-0.363647461,0.0767822266,0.08203125,-0.07421875,-0.17578125,-2.5,-5.9921875,-6.890625,-0.0546875,-1.546875,0.9453125
3951,39262638,39562638,0.196228027,0.906066895,-0.364868164,0.0859375,0.08203125,-0.07421875,-0.17578125,-2.5,-5.9921875,-6.890625,0.04296875,-1.62304688,0.9453125
3952,39270075,39570075,0.197509766,0.904296875,-0.366455078,0.0947875977,-0.1640625,-0.0078125,-0.453125,-2.828125,-5.9453125,-6.8046875,0.04296875,-1.62304688,0.9453125
3953,39280613,39580613,0.198852539,0.90222168,-0.368347168,0.103759766,-0.1640625,-0.0078125,-0.453125,-2.828125,-5.9453125,-6.8046875,0.19140625,-1.671875,0.95703125
3954,39286570,39586570,0.200195312,0.899963379,-0.370422363,0.113220215,0.01171875,0.18359375,-0.10546875,-3.15625,-5.90625,-6.6953125,0.19140625,-1.671875,0.95703125
3955,39301576,39601576,0.201416016,0.897766113,-0.372192383,0.122131348,0.01171875,0.18359375,-0.10546875,-3.15625,-5.90625,-6.6953125,0.142578125,-1.65625,0.935546875
3956,39306354,39606354,0.202636719,0.895446777,-0.373962402,0.131286621,0.27734375,0.26953125,0.0703125,-3.5,-5.875,-6.5625,0.142578125,-1.65625,0.935546875
3957,39322510,39622510,0.203857422,0.893188477,-0.375549316,0.140014648,0.27734375,0.26953125,0.0703125,-3.5,-5.875,-6.5625,0.12109375,-1.5625,0.892578125
3958,39326116,39626116,0.204833984,0.891113281,-0.376953125,0.148010254,0.1796875,0.09765625,0.12890625,-3.8203125,-5.8203125,-6.4296875,0.12109375,-1.5625,0.892578125
3959,39341344,39641344,0.205810547,0.888916016,-0.378356934,0.156005859,0.1796875,0.09765625,0.12890625,-3.8203125,-5.8203125,-6.4296875,0.1328125,-1.45117188,0.806640625
3960,39350104,39650104,0.206787109,0.886535645,-0.379882812,0.164245605,0.34375,0.12890625,0.30078125,-4.1015625,-5.7734375,-6.296875,0.1328125,-1.45117188,0.806640625
3961,39360658,39660658,0.207519531,0.884338379,-0.381286621,0.171630859,0.34375,0.12890625,0.30078125,-4.1015625,-5.7734375,-6.296875,0.1171875,-1.390625,0.736328125
3962,39370222,39670222,0.208190918,0.882202148,-0.382507324,0.178894043,0.46484375,0.34375,0.20703125,-4.375,-5.71875,-6.1640625,0.1171875,-1.390625,0.736328125
3963,39383921,39683921,0.20880127,0.880249023,-0.383666992,0.18548584,0.46484375,0.34375,0.20703125,-4.375,-5.71875,-6.1640625,0.11328125,-1.25,0.671875
3964,39387657,39687657,0.209472656,0.878112793,-0.38482666,0.192138672,0.5546875,0.21875,0.234375,-4.6171875,-5.671875,-6.0390625,0.11328125,-1.25,0.671875
3965,39400520,39700520,0.210083008,0.876159668,-0.385864258,0.198242188,0.5546875,0.21875,0.234375,-4.6171875,-5.671875,-6.0390625,0.09765625,-1.12304688,0.61328125
3966,39411356,39711356,0.210693359,0.874206543,-0.38684082,0.204223633,0.45703125,0.2109375,0.1875,-4.828125,-5.625,-5.9140625,0.09765625,-1.12304688,0.61328125
3967,39422450,39722450,0.211242676,0.872436523,-0.387634277,0.209655762,0.45703125,0.2109375,0.1875,-4.828125,-5.625,-5.9140625,0.076171875,-1.01171875,0.5546875
3968,39431633,39731633,0.211730957,0.870727539,-0.388427734,0.214782715,0.33984375,0.203125,0.375,-5.015625,-5.578125,-5.796875,0.076171875,-1.01171875,0.5546875
3969,39441037,39741037,0.212158203,0.869018555,-0.389221191,0.219726562,0.33984375,0.203125,0.375,-5.015625,-5.578125,-5.796875,0.07421875,-0.88671875,0.470703125
3970,39449612,39749612,0.212524414,0.867370605,-0.390014648,0.22442627,0.38671875,0.15625,0.4296875,-5.1796875,-5.53125,-5.6953125,0.07421875,-0.88671875,0.470703125
3971,39460228,39760228,0.21282959,0.865844727,-0.390869141,0.228515625,0.38671875,0.15625,0.4296875,-5.1796875,-5.53125,-5.6953125,0.099609375,-0.771484375,0.3828125
3972,39466207,39766207,0.21307373,0.864440918,-0.391601562,0.23236084,0.5,0.3828125,0.48046875,-5.328125,-5.4921875,-5.59375,0.099609375,-0.771484375,0.3828125
3973,39480850,39780850,0.213195801,0.86315918,-0.392211914,0.235900879,0.5,0.3828125,0.48046875,-5.328125,-5.4921875,-5.59375,0.041015625,-0.671875,0.3046875
3974,39488592,39788592,0.213195801,0.862060547,-0.392700195,0.239135742,0.5703125,0.58984375,0.31640625,-5.4375,-5.46875,-5.5078125,0.041015625,-0.671875,0.3046875
3975,39499579,39799579,0.213134766,0.861022949,-0.393005371,0.242492676,0.5703125,0.58984375,0.31640625,-5.4375,-5.46875,-5.5078125,-0.017578125,-0.599609375,0.26171875
3976,39508613,39808613,0.213012695,0.860107422,-0.393188477,0.245483398,0.328125,0.48828125,0.32421875,-5.5390625,-5.4453125,-5.4375,-0.017578125,-0.599609375,0.26171875
3977,39519505,39819505,0.21295166,0.85925293,-0.393249512,0.248291016,0.328125,0.48828125,0.32421875,-5.5390625,-5.4453125,-5.4375,-0.060546875,-0.509765625,0.23828125
3978,39528607,39828607,0.21295166,0.858520508,-0.393188477,0.250915527,0.2578125,0.3359375,0.15625,-5.625,-5.40625,-5.3828125,-0.060546875,-0.509765625,0.23828125
3979,39542566,39842566,0.213012695,0.857849121,-0.393127441,0.253295898,0.2578125,0.3359375,0.15625,-5.625,-5.40625,-5.3828125,-0.05078125,-0.412109375,0.236328125
3980,39546174,39846174,0.213195801,0.857177734,-0.393127441,0.255371094,0.0234375,0.06640625,0.0703125,-5.6953125,-5.3671875,-5.3359375,-0.05078125,-0.412109375,0.236328125
3981,39560076,39860076,0.213500977,0.856506348,-0.393127441,0.257385254,0.0234375,0.06640625,0.0703125,-5.6953125,-5.3671875,-5.3359375,-0.01171875,-0.330078125,0.220703125
3982,39568829,39868829,0.213806152,0.855895996,-0.393127441,0.259155273,-0.06640625,0.04296875,0.10546875,-5.7578125,-5.34375,-5.296875,-0.01171875,-0.330078125,0.220703125
3983,39580942,39880942,0.213989258,0.85534668,-0.393127441,0.260742188,-0.06640625,0.04296875,0.10546875,-5.7578125,-5.34375,-5.296875,-0.029296875,-0.267578125,0.17578125
3984,39589222,39889222,0.214172363,0.854980469,-0.393005371,0.262145996,-0.12890625,0.25,0.0390625,-5.8125,-5.3203125,-5.265625,-0.029296875,-0.267578125,0.17578125
3985,39598828,39898828,0.214233398,0.854675293,-0.392700195,0.263427734,-0.12890625,0.25,0.0390625,-5.8125,-5.3203125,-5.265625,-0.095703125,-0.189453125,0.1328125
3986,39607239,39907239,0.214355469,0.854553223,-0.392272949,0.264465332,-0.1640625,0.1796875,0.12890625,-5.8515625,-5.2890625,-5.2421875,-0.095703125,-0.189453125,0.1328125
3987,39619791,39919791,0.214477539,0.854431152,-0.391906738,0.265258789,-0.1640625,0.1796875,0.12890625,-5.8515625,-5.2890625,-5.2421875,-0.08203125,-0.087890625,0.09765625
3988,39624577,39924577,0.214599609,0.854431152,-0.391479492,0.26574707,-0.171875,-0.2265625,0.08984375,-5.8828125,-5.265625,-5.2421875,-0.08203125,-0.087890625,0.09765625
3989,39639860,39939860,0.21484375,0.854431152,-0.391235352,0.265930176,-0.171875,-0.2265625,0.08984375,-5.8828125,-5.265625,-5.2421875,-0.025390625,0.03515625,0.0625
3990,39646090,39946090,0.215209961,0.854492188,-0.391052246,0.26574707,-0.2421875,-0.28125,0.04296875,-5.890625,-5.25,-5.234375,-0.025390625,0.03515625,0.0625
3991,39659687,39959687,0.215637207,0.854614258,-0.390930176,0.265197754,-0.2421875,-0.28125,0.04296875,-5.890625,-5.25,-5.234375,0.0234375,0.171875,0.01953125
3992,39668850,39968850,0.216064453,0.854858398,-0.390808105,0.264282227,-0.2890625,0.06640625,-0.015625,-5.8828125,-5.25,-5.25,0.0234375,0.171875,0.01953125
3993,39679704,39979704,0.216491699,0.855224609,-0.390563965,0.263061523,-0.2890625,0.06640625,-0.015625,-5.8828125,-5.25,-5.25,0.00390625,0.302734375,-0.046875
3994,39685086,39985086,0.21685791,0.855773926,-0.390258789,0.261474609,-0.2734375,0.21875,0.046875,-5.859375,-5.25,-5.2734375,0.00390625,0.302734375,-0.046875
3995,39699676,39999676,0.217163086,0.856384277,-0.389892578,0.25958252,-0.2734375,0.21875,0.046875,-5.859375,-5.25,-5.2734375,-0.017578125,0.439453125,-0.115234375
3996,39704468,40004468,0.217529297,0.857177734,-0.389465332,0.257446289,-0.28125,0.07421875,0.16796875,-5.8125,-5.2578125,-5.3203125,-0.017578125,0.439453125,-0.115234375
3997,39719761,40019761,0.217834473,0.858093262,-0.389038086,0.254638672,-0.28125,0.07421875,0.16796875,-5.8125,-5.2578125,-5.3203125,-0.01171875,0.5859375,-0.18359375
3998,39726806,40026806,0.218139648,0.859069824,-0.38861084,0.251708984,-0.20703125,0.01171875,0.18359375,-5.734375,-5.2734375,-5.375,-0.01171875,0.5859375,-0.18359375
3999,39742003,40042003,0.218505859,0.860229492,-0.388183594,0.248046875,-0.20703125,0.01171875,0.18359375,-5.734375,-5.2734375,-5.375,0.025390625,0.748046875,-0.263671875
4000,39750651,40050651,0.218811035,0.861450195,-0.387817383,0.24407959,0.0078125,0.03515625,0.1875,-5.640625,-5.296875,-5.453125,0.025390625,0.748046875,-0.263671875
4001,39760654,40060654,0.219055176,0.862731934,-0.387512207,0.239807129,0.0078125,0.03515625,0.1875,-5.640625,-5.296875,-5.453125,0.044921875,0.90625,-0.373046875
4002,39768280,40068280,0.219177246,0.864257812,-0.387084961,0.234924316,-0.03515625,0.1875,0.08203125,-5.5234375,-5.3359375,-5.5390625,0.044921875,0.90625,-0.373046875
4003,39779104,40079104,0.219238281,0.865905762,-0.386657715,0.229370117,-0.03515625,0.1875,0.08203125,-5.5234375,-5.3359375,-5.5390625,0.01953125,1.0546875,-0.482421875
4004,39787502,40087502,0.219116211,0.867736816,-0.386047363,0.223571777,0.0390625,0.3984375,0.18359375,-5.3671875,-5.390625,-5.640625,0.01953125,1.0546875,-0.482421875
4005,39798782,40098782,0.218933105,0.869628906,-0.385314941,0.217651367,0.0390625,0.3984375,0.18359375,-5.3671875,-5.390625,-5.640625,-0.029296875,1.17773438,-0.57421875
4006,39804209,40104209,0.21862793,0.871643066,-0.384521484,0.211242676,-0.0390625,0.21484375,0.078125,-5.171875,-5.4375,-5.765625,-0.029296875,1.17773438,-0.57421875
4007,39819215,40119215,0.218261719,0.873657227,-0.383666992,0.204711914,-0.0390625,0.21484375,0.078125,-5.171875,-5.4375,-5.765625,-0.03515625,1.265625,-0.646484375
4008,39827200,40127200,0.217773438,0.875671387,-0.382751465,0.198181152,-0.13671875,0.23046875,0.125,-4.9609375,-5.4921875,-5.890625,-0.03515625,1.265625,-0.646484375
4009,39838860,40138860,0.217224121,0.877807617,-0.381713867,0.191101074,-0.13671875,0.23046875,0.125,-4.9609375,-5.4921875,-5.890625,-0.0703125,1.33398438,-0.705078125
4010,39846385,40146385,0.21661377,0.880004883,-0.380615234,0.183837891,0.10546875,0.21484375,0.01953125,-4.7421875,-5.5546875,-6.015625,-0.0703125,1.33398438,-0.705078125
4011,39859899,40159899,0.216003418,0.882263184,-0.379394531,0.176086426,0.10546875,0.21484375,0.01953125,-4.7421875,-5.5546875,-6.015625,-0.052734375,1.40429688,-0.712890625
4012,39863629,40163629,0.215515137,0.884216309,-0.378356934,0.168884277,0.12109375,0.078125,0.0859375,-4.4921875,-5.609375,-6.15625,-0.052734375,1.40429688,-0.712890625
4013,39878477,40178477,0.214904785,0.886291504,-0.377319336,0.161132812,0.12109375,0.078125,0.0859375,-4.4921875,-5.609375,-6.15625,-0.03515625,1.43164062,-0.748046875
4014,39885976,40185976,0.214172363,0.888366699,-0.376098633,0.153137207,0.1796875,0.33203125,0.09375,-4.2421875,-5.671875,-6.28125,-0.03515625,1.43164062,-0.748046875
4015,39899567,40199567,0.213378906,0.890380859,-0.37487793,0.145324707,0.1796875,0.33203125,0.09375,-4.2421875,-5.671875,-6.28125,-0.05859375,1.453125,-0.798828125
4016,39907610,40207610,0.212463379,0.892333984,-0.373718262,0.137695312,0.25,0.234375,0.3359375,-3.96875,-5.7265625,-6.40625,-0.05859375,1.453125,-0.798828125
4017,39916744,40216744,0.211303711,0.894226074,-0.372558594,0.130065918,0.25,0.234375,0.3359375,-3.96875,-5.7265625,-6.40625,-0.05859375,1.39648438,-0.845703125
4018,39925805,40225805,0.209960938,0.896240234,-0.37121582,0.121948242,0.4375,0.3671875,0.22265625,-3.6953125,-5.78125,-6.5234375,-0.05859375,1.39648438,-0.845703125
4019,39940881,40240881,0.208618164,0.898071289,-0.369995117,0.114440918,0.4375,0.3671875,0.22265625,-3.6953125,-5.78125,-6.5234375,-0.072265625,1.33789062,-0.837890625
4020,39944599,40244599,0.207336426,0.899719238,-0.368835449,0.10736084,0.33984375,0.3359375,0.0546875,-3.40625,-5.828125,-6.625,-0.072265625,1.33789062,-0.837890625
4021,39958503,40258503,0.205932617,0.901306152,-0.367614746,0.100280762,0.33984375,0.3359375,0.0546875,-3.40625,-5.828125,-6.625,-0.064453125,1.26171875,-0.818359375
4022,39964616,40264616,0.204589844,0.902893066,-0.366394043,0.0930175781,0.53125,0.26953125,-0.125,-3.140625,-5.875,-6.7109375,-0.064453125,1.26171875,-0.818359375
4023,39977728,40277728,0.203308105,0.904418945,-0.36517334,0.0856933594,0.53125,0.26953125,-0.125,-3.140625,-5.875,-6.7109375,-0.048828125,1.29101562,-0.76953125
4024,39986592,40286592,0.202270508,0.905761719,-0.364013672,0.0784912109,0.56640625,-0.046875,-0.15625,-2.8671875,-5.90625,-6.796875,-0.048828125,1.29101562,-0.76953125
4025,39997842,40297842,0.20135498,0.906982422,-0.362976074,0.0713500977,0.56640625,-0.046875,-0.15625,-2.8671875,-5.90625,-6.796875,0.021484375,1.2578125,-0.685546875
4026,40003235,40303235,0.200561523,0.907958984,-0.362182617,0.0645141602,0.30859375,-0.58203125,-0.19921875,-2.609375,-5.9453125,-6.8671875,0.021484375,1.2578125,-0.685546875
4027,40019062,40319062,0.199645996,0.908874512,-0.361572266,0.0576171875,0.30859375,-0.58203125,-0.19921875,-2.609375,-5.9453125,-6.8671875,0.111328125,1.20703125,-0.71875
4028,40022806,40322806,0.198486328,0.909729004,-0.361083984,0.0511474609,-0.1328125,-0.34375,0.046875,-2.359375,-5.9921875,-6.921875,0.111328125,1.20703125,-0.71875
4029,40041892,40341892,0.197021484,0.910644531,-0.360412598,0.0444335938,-0.1328125,-0.34375,0.046875,-2.359375,-5.9921875,-6.921875,-0.00390625,1.07617188,-0.75
4030,40046368,40346368,0.195495605,0.911743164,-0.359191895,0.0383911133,-0.0390625,0.5859375,0.0546875,-2.109375,-6.0390625,-6.96875,-0.00390625,1.07617188,-0.75
4031,40057255,40357255,0.193847656,0.912963867,-0.35760498,0.0328369141,-0.0390625,0.5859375,0.0546875,-2.109375,-6.0390625,-6.96875,-0.23046875,0.90625,-0.73046875
4032,40065964,40365964,0.192077637,0.91418457,-0.355773926,0.0278320312,-0.1875,0.28515625,-0.3515625,-1.8828125,-6.046875,-7.0234375,-0.23046875,0.90625,-0.73046875
4033,40076830,40376830,0.190307617,0.915344238,-0.354064941,0.0230102539,-0.1875,0.28515625,-0.3515625,-1.8828125,-6.046875,-7.0234375,-0.1953125,0.830078125,-0.697265625
4034,40083221,40383221,0.188720703,0.916320801,-0.352722168,0.0180053711,-0.015625,-0.32421875,-0.5234375,-1.671875,-6.046875,-7.078125,-0.1953125,0.830078125,-0.697265625
4035,40096084,40396084,0.187438965,0.916992188,-0.351867676,0.0126953125,-0.015625,-0.32421875,-0.5234375,-1.671875,-6.046875,-7.078125,0.0546875,1.01953125,-0.638671875
4036,40102052,40402052,0.186279297,0.917541504,-0.351196289,0.00640869141,0.046875,-0.625,-0.5234375,-1.46875,-6.0546875,-7.1171875,0.0546875,1.01953125,-0.638671875
4037,40115985,40415985,0.185119629,0.91796875,-0.350769043,0.000122070312,0.046875,-0.625,-0.5234375,-1.46875,-6.0546875,-7.1171875,0.15234375,1.10351562,-0.6875
4038,40122674,40422674,-0.183776855,-0.918395996,0.350402832,0.00622558594,-0.0703125,0.05859375,0.1796875,-1.234375,-6.0859375,-7.1328125,0.15234375,1.10351562,-0.6875
4039,40138196,40438196,-0.182128906,-0.918945312,0.34954834,0.0121459961,-0.0703125,0.05859375,0.1796875,-1.234375,-6.0859375,-7.1328125,-0.05078125,0.953125,-0.751953125
4040,40147964,40447964,-0.180419922,-0.91973877,0.348205566,0.0172119141,-0.12109375,0.578125,-0.00390625,-0.9921875,-6.109375,-7.140625,-0.05078125,0.953125,-0.751953125
4041,40160223,40460223,-0.178527832,-0.920715332,0.346252441,0.0220336914,-0.12109375,0.578125,-0.00390625,-0.9921875,-6.109375,-7.140625,-0.28515625,0.7890625,-0.689453125
4042,40164660,40464660,-0.176757812,-0.921691895,0.344238281,0.0266113281,0.1328125,0.06640625,-0.0390625,-0.7890625,-6.09375,-7.1796875,-0.28515625,0.7890625,-0.689453125
4043,40175907,40475907,-0.175109863,-0.922363281,0.342895508,0.0309448242,0.1328125,0.06640625,-0.0390625,-0.7890625,-6.09375,-7.1796875,-0.03125,0.720703125,-0.623046875
4044,40181878,40481878,-0.173522949,-0.922668457,0.342529297,0.0353393555,0.1328125,-0.76171875,-0.23046875,-0.59375,-6.0703125,-7.21875,-0.03125,0.720703125,-0.623046875
4045,40195403,40495403,-0.171691895,-0.922729492,0.342773438,0.0402832031,0.1328125,-0.76171875,-0.23046875,-0.59375,-6.0703125,-7.21875,0.25390625,0.76171875,-0.671875
4046,40202215,40502215,-0.16973877,-0.922668457,0.343200684,0.0454101562,0.09765625,-0.5,-0.171875,-0.40625,-6.1015625,-7.203125,0.25390625,0.76171875,-0.671875
4047,40217280,40517280,-0.167663574,-0.922668457,0.343566895,0.0508422852,0.09765625,-0.5,-0.171875,-0.40625,-6.1015625,-7.203125,0.25390625,0.880859375,-0.77734375
4048,40225635,40525635,-0.165649414,-0.922729492,0.343444824,0.0561523438,0.19921875,0.7265625,0.37890625,-0.203125,-6.140625,-7.1796875,0.25390625,0.880859375,-0.77734375
4049,40238610,40538610,-0.163391113,-0.923156738,0.342468262,0.0615234375,0.19921875,0.7265625,0.37890625,-0.203125,-6.140625,-7.1796875,-0.107421875,0.814453125,-0.771484375
4050,40242718,40542718,-0.161437988,-0.92376709,0.340820312,0.0661010742,0.125,1.046875,0.2890625,0.0234375,-6.15625,-7.1640625,-0.107421875,0.814453125,-0.771484375
4051,40257706,40557706,-0.159545898,-0.924560547,0.338745117,0.0705566406,0.125,1.046875,0.2890625,0.0234375,-6.15625,-7.1640625,-0.26171875,0.689453125,-0.63671875
4052,40261436,40561436,-0.158081055,-0.925170898,0.337036133,0.0743408203,0.19921875,0.51953125,0.16015625,0.21875,-6.125,-7.1875,-0.26171875,0.689453125,-0.63671875
4053,40278610,40578610,-0.156799316,-0.925598145,0.335510254,0.0783691406,0.19921875,0.51953125,0.16015625,0.21875,-6.125,-7.1875,-0.095703125,0.658203125,-0.486328125
4054,40282348,40582348,-0.155822754,-0.925720215,0.334655762,0.0819702148,0.03515625,-0.77734375,-0.27734375,0.3828125,-6.09375,-7.2109375,-0.095703125,0.658203125,-0.486328125
4055,40297612,40597612,-0.154724121,-0.92578125,0.33416748,0.0859375,0.03515625,-0.77734375,-0.27734375,0.3828125,-6.09375,-7.2109375,0.0703125,0.646484375,-0.44140625
4056,40306203,40606203,-0.153747559,-0.92565918,0.333862305,0.0895385742,-0.11328125,-0.96875,-0.36328125,0.53125,-6.09375,-7.203125,0.0703125,0.646484375,-0.44140625
4057,40318371,40618371,-0.152587891,-0.925598145,0.333618164,0.0932617188,-0.11328125,-0.96875,-0.36328125,0.53125,-6.09375,-7.203125,0.083984375,0.642578125,-0.48828125
4058,40322475,40622475,-0.151245117,-0.925598145,0.333068848,0.0971069336,0.08203125,0.03515625,0.12109375,0.6796875,-6.1015625,-7.1875,0.083984375,0.642578125,-0.48828125
4059,40335096,40635096,-0.149902344,-0.92578125,0.332092285,0.100769043,0.08203125,0.03515625,0.12109375,0.6796875,-6.1015625,-7.1875,-0.111328125,0.55078125,-0.501953125
4060,40341992,40641992,-0.148620605,-0.926147461,0.330688477,0.103881836,-0.02734375,0.25,-0.1953125,0.828125,-6.0859375,-7.1796875,-0.111328125,0.55078125,-0.501953125
4061,40357616,40657616,-0.147583008,-0.926513672,0.329162598,0.106750488,-0.02734375,0.25,-0.1953125,0.828125,-6.0859375,-7.1796875,-0.17578125,0.498046875,-0.39453125
4062,40361353,40661353,-0.146789551,-0.926757812,0.328063965,0.10949707,0.1484375,-0.28125,-0.64453125,0.9609375,-6.0546875,-7.1875,-0.17578125,0.498046875,-0.39453125
4063,40376123,40676123,-0.146118164,-0.926818848,0.327087402,0.112731934,0.1484375,-0.28125,-0.64453125,0.9609375,-6.0546875,-7.1875,-0.033203125,0.5703125,-0.32421875
4064,40384116,40684116,-0.145629883,-0.926696777,0.326477051,0.115783691,0.18359375,-0.83984375,-0.1875,1.078125,-6.03125,-7.1875,-0.033203125,0.5703125,-0.32421875
4065,40398503,40698503,-0.145080566,-0.926574707,0.325927734,0.119262695,0.18359375,-0.83984375,-0.1875,1.078125,-6.03125,-7.1875,0.01953125,0.615234375,-0.328125
4066,40402115,40702115,-0.14453125,-0.926391602,0.325378418,0.122558594,0.05859375,-0.45703125,0.2578125,1.203125,-6.03125,-7.171875,0.01953125,0.615234375,-0.328125
4067,40415961,40715961,-0.144042969,-0.926330566,0.324707031,0.125488281,0.05859375,-0.45703125,0.2578125,1.203125,-6.03125,-7.171875,-0.03515625,0.48046875,-0.28125
4068,40420744,40720744,-0.143554688,-0.926330566,0.324035645,0.127746582,-0.13671875,0.2265625,0.1640625,1.3203125,-6.0234375,-7.15625,-0.03515625,0.48046875,-0.28125
4069,40436001,40736001,-0.143188477,-0.926452637,0.323120117,0.129699707,-0.13671875,0.2265625,0.1640625,1.3203125,-6.0234375,-7.15625,-0.107421875,0.306640625,-0.1875
4070,40443820,40743820,-0.142944336,-0.926513672,0.32244873,0.131164551,-0.03125,0.125,-0.0546875,1.40625,-6,-7.1640625,-0.107421875,0.306640625,-0.1875
4071,40455234,40755234,-0.142822266,-0.926513672,0.321899414,0.132568359,-0.03125,0.125,-0.0546875,1.40625,-6,-7.1640625,-0.033203125,0.24609375,-0.11328125
4072,40464473,40764473,-0.142700195,-0.926452637,0.321533203,0.133789062,-0.125,-0.12109375,0.203125,1.4609375,-5.984375,-7.15625,-0.033203125,0.24609375,-0.11328125
4073,40477868,40777868,-0.14263916,-0.926513672,0.321166992,0.13458252,-0.125,-0.12109375,0.203125,1.4609375,-5.984375,-7.15625,-0.048828125,0.107421875,-0.056640625
4074,40481506,40781506,-0.14263916,-0.926574707,0.320800781,0.134887695,-0.34765625,-0.08203125,0.13671875,1.4921875,-5.984375,-7.1640625,-0.048828125,0.107421875,-0.056640625
4075,40495429,40795429,-0.14263916,-0.926696777,0.320373535,0.13482666,-0.34765625,-0.08203125,0.13671875,1.4921875,-5.984375,-7.1640625,-0.083984375,-0.0234375,0.0078125
4076,40499733,40799733,-0.14276123,-0.926879883,0.320068359,0.13458252,-0.046875,-0.2109375,-0.1640625,1.5,-5.96875,-7.171875,-0.083984375,-0.0234375,0.0078125
4077,40517482,40817482,-0.142944336,-0.926940918,0.319946289,0.134094238,-0.046875,-0.2109375,-0.1640625,1.5,-5.96875,-7.171875,-0.03515625,-0.09765625,0.078125
4078,40521087,40821087,-0.143188477,-0.927001953,0.320007324,0.133361816,-0.23046875,-0.375,-0.125,1.4921875,-5.9609375,-7.171875,-0.03515625,-0.09765625,0.078125
4079,40534482,40834482,-0.143493652,-0.927062988,0.320129395,0.132141113,-0.23046875,-0.375,-0.125,1.4921875,-5.9609375,-7.171875,-0.017578125,-0.25390625,0.158203125
4080,40542196,40842196,-0.143859863,-0.927185059,0.320373535,0.130371094,-0.30859375,-0.21875,-0.109375,1.453125,-5.9609375,-7.1875,-0.017578125,-0.25390625,0.158203125
4081,40558310,40858310,-0.144287109,-0.927307129,0.320556641,0.128295898,-0.30859375,-0.21875,-0.109375,1.453125,-5.9609375,-7.1875,-0.05078125,-0.40234375,0.236328125
4082,40562318,40862318,-0.144836426,-0.927490234,0.320800781,0.125915527,-0.19140625,-0.14453125,-0.29296875,1.375,-5.9609375,-7.1953125,-0.05078125,-0.40234375,0.236328125
4083,40575330,40875330,-0.145568848,-0.927612305,0.321166992,0.123168945,-0.19140625,-0.14453125,-0.29296875,1.375,-5.9609375,-7.1953125,-0.04296875,-0.48046875,0.3203125
4084,40578936,40878936,-0.14630127,-0.927734375,0.321533203,0.120483398,-0.2109375,-0.21875,-0.34765625,1.28125,-5.9609375,-7.21875,-0.04296875,-0.48046875,0.3203125
4085,40599026,40899026,-0.147216797,-0.927856445,0.322021484,0.117126465,-0.2109375,-0.21875,-0.34765625,1.28125,-5.9609375,-7.21875,-0.033203125,-0.58203125,0.40625
4086,40603395,40903395,-0.148254395,-0.92791748,0.322570801,0.113525391,-0.2109375,-0.13671875,-0.17578125,1.1640625,-5.96875,-7.234375,-0.033203125,-0.58203125,0.40625
4087,40615030,40915030,-0.149353027,-0.928039551,0.323181152,0.109436035,-0.2109375,-0.13671875,-0.17578125,1.1640625,-5.96875,-7.234375,-0.0546875,-0.748046875,0.498046875
4088,40624213,40924213,-0.150390625,-0.928222656,0.323669434,0.105102539,-0.24609375,-0.09765625,-0.3515625,1.0078125,-5.96875,-7.25,-0.0546875,-0.748046875,0.498046875
4089,40637397,40937397,-0.151672363,-0.928344727,0.324279785,0.0999755859,-0.24609375,-0.09765625,-0.3515625,1.0078125,-5.96875,-7.25,-0.078125,-0.89453125,0.58203125
4090,40641005,40941005,-0.153076172,-0.928405762,0.324951172,0.0947875977,-0.06640625,-0.05859375,-0.59765625,0.828125,-5.96875,-7.2734375,-0.078125,-0.89453125,0.58203125
4091,40656558,40956558,-0.154663086,-0.928405762,0.325744629,0.0894165039,-0.06640625,-0.05859375,-0.59765625,0.828125,-5.96875,-7.2734375,-0.046875,-0.904296875,0.671875
4092,40660169,40960169,-0.156311035,-0.928344727,0.326538086,0.0843505859,-0.0546875,-0.40234375,-0.53515625,0.625,-5.96875,-7.296875,-0.046875,-0.904296875,0.671875
4093,40677734,40977734,-0.158203125,-0.928161621,0.327453613,0.0788574219,-0.0546875,-0.40234375,-0.53515625,0.625,-5.96875,-7.296875,-0.00390625,-0.9453125,0.736328125
4094,40681729,40981729,-0.160095215,-0.927978516,0.328552246,0.0728149414,-0.1796875,-0.625,-0.52734375,0.40625,-5.9765625,-7.3046875,-0.00390625,-0.9453125,0.736328125
4095,40693045,40993045,-0.16192627,-0.927734375,0.329650879,0.0667114258,-0.1796875,-0.625,-0.52734375,0.40625,-5.9765625,-7.3046875,0,-1.05859375,0.767578125
4096,40701479,41001479,-0.163757324,-0.927429199,0.330749512,0.0606079102,-0.08984375,-0.51171875,-0.66796875,0.1640625,-5.9765625,-7.3203125,0,-1.05859375,0.767578125
4097,40717251,41017251,-0.165771484,-0.927062988,0.33190918,0.0543823242,-0.08984375,-0.51171875,-0.66796875,0.1640625,-5.9765625,-7.3203125,0.00390625,-1.03710938,0.810546875
4098,40721687,41021687,-0.16784668,-0.926574707,0.333007812,0.0483398438,0.16796875,-0.42578125,-0.58984375,-0.09375,-5.984375,-7.3203125,0.00390625,-1.03710938,0.810546875
4099,40732916,41032916,-0.169921875,-0.926086426,0.334228516,0.0425415039,0.16796875,-0.42578125,-0.58984375,-0.09375,-5.984375,-7.3203125,0.056640625,-0.98828125,0.814453125
4100,40738647,41038647,-0.172058105,-0.925476074,0.335510254,0.0364990234,0.21875,-0.3046875,-0.17578125,-0.3359375,-5.9921875,-7.3125,0.056640625,-0.98828125,0.814453125
4101,40756815,41056815,-0.174194336,-0.924865723,0.336791992,0.0301513672,0.21875,-0.3046875,-0.17578125,-0.3359375,-5.9921875,-7.3125,0.03125,-1.08203125,0.87109375
4102,40761563,41061563,-0.176452637,-0.924194336,0.33795166,0.0238647461,0.19921875,-0.2734375,-0.26953125,-0.5859375,-5.984375,-7.296875,0.03125,-1.08203125,0.87109375
4103,40773430,41073430,-0.178894043,-0.923461914,0.339050293,0.0173950195,0.19921875,-0.2734375,-0.26953125,-0.5859375,-5.984375,-7.296875,0.0078125,-1.03125,0.90625
4104,40783502,41083502,-0.181335449,-0.922668457,0.340148926,0.0111083984,0.34375,0.140625,0.09765625,-0.84375,-5.9765625,-7.28125,0.0078125,-1.03125,0.90625
4105,40797539,41097539,-0.183898926,-0.921813965,0.341247559,0.00482177734,0.34375,0.140625,0.09765625,-0.84375,-5.9765625,-7.28125,0.02734375,-1.04492188,0.93359375
4106,40799008,41099008,0.186279297,0.920959473,-0.342224121,0.00140380859,0.41796875,0.23828125,0.15234375,-1.109375,-5.9609375,-7.2578125,0.02734375,-1.04492188,0.93359375
4107,40812050,41112050,0.188659668,0.92010498,-0.343139648,0.00854492188,0.41796875,0.23828125,0.15234375,-1.109375,-5.9609375,-7.2578125,-0.029296875,-1.19335938,0.9296875
4108,40818959,41118959,0.190795898,0.919128418,-0.344238281,0.0161132812,0.109375,0.140625,0.05859375,-1.375,-5.9375,-7.2421875,-0.029296875,-1.19335938,0.9296875
4109,40837227,41137227,0.192749023,0.91809082,-0.345458984,0.0240478516,0.109375,0.140625,0.05859375,-1.375,-5.9375,-7.2421875,0.013671875,-1.4453125,0.96875
4110,40838693,41138693,0.194641113,0.916931152,-0.346923828,0.0321044922,0.10546875,-0.23828125,-0.3984375,-1.6796875,-5.90625,-7.203125,0.013671875,-1.4453125,0.96875
4111,40850728,41150728,0.196594238,0.915466309,-0.348754883,0.0407714844,0.10546875,-0.23828125,-0.3984375,-1.6796875,-5.90625,-7.203125,0.11328125,-1.56054688,1
4112,40861972,41161972,0.198547363,0.913818359,-0.350708008,0.0498657227,-0.0625,-0.16796875,-0.30859375,-2.0078125,-5.8984375,-7.140625,0.11328125,-1.56054688,1
4113,40875052,41175052,0.200256348,0.91229248,-0.352355957,0.0587768555,-0.0625,-0.16796875,-0.30859375,-2.0078125,-5.8984375,-7.140625,0.046875,-1.6015625,0.984375
4114,40878656,41178656,0.201843262,0.910766602,-0.353820801,0.0673217773,0.01171875,-0.24609375,-0.12890625,-2.3515625,-5.859375,-7.0546875,0.046875,-1.6015625,0.984375
4115,40892477,41192477,0.203308105,0.909057617,-0.355529785,0.0765380859,0.01171875,-0.24609375,-0.12890625,-2.3515625,-5.859375,-7.0546875,0.095703125,-1.58203125,0.912109375
4116,40898457,41198457,0.204650879,0.907287598,-0.357299805,0.085144043,0.04296875,-0.3515625,-0.25,-2.6875,-5.828125,-6.96875,0.095703125,-1.58203125,0.912109375
4117,40914616,41214616,0.205749512,0.905517578,-0.359069824,0.0935668945,0.04296875,-0.3515625,-0.25,-2.6875,-5.828125,-6.96875,0.134765625,-1.54101562,0.833984375
4118,40918343,41218343,0.206726074,0.903808594,-0.360717773,0.101318359,0.19921875,0.10546875,-0.31640625,-3,-5.7890625,-6.8671875,0.134765625,-1.54101562,0.833984375
4119,40932940,41232940,0.207763672,0.901977539,-0.362365723,0.10949707,0.19921875,0.10546875,-0.31640625,-3,-5.7890625,-6.8671875,0.087890625,-1.40820312,0.75390625
4120,40941595,41241595,0.208618164,0.90020752,-0.363830566,0.11706543,0.15234375,0.1875,-0.0703125,-3.296875,-5.7578125,-6.765625,0.087890625,-1.40820312,0.75390625
4121,40954580,41254580,0.209411621,0.89855957,-0.365234375,0.123901367,0.15234375,0.1875,-0.0703125,-3.296875,-5.7578125,-6.765625,0.134765625,-1.24609375,0.666015625
4122,40958298,41258298,0.210144043,0.896911621,-0.366699219,0.130065918,0.3046875,0.08203125,0.0546875,-3.5625,-5.7265625,-6.6640625,0.134765625,-1.24609375,0.666015625
4123,40972992,41272992,0.210876465,0.895263672,-0.368164062,0.135986328,0.3046875,0.08203125,0.0546875,-3.5625,-5.7265625,-6.6640625,0.169921875,-1.08398438,0.5859375
4124,40978046,41278046,0.211608887,0.893615723,-0.369689941,0.141479492,0.40625,0.203125,0.375,-3.78125,-5.6953125,-6.5625,0.169921875,-1.08398438,0.5859375
4125,40992551,41292551,0.212402344,0.891967773,-0.37121582,0.146789551,0.40625,0.203125,0.375,-3.78125,-5.6953125,-6.5625,0.1796875,-0.912109375,0.505859375
4126,40997585,41297585,0.213012695,0.890441895,-0.372497559,0.151428223,0.48828125,0.45703125,0.50390625,-3.9765625,-5.6796875,-6.4609375,0.1796875,-0.912109375,0.505859375
4127,41011222,41311222,0.213562012,0.889160156,-0.373596191,0.155639648,0.48828125,0.45703125,0.50390625,-3.9765625,-5.6796875,-6.4609375,0.12109375,-0.763671875,0.41796875
4128,41024420,41324420,0.214050293,0.887939453,-0.374572754,0.159484863,0.52734375,0.48046875,0.53515625,-4.1328125,-5.6640625,-6.375,0.12109375,-0.763671875,0.41796875
4129,41036509,41336509,0.214416504,0.886901855,-0.375427246,0.162963867,0.52734375,0.48046875,0.53515625,-4.1328125,-5.6640625,-6.375,0.08203125,-0.626953125,0.3125
4130,41037990,41337990,0.214660645,0.885925293,-0.376159668,0.16595459,0.5859375,0.53125,0.578125,-4.265625,-5.640625,-6.3046875,0.08203125,-0.626953125,0.3125
4131,41052147,41352147,0.214782715,0.885131836,-0.376831055,0.168640137,0.5859375,0.53125,0.578125,-4.265625,-5.640625,-6.3046875,0.056640625,-0.482421875,0.2265625
4132,41057175,41357175,0.21496582,0.884399414,-0.377319336,0.171020508,0.6875,0.640625,0.5625,-4.3671875,-5.6328125,-6.25,0.056640625,-0.482421875,0.2265625
4133,41072547,41372547,0.215087891,0.883850098,-0.377685547,0.173034668,0.6875,0.640625,0.5625,-4.3671875,-5.6328125,-6.25,0.015625,-0.36328125,0.185546875
4134,41076269,41376269,0.215209961,0.883361816,-0.377929688,0.174743652,0.6796875,0.39453125,0.5625,-4.4375,-5.6171875,-6.2109375,0.015625,-0.36328125,0.185546875
4135,41092301,41392301,0.215393066,0.8828125,-0.378295898,0.176330566,0.6796875,0.39453125,0.5625,-4.4375,-5.6171875,-6.2109375,0.048828125,-0.267578125,0.146484375
4136,41101963,41401963,0.215576172,0.882324219,-0.378723145,0.177612305,0.50390625,0.15625,0.4140625,-4.4921875,-5.609375,-6.1796875,0.048828125,-0.267578125,0.146484375
4137,41114607,41414607,0.215698242,0.881835938,-0.379211426,0.178833008,0.50390625,0.15625,0.4140625,-4.4921875,-5.609375,-6.1796875,0.076171875,-0.244140625,0.103515625
4138,41119298,41419298,0.215637207,0.881408691,-0.379699707,0.179992676,0.3125,0.5,0.23046875,-4.53125,-5.609375,-6.1484375,0.076171875,-0.244140625,0.103515625
4139,41132413,41432413,0.215515137,0.881164551,-0.379943848,0.181030273,0.3125,0.5,0.23046875,-4.53125,-5.609375,-6.1484375,-0.001953125,-0.1953125,0.041015625
4140,41136137,41436137,0.215332031,0.880981445,-0.380004883,0.181884766,0.27734375,0.609375,0.12890625,-4.5703125,-5.6015625,-6.125,-0.001953125,-0.1953125,0.041015625
4141,41151185,41451185,0.215087891,0.880981445,-0.379821777,0.182617188,0.27734375,0.609375,0.12890625,-4.5703125,-5.6015625,-6.125,-0.083984375,-0.126953125,0.02734375
4142,41156217,41456217,0.21496582,0.880981445,-0.379516602,0.183288574,0.1484375,0.1796875,0.12109375,-4.59375,-5.59375,-6.1171875,-0.083984375,-0.126953125,0.02734375
4143,41173932,41473932,0.21496582,0.88104248,-0.379211426,0.183898926,0.1484375,0.1796875,0.12109375,-4.59375,-5.59375,-6.1171875,-0.06640625,-0.08203125,0.068359375
4144,41182381,41482381,0.215087891,0.880981445,-0.378967285,0.184387207,-0.02734375,-0.25,0.0078125,-4.609375,-5.5859375,-6.1171875,-0.06640625,-0.08203125,0.068359375
4145,41194476,41494476,0.215332031,0.880859375,-0.37890625,0.184875488,-0.02734375,-0.25,0.0078125,-4.609375,-5.5859375,-6.1171875,-0.00390625,-0.068359375,0.076171875
4146,41198536,41498536,0.215515137,0.880737305,-0.37890625,0.185241699,-0.3203125,-0.19140625,-0.15234375,-4.625,-5.5703125,-6.109375,-0.00390625,-0.068359375,0.076171875
4147,41210765,41510765,0.215576172,0.88067627,-0.37890625,0.18548584,-0.3203125,-0.19140625,-0.15234375,-4.625,-5.5703125,-6.109375,-0.015625,-0.021484375,0.025390625
4148,41218713,41518713,0.215637207,0.88067627,-0.378723145,0.185546875,-0.265625,-0.0078125,-0.19140625,-4.640625,-5.5625,-6.109375,-0.015625,-0.021484375,0.025390625
4149,41232921,41532921,0.215576172,0.880859375,-0.378540039,0.185424805,-0.265625,-0.0078125,-0.19140625,-4.640625,-5.5625,-6.109375,-0.046875,0.060546875,-0.025390625
4150,41237789,41537789,0.215576172,0.88104248,-0.378234863,0.185058594,-0.3125,-0.12890625,-0.22265625,-4.6328125,-5.5546875,-6.1171875,-0.046875,0.060546875,-0.025390625
4151,41252481,41552481,0.215637207,0.881286621,-0.377990723,0.184387207,-0.3125,-0.12890625,-0.22265625,-4.6328125,-5.5546875,-6.1171875,-0.025390625,0.158203125,-0.046875
4152,41260616,41560616,0.215698242,0.881530762,-0.377807617,0.183532715,-0.2890625,-0.2421875,-0.16796875,-4.6171875,-5.5546875,-6.1328125,-0.025390625,0.158203125,-0.046875
4153,41273926,41573926,0.215881348,0.881774902,-0.377624512,0.182312012,-0.2890625,-0.2421875,-0.16796875,-4.6171875,-5.5546875,-6.1328125,0.017578125,0.251953125,-0.072265625
4154,41278393,41578393,0.216064453,0.882080078,-0.377502441,0.180908203,-0.25,-0.2421875,-0.0078125,-4.578125,-5.5546875,-6.140625,0.017578125,0.251953125,-0.072265625
4155,41290584,41590584,0.216247559,0.882446289,-0.377380371,0.179199219,-0.25,-0.2421875,-0.0078125,-4.578125,-5.5546875,-6.140625,0.02734375,0.361328125,-0.12109375
4156,41296551,41596551,0.216430664,0.882873535,-0.37713623,0.177185059,-0.18359375,-0.07421875,0.0546875,-4.53125,-5.5703125,-6.1640625,0.02734375,0.361328125,-0.12109375
4157,41312390,41612390,0.216491699,0.883422852,-0.37689209,0.174926758,-0.18359375,-0.07421875,0.0546875,-4.53125,-5.5703125,-6.1640625,0.01171875,0.46875,-0.189453125
4158,41316126,41616126,0.216491699,0.884033203,-0.376647949,0.172424316,-0.0546875,0.0546875,0.046875,-4.46875,-5.5859375,-6.1953125,0.01171875,0.46875,-0.189453125
4159,41330142,41630142,0.216491699,0.88482666,-0.376220703,0.169433594,-0.0546875,0.0546875,0.046875,-4.46875,-5.5859375,-6.1953125,-0.0078125,0.564453125,-0.255859375
4160,41339372,41639372,0.216369629,0.885620117,-0.375732422,0.166381836,0.04296875,0.30078125,0.171875,-4.375,-5.6015625,-6.2421875,-0.0078125,0.564453125,-0.255859375
4161,41352969,41652969,0.216308594,0.886535645,-0.375061035,0.162963867,0.04296875,0.30078125,0.171875,-4.375,-5.6015625,-6.2421875,-0.0546875,0.689453125,-0.302734375
4162,41356706,41656706,0.216186523,0.887573242,-0.374267578,0.159362793,0.203125,0.28515625,0.1953125,-4.265625,-5.625,-6.3046875,-0.0546875,0.689453125,-0.302734375
4163,41369774,41669774,0.216064453,0.88873291,-0.373291016,0.155212402,0.203125,0.28515625,0.1953125,-4.265625,-5.625,-6.3046875,-0.083984375,0.8046875,-0.359375
4164,41375745,41675745,0.215881348,0.889892578,-0.372375488,0.151062012,0.03125,0.1484375,0.11328125,-4.1328125,-5.640625,-6.375,-0.083984375,0.8046875,-0.359375
4165,41390418,41690418,0.215637207,0.891113281,-0.371398926,0.146362305,0.03125,0.1484375,0.11328125,-4.1328125,-5.640625,-6.375,-0.052734375,0.888671875,-0.41015625
4166,41397340,41697340,0.215454102,0.892272949,-0.370666504,0.141784668,0.11328125,-0.01953125,0.11328125,-3.984375,-5.6640625,-6.453125,-0.052734375,0.888671875,-0.41015625
4167,41411022,41711022,0.215087891,0.893432617,-0.369995117,0.136535645,0.11328125,-0.01953125,0.11328125,-3.984375,-5.6640625,-6.453125,0.041015625,0.939453125,-0.484375
4168,41420705,41720705,0.214599609,0.894470215,-0.369567871,0.131530762,0.0546875,0.09765625,0.30078125,-3.8125,-5.703125,-6.5234375,0.041015625,0.939453125,-0.484375
4169,41432412,41732412,0.213928223,0.895568848,-0.369140625,0.126159668,0.0546875,0.09765625,0.30078125,-3.8125,-5.703125,-6.5234375,0.025390625,0.98046875,-0.583984375
4170,41437046,41737046,0.213012695,0.896911621,-0.368347168,0.120544434,0.3359375,0.71875,0.28515625,-3.6328125,-5.75,-6.5859375,0.025390625,0.98046875,-0.583984375
4171,41450962,41750962,0.211975098,0.898376465,-0.3671875,0.114685059,0.3359375,0.71875,0.28515625,-3.6328125,-5.75,-6.5859375,-0.125,1.03320312,-0.642578125
4172,41454685,41754685,0.2109375,0.899841309,-0.365844727,0.109191895,0.26953125,0.6328125,0.171875,-3.4140625,-5.78125,-6.6640625,-0.125,1.03320312,-0.642578125
4173,41468095,41768095,0.209838867,0.901367188,-0.364440918,0.10357666,0.26953125,0.6328125,0.171875,-3.4140625,-5.78125,-6.6640625,-0.15625,1.046875,-0.638671875
4174,41475383,41775383,0.208862305,0.902832031,-0.362976074,0.0974731445,0.171875,0.04296875,-0.0859375,-3.203125,-5.8046875,-6.75,-0.15625,1.046875,-0.638671875
4175,41490775,41790775,0.208007812,0.90411377,-0.361877441,0.0914916992,0.171875,0.04296875,-0.0859375,-3.203125,-5.8046875,-6.75,-0.00390625,1.11523438,-0.61328125
4176,41498580,41798580,0.207336426,0.905090332,-0.361328125,0.0853881836,0.17578125,-0.3515625,-0.1640625,-2.9765625,-5.828125,-6.828125,-0.00390625,1.11523438,-0.61328125
4177,41509175,41809175,0.206481934,0.905883789,-0.36126709,0.0786743164,0.17578125,-0.3515625,-0.1640625,-2.9765625,-5.828125,-6.828125,0.255859375,1.11328125,-0.66796875
4178,41515148,41815148,0.205444336,0.906555176,-0.361633301,0.0722045898,0.02734375,0.0859375,0.16015625,-2.75,-5.8828125,-6.8828125,0.255859375,1.11328125,-0.66796875
4179,41529568,41829568,0.204101562,0.907287598,-0.361694336,0.0654907227,0.02734375,0.0859375,0.16015625,-2.75,-5.8828125,-6.8828125,0.15625,1.12890625,-0.791015625
4180,41534601,41834601,0.202453613,0.908447266,-0.361022949,0.0586547852,0.359375,1.1875,0.3359375,-2.5078125,-5.953125,-6.90625,0.15625,1.12890625,-0.791015625
4181,41550095,41850095,0.200683594,0.909851074,-0.359436035,0.0520629883,0.359375,1.1875,0.3359375,-2.5078125,-5.953125,-6.90625,-0.234375,1.16796875,-0.853515625
4182,41553821,41853821,0.198913574,0.911376953,-0.35736084,0.0458984375,0.29296875,0.8359375,0.1328125,-2.25,-5.984375,-6.96875,-0.234375,1.16796875,-0.853515625
4183,41570218,41870218,0.196960449,0.913024902,-0.354980469,0.0395507812,0.29296875,0.8359375,0.1328125,-2.25,-5.984375,-6.96875,-0.28515625,1.03515625,-0.791015625
4184,41578799,41878799,0.1953125,0.914306641,-0.353149414,0.0341796875,0.07421875,0.22265625,0.1015625,-1.9921875,-5.984375,-7.0546875,-0.28515625,1.03515625,-0.791015625
4185,41591129,41891129,0.193725586,0.915405273,-0.351745605,0.0286865234,0.07421875,0.22265625,0.1015625,-1.9921875,-5.984375,-7.0546875,-0.072265625,0.888671875,-0.658203125
4186,41594736,41894736,0.192321777,0.916137695,-0.350891113,0.0236816406,0.19921875,-0.38671875,-0.08203125,-1.7734375,-5.984375,-7.1015625,-0.072265625,0.888671875,-0.658203125
4187,41609145,41909145,0.190795898,0.916748047,-0.350402832,0.018371582,0.19921875,-0.38671875,-0.08203125,-1.7734375,-5.984375,-7.1015625,0.09375,0.849609375,-0.654296875
4188,41613925,41913925,0.18927002,0.917297363,-0.350097656,0.0131835938,-0.04296875,-0.41015625,-0.36328125,-1.5703125,-6,-7.125,0.09375,0.849609375,-0.654296875
4189,41628214,41928214,0.187744141,0.917785645,-0.349731445,0.00836181641,-0.04296875,-0.41015625,-0.36328125,-1.5703125,-6,-7.125,0.0703125,0.859375,-0.685546875
4190,41634179,41934179,0.185974121,0.918457031,-0.349121094,0.00299072266,-0.08203125,-0.07421875,-0.078125,-1.375,-6.03125,-7.140625,0.0703125,0.859375,-0.685546875
4191,41649533,41949533,-0.184265137,-0.919189453,0.348083496,0.00177001953,-0.08203125,-0.07421875,-0.078125,-1.375,-6.03125,-7.140625,-0.103515625,0.7734375,-0.68359375
4192,41658482,41958482,-0.182556152,-0.91998291,0.346862793,0.00634765625,-0.1328125,0.09375,-0.28515625,-1.171875,-6.046875,-7.1640625,-0.103515625,0.7734375,-0.68359375
4193,41671398,41971398,-0.180664062,-0.920837402,0.345336914,0.0112915039,-0.1328125,0.09375,-0.28515625,-1.171875,-6.046875,-7.1640625,-0.173828125,0.8046875,-0.685546875
4194,41675005,41975005,-0.178955078,-0.92175293,0.34362793,0.0159912109,0.015625,-0.10546875,-0.33203125,-0.9765625,-6.0390625,-7.1953125,-0.173828125,0.8046875,-0.685546875
4195,41689102,41989102,-0.177307129,-0.922546387,0.342102051,0.0205078125,0.015625,-0.10546875,-0.33203125,-0.9765625,-6.0390625,-7.1953125,-0.154296875,0.80859375,-0.658203125
4196,41693898,41993898,-0.17565918,-0.923217773,0.340820312,0.0251464844,-0.1796875,-0.609375,-0.4453125,-0.78125,-6.03125,-7.234375,-0.154296875,0.80859375,-0.658203125
4197,41708414,42008414,-0.17388916,-0.92376709,0.339904785,0.0301513672,-0.1796875,-0.609375,-0.4453125,-0.78125,-6.03125,-7.234375,0.037109375,0.791015625,-0.6640625
4198,41715331,42015331,-0.172180176,-0.924072266,0.339477539,0.0350341797,-0.19140625,-0.609375,-0.046875,-0.578125,-6.03125,-7.25,0.037109375,0.791015625,-0.6640625
4199,41728050,42028050,-0.170471191,-0.924255371,0.339233398,0.0397949219,-0.19140625,-0.609375,-0.046875,-0.578125,-6.03125,-7.25,0.13671875,0.8046875,-0.6796875
4200,41736090,42036090,-0.168579102,-0.924499512,0.338867188,0.0448608398,0.15625,0.1328125,0.2578125,-0.390625,-6.046875,-7.25,0.13671875,0.8046875,-0.6796875
4201,41749074,42049074,-0.166748047,-0.924865723,0.338134766,0.0493774414,0.15625,0.1328125,0.2578125,-0.390625,-6.046875,-7.25,-0.03125,0.705078125,-0.640625
4202,41755190,42055190,-0.165161133,-0.925292969,0.337158203,0.0532836914,0.15234375,0.2265625,0.13671875,-0.1953125,-6.0625,-7.2421875,-0.03125,0.705078125,-0.640625
4203,41767241,42067241,-0.163635254,-0.92578125,0.3359375,0.0571899414,0.15234375,0.2265625,0.13671875,-0.1953125,-6.0625,-7.2421875,-0.125,0.62890625,-0.546875
4204,41779318,42079318,-0.16217041,-0.926269531,0.334716797,0.0609741211,0.21875,-0.05859375,-0.078125,-0.03125,-6.046875,-7.2578125,-0.125,0.62890625,-0.546875
4205,41788115,42088115,-0.160949707,-0.926574707,0.333740234,0.0643920898,0.21875,-0.05859375,-0.078125,-0.03125,-6.046875,-7.2578125,-0.06640625,0.603515625,-0.486328125
4206,41795764,42095764,-0.159667969,-0.926879883,0.332763672,0.0682373047,0.1796875,-0.33984375,-0.22265625,0.125,-6.03125,-7.265625,-0.06640625,0.603515625,-0.486328125
4207,41806831,42106831,-0.158508301,-0.927124023,0.33190918,0.0718994141,0.1796875,-0.33984375,-0.22265625,0.125,-6.03125,-7.265625,-0.048828125,0.634765625,-0.4765625
4208,41819105,42119105,-0.157409668,-0.927368164,0.330993652,0.0755615234,0.10546875,-0.203125,-0.21484375,0.2734375,-6.015625,-7.2734375,-0.048828125,0.634765625,-0.4765625
4209,41827516,42127516,-0.15625,-0.92755127,0.330078125,0.0791015625,0.10546875,-0.203125,-0.21484375,0.2734375,-6.015625,-7.2734375,-0.05078125,0.642578125,-0.486328125
4210,41834852,42134852,-0.155090332,-0.92779541,0.329040527,0.0830078125,0.109375,-0.25,-0.25390625,0.421875,-6.0078125,-7.2734375,-0.05078125,0.642578125,-0.486328125
4211,41849129,42149129,-0.153869629,-0.928039551,0.32800293,0.086730957,0.109375,-0.25,-0.25390625,0.421875,-6.0078125,-7.2734375,-0.078125,0.654296875,-0.48828125
4212,41852759,42152759,-0.152832031,-0.928222656,0.326965332,0.0903930664,0.26171875,-0.15234375,-0.0625,0.578125,-5.9921875,-7.2734375,-0.078125,0.654296875,-0.48828125
4213,41867232,42167232,-0.151733398,-0.928344727,0.326049805,0.0942993164,0.26171875,-0.15234375,-0.0625,0.578125,-5.9921875,-7.2734375,-0.03125,0.650390625,-0.453125
4214,41872968,42172968,-0.150695801,-0.928405762,0.325195312,0.0980224609,0.18359375,-0.359375,-0.0234375,0.734375,-5.9765625,-7.2734375,-0.03125,0.650390625,-0.453125
4215,41886896,42186896,-0.149719238,-0.928466797,0.324401855,0.101501465,0.18359375,-0.359375,-0.0234375,0.734375,-5.9765625,-7.2734375,-0.029296875,0.595703125,-0.423828125
4216,41895479,42195479,-0.148742676,-0.928527832,0.323608398,0.104858398,0.00390625,-0.01953125,0.12109375,0.875,-5.96875,-7.265625,-0.029296875,0.595703125,-0.423828125
4217,41907236,42207236,-0.147888184,-0.928588867,0.322753906,0.107971191,0.00390625,-0.01953125,0.12109375,0.875,-5.96875,-7.265625,-0.0546875,0.537109375,-0.376953125
4218,41912962,42212962,-0.147033691,-0.928710938,0.321838379,0.110900879,0.0234375,0.1171875,0.11328125,1.0078125,-5.953125,-7.2578125,-0.0546875,0.537109375,-0.376953125
4219,41929956,42229956,-0.14630127,-0.928833008,0.320922852,0.113586426,0.0234375,0.1171875,0.11328125,1.0078125,-5.953125,-7.2578125,-0.103515625,0.45703125,-0.326171875
4220,41936487,42236487,-0.145629883,-0.928955078,0.319946289,0.116027832,0.10546875,0.1015625,-0.078125,1.1171875,-5.9375,-7.2578125,-0.103515625,0.45703125,-0.326171875
4221,41946844,42246844,-0.144958496,-0.929016113,0.319091797,0.118591309,0.10546875,0.1015625,-0.078125,1.1171875,-5.9375,-7.2578125,-0.0703125,0.4375,-0.2890625
4222,41952563,42252563,-0.14440918,-0.929077148,0.31829834,0.12097168,0.15625,0,-0.078125,1.21875,-5.9140625,-7.2578125,-0.0703125,0.4375,-0.2890625
4223,41965395,42265395,-0.143920898,-0.929077148,0.317504883,0.123413086,0.15625,0,-0.078125,1.21875,-5.9140625,-7.2578125,-0.052734375,0.435546875,-0.248046875
4224,41973106,42273106,-0.143493652,-0.929077148,0.316894531,0.125793457,0.09375,-0.16796875,0.07421875,1.3203125,-5.8984375,-7.2578125,-0.052734375,0.435546875,-0.248046875
4225,41986432,42286432,-0.143127441,-0.929016113,0.316345215,0.127929688,0.09375,-0.16796875,0.07421875,1.3203125,-5.8984375,-7.2578125,-0.021484375,0.3671875,-0.21484375
4226,41992152,42292152,-0.142700195,-0.929016113,0.315856934,0.129760742,-0.10546875,-0.17578125,0.0234375,1.40625,-5.890625,-7.2421875,-0.021484375,0.3671875,-0.21484375
4227,42005571,42305571,-0.142272949,-0.929016113,0.315307617,0.131225586,-0.10546875,-0.17578125,0.0234375,1.40625,-5.890625,-7.2421875,-0.05859375,0.228515625,-0.177734375
4228,42013658,42313658,-0.141845703,-0.929077148,0.314819336,0.132507324,-0.1328125,-0.0703125,-0.359375,1.46875,-5.8828125,-7.2421875,-0.05859375,0.228515625,-0.177734375
4229,42025957,42325957,-0.141540527,-0.929138184,0.31427002,0.133666992,-0.1328125,-0.0703125,-0.359375,1.46875,-5.8828125,-7.2421875,-0.05078125,0.21484375,-0.138671875
4230,42031689,42331689,-0.141296387,-0.929138184,0.313842773,0.13482666,0.00390625,-0.27734375,-0.4765625,1.5234375,-5.8671875,-7.2421875,-0.05078125,0.21484375,-0.138671875
4231,42046011,42346011,-0.141113281,-0.929138184,0.313476562,0.135986328,0.00390625,-0.27734375,-0.4765625,1.5234375,-5.8671875,-7.2421875,-0.01953125,0.203125,-0.10546875
4232,42054488,42354488,-0.140991211,-0.929138184,0.313171387,0.137023926,0.00390625,-0.359375,-0.24609375,1.5625,-5.859375,-7.2421875,-0.01953125,0.203125,-0.10546875
4233,42065925,42365925,-0.140869141,-0.929077148,0.312927246,0.137939453,0.00390625,-0.359375,-0.24609375,1.5625,-5.859375,-7.2421875,-0.02734375,0.146484375,-0.076171875
4234,42071653,42371653,-0.14074707,-0.929138184,0.31262207,0.138549805,-0.109375,-0.29296875,-0.16796875,1.6015625,-5.8515625,-7.2421875,-0.02734375,0.146484375,-0.076171875
4235,42084228,42384228,-0.140686035,-0.929199219,0.312316895,0.138977051,-0.109375,-0.29296875,-0.16796875,1.6015625,-5.8515625,-7.2421875,-0.046875,0.060546875,-0.0390625
4236,42094782,42394782,-0.140625,-0.929260254,0.312011719,0.139221191,-0.05859375,-0.18359375,-0.16015625,1.625,-5.84375,-7.25,-0.046875,0.060546875,-0.0390625
4237,42106838,42406838,-0.140625,-0.929260254,0.311828613,0.139343262,-0.05859375,-0.18359375,-0.16015625,1.625,-5.84375,-7.25,-0.02734375,0.00390625,-0.001953125
4238,42111623,42411623,-0.140625,-0.929321289,0.311767578,0.139282227,0.01171875,-0.22265625,-0.19921875,1.6328125,-5.84375,-7.25,-0.02734375,0.00390625,-0.001953125
4239,42126021,42426021,-0.14074707,-0.929321289,0.311828613,0.139038086,0.01171875,-0.22265625,-0.19921875,1.6328125,-5.84375,-7.25,0.01171875,-0.048828125,0.044921875
4240,42136980,42436980,-0.140869141,-0.929260254,0.312011719,0.138671875,-0.01953125,-0.26171875,-0.125,1.625,-5.84375,-7.25,0.01171875,-0.048828125,0.044921875
4241,42146717,42446717,-0.141052246,-0.929260254,0.312194824,0.138122559,-0.01953125,-0.26171875,-0.125,1.625,-5.84375,-7.25,0.0078125,-0.125,0.091796875
4242,42150314,42450314,-0.141296387,-0.929321289,0.31237793,0.137268066,-0.03515625,-0.13671875,0.03125,1.6015625,-5.8515625,-7.25,0.0078125,-0.125,0.091796875
4243,42165663,42465663,-0.141662598,-0.929382324,0.3125,0.136108398,-0.03515625,-0.13671875,0.03125,1.6015625,-5.8515625,-7.25,-0.03125,-0.22265625,0.150390625
4244,42172091,42472091,-0.142028809,-0.929504395,0.31262207,0.134643555,-0.0703125,0.015625,-0.0390625,1.5625,-5.8515625,-7.2578125,-0.03125,-0.22265625,0.150390625
4245,42186535,42486535,-0.14251709,-0.929626465,0.312744141,0.132995605,-0.0703125,0.015625,-0.0390625,1.5625,-5.8515625,-7.2578125,-0.046875,-0.3046875,0.203125
4246,42190139,42490139,-0.143005371,-0.929748535,0.312866211,0.131225586,0.01953125,0.015625,0.046875,1.5078125,-5.8515625,-7.265625,-0.046875,-0.3046875,0.203125
4247,42206333,42506333,-0.143676758,-0.929870605,0.313171387,0.128967285,0.01953125,0.015625,0.046875,1.5078125,-5.8515625,-7.265625,-0.02734375,-0.39453125,0.275390625
4248,42216866,42516866,-0.144348145,-0.929931641,0.313598633,0.126647949,-0.0546875,-0.1015625,0.0234375,1.4296875,-5.8515625,-7.28125,-0.02734375,-0.39453125,0.275390625
4249,42227562,42527562,-0.145202637,-0.930053711,0.314025879,0.123901367,-0.0546875,-0.1015625,0.0234375,1.4296875,-5.8515625,-7.28125,-0.017578125,-0.505859375,0.3515625
4250,42231167,42531167,-0.146057129,-0.930114746,0.314575195,0.120788574,-0.10546875,-0.09375,-0.0390625,1.328125,-5.859375,-7.296875,-0.017578125,-0.505859375,0.3515625
4251,42245120,42545120,-0.147033691,-0.930236816,0.315063477,0.11730957,-0.10546875,-0.09375,-0.0390625,1.328125,-5.859375,-7.296875,-0.03125,-0.607421875,0.419921875
4252,42251093,42551093,-0.148132324,-0.930297852,0.315673828,0.113708496,-0.0859375,-0.12109375,-0.24609375,1.1953125,-5.8671875,-7.3203125,-0.03125,-0.607421875,0.419921875
4253,42265188,42565188,-0.149291992,-0.930358887,0.31628418,0.110046387,-0.0859375,-0.12109375,-0.24609375,1.1953125,-5.8671875,-7.3203125,-0.015625,-0.63671875,0.48046875
4254,42269972,42569972,-0.15057373,-0.930358887,0.316955566,0.106201172,0.015625,-0.23828125,-0.19140625,1.0546875,-5.8671875,-7.3359375,-0.015625,-0.63671875,0.48046875
4255,42285883,42585883,-0.151916504,-0.930358887,0.317626953,0.102050781,0.015625,-0.23828125,-0.19140625,1.0546875,-5.8671875,-7.3359375,-0.02734375,-0.740234375,0.537109375
4256,42297110,42597110,-0.153198242,-0.930419922,0.318359375,0.0977783203,-0.12890625,-0.26953125,-0.40625,0.890625,-5.875,-7.3515625,-0.02734375,-0.740234375,0.537109375
4257,42307598,42607598,-0.154602051,-0.930358887,0.319091797,0.0930786133,-0.12890625,-0.26953125,-0.40625,0.890625,-5.875,-7.3515625,-0.02734375,-0.80859375,0.5859375
4258,42311920,42611920,-0.15612793,-0.930297852,0.319885254,0.0884399414,0.015625,-0.22265625,-0.50390625,0.7109375,-5.8828125,-7.3671875,-0.02734375,-0.80859375,0.5859375
4259,42325070,42625070,-0.157836914,-0.930114746,0.320800781,0.0838623047,0.015625,-0.22265625,-0.50390625,0.7109375,-5.8828125,-7.3671875,0.01953125,-0.7265625,0.625
4260,42330078,42630078,-0.159606934,-0.929870605,0.321777344,0.0794067383,0.203125,-0.28125,-0.19140625,0.5234375,-5.8984375,-7.375,0.01953125,-0.7265625,0.625
4261,42346115,42646115,-0.161254883,-0.9296875,0.322631836,0.075012207,0.203125,-0.28125,-0.19140625,0.5234375,-5.8984375,-7.375,0.00390625,-0.796875,0.65234375
4262,42349716,42649716,-0.163024902,-0.929443359,0.323547363,0.0701293945,-0.1171875,-0.3515625,-0.25,0.34375,-5.90625,-7.390625,0.00390625,-0.796875,0.65234375
4263,42365269,42665269,-0.164855957,-0.929138184,0.324523926,0.0648803711,-0.1171875,-0.3515625,-0.25,0.34375,-5.90625,-7.390625,0.01171875,-0.869140625,0.69921875
4264,42376109,42676109,-0.166687012,-0.928771973,0.325500488,0.0599975586,0.0078125,-0.3125,-0.2890625,0.140625,-5.90625,-7.390625,0.01171875,-0.869140625,0.69921875
4265,42386916,42686916,-0.168640137,-0.928283691,0.326782227,0.0548706055,0.0078125,-0.3125,-0.2890625,0.140625,-5.90625,-7.390625,0.09765625,-0.849609375,0.736328125
4266,42390865,42690865,-0.170654297,-0.927734375,0.32824707,0.0498046875,0.06640625,-0.3828125,-0.18359375,-0.0703125,-5.9140625,-7.3828125,0.09765625,-0.849609375,0.736328125
4267,42405297,42705297,-0.172790527,-0.927062988,0.329772949,0.0444335938,0.06640625,-0.3828125,-0.18359375,-0.0703125,-5.9140625,-7.3828125,0.115234375,-0.876953125,0.755859375
4268,42411426,42711426,-0.174743652,-0.926452637,0.331115723,0.0394287109,0.1328125,-0.328125,-0.04296875,-0.2890625,-5.9296875,-7.3671875,0.115234375,-0.876953125,0.755859375
4269,42424369,42724369,-0.176818848,-0.925720215,0.332580566,0.0338134766,0.1328125,-0.328125,-0.04296875,-0.2890625,-5.9296875,-7.3671875,0.0859375,-0.9140625,0.7734375
4270,42429161,42729161,-0.178894043,-0.925048828,0.333862305,0.0283813477,0.24609375,0.1015625,0.015625,-0.515625,-5.9375,-7.3515625,0.0859375,-0.9140625,0.7734375
4271,42444347,42744347,-0.181030273,-0.924377441,0.335021973,0.0228271484,0.24609375,0.1015625,0.015625,-0.515625,-5.9375,-7.3515625,0.041015625,-0.921875,0.79296875
4272,42454505,42754505,-0.183166504,-0.92364502,0.336181641,0.0171508789,0.38671875,0.17578125,0.0703125,-0.734375,-5.9375,-7.328125,0.041015625,-0.921875,0.79296875
4273,42463372,42763372,-0.185302734,-0.922912598,0.337341309,0.0111083984,0.38671875,0.17578125,0.0703125,-0.734375,-5.9375,-7.328125,0.03515625,-1.01953125,0.83984375
4274,42471073,42771073,-0.18737793,-0.922180176,0.338378906,0.00506591797,0.13671875,-0.05078125,-0.0703125,-0.984375,-5.9375,-7.3046875,0.03515625,-1.01953125,0.83984375
4275,42484463,42784463,0.189453125,0.921325684,-0.339477539,0.00158691406,0.13671875,-0.05078125,-0.0703125,-0.984375,-5.9375,-7.3046875,0.03515625,-1.15820312,0.865234375
4276,42490768,42790768,0.191345215,0.920471191,-0.340759277,0.00811767578,0.00390625,-0.22265625,-0.28515625,-1.234375,-5.921875,-7.28125,0.03515625,-1.15820312,0.865234375
4277,42502530,42802530,0.19317627,0.919555664,-0.341918945,0.0151977539,0.00390625,-0.22265625,-0.28515625,-1.234375,-5.921875,-7.28125,-0.005859375,-1.27929688,0.859375
4278,42509903,42809903,0.194946289,0.918518066,-0.343139648,0.0230102539,-0.06640625,0.18359375,-0.421875,-1.5078125,-5.90625,-7.2578125,-0.005859375,-1.27929688,0.859375
4279,42523933,42823933,0.196655273,0.917602539,-0.344177246,0.0303955078,-0.06640625,0.18359375,-0.421875,-1.5078125,-5.90625,-7.2578125,-0.0234375,-1.28710938,0.849609375
4280,42534262,42834262,0.198303223,0.916564941,-0.345214844,0.0377807617,0.078125,-0.046875,-0.390625,-1.8046875,-5.8671875,-7.2109375,-0.0234375,-1.28710938,0.849609375
4281,42544072,42844072,0.199768066,0.915588379,-0.346191406,0.0447387695,0.078125,-0.046875,-0.390625,-1.8046875,-5.8671875,-7.2109375,-0.017578125,-1.31835938,0.818359375
4282,42550049,42850049,0.201171875,0.914428711,-0.347412109,0.0522460938,-0.1484375,-0.26953125,-0.125,-2.078125,-5.8359375,-7.171875,-0.017578125,-1.31835938,0.818359375
4283,42564040,42864040,0.202453613,0.913085938,-0.348876953,0.059753418,-0.1484375,-0.26953125,-0.125,-2.078125,-5.8359375,-7.171875,0.09765625,-1.31640625,0.763671875
4284,42570618,42870618,0.203613281,0.911743164,-0.350402832,0.0667114258,0.21875,-0.109375,-0.1171875,-2.3671875,-5.8046875,-7.1015625,0.09765625,-1.31640625,0.763671875
4285,42582477,42882477,0.204711914,0.91027832,-0.352111816,0.0740356445,0.21875,-0.109375,-0.1171875,-2.3671875,-5.8046875,-7.1015625,0.134765625,-1.2890625,0.712890625
4286,42588467,42888467,0.205688477,0.908813477,-0.353820801,0.0809326172,0.21484375,0.21875,0.0703125,-2.6328125,-5.7890625,-7.0234375,0.134765625,-1.2890625,0.712890625
4287,42603005,42903005,0.206604004,0.907287598,-0.355529785,0.0878295898,0.21484375,0.21875,0.0703125,-2.6328125,-5.7890625,-7.0234375,0.162109375,-1.28320312,0.68359375
4288,42615579,42915579,0.207458496,0.905822754,-0.357177734,0.0944824219,0.24609375,0.47265625,-0.0546875,-2.890625,-5.7734375,-6.9375,0.162109375,-1.28320312,0.68359375
4289,42625925,42925925,0.208251953,0.90423584,-0.358764648,0.1015625,0.24609375,0.47265625,-0.0546875,-2.890625,-5.7734375,-6.9375,0.1015625,-1.27929688,0.66796875
4290,42630221,42930221,0.20904541,0.902770996,-0.360107422,0.108093262,0.15625,0.2578125,0.04296875,-3.1484375,-5.75,-6.84375,0.1015625,-1.27929688,0.66796875
4291,42641816,42941816,0.209838867,0.901184082,-0.361450195,0.114990234,0.15625,0.2578125,0.04296875,-3.1484375,-5.75,-6.84375,0.091796875,-1.19726562,0.6484375
4292,42650121,42950121,0.210571289,0.899719238,-0.362670898,0.121032715,0.25390625,0.15625,-0.00390625,-3.3984375,-5.7265625,-6.7578125,0.091796875,-1.19726562,0.6484375
4293,42661711,42961711,0.211364746,0.898132324,-0.363952637,0.127502441,0.25390625,0.15625,-0.00390625,-3.3984375,-5.7265625,-6.7578125,0.08984375,-1.1328125,0.61328125
4294,42668616,42968616,0.212097168,0.89654541,-0.365234375,0.133483887,0.328125,0.125,0.32421875,-3.625,-5.6953125,-6.6640625,0.08984375,-1.1328125,0.61328125
4295,42681314,42981314,0.21270752,0.895019531,-0.366516113,0.139160156,0.328125,0.125,0.32421875,-3.625,-5.6953125,-6.6640625,0.11328125,-1.06445312,0.546875
4296,42692133,42992133,0.213256836,0.893493652,-0.367736816,0.144836426,0.4140625,0.2109375,0.421875,-3.828125,-5.6640625,-6.5703125,0.11328125,-1.06445312,0.546875
4297,42704262,43004262,0.213745117,0.892089844,-0.368835449,0.149902344,0.4140625,0.2109375,0.421875,-3.828125,-5.6640625,-6.5703125,0.076171875,-0.966796875,0.482421875
4298,42707868,43007868,0.214111328,0.890808105,-0.369750977,0.154724121,0.296875,0.1484375,0.14453125,-4.015625,-5.640625,-6.484375,0.076171875,-0.966796875,0.482421875
4299,42725094,43025094,0.214538574,0.889465332,-0.370605469,0.159729004,0.296875,0.1484375,0.14453125,-4.015625,-5.640625,-6.484375,0.046875,-0.88671875,0.44921875
4300,42728704,43028704,0.214904785,0.888244629,-0.371398926,0.164123535,0.0859375,0.15625,0.09765625,-4.1875,-5.609375,-6.3984375,0.046875,-0.88671875,0.44921875
4301,42743191,43043191,0.215393066,0.886962891,-0.372253418,0.168518066,0.0859375,0.15625,0.09765625,-4.1875,-5.609375,-6.3984375,0.078125,-0.767578125,0.4140625
4302,42747976,43047976,0.215820312,0.885803223,-0.373046875,0.172180176,0.125,0.0078125,0.05859375,-4.34375,-5.578125,-6.3203125,0.078125,-0.767578125,0.4140625
4303,42765448,43065448,0.216308594,0.88458252,-0.373901367,0.17578125,0.125,0.0078125,0.05859375,-4.34375,-5.578125,-6.3203125,0.09375,-0.603515625,0.349609375
4304,42774723,43074723,0.216796875,0.883605957,-0.374572754,0.178710938,0.2578125,0.109375,0.0625,-4.4765625,-5.5625,-6.25,0.09375,-0.603515625,0.349609375
4305,42784441,43084441,0.217285156,0.88269043,-0.375183105,0.181518555,0.2578125,0.109375,0.0625,-4.4765625,-5.5625,-6.25,0.060546875,-0.462890625,0.27734375
4306,42788169,43088169,0.217590332,0.881958008,-0.375610352,0.183654785,0.16015625,0.27734375,0.19921875,-4.5703125,-5.5390625,-6.1953125,0.060546875,-0.462890625,0.27734375
4307,42805482,43105482,0.217956543,0.881347656,-0.375915527,0.18560791,0.16015625,0.27734375,0.19921875,-4.5703125,-5.5390625,-6.1953125,0.025390625,-0.294921875,0.185546875
4308,42809210,43109210,0.218200684,0.88092041,-0.376098633,0.186950684,0.1640625,0.22265625,0.19921875,-4.6484375,-5.5234375,-6.15625,0.025390625,-0.294921875,0.185546875
4309,42823522,43123522,0.218322754,0.88067627,-0.376159668,0.187805176,0.1640625,0.22265625,0.19921875,-4.6484375,-5.5234375,-6.15625,-0.01953125,-0.115234375,0.0859375
4310,42827259,43127259,0.218505859,0.880554199,-0.376037598,0.188293457,0.0859375,0.16796875,0.17578125,-4.6875,-5.5078125,-6.1328125,-0.01953125,-0.115234375,0.0859375
4311,42843339,43143339,0.21862793,0.880615234,-0.375915527,0.188293457,0.0859375,0.16796875,0.17578125,-4.6875,-5.5078125,-6.1328125,-0.0078125,0.0625,0.01171875
4312,42851910,43151910,0.218811035,0.88067627,-0.375793457,0.187805176,0.1328125,0.078125,0.26171875,-4.6953125,-5.4921875,-6.140625,-0.0078125,0.0625,0.01171875
4313,42861763,43161763,0.218994141,0.88092041,-0.375793457,0.186706543,0.1328125,0.078125,0.26171875,-4.6953125,-5.4921875,-6.140625,0.041015625,0.2578125,-0.07421875
4314,42868135,43168135,0.219177246,0.881225586,-0.375732422,0.185119629,0.140625,0.125,0.30859375,-4.6640625,-5.5,-6.1484375,0.041015625,0.2578125,-0.07421875
4315,42883981,43183981,0.219299316,0.881652832,-0.375732422,0.182983398,0.140625,0.125,0.30859375,-4.6640625,-5.5,-6.1484375,0.064453125,0.451171875,-0.189453125
4316,42887715,43187715,0.219299316,0.882202148,-0.375610352,0.180419922,0.125,0.33984375,0.30078125,-4.609375,-5.5234375,-6.1796875,0.064453125,0.451171875,-0.189453125
4317,42900663,43200663,0.219116211,0.882995605,-0.375305176,0.177185059,0.125,0.33984375,0.30078125,-4.609375,-5.5234375,-6.1796875,0.013671875,0.615234375,-0.31640625
4318,42907533,43207533,0.218811035,0.883972168,-0.374938965,0.17364502,0.10546875,0.3984375,0.30859375,-4.515625,-5.546875,-6.2265625,0.013671875,0.615234375,-0.31640625
4319,42923974,43223974,0.218322754,0.885009766,-0.374389648,0.16986084,0.10546875,0.3984375,0.30859375,-4.515625,-5.546875,-6.2265625,-0.03125,0.763671875,-0.4375
4320,42933006,43233006,0.217773438,0.886291504,-0.373718262,0.165466309,0.25,0.39453125,0.25,-4.390625,-5.578125,-6.28125,-0.03125,0.763671875,-0.4375
4321,42944611,43244611,0.217163086,0.887634277,-0.372924805,0.160766602,0.25,0.39453125,0.25,-4.390625,-5.578125,-6.28125,-0.05859375,0.912109375,-0.51953125
4322,42948348,43248348,0.216430664,0.889160156,-0.372009277,0.155273438,0.2109375,0.35546875,0.2890625,-4.234375,-5.6171875,-6.359375,-0.05859375,0.912109375,-0.51953125
4323,42962572,43262572,0.215820312,0.890563965,-0.371154785,0.15020752,0.2109375,0.35546875,0.2890625,-4.234375,-5.6171875,-6.359375,-0.056640625,1.01953125,-0.5703125
4324,42966297,43266297,0.215087891,0.892028809,-0.370239258,0.14453125,0.25,0.2734375,0.18359375,-4.046875,-5.6484375,-6.4453125,-0.056640625,1.01953125,-0.5703125
4325,42981136,43281136,0.214355469,0.893615723,-0.36932373,0.138305664,0.25,0.2734375,0.18359375,-4.046875,-5.6484375,-6.4453125,-0.033203125,1.11523438,-0.619140625
4326,42989402,43289402,0.213623047,0.895141602,-0.368347168,0.132141113,0.1875,0.2890625,0.19921875,-3.828125,-5.703125,-6.5390625,-0.033203125,1.11523438,-0.619140625
4327,43005656,43305656,0.21270752,0.896728516,-0.367248535,0.125671387,0.1875,0.2890625,0.19921875,-3.828125,-5.703125,-6.5390625,-0.0703125,1.15234375,-0.677734375
4328,43007138,43307138,0.211669922,0.898254395,-0.366088867,0.119445801,0.15234375,0.40234375,0.09375,-3.6015625,-5.7421875,-6.625,-0.0703125,1.15234375,-0.677734375
4329,43023007,43323007,0.210510254,0.899902344,-0.364807129,0.112976074,0.15234375,0.40234375,0.09375,-3.6015625,-5.7421875,-6.625,-0.123046875,1.17382812,-0.72265625
4330,43026744,43326744,0.209350586,0.901489258,-0.363464355,0.106811523,0.18359375,0.3984375,0.1015625,-3.3671875,-5.7734375,-6.7109375,-0.123046875,1.17382812,-0.72265625
4331,43045420,43345420,0.208007812,0.903137207,-0.361999512,0.0999755859,0.18359375,0.3984375,0.1015625,-3.3671875,-5.7734375,-6.7109375,-0.1171875,1.1640625,-0.736328125
4332,43049543,43349543,0.206787109,0.904663086,-0.360595703,0.0935058594,0.203125,0.2265625,-0.0703125,-3.1171875,-5.796875,-6.8046875,-0.1171875,1.1640625,-0.736328125
4333,43060830,43360830,0.205566406,0.906188965,-0.359191895,0.0867919922,0.203125,0.2265625,-0.0703125,-3.1171875,-5.796875,-6.8046875,-0.091796875,1.21484375,-0.72265625
4334,43068104,43368104,0.204467773,0.907531738,-0.357971191,0.080078125,0.18359375,-0.0859375,0.08984375,-2.8671875,-5.828125,-6.890625,-0.091796875,1.21484375,-0.72265625
4335,43083521,43383521,0.203369141,0.908630371,-0.35723877,0.0737304688,0.18359375,-0.0859375,0.08984375,-2.8671875,-5.828125,-6.890625,0.06640625,1.16601562,-0.720703125
4336,43092677,43392677,0.202087402,0.909667969,-0.356689453,0.0668334961,0.20703125,-0.09375,0,-2.625,-5.859375,-6.953125,0.06640625,1.16601562,-0.720703125
4337,43101340,43401340,0.200805664,0.910583496,-0.356262207,0.0601806641,0.20703125,-0.09375,0,-2.625,-5.859375,-6.953125,0.10546875,1.15429688,-0.771484375
4338,43108074,43408074,0.199279785,0.911560059,-0.355712891,0.0535888672,0.2265625,0.34375,0.19921875,-2.375,-5.9140625,-7,0.10546875,1.15429688,-0.771484375
4339,43125022,43425022,0.197570801,0.912597656,-0.354797363,0.0469970703,0.2265625,0.34375,0.19921875,-2.375,-5.9140625,-7,-0.02734375,1.07421875,-0.79296875
4340,43129498,43429498,0.195800781,0.913757324,-0.353637695,0.0408935547,0.24609375,0.578125,0.1328125,-2.125,-5.953125,-7.046875,-0.02734375,1.07421875,-0.79296875
4341,43143121,43443121,0.194030762,0.914916992,-0.352294922,0.0350952148,0.24609375,0.578125,0.1328125,-2.125,-5.953125,-7.046875,-0.15234375,0.94140625,-0.748046875
4342,43146849,43446849,0.192321777,0.916015625,-0.350830078,0.0299682617,0.125,0.37109375,-0.1171875,-1.890625,-5.9765625,-7.1015625,-0.15234375,0.94140625,-0.748046875
4343,43163375,43463375,0.190612793,0.917114258,-0.349243164,0.0249023438,0.125,0.37109375,-0.1171875,-1.890625,-5.9765625,-7.1015625,-0.1640625,0.828125,-0.6484375
4344,43172377,43472377,0.189208984,0.91796875,-0.347961426,0.0202636719,0.03125,-0.328125,-0.30078125,-1.6796875,-5.96875,-7.1484375,-0.1640625,0.828125,-0.6484375
4345,43183249,43483249,0.187805176,0.918762207,-0.347045898,0.0153198242,0.03125,-0.328125,-0.30078125,-1.6796875,-5.96875,-7.1484375,0.009765625,0.818359375,-0.591796875
4346,43187855,43487855,0.186584473,0.919250488,-0.346557617,0.0106811523,-0.12890625,-0.85546875,-0.37890625,-1.484375,-5.9765625,-7.1875,0.009765625,0.818359375,-0.591796875
4347,43204616,43504616,0.185241699,0.919616699,-0.346374512,0.00567626953,-0.12890625,-0.85546875,-0.37890625,-1.484375,-5.9765625,-7.1875,0.16015625,0.826171875,-0.603515625
4348,43209496,43509496,0.183837891,0.919921875,-0.346374512,0.000610351562,-0.16015625,-0.7109375,-0.29296875,-1.296875,-6.0078125,-7.1953125,0.16015625,0.826171875,-0.603515625
4349,43219460,43519460,-0.182250977,-0.920288086,0.346130371,0.00433349609,-0.16015625,-0.7109375,-0.29296875,-1.296875,-6.0078125,-7.1953125,0.07421875,0.806640625,-0.65625
4350,43225426,43525426,-0.180664062,-0.920776367,0.345581055,0.00903320312,-0.12890625,0.125,-0.0546875,-1.1015625,-6.0390625,-7.203125,0.07421875,0.806640625,-0.65625
4351,43243288,43543288,-0.178894043,-0.921508789,0.344482422,0.0140991211,-0.12890625,0.125,-0.0546875,-1.1015625,-6.0390625,-7.203125,-0.126953125,0.79296875,-0.67578125
4352,43251678,43551678,-0.177124023,-0.922302246,0.342956543,0.0186157227,0.05859375,0.41015625,0.07421875,-0.90625,-6.0546875,-7.21875,-0.126953125,0.79296875,-0.67578125
4353,43261718,43561718,-0.175476074,-0.923156738,0.341308594,0.0225830078,0.05859375,0.41015625,0.07421875,-0.90625,-6.0546875,-7.21875,-0.224609375,0.66796875,-0.62109375
4354,43265436,43565436,-0.173828125,-0.923950195,0.33972168,0.0263671875,-0.08203125,-0.11328125,-0.23828125,-0.7265625,-6.03125,-7.25,-0.224609375,0.66796875,-0.62109375
4355,43282659,43582659,-0.172302246,-0.924621582,0.338378906,0.0299072266,-0.08203125,-0.11328125,-0.23828125,-0.7265625,-6.03125,-7.25,-0.119140625,0.583984375,-0.53125
4356,43286840,43586840,-0.170959473,-0.925109863,0.337463379,0.0335083008,-0.0859375,-0.7421875,-0.4375,-0.5703125,-6.015625,-7.28125,-0.119140625,0.583984375,-0.53125
4357,43298829,43598829,-0.169799805,-0.925292969,0.337036133,0.0373535156,-0.0859375,-0.7421875,-0.4375,-0.5703125,-6.015625,-7.28125,0.1171875,0.671875,-0.46484375
4358,43304559,43604559,-0.168823242,-0.925292969,0.337097168,0.0414428711,-0.01171875,-0.85546875,-0.11328125,-0.4140625,-6.015625,-7.296875,0.1171875,0.671875,-0.46484375
4359,43321316,43621316,-0.167785645,-0.925170898,0.337280273,0.0459594727,-0.01171875,-0.85546875,-0.11328125,-0.4140625,-6.015625,-7.296875,0.1875,0.75,-0.48828125
4360,43331237,43631237,-0.166687012,-0.925170898,0.337219238,0.0501098633,0.125,-0.05859375,0.359375,-0.2421875,-6.046875,-7.2734375,0.1875,0.75,-0.48828125
4361,43341160,43641160,-0.165405273,-0.925415039,0.336608887,0.0543212891,0.125,-0.05859375,0.359375,-0.2421875,-6.046875,-7.2734375,-0.0390625,0.642578125,-0.51953125
4362,43344767,43644767,-0.164123535,-0.925842285,0.335510254,0.0577392578,-0.03125,0.6484375,0.3828125,-0.0859375,-6.0625,-7.2578125,-0.0390625,0.642578125,-0.51953125
4363,43363740,43663740,-0.162841797,-0.926452637,0.33392334,0.0608520508,-0.03125,0.6484375,0.3828125,-0.0859375,-6.0625,-7.2578125,-0.240234375,0.494140625,-0.447265625
4364,43368425,43668425,-0.161743164,-0.927001953,0.332336426,0.0637207031,0.1328125,0.35546875,-0.0234375,0.0546875,-6.0390625,-7.2734375,-0.240234375,0.494140625,-0.447265625
4365,43379359,43679359,-0.160827637,-0.927429199,0.331054688,0.0664672852,0.1328125,0.35546875,-0.0234375,0.0546875,-6.0390625,-7.2734375,-0.123046875,0.5,-0.37109375
4366,43384392,43684392,-0.159973145,-0.92767334,0.33013916,0.0694580078,0.23828125,-0.48828125,-0.19140625,0.1796875,-6,-7.296875,-0.123046875,0.5,-0.37109375
4367,43399342,43699342,-0.159240723,-0.927734375,0.329650879,0.0726318359,0.23828125,-0.48828125,-0.19140625,0.1796875,-6,-7.296875,0.05078125,0.587890625,-0.3671875
4368,43407616,43707616,-0.158447266,-0.92767334,0.329345703,0.0762329102,0.2734375,-0.49609375,-0.078125,0.296875,-5.9921875,-7.296875,0.05078125,0.587890625,-0.3671875
4369,43420306,43720306,-0.157653809,-0.92767334,0.329040527,0.0797119141,0.2734375,-0.49609375,-0.078125,0.296875,-5.9921875,-7.296875,0.05859375,0.619140625,-0.390625
4370,43424038,43724038,-0.156860352,-0.92767334,0.328552246,0.0831298828,0.171875,-0.1796875,-0.0859375,0.4375,-6,-7.2890625,0.05859375,0.619140625,-0.390625
4371,43441136,43741136,-0.155883789,-0.927734375,0.327880859,0.086730957,0.171875,-0.1796875,-0.0859375,0.4375,-6,-7.2890625,-0.017578125,0.580078125,-0.412109375
4372,43444873,43744873,-0.154968262,-0.927856445,0.327209473,0.08984375,-0.0390625,0.1640625,-0.0546875,0.5703125,-6,-7.28125,-0.017578125,0.580078125,-0.412109375
4373,43457931,43757931,-0.153930664,-0.927978516,0.326416016,0.0930175781,-0.0390625,0.1640625,-0.0546875,0.5703125,-6,-7.28125,-0.04296875,0.51171875,-0.400390625
4374,43464587,43764587,-0.152954102,-0.928100586,0.325561523,0.0960083008,0.06640625,0.1953125,-0.0625,0.6953125,-5.9921875,-7.2734375,-0.04296875,0.51171875,-0.400390625
4375,43477448,43777448,-0.151916504,-0.928222656,0.324768066,0.0990600586,0.06640625,0.1953125,-0.0625,0.6953125,-5.9921875,-7.2734375,-0.044921875,0.5234375,-0.3984375
4376,43490410,43790410,-0.151000977,-0.928344727,0.323974609,0.102050781,0.01953125,0.21484375,-0.0234375,0.8203125,-5.9765625,-7.2734375,-0.044921875,0.5234375,-0.3984375
4377,43498872,43798872,-0.150146484,-0.928405762,0.323242188,0.104919434,0.01953125,0.21484375,-0.0234375,0.8203125,-5.9765625,-7.2734375,-0.02734375,0.5078125,-0.375
4378,43503651,43803651,-0.149169922,-0.928466797,0.32244873,0.108032227,0.015625,0.0546875,0.046875,0.9375,-5.96875,-7.265625,-0.02734375,0.5078125,-0.375
4379,43518953,43818953,-0.148376465,-0.928588867,0.321716309,0.110778809,0.015625,0.0546875,0.046875,0.9375,-5.96875,-7.265625,-0.060546875,0.478515625,-0.33984375
4380,43523749,43823749,-0.147644043,-0.928649902,0.320861816,0.113342285,0.0546875,0.26953125,0.08203125,1.0546875,-5.953125,-7.265625,-0.060546875,0.478515625,-0.33984375
4381,43537880,43837880,-0.146972656,-0.928771973,0.320007324,0.115905762,0.0546875,0.26953125,0.08203125,1.0546875,-5.953125,-7.265625,-0.078125,0.45703125,-0.314453125
4382,43543846,43843846,-0.14630127,-0.928833008,0.319030762,0.118530273,0.10546875,0.21484375,0.16015625,1.15625,-5.9375,-7.265625,-0.078125,0.45703125,-0.314453125
4383,43557847,43857847,-0.145690918,-0.929016113,0.317993164,0.120910645,0.10546875,0.21484375,0.16015625,1.15625,-5.9375,-7.265625,-0.123046875,0.4140625,-0.279296875
4384,43566862,43866862,-0.145141602,-0.929138184,0.317016602,0.12310791,-0.08203125,0.078125,0.08203125,1.265625,-5.9140625,-7.265625,-0.123046875,0.4140625,-0.279296875
4385,43577404,43877404,-0.144592285,-0.929260254,0.316101074,0.125061035,-0.08203125,0.078125,0.08203125,1.265625,-5.9140625,-7.265625,-0.103515625,0.3515625,-0.25
4386,43583373,43883373,-0.144104004,-0.929382324,0.315185547,0.12701416,-0.0078125,-0.09765625,-0.0703125,1.34375,-5.890625,-7.265625,-0.103515625,0.3515625,-0.25
4387,43598896,43898896,-0.143615723,-0.929504395,0.314453125,0.12878418,-0.0078125,-0.09765625,-0.0703125,1.34375,-5.890625,-7.265625,-0.076171875,0.302734375,-0.216796875
4388,43603223,43903223,-0.143127441,-0.92956543,0.313781738,0.130371094,0.0234375,-0.26953125,-0.18359375,1.4296875,-5.875,-7.265625,-0.076171875,0.302734375,-0.216796875
4389,43617978,43917978,-0.142578125,-0.92956543,0.313171387,0.132080078,0.0234375,-0.26953125,-0.18359375,1.4296875,-5.875,-7.265625,-0.044921875,0.275390625,-0.19921875
4390,43623009,43923009,-0.142150879,-0.929626465,0.312683105,0.133605957,0.07421875,-0.29296875,-0.14453125,1.4921875,-5.8515625,-7.265625,-0.044921875,0.275390625,-0.19921875
4391,43639447,43939447,-0.141784668,-0.929626465,0.312194824,0.135131836,0.07421875,-0.29296875,-0.14453125,1.4921875,-5.8515625,-7.265625,-0.03515625,0.26171875,-0.169921875
4392,43648620,43948620,-0.141418457,-0.929626465,0.311767578,0.136474609,-0.02734375,-0.22265625,-0.0390625,1.5546875,-5.84375,-7.2578125,-0.03515625,0.26171875,-0.169921875
4393,43659960,43959960,-0.141174316,-0.929626465,0.311218262,0.137695312,-0.02734375,-0.22265625,-0.0390625,1.5546875,-5.84375,-7.2578125,-0.064453125,0.19921875,-0.12890625
4394,43663710,43963710,-0.140930176,-0.9296875,0.31072998,0.138671875,-0.00390625,-0.23046875,-0.19140625,1.609375,-5.8359375,-7.2578125,-0.064453125,0.19921875,-0.12890625
4395,43677117,43977117,-0.140808105,-0.929748535,0.310241699,0.139526367,-0.00390625,-0.23046875,-0.19140625,1.609375,-5.8359375,-7.2578125,-0.05078125,0.15625,-0.078125
4396,43685211,43985211,-0.14074707,-0.929748535,0.309875488,0.140319824,0.07421875,-0.28515625,-0.23046875,1.6484375,-5.8203125,-7.2578125,-0.05078125,0.15625,-0.078125
4397,43698503,43998503,-0.140808105,-0.929748535,0.309570312,0.140991211,0.07421875,-0.28515625,-0.23046875,1.6484375,-5.8203125,-7.2578125,-0.05078125,0.125,-0.033203125
4398,43702234,44002234,-0.140930176,-0.92980957,0.309204102,0.141479492,-0.02734375,-0.33203125,-0.14453125,1.671875,-5.8125,-7.265625,-0.05078125,0.125,-0.033203125
4399,43717534,44017534,-0.141052246,-0.929870605,0.308837891,0.141723633,-0.02734375,-0.33203125,-0.14453125,1.671875,-5.8125,-7.265625,-0.068359375,0.041015625,0.009765625
4400,43726368,44026368,-0.141235352,-0.929931641,0.308532715,0.141784668,-0.08203125,-0.33984375,-0.18359375,1.6875,-5.8046875,-7.265625,-0.068359375,0.041015625,0.009765625
4401,43737768,44037768,-0.141418457,-0.929992676,0.308288574,0.141662598,-0.08203125,-0.33984375,-0.18359375,1.6875,-5.8046875,-7.265625,-0.048828125,-0.017578125,0.0390625
4402,43744376,44044376,-0.141601562,-0.930053711,0.308105469,0.141479492,0.03515625,-0.30859375,-0.24609375,1.6875,-5.796875,-7.28125,-0.048828125,-0.017578125,0.0390625
4403,43760338,44060338,-0.141845703,-0.930114746,0.308044434,0.141113281,0.03515625,-0.30859375,-0.24609375,1.6875,-5.796875,-7.28125,-0.021484375,-0.05859375,0.080078125
4404,43765414,44065414,-0.142211914,-0.930114746,0.308105469,0.140625,0.05078125,-0.35546875,-0.23828125,1.671875,-5.7890625,-7.2890625,-0.021484375,-0.05859375,0.080078125
4405,43779572,44079572,-0.142578125,-0.930053711,0.308288574,0.140014648,0.05078125,-0.35546875,-0.23828125,1.671875,-5.7890625,-7.2890625,0.009765625,-0.109375,0.12109375
4406,43783181,44083181,-0.142944336,-0.930053711,0.30847168,0.139282227,-0.00390625,-0.34765625,-0.27734375,1.6484375,-5.796875,-7.2890625,0.009765625,-0.109375,0.12109375
4407,43795799,44095799,-0.143371582,-0.930053711,0.308776855,0.138366699,-0.00390625,-0.34765625,-0.27734375,1.6484375,-5.796875,-7.2890625,0.013671875,-0.15625,0.154296875
4408,43804500,44104500,-0.143859863,-0.929992676,0.309020996,0.137390137,-0.05078125,-0.19140625,-0.23828125,1.6171875,-5.796875,-7.2890625,0.013671875,-0.15625,0.154296875
4409,43815831,44115831,-0.14440918,-0.929992676,0.309326172,0.136108398,-0.05078125,-0.19140625,-0.23828125,1.6171875,-5.796875,-7.2890625,0.005859375,-0.2265625,0.19140625
4410,43822740,44122740,-0.144958496,-0.930053711,0.309631348,0.134643555,-0.1171875,-0.1015625,-0.078125,1.5703125,-5.8125,-7.296875,0.005859375,-0.2265625,0.19140625
4411,43835819,44135819,-0.145507812,-0.930114746,0.309936523,0.13293457,-0.1171875,-0.1015625,-0.078125,1.5703125,-5.8125,-7.296875,-0.017578125,-0.30859375,0.232421875
4412,43841576,44141576,-0.146118164,-0.930114746,0.310302734,0.131164551,-0.0859375,0.05859375,-0.0703125,1.5,-5.8203125,-7.3046875,-0.017578125,-0.30859375,0.232421875
4413,43855530,44155530,-0.146850586,-0.930175781,0.31072998,0.12902832,-0.0859375,0.05859375,-0.0703125,1.5,-5.8203125,-7.3046875,-0.0078125,-0.369140625,0.275390625
4414,43862436,44162436,-0.147583008,-0.930236816,0.311157227,0.12677002,-0.0859375,0.14453125,0.09375,1.421875,-5.828125,-7.3125,-0.0078125,-0.369140625,0.275390625
4415,43876206,44176206,-0.1484375,-0.930297852,0.311584473,0.124328613,-0.0859375,0.14453125,0.09375,1.421875,-5.828125,-7.3125,-0.005859375,-0.45703125,0.333984375
4416,43885171,44185171,-0.149291992,-0.930358887,0.312133789,0.121520996,-0.02734375,0.19140625,0.14453125,1.328125,-5.8359375,-7.328125,-0.005859375,-0.45703125,0.333984375
4417,43898023,44198023,-0.150268555,-0.930419922,0.312683105,0.118408203,-0.02734375,0.19140625,0.14453125,1.328125,-5.8359375,-7.328125,-0.0234375,-0.56640625,0.400390625
4418,43901752,44201752,-0.151245117,-0.930480957,0.313171387,0.115112305,-0.02734375,0.2734375,0.0859375,1.2109375,-5.84375,-7.34375,-0.0234375,-0.56640625,0.400390625
4419,43915496,44215496,-0.15246582,-0.930603027,0.313720703,0.11126709,-0.02734375,0.2734375,0.0859375,1.2109375,-5.84375,-7.34375,-0.0546875,-0.6484375,0.47265625
4420,43921500,44221500,-0.153686523,-0.930664062,0.314208984,0.107543945,0.0390625,0.19921875,-0.05078125,1.0703125,-5.84375,-7.359375,-0.0546875,-0.6484375,0.47265625
4421,43935769,44235769,-0.155090332,-0.930725098,0.314697266,0.103210449,0.0390625,0.19921875,-0.05078125,1.0703125,-5.84375,-7.359375,-0.06640625,-0.736328125,0.541015625
4422,43941735,44241735,-0.156494141,-0.930786133,0.315307617,0.0987548828,-0.10546875,-0.109375,-0.2578125,0.90625,-5.84375,-7.3828125,-0.06640625,-0.736328125,0.541015625
4423,43956810,44256810,-0.15802002,-0.930786133,0.315979004,0.0941772461,-0.10546875,-0.109375,-0.2578125,0.90625,-5.84375,-7.3828125,-0.041015625,-0.794921875,0.595703125
4424,43965958,44265958,-0.159484863,-0.930725098,0.316711426,0.0896606445,-0.0390625,-0.22265625,-0.3125,0.7265625,-5.84375,-7.40625,-0.041015625,-0.794921875,0.595703125
4425,43977582,44277582,-0.161193848,-0.930603027,0.317565918,0.0846557617,-0.0390625,-0.22265625,-0.3125,0.7265625,-5.84375,-7.40625,-0.01171875,-0.83203125,0.640625
4426,43981310,44281310,-0.162780762,-0.930419922,0.31842041,0.0798950195,-0.04296875,-0.3671875,-0.3828125,0.5390625,-5.8515625,-7.4140625,-0.01171875,-0.83203125,0.640625
4427,43994952,44294952,-0.164550781,-0.930236816,0.319335938,0.0746459961,-0.04296875,-0.3671875,-0.3828125,0.5390625,-5.8515625,-7.4140625,-0.01953125,-0.8671875,0.662109375
4428,44002042,44302042,-0.166320801,-0.930053711,0.320251465,0.069519043,-0.109375,-0.484375,-0.48046875,0.3359375,-5.8515625,-7.4296875,-0.01953125,-0.8671875,0.662109375
4429,44014995,44314995,-0.16809082,-0.929748535,0.321166992,0.0642700195,-0.109375,-0.484375,-0.48046875,0.3359375,-5.8515625,-7.4296875,0.0078125,-0.900390625,0.69921875
4430,44020963,44320963,-0.169921875,-0.929382324,0.32232666,0.0588989258,-0.01171875,-0.4453125,-0.51953125,0.125,-5.8515625,-7.4296875,0.0078125,-0.900390625,0.69921875
4431,44036599,44336599,-0.171813965,-0.928955078,0.323547363,0.053527832,-0.01171875,-0.4453125,-0.51953125,0.125,-5.8515625,-7.4296875,0.064453125,-0.927734375,0.740234375
4432,44044236,44344236,-0.173706055,-0.928405762,0.324829102,0.0483398438,0.05078125,-0.55078125,-0.40234375,-0.09375,-5.859375,-7.4296875,0.064453125,-0.927734375,0.740234375
4433,44054500,44354500,-0.175842285,-0.92779541,0.32623291,0.0429077148,0.05078125,-0.55078125,-0.40234375,-0.09375,-5.859375,-7.4296875,0.095703125,-0.8828125,0.765625
4434,44061822,44361822,-0.17791748,-0.927124023,0.327636719,0.0375976562,0.0859375,-0.421875,-0.21875,-0.3203125,-5.875,-7.421875,0.095703125,-0.8828125,0.765625
4435,44075463,44375463,-0.179992676,-0.926513672,0.328918457,0.0321655273,0.0859375,-0.421875,-0.21875,-0.3203125,-5.875,-7.421875,0.05859375,-0.9453125,0.78125
4436,44080515,44380515,-0.182067871,-0.925842285,0.330078125,0.0263671875,0.046875,-0.18359375,-0.3125,-0.546875,-5.8828125,-7.40625,0.05859375,-0.9453125,0.78125
4437,44096101,44396101,-0.184082031,-0.925231934,0.331115723,0.0208740234,0.046875,-0.18359375,-0.3125,-0.546875,-5.8828125,-7.40625,0.03515625,-0.95703125,0.806640625
4438,44101154,44401154,-0.186218262,-0.924499512,0.332275391,0.0150756836,0.15625,-0.34375,-0.2890625,-0.7734375,-5.875,-7.390625,0.03515625,-0.95703125,0.806640625
4439,44114453,44414453,-0.188415527,-0.923706055,0.333496094,0.00921630859,0.15625,-0.34375,-0.2890625,-0.7734375,-5.875,-7.390625,0.0390625,-1.00976562,0.83984375
4440,44122632,44422632,-0.190673828,-0.922790527,0.334838867,0.0029296875,-0.05859375,-0.3125,0.0234375,-1.015625,-5.8671875,-7.359375,0.0390625,-1.00976562,0.83984375
4441,44135386,44435386,0.192687988,0.921813965,-0.336242676,0.00311279297,-0.05859375,-0.3125,0.0234375,-1.015625,-5.8671875,-7.359375,0.107421875,-1.05273438,0.814453125
4442,44140527,44440527,0.194641113,0.920837402,-0.33770752,0.00952148438,0.12109375,-0.0546875,0.109375,-1.2734375,-5.859375,-7.328125,0.107421875,-1.05273438,0.814453125
4443,44154458,44454458,0.196350098,0.91998291,-0.338928223,0.0155639648,0.12109375,-0.0546875,0.109375,-1.2734375,-5.859375,-7.328125,0.046875,-1.140625,0.80078125
4444,44160601,44460601,0.198120117,0.918945312,-0.340270996,0.0223999023,0.02734375,-0.0234375,-0.0859375,-1.5234375,-5.8515625,-7.2890625,0.046875,-1.140625,0.80078125
4445,44175439,44475439,0.199768066,0.917907715,-0.34161377,0.0291748047,0.02734375,-0.0234375,-0.0859375,-1.5234375,-5.8515625,-7.2890625,0.07421875,-1.18945312,0.787109375
4446,44180218,44480218,0.20123291,0.916809082,-0.343078613,0.0355224609,0.17578125,-0.109375,0.06640625,-1.7890625,-5.84375,-7.25,0.07421875,-1.18945312,0.787109375
4447,44195034,44495034,0.202819824,0.915527344,-0.344787598,0.0424804688,0.17578125,-0.109375,0.06640625,-1.7890625,-5.84375,-7.25,0.115234375,-1.17382812,0.7421875
4448,44203815,44503815,0.204101562,0.914367676,-0.346252441,0.048828125,0.328125,0.2578125,0.2421875,-2.0546875,-5.828125,-7.1953125,0.115234375,-1.17382812,0.7421875
4449,44213863,44513863,0.205383301,0.913208008,-0.347595215,0.0549316406,0.328125,0.2578125,0.2421875,-2.0546875,-5.828125,-7.1953125,0.072265625,-1.09570312,0.693359375
4450,44219986,44519986,0.206665039,0.912109375,-0.348754883,0.0610351562,0.453125,0.3203125,0.2578125,-2.296875,-5.8125,-7.1328125,0.072265625,-1.09570312,0.693359375
4451,44234149,44534149,0.207824707,0.910949707,-0.349914551,0.067199707,0.453125,0.3203125,0.2578125,-2.296875,-5.8125,-7.1328125,0.04296875,-1.09570312,0.666015625
4452,44240130,44540130,0.20892334,0.909790039,-0.351135254,0.0732421875,0.11328125,0.05859375,0.203125,-2.53125,-5.78125,-7.078125,0.04296875,-1.09570312,0.666015625
4453,44254593,44554593,0.209899902,0.908508301,-0.352539062,0.078918457,0.11328125,0.05859375,0.203125,-2.53125,-5.78125,-7.078125,0.169921875,-1.10351562,0.63671875
4454,44265245,44565245,0.2109375,0.906982422,-0.354370117,0.085144043,0.296875,0.16015625,0.28515625,-2.75,-5.765625,-7.0078125,0.169921875,-1.10351562,0.63671875
4455,44273404,44573404,0.211791992,0.905578613,-0.356079102,0.0907592773,0.296875,0.16015625,0.28515625,-2.75,-5.765625,-7.0078125,0.185546875,-1.10351562,0.615234375
4456,44282491,44582491,0.21270752,0.904052734,-0.357849121,0.096862793,0.3671875,0.53515625,0.3125,-2.9765625,-5.7578125,-6.921875,0.185546875,-1.10351562,0.615234375
4457,44294206,44594206,0.213562012,0.902648926,-0.359313965,0.102661133,0.3671875,0.53515625,0.3125,-2.9765625,-5.7578125,-6.921875,0.111328125,-1.06445312,0.587890625
4458,44304528,44604528,0.214355469,0.901306152,-0.360534668,0.108276367,0.3671875,0.51171875,0.3046875,-3.203125,-5.734375,-6.8359375,0.111328125,-1.06445312,0.587890625
4459,44313620,44613620,0.215026855,0.899963379,-0.361694336,0.113952637,0.3671875,0.51171875,0.3046875,-3.203125,-5.734375,-6.8359375,0.07421875,-1.02539062,0.55078125
4460,44319661,44619661,0.215698242,0.898681641,-0.362792969,0.119262695,0.23046875,0.140625,0.1875,-3.4140625,-5.7109375,-6.7578125,0.07421875,-1.02539062,0.55078125
4461,44333248,44633248,0.216308594,0.897277832,-0.364013672,0.124694824,0.23046875,0.140625,0.1875,-3.4140625,-5.7109375,-6.7578125,0.09765625,-1,0.533203125
4462,44342799,44642799,0.21697998,0.895935059,-0.36517334,0.129882812,0.3515625,0.08203125,-0.00390625,-3.609375,-5.6875,-6.6796875,0.09765625,-1,0.533203125
4463,44353159,44653159,0.217590332,0.894592285,-0.366333008,0.13482666,0.3515625,0.08203125,-0.00390625,-3.609375,-5.6875,-6.6796875,0.09765625,-0.8828125,0.48828125
4464,44361497,44661497,0.218200684,0.893310547,-0.367370605,0.139404297,0.22265625,0.25,-0.05078125,-3.7890625,-5.6640625,-6.59375,0.09765625,-0.8828125,0.48828125
4465,44376106,44676106,0.218811035,0.892150879,-0.368225098,0.143676758,0.22265625,0.25,-0.05078125,-3.7890625,-5.6640625,-6.59375,0.076171875,-0.771484375,0.4296875
4466,44382502,44682502,0.219299316,0.891052246,-0.36907959,0.147521973,-0.04296875,0.109375,-0.0859375,-3.9453125,-5.640625,-6.5234375,0.076171875,-0.771484375,0.4296875
4467,44392661,44692661,0.219787598,0.889892578,-0.369995117,0.151306152,-0.04296875,0.109375,-0.0859375,-3.9453125,-5.640625,-6.5234375,0.1015625,-0.671875,0.359375
4468,44399589,44699589,0.220214844,0.888793945,-0.37097168,0.154724121,-0.0625,-0.05859375,0.0390625,-4.078125,-5.625,-6.453125,0.1015625,-0.671875,0.359375
4469,44414388,44714388,0.22052002,0.887756348,-0.372009277,0.157653809,-0.0625,-0.05859375,0.0390625,-4.078125,-5.625,-6.453125,0.154296875,-0.552734375,0.28125
4470,44417991,44717991,0.220825195,0.88684082,-0.373046875,0.160095215,0.015625,0.00390625,0.01171875,-4.1953125,-5.609375,-6.390625,0.154296875,-0.552734375,0.28125
4471,44435846,44735846,0.221130371,0.885925293,-0.374023438,0.162231445,0.015625,0.00390625,0.01171875,-4.1953125,-5.609375,-6.390625,0.15234375,-0.380859375,0.189453125
4472,44444898,44744898,0.221313477,0.885192871,-0.374938965,0.163879395,-0.05078125,0.234375,-0.00390625,-4.28125,-5.609375,-6.3359375,0.15234375,-0.380859375,0.189453125
4473,44454861,44754861,0.221496582,0.88458252,-0.375732422,0.165161133,-0.05078125,0.234375,-0.00390625,-4.28125,-5.609375,-6.3359375,0.130859375,-0.23828125,0.10546875
4474,44462251,44762251,0.221557617,0.884094238,-0.376403809,0.166015625,-0.07421875,0.27734375,0.1015625,-4.3359375,-5.6171875,-6.2890625,0.130859375,-0.23828125,0.10546875
4475,44476167,44776167,0.221618652,0.883789062,-0.376953125,0.166442871,-0.07421875,0.27734375,0.1015625,-4.3359375,-5.6171875,-6.2890625,0.07421875,-0.048828125,0.01171875
4476,44480864,44780864,0.221557617,0.883728027,-0.377197266,0.166320801,0.1796875,0.59375,0.1171875,-4.359375,-5.625,-6.265625,0.07421875,-0.048828125,0.01171875
4477,44492831,44792831,0.221496582,0.883850098,-0.377197266,0.165710449,0.1796875,0.59375,0.1171875,-4.359375,-5.625,-6.265625,-0.0078125,0.146484375,-0.091796875
4478,44501499,44801499,0.221313477,0.884155273,-0.37701416,0.164672852,0.25,0.71484375,0.1953125,-4.3515625,-5.6328125,-6.265625,-0.0078125,0.146484375,-0.091796875
4479,44511789,44811789,0.221130371,0.88470459,-0.376586914,0.163146973,0.25,0.71484375,0.1953125,-4.3515625,-5.6328125,-6.265625,-0.05859375,0.326171875,-0.17578125
4480,44520512,44820512,0.22088623,0.885253906,-0.376159668,0.161193848,0.2421875,0.265625,0.33203125,-4.3046875,-5.640625,-6.2890625,-0.05859375,0.326171875,-0.17578125
4481,44532260,44832260,0.22064209,0.885864258,-0.375854492,0.158935547,0.2421875,0.265625,0.33203125,-4.3046875,-5.640625,-6.2890625,0.001953125,0.44921875,-0.255859375
4482,44540797,44840797,0.220336914,0.886535645,-0.375610352,0.15625,0.203125,0.125,0.48828125,-4.2265625,-5.65625,-6.328125,0.001953125,0.44921875,-0.255859375
4483,44551354,44851354,0.219909668,0.887207031,-0.375488281,0.153320312,0.203125,0.125,0.48828125,-4.2265625,-5.65625,-6.328125,0.05859375,0.533203125,-0.33984375
4484,44558277,44858277,0.219360352,0.887939453,-0.375427246,0.150146484,0.375,0.37890625,0.52734375,-4.1328125,-5.6796875,-6.3671875,0.05859375,0.533203125,-0.33984375
4485,44572164,44872164,0.218688965,0.88873291,-0.375183105,0.146789551,0.375,0.37890625,0.52734375,-4.1328125,-5.6796875,-6.3671875,-0.00390625,0.603515625,-0.41796875
4486,44580518,44880518,0.217956543,0.889709473,-0.374633789,0.143310547,0.41015625,0.80078125,0.52734375,-4.015625,-5.71875,-6.40625,-0.00390625,0.603515625,-0.41796875
4487,44590772,44890772,0.217041016,0.890808105,-0.373840332,0.139770508,0.41015625,0.80078125,0.52734375,-4.015625,-5.71875,-6.40625,-0.12890625,0.62890625,-0.4453125
4488,44599429,44899429,0.216186523,0.892028809,-0.372802734,0.136291504,0.36328125,0.59375,0.359375,-3.890625,-5.7421875,-6.46875,-0.12890625,0.62890625,-0.4453125
4489,44611130,44911130,0.215332031,0.893249512,-0.371643066,0.1328125,0.36328125,0.59375,0.359375,-3.890625,-5.7421875,-6.46875,-0.17578125,0.638671875,-0.427734375
4490,44620192,44920192,0.214538574,0.89440918,-0.370483398,0.129333496,0.4140625,0.14453125,0.15234375,-3.75,-5.75,-6.53125,-0.17578125,0.638671875,-0.427734375
4491,44630851,44930851,0.213806152,0.895507812,-0.369384766,0.125793457,0.4140625,0.14453125,0.15234375,-3.75,-5.75,-6.53125,-0.134765625,0.66796875,-0.40625
4492,44637943,44937943,0.213134766,0.896606445,-0.368347168,0.122131348,0.2890625,-0.0390625,0.109375,-3.625,-5.7578125,-6.6015625,-0.134765625,0.66796875,-0.40625
4493,44651872,44951872,0.212524414,0.897705078,-0.367431641,0.118286133,0.2890625,-0.0390625,0.109375,-3.625,-5.7578125,-6.6015625,-0.091796875,0.708984375,-0.416015625
4494,44659416,44959416,0.211914062,0.898681641,-0.366577148,0.114440918,0.1484375,-0.21484375,0.0859375,-3.484375,-5.7734375,-6.65625,-0.091796875,0.708984375,-0.416015625
4495,44672822,44972822,0.211303711,0.899658203,-0.365783691,0.110473633,0.1484375,-0.21484375,0.0859375,-3.484375,-5.7734375,-6.65625,-0.0625,0.72265625,-0.423828125
4496,44681241,44981241,0.210693359,0.90057373,-0.364929199,0.106689453,0.11328125,0.07421875,0.140625,-3.3359375,-5.796875,-6.7109375,-0.0625,0.72265625,-0.423828125
4497,44691800,44991800,0.209899902,0.901672363,-0.363769531,0.102539062,0.11328125,0.07421875,0.140625,-3.3359375,-5.796875,-6.7109375,-0.140625,0.74609375,-0.451171875
4498,44698084,44998084,0.209106445,0.902893066,-0.362487793,0.098449707,-0.04296875,-0.0703125,-0.109375,-3.1796875,-5.8046875,-6.765625,-0.140625,0.74609375,-0.451171875
4499,44712717,45012717,0.208251953,0.904052734,-0.36114502,0.0944824219,-0.04296875,-0.0703125,-0.109375,-3.1796875,-5.8046875,-6.765625,-0.193359375,0.732421875,-0.455078125
4500,44717530,45017530,0.207519531,0.905151367,-0.359802246,0.0907592773,-0.16015625,-0.25390625,-0.23046875,-3.0234375,-5.8125,-6.8359375,-0.193359375,0.732421875,-0.455078125
4501,44731997,45031997,0.206848145,0.906188965,-0.358459473,0.086730957,-0.16015625,-0.25390625,-0.23046875,-3.0234375,-5.8125,-6.8359375,-0.142578125,0.751953125,-0.412109375
4502,44737087,45037087,0.206359863,0.907165527,-0.357299805,0.0825195312,-0.19140625,-0.59765625,-0.3984375,-2.875,-5.8125,-6.8984375,-0.142578125,0.751953125,-0.412109375
4503,44750771,45050771,0.205932617,0.907897949,-0.356567383,0.0783691406,-0.19140625,-0.59765625,-0.3984375,-2.875,-5.8125,-6.8984375,0.0078125,0.765625,-0.38671875
4504,44765542,45065542,0.205566406,0.908569336,-0.356079102,0.07421875,-0.3125,-0.5078125,-0.23828125,-2.71875,-5.828125,-6.9453125,0.0078125,0.765625,-0.38671875
4505,44770620,45070620,0.20513916,0.909118652,-0.355651855,0.0701293945,-0.3125,-0.5078125,-0.23828125,-2.71875,-5.828125,-6.9453125,0.05078125,0.771484375,-0.41015625
4506,44780585,45080585,0.204589844,0.909790039,-0.355102539,0.0655517578,-0.19140625,0.0546875,-0.0078125,-2.5703125,-5.8515625,-6.984375,0.05078125,0.771484375,-0.41015625
4507,44792322,45092322,0.203918457,0.910583496,-0.354309082,0.061340332,-0.19140625,0.0546875,-0.0078125,-2.5703125,-5.8515625,-6.984375,-0.052734375,0.787109375,-0.47265625
4508,44796067,45096067,0.203063965,0.911376953,-0.353393555,0.0570068359,-0.23828125,0.03125,-0.00390625,-2.40625,-5.8671875,-7.0234375,-0.052734375,0.787109375,-0.47265625
4509,44811831,45111831,0.202026367,0.91229248,-0.352355957,0.0524291992,-0.23828125,0.03125,-0.00390625,-2.40625,-5.8671875,-7.0234375,-0.0625,0.755859375,-0.5078125
4510,44818472,45118472,0.201049805,0.913024902,-0.3515625,0.0484619141,-0.10546875,-0.13671875,-0.07421875,-2.234375,-5.890625,-7.0703125,-0.0625,0.755859375,-0.5078125
4511,44831710,45131710,0.200073242,0.913696289,-0.350952148,0.0440673828,-0.10546875,-0.13671875,-0.07421875,-2.234375,-5.890625,-7.0703125,0.03125,0.71875,-0.486328125
4512,44841914,45141914,0.199157715,0.914245605,-0.350585938,0.0401000977,0.0078125,0.03125,0.07421875,-2.078125,-5.90625,-7.1015625,0.03125,0.71875,-0.486328125
4513,44853043,45153043,0.198364258,0.914672852,-0.350402832,0.0360717773,0.0078125,0.03125,0.07421875,-2.078125,-5.90625,-7.1015625,0.09375,0.681640625,-0.43359375
4514,44858218,45158218,0.197631836,0.915039062,-0.350219727,0.0321655273,0.1171875,0.29296875,0.2421875,-1.921875,-5.9375,-7.1171875,0.09375,0.681640625,-0.43359375
4515,44871450,45171450,0.196716309,0.915466309,-0.349914551,0.0284423828,0.1171875,0.29296875,0.2421875,-1.921875,-5.9375,-7.1171875,0.03125,0.58203125,-0.419921875
4516,44876506,45176506,0.195800781,0.91595459,-0.34942627,0.0252685547,0.0546875,0.390625,0.140625,-1.78125,-5.9609375,-7.1328125,0.03125,0.58203125,-0.419921875
4517,44890947,45190947,0.194763184,0.916564941,-0.348510742,0.0221557617,0.0546875,0.390625,0.140625,-1.78125,-5.9609375,-7.1328125,-0.12890625,0.498046875,-0.41015625
4518,44897215,45197215,0.193786621,0.917297363,-0.347412109,0.0194091797,0.08203125,0.28515625,-0.140625,-1.65625,-5.96875,-7.15625,-0.12890625,0.498046875,-0.41015625
4519,44910873,45210873,0.192932129,0.91796875,-0.346252441,0.016784668,0.08203125,0.28515625,-0.140625,-1.65625,-5.96875,-7.15625,-0.146484375,0.455078125,-0.3359375
4520,44919652,45219652,0.192199707,0.918457031,-0.345336914,0.0142822266,-0.03515625,-0.390625,-0.29296875,-1.5390625,-5.9453125,-7.1953125,-0.146484375,0.455078125,-0.3359375
4521,44930179,45230179,0.191589355,0.918823242,-0.344848633,0.0116577148,-0.03515625,-0.390625,-0.29296875,-1.5390625,-5.9453125,-7.1953125,0.04296875,0.443359375,-0.29296875
4522,44936209,45236209,0.191040039,0.918945312,-0.344848633,0.00897216797,-0.13671875,-0.8125,-0.4375,-1.4375,-5.9453125,-7.203125,0.04296875,0.443359375,-0.29296875
4523,44953368,45253368,0.190429688,0.918945312,-0.345275879,0.005859375,-0.13671875,-0.8125,-0.4375,-1.4375,-5.9453125,-7.203125,0.228515625,0.537109375,-0.34765625
4524,44959137,45259137,0.189697266,0.918945312,-0.34576416,0.00256347656,-0.16015625,-0.47265625,-0.171875,-1.3359375,-5.9765625,-7.203125,0.228515625,0.537109375,-0.34765625
4525,44969170,45269170,-0.188781738,-0.919067383,0.345947266,0.0009765625,-0.16015625,-0.47265625,-0.171875,-1.3359375,-5.9765625,-7.203125,0.126953125,0.5703125,-0.416015625
4526,44978181,45278181,-0.187805176,-0.919311523,0.345825195,0.00433349609,0.01953125,0.37109375,-0.0234375,-1.2109375,-6.015625,-7.1953125,0.126953125,0.5703125,-0.416015625
4527,44990789,45290789,-0.186645508,-0.91973877,0.345275879,0.00738525391,0.01953125,0.37109375,-0.0234375,-1.2109375,-6.015625,-7.1953125,-0.0546875,0.486328125,-0.44140625
4528,44998506,45298506,-0.18548584,-0.920227051,0.344482422,0.0101318359,-0.15234375,0.15625,-0.24609375,-1.078125,-6.03125,-7.203125,-0.0546875,0.486328125,-0.44140625
4529,45011108,45311108,-0.184204102,-0.920776367,0.343566895,0.0129394531,-0.15234375,0.15625,-0.24609375,-1.078125,-6.03125,-7.203125,-0.091796875,0.427734375,-0.4296875
4530,45018231,45318231,-0.183044434,-0.921203613,0.342895508,0.0155029297,-0.078125,-0.34765625,-0.5,-0.9609375,-6.0234375,-7.21875,-0.091796875,0.427734375,-0.4296875
4531,45029815,45329815,-0.181945801,-0.921508789,0.342529297,0.0184936523,-0.078125,-0.34765625,-0.5,-0.9609375,-6.0234375,-7.21875,0.072265625,0.486328125,-0.39453125
4532,45036602,45336602,-0.181091309,-0.921569824,0.342712402,0.0216064453,-0.1171875,-0.609375,-0.375,-0.84375,-6.03125,-7.2265625,0.072265625,0.486328125,-0.39453125
4533,45049354,45349354,-0.180114746,-0.921447754,0.343322754,0.0255126953,-0.1171875,-0.609375,-0.375,-0.84375,-6.03125,-7.2265625,0.296875,0.634765625,-0.43359375
4534,45055106,45355106,-0.179138184,-0.921264648,0.343933105,0.0294799805,-0.05859375,0.1171875,0.11328125,-0.7109375,-6.0703125,-7.21875,0.296875,0.634765625,-0.43359375
4535,45069063,45369063,-0.177978516,-0.921325684,0.344116211,0.0333862305,-0.05859375,0.1171875,0.11328125,-0.7109375,-6.0703125,-7.21875,0.12109375,0.62890625,-0.48828125
4536,45077096,45377096,-0.176757812,-0.921508789,0.34375,0.0369873047,-0.015625,0.6171875,0.13671875,-0.5625,-6.109375,-7.203125,0.12109375,0.62890625,-0.48828125
4537,45088460,45388460,-0.175476074,-0.921936035,0.342956543,0.0403442383,-0.015625,0.6171875,0.13671875,-0.5625,-6.109375,-7.203125,-0.109375,0.546875,-0.5
4538,45096902,45396902,-0.174072266,-0.922546387,0.34161377,0.043762207,0.11328125,0.34765625,-0.0078125,-0.421875,-6.109375,-7.2109375,-0.109375,0.546875,-0.5
4539,45109101,45409101,-0.172729492,-0.923156738,0.340209961,0.0471191406,0.11328125,0.34765625,-0.0078125,-0.421875,-6.109375,-7.2109375,-0.169921875,0.591796875,-0.50390625
4540,45115859,45415859,-0.171569824,-0.923706055,0.338867188,0.0504760742,0.26953125,0.296875,0.12890625,-0.2734375,-6.09375,-7.234375,-0.169921875,0.591796875,-0.50390625
4541,45131246,45431246,-0.170349121,-0.924194336,0.337463379,0.0545043945,0.26953125,0.296875,0.12890625,-0.2734375,-6.09375,-7.234375,-0.095703125,0.69921875,-0.5078125
4542,45138950,45438950,-0.169189453,-0.924499512,0.336547852,0.0584106445,0.046875,-0.37890625,0.18359375,-0.125,-6.0703125,-7.25,-0.095703125,0.69921875,-0.5078125
4543,45149168,45449168,-0.16784668,-0.924682617,0.335876465,0.0626220703,0.046875,-0.37890625,0.18359375,-0.125,-6.0703125,-7.25,0.041015625,0.658203125,-0.52734375
4544,45158273,45458273,-0.166503906,-0.924865723,0.335327148,0.0665283203,-0.1953125,-0.49609375,0.15234375,0.0390625,-6.0703125,-7.2578125,0.041015625,0.658203125,-0.52734375
4545,45169189,45469189,-0.165100098,-0.925048828,0.334716797,0.0704345703,-0.1953125,-0.49609375,0.15234375,0.0390625,-6.0703125,-7.2578125,0,0.64453125,-0.525390625
4546,45177634,45477634,-0.163818359,-0.925292969,0.333862305,0.0742797852,0.109375,0.30859375,0.3359375,0.1953125,-6.0703125,-7.25,0,0.64453125,-0.525390625
4547,45188628,45488628,-0.162536621,-0.925598145,0.332824707,0.0780639648,0.109375,0.30859375,0.3359375,0.1953125,-6.0703125,-7.25,-0.08203125,0.642578125,-0.4921875
4548,45195163,45495163,-0.161437988,-0.925842285,0.331787109,0.0817260742,0.21875,0.234375,0.2578125,0.3515625,-6.0703125,-7.25,-0.08203125,0.642578125,-0.4921875
4549,45212470,45512470,-0.160339355,-0.926025391,0.330871582,0.085144043,0.21875,0.234375,0.2578125,0.3515625,-6.0703125,-7.25,-0.0390625,0.5703125,-0.435546875
4550,45216937,45516937,-0.159301758,-0.926208496,0.33013916,0.0884399414,0.2265625,-0.1328125,0.2578125,0.5,-6.046875,-7.25,-0.0390625,0.5703125,-0.435546875
4551,45228398,45528398,-0.15826416,-0.926269531,0.329528809,0.0913696289,0.2265625,-0.1328125,0.2578125,0.5,-6.046875,-7.25,-0.005859375,0.484375,-0.38671875
4552,45237434,45537434,-0.157348633,-0.926391602,0.328918457,0.0941162109,0.3359375,0.32421875,0.328125,0.6171875,-6.046875,-7.2421875,-0.005859375,0.484375,-0.38671875
4553,45251681,45551681,-0.156494141,-0.926513672,0.32824707,0.0965576172,0.3359375,0.32421875,0.328125,0.6171875,-6.046875,-7.2421875,-0.060546875,0.37109375,-0.31640625
4554,45255423,45555423,-0.155761719,-0.926696777,0.327514648,0.098449707,0.2265625,0.38671875,0.09765625,0.7265625,-6.03125,-7.2421875,-0.060546875,0.37109375,-0.31640625
4555,45269259,45569259,-0.155151367,-0.926940918,0.326599121,0.100097656,0.2265625,0.38671875,0.09765625,0.7265625,-6.03125,-7.2421875,-0.119140625,0.26171875,-0.212890625
4556,45274310,45574310,-0.154724121,-0.927124023,0.325805664,0.10144043,0.2265625,0.02734375,-0.125,0.8046875,-6.015625,-7.25,-0.119140625,0.26171875,-0.212890625
4557,45290616,45590616,-0.154541016,-0.927307129,0.325134277,0.102661133,0.2265625,0.02734375,-0.125,0.8046875,-6.015625,-7.25,-0.068359375,0.2109375,-0.09765625
4558,45294344,45594344,-0.154541016,-0.927307129,0.324707031,0.10357666,0.171875,-0.3359375,-0.078125,0.859375,-6,-7.2578125,-0.068359375,0.2109375,-0.09765625
4559,45309533,45609533,-0.154602051,-0.927307129,0.324401855,0.104370117,0.171875,-0.3359375,-0.078125,0.859375,-6,-7.2578125,-0.0234375,0.123046875,-0.025390625
4560,45318144,45618144,-0.154724121,-0.927368164,0.324157715,0.104736328,-0.2421875,-0.53515625,-0.30859375,0.890625,-5.9921875,-7.2578125,-0.0234375,0.123046875,-0.025390625
4561,45331491,45631491,-0.154846191,-0.927429199,0.323852539,0.104797363,-0.2421875,-0.53515625,-0.30859375,0.890625,-5.9921875,-7.2578125,-0.080078125,-0.0078125,0.02734375
4562,45335100,45635100,-0.155029297,-0.92755127,0.323486328,0.104553223,-0.2890625,-0.42578125,-0.5390625,0.8984375,-5.984375,-7.2578125,-0.080078125,-0.0078125,0.02734375
4563,45348261,45648261,-0.155273438,-0.927734375,0.323120117,0.104064941,-0.2890625,-0.42578125,-0.5390625,0.8984375,-5.984375,-7.2578125,-0.107421875,-0.080078125,0.08203125
4564,45354245,45654245,-0.155639648,-0.927856445,0.322753906,0.10333252,-0.3203125,-0.51171875,-0.5234375,0.890625,-5.9765625,-7.2734375,-0.107421875,-0.080078125,0.08203125
4565,45370827,45670827,-0.156005859,-0.927978516,0.322631836,0.102416992,-0.3203125,-0.51171875,-0.5234375,0.890625,-5.9765625,-7.2734375,-0.0546875,-0.162109375,0.1328125
4566,45374438,45674438,-0.156433105,-0.927978516,0.322570801,0.101379395,-0.2890625,-0.41015625,-0.515625,0.859375,-5.9609375,-7.28125,-0.0546875,-0.162109375,0.1328125
4567,45387966,45687966,-0.156982422,-0.928039551,0.322631836,0.100097656,-0.2890625,-0.41015625,-0.515625,0.859375,-5.9609375,-7.28125,-0.04296875,-0.228515625,0.205078125
4568,45397887,45697887,-0.157653809,-0.928039551,0.322814941,0.0985107422,-0.2421875,-0.44921875,-0.23046875,0.8125,-5.9609375,-7.296875,-0.04296875,-0.228515625,0.205078125
4569,45411228,45711228,-0.158325195,-0.928039551,0.323059082,0.0967407227,-0.2421875,-0.44921875,-0.23046875,0.8125,-5.9609375,-7.296875,-0.01171875,-0.318359375,0.263671875
4570,45414832,45714832,-0.159057617,-0.927978516,0.323425293,0.0946655273,-0.2109375,-0.296875,-0.26953125,0.7421875,-5.9609375,-7.296875,-0.01171875,-0.318359375,0.263671875
4571,45427592,45727592,-0.159912109,-0.92791748,0.323852539,0.0924072266,-0.2109375,-0.296875,-0.26953125,0.7421875,-5.9609375,-7.296875,-0.0078125,-0.400390625,0.322265625
4572,45433594,45733594,-0.160766602,-0.927856445,0.32421875,0.0899658203,-0.125,-0.14453125,-0.10546875,0.65625,-5.9609375,-7.3046875,-0.0078125,-0.400390625,0.322265625
4573,45450491,45750491,-0.161743164,-0.92779541,0.324584961,0.0872192383,-0.125,-0.14453125,-0.10546875,0.65625,-5.9609375,-7.3046875,-0.04296875,-0.470703125,0.38671875
4574,45454098,45754098,-0.162780762,-0.92779541,0.324951172,0.0843505859,-0.13671875,-0.10546875,-0.12890625,0.5546875,-5.9609375,-7.3203125,-0.04296875,-0.470703125,0.38671875
4575,45467767,45767767,-0.164001465,-0.927734375,0.325439453,0.080871582,-0.13671875,-0.10546875,-0.12890625,0.5546875,-5.9609375,-7.3203125,-0.033203125,-0.583984375,0.455078125
4576,45476500,45776500,-0.165222168,-0.927612305,0.325927734,0.077331543,-0.109375,-0.06640625,-0.11328125,0.4140625,-5.9609375,-7.3359375,-0.033203125,-0.583984375,0.455078125
4577,45489497,45789497,-0.166503906,-0.927490234,0.326477051,0.0735473633,-0.109375,-0.06640625,-0.11328125,0.4140625,-5.9609375,-7.3359375,-0.03125,-0.640625,0.521484375
4578,45493118,45793118,-0.16784668,-0.927307129,0.327148438,0.0698242188,0.03125,-0.13671875,-0.22265625,0.2734375,-5.96875,-7.34375,-0.03125,-0.640625,0.521484375
4579,45507083,45807083,-0.169372559,-0.927062988,0.32800293,0.0654907227,0.03125,-0.13671875,-0.22265625,0.2734375,-5.96875,-7.34375,0.00390625,-0.701171875,0.564453125
4580,45513102,45813102,-0.170837402,-0.926818848,0.328796387,0.0612792969,-0.02734375,-0.13671875,-0.2578125,0.1015625,-5.96875,-7.34375,0.00390625,-0.701171875,0.564453125
4581,45529500,45829500,-0.172485352,-0.926452637,0.329650879,0.0569458008,-0.02734375,-0.13671875,-0.2578125,0.1015625,-5.96875,-7.34375,0.015625,-0.740234375,0.619140625
4582,45533097,45833097,-0.174072266,-0.926147461,0.330505371,0.0526123047,0.02734375,-0.13671875,-0.296875,-0.0703125,-5.96875,-7.34375,0.015625,-0.740234375,0.619140625
4583,45546675,45846675,-0.17590332,-0.925720215,0.331420898,0.047668457,0.02734375,-0.13671875,-0.296875,-0.0703125,-5.96875,-7.34375,0.01171875,-0.8046875,0.669921875
4584,45556483,45856483,-0.17767334,-0.925292969,0.332397461,0.0427856445,-0.04296875,-0.2890625,-0.48828125,-0.265625,-5.96875,-7.34375,0.01171875,-0.8046875,0.669921875
4585,45571706,45871706,-0.179504395,-0.924804688,0.333374023,0.0377197266,-0.04296875,-0.2890625,-0.48828125,-0.265625,-5.96875,-7.34375,0.0234375,-0.84765625,0.70703125
4586,45573199,45873199,-0.181335449,-0.924255371,0.334411621,0.0326538086,-0.03125,-0.3671875,-0.34375,-0.46875,-5.96875,-7.3359375,0.0234375,-0.84765625,0.70703125
4587,45585716,45885716,-0.183105469,-0.92364502,0.335571289,0.0276489258,-0.03125,-0.3671875,-0.34375,-0.46875,-5.96875,-7.3359375,0.08203125,-0.896484375,0.728515625
4588,45592181,45892181,-0.184997559,-0.922912598,0.336853027,0.0220336914,-0.05859375,-0.48828125,-0.24609375,-0.671875,-5.9609375,-7.3203125,0.08203125,-0.896484375,0.728515625
4589,45608967,45908967,-0.186767578,-0.922241211,0.33807373,0.0163574219,-0.05859375,-0.48828125,-0.24609375,-0.671875,-5.9609375,-7.3203125,0.046875,-0.98046875,0.7265625
4590,45612696,45912696,-0.188354492,-0.921569824,0.339233398,0.0108642578,-0.0546875,-0.41015625,-0.3046875,-0.90625,-5.9609375,-7.296875,0.046875,-0.98046875,0.7265625
4591,45629602,45929602,-0.189941406,-0.920837402,0.340576172,0.00494384766,-0.0546875,-0.41015625,-0.3046875,-0.90625,-5.9609375,-7.296875,0.05859375,-1.00585938,0.70703125
4592,45638054,45938054,0.19140625,0.92010498,-0.34173584,0.000671386719,0.09375,-0.15234375,-0.26171875,-1.1328125,-5.953125,-7.265625,0.05859375,-1.00585938,0.70703125
4593,45649607,45949607,0.192871094,0.919372559,-0.342895508,0.00640869141,0.09375,-0.15234375,-0.26171875,-1.1328125,-5.953125,-7.265625,0.0546875,-1.01367188,0.69921875
4594,45655038,45955038,0.194335938,0.918518066,-0.344116211,0.0122680664,0.16796875,-0.19140625,-0.23828125,-1.359375,-5.953125,-7.25,0.0546875,-1.01367188,0.69921875
4595,45665797,45965797,0.195861816,0.917541504,-0.34552002,0.0180664062,0.16796875,-0.19140625,-0.23828125,-1.359375,-5.953125,-7.25,0.119140625,-0.970703125,0.677734375
4596,45674413,45974413,0.197265625,0.916564941,-0.347106934,0.0234985352,0.09765625,-0.2734375,0.10546875,-1.59375,-5.9453125,-7.2109375,0.119140625,-0.970703125,0.677734375
4597,45690625,45990625,0.198547363,0.915527344,-0.348693848,0.0288696289,0.09765625,-0.2734375,0.10546875,-1.59375,-5.9453125,-7.2109375,0.16015625,-0.955078125,0.62890625
4598,45692106,45992106,0.199707031,0.914550781,-0.350158691,0.0338745117,0.1171875,0.03125,0.203125,-1.8046875,-5.9453125,-7.15625,0.16015625,-0.955078125,0.62890625
4599,45708049,46008049,0.200805664,0.913513184,-0.35168457,0.0392456055,0.1171875,0.03125,0.203125,-1.8046875,-5.9453125,-7.15625,0.1328125,-0.93359375,0.57421875
4600,45717150,46017150,0.201660156,0.912597656,-0.352966309,0.044128418,0.2421875,0.29296875,0.30078125,-2.0078125,-5.9375,-7.1015625,0.1328125,-0.93359375,0.57421875
4601,45728449,46028449,0.202514648,0.911621094,-0.354187012,0.0493774414,0.2421875,0.29296875,0.30078125,-2.0078125,-5.9375,-7.1015625,0.060546875,-0.958984375,0.54296875
4602,45733109,46033109,0.203308105,0.910766602,-0.355285645,0.0545043945,0.32421875,0.4375,0.1796875,-2.203125,-5.9296875,-7.0546875,0.060546875,-0.958984375,0.54296875
4603,45747071,46047071,0.203979492,0.909790039,-0.356445312,0.059753418,0.32421875,0.4375,0.1796875,-2.203125,-5.9296875,-7.0546875,0.08984375,-0.955078125,0.515625
4604,45750823,46050823,0.204650879,0.908813477,-0.357727051,0.0648193359,0.2578125,0.26953125,0.1640625,-2.40625,-5.9140625,-7,0.08984375,-0.955078125,0.515625
4605,45770539,46070539,0.20526123,0.907775879,-0.359130859,0.0699462891,0.2578125,0.26953125,0.1640625,-2.40625,-5.9140625,-7,0.142578125,-0.896484375,0.47265625
4606,45772015,46072015,0.205810547,0.906677246,-0.360534668,0.0745849609,0.40625,0.4921875,0.21484375,-2.59375,-5.90625,-6.9375,0.142578125,-0.896484375,0.47265625
4607,45785803,46085803,0.206420898,0.905639648,-0.361877441,0.0792236328,0.40625,0.4921875,0.21484375,-2.59375,-5.90625,-6.9375,0.12109375,-0.87109375,0.45703125
4608,45795380,46095380,0.20690918,0.904663086,-0.362976074,0.0838012695,0.28125,0.61328125,0.265625,-2.7734375,-5.9140625,-6.875,0.12109375,-0.87109375,0.45703125
4609,45810317,46110317,0.207397461,0.903747559,-0.363891602,0.0884399414,0.28125,0.61328125,0.265625,-2.7734375,-5.9140625,-6.875,0.025390625,-0.828125,0.44140625
4610,45811789,46111789,0.207885742,0.902893066,-0.364624023,0.0928344727,0.3359375,0.515625,0.2890625,-2.9453125,-5.890625,-6.8203125,0.025390625,-0.828125,0.44140625
4611,45825219,46125219,0.208374023,0.902038574,-0.36541748,0.0971679688,0.3359375,0.515625,0.2890625,-2.9453125,-5.890625,-6.8203125,0.03125,-0.78125,0.4140625
4612,45831742,46131742,0.20880127,0.901123047,-0.366210938,0.101318359,0.1484375,0.0703125,0.1953125,-3.1015625,-5.8671875,-6.765625,0.03125,-0.78125,0.4140625
4613,45848363,46148363,0.20916748,0.90020752,-0.367126465,0.105163574,0.1484375,0.0703125,0.1953125,-3.1015625,-5.8671875,-6.765625,0.0859375,-0.705078125,0.365234375
4614,45852581,46152581,0.209533691,0.899353027,-0.367980957,0.108642578,0.18359375,0.08203125,0.02734375,-3.25,-5.84375,-6.7109375,0.0859375,-0.705078125,0.365234375
4615,45865985,46165985,0.209899902,0.898498535,-0.368896484,0.112060547,0.18359375,0.08203125,0.02734375,-3.25,-5.84375,-6.7109375,0.087890625,-0.599609375,0.306640625
4616,45874994,46174994,0.210205078,0.897766113,-0.369689941,0.114929199,0.19140625,0.23046875,0.046875,-3.375,-5.8359375,-6.65625,0.087890625,-0.599609375,0.306640625
4617,45888637,46188637,0.210449219,0.897033691,-0.370361328,0.117797852,0.19140625,0.23046875,0.046875,-3.375,-5.8359375,-6.65625,0.041015625,-0.482421875,0.248046875
4618,45892820,46192820,0.210693359,0.896484375,-0.370849609,0.120178223,0.25390625,0.18359375,0.046875,-3.4765625,-5.828125,-6.6171875,0.041015625,-0.482421875,0.248046875
4619,45904484,46204484,0.210998535,0.895935059,-0.37121582,0.122192383,0.25390625,0.18359375,0.046875,-3.4765625,-5.828125,-6.6171875,0.01953125,-0.328125,0.193359375
4620,45911016,46211016,0.211242676,0.895568848,-0.371520996,0.123840332,0.1796875,-0.015625,0.09375,-3.5546875,-5.8203125,-6.5859375,0.01953125,-0.328125,0.193359375
4621,45927974,46227974,0.211547852,0.895202637,-0.371704102,0.125061035,0.1796875,-0.015625,0.09375,-3.5546875,-5.8203125,-6.5859375,0.0234375,-0.19140625,0.15234375
4622,45932404,46232404,0.211914062,0.894897461,-0.371948242,0.126037598,0.08203125,-0.26171875,0.03125,-3.609375,-5.8046875,-6.5625,0.0234375,-0.19140625,0.15234375
4623,45943448,46243448,0.212341309,0.89453125,-0.372375488,0.126647949,0.08203125,-0.26171875,0.03125,-3.609375,-5.8046875,-6.5625,0.111328125,-0.078125,0.111328125
4624,45956823,46256823,0.212768555,0.894165039,-0.37298584,0.12689209,0.02734375,-0.33984375,0.09375,-3.6328125,-5.8046875,-6.546875,0.111328125,-0.078125,0.111328125
4625,45968547,46268547,0.21307373,0.893798828,-0.373657227,0.12677002,0.02734375,-0.33984375,0.09375,-3.6328125,-5.8046875,-6.546875,0.173828125,0.033203125,0.02734375
4626,45972475,46272475,0.213256836,0.893554688,-0.374328613,0.126281738,0.08203125,0.2890625,0.22265625,-3.6484375,-5.8203125,-6.5234375,0.173828125,0.033203125,0.02734375
4627,45984881,46284881,0.213195801,0.893554688,-0.374694824,0.125366211,0.08203125,0.2890625,0.22265625,-3.6484375,-5.8203125,-6.5234375,0.0703125,0.171875,-0.13671875
4628,45990474,46290474,0.212768555,0.893798828,-0.374816895,0.124145508,-0.0546875,0.62109375,0.18359375,-3.625,-5.84375,-6.5234375,0.0703125,0.171875,-0.13671875
4629,46005113,46305113,0.212219238,0.894226074,-0.374633789,0.122558594,-0.0546875,0.62109375,0.18359375,-3.625,-5.84375,-6.5234375,-0.025390625,0.267578125,-0.251953125
4630,46010155,46310155,0.211547852,0.894714355,-0.374389648,0.120788574,0.04296875,0.328125,0.1171875,-3.5703125,-5.859375,-6.53125,-0.025390625,0.267578125,-0.251953125
4631,46024841,46324841,0.21105957,0.895202637,-0.374084473,0.118713379,0.04296875,0.328125,0.1171875,-3.5703125,-5.859375,-6.53125,-0.00390625,0.408203125,-0.275390625
4632,46034388,46334388,0.210632324,0.895751953,-0.373779297,0.116149902,0.2421875,0.15234375,0.1015625,-3.5,-5.875,-6.5546875,-0.00390625,0.408203125,-0.275390625
4633,46046602,46346602,0.210327148,0.896362305,-0.373535156,0.113220215,0.2421875,0.15234375,0.1015625,-3.5,-5.875,-6.5546875,0.033203125,0.564453125,-0.291015625
4634,46050353,46350353,0.210144043,0.896850586,-0.37322998,0.110107422,0.21484375,0.13671875,0.1796875,-3.3984375,-5.8984375,-6.59375,0.033203125,0.564453125,-0.291015625
4635,46065836,46365836,0.209960938,0.897521973,-0.37286377,0.106323242,0.21484375,0.13671875,0.1796875,-3.3984375,-5.8984375,-6.59375,0.033203125,0.69140625,-0.33984375
4636,46070127,46370127,0.209716797,0.898193359,-0.372436523,0.102600098,0.13671875,0.27734375,0.28515625,-3.28125,-5.921875,-6.625,0.033203125,0.69140625,-0.33984375
4637,46086620,46386620,0.209289551,0.898986816,-0.371948242,0.0982666016,0.13671875,0.27734375,0.28515625,-3.28125,-5.921875,-6.625,0.0078125,0.77734375,-0.419921875
4638,46090354,46390354,0.20880127,0.899841309,-0.371276855,0.0940551758,0.07421875,0.22265625,0.44921875,-3.140625,-5.9453125,-6.671875,0.0078125,0.77734375,-0.419921875
4639,46105112,46405112,0.208007812,0.900817871,-0.370483398,0.0893554688,0.07421875,0.22265625,0.44921875,-3.140625,-5.9453125,-6.671875,-0.052734375,0.814453125,-0.53125
4640,46114395,46414395,0.20703125,0.901794434,-0.369689941,0.0848999023,-0.08984375,0.40625,0.234375,-2.9765625,-5.9765625,-6.7265625,-0.052734375,0.814453125,-0.53125
4641,46126635,46426635,0.205627441,0.902954102,-0.368835449,0.0798950195,-0.08984375,0.40625,0.234375,-2.9765625,-5.9765625,-6.7265625,-0.056640625,0.8125,-0.634765625
4642,46132225,46432225,0.204284668,0.903991699,-0.367980957,0.075378418,0.11328125,0.5078125,0.25,-2.796875,-6,-6.78125,-0.056640625,0.8125,-0.634765625
4643,46146104,46446104,0.202697754,0.905090332,-0.36706543,0.0703125,0.11328125,0.5078125,0.25,-2.796875,-6,-6.78125,-0.0703125,0.828125,-0.666015625
4644,46149873,46449873,0.201293945,0.90612793,-0.366149902,0.0655517578,0.3828125,0.6171875,0.18359375,-2.609375,-6.03125,-6.828125,-0.0703125,0.828125,-0.666015625
4645,46164915,46464915,0.199951172,0.907165527,-0.365234375,0.060546875,0.3828125,0.6171875,0.18359375,-2.609375,-6.03125,-6.828125,-0.041015625,0.833984375,-0.607421875
4646,46168659,46468659,0.198791504,0.90802002,-0.364440918,0.0559082031,0.41796875,0.32421875,0.15234375,-2.4140625,-6.046875,-6.875,-0.041015625,0.833984375,-0.607421875
4647,46184123,46484123,0.197692871,0.908935547,-0.363586426,0.0511474609,0.41796875,0.32421875,0.15234375,-2.4140625,-6.046875,-6.875,-0.056640625,0.81640625,-0.556640625
4648,46193015,46493015,0.196655273,0.909790039,-0.362548828,0.0465698242,0.390625,0.33984375,0.0390625,-2.234375,-6.0625,-6.9140625,-0.056640625,0.81640625,-0.556640625
4649,46205970,46505970,0.195617676,0.910705566,-0.36138916,0.0417480469,0.390625,0.33984375,0.0390625,-2.234375,-6.0625,-6.9140625,-0.11328125,0.8203125,-0.533203125
4650,46209696,46509696,0.194702148,0.911560059,-0.360168457,0.0374145508,0.25,0.08984375,-0.14453125,-2.0546875,-6.078125,-6.9609375,-0.11328125,0.8203125,-0.533203125
4651,46223482,46523482,0.193786621,0.912475586,-0.358825684,0.0327758789,0.25,0.08984375,-0.14453125,-2.0546875,-6.078125,-6.9609375,-0.12109375,0.80078125,-0.498046875
4652,46232313,46532313,0.192993164,0.913208008,-0.357727051,0.0283813477,0.109375,-0.33203125,-0.25,-1.875,-6.078125,-7.0078125,-0.12109375,0.80078125,-0.498046875
4653,46244134,46544134,0.192138672,0.913879395,-0.356872559,0.0237426758,0.109375,-0.33203125,-0.25,-1.875,-6.078125,-7.0078125,0.01171875,0.8046875,-0.484375
4654,46250806,46550806,0.19140625,0.914306641,-0.356445312,0.0193481445,-0.21484375,-0.9375,-0.48046875,-1.703125,-6.0859375,-7.046875,0.01171875,0.8046875,-0.484375
4655,46264989,46564989,0.190429688,0.914611816,-0.356384277,0.014465332,-0.21484375,-0.9375,-0.48046875,-1.703125,-6.0859375,-7.046875,0.201171875,0.80078125,-0.525390625
4656,46272523,46572523,0.18939209,0.914733887,-0.356750488,0.009765625,-0.42578125,-0.9453125,-0.39453125,-1.53125,-6.1171875,-7.0546875,0.201171875,0.80078125,-0.525390625
4657,46286007,46586007,0.188049316,0.914916992,-0.357177734,0.00445556641,-0.42578125,-0.9453125,-0.39453125,-1.53125,-6.1171875,-7.0546875,0.251953125,0.83203125,-0.642578125
4658,46290976,46590976,-0.186523438,-0.915161133,0.357421875,0.000610351562,-0.34375,-0.125,-0.13671875,-1.34375,-6.171875,-7.046875,0.251953125,0.83203125,-0.642578125
4659,46302815,46602815,-0.184692383,-0.915527344,0.35723877,0.00616455078,-0.34375,-0.125,-0.13671875,-1.34375,-6.171875,-7.046875,0.1015625,0.845703125,-0.74609375
4660,46308546,46608546,-0.182678223,-0.91607666,0.356750488,0.0114135742,-0.40234375,0.07421875,-0.328125,-1.1328125,-6.21875,-7.046875,0.1015625,0.845703125,-0.74609375
4661,46322624,46622624,-0.180480957,-0.916748047,0.355957031,0.0166625977,-0.40234375,0.07421875,-0.328125,-1.1328125,-6.21875,-7.046875,-0.015625,0.830078125,-0.81640625
4662,46328354,46628354,-0.178222656,-0.917480469,0.355041504,0.0219116211,-0.27734375,0.2734375,-0.234375,-0.9140625,-6.2265625,-7.0625,-0.015625,0.830078125,-0.81640625
4663,46342694,46642694,-0.176025391,-0.91809082,0.354064941,0.0269775391,-0.27734375,0.2734375,-0.234375,-0.9140625,-6.2265625,-7.0625,-0.03125,0.810546875,-0.775390625
4664,46351752,46651752,-0.173950195,-0.918701172,0.353149414,0.0321044922,-0.265625,0.25390625,-0.1796875,-0.6953125,-6.2421875,-7.078125,-0.03125,0.810546875,-0.775390625
4665,46365096,46665096,-0.172058105,-0.919128418,0.352478027,0.0368652344,-0.265625,0.25390625,-0.1796875,-0.6953125,-6.2421875,-7.078125,0.033203125,0.806640625,-0.7421875
4666,46368845,46668845,-0.170043945,-0.919555664,0.351806641,0.0419311523,-0.0859375,0.26171875,0.01953125,-0.4921875,-6.25,-7.0859375,0.033203125,0.806640625,-0.7421875
4667,46383009,46683009,-0.16796875,-0.91998291,0.351074219,0.0472412109,-0.0859375,0.26171875,0.01953125,-0.4921875,-6.25,-7.0859375,0.015625,0.806640625,-0.736328125
4668,46389006,46689006,-0.16595459,-0.920349121,0.350158691,0.0523681641,0.09375,0.3046875,0.2109375,-0.2890625,-6.2578125,-7.0859375,0.015625,0.806640625,-0.736328125
4669,46401739,46701739,-0.16418457,-0.920776367,0.349304199,0.0571289062,0.09375,0.3046875,0.2109375,-0.2890625,-6.2578125,-7.0859375,-0.009765625,0.828125,-0.70703125
4670,46407707,46707707,-0.162414551,-0.921142578,0.348266602,0.0621337891,0.42578125,0.3046875,0.484375,-0.0859375,-6.2578125,-7.09375,-0.009765625,0.828125,-0.70703125
4671,46421634,46721634,-0.160827637,-0.921447754,0.347229004,0.067199707,0.42578125,0.3046875,0.484375,-0.0859375,-6.2578125,-7.09375,-0.041015625,0.84765625,-0.658203125
4672,46430644,46730644,-0.159301758,-0.92175293,0.346130371,0.0721435547,0.62890625,0.26953125,1.0234375,0.1328125,-6.2578125,-7.09375,-0.041015625,0.84765625,-0.658203125
4673,46442927,46742927,-0.157836914,-0.92199707,0.345092773,0.0766601562,0.62890625,0.26953125,1.0234375,0.1328125,-6.2578125,-7.09375,-0.056640625,0.716796875,-0.583984375
4674,46447588,46747588,-0.156494141,-0.922302246,0.344055176,0.0803833008,0.40625,0.03125,0.75390625,0.3203125,-6.25,-7.09375,-0.056640625,0.716796875,-0.583984375
4675,46461813,46761813,-0.154968262,-0.922729492,0.342834473,0.0836791992,0.40625,0.03125,0.75390625,0.3203125,-6.25,-7.09375,-0.150390625,0.451171875,-0.498046875
4676,46470060,46770060,-0.153442383,-0.923217773,0.34161377,0.0863647461,0.29296875,-0.03125,-0.00390625,0.46875,-6.2265625,-7.1015625,-0.150390625,0.451171875,-0.498046875
4677,46483065,46783065,-0.152038574,-0.923583984,0.340576172,0.0889892578,0.29296875,-0.03125,-0.00390625,0.46875,-6.2265625,-7.1015625,-0.08984375,0.42578125,-0.462890625
4678,46487862,46787862,-0.150817871,-0.923828125,0.339782715,0.091796875,0.484375,-0.3984375,-0.33203125,0.5859375,-6.203125,-7.1171875,-0.08984375,0.42578125,-0.462890625
4679,46501033,46801033,-0.149597168,-0.92388916,0.339111328,0.0952758789,0.484375,-0.3984375,-0.33203125,0.5859375,-6.203125,-7.1171875,0.01953125,0.60546875,-0.46484375
4680,46509500,46809500,-0.148498535,-0.923828125,0.338562012,0.0990600586,0.3515625,-0.40625,0.00390625,0.71875,-6.1953125,-7.109375,0.01953125,0.60546875,-0.46484375
4681,46522916,46822916,-0.147583008,-0.92376709,0.338134766,0.102844238,0.3515625,-0.40625,0.00390625,0.71875,-6.1953125,-7.109375,0.056640625,0.65234375,-0.427734375
4682,46527703,46827703,-0.14666748,-0.923706055,0.337646484,0.106262207,-0.06640625,-0.40625,0.2578125,0.8671875,-6.1953125,-7.09375,0.056640625,0.65234375,-0.427734375
4683,46542600,46842600,-0.145874023,-0.923706055,0.336975098,0.109313965,-0.06640625,-0.40625,0.2578125,0.8671875,-6.1953125,-7.09375,-0.046875,0.470703125,-0.34765625
4684,46546219,46846219,-0.145141602,-0.923828125,0.336181641,0.111755371,-0.11328125,-0.18359375,-0.09765625,0.9921875,-6.1875,-7.0859375,-0.046875,0.470703125,-0.34765625
4685,46560543,46860543,-0.14453125,-0.923950195,0.335327148,0.113830566,-0.11328125,-0.18359375,-0.09765625,0.9921875,-6.1875,-7.0859375,-0.107421875,0.322265625,-0.234375
4686,46567640,46867640,-0.144165039,-0.924133301,0.334472656,0.115478516,-0.0546875,-0.1640625,-0.25,1.0859375,-6.171875,-7.0859375,-0.107421875,0.322265625,-0.234375
4687,46579098,46879098,-0.143920898,-0.924255371,0.333679199,0.116699219,-0.0546875,-0.1640625,-0.25,1.0859375,-6.171875,-7.0859375,-0.1015625,0.2109375,-0.1171875
4688,46595788,46895788,-0.143859863,-0.924377441,0.333068848,0.117675781,-0.30078125,-0.53125,-0.48046875,1.140625,-6.1484375,-7.0859375,-0.1015625,0.2109375,-0.1171875
4689,46600246,46900246,-0.143737793,-0.924499512,0.332580566,0.118408203,-0.30078125,-0.53125,-0.48046875,1.140625,-6.1484375,-7.0859375,-0.0703125,0.12890625,-0.072265625
4690,46607843,46907843,-0.143676758,-0.924621582,0.332092285,0.11907959,-0.1796875,-0.43359375,-0.47265625,1.171875,-6.1328125,-7.09375,-0.0703125,0.12890625,-0.072265625
4691,46621603,46921603,-0.143676758,-0.924743652,0.331542969,0.119689941,-0.1796875,-0.43359375,-0.47265625,1.171875,-6.1328125,-7.09375,-0.099609375,0.12109375,-0.05078125
4692,46626406,46926406,-0.143798828,-0.924804688,0.330993652,0.120178223,-0.09375,-0.1328125,-0.08203125,1.203125,-6.125,-7.1015625,-0.099609375,0.12109375,-0.05078125
4693,46641732,46941732,-0.144042969,-0.924926758,0.330627441,0.120239258,-0.09375,-0.1328125,-0.08203125,1.203125,-6.125,-7.1015625,-0.05859375,0.01171875,0.068359375
4694,46646527,46946527,-0.144470215,-0.924926758,0.330505371,0.119934082,-0.29296875,-0.4921875,-0.03515625,1.2109375,-6.109375,-7.109375,-0.05859375,0.01171875,0.068359375
4695,46660624,46960624,-0.144897461,-0.924987793,0.330566406,0.11895752,-0.29296875,-0.4921875,-0.03515625,1.2109375,-6.109375,-7.109375,-0.04296875,-0.1953125,0.16796875
4696,46669491,46969491,-0.145446777,-0.925048828,0.330566406,0.117492676,-0.33984375,-0.30078125,-0.2578125,1.1796875,-6.109375,-7.1171875,-0.04296875,-0.1953125,0.16796875
4697,46683569,46983569,-0.145996094,-0.925170898,0.330688477,0.115661621,-0.33984375,-0.30078125,-0.2578125,1.1796875,-6.109375,-7.1171875,-0.064453125,-0.353515625,0.2421875
4698,46687172,46987172,-0.14654541,-0.925354004,0.330749512,0.113464355,-0.35546875,-0.34765625,-0.546875,1.1171875,-6.1015625,-7.1328125,-0.064453125,-0.353515625,0.2421875
4699,46700755,47000755,-0.147338867,-0.925476074,0.330932617,0.110839844,-0.35546875,-0.34765625,-0.546875,1.1171875,-6.1015625,-7.1328125,-0.06640625,-0.45703125,0.32421875
4700,46706753,47006753,-0.148132324,-0.925537109,0.331237793,0.107971191,-0.3359375,-0.5390625,-0.76171875,1.0234375,-6.1015625,-7.1484375,-0.06640625,-0.45703125,0.32421875
4701,46721222,47021222,-0.148986816,-0.925598145,0.331726074,0.104980469,-0.3359375,-0.5390625,-0.76171875,1.0234375,-6.1015625,-7.1484375,-0.017578125,-0.541015625,0.3828125
4702,46726017,47026017,-0.149902344,-0.92565918,0.332214355,0.101867676,-0.15234375,-0.46484375,-0.625,0.9140625,-6.1015625,-7.171875,-0.017578125,-0.541015625,0.3828125
4703,46739620,47039620,-0.150939941,-0.92565918,0.332641602,0.0983886719,-0.15234375,-0.46484375,-0.625,0.9140625,-6.1015625,-7.171875,-0.044921875,-0.58203125,0.4453125
4704,46755770,47055770,-0.152099609,-0.92565918,0.333129883,0.0947875977,-0.1328125,-0.26953125,-0.453125,0.78125,-6.1015625,-7.1875,-0.044921875,-0.58203125,0.4453125
4705,46761782,47061782,-0.153381348,-0.92565918,0.333679199,0.0909423828,-0.1328125,-0.26953125,-0.453125,0.78125,-6.1015625,-7.1875,-0.033203125,-0.671875,0.5234375
4706,46765500,47065500,-0.154663086,-0.925598145,0.334289551,0.0869750977,-0.13671875,-0.37890625,-0.37109375,0.6328125,-6.109375,-7.1953125,-0.033203125,-0.671875,0.5234375
4707,46781246,47081246,-0.15612793,-0.925476074,0.335144043,0.0823974609,-0.13671875,-0.37890625,-0.37109375,0.6328125,-6.109375,-7.1953125,0.021484375,-0.763671875,0.5859375
4708,46785076,47085076,-0.157531738,-0.925292969,0.336120605,0.0780639648,-0.12109375,-0.4921875,-0.4375,0.4609375,-6.109375,-7.203125,0.021484375,-0.763671875,0.5859375
4709,46802555,47102555,-0.159057617,-0.924987793,0.337219238,0.073059082,-0.12109375,-0.4921875,-0.4375,0.4609375,-6.109375,-7.203125,0.04296875,-0.818359375,0.62890625
4710,46807013,47107013,-0.160522461,-0.924682617,0.338317871,0.0684814453,0.03125,-0.36328125,-0.35546875,0.2734375,-6.125,-7.2109375,0.04296875,-0.818359375,0.62890625
4711,46820932,47120932,-0.162231445,-0.924316406,0.339538574,0.063293457,0.03125,-0.36328125,-0.35546875,0.2734375,-6.125,-7.2109375,0.06640625,-0.859375,0.671875
4712,46830510,47130510,-0.163818359,-0.923950195,0.340759277,0.0583496094,0.078125,-0.15625,-0.20703125,0.0703125,-6.140625,-7.203125,0.06640625,-0.859375,0.671875
4713,46844278,47144278,-0.165649414,-0.923461914,0.342041016,0.0527954102,0.078125,-0.15625,-0.20703125,0.0703125,-6.140625,-7.203125,0.052734375,-0.89453125,0.71484375
4714,46845747,47145747,-0.167297363,-0.923034668,0.343078613,0.0477905273,0.13671875,0.04296875,-0.140625,-0.140625,-6.1484375,-7.1953125,0.052734375,-0.89453125,0.71484375
4715,46860360,47160360,-0.169311523,-0.922485352,0.344299316,0.0419921875,0.13671875,0.04296875,-0.140625,-0.140625,-6.1484375,-7.1953125,0.04296875,-0.94140625,0.775390625
4716,46868479,47168479,-0.171325684,-0.921936035,0.345458984,0.0361938477,0.1328125,-0.26171875,-0.109375,-0.3671875,-6.1484375,-7.1875,0.04296875,-0.94140625,0.775390625
4717,46881628,47181628,-0.173339844,-0.921386719,0.346557617,0.0305175781,0.1328125,-0.26171875,-0.109375,-0.3671875,-6.1484375,-7.1875,0.037109375,-0.9609375,0.8046875
4718,46885233,47185233,-0.175231934,-0.920776367,0.34765625,0.0250854492,0.17578125,-0.41796875,-0.0859375,-0.6015625,-6.1484375,-7.171875,0.037109375,-0.9609375,0.8046875
4719,46899303,47199303,-0.177429199,-0.91998291,0.348999023,0.0190429688,0.17578125,-0.41796875,-0.0859375,-0.6015625,-6.1484375,-7.171875,0.072265625,-0.966796875,0.80859375
4720,46908232,47208232,-0.179443359,-0.919189453,0.350280762,0.0131225586,0.10546875,-0.21484375,0.05078125,-0.8359375,-6.15625,-7.15625,0.072265625,-0.966796875,0.80859375
4721,46920717,47220717,-0.181396484,-0.918395996,0.351623535,0.00695800781,0.10546875,-0.21484375,0.05078125,-0.8359375,-6.15625,-7.15625,0.083984375,-1.078125,0.84375
4722,46924323,47224323,-0.183227539,-0.917480469,0.353027344,0.000732421875,0.0390625,-0.0703125,0.06640625,-1.078125,-6.1484375,-7.1328125,0.083984375,-1.078125,0.84375
4723,46940019,47240019,0.185119629,0.916564941,-0.354431152,0.00616455078,0.0390625,-0.0703125,0.06640625,-1.078125,-6.1484375,-7.1328125,0.0546875,-1.15429688,0.8203125
4724,46948216,47248216,0.186706543,0.915710449,-0.355651855,0.0126342773,0.078125,0.1875,-0.05078125,-1.34375,-6.140625,-7.09375,0.0546875,-1.15429688,0.8203125
4725,46959002,47259002,0.188354492,0.914733887,-0.356933594,0.0198364258,0.078125,0.1875,-0.05078125,-1.34375,-6.140625,-7.09375,0.04296875,-1.234375,0.830078125
4726,46964721,47264721,0.189941406,0.913757324,-0.358154297,0.0270385742,0.15234375,0.08984375,-0.05078125,-1.609375,-6.1171875,-7.0546875,0.04296875,-1.234375,0.830078125
4727,46980625,47280625,0.19140625,0.912719727,-0.359375,0.0344238281,0.15234375,0.08984375,-0.05078125,-1.609375,-6.1171875,-7.0546875,0.015625,-1.29492188,0.826171875
4728,46991195,47291195,0.192749023,0.911621094,-0.360595703,0.0413818359,0.0859375,-0.1640625,0.015625,-1.890625,-6.09375,-7.0078125,0.015625,-1.29492188,0.826171875
4729,47001390,47301390,0.194091797,0.910400391,-0.362121582,0.0487670898,0.0859375,-0.1640625,0.015625,-1.890625,-6.09375,-7.0078125,0.109375,-1.30664062,0.78125
4730,47005125,47305125,0.19519043,0.909118652,-0.363647461,0.055847168,0.28515625,-0.1875,-0.08203125,-2.1640625,-6.0703125,-6.9453125,0.109375,-1.30664062,0.78125
4731,47020958,47320958,0.196350098,0.907714844,-0.365356445,0.0632324219,0.28515625,-0.1875,-0.08203125,-2.1640625,-6.0703125,-6.9453125,0.1328125,-1.26171875,0.73828125
4732,47027218,47327218,0.197387695,0.90637207,-0.366943359,0.0697631836,0.296875,-0.00390625,0.06640625,-2.4453125,-6.0625,-6.8671875,0.1328125,-1.26171875,0.73828125
4733,47038839,47338839,0.198486328,0.904846191,-0.368774414,0.0764770508,0.296875,-0.00390625,0.06640625,-2.4453125,-6.0625,-6.8671875,0.208984375,-1.22851562,0.7109375
4734,47044818,47344818,0.199462891,0.903198242,-0.370788574,0.0833740234,0.27734375,0.09375,0.02734375,-2.6953125,-6.046875,-6.7890625,0.208984375,-1.22851562,0.7109375
4735,47059108,47359108,0.200317383,0.901550293,-0.372741699,0.0899047852,0.27734375,0.09375,0.02734375,-2.6953125,-6.046875,-6.7890625,0.232421875,-1.22460938,0.65625
4736,47068507,47368507,0.201049805,0.899963379,-0.374694824,0.0963745117,0.22265625,0.43359375,0.234375,-2.9453125,-6.0390625,-6.6875,0.232421875,-1.22460938,0.65625
4737,47081612,47381612,0.201538086,0.8984375,-0.376342773,0.102539062,0.22265625,0.43359375,0.234375,-2.9453125,-6.0390625,-6.6875,0.14453125,-1.16601562,0.578125
4738,47086207,47386207,0.201965332,0.897155762,-0.377624512,0.108398438,0.2265625,0.80859375,0.20703125,-3.1796875,-6.03125,-6.5859375,0.14453125,-1.16601562,0.578125
4739,47097727,47397727,0.202392578,0.895812988,-0.378723145,0.114440918,0.2265625,0.80859375,0.20703125,-3.1796875,-6.03125,-6.5859375,0.04296875,-1.06054688,0.5390625
4740,47108350,47408350,0.202819824,0.894592285,-0.379638672,0.120117188,0.24609375,0.5859375,0.25390625,-3.390625,-6,-6.515625,0.04296875,-1.06054688,0.5390625
4741,47119300,47419300,0.203369141,0.893371582,-0.380493164,0.125610352,0.24609375,0.5859375,0.25390625,-3.390625,-6,-6.515625,0.0390625,-1.02148438,0.556640625
4742,47123027,47423027,0.203918457,0.892089844,-0.381408691,0.13092041,0.2578125,0.171875,0.2890625,-3.59375,-5.96875,-6.4375,0.0390625,-1.02148438,0.556640625
4743,47140886,47440886,0.204650879,0.890686035,-0.382385254,0.136352539,0.2578125,0.171875,0.2890625,-3.59375,-5.96875,-6.4375,0.08203125,-0.9296875,0.533203125
4744,47152221,47452221,0.205200195,0.889465332,-0.383239746,0.141052246,0.3671875,0.21484375,0.2109375,-3.78125,-5.9375,-6.359375,0.08203125,-0.9296875,0.533203125
4745,47158157,47458157,0.205749512,0.888244629,-0.383972168,0.145751953,0.3671875,0.21484375,0.2109375,-3.78125,-5.9375,-6.359375,0.0234375,-0.83203125,0.466796875
4746,47165976,47465976,0.206237793,0.887145996,-0.384521484,0.150390625,0.2734375,0.375,0.140625,-3.953125,-5.90625,-6.2890625,0.0234375,-0.83203125,0.466796875
4747,47178205,47478205,0.206604004,0.886169434,-0.38494873,0.15447998,0.2734375,0.375,0.140625,-3.953125,-5.90625,-6.2890625,-0.0234375,-0.708984375,0.400390625
4748,47184548,47484548,0.20703125,0.885253906,-0.385192871,0.15826416,0.19140625,0.14453125,0.0703125,-4.1015625,-5.8671875,-6.21875,-0.0234375,-0.708984375,0.400390625
4749,47198095,47498095,0.207397461,0.884460449,-0.385498047,0.161499023,0.19140625,0.14453125,0.0703125,-4.1015625,-5.8671875,-6.21875,-0.00390625,-0.58203125,0.341796875
4750,47203132,47503132,0.207824707,0.883605957,-0.385864258,0.164733887,0.1171875,-0.078125,0.21484375,-4.21875,-5.8359375,-6.171875,-0.00390625,-0.58203125,0.341796875
4751,47217983,47517983,0.208190918,0.8828125,-0.386352539,0.167297363,0.1171875,-0.078125,0.21484375,-4.21875,-5.8359375,-6.171875,0.076171875,-0.462890625,0.2890625
4752,47228155,47528155,0.208618164,0.881958008,-0.387023926,0.169677734,0.06640625,-0.21484375,0.24609375,-4.3203125,-5.8125,-6.125,0.076171875,-0.462890625,0.2890625
4753,47238122,47538122,0.20892334,0.881164551,-0.387756348,0.171813965,0.06640625,-0.21484375,0.24609375,-4.3203125,-5.8125,-6.125,0.11328125,-0.37890625,0.19140625
4754,47242913,47542913,0.20904541,0.880493164,-0.388366699,0.173583984,0.1875,0.4296875,0.265625,-4.40625,-5.8046875,-6.0703125,0.11328125,-0.37890625,0.19140625
4755,47258173,47558173,0.20904541,0.880065918,-0.38873291,0.175048828,0.1875,0.4296875,0.265625,-4.40625,-5.8046875,-6.0703125,0,-0.25,0.095703125
4756,47264285,47564285,0.20892334,0.879882812,-0.388793945,0.176208496,0.16015625,0.6875,0.19140625,-4.453125,-5.796875,-6.03125,0,-0.25,0.095703125
4757,47276720,47576720,0.208862305,0.879760742,-0.38861084,0.177001953,0.16015625,0.6875,0.19140625,-4.453125,-5.796875,-6.03125,-0.080078125,-0.115234375,0.0625
4758,47282832,47582832,0.20892334,0.879821777,-0.388305664,0.177612305,0.16015625,0.3359375,0.10546875,-4.4921875,-5.7890625,-6.0234375,-0.080078125,-0.115234375,0.0625
4759,47298470,47598470,0.20916748,0.879821777,-0.388000488,0.17791748,0.16015625,0.3359375,0.10546875,-4.4921875,-5.7890625,-6.0234375,-0.041015625,0.001953125,0.08203125
4760,47308249,47608249,0.209533691,0.879760742,-0.387817383,0.177978516,0.20703125,-0.0625,0.10546875,-4.5,-5.7734375,-6.0234375,-0.041015625,0.001953125,0.08203125
4761,47317242,47617242,0.209960938,0.879760742,-0.387756348,0.17779541,0.20703125,-0.0625,0.10546875,-4.5,-5.7734375,-6.0234375,0.0390625,0.08984375,0.052734375
4762,47323223,47623223,0.210388184,0.879699707,-0.387817383,0.177307129,0.0625,-0.03125,0.21875,-4.5078125,-5.765625,-6.0234375,0.0390625,0.08984375,0.052734375
4763,47338058,47638058,0.210632324,0.879821777,-0.387817383,0.176513672,0.0625,-0.03125,0.21875,-4.5078125,-5.765625,-6.0234375,0.03125,0.181640625,-0.044921875
4764,47345900,47645900,0.210693359,0.880065918,-0.387695312,0.175476074,0.07421875,0.3203125,0.3046875,-4.484375,-5.7734375,-6.03125,0.03125,0.181640625,-0.044921875
4765,47356998,47656998,0.210571289,0.880493164,-0.387390137,0.174072266,0.07421875,0.3203125,0.3046875,-4.484375,-5.7734375,-6.03125,-0.0703125,0.291015625,-0.1640625
4766,47362033,47662033,0.210266113,0.881164551,-0.386779785,0.172363281,0.14453125,0.43359375,0.22265625,-4.4375,-5.7734375,-6.0625,-0.0703125,0.291015625,-0.1640625
4767,47376732,47676732,0.210021973,0.881958008,-0.385986328,0.170288086,0.14453125,0.43359375,0.22265625,-4.4375,-5.7734375,-6.0625,-0.123046875,0.431640625,-0.2265625
4768,47391812,47691812,0.209777832,0.8828125,-0.385192871,0.16796875,0.12109375,0.09765625,0.18359375,-4.375,-5.78125,-6.1015625,-0.123046875,0.431640625,-0.2265625
4769,47397340,47697340,0.209716797,0.883666992,-0.384460449,0.165222168,0.12109375,0.09765625,0.18359375,-4.375,-5.78125,-6.1015625,-0.064453125,0.56640625,-0.236328125
4770,47402399,47702399,0.209777832,0.884521484,-0.383850098,0.162109375,0.140625,-0.23828125,0.0859375,-4.28125,-5.7890625,-6.15625,-0.064453125,0.56640625,-0.236328125
4771,47417999,47717999,0.209960938,0.885314941,-0.383361816,0.158691406,0.140625,-0.23828125,0.0859375,-4.28125,-5.7890625,-6.15625,0.015625,0.708984375,-0.259765625
4772,47425530,47725530,0.210144043,0.886108398,-0.382873535,0.155090332,0.1171875,-0.03125,0.03125,-4.1796875,-5.8046875,-6.21875,0.015625,0.708984375,-0.259765625
4773,47436054,47736054,0.210388184,0.887084961,-0.382263184,0.150756836,0.1171875,-0.03125,0.03125,-4.1796875,-5.8046875,-6.21875,-0.013671875,0.8359375,-0.318359375
4774,47443363,47743363,0.210510254,0.888183594,-0.381408691,0.146240234,0.05859375,0.2578125,0.05078125,-4.046875,-5.828125,-6.2734375,-0.013671875,0.8359375,-0.318359375
4775,47457883,47757883,0.210449219,0.889404297,-0.380432129,0.141418457,0.05859375,0.2578125,0.05078125,-4.046875,-5.828125,-6.2734375,-0.095703125,0.958984375,-0.416015625
4776,47469250,47769250,0.210266113,0.890686035,-0.379272461,0.136535645,-0.1328125,0.3203125,0.12890625,-3.890625,-5.8515625,-6.3515625,-0.095703125,0.958984375,-0.416015625
4777,47481100,47781100,0.209960938,0.892150879,-0.377990723,0.130981445,-0.1328125,0.3203125,0.12890625,-3.890625,-5.8515625,-6.3515625,-0.111328125,1.04296875,-0.515625
4778,47485978,47785978,0.209472656,0.893554688,-0.37677002,0.125305176,-0.12109375,0.19140625,0.03125,-3.7109375,-5.875,-6.4453125,-0.111328125,1.04296875,-0.515625
4779,47500553,47800553,0.208862305,0.895019531,-0.375549316,0.119384766,-0.12109375,0.19140625,0.03125,-3.7109375,-5.875,-6.4453125,-0.1015625,1.12695312,-0.619140625
4780,47505487,47805487,0.208129883,0.89654541,-0.374267578,0.113342285,-0.02734375,0.3671875,0.18359375,-3.5,-5.8984375,-6.5234375,-0.1015625,1.12695312,-0.619140625
4781,47517213,47817213,0.207214355,0.898254395,-0.372680664,0.106506348,-0.02734375,0.3671875,0.18359375,-3.5,-5.8984375,-6.5234375,-0.16015625,1.22851562,-0.693359375
4782,47520950,47820950,0.206298828,0.899841309,-0.37109375,0.100158691,0.08203125,0.28515625,0.1640625,-3.265625,-5.9296875,-6.6171875,-0.16015625,1.22851562,-0.693359375
4783,47541215,47841215,0.205200195,0.901489258,-0.369384766,0.0932006836,0.08203125,0.28515625,0.1640625,-3.265625,-5.9296875,-6.6171875,-0.150390625,1.2265625,-0.724609375
4784,47549595,47849595,0.204162598,0.903076172,-0.367858887,0.0863647461,-0.12890625,0.0390625,-0.00390625,-3.015625,-5.953125,-6.71875,-0.150390625,1.2265625,-0.724609375
4785,47559384,47859384,0.203125,0.90447998,-0.366516113,0.0797729492,-0.12890625,0.0390625,-0.00390625,-3.015625,-5.953125,-6.71875,-0.0625,1.21875,-0.720703125
4786,47563126,47863126,0.202026367,0.905700684,-0.36541748,0.0728759766,-0.1875,-0.2109375,-0.109375,-2.765625,-5.96875,-6.8046875,-0.0625,1.21875,-0.720703125
4787,47576095,47876095,0.200866699,0.906799316,-0.364685059,0.0661010742,-0.1875,-0.2109375,-0.109375,-2.765625,-5.96875,-6.8046875,0.083984375,1.18945312,-0.74609375
4788,47581752,47881752,0.199584961,0.907775879,-0.364196777,0.0592041016,-0.16796875,0.01953125,0.14453125,-2.515625,-6.0078125,-6.8671875,0.083984375,1.18945312,-0.74609375
4789,47595626,47895626,0.198242188,0.908691406,-0.363647461,0.0526733398,-0.16796875,0.01953125,0.14453125,-2.515625,-6.0078125,-6.8671875,0.04296875,1.1796875,-0.802734375
4790,47601599,47901599,0.196655273,0.909851074,-0.362609863,0.0455322266,0.30859375,0.72265625,0.4921875,-2.265625,-6.0625,-6.90625,0.04296875,1.1796875,-0.802734375
4791,47615819,47915819,0.194946289,0.911071777,-0.36114502,0.0388793945,0.30859375,0.72265625,0.4921875,-2.265625,-6.0625,-6.90625,-0.1484375,1.15429688,-0.83203125
4792,47626977,47926977,0.19317627,0.912414551,-0.359436035,0.0323486328,0.3125,0.5546875,0.32421875,-2,-6.0859375,-6.96875,-0.1484375,1.15429688,-0.83203125
4793,47637571,47937571,0.191345215,0.913635254,-0.357788086,0.0263671875,0.3125,0.5546875,0.32421875,-2,-6.0859375,-6.96875,-0.16796875,1.0625,-0.828125
4794,47641298,47941298,0.189575195,0.914794922,-0.356201172,0.0202026367,0.3984375,-0.05078125,-0.234375,-1.7421875,-6.09375,-7.0234375,-0.16796875,1.0625,-0.828125
4795,47655981,47955981,0.187866211,0.915771484,-0.354797363,0.0138549805,0.3984375,-0.05078125,-0.234375,-1.7421875,-6.09375,-7.0234375,-0.03515625,1.05859375,-0.73046875
4796,47662230,47962230,0.186462402,0.916442871,-0.354064941,0.00750732422,0.30078125,-0.9609375,-0.140625,-1.4921875,-6.1015625,-7.078125,-0.03515625,1.05859375,-0.73046875
4797,47674459,47974459,0.185180664,0.916687012,-0.354187012,0.00115966797,0.30078125,-0.9609375,-0.140625,-1.4921875,-6.1015625,-7.078125,0.33984375,1.11914062,-0.71875
4798,47681754,47981754,-0.183776855,-0.916748047,0.354675293,0.00561523438,0.18359375,-0.5,0.27734375,-1.2578125,-6.140625,-7.078125,0.33984375,1.11914062,-0.71875
4799,47694697,47994697,-0.182128906,-0.916992188,0.354675293,0.0122680664,0.18359375,-0.5,0.27734375,-1.2578125,-6.140625,-7.078125,0.14453125,1.1015625,-0.818359375
4800,47706947,48006947,-0.180175781,-0.917602539,0.353820801,0.0186157227,0.27734375,1.01953125,0.34765625,-1.0078125,-6.203125,-7.0703125,0.14453125,1.1015625,-0.818359375
4801,47718325,48018325,-0.178161621,-0.918518066,0.352111816,0.0241699219,0.27734375,1.01953125,0.34765625,-1.0078125,-6.203125,-7.0703125,-0.2734375,0.91796875,-0.82421875
4802,47723093,48023093,-0.176025391,-0.919677734,0.349731445,0.0293579102,0.140625,0.8203125,0.03515625,-0.7578125,-6.1953125,-7.1015625,-0.2734375,0.91796875,-0.82421875
4803,47734716,48034716,-0.17388916,-0.920898438,0.347290039,0.0336914062,0.140625,0.8203125,0.03515625,-0.7578125,-6.1953125,-7.1015625,-0.357421875,0.69140625,-0.712890625
4804,47741220,48041220,-0.171936035,-0.921875,0.345214844,0.0379638672,0.19921875,-0.25390625,-0.76171875,-0.546875,-6.15625,-7.1484375,-0.357421875,0.69140625,-0.712890625
4805,47756068,48056068,-0.170166016,-0.922546387,0.34375,0.0426025391,0.19921875,-0.25390625,-0.76171875,-0.546875,-6.15625,-7.1484375,-0.056640625,0.8046875,-0.658203125
4806,47759793,48059793,-0.168701172,-0.922851562,0.343017578,0.0473632812,0.1640625,-0.77734375,-0.609375,-0.359375,-6.1328125,-7.1875,-0.056640625,0.8046875,-0.658203125
4807,47774063,48074063,-0.167297363,-0.922851562,0.342712402,0.0532836914,0.1640625,-0.77734375,-0.609375,-0.359375,-6.1328125,-7.1875,0.216796875,1.06445312,-0.673828125
4808,47787002,48087002,-0.165893555,-0.922790527,0.342651367,0.0598754883,0.10546875,-0.26171875,0.45703125,-0.1484375,-6.1484375,-7.1796875,0.216796875,1.06445312,-0.673828125
4809,47798404,48098404,-0.164367676,-0.922729492,0.342285156,0.0660400391,0.10546875,-0.26171875,0.45703125,-0.1484375,-6.1484375,-7.1796875,0.109375,1.03125,-0.73046875
4810,47802514,48102514,-0.162597656,-0.922973633,0.341369629,0.0717773438,0.125,0.41796875,0.81640625,0.1015625,-6.1796875,-7.15625,0.109375,1.03125,-0.73046875
4811,47816852,48116852,-0.160827637,-0.923522949,0.339782715,0.0762329102,0.125,0.41796875,0.81640625,0.1015625,-6.1796875,-7.15625,-0.26953125,0.6875,-0.671875
4812,47820611,48120611,-0.159118652,-0.924316406,0.337463379,0.0798950195,0.15234375,1.1328125,0.28125,0.3046875,-6.1640625,-7.15625,-0.26953125,0.6875,-0.671875
4813,47835439,48135439,-0.157531738,-0.925354004,0.334716797,0.083190918,0.15234375,1.1328125,0.28125,0.3046875,-6.1640625,-7.15625,-0.4453125,0.513671875,-0.513671875
4814,47840521,48140521,-0.15637207,-0.926147461,0.332397461,0.0858764648,0.33203125,0.5703125,0.13671875,0.46875,-6.1015625,-7.203125,-0.4453125,0.513671875,-0.513671875
4815,47857632,48157632,-0.155151367,-0.926757812,0.330322266,0.0889892578,0.33203125,0.5703125,0.13671875,0.46875,-6.1015625,-7.203125,-0.23046875,0.521484375,-0.45703125
4816,47866216,48166216,-0.153991699,-0.927185059,0.328857422,0.0919799805,0.27734375,-0.640625,-0.25390625,0.6015625,-6.0390625,-7.234375,-0.23046875,0.521484375,-0.45703125
4817,47876614,48176614,-0.152893066,-0.927429199,0.327697754,0.0952148438,0.27734375,-0.640625,-0.25390625,0.6015625,-6.0390625,-7.234375,-0.080078125,0.603515625,-0.4609375
4818,47880348,48180348,-0.151794434,-0.92755127,0.326782227,0.098815918,0.18359375,-0.6640625,-0.23828125,0.734375,-6.015625,-7.25,-0.080078125,0.603515625,-0.4609375
4819,47895881,48195881,-0.150756836,-0.927612305,0.326049805,0.102661133,0.18359375,-0.6640625,-0.23828125,0.734375,-6.015625,-7.25,0.005859375,0.638671875,-0.439453125
4820,47904310,48204310,-0.149841309,-0.927612305,0.325378418,0.106079102,-0.04296875,-0.6015625,-0.0625,0.8828125,-6,-7.234375,0.005859375,0.638671875,-0.439453125
4821,47914284,48214284,-0.148925781,-0.927612305,0.324584961,0.109558105,-0.04296875,-0.6015625,-0.0625,0.8828125,-6,-7.234375,-0.04296875,0.5546875,-0.376953125
4822,47919310,48219310,-0.148132324,-0.92767334,0.323730469,0.112609863,-0.2890625,-0.53515625,-0.3828125,1.015625,-5.9921875,-7.21875,-0.04296875,0.5546875,-0.376953125
4823,47937236,48237236,-0.147338867,-0.92779541,0.322814941,0.115356445,-0.2890625,-0.53515625,-0.3828125,1.015625,-5.9921875,-7.21875,-0.08203125,0.466796875,-0.34375
4824,47946236,48246236,-0.14654541,-0.92791748,0.321899414,0.117980957,-0.140625,-0.3203125,-0.421875,1.1328125,-5.9765625,-7.21875,-0.08203125,0.466796875,-0.34375
4825,47956271,48256271,-0.145874023,-0.927978516,0.321044922,0.120422363,-0.140625,-0.3203125,-0.421875,1.1328125,-5.9765625,-7.21875,-0.0625,0.43359375,-0.3046875
4826,47959992,48259992,-0.145202637,-0.928039551,0.320373535,0.122802734,-0.1640625,-0.53515625,-0.61328125,1.234375,-5.953125,-7.21875,-0.0625,0.43359375,-0.3046875
4827,47975477,48275477,-0.14453125,-0.928039551,0.319702148,0.12512207,-0.1640625,-0.53515625,-0.61328125,1.234375,-5.953125,-7.21875,-0.029296875,0.3828125,-0.294921875
4828,47979244,48279244,-0.143798828,-0.928039551,0.319091797,0.127319336,-0.14453125,-0.234375,-0.27734375,1.328125,-5.9453125,-7.2109375,-0.029296875,0.3828125,-0.294921875
4829,47994454,48294454,-0.143066406,-0.928039551,0.31842041,0.129699707,-0.14453125,-0.234375,-0.27734375,1.328125,-5.9453125,-7.2109375,-0.04296875,0.3984375,-0.2734375
4830,47999498,48299498,-0.142578125,-0.928100586,0.317810059,0.131713867,0.0703125,0.09375,0.10546875,1.421875,-5.9296875,-7.2109375,-0.04296875,0.3984375,-0.2734375
4831,48016523,48316523,-0.142211914,-0.928100586,0.317077637,0.133666992,0.0703125,0.09375,0.10546875,1.421875,-5.9296875,-7.2109375,-0.056640625,0.287109375,-0.173828125
4832,48025899,48325899,-0.141906738,-0.928100586,0.316650391,0.134887695,-0.19921875,-0.15234375,0.25,1.5,-5.9140625,-7.203125,-0.056640625,0.287109375,-0.173828125
4833,48037876,48337876,-0.141662598,-0.928161621,0.316345215,0.135620117,-0.19921875,-0.15234375,0.25,1.5,-5.9140625,-7.203125,-0.0234375,0.08203125,-0.078125
4834,48042756,48342756,-0.141479492,-0.928222656,0.316162109,0.135925293,-0.1640625,-0.046875,0.01953125,1.5390625,-5.90625,-7.203125,-0.0234375,0.08203125,-0.078125
4835,48056886,48356886,-0.141357422,-0.928283691,0.315979004,0.135986328,-0.1640625,-0.046875,0.01953125,1.5390625,-5.90625,-7.203125,-0.03515625,-0.029296875,-0.01171875
4836,48061020,48361020,-0.141357422,-0.928344727,0.315795898,0.135681152,-0.140625,-0.16796875,-0.32421875,1.5546875,-5.8984375,-7.203125,-0.03515625,-0.029296875,-0.01171875
4837,48073630,48373630,-0.141418457,-0.928527832,0.315673828,0.135070801,-0.140625,-0.16796875,-0.32421875,1.5546875,-5.8984375,-7.203125,-0.0625,-0.140625,0.07421875
4838,48080008,48380008,-0.141662598,-0.928649902,0.315612793,0.134094238,-0.203125,-0.40625,-0.390625,1.5390625,-5.890625,-7.2109375,-0.0625,-0.140625,0.07421875
4839,48096899,48396899,-0.142028809,-0.928771973,0.315673828,0.132751465,-0.203125,-0.40625,-0.390625,1.5390625,-5.890625,-7.2109375,-0.033203125,-0.255859375,0.16796875
4840,48105438,48405438,-0.142456055,-0.928833008,0.315856934,0.131164551,-0.31640625,-0.59765625,-0.72265625,1.5,-5.890625,-7.2265625,-0.033203125,-0.255859375,0.16796875
4841,48114917,48414917,-0.142944336,-0.928955078,0.316101074,0.129272461,-0.31640625,-0.59765625,-0.72265625,1.5,-5.890625,-7.2265625,-0.017578125,-0.353515625,0.236328125
4842,48118647,48418647,-0.143493652,-0.929016113,0.316467285,0.127197266,-0.3125,-0.67578125,-0.7890625,1.421875,-5.890625,-7.234375,-0.017578125,-0.353515625,0.236328125
4843,48138552,48438552,-0.144226074,-0.929077148,0.317016602,0.124816895,-0.3125,-0.67578125,-0.7890625,1.421875,-5.890625,-7.234375,0.01953125,-0.412109375,0.30078125
4844,48143397,48443397,-0.144958496,-0.929016113,0.317626953,0.122375488,-0.2265625,-0.66015625,-0.69140625,1.3359375,-5.90625,-7.2578125,0.01953125,-0.412109375,0.30078125
4845,48153827,48453827,-0.145751953,-0.929016113,0.318359375,0.119934082,-0.2265625,-0.66015625,-0.69140625,1.3359375,-5.90625,-7.2578125,0.052734375,-0.47265625,0.34375
4846,48157424,48457424,-0.146606445,-0.928955078,0.319213867,0.11706543,-0.1640625,-0.56640625,-0.453125,1.234375,-5.921875,-7.265625,0.052734375,-0.47265625,0.34375
4847,48176103,48476103,-0.147521973,-0.928833008,0.320129395,0.113830566,-0.1640625,-0.56640625,-0.453125,1.234375,-5.921875,-7.265625,0.052734375,-0.564453125,0.40625
4848,48184583,48484583,-0.14855957,-0.928771973,0.321044922,0.110473633,-0.0859375,-0.28125,-0.26171875,1.1171875,-5.9375,-7.265625,0.052734375,-0.564453125,0.40625
4849,48194395,48494395,-0.149597168,-0.928710938,0.321899414,0.107055664,-0.0859375,-0.28125,-0.26171875,1.1171875,-5.9375,-7.265625,0.0390625,-0.6484375,0.48046875
4850,48197994,48497994,-0.150817871,-0.928649902,0.322814941,0.103210449,-0.0234375,-0.07421875,-0.17578125,0.9765625,-5.953125,-7.2734375,0.0390625,-0.6484375,0.48046875
4851,48215342,48515342,-0.152282715,-0.928588867,0.323730469,0.0988769531,-0.0234375,-0.07421875,-0.17578125,0.9765625,-5.953125,-7.2734375,0.001953125,-0.71875,0.564453125
4852,48219277,48519277,-0.153747559,-0.928466797,0.324523926,0.0946655273,0.06640625,-0.05859375,-0.09375,0.8125,-5.96875,-7.28125,0.001953125,-0.71875,0.564453125
4853,48233138,48533138,-0.155395508,-0.928344727,0.325439453,0.08984375,0.06640625,-0.05859375,-0.09375,0.8125,-5.96875,-7.28125,-0.0078125,-0.82421875,0.638671875
4854,48240010,48540010,-0.156982422,-0.928222656,0.32635498,0.0850830078,0.1015625,-0.08984375,-0.0390625,0.625,-5.9765625,-7.296875,-0.0078125,-0.82421875,0.638671875
4855,48255236,48555236,-0.158813477,-0.928100586,0.327270508,0.0797119141,0.1015625,-0.08984375,-0.0390625,0.625,-5.9765625,-7.296875,-0.02734375,-0.8671875,0.6953125
4856,48264282,48564282,-0.160583496,-0.92791748,0.328063965,0.0747680664,0.1875,-0.07421875,-0.10546875,0.421875,-5.9921875,-7.3046875,-0.02734375,-0.8671875,0.6953125
4857,48274804,48574804,-0.162536621,-0.92767334,0.328979492,0.0690917969,0.1875,-0.07421875,-0.10546875,0.421875,-5.9921875,-7.3046875,-0.017578125,-0.921875,0.7421875
4858,48279174,48579174,-0.164428711,-0.927368164,0.32989502,0.0637817383,0.0625,-0.265625,-0.21484375,0.203125,-5.9921875,-7.3125,-0.017578125,-0.921875,0.7421875
4859,48295415,48595415,-0.166503906,-0.927001953,0.330993652,0.057800293,0.0625,-0.265625,-0.21484375,0.203125,-5.9921875,-7.3125,0.017578125,-0.982421875,0.78515625
4860,48300080,48600080,-0.168518066,-0.926574707,0.332214355,0.0518188477,0.09765625,-0.3046875,-0.17578125,-0.0234375,-5.9921875,-7.3125,0.017578125,-0.982421875,0.78515625
4861,48312883,48612883,-0.170532227,-0.926086426,0.333496094,0.0456542969,0.09765625,-0.3046875,-0.17578125,-0.0234375,-5.9921875,-7.3125,0.060546875,-1.05859375,0.828125
4862,48316613,48616613,-0.172607422,-0.925476074,0.334838867,0.0396728516,-0.04296875,-0.34375,-0.20703125,-0.265625,-5.9921875,-7.3203125,0.060546875,-1.05859375,0.828125
4863,48334577,48634577,-0.174804688,-0.924804688,0.336242676,0.033203125,-0.04296875,-0.34375,-0.20703125,-0.265625,-5.9921875,-7.3203125,0.060546875,-1.06640625,0.861328125
4864,48343259,48643259,-0.176879883,-0.924133301,0.337524414,0.0269775391,0.09765625,-0.296875,-0.3359375,-0.5234375,-6,-7.3046875,0.060546875,-1.06640625,0.861328125
4865,48352908,48652908,-0.179016113,-0.923461914,0.338684082,0.0206298828,0.09765625,-0.296875,-0.3359375,-0.5234375,-6,-7.3046875,0.017578125,-1.08398438,0.87109375
4866,48356647,48656647,-0.181274414,-0.922729492,0.33984375,0.0140380859,0.01171875,-0.2265625,-0.20703125,-0.78125,-5.9921875,-7.28125,0.017578125,-1.08398438,0.87109375
4867,48374838,48674838,-0.183654785,-0.921875,0.341186523,0.00677490234,0.01171875,-0.2265625,-0.20703125,-0.78125,-5.9921875,-7.28125,0.052734375,-1.22851562,0.943359375
4868,48379851,48679851,0.18572998,0.920959473,-0.342590332,0.000427246094,-0.16796875,-0.234375,-0.34375,-1.0625,-5.984375,-7.2578125,0.052734375,-1.22851562,0.943359375
4869,48389703,48689703,0.187683105,0.91998291,-0.344055176,0.00799560547,-0.16796875,-0.234375,-0.34375,-1.0625,-5.984375,-7.2578125,0.05859375,-1.35546875,0.923828125
4870,48397442,48697442,0.18963623,0.918823242,-0.34576416,0.0161132812,-0.0625,-0.2421875,-0.421875,-1.359375,-5.9765625,-7.21875,0.05859375,-1.35546875,0.923828125
4871,48414214,48714214,0.191345215,0.917663574,-0.347412109,0.0240478516,-0.0625,-0.2421875,-0.421875,-1.359375,-5.9765625,-7.21875,0.0859375,-1.43945312,0.904296875
4872,48422692,48722692,0.192932129,0.916503906,-0.348937988,0.0318603516,-0.0546875,0,-0.35546875,-1.671875,-5.953125,-7.171875,0.0859375,-1.43945312,0.904296875
4873,48433453,48733453,0.194458008,0.915283203,-0.350524902,0.0400390625,-0.0546875,0,-0.35546875,-1.671875,-5.953125,-7.171875,0.0859375,-1.4609375,0.884765625
4874,48437196,48737196,0.195861816,0.91394043,-0.352172852,0.0482177734,0.01953125,-0.0234375,-0.1015625,-1.9765625,-5.9296875,-7.1171875,0.0859375,-1.4609375,0.884765625
4875,48452590,48752590,0.19720459,0.912536621,-0.353820801,0.0567016602,0.01953125,-0.0234375,-0.1015625,-1.9765625,-5.9296875,-7.1171875,0.064453125,-1.4921875,0.837890625
4876,48456872,48756872,0.198303223,0.911193848,-0.35534668,0.064453125,0.078125,-0.0078125,0.046875,-2.3046875,-5.90625,-7.0390625,0.064453125,-1.4921875,0.837890625
4877,48469836,48769836,0.199462891,0.909545898,-0.35723877,0.0726318359,0.078125,-0.0078125,0.046875,-2.3046875,-5.90625,-7.0390625,0.197265625,-1.50585938,0.818359375
4878,48476738,48776738,0.200561523,0.907714844,-0.359558105,0.0810546875,0,-0.21484375,0,-2.609375,-5.890625,-6.953125,0.197265625,-1.50585938,0.818359375
4879,48492728,48792728,0.201538086,0.905761719,-0.361999512,0.0893554688,0,-0.21484375,0,-2.609375,-5.890625,-6.953125,0.263671875,-1.57617188,0.80859375
4880,48501264,48801264,0.202331543,0.903808594,-0.364318848,0.0972900391,0.12109375,0.046875,0.234375,-2.921875,-5.8828125,-6.84375,0.263671875,-1.57617188,0.80859375
4881,48510139,48810139,0.203186035,0.901672363,-0.366760254,0.105895996,0.12109375,0.046875,0.234375,-2.921875,-5.8828125,-6.84375,0.248046875,-1.5234375,0.76171875
4882,48516278,48816278,0.203979492,0.899658203,-0.368896484,0.113647461,0.2734375,0.26171875,0.21875,-3.2265625,-5.8671875,-6.7109375,0.248046875,-1.5234375,0.76171875
4883,48531692,48831692,0.204711914,0.897644043,-0.37097168,0.121398926,0.2734375,0.26171875,0.21875,-3.2265625,-5.8671875,-6.7109375,0.216796875,-1.46484375,0.744140625
4884,48536212,48836212,0.205383301,0.895690918,-0.372802734,0.128723145,0.36328125,0.3125,0.1328125,-3.5078125,-5.84375,-6.5859375,0.216796875,-1.46484375,0.744140625
4885,48550320,48850320,0.206237793,0.893554688,-0.374572754,0.136657715,0.36328125,0.3125,0.1328125,-3.5078125,-5.84375,-6.5859375,0.142578125,-1.40429688,0.73828125
4886,48556302,48856302,0.20703125,0.891601562,-0.376098633,0.144042969,0.40625,0.3203125,0.16015625,-3.78125,-5.8125,-6.4609375,0.142578125,-1.40429688,0.73828125
4887,48571447,48871447,0.207824707,0.889587402,-0.377624512,0.151123047,0.40625,0.3203125,0.16015625,-3.78125,-5.8125,-6.4609375,0.16796875,-1.328125,0.720703125
4888,48579094,48879094,0.208557129,0.887573242,-0.379211426,0.157775879,0.3984375,0.05859375,0.1484375,-4.0390625,-5.78125,-6.3359375,0.16796875,-1.328125,0.720703125
4889,48589152,48889152,0.209289551,0.885498047,-0.38079834,0.164489746,0.3984375,0.05859375,0.1484375,-4.0390625,-5.78125,-6.3359375,0.16796875,-1.2421875,0.64453125
4890,48596556,48896556,0.209899902,0.883422852,-0.382324219,0.171203613,0.28515625,0.25,0.1875,-4.2734375,-5.7421875,-6.21875,0.16796875,-1.2421875,0.64453125
4891,48610930,48910930,0.210510254,0.881408691,-0.383789062,0.17755127,0.28515625,0.25,0.1875,-4.2734375,-5.7421875,-6.21875,0.158203125,-1.203125,0.609375
4892,48615467,48915467,0.2109375,0.879516602,-0.385070801,0.183532715,0.21484375,0.3046875,0.21484375,-4.5078125,-5.71875,-6.09375,0.158203125,-1.203125,0.609375
4893,48631529,48931529,0.211425781,0.877441406,-0.386413574,0.189941406,0.21484375,0.3046875,0.21484375,-4.5078125,-5.71875,-6.09375,0.1328125,-1.15625,0.580078125
4894,48635138,48935138,0.211791992,0.875549316,-0.387573242,0.195617676,0.30078125,0.265625,0.08984375,-4.7109375,-5.6796875,-5.96875,0.1328125,-1.15625,0.580078125
4895,48650872,48950872,0.212280273,0.873535156,-0.38885498,0.201721191,0.30078125,0.265625,0.08984375,-4.7109375,-5.6796875,-5.96875,0.134765625,-1.09960938,0.55859375
4896,48660114,48960114,0.21270752,0.871704102,-0.389953613,0.207092285,0.3046875,0.37890625,-0.03515625,-4.90625,-5.640625,-5.84375,0.134765625,-1.09960938,0.55859375
4897,48670301,48970301,0.213134766,0.869689941,-0.390991211,0.212890625,0.3046875,0.37890625,-0.03515625,-4.90625,-5.640625,-5.84375,0.09375,-1.03515625,0.55078125
4898,48675350,48975350,0.213623047,0.867858887,-0.391845703,0.218322754,0.21875,0.53125,0.078125,-5.0859375,-5.6015625,-5.7265625,0.09375,-1.03515625,0.55078125
4899,48690951,48990951,0.213989258,0.866149902,-0.39251709,0.223510742,0.21875,0.53125,0.078125,-5.0859375,-5.6015625,-5.7265625,0.029296875,-0.970703125,0.505859375
4900,48694509,48994509,0.214233398,0.864562988,-0.393066406,0.228271484,0.12890625,0.40625,-0.0703125,-5.265625,-5.5546875,-5.6171875,0.029296875,-0.970703125,0.505859375
4901,48711075,49011075,0.214477539,0.863037109,-0.393493652,0.233154297,0.12890625,0.40625,-0.0703125,-5.265625,-5.5546875,-5.6171875,-0.017578125,-0.861328125,0.431640625
4902,48714807,49014807,0.214538574,0.861694336,-0.393798828,0.237426758,-0.02734375,0.24609375,0.09375,-5.4140625,-5.5078125,-5.515625,-0.017578125,-0.861328125,0.431640625
4903,48731232,49031232,0.214660645,0.860351562,-0.393981934,0.241882324,-0.02734375,0.24609375,0.09375,-5.4140625,-5.5078125,-5.515625,-0.03515625,-0.7578125,0.3828125
4904,48741018,49041018,0.21484375,0.859130859,-0.394226074,0.245605469,0.06640625,-0.0078125,0.1640625,-5.546875,-5.4453125,-5.4296875,-0.03515625,-0.7578125,0.3828125
4905,48752539,49052539,0.215087891,0.857910156,-0.39453125,0.249023438,0.06640625,-0.0078125,0.1640625,-5.546875,-5.4453125,-5.4296875,0.037109375,-0.625,0.345703125
4906,48757194,49057194,0.215393066,0.856689453,-0.394958496,0.252258301,0.09765625,-0.23828125,0.28515625,-5.65625,-5.40625,-5.359375,0.037109375,-0.625,0.345703125
4907,48770249,49070249,0.215698242,0.855651855,-0.395446777,0.254821777,0.09765625,-0.23828125,0.28515625,-5.65625,-5.40625,-5.359375,0.08203125,-0.470703125,0.267578125
4908,48774304,49074304,0.216003418,0.854675293,-0.395935059,0.257080078,0.15234375,-0.0703125,0.21484375,-5.75,-5.3828125,-5.2890625,0.08203125,-0.470703125,0.267578125
4909,48791687,49091687,0.216247559,0.853881836,-0.396362305,0.258972168,0.15234375,-0.0703125,0.21484375,-5.75,-5.3828125,-5.2890625,0.048828125,-0.294921875,0.171875
4910,48795432,49095432,0.216430664,0.85333252,-0.39654541,0.260192871,0.21484375,0.3671875,0.3125,-5.8125,-5.359375,-5.234375,0.048828125,-0.294921875,0.171875
4911,48809493,49109493,0.216552734,0.853027344,-0.396606445,0.261047363,0.21484375,0.3671875,0.3125,-5.8125,-5.359375,-5.234375,-0.009765625,-0.09765625,0.076171875
4912,48817637,49117637,0.216674805,0.852905273,-0.39654541,0.261413574,0.29296875,0.39453125,0.3671875,-5.8515625,-5.3515625,-5.2109375,-0.009765625,-0.09765625,0.076171875
4913,48831507,49131507,0.21685791,0.852966309,-0.396484375,0.261230469,0.29296875,0.39453125,0.3671875,-5.8515625,-5.3515625,-5.2109375,0.00390625,0.091796875,0.001953125
4914,48835232,49135232,0.217041016,0.853149414,-0.39642334,0.260620117,0.25390625,0.3125,0.3671875,-5.8515625,-5.34375,-5.2109375,0.00390625,0.091796875,0.001953125
4915,48848502,49148502,0.217346191,0.85345459,-0.396240234,0.259460449,0.25390625,0.3125,0.3671875,-5.8515625,-5.34375,-5.2109375,0.015625,0.27734375,-0.068359375
4916,48855275,49155275,0.217590332,0.853942871,-0.396118164,0.257873535,0.30859375,0.3203125,0.390625,-5.828125,-5.3515625,-5.234375,0.015625,0.27734375,-0.068359375
4917,48871055,49171055,0.217895508,0.854553223,-0.395935059,0.255859375,0.30859375,0.3203125,0.390625,-5.828125,-5.3515625,-5.234375,0.02734375,0.453125,-0.1484375
4918,48874786,49174786,0.218200684,0.85534668,-0.395690918,0.253479004,0.30078125,0.375,0.421875,-5.78125,-5.3671875,-5.265625,0.02734375,0.453125,-0.1484375
4919,48888500,49188500,0.218383789,0.856323242,-0.395385742,0.250427246,0.30078125,0.375,0.421875,-5.78125,-5.3671875,-5.265625,0.0078125,0.625,-0.248046875
4920,48897171,49197171,0.218566895,0.857421875,-0.395019531,0.247009277,0.3359375,0.47265625,0.359375,-5.703125,-5.390625,-5.3203125,0.0078125,0.625,-0.248046875
4921,48909038,49209038,0.218566895,0.858703613,-0.394592285,0.243164062,0.3359375,0.47265625,0.359375,-5.703125,-5.390625,-5.3203125,-0.01953125,0.783203125,-0.365234375
4922,48915026,49215026,0.218444824,0.860229492,-0.394042969,0.238891602,0.3046875,0.54296875,0.33203125,-5.59375,-5.421875,-5.40625,-0.01953125,0.783203125,-0.365234375
4923,48927367,49227367,0.218200684,0.861938477,-0.393249512,0.234130859,0.3046875,0.54296875,0.33203125,-5.59375,-5.421875,-5.40625,-0.087890625,0.947265625,-0.47265625
4924,48934695,49234695,0.217956543,0.863769531,-0.39239502,0.229064941,0.203125,0.4296875,0.203125,-5.453125,-5.4609375,-5.5078125,-0.087890625,0.947265625,-0.47265625
4925,48947514,49247514,0.217590332,0.865722656,-0.391418457,0.223693848,0.203125,0.4296875,0.203125,-5.453125,-5.4609375,-5.5078125,-0.1015625,1.06835938,-0.537109375
4926,48954843,49254843,0.217224121,0.867736816,-0.390380859,0.217895508,0.10546875,0.27734375,0.203125,-5.28125,-5.5,-5.625,-0.1015625,1.06835938,-0.537109375
4927,48968155,49268155,0.216918945,0.869750977,-0.389221191,0.211975098,0.10546875,0.27734375,0.203125,-5.28125,-5.5,-5.625,-0.11328125,1.21289062,-0.5859375
4928,48976389,49276389,0.216674805,0.871948242,-0.388000488,0.205383301,-0.00390625,0.1328125,-0.08984375,-5.09375,-5.546875,-5.75,-0.11328125,1.21289062,-0.5859375
4929,48987566,49287566,0.216369629,0.874145508,-0.386779785,0.198608398,-0.00390625,0.1328125,-0.08984375,-5.09375,-5.546875,-5.75,-0.099609375,1.31835938,-0.625
4930,48996055,49296055,0.216064453,0.876342773,-0.385559082,0.191589355,-0.109375,0.0625,-0.140625,-4.875,-5.59375,-5.890625,-0.099609375,1.31835938,-0.625
4931,49009413,49309413,0.215698242,0.878479004,-0.384216309,0.184631348,-0.109375,0.0625,-0.140625,-4.875,-5.59375,-5.890625,-0.126953125,1.41992188,-0.69921875
4932,49015245,49315245,0.215209961,0.880859375,-0.38269043,0.177062988,-0.15234375,0.30078125,-0.1640625,-4.640625,-5.640625,-6.0234375,-0.126953125,1.41992188,-0.69921875
4933,49028778,49328778,0.214599609,0.883361816,-0.380981445,0.168823242,-0.15234375,0.30078125,-0.1640625,-4.640625,-5.640625,-6.0234375,-0.154296875,1.51367188,-0.7578125
4934,49033810,49333810,0.213989258,0.885620117,-0.379394531,0.161132812,-0.234375,-0.03515625,-0.0078125,-4.3671875,-5.6875,-6.1796875,-0.154296875,1.51367188,-0.7578125
4935,49046865,49346865,0.213134766,0.887878418,-0.377929688,0.152893066,-0.234375,-0.03515625,-0.0078125,-4.3671875,-5.6875,-6.1796875,-0.09765625,1.56640625,-0.853515625
4936,49055430,49355430,0.212158203,0.890258789,-0.376464844,0.143981934,-0.19921875,-0.1328125,-0.1328125,-4.09375,-5.7421875,-6.3203125,-0.09765625,1.56640625,-0.853515625
4937,49068585,49368585,0.210998535,0.892456055,-0.37512207,0.135314941,-0.19921875,-0.1328125,-0.1328125,-4.09375,-5.7421875,-6.3203125,-0.05859375,1.56640625,-0.923828125
4938,49073621,49373621,0.209777832,0.894470215,-0.373840332,0.127075195,-0.12890625,0.3125,-0.078125,-3.78125,-5.8046875,-6.453125,-0.05859375,1.56640625,-0.923828125
4939,49087760,49387760,0.208312988,0.896728516,-0.372131348,0.118103027,-0.12890625,0.3125,-0.078125,-3.78125,-5.8046875,-6.453125,-0.16015625,1.55859375,-0.943359375
4940,49092944,49392944,0.206848145,0.898986816,-0.370178223,0.109619141,0.2109375,0.62890625,0.0859375,-3.46875,-5.8515625,-6.578125,-0.16015625,1.55859375,-0.943359375
4941,49107744,49407744,0.205322266,0.901245117,-0.367858887,0.101318359,0.2109375,0.62890625,0.0859375,-3.46875,-5.8515625,-6.578125,-0.2890625,1.50976562,-0.9296875
4942,49113709,49413709,0.203796387,0.903442383,-0.365539551,0.0931396484,-0.02734375,0.19921875,-0.125,-3.15625,-5.8828125,-6.7109375,-0.2890625,1.50976562,-0.9296875
4943,49129003,49429003,0.202331543,0.905395508,-0.363525391,0.0850830078,-0.02734375,0.19921875,-0.125,-3.15625,-5.8828125,-6.7109375,-0.173828125,1.46289062,-0.884765625
4944,49137941,49437941,0.20098877,0.906982422,-0.361877441,0.0773925781,0.04296875,-0.51171875,-0.31640625,-2.84375,-5.8984375,-6.828125,-0.173828125,1.46289062,-0.884765625
4945,49147733,49447733,0.199645996,0.908508301,-0.360595703,0.0687866211,0.04296875,-0.51171875,-0.31640625,-2.84375,-5.8984375,-6.828125,0.046875,1.4296875,-0.85546875
4946,49153689,49453689,0.198303223,0.909606934,-0.359985352,0.0609130859,-0.03125,-0.55078125,-0.19140625,-2.5390625,-5.9375,-6.9140625,0.046875,1.4296875,-0.85546875
4947,49167121,49467121,0.196960449,0.910522461,-0.359680176,0.0531616211,-0.03125,-0.55078125,-0.19140625,-2.5390625,-5.9375,-6.9140625,0.189453125,1.35742188,-0.861328125
4948,49172264,49472264,0.19543457,0.911437988,-0.35925293,0.0451660156,0.29296875,0.39453125,0.46875,-2.25,-6,-6.9609375,0.189453125,1.35742188,-0.861328125
4949,49187863,49487863,0.193664551,0.912475586,-0.358459473,0.0375366211,0.29296875,0.39453125,0.46875,-2.25,-6,-6.9609375,0.001953125,1.26757812,-0.8984375
4950,49192647,49492647,0.191833496,0.913635254,-0.357177734,0.0307006836,0.3125,0.6015625,0.31640625,-1.9609375,-6.0546875,-7,0.001953125,1.26757812,-0.8984375
4951,49207024,49507024,0.189575195,0.915039062,-0.355285645,0.0236206055,0.3125,0.6015625,0.31640625,-1.9609375,-6.0546875,-7,-0.224609375,1.12695312,-0.92578125
4952,49216232,49516232,0.187194824,0.916442871,-0.353210449,0.0172729492,0.14453125,-0.00390625,-0.2421875,-1.6796875,-6.0625,-7.0546875,-0.224609375,1.12695312,-0.92578125
4953,49227987,49527987,0.184814453,0.91784668,-0.351074219,0.0111694336,0.14453125,-0.00390625,-0.2421875,-1.6796875,-6.0625,-7.0546875,-0.24609375,1.03125,-0.923828125
4954,49232777,49532777,0.182556152,0.919006348,-0.349365234,0.00512695312,0.109375,-0.625,-0.44140625,-1.4140625,-6.0546875,-7.125,-0.24609375,1.03125,-0.923828125
4955,49247341,49547341,-0.180419922,-0.919921875,0.348144531,0.00238037109,0.109375,-0.625,-0.44140625,-1.4140625,-6.0546875,-7.125,0.1015625,1.3203125,-0.904296875
4956,49252367,49552367,-0.178588867,-0.920410156,0.34753418,0.0104370117,0.37109375,-0.6171875,-0.2109375,-1.140625,-6.0625,-7.1640625,0.1015625,1.3203125,-0.904296875
4957,49267842,49567842,-0.176696777,-0.920898438,0.346984863,0.0185546875,0.37109375,-0.6171875,-0.2109375,-1.140625,-6.0625,-7.1640625,0.14453125,1.40039062,-0.95703125
4958,49271563,49571563,-0.174682617,-0.921386719,0.346191406,0.0263061523,0.06640625,0.3046875,0.10546875,-0.8359375,-6.1015625,-7.171875,0.14453125,1.40039062,-0.95703125
4959,49287367,49587367,-0.172180176,-0.922180176,0.344604492,0.0346679688,0.06640625,0.3046875,0.10546875,-0.8359375,-6.1015625,-7.171875,-0.134765625,1.234375,-0.99609375
4960,49295628,49595628,-0.16986084,-0.923034668,0.342651367,0.0409545898,-0.21484375,0.77734375,0.08203125,-0.515625,-6.1171875,-7.1875,-0.134765625,1.234375,-0.99609375
4961,49306559,49606559,-0.167297363,-0.924194336,0.340209961,0.0467529297,-0.21484375,0.77734375,0.08203125,-0.515625,-6.1171875,-7.1875,-0.32421875,0.83984375,-0.875
4962,49316327,49616327,-0.164733887,-0.925170898,0.33795166,0.0516357422,-0.28125,0.25,0.12109375,-0.2578125,-6.0859375,-7.2265625,-0.32421875,0.83984375,-0.875
4963,49326365,49626365,-0.162353516,-0.925964355,0.336364746,0.0560913086,-0.28125,0.25,0.12109375,-0.2578125,-6.0859375,-7.2265625,-0.08984375,0.734375,-0.783203125
4964,49334038,49634038,-0.16003418,-0.926391602,0.335388184,0.0609741211,0.42578125,-0.2421875,0.19140625,-0.046875,-6.0546875,-7.2578125,-0.08984375,0.734375,-0.783203125
4965,49347005,49647005,-0.157958984,-0.926513672,0.334960938,0.0661621094,0.42578125,-0.2421875,0.19140625,-0.046875,-6.0546875,-7.2578125,0.138671875,0.8828125,-0.744140625
4966,49355633,49655633,-0.156066895,-0.926574707,0.334655762,0.0715942383,0.33984375,-0.234375,0.18359375,0.15625,-6.0625,-7.25,0.138671875,0.8828125,-0.744140625
4967,49368107,49668107,-0.15423584,-0.926513672,0.334289551,0.0775146484,0.33984375,-0.234375,0.18359375,0.15625,-6.0625,-7.25,0.10546875,0.943359375,-0.703125
4968,49377554,49677554,-0.152648926,-0.926574707,0.333618164,0.0827026367,0.41796875,0.1640625,0.734375,0.3828125,-6.078125,-7.2265625,0.10546875,0.943359375,-0.703125
4969,49388375,49688375,-0.151062012,-0.926757812,0.332580566,0.0876464844,0.41796875,0.1640625,0.734375,0.3828125,-6.078125,-7.2265625,-0.091796875,0.7890625,-0.626953125
4970,49391982,49691982,-0.149536133,-0.927062988,0.331176758,0.0919799805,0.21484375,0.234375,0.53515625,0.5859375,-6.0703125,-7.21875,-0.091796875,0.7890625,-0.626953125
4971,49406845,49706845,-0.148254395,-0.927429199,0.329650879,0.0958862305,0.21484375,0.234375,0.53515625,0.5859375,-6.0703125,-7.21875,-0.18359375,0.607421875,-0.486328125
4972,49413011,49713011,-0.147216797,-0.92779541,0.328186035,0.0989990234,0.04296875,-0.06640625,-0.1484375,0.7578125,-6.0390625,-7.2265625,-0.18359375,0.607421875,-0.486328125
4973,49426897,49726897,-0.146240234,-0.928100586,0.326843262,0.102111816,0.04296875,-0.06640625,-0.1484375,0.7578125,-6.0390625,-7.2265625,-0.146484375,0.5,-0.365234375
4974,49435096,49735096,-0.145568848,-0.928283691,0.325805664,0.104675293,-0.08984375,-0.59375,-0.4453125,0.890625,-6.0078125,-7.234375,-0.146484375,0.5,-0.365234375
4975,49446575,49746575,-0.144775391,-0.928344727,0.325012207,0.107421875,-0.08984375,-0.59375,-0.4453125,0.890625,-6.0078125,-7.234375,-0.0234375,0.451171875,-0.31640625
4976,49454482,49754482,-0.144104004,-0.928344727,0.324462891,0.109924316,-0.2734375,-1.1484375,-0.98046875,1,-5.9921875,-7.234375,-0.0234375,0.451171875,-0.31640625
4977,49465374,49765374,-0.143371582,-0.928344727,0.323913574,0.112792969,-0.2734375,-1.1484375,-0.98046875,1,-5.9921875,-7.234375,0,0.49609375,-0.30859375
4978,49473087,49773087,-0.142822266,-0.928222656,0.323425293,0.115600586,-0.03125,-0.58984375,-0.53125,1.1015625,-5.9765625,-7.2265625,0,0.49609375,-0.30859375
4979,49485430,49785430,-0.14239502,-0.928161621,0.322937012,0.118286133,-0.03125,-0.58984375,-0.53125,1.1015625,-5.9765625,-7.2265625,0,0.494140625,-0.26171875
4980,49491734,49791734,-0.141967773,-0.928100586,0.32232666,0.120849609,-0.1796875,-0.51171875,-0.23046875,1.2109375,-5.9765625,-7.21875,0,0.494140625,-0.26171875
4981,49508272,49808272,-0.141662598,-0.928100586,0.321655273,0.12286377,-0.1796875,-0.51171875,-0.23046875,1.2109375,-5.9765625,-7.21875,-0.076171875,0.306640625,-0.185546875
4982,49514096,49814096,-0.141357422,-0.928161621,0.321044922,0.124206543,-0.3046875,-0.375,-0.390625,1.296875,-5.9609375,-7.2109375,-0.076171875,0.306640625,-0.185546875
4983,49524900,49824900,-0.141113281,-0.928222656,0.320556641,0.125183105,-0.3046875,-0.375,-0.390625,1.296875,-5.9609375,-7.2109375,-0.037109375,0.142578125,-0.099609375
4984,49533512,49833512,-0.140930176,-0.928283691,0.3203125,0.125915527,-0.16015625,-0.34375,-0.46875,1.34375,-5.953125,-7.2109375,-0.037109375,0.142578125,-0.099609375
4985,49543878,49843878,-0.140930176,-0.928222656,0.320251465,0.126525879,-0.16015625,-0.34375,-0.46875,1.34375,-5.953125,-7.2109375,0.017578125,0.10546875,-0.0234375
4986,49554943,49854943,-0.140991211,-0.928100586,0.3203125,0.126953125,-0.14453125,-0.42578125,-0.19921875,1.3671875,-5.9453125,-7.2109375,0.017578125,0.10546875,-0.0234375
4987,49564545,49864545,-0.141235352,-0.928039551,0.320373535,0.12701416,-0.14453125,-0.42578125,-0.19921875,1.3671875,-5.9453125,-7.2109375,0.01171875,0,0.05859375
4988,49570803,49870803,-0.141540527,-0.928039551,0.320495605,0.126708984,-0.265625,-0.265625,-0.0546875,1.375,-5.953125,-7.203125,0.01171875,0,0.05859375
4989,49584347,49884347,-0.141845703,-0.928039551,0.320617676,0.125976562,-0.265625,-0.265625,-0.0546875,1.375,-5.953125,-7.203125,-0.01171875,-0.158203125,0.140625
4990,49592499,49892499,-0.142333984,-0.928039551,0.320800781,0.124816895,-0.2421875,-0.21875,-0.35546875,1.3515625,-5.9609375,-7.2109375,-0.01171875,-0.158203125,0.140625
4991,49605216,49905216,-0.142883301,-0.928039551,0.321044922,0.123291016,-0.2421875,-0.21875,-0.35546875,1.3515625,-5.9609375,-7.2109375,-0.00390625,-0.28515625,0.21875
4992,49614153,49914153,-0.143432617,-0.928100586,0.321411133,0.121459961,-0.2265625,-0.2890625,-0.4609375,1.296875,-5.96875,-7.21875,-0.00390625,-0.28515625,0.21875
4993,49624330,49924330,-0.144104004,-0.928100586,0.321838379,0.119506836,-0.2265625,-0.2890625,-0.4609375,1.296875,-5.96875,-7.21875,0.0078125,-0.375,0.28515625
4994,49632528,49932528,-0.144897461,-0.928100586,0.322387695,0.11706543,-0.2265625,-0.2890625,-0.375,1.21875,-5.96875,-7.2265625,0.0078125,-0.375,0.28515625
4995,49644044,49944044,-0.145751953,-0.928039551,0.322998047,0.114562988,-0.2265625,-0.2890625,-0.375,1.21875,-5.96875,-7.2265625,0.0234375,-0.447265625,0.353515625
4996,49651259,49951259,-0.14666748,-0.928039551,0.323669434,0.111816406,-0.19921875,-0.3515625,-0.33984375,1.1171875,-5.984375,-7.2265625,0.0234375,-0.447265625,0.353515625
4997,49663331,49963331,-0.147705078,-0.927978516,0.32434082,0.108642578,-0.19921875,-0.3515625,-0.33984375,1.1171875,-5.984375,-7.2265625,0.0078125,-0.537109375,0.416015625
4998,49673595,49973595,-0.148803711,-0.927978516,0.325012207,0.105529785,-0.08203125,-0.07421875,-0.1328125,1,-5.9921875,-7.2421875,0.0078125,-0.537109375,0.416015625
4999,49683605,49983605,-0.149963379,-0.92791748,0.325622559,0.102050781,-0.08203125,-0.07421875,-0.1328125,1,-5.9921875,-7.2421875,-0.01953125,-0.599609375,0.4765625
5000,49692981,49992981,-0.151245117,-0.92791748,0.326171875,0.0983886719,0.05078125,-0.02734375,0.06640625,0.8671875,-6,-7.25,-0.01953125,-0.599609375,0.4765625
5001,49704692,50004692,-0.152648926,-0.92791748,0.326782227,0.0943603516,0.05078125,-0.02734375,0.06640625,0.8671875,-6,-7.25,-0.03515625,-0.685546875,0.55078125
5002,49710215,50010215,-0.154174805,-0.927856445,0.327453613,0.0900878906,0.04296875,-0.05859375,0.0078125,0.71875,-6.0078125,-7.265625,-0.03515625,-0.685546875,0.55078125
5003,49725061,50025061,-0.155822754,-0.927734375,0.32824707,0.0856323242,0.04296875,-0.05859375,0.0078125,0.71875,-6.0078125,-7.265625,-0.0078125,-0.775390625,0.630859375
5004,49730034,50030034,-0.157409668,-0.92755127,0.329101562,0.0810546875,0.0390625,-0.2421875,0.015625,0.53125,-6.015625,-7.2734375,-0.0078125,-0.775390625,0.630859375
5005,49744525,50044525,-0.159240723,-0.927246094,0.33026123,0.0757446289,0.0390625,-0.2421875,0.015625,0.53125,-6.015625,-7.2734375,0.037109375,-0.87890625,0.703125
5006,49750239,50050239,-0.161071777,-0.926940918,0.331420898,0.0704956055,0.00390625,-0.42578125,-0.3203125,0.3359375,-6.0234375,-7.28125,0.037109375,-0.87890625,0.703125
5007,49765424,50065424,-0.163024902,-0.926574707,0.332702637,0.0651855469,0.00390625,-0.42578125,-0.3203125,0.3359375,-6.0234375,-7.28125,0.046875,-0.884765625,0.75
5008,49773655,50073655,-0.164978027,-0.926147461,0.33380127,0.0601196289,0.22265625,-0.21875,-0.12890625,0.1171875,-6.0390625,-7.28125,0.046875,-0.884765625,0.75
5009,49785729,50085729,-0.167175293,-0.92565918,0.335083008,0.0545043945,0.22265625,-0.21875,-0.12890625,0.1171875,-6.0390625,-7.28125,0.04296875,-0.892578125,0.79296875
5010,49792322,50092322,-0.169311523,-0.925170898,0.336120605,0.0492553711,0.25,-0.10546875,-0.328125,-0.1015625,-6.0390625,-7.2734375,0.04296875,-0.892578125,0.79296875
5011,49805389,50105389,-0.171630859,-0.924621582,0.337219238,0.0434570312,0.25,-0.10546875,-0.328125,-0.1015625,-6.0390625,-7.2734375,0.01953125,-0.921875,0.828125
5012,49808825,50108825,-0.17388916,-0.924072266,0.338256836,0.0380249023,0.2578125,-0.140625,-0.328125,-0.3359375,-6.0390625,-7.2734375,0.01953125,-0.921875,0.828125
5013,49823303,50123303,-0.176330566,-0.923400879,0.339416504,0.032043457,0.2578125,-0.140625,-0.328125,-0.3359375,-6.0390625,-7.2734375,0.025390625,-0.94140625,0.865234375
5014,49829215,50129215,-0.178710938,-0.922729492,0.340454102,0.026184082,0.109375,-0.33203125,-0.18359375,-0.5703125,-6.0390625,-7.265625,0.025390625,-0.94140625,0.865234375
5015,49844058,50144058,-0.180908203,-0.922058105,0.341491699,0.0204467773,0.109375,-0.33203125,-0.18359375,-0.5703125,-6.0390625,-7.265625,0.01171875,-1.0078125,0.875
5016,49853165,50153165,-0.183288574,-0.921325684,0.342590332,0.0139160156,0.08203125,-0.2578125,-0.0078125,-0.8125,-6.0390625,-7.25,0.01171875,-1.0078125,0.875
5017,49864854,50164854,-0.18548584,-0.920532227,0.343688965,0.00744628906,0.08203125,-0.2578125,-0.0078125,-0.8125,-6.0390625,-7.25,0.01171875,-1.11132812,0.876953125
5018,49872344,50172344,-0.187438965,-0.919799805,0.344787598,0.0009765625,0.0390625,0.0703125,-0.0703125,-1.078125,-6.0234375,-7.2265625,0.01171875,-1.11132812,0.876953125
5019,49885333,50185333,0.189453125,0.918945312,-0.345825195,0.00640869141,0.0390625,0.0703125,-0.0703125,-1.078125,-6.0234375,-7.2265625,-0.041015625,-1.23828125,0.873046875
5020,49888844,50188844,0.191223145,0.918151855,-0.346679688,0.0133666992,0.12109375,0.1640625,-0.09375,-1.3515625,-6,-7.203125,-0.041015625,-1.23828125,0.873046875
5021,49904075,50204075,0.193054199,0.917297363,-0.34765625,0.0212402344,0.12109375,0.1640625,-0.09375,-1.3515625,-6,-7.203125,-0.041015625,-1.30273438,0.869140625
5022,49909203,50209203,0.194641113,0.916320801,-0.348754883,0.0284423828,0.10546875,-0.13671875,-0.1328125,-1.640625,-5.96875,-7.1640625,-0.041015625,-1.30273438,0.869140625
5023,49924803,50224803,0.196289062,0.915161133,-0.350219727,0.036315918,0.10546875,-0.13671875,-0.1328125,-1.640625,-5.96875,-7.1640625,0.09375,-1.36328125,0.865234375
5024,49934164,50234164,0.197753906,0.913879395,-0.351867676,0.043762207,0.0859375,-0.3203125,-0.1015625,-1.9296875,-5.9375,-7.1171875,0.09375,-1.36328125,0.865234375
5025,49945622,50245622,0.19921875,0.912414551,-0.353759766,0.0517578125,0.0859375,-0.3203125,-0.1015625,-1.9296875,-5.9375,-7.1171875,0.142578125,-1.453125,0.86328125
5026,49952338,50252338,0.200561523,0.910888672,-0.355651855,0.0599365234,0.23046875,0.31640625,0.0546875,-2.2265625,-5.921875,-7.046875,0.142578125,-1.453125,0.86328125
5027,49963626,50263626,0.201843262,0.909301758,-0.35748291,0.0686035156,0.23046875,0.31640625,0.0546875,-2.2265625,-5.921875,-7.046875,0.095703125,-1.5390625,0.8515625
5028,49968076,50268076,0.202880859,0.907775879,-0.358947754,0.0765991211,0.3203125,0.63671875,-0.03125,-2.546875,-5.8984375,-6.9609375,0.095703125,-1.5390625,0.8515625
5029,49983148,50283148,0.204040527,0.906188965,-0.360412598,0.0857543945,0.3203125,0.63671875,-0.03125,-2.546875,-5.8984375,-6.9609375,-0.01953125,-1.58007812,0.84765625
5030,49993943,50293943,0.20489502,0.904663086,-0.361450195,0.0942382812,0.0234375,0.359375,0,-2.859375,-5.8515625,-6.875,-0.01953125,-1.58007812,0.84765625
5031,50002596,50302596,0.205749512,0.903137207,-0.362548828,0.102600098,0.0234375,0.359375,0,-2.859375,-5.8515625,-6.875,-0.00390625,-1.578125,0.8125
5032,50011650,50311650,0.206604004,0.901367188,-0.363952637,0.111450195,-0.01171875,-0.17578125,-0.32421875,-3.171875,-5.8125,-6.78125,-0.00390625,-1.578125,0.8125
5033,50022868,50322868,0.207458496,0.899475098,-0.365478516,0.119750977,-0.01171875,-0.17578125,-0.32421875,-3.171875,-5.8125,-6.78125,0.134765625,-1.53125,0.8125
5034,50028612,50328612,0.208435059,0.897399902,-0.3671875,0.127929688,-0.00390625,-0.1484375,0.02734375,-3.484375,-5.765625,-6.671875,0.134765625,-1.53125,0.8125
5035,50044751,50344751,0.209350586,0.895385742,-0.36895752,0.135559082,-0.00390625,-0.1484375,0.02734375,-3.484375,-5.765625,-6.671875,0.189453125,-1.390625,0.75390625
5036,50048805,50348805,0.210205078,0.893371582,-0.370666504,0.14251709,0.16015625,-0.1484375,-0.0625,-3.765625,-5.7265625,-6.546875,0.189453125,-1.390625,0.75390625
5037,50063357,50363357,0.21105957,0.891235352,-0.372436523,0.149597168,0.16015625,-0.1484375,-0.0625,-3.765625,-5.7265625,-6.546875,0.19140625,-1.2734375,0.66796875
5038,50069657,50369657,0.211730957,0.889404297,-0.373962402,0.155822754,0.10546875,0.08984375,0.04296875,-4.015625,-5.6953125,-6.421875,0.19140625,-1.2734375,0.66796875
5039,50084210,50384210,0.212402344,0.887451172,-0.375427246,0.162414551,0.10546875,0.08984375,0.04296875,-4.015625,-5.6953125,-6.421875,0.111328125,-1.15625,0.59765625
5040,50093379,50393379,0.212890625,0.885803223,-0.376525879,0.168151855,0.140625,0.32421875,0.15625,-4.2421875,-5.6640625,-6.3046875,0.111328125,-1.15625,0.59765625
5041,50102034,50402034,0.213378906,0.884155273,-0.377624512,0.173522949,0.140625,0.32421875,0.15625,-4.2421875,-5.6640625,-6.3046875,0.095703125,-0.986328125,0.505859375
5042,50109444,50409444,0.213806152,0.882568359,-0.378601074,0.178771973,0.21875,0.1015625,0.20703125,-4.4375,-5.6328125,-6.203125,0.095703125,-0.986328125,0.505859375
5043,50122403,50422403,0.214111328,0.881225586,-0.379516602,0.183227539,0.21875,0.1015625,0.20703125,-4.4375,-5.6328125,-6.203125,0.095703125,-0.845703125,0.4140625
5044,50127948,50427948,0.214416504,0.879821777,-0.380554199,0.187561035,0.23046875,-0.00390625,0.23046875,-4.6015625,-5.6015625,-6.109375,0.095703125,-0.845703125,0.4140625
5045,50142662,50442662,0.21472168,0.878479004,-0.381530762,0.19140625,0.23046875,-0.00390625,0.23046875,-4.6015625,-5.6015625,-6.109375,0.13671875,-0.703125,0.34375
5046,50148333,50448333,0.21496582,0.877258301,-0.382507324,0.194702148,0.296875,0.125,0.375,-4.7421875,-5.578125,-6.0234375,0.13671875,-0.703125,0.34375
5047,50161880,50461880,0.215270996,0.876037598,-0.383544922,0.197692871,0.296875,0.125,0.375,-4.7421875,-5.578125,-6.0234375,0.1484375,-0.54296875,0.271484375
5048,50171280,50471280,0.215576172,0.875,-0.384460449,0.200195312,0.44140625,0.33984375,0.41015625,-4.8515625,-5.5625,-5.9453125,0.1484375,-0.54296875,0.271484375
5049,50186621,50486621,0.215820312,0.874145508,-0.385253906,0.202270508,0.44140625,0.33984375,0.41015625,-4.8515625,-5.5625,-5.9453125,0.111328125,-0.375,0.1875
5050,50190729,50490729,0.216003418,0.873413086,-0.385864258,0.203979492,0.4453125,0.4140625,0.35546875,-4.9296875,-5.5625,-5.890625,0.111328125,-0.375,0.1875
5051,50201037,50501037,0.216125488,0.872802734,-0.386474609,0.20526123,0.4453125,0.4140625,0.35546875,-4.9296875,-5.5625,-5.890625,0.08984375,-0.232421875,0.109375
5052,50207635,50507635,0.216247559,0.872314453,-0.386962891,0.206237793,0.33984375,0.59765625,0.26953125,-4.9765625,-5.5546875,-5.84375,0.08984375,-0.232421875,0.109375
5053,50224594,50524594,0.216247559,0.872070312,-0.387329102,0.206726074,0.33984375,0.59765625,0.26953125,-4.9765625,-5.5546875,-5.84375,0.046875,-0.083984375,0.01171875
5054,50229053,50529053,0.216125488,0.871948242,-0.387512207,0.20690918,0.37109375,0.64453125,0.32421875,-5.0078125,-5.5625,-5.8203125,0.046875,-0.083984375,0.01171875
5055,50240350,50540350,0.216003418,0.872009277,-0.387634277,0.206665039,0.37109375,0.64453125,0.32421875,-5.0078125,-5.5625,-5.8203125,0.009765625,0.05078125,-0.0625
5056,50249185,50549185,0.215820312,0.872192383,-0.387634277,0.206115723,0.20703125,0.4140625,0.32421875,-5,-5.5625,-5.8203125,0.009765625,0.05078125,-0.0625
5057,50259924,50559924,0.215576172,0.872436523,-0.387634277,0.20526123,0.20703125,0.4140625,0.32421875,-5,-5.5625,-5.8203125,0.013671875,0.181640625,-0.140625
5058,50271065,50571065,0.215332031,0.872802734,-0.387695312,0.203918457,0.26171875,0.31640625,0.37109375,-4.9765625,-5.578125,-5.828125,0.013671875,0.181640625,-0.140625
5059,50281794,50581794,0.215026855,0.87322998,-0.387756348,0.202209473,0.26171875,0.31640625,0.37109375,-4.9765625,-5.578125,-5.828125,0.0546875,0.337890625,-0.23046875
5060,50287438,50587438,0.21472168,0.873779297,-0.387878418,0.199951172,0.328125,0.140625,0.31640625,-4.9296875,-5.59375,-5.8515625,0.0546875,0.337890625,-0.23046875
5061,50299046,50599046,0.214294434,0.874389648,-0.388000488,0.197387695,0.328125,0.140625,0.31640625,-4.9296875,-5.59375,-5.8515625,0.046875,0.482421875,-0.330078125
5062,50310418,50610418,0.213806152,0.875244141,-0.387878418,0.194335938,0.2421875,0.36328125,0.34765625,-4.84375,-5.625,-5.8828125,0.046875,0.482421875,-0.330078125
5063,50321323,50621323,0.213134766,0.876281738,-0.387634277,0.190856934,0.2421875,0.36328125,0.34765625,-4.84375,-5.625,-5.8828125,-0.025390625,0.6484375,-0.439453125
5064,50330979,50630979,0.212402344,0.877502441,-0.387145996,0.187072754,0.32421875,0.48046875,0.2109375,-4.734375,-5.6640625,-5.9375,-0.025390625,0.6484375,-0.439453125
5065,50344380,50644380,0.211608887,0.87890625,-0.386474609,0.182800293,0.32421875,0.48046875,0.2109375,-4.734375,-5.6640625,-5.9375,-0.087890625,0.80859375,-0.52734375
5066,50348118,50648118,0.210754395,0.880432129,-0.385620117,0.178039551,0.22265625,0.36328125,0.09765625,-4.59375,-5.703125,-6.015625,-0.087890625,0.80859375,-0.52734375
5067,50362032,50662032,0.209960938,0.882019043,-0.38470459,0.173034668,0.22265625,0.36328125,0.09765625,-4.59375,-5.703125,-6.015625,-0.115234375,0.97265625,-0.583984375
5068,50365470,50665470,0.20916748,0.883666992,-0.383666992,0.167724609,0.12890625,0.09765625,-0.046875,-4.421875,-5.7421875,-6.1015625,-0.115234375,0.97265625,-0.583984375
5069,50383607,50683607,0.208374023,0.885437012,-0.382629395,0.161621094,0.12890625,0.09765625,-0.046875,-4.421875,-5.7421875,-6.1015625,-0.072265625,1.125,-0.63671875
5070,50387694,50687694,0.207702637,0.887084961,-0.381774902,0.155578613,-0.07421875,-0.1328125,-0.06640625,-4.21875,-5.78125,-6.1953125,-0.072265625,1.125,-0.63671875
5071,50402338,50702338,0.206848145,0.888793945,-0.380981445,0.148620605,-0.07421875,-0.1328125,-0.06640625,-4.21875,-5.78125,-6.1953125,0.013671875,1.2421875,-0.720703125
5072,50411385,50711385,0.205993652,0.890380859,-0.380371094,0.141784668,-0.1875,-0.0859375,-0.1171875,-3.9921875,-5.828125,-6.296875,0.013671875,1.2421875,-0.720703125
5073,50422997,50722997,0.204956055,0.892028809,-0.379699707,0.134521484,-0.1875,-0.0859375,-0.1171875,-3.9921875,-5.828125,-6.296875,0.029296875,1.32617188,-0.82421875
5074,50426722,50726722,0.203735352,0.893737793,-0.378967285,0.12689209,-0.24609375,0.27734375,0.05078125,-3.7421875,-5.8828125,-6.390625,0.029296875,1.32617188,-0.82421875
5075,50439374,50739374,0.202270508,0.895629883,-0.377929688,0.118652344,-0.24609375,0.27734375,0.05078125,-3.7421875,-5.8828125,-6.390625,-0.060546875,1.38671875,-0.9140625
5076,50446524,50746524,0.200683594,0.897521973,-0.376647949,0.110839844,-0.14453125,0.61328125,0.078125,-3.4609375,-5.953125,-6.4921875,-0.060546875,1.38671875,-0.9140625
5077,50463690,50763690,0.198913574,0.899597168,-0.375,0.102844238,-0.14453125,0.61328125,0.078125,-3.4609375,-5.953125,-6.4921875,-0.197265625,1.40234375,-0.96875
5078,50468546,50768546,0.19708252,0.901611328,-0.37310791,0.0950927734,-0.25,0.5390625,0.109375,-3.1640625,-5.9921875,-6.6015625,-0.197265625,1.40234375,-0.96875
5079,50481103,50781103,0.19519043,0.903686523,-0.371032715,0.0873413086,-0.25,0.5390625,0.109375,-3.1640625,-5.9921875,-6.6015625,-0.2578125,1.3671875,-0.947265625
5080,50489220,50789220,0.19342041,0.905517578,-0.369018555,0.080078125,-0.1640625,0.26171875,-0.234375,-2.8671875,-6.0234375,-6.71875,-0.2578125,1.3671875,-0.947265625
5081,50502592,50802592,0.191772461,0.907348633,-0.366882324,0.0725708008,-0.1640625,0.26171875,-0.234375,-2.8671875,-6.0234375,-6.71875,-0.255859375,1.32226562,-0.861328125
5082,50506322,50806322,0.190307617,0.909057617,-0.364929199,0.0653686523,-0.10546875,0.00390625,-0.1328125,-2.578125,-6.03125,-6.8203125,-0.255859375,1.32226562,-0.861328125
5083,50520848,50820848,0.188964844,0.910522461,-0.36315918,0.0577392578,-0.10546875,0.00390625,-0.1328125,-2.578125,-6.03125,-6.8203125,-0.107421875,1.28515625,-0.783203125
5084,50525488,50825488,0.187744141,0.911743164,-0.361877441,0.0508422852,0.1015625,-0.40234375,-0.12109375,-2.2890625,-6.046875,-6.90625,-0.107421875,1.28515625,-0.783203125
5085,50541634,50841634,0.186462402,0.912841797,-0.360717773,0.0433349609,0.1015625,-0.40234375,-0.12109375,-2.2890625,-6.046875,-6.90625,-0.0078125,1.29296875,-0.794921875
5086,50545361,50845361,0.185119629,0.913818359,-0.359619141,0.036315918,0.13671875,-0.265625,0.16796875,-2.015625,-6.0703125,-6.96875,-0.0078125,1.29296875,-0.794921875
5087,50560217,50860217,0.183532715,0.914855957,-0.358398438,0.0289916992,0.13671875,-0.265625,0.16796875,-2.015625,-6.0703125,-6.96875,-0.044921875,1.21679688,-0.83203125
5088,50569353,50869353,0.181762695,0.915893555,-0.357177734,0.0219116211,0.20703125,-0.203125,-0.12890625,-1.7421875,-6.09375,-7.015625,-0.044921875,1.21679688,-0.83203125
5089,50582221,50882221,0.179931641,0.916870117,-0.355957031,0.0153198242,0.20703125,-0.203125,-0.12890625,-1.7421875,-6.09375,-7.015625,-0.068359375,1.13671875,-0.85546875
5090,50585956,50885956,0.178100586,0.917785645,-0.354675293,0.00903320312,0.171875,-0.1796875,-0.12890625,-1.4765625,-6.1171875,-7.0546875,-0.068359375,1.13671875,-0.85546875
5091,50600235,50900235,0.176208496,0.918701172,-0.353393555,0.00244140625,0.171875,-0.1796875,-0.12890625,-1.4765625,-6.1171875,-7.0546875,-0.046875,1.06835938,-0.796875
5092,50606510,50906510,-0.174621582,-0.919372559,0.352539062,0.00366210938,0.21875,-0.515625,-0.203125,-1.21875,-6.125,-7.09375,-0.046875,1.06835938,-0.796875
5093,50624512,50924512,-0.172912598,-0.91986084,0.351867676,0.0107421875,0.21875,-0.515625,-0.203125,-1.21875,-6.125,-7.09375,0.107421875,1.15625,-0.80078125
5094,50628231,50928231,-0.171081543,-0.920349121,0.351196289,0.0175170898,0.3046875,-0.37890625,0.2734375,-0.9609375,-6.1484375,-7.109375,0.107421875,1.15625,-0.80078125
5095,50640286,50940286,-0.169311523,-0.920837402,0.350524902,0.0235595703,0.3046875,-0.37890625,0.2734375,-0.9609375,-6.1484375,-7.109375,0.05078125,1.078125,-0.828125
5096,50650915,50950915,-0.167358398,-0.921325684,0.349609375,0.0299682617,0.1328125,-0.0859375,-0.21875,-0.7109375,-6.171875,-7.1171875,0.05078125,1.078125,-0.828125
5097,50663087,50963087,-0.165222168,-0.921936035,0.348388672,0.0360717773,0.1328125,-0.0859375,-0.21875,-0.7109375,-6.171875,-7.1171875,-0.076171875,0.98828125,-0.849609375
5098,50668049,50968049,-0.162902832,-0.922607422,0.347045898,0.0422363281,-0.046875,-0.1171875,-0.2421875,-0.453125,-6.1796875,-7.1328125,-0.076171875,0.98828125,-0.849609375
5099,50680009,50980009,-0.160766602,-0.923156738,0.345825195,0.0478515625,-0.046875,-0.1171875,-0.2421875,-0.453125,-6.1796875,-7.1328125,-0.04296875,0.94921875,-0.810546875
5100,50685312,50985312,-0.158874512,-0.923522949,0.344848633,0.0535888672,0.20703125,0.11328125,-0.1484375,-0.2109375,-6.1796875,-7.1484375,-0.04296875,0.94921875,-0.810546875
5101,50702710,51002710,-0.156921387,-0.923828125,0.343994141,0.0602416992,0.20703125,0.11328125,-0.1484375,-0.2109375,-6.1796875,-7.1484375,0.05078125,1.09375,-0.80078125
5102,50707073,51007073,-0.155090332,-0.92401123,0.343017578,0.0667724609,0.53125,0.2734375,0.2734375,0.0390625,-6.1875,-7.1484375,0.05078125,1.09375,-0.80078125
5103,50719592,51019592,-0.153198242,-0.924316406,0.341796875,0.073059082,0.53125,0.2734375,0.2734375,0.0390625,-6.1875,-7.1484375,-0.05078125,1.05664062,-0.810546875
5104,50728246,51028246,-0.151367188,-0.924682617,0.340393066,0.0787963867,0.19921875,0.15234375,0.1484375,0.296875,-6.1796875,-7.140625,-0.05078125,1.05664062,-0.810546875
5105,50741450,51041450,-0.149291992,-0.925109863,0.338684082,0.0845947266,0.19921875,0.15234375,0.1484375,0.296875,-6.1796875,-7.140625,-0.1484375,0.91015625,-0.77734375
5106,50746168,51046168,-0.147399902,-0.925537109,0.337036133,0.0896606445,0.26953125,0.3671875,0.34765625,0.53125,-6.1640625,-7.1484375,-0.1484375,0.91015625,-0.77734375
5107,50758894,51058894,-0.145446777,-0.92590332,0.335327148,0.0950927734,0.26953125,0.3671875,0.34765625,0.53125,-6.1640625,-7.1484375,-0.138671875,0.880859375,-0.716796875
5108,50764179,51064179,-0.143798828,-0.926208496,0.33380127,0.100219727,0.2421875,0.10546875,0.203125,0.75,-6.1328125,-7.15625,-0.138671875,0.880859375,-0.716796875
5109,50781644,51081644,-0.142089844,-0.926391602,0.332397461,0.105224609,0.2421875,0.10546875,0.203125,0.75,-6.1328125,-7.15625,-0.07421875,0.83203125,-0.671875
5110,50785398,51085398,-0.140441895,-0.926513672,0.331176758,0.109985352,0.1171875,-0.0859375,0.1640625,0.953125,-6.09375,-7.15625,-0.07421875,0.83203125,-0.671875
5111,50797493,51097493,-0.138793945,-0.926635742,0.33001709,0.114929199,0.1171875,-0.0859375,0.1640625,0.953125,-6.09375,-7.15625,-0.041015625,0.833984375,-0.654296875
5112,50804995,51104995,-0.137207031,-0.926635742,0.328796387,0.119934082,0.37109375,0.2734375,0.609375,1.15625,-6.0703125,-7.140625,-0.041015625,0.833984375,-0.654296875
5113,50821610,51121610,-0.135803223,-0.926696777,0.327636719,0.124450684,0.37109375,0.2734375,0.609375,1.15625,-6.0703125,-7.140625,-0.09375,0.763671875,-0.576171875
5114,50825826,51125826,-0.134460449,-0.926757812,0.326293945,0.128662109,0.03125,0.171875,0.44140625,1.34375,-6.046875,-7.125,-0.09375,0.763671875,-0.576171875
5115,50836869,51136869,-0.133178711,-0.926879883,0.325073242,0.132263184,0.03125,0.171875,0.44140625,1.34375,-6.046875,-7.125,-0.11328125,0.5546875,-0.470703125
5116,50844621,51144621,-0.132019043,-0.927001953,0.323913574,0.135314941,-0.1328125,0.0625,0.05859375,1.5078125,-6.015625,-7.125,-0.11328125,0.5546875,-0.470703125
5117,50860625,51160625,-0.131103516,-0.927124023,0.322875977,0.137878418,-0.1328125,0.0625,0.05859375,1.5078125,-6.015625,-7.125,-0.1015625,0.451171875,-0.359375
5118,50865126,51165126,-0.130310059,-0.927185059,0.321899414,0.140441895,-0.02734375,-0.41796875,-0.2578125,1.6328125,-5.9921875,-7.1171875,-0.1015625,0.451171875,-0.359375
5119,50878653,51178653,-0.129699707,-0.927185059,0.321044922,0.14276123,-0.02734375,-0.41796875,-0.2578125,1.6328125,-5.9921875,-7.1171875,-0.076171875,0.369140625,-0.259765625
5120,50888152,51188152,-0.129150391,-0.927246094,0.3203125,0.14453125,-0.19921875,-0.55859375,-0.41796875,1.7265625,-5.96875,-7.109375,-0.076171875,0.369140625,-0.259765625
5121,50901831,51201831,-0.128723145,-0.927368164,0.319519043,0.146118164,-0.19921875,-0.55859375,-0.41796875,1.7265625,-5.96875,-7.109375,-0.107421875,0.228515625,-0.173828125
5122,50906409,51206409,-0.128479004,-0.927490234,0.318725586,0.147216797,-0.23046875,-0.62109375,-0.640625,1.796875,-5.9453125,-7.1171875,-0.107421875,0.228515625,-0.173828125
5123,50918492,51218492,-0.128356934,-0.92767334,0.317871094,0.148071289,-0.23046875,-0.62109375,-0.640625,1.796875,-5.9453125,-7.1171875,-0.138671875,0.140625,-0.0703125
5124,50922838,51222838,-0.128417969,-0.92779541,0.317199707,0.148620605,-0.15234375,-0.828125,-0.78515625,1.8359375,-5.9296875,-7.125,-0.138671875,0.140625,-0.0703125
5125,50940708,51240708,-0.128601074,-0.92791748,0.316711426,0.148925781,-0.15234375,-0.828125,-0.78515625,1.8359375,-5.9296875,-7.125,-0.080078125,0.060546875,0.01171875
5126,50944925,51244925,-0.128845215,-0.927978516,0.316345215,0.149047852,-0.20703125,-0.96484375,-0.546875,1.8515625,-5.90625,-7.1328125,-0.080078125,0.060546875,0.01171875
5127,50957834,51257834,-0.129150391,-0.927978516,0.316223145,0.148742676,-0.20703125,-0.96484375,-0.546875,1.8515625,-5.90625,-7.1328125,-0.033203125,-0.05859375,0.087890625
5128,50966503,51266503,-0.129516602,-0.928039551,0.31628418,0.148132324,-0.24609375,-0.8125,-0.6171875,1.8515625,-5.90625,-7.140625,-0.033203125,-0.05859375,0.087890625
5129,50980094,51280094,-0.130004883,-0.928039551,0.316467285,0.147155762,-0.24609375,-0.8125,-0.6171875,1.8515625,-5.90625,-7.140625,-0.00390625,-0.193359375,0.1796875
5130,50983723,51283723,-0.130615234,-0.928100586,0.316711426,0.145874023,-0.20703125,-0.6953125,-0.453125,1.8125,-5.90625,-7.1484375,-0.00390625,-0.193359375,0.1796875
5131,50997810,51297810,-0.131408691,-0.928100586,0.317138672,0.144042969,-0.20703125,-0.6953125,-0.453125,1.8125,-5.90625,-7.1484375,0.005859375,-0.318359375,0.2890625
5132,51003047,51303047,-0.132263184,-0.928161621,0.317626953,0.141906738,-0.2578125,-0.53515625,-0.33203125,1.75,-5.9140625,-7.15625,0.005859375,-0.318359375,0.2890625
5133,51019584,51319584,-0.133239746,-0.928222656,0.318054199,0.139465332,-0.2578125,-0.53515625,-0.33203125,1.75,-5.9140625,-7.15625,-0.029296875,-0.4453125,0.37890625
5134,51023314,51323314,-0.134338379,-0.928344727,0.318481445,0.13671875,-0.2421875,-0.3671875,-0.2109375,1.65625,-5.9296875,-7.1640625,-0.029296875,-0.4453125,0.37890625
5135,51038177,51338177,-0.135681152,-0.928466797,0.319030762,0.133300781,-0.2421875,-0.3671875,-0.2109375,1.65625,-5.9296875,-7.1640625,-0.041015625,-0.576171875,0.470703125
5136,51047009,51347009,-0.136962891,-0.928588867,0.319519043,0.129882812,-0.15625,-0.3125,-0.1875,1.53125,-5.9453125,-7.1875,-0.041015625,-0.576171875,0.470703125
5137,51058786,51358786,-0.138549805,-0.928710938,0.320129395,0.125793457,-0.15625,-0.3125,-0.1875,1.53125,-5.9453125,-7.1875,-0.044921875,-0.669921875,0.57421875
5138,51062521,51362521,-0.140136719,-0.928771973,0.320800781,0.121765137,0,-0.2265625,-0.23828125,1.375,-5.953125,-7.2109375,-0.044921875,-0.669921875,0.57421875
5139,51078112,51378112,-0.142028809,-0.928771973,0.321655273,0.11706543,0,-0.2265625,-0.23828125,1.375,-5.953125,-7.2109375,-0.015625,-0.775390625,0.66796875
5140,51081718,51381718,-0.143859863,-0.928771973,0.32244873,0.112487793,-0.05859375,-0.296875,-0.3671875,1.203125,-5.9609375,-7.234375,-0.015625,-0.775390625,0.66796875
5141,51097509,51397509,-0.145935059,-0.928771973,0.323364258,0.10723877,-0.05859375,-0.296875,-0.3671875,1.203125,-5.9609375,-7.234375,-0.03125,-0.8359375,0.732421875
5142,51102544,51402544,-0.147949219,-0.928710938,0.324157715,0.102294922,-0.046875,-0.2421875,-0.31640625,1,-5.9765625,-7.25,-0.03125,-0.8359375,0.732421875
5143,51117781,51417781,-0.15020752,-0.928649902,0.325012207,0.0966796875,-0.046875,-0.2421875,-0.31640625,1,-5.9765625,-7.25,-0.046875,-0.892578125,0.779296875
5144,51126763,51426763,-0.15234375,-0.928588867,0.325805664,0.0914306641,0.05859375,-0.2265625,-0.29296875,0.78125,-5.9921875,-7.2734375,-0.046875,-0.892578125,0.779296875
5145,51140526,51440526,-0.154663086,-0.928466797,0.326721191,0.0855102539,0.05859375,-0.2265625,-0.29296875,0.78125,-5.9921875,-7.2734375,-0.041015625,-0.947265625,0.8125
5146,51145935,51445935,-0.156921387,-0.928283691,0.327636719,0.0797119141,0.0625,-0.2265625,-0.22265625,0.546875,-5.9921875,-7.3046875,-0.041015625,-0.947265625,0.8125
5147,51157777,51457777,-0.159301758,-0.927978516,0.328613281,0.0736694336,0.0625,-0.2265625,-0.22265625,0.546875,-5.9921875,-7.3046875,-0.0078125,-0.9921875,0.873046875
5148,51161364,51461364,-0.161682129,-0.927612305,0.329772949,0.0678710938,0.19140625,-0.3046875,-0.21484375,0.3046875,-5.9921875,-7.3125,-0.0078125,-0.9921875,0.873046875
5149,51176799,51476799,-0.164245605,-0.927124023,0.331176758,0.061340332,0.19140625,-0.3046875,-0.21484375,0.3046875,-5.9921875,-7.3125,0.048828125,-1.0546875,0.919921875
5150,51181833,51481833,-0.166748047,-0.926574707,0.332580566,0.0548095703,0.140625,-0.37109375,-0.25390625,0.046875,-6,-7.3125,0.048828125,-1.0546875,0.919921875
5151,51197027,51497027,-0.169189453,-0.925964355,0.334106445,0.0481567383,0.140625,-0.37109375,-0.25390625,0.046875,-6,-7.3125,0.087890625,-1.15625,0.951171875
5152,51205659,51505659,-0.171569824,-0.925292969,0.335571289,0.0416259766,0.22265625,-0.25,-0.4140625,-0.2265625,-6.0078125,-7.3046875,0.087890625,-1.15625,0.951171875
5153,51218260,51518260,-0.174316406,-0.924560547,0.337036133,0.0344238281,0.22265625,-0.25,-0.4140625,-0.2265625,-6.0078125,-7.3046875,0.05078125,-1.11132812,0.98046875
5154,51221998,51521998,-0.176818848,-0.923828125,0.338317871,0.0280761719,0.2734375,-0.234375,-0.4296875,-0.5078125,-6.0234375,-7.2890625,0.05078125,-1.11132812,0.98046875
5155,51237613,51537613,-0.179626465,-0.922973633,0.33972168,0.0211791992,0.2734375,-0.234375,-0.4296875,-0.5078125,-6.0234375,-7.2890625,0.0546875,-1.078125,0.97265625
5156,51241201,51541201,-0.182128906,-0.922180176,0.340942383,0.0147705078,0.40234375,-0.05078125,-0.328125,-0.7890625,-6.015625,-7.2734375,0.0546875,-1.078125,0.97265625
5157,51256536,51556536,-0.184753418,-0.921264648,0.342102051,0.00787353516,0.40234375,-0.05078125,-0.328125,-0.7890625,-6.015625,-7.2734375,0.03125,-1.1328125,0.98828125
5158,51262901,51562901,-0.187255859,-0.920349121,0.343383789,0.000915527344,0.09375,-0.10546875,0.09765625,-1.0546875,-6,-7.2421875,0.03125,-1.1328125,0.98828125
5159,51277258,51577258,0.18951416,0.919311523,-0.344848633,0.00671386719,0.09375,-0.10546875,0.09765625,-1.0546875,-6,-7.2421875,0.05859375,-1.30273438,0.943359375
5160,51287153,51587153,0.191467285,0.918273926,-0.346252441,0.0141601562,0.046875,0.109375,-0.0390625,-1.3515625,-5.984375,-7.21875,0.05859375,-1.30273438,0.943359375
5161,51299353,51599353,0.193359375,0.917175293,-0.34777832,0.0219726562,0.046875,0.109375,-0.0390625,-1.3515625,-5.984375,-7.21875,0.0703125,-1.38085938,0.921875
5162,51303087,51603087,0.19519043,0.915893555,-0.34942627,0.0302124023,0.19921875,0.171875,-0.125,-1.65625,-5.96875,-7.171875,0.0703125,-1.38085938,0.921875
5163,51316047,51616047,0.196777344,0.914672852,-0.351013184,0.038269043,0.19921875,0.171875,-0.125,-1.65625,-5.96875,-7.171875,0.072265625,-1.453125,0.880859375
5164,51321597,51621597,0.198242188,0.913330078,-0.352661133,0.0465698242,0.125,0.30078125,0.04296875,-1.96875,-5.9453125,-7.109375,0.072265625,-1.453125,0.880859375
5165,51335854,51635854,0.199584961,0.911987305,-0.354248047,0.0546875,0.125,0.30078125,0.04296875,-1.96875,-5.9453125,-7.109375,0.05859375,-1.49023438,0.869140625
5166,51341839,51641839,0.200927734,0.910522461,-0.355834961,0.0628662109,0.36328125,0.23828125,0.125,-2.28125,-5.921875,-7.0390625,0.05859375,-1.49023438,0.869140625
5167,51356875,51656875,0.202209473,0.908935547,-0.35760498,0.0710449219,0.36328125,0.23828125,0.125,-2.28125,-5.921875,-7.0390625,0.166015625,-1.48242188,0.853515625
5168,51362939,51662939,0.203430176,0.907226562,-0.359619141,0.0786743164,0.29296875,0.09375,0.23046875,-2.59375,-5.890625,-6.953125,0.166015625,-1.48242188,0.853515625
5169,51375857,51675857,0.204589844,0.905273438,-0.361999512,0.0871582031,0.29296875,0.09375,0.23046875,-2.59375,-5.890625,-6.953125,0.23046875,-1.53515625,0.83203125
5170,51382508,51682508,0.205566406,0.903381348,-0.364074707,0.0950927734,0.25390625,0.4296875,0.04296875,-2.8984375,-5.8828125,-6.84375,0.23046875,-1.53515625,0.83203125
5171,51395870,51695870,0.206420898,0.901550293,-0.365966797,0.10345459,0.25390625,0.4296875,0.04296875,-2.8984375,-5.8828125,-6.84375,0.130859375,-1.5078125,0.763671875
5172,51402776,51702776,0.207092285,0.899841309,-0.367492676,0.11114502,0.2109375,0.4765625,0.1640625,-3.203125,-5.8515625,-6.734375,0.130859375,-1.5078125,0.763671875
5173,51414060,51714060,0.207702637,0.898010254,-0.36907959,0.119445801,0.2109375,0.4765625,0.1640625,-3.203125,-5.8515625,-6.734375,0.087890625,-1.47070312,0.7265625
5174,51421865,51721865,0.208312988,0.896118164,-0.370605469,0.127197266,0.30078125,0.16796875,0.1015625,-3.484375,-5.8125,-6.6328125,0.087890625,-1.47070312,0.7265625
5175,51435230,51735230,0.20892334,0.894287109,-0.372192383,0.13458252,0.30078125,0.16796875,0.1015625,-3.484375,-5.8125,-6.6328125,0.158203125,-1.4296875,0.720703125
5176,51444699,51744699,0.209655762,0.892150879,-0.373962402,0.142272949,0.421875,-0.015625,0.0546875,-3.7578125,-5.78125,-6.5078125,0.158203125,-1.4296875,0.720703125
5177,51459613,51759613,0.210388184,0.890075684,-0.375732422,0.149353027,0.421875,-0.015625,0.0546875,-3.7578125,-5.78125,-6.5078125,0.19140625,-1.3046875,0.68359375
5178,51464098,51764098,0.21105957,0.888122559,-0.377380371,0.155944824,0.3359375,0.10546875,-0.109375,-4.015625,-5.75,-6.3828125,0.19140625,-1.3046875,0.68359375
5179,51474086,51774086,0.211669922,0.886230469,-0.378845215,0.161987305,0.3359375,0.10546875,-0.109375,-4.015625,-5.75,-6.3828125,0.169921875,-1.15234375,0.603515625
5180,51479919,51779919,0.212280273,0.884338379,-0.380310059,0.16809082,-0.01953125,0.3125,0.1953125,-4.234375,-5.7265625,-6.265625,0.169921875,-1.15234375,0.603515625
5181,51494541,51794541,0.21270752,0.88269043,-0.381408691,0.173522949,-0.01953125,0.3125,0.1953125,-4.234375,-5.7265625,-6.265625,0.087890625,-1.03125,0.513671875
5182,51500514,51800514,0.213012695,0.881103516,-0.382385254,0.178955078,-0.125,0.15625,0.125,-4.4375,-5.6875,-6.15625,0.087890625,-1.03125,0.513671875
5183,51514972,51814972,0.213317871,0.879638672,-0.383300781,0.183959961,-0.125,0.15625,0.125,-4.4375,-5.6875,-6.15625,0.07421875,-0.904296875,0.443359375
5184,51524905,51824905,0.213623047,0.878234863,-0.384155273,0.188476562,-0.02734375,0.01171875,0.13671875,-4.609375,-5.65625,-6.0546875,0.07421875,-0.904296875,0.443359375
5185,51537999,51837999,0.213867188,0.87689209,-0.385009766,0.192565918,-0.02734375,0.01171875,0.13671875,-4.609375,-5.65625,-6.0546875,0.087890625,-0.744140625,0.3671875
5186,51543020,51843020,0.214111328,0.875671387,-0.385803223,0.196166992,0.15625,-0.01953125,0.1640625,-4.7578125,-5.625,-5.96875,0.087890625,-0.744140625,0.3671875
5187,51552853,51852853,0.214416504,0.874572754,-0.38659668,0.19921875,0.15625,-0.01953125,0.1640625,-4.7578125,-5.625,-5.96875,0.111328125,-0.541015625,0.2890625
5188,51560087,51860087,0.214782715,0.873596191,-0.387329102,0.201721191,0.3046875,0.1953125,0.171875,-4.8671875,-5.609375,-5.8984375,0.111328125,-0.541015625,0.2890625
5189,51574740,51874740,0.215087891,0.872802734,-0.387939453,0.203674316,0.3046875,0.1953125,0.171875,-4.8671875,-5.609375,-5.8984375,0.091796875,-0.3203125,0.1875
5190,51579774,51879774,0.215332031,0.872192383,-0.388427734,0.205078125,0.30859375,0.4453125,0.30859375,-4.9453125,-5.59375,-5.84375,0.091796875,-0.3203125,0.1875
5191,51594227,51894227,0.215515137,0.871887207,-0.38861084,0.205871582,0.30859375,0.4453125,0.30859375,-4.9453125,-5.59375,-5.84375,0.015625,-0.095703125,0.078125
5192,51603991,51903991,0.215698242,0.871765137,-0.38861084,0.206115723,0.19140625,0.4765625,0.4765625,-4.984375,-5.5859375,-5.8203125,0.015625,-0.095703125,0.078125
5193,51615951,51915951,0.215820312,0.871826172,-0.388549805,0.205932617,0.19140625,0.4765625,0.4765625,-4.984375,-5.5859375,-5.8203125,0,0.09375,-0.01171875
5194,51619676,51919676,0.215942383,0.872009277,-0.388427734,0.205322266,0.19140625,0.28515625,0.4296875,-4.984375,-5.5859375,-5.8125,0,0.09375,-0.01171875
5195,51634693,51934693,0.216064453,0.872314453,-0.388244629,0.204040527,0.19140625,0.28515625,0.4296875,-4.984375,-5.5859375,-5.8125,0.00390625,0.28515625,-0.1015625
5196,51639322,51939322,0.216125488,0.872741699,-0.388061523,0.202453613,0.28515625,0.1796875,0.453125,-4.9609375,-5.59375,-5.8359375,0.00390625,0.28515625,-0.1015625
5197,51655047,51955047,0.216247559,0.873352051,-0.387878418,0.200134277,0.28515625,0.1796875,0.453125,-4.9609375,-5.59375,-5.8359375,0.029296875,0.46875,-0.1875
5198,51658773,51958773,0.216369629,0.873962402,-0.387695312,0.197570801,0.296875,0.1953125,0.4453125,-4.8984375,-5.609375,-5.8671875,0.029296875,0.46875,-0.1875
5199,51673218,51973218,0.216369629,0.874816895,-0.387451172,0.194335938,0.296875,0.1953125,0.4453125,-4.8984375,-5.609375,-5.8671875,0.041015625,0.625,-0.287109375
5200,51681308,51981308,0.216308594,0.875732422,-0.387207031,0.190795898,0.359375,0.44921875,0.30859375,-4.8046875,-5.6328125,-5.921875,0.041015625,0.625,-0.287109375
5201,51693266,51993266,0.216125488,0.876831055,-0.38671875,0.186889648,0.359375,0.44921875,0.30859375,-4.8046875,-5.6328125,-5.921875,-0.03125,0.767578125,-0.400390625
5202,51699754,51999754,0.215759277,0.878112793,-0.385986328,0.182678223,0.31640625,0.75390625,0.21875,-4.6875,-5.671875,-5.984375,-0.03125,0.767578125,-0.400390625
5203,51712904,52012904,0.215270996,0.879638672,-0.38494873,0.178161621,0.31640625,0.75390625,0.21875,-4.6875,-5.671875,-5.984375,-0.142578125,0.87890625,-0.46875
5204,51718846,52018846,0.214782715,0.881225586,-0.383728027,0.173400879,0.20703125,0.43359375,0.15234375,-4.5390625,-5.6953125,-6.0703125,-0.142578125,0.87890625,-0.46875
5205,51733525,52033525,0.214233398,0.88293457,-0.382324219,0.168395996,0.20703125,0.43359375,0.15234375,-4.5390625,-5.6953125,-6.0703125,-0.177734375,0.998046875,-0.509765625
5206,51738551,52038551,0.213806152,0.88458252,-0.380981445,0.163269043,0.1484375,0.265625,0.09375,-4.3671875,-5.71875,-6.1640625,-0.177734375,0.998046875,-0.509765625
5207,51753389,52053389,0.213378906,0.886352539,-0.379516602,0.157348633,0.1484375,0.265625,0.09375,-4.3671875,-5.71875,-6.1640625,-0.123046875,1.1015625,-0.54296875
5208,51762038,52062038,0.21295166,0.888000488,-0.378356934,0.151489258,0.03125,-0.1328125,0.125,-4.171875,-5.7421875,-6.2734375,-0.123046875,1.1015625,-0.54296875
5209,51774611,52074611,0.212463379,0.889648438,-0.377258301,0.145324707,0.03125,-0.1328125,0.125,-4.171875,-5.7421875,-6.2734375,-0.046875,1.16210938,-0.603515625
5210,51778338,52078338,0.211853027,0.891113281,-0.376281738,0.139221191,0.05078125,0.05078125,0.11328125,-3.9609375,-5.7734375,-6.375,-0.046875,1.16210938,-0.603515625
5211,51794663,52094663,0.211120605,0.892883301,-0.375061035,0.132385254,0.05078125,0.05078125,0.11328125,-3.9609375,-5.7734375,-6.375,-0.10546875,1.23046875,-0.6875
5212,51798350,52098350,0.210205078,0.89465332,-0.373596191,0.125915527,0.09375,0.48046875,0.0625,-3.734375,-5.8203125,-6.4765625,-0.10546875,1.23046875,-0.6875
5213,51812578,52112578,0.20916748,0.896606445,-0.371826172,0.118896484,0.09375,0.48046875,0.0625,-3.734375,-5.8203125,-6.4765625,-0.22265625,1.26171875,-0.736328125
5214,51820793,52120793,0.208007812,0.898498535,-0.369934082,0.112060547,0.03515625,0.3125,0.09375,-3.484375,-5.84375,-6.5859375,-0.22265625,1.26171875,-0.736328125
5215,51834144,52134144,0.20690918,0.900390625,-0.368041992,0.105224609,0.03515625,0.3125,0.09375,-3.484375,-5.84375,-6.5859375,-0.197265625,1.2578125,-0.73828125
5216,51843368,52143368,0.205810547,0.901977539,-0.366455078,0.0986938477,0.04296875,-0.0859375,0.01171875,-3.2265625,-5.8671875,-6.6953125,-0.197265625,1.2578125,-0.73828125
5217,51856477,52156477,0.204772949,0.903503418,-0.365112305,0.0920410156,0.04296875,-0.0859375,0.01171875,-3.2265625,-5.8671875,-6.6953125,-0.08203125,1.19726562,-0.716796875
5218,51860641,52160641,0.203613281,0.904968262,-0.363830566,0.0852050781,-0.015625,0.1015625,0.10546875,-2.9765625,-5.8984375,-6.7890625,-0.08203125,1.19726562,-0.716796875
5219,51874039,52174039,0.202453613,0.906311035,-0.362487793,0.0787963867,-0.015625,0.1015625,0.10546875,-2.9765625,-5.8984375,-6.7890625,-0.107421875,1.14453125,-0.70703125
5220,51877621,52177621,0.201293945,0.907592773,-0.361206055,0.0728149414,0.203125,0.28515625,0.18359375,-2.734375,-5.9296875,-6.8671875,-0.107421875,1.14453125,-0.70703125
5221,51893708,52193708,0.199890137,0.908996582,-0.359741211,0.0662841797,0.203125,0.28515625,0.18359375,-2.734375,-5.9296875,-6.8671875,-0.107421875,1.0703125,-0.72265625
5222,51897432,52197432,0.198547363,0.91015625,-0.358520508,0.0606079102,0.11328125,0.1015625,-0.0625,-2.4921875,-5.9375,-6.9296875,-0.107421875,1.0703125,-0.72265625
5223,51912638,52212638,0.197021484,0.911376953,-0.357299805,0.0543823242,0.11328125,0.1015625,-0.0625,-2.4921875,-5.9375,-6.9296875,-0.087890625,1.04101562,-0.70703125
5224,51921931,52221931,0.195739746,0.912414551,-0.356079102,0.0484619141,0.30078125,-0.02734375,-0.3046875,-2.2578125,-5.9609375,-6.9921875,-0.087890625,1.04101562,-0.70703125
5225,51933640,52233640,0.194641113,0.913391113,-0.355041504,0.0424804688,0.30078125,-0.02734375,-0.3046875,-2.2578125,-5.9609375,-6.9921875,0.015625,1.06445312,-0.638671875
5226,51937378,52237378,0.193664551,0.914001465,-0.354553223,0.0368041992,-0.00390625,-0.50390625,-0.1796875,-2.03125,-5.984375,-7.0390625,0.015625,1.06445312,-0.638671875
5227,51953305,52253305,0.192565918,0.914550781,-0.354370117,0.0306396484,-0.00390625,-0.50390625,-0.1796875,-2.03125,-5.984375,-7.0390625,0.189453125,0.984375,-0.625
5228,51962003,52262003,0.191467285,0.914978027,-0.354309082,0.0251464844,-0.10546875,-0.15625,0.00390625,-1.8125,-6.0234375,-7.0703125,0.189453125,0.984375,-0.625
5229,51972033,52272033,0.190002441,0.915527344,-0.354003906,0.0189819336,-0.10546875,-0.15625,0.00390625,-1.8125,-6.0234375,-7.0703125,0.078125,1,-0.71875
5230,51978001,52278001,0.188354492,0.916320801,-0.353210449,0.0131225586,-0.02734375,0.42578125,0.01953125,-1.5859375,-6.0703125,-7.0859375,0.078125,1,-0.71875
5231,51992277,52292277,0.186401367,0.917236328,-0.351867676,0.00750732422,-0.02734375,0.42578125,0.01953125,-1.5859375,-6.0703125,-7.0859375,-0.162109375,0.9140625,-0.7890625
5232,52001190,52301190,0.184387207,0.918334961,-0.350219727,0.00225830078,-0.21484375,0.2421875,-0.2578125,-1.359375,-6.078125,-7.1171875,-0.162109375,0.9140625,-0.7890625
5233,52012212,52312212,-0.182373047,-0.919311523,0.348693848,0.00262451172,-0.21484375,0.2421875,-0.2578125,-1.359375,-6.078125,-7.1171875,-0.15234375,0.8125,-0.744140625
5234,52018197,52318197,-0.180358887,-0.920166016,0.347412109,0.00769042969,-0.1171875,-0.33203125,-0.37109375,-1.1484375,-6.078125,-7.15625,-0.15234375,0.8125,-0.744140625
5235,52034004,52334004,-0.178649902,-0.920776367,0.346557617,0.012512207,-0.1171875,-0.33203125,-0.37109375,-1.1484375,-6.078125,-7.15625,0.0390625,0.818359375,-0.673828125
5236,52040441,52340441,-0.177062988,-0.921142578,0.346130371,0.0173339844,-0.0546875,-0.37890625,-0.1875,-0.9453125,-6.0703125,-7.1875,0.0390625,0.818359375,-0.673828125
5237,52054566,52354566,-0.175476074,-0.921447754,0.345825195,0.0225830078,-0.0546875,-0.37890625,-0.1875,-0.9453125,-6.0703125,-7.1875,0.1328125,0.888671875,-0.666015625
5238,52058306,52358306,-0.17388916,-0.921691895,0.345581055,0.0280761719,0.203125,0.07421875,0.234375,-0.7421875,-6.1015625,-7.1875,0.1328125,0.888671875,-0.666015625
5239,52071217,52371217,-0.172302246,-0.922058105,0.345031738,0.033203125,0.203125,0.07421875,0.234375,-0.7421875,-6.1015625,-7.1875,0.009765625,0.833984375,-0.673828125
5240,52079705,52379705,-0.170532227,-0.922546387,0.343994141,0.0381469727,0.0390625,0.3203125,0.2734375,-0.5390625,-6.1171875,-7.1875,0.009765625,0.833984375,-0.673828125
5241,52094767,52394767,-0.168884277,-0.923156738,0.342712402,0.0422363281,0.0390625,0.3203125,0.2734375,-0.5390625,-6.1171875,-7.1875,-0.15234375,0.673828125,-0.625
5242,52098978,52398978,-0.167175293,-0.923828125,0.341247559,0.0462646484,0.2265625,-0.02734375,-0.1328125,-0.34375,-6.1171875,-7.203125,-0.15234375,0.673828125,-0.625
5243,52109773,52409773,-0.165588379,-0.924438477,0.339904785,0.0499267578,0.2265625,-0.02734375,-0.1328125,-0.34375,-6.1171875,-7.203125,-0.125,0.59765625,-0.548828125
5244,52119369,52419369,-0.16418457,-0.924865723,0.338806152,0.0535888672,0.17578125,-0.43359375,-0.30078125,-0.1796875,-6.09375,-7.2265625,-0.125,0.59765625,-0.548828125
5245,52130678,52430678,-0.162780762,-0.925170898,0.338012695,0.0576782227,0.17578125,-0.43359375,-0.30078125,-0.1796875,-6.09375,-7.2265625,0.037109375,0.703125,-0.552734375
5246,52136653,52436653,-0.161376953,-0.925292969,0.337585449,0.0619506836,0.2109375,-0.5546875,-0.33203125,-0.0234375,-6.0859375,-7.234375,0.037109375,0.703125,-0.552734375
5247,52152854,52452854,-0.159912109,-0.925354004,0.337219238,0.0665893555,0.2109375,-0.5546875,-0.33203125,-0.0234375,-6.0859375,-7.234375,0.0859375,0.767578125,-0.599609375
5248,52164754,52464754,-0.15838623,-0.925476074,0.336730957,0.0710449219,-0.04296875,-0.234375,-0.19140625,0.15625,-6.1015625,-7.21875,0.0859375,0.767578125,-0.599609375
5249,52170514,52470514,-0.156738281,-0.92565918,0.3359375,0.0756225586,-0.04296875,-0.234375,-0.19140625,0.15625,-6.1015625,-7.21875,-0.01953125,0.72265625,-0.62109375
5250,52179808,52479808,-0.155090332,-0.925964355,0.334960938,0.0798339844,0.00390625,0.11328125,0.06640625,0.3359375,-6.1015625,-7.2109375,-0.01953125,0.72265625,-0.62109375
5251,52189778,52489778,-0.153503418,-0.926269531,0.33380127,0.0838623047,0.00390625,0.11328125,0.06640625,0.3359375,-6.1015625,-7.2109375,-0.095703125,0.654296875,-0.57421875
5252,52198729,52498729,-0.152038574,-0.926574707,0.332641602,0.0877075195,-0.01171875,-0.01953125,-0.1171875,0.5078125,-6.0859375,-7.21875,-0.095703125,0.654296875,-0.57421875
5253,52210579,52510579,-0.150695801,-0.926757812,0.331726074,0.0914916992,-0.01171875,-0.01953125,-0.1171875,0.5078125,-6.0859375,-7.21875,-0.029296875,0.640625,-0.521484375
5254,52216932,52516932,-0.149291992,-0.926879883,0.330932617,0.0953979492,0.09765625,-0.37890625,-0.19140625,0.6640625,-6.0703125,-7.21875,-0.029296875,0.640625,-0.521484375
5255,52232124,52532124,-0.148010254,-0.926879883,0.33026123,0.0994262695,0.09765625,-0.37890625,-0.19140625,0.6640625,-6.0703125,-7.21875,0.02734375,0.689453125,-0.52734375
5256,52242690,52542690,-0.146728516,-0.926940918,0.329589844,0.103210449,0.08984375,-0.08203125,0.06640625,0.828125,-6.0625,-7.2109375,0.02734375,0.689453125,-0.52734375
5257,52252758,52552758,-0.145446777,-0.927001953,0.328674316,0.107177734,0.08984375,-0.08203125,0.06640625,0.828125,-6.0625,-7.2109375,-0.052734375,0.65234375,-0.505859375
5258,52256536,52556536,-0.144287109,-0.927124023,0.327636719,0.110839844,0.16015625,0.140625,0.16796875,0.984375,-6.0546875,-7.1953125,-0.052734375,0.65234375,-0.505859375
5259,52272121,52572121,-0.143127441,-0.927307129,0.32635498,0.114440918,0.16015625,0.140625,0.16796875,0.984375,-6.0546875,-7.1953125,-0.11328125,0.587890625,-0.458984375
5260,52277907,52577907,-0.142089844,-0.927429199,0.325256348,0.117614746,0.203125,0.1953125,0.28125,1.1328125,-6.03125,-7.1953125,-0.11328125,0.587890625,-0.458984375
5261,52290743,52590743,-0.141052246,-0.927612305,0.324035645,0.12109375,0.203125,0.1953125,0.28125,1.1328125,-6.03125,-7.1953125,-0.1015625,0.5625,-0.41015625
5262,52295807,52595807,-0.140136719,-0.92767334,0.322937012,0.124206543,0.26171875,-0.02734375,0.2421875,1.265625,-6,-7.1953125,-0.1015625,0.5625,-0.41015625
5263,52310984,52610984,-0.139282227,-0.92779541,0.321960449,0.12713623,0.26171875,-0.02734375,0.2421875,1.265625,-6,-7.1953125,-0.09375,0.509765625,-0.37109375
5264,52320242,52620242,-0.13848877,-0.927856445,0.320983887,0.129821777,0.16796875,-0.04296875,0.3125,1.3984375,-5.984375,-7.1875,-0.09375,0.509765625,-0.37109375
5265,52328959,52628959,-0.137695312,-0.92791748,0.320129395,0.132629395,0.16796875,-0.04296875,0.3125,1.3984375,-5.984375,-7.1875,-0.0625,0.458984375,-0.328125
5266,52335373,52635373,-0.136962891,-0.92791748,0.319274902,0.135131836,0.17578125,-0.10546875,0.2734375,1.5078125,-5.9609375,-7.1875,-0.0625,0.458984375,-0.328125
5267,52350202,52650202,-0.136230469,-0.927978516,0.318481445,0.137451172,0.17578125,-0.10546875,0.2734375,1.5078125,-5.9609375,-7.1875,-0.08203125,0.388671875,-0.291015625
5268,52356075,52656075,-0.135559082,-0.928039551,0.317565918,0.139587402,0.04296875,0.0625,0.1875,1.6015625,-5.9375,-7.1796875,-0.08203125,0.388671875,-0.291015625
5269,52370160,52670160,-0.135009766,-0.928161621,0.316711426,0.141296387,0.04296875,0.0625,0.1875,1.6015625,-5.9375,-7.1796875,-0.107421875,0.291015625,-0.228515625
5270,52375211,52675211,-0.13458252,-0.928283691,0.315917969,0.142944336,0.0703125,0.046875,-0.078125,1.6875,-5.921875,-7.1796875,-0.107421875,0.291015625,-0.228515625
5271,52390045,52690045,-0.134338379,-0.928344727,0.315124512,0.14440918,0.0703125,0.046875,-0.078125,1.6875,-5.921875,-7.1796875,-0.0859375,0.27734375,-0.138671875
5272,52401676,52701676,-0.134216309,-0.928344727,0.314575195,0.145751953,0.046875,-0.3203125,-0.0390625,1.75,-5.8984375,-7.1796875,-0.0859375,0.27734375,-0.138671875
5273,52412107,52712107,-0.134155273,-0.928344727,0.314086914,0.146789551,0.046875,-0.3203125,-0.0390625,1.75,-5.8984375,-7.1796875,-0.05859375,0.173828125,-0.07421875
5274,52415848,52715848,-0.134155273,-0.928344727,0.313720703,0.147521973,-0.22265625,-0.56640625,-0.1953125,1.7890625,-5.8828125,-7.1796875,-0.05859375,0.173828125,-0.07421875
5275,52429204,52729204,-0.134155273,-0.928405762,0.313415527,0.147949219,-0.22265625,-0.56640625,-0.1953125,1.7890625,-5.8828125,-7.1796875,-0.03515625,0.060546875,-0.01953125
5276,52438532,52738532,-0.134216309,-0.928405762,0.313232422,0.148193359,-0.16796875,-0.49609375,-0.4609375,1.8125,-5.875,-7.1796875,-0.03515625,0.060546875,-0.01953125
5277,52449885,52749885,-0.134277344,-0.928405762,0.313171387,0.148193359,-0.16796875,-0.49609375,-0.4609375,1.8125,-5.875,-7.1796875,-0.0078125,-0.017578125,0.02734375
5278,52454913,52754913,-0.134399414,-0.928405762,0.313171387,0.147949219,-0.21484375,-0.49609375,-0.65234375,1.8203125,-5.875,-7.1796875,-0.0078125,-0.017578125,0.02734375
5279,52470529,52770529,-0.13458252,-0.928466797,0.313171387,0.147521973,-0.21484375,-0.49609375,-0.65234375,1.8203125,-5.875,-7.1796875,-0.01171875,-0.076171875,0.07421875
5280,52481669,52781669,-0.134887695,-0.928466797,0.313293457,0.146972656,-0.12109375,-0.3828125,-0.5703125,1.8046875,-5.875,-7.1875,-0.01171875,-0.076171875,0.07421875
5281,52492064,52792064,-0.135253906,-0.928527832,0.313415527,0.146118164,-0.12109375,-0.3828125,-0.5703125,1.8046875,-5.875,-7.1875,-0.013671875,-0.171875,0.134765625
5282,52497116,52797116,-0.135620117,-0.928588867,0.313537598,0.144958496,-0.28125,-0.421875,-0.40625,1.7734375,-5.875,-7.1953125,-0.013671875,-0.171875,0.134765625
5283,52514195,52814195,-0.136169434,-0.928649902,0.313781738,0.143432617,-0.28125,-0.421875,-0.40625,1.7734375,-5.875,-7.1953125,-0.01953125,-0.267578125,0.2109375
5284,52519387,52819387,-0.136779785,-0.928710938,0.314086914,0.141723633,-0.12109375,-0.3046875,-0.28515625,1.7265625,-5.875,-7.203125,-0.01953125,-0.267578125,0.2109375
5285,52530126,52830126,-0.137451172,-0.928771973,0.314575195,0.139770508,-0.12109375,-0.3046875,-0.28515625,1.7265625,-5.875,-7.203125,0.01953125,-0.3671875,0.27734375
5286,52533720,52833720,-0.138122559,-0.928833008,0.315124512,0.137634277,-0.12109375,-0.22265625,-0.125,1.6484375,-5.8828125,-7.2109375,0.01953125,-0.3671875,0.27734375
5287,52553517,52853517,-0.138977051,-0.928833008,0.315856934,0.13482666,-0.12109375,-0.22265625,-0.125,1.6484375,-5.8828125,-7.2109375,0.0390625,-0.498046875,0.361328125
5288,52562384,52862384,-0.139831543,-0.928833008,0.316711426,0.131835938,-0.25390625,-0.20703125,-0.1171875,1.5546875,-5.8984375,-7.21875,0.0390625,-0.498046875,0.361328125
5289,52567807,52867807,-0.14074707,-0.928894043,0.317626953,0.128356934,-0.25390625,-0.20703125,-0.1171875,1.5546875,-5.8984375,-7.21875,0.048828125,-0.638671875,0.427734375
5290,52575389,52875389,-0.141784668,-0.928955078,0.31854248,0.124633789,-0.12109375,0.046875,-0.1015625,1.421875,-5.921875,-7.234375,0.048828125,-0.638671875,0.427734375
5291,52588867,52888867,-0.142883301,-0.929016113,0.319335938,0.120605469,-0.12109375,0.046875,-0.1015625,1.421875,-5.921875,-7.234375,-0.017578125,-0.72265625,0.501953125
5292,52594956,52894956,-0.144104004,-0.929138184,0.320007324,0.116333008,-0.00390625,0.18359375,-0.125,1.265625,-5.9453125,-7.25,-0.017578125,-0.72265625,0.501953125
5293,52607884,52907884,-0.145507812,-0.929260254,0.320617676,0.111755371,-0.00390625,0.18359375,-0.125,1.265625,-5.9453125,-7.25,-0.06640625,-0.791015625,0.580078125
5294,52614790,52914790,-0.147094727,-0.929382324,0.321228027,0.106933594,0.05078125,-0.0078125,-0.13671875,1.09375,-5.9453125,-7.2734375,-0.06640625,-0.791015625,0.580078125
5295,52628685,52928685,-0.148742676,-0.929443359,0.321838379,0.102050781,0.05078125,-0.0078125,-0.13671875,1.09375,-5.9453125,-7.2734375,-0.046875,-0.876953125,0.685546875
5296,52639149,52939149,-0.150634766,-0.929382324,0.322814941,0.0965576172,-0.01953125,-0.3828125,-0.3046875,0.8984375,-5.953125,-7.296875,-0.046875,-0.876953125,0.685546875
5297,52650975,52950975,-0.152526855,-0.929260254,0.323852539,0.0913696289,-0.01953125,-0.3828125,-0.3046875,0.8984375,-5.953125,-7.296875,0.03515625,-0.931640625,0.755859375
5298,52654713,52954713,-0.154541016,-0.929016113,0.325134277,0.0857543945,0.0078125,-0.44921875,-0.17578125,0.6796875,-5.9609375,-7.3125,0.03515625,-0.931640625,0.755859375
5299,52667662,52967662,-0.156555176,-0.928771973,0.326416016,0.0798950195,0.0078125,-0.44921875,-0.17578125,0.6796875,-5.9609375,-7.3125,0.02734375,-1.00585938,0.798828125
5300,52673206,52973206,-0.158691406,-0.928466797,0.327636719,0.0736083984,0.01171875,-0.16796875,-0.20703125,0.4453125,-5.9765625,-7.3203125,0.02734375,-1.00585938,0.798828125
5301,52688550,52988550,-0.160766602,-0.928161621,0.328857422,0.0671386719,0.01171875,-0.16796875,-0.20703125,0.4453125,-5.9765625,-7.3203125,-0.005859375,-1.13476562,0.86328125
5302,52694530,52994530,-0.163024902,-0.927856445,0.330078125,0.0601806641,0.0390625,-0.2734375,-0.46875,0.1875,-5.984375,-7.328125,-0.005859375,-1.13476562,0.86328125
5303,52707445,53007445,-0.165222168,-0.927429199,0.331176758,0.0536499023,0.0390625,-0.2734375,-0.46875,0.1875,-5.984375,-7.328125,-0.009765625,-1.16992188,0.9375
5304,52719389,53019389,-0.167785645,-0.926940918,0.332458496,0.0463867188,0.12109375,-0.3515625,-0.421875,-0.0859375,-5.984375,-7.3359375,-0.009765625,-1.16992188,0.9375
5305,52730704,53030704,-0.170227051,-0.926330566,0.333679199,0.0396118164,0.12109375,-0.3515625,-0.421875,-0.0859375,-5.984375,-7.3359375,0.041015625,-1.17382812,0.9765625
5306,52734419,53034419,-0.172790527,-0.925598145,0.335205078,0.032409668,0.10546875,-0.54296875,-0.62109375,-0.375,-5.984375,-7.328125,0.041015625,-1.17382812,0.9765625
5307,52747783,53047783,-0.175292969,-0.924682617,0.336914062,0.0255126953,0.10546875,-0.54296875,-0.62109375,-0.375,-5.984375,-7.328125,0.181640625,-1.20703125,1.00390625
5308,52753217,53053217,-0.177978516,-0.92364502,0.338928223,0.0178833008,0.0078125,-0.53515625,-0.60546875,-0.6640625,-5.9921875,-7.3046875,0.181640625,-1.20703125,1.00390625
5309,52765877,53065877,-0.180480957,-0.922668457,0.340637207,0.0104980469,0.0078125,-0.53515625,-0.60546875,-0.6640625,-5.9921875,-7.3046875,0.09375,-1.26367188,1.00585938
5310,52773370,53073370,-0.182861328,-0.921630859,0.342285156,0.00286865234,-0.18359375,-0.34375,-0.22265625,-0.96875,-5.9921875,-7.265625,0.09375,-1.26367188,1.00585938
5311,52787275,53087275,0.185058594,0.920532227,-0.344055176,0.00543212891,-0.18359375,-0.34375,-0.22265625,-0.96875,-5.9921875,-7.265625,0.09375,-1.48046875,1.00976562
5312,52799257,53099257,0.187072754,0.919311523,-0.345947266,0.0140991211,-0.28515625,-0.1953125,-0.26171875,-1.2890625,-5.984375,-7.2265625,0.09375,-1.48046875,1.00976562
5313,52810844,53110844,0.188903809,0.91809082,-0.34777832,0.0225219727,-0.28515625,-0.1953125,-0.26171875,-1.2890625,-5.984375,-7.2265625,0.119140625,-1.63085938,1.02148438
5314,52815489,53115489,0.190795898,0.916625977,-0.349853516,0.0322875977,-0.0546875,-0.05859375,-0.125,-1.6328125,-5.96875,-7.171875,0.119140625,-1.63085938,1.02148438
5315,52826266,53126266,0.192382812,0.915161133,-0.351745605,0.0418701172,-0.0546875,-0.05859375,-0.125,-1.6328125,-5.96875,-7.171875,0.080078125,-1.77539062,1.0078125
5316,52834809,53134809,0.193847656,0.913635254,-0.353637695,0.0518188477,0.04296875,-0.07421875,-0.1953125,-2,-5.953125,-7.1015625,0.080078125,-1.77539062,1.0078125
5317,52847730,53147730,0.195251465,0.911865234,-0.355712891,0.061706543,0.04296875,-0.07421875,-0.1953125,-2,-5.953125,-7.1015625,0.16796875,-1.83398438,1.00195312
5318,52852516,53152516,0.196594238,0.909851074,-0.358276367,0.0720214844,0.265625,-0.0234375,-0.05859375,-2.375,-5.9296875,-7.0078125,0.16796875,-1.83398438,1.00195312
5319,52865654,53165654,0.197814941,0.907775879,-0.360778809,0.0814819336,0.265625,-0.0234375,-0.05859375,-2.375,-5.9296875,-7.0078125,0.255859375,-1.9140625,1.01953125
5320,52876242,53176242,0.19909668,0.905456543,-0.363342285,0.0921630859,0.296875,0.3359375,0.046875,-2.75,-5.90625,-6.8828125,0.255859375,-1.9140625,1.01953125
5321,52888124,53188124,0.200256348,0.903137207,-0.365661621,0.102600098,0.296875,0.3359375,0.046875,-2.75,-5.90625,-6.8828125,0.162109375,-1.93359375,1
5322,52891729,53191729,0.20123291,0.900939941,-0.367675781,0.112548828,0.37890625,0.15234375,0.01953125,-3.140625,-5.875,-6.7421875,0.162109375,-1.93359375,1
5323,52910249,53210249,0.202209473,0.898376465,-0.369873047,0.12322998,0.37890625,0.15234375,0.01953125,-3.140625,-5.875,-6.7421875,0.18359375,-1.90625,0.974609375
5324,52913723,53213723,0.203186035,0.895812988,-0.372070312,0.133483887,0.36328125,0.0390625,0.0234375,-3.5078125,-5.8359375,-6.59375,0.18359375,-1.90625,0.974609375
5325,52926630,53226630,0.204101562,0.893249512,-0.374145508,0.143005371,0.36328125,0.0390625,0.0234375,-3.5078125,-5.8359375,-6.59375,0.224609375,-1.81054688,0.939453125
5326,52932590,53232590,0.205078125,0.890625,-0.376342773,0.151977539,0.453125,-0.0390625,0.0234375,-3.8671875,-5.796875,-6.4375,0.224609375,-1.81054688,0.939453125
5327,52948506,53248506,0.206115723,0.887817383,-0.378662109,0.161071777,0.453125,-0.0390625,0.0234375,-3.8671875,-5.796875,-6.4375,0.298828125,-1.625,0.865234375
5328,52957906,53257906,0.20703125,0.885131836,-0.38092041,0.169006348,0.31640625,-0.1953125,0.125,-4.1875,-5.7578125,-6.2734375,0.298828125,-1.625,0.865234375
5329,52968920,53268920,0.207885742,0.882385254,-0.383178711,0.177124023,0.31640625,-0.1953125,0.125,-4.1875,-5.7578125,-6.2734375,0.298828125,-1.51757812,0.783203125
5330,52972983,53272983,0.208618164,0.879638672,-0.385314941,0.184936523,0.21484375,-0.0703125,0.078125,-4.46875,-5.7265625,-6.109375,0.298828125,-1.51757812,0.783203125
5331,52988982,53288982,0.209350586,0.87689209,-0.387390137,0.192871094,0.21484375,-0.0703125,0.078125,-4.46875,-5.7265625,-6.109375,0.240234375,-1.45507812,0.736328125
5332,52992580,53292580,0.209899902,0.874389648,-0.389099121,0.200012207,0.1796875,0.38671875,0.09765625,-4.7421875,-5.6875,-5.9375,0.240234375,-1.45507812,0.736328125
5333,53006438,53306438,0.210449219,0.871765137,-0.39074707,0.207397461,0.1796875,0.38671875,0.09765625,-4.7421875,-5.6875,-5.9375,0.17578125,-1.3359375,0.673828125
5334,53013731,53313731,0.2109375,0.869384766,-0.392150879,0.214172363,0.30859375,0.46484375,0.125,-4.984375,-5.6484375,-5.7734375,0.17578125,-1.3359375,0.673828125
5335,53028948,53328948,0.211425781,0.86730957,-0.393249512,0.220214844,0.30859375,0.46484375,0.125,-4.984375,-5.6484375,-5.7734375,0.115234375,-1.1640625,0.61328125
5336,53037651,53337651,0.211914062,0.86517334,-0.394226074,0.226013184,0.40234375,0.29296875,0.296875,-5.1953125,-5.59375,-5.640625,0.115234375,-1.1640625,0.61328125
5337,53047716,53347716,0.212402344,0.86328125,-0.395263672,0.231201172,0.40234375,0.29296875,0.296875,-5.1953125,-5.59375,-5.640625,0.138671875,-0.9375,0.501953125
5338,53051442,53351442,0.21282959,0.861450195,-0.396240234,0.235839844,0.35546875,0.33203125,0.28125,-5.375,-5.5546875,-5.5078125,0.138671875,-0.9375,0.501953125
5339,53067589,53367589,0.213195801,0.859802246,-0.397033691,0.24005127,0.35546875,0.33203125,0.28125,-5.375,-5.5546875,-5.5078125,0.080078125,-0.724609375,0.3828125
5340,53071313,53371313,0.213439941,0.858581543,-0.397521973,0.243408203,0.42578125,0.67578125,0.37109375,-5.5234375,-5.515625,-5.40625,0.080078125,-0.724609375,0.3828125
5341,53085911,53385911,0.213745117,0.85748291,-0.397888184,0.246459961,0.42578125,0.67578125,0.37109375,-5.5234375,-5.515625,-5.40625,0.013671875,-0.482421875,0.294921875
5342,53090941,53390941,0.214111328,0.856628418,-0.398010254,0.248779297,0.6328125,0.56640625,0.375,-5.6171875,-5.484375,-5.3359375,0.013671875,-0.482421875,0.294921875
5343,53108658,53408658,0.214477539,0.856018066,-0.398132324,0.250549316,0.6328125,0.56640625,0.375,-5.6171875,-5.484375,-5.3359375,0.00390625,-0.2578125,0.203125
5344,53118762,53418762,0.214782715,0.855529785,-0.398132324,0.251708984,0.55078125,0.390625,0.55859375,-5.6875,-5.4609375,-5.2890625,0.00390625,-0.2578125,0.203125
5345,53129099,53429099,0.215209961,0.855224609,-0.398193359,0.252441406,0.55078125,0.390625,0.55859375,-5.6875,-5.4609375,-5.2890625,0.03515625,-0.060546875,0.115234375
5346,53133680,53433680,0.215576172,0.855041504,-0.398254395,0.252685547,0.46875,0.328125,0.54296875,-5.71875,-5.4375,-5.2734375,0.03515625,-0.060546875,0.115234375
5347,53148910,53448910,0.215942383,0.854980469,-0.39831543,0.252380371,0.46875,0.328125,0.54296875,-5.71875,-5.4375,-5.2734375,0.03515625,0.107421875,0.005859375
5348,53153992,53453992,0.216186523,0.855163574,-0.39831543,0.251647949,0.4375,0.51953125,0.50390625,-5.7265625,-5.4375,-5.2734375,0.03515625,0.107421875,0.005859375
5349,53168136,53468136,0.216308594,0.855529785,-0.398193359,0.250427246,0.4375,0.51953125,0.50390625,-5.7265625,-5.4375,-5.2734375,0,0.296875,-0.111328125
5350,53171739,53471739,0.216430664,0.856079102,-0.398010254,0.248718262,0.40625,0.48828125,0.40625,-5.6953125,-5.4453125,-5.2890625,0,0.296875,-0.111328125
5351,53188950,53488950,0.216491699,0.856872559,-0.397705078,0.246337891,0.40625,0.48828125,0.40625,-5.6953125,-5.4453125,-5.2890625,-0.009765625,0.49609375,-0.21484375
5352,53197630,53497630,0.216491699,0.857849121,-0.397338867,0.243591309,0.3125,0.46875,0.375,-5.640625,-5.4609375,-5.3359375,-0.009765625,0.49609375,-0.21484375
5353,53207686,53507686,0.216552734,0.858947754,-0.396850586,0.24041748,0.3125,0.46875,0.375,-5.640625,-5.4609375,-5.3359375,-0.03515625,0.677734375,-0.296875
5354,53211285,53511285,0.216552734,0.860229492,-0.39630127,0.236755371,0.36328125,0.375,0.29296875,-5.5390625,-5.484375,-5.40625,-0.03515625,0.677734375,-0.296875
5355,53229853,53529853,0.216552734,0.861755371,-0.395568848,0.23236084,0.36328125,0.375,0.29296875,-5.5390625,-5.484375,-5.40625,-0.0625,0.87890625,-0.388671875
5356,53233565,53533565,0.216491699,0.86340332,-0.394714355,0.227661133,0.23828125,0.4453125,0.1484375,-5.4140625,-5.515625,-5.4921875,-0.0625,0.87890625,-0.388671875
5357,53244397,53544397,0.216430664,0.86517334,-0.393859863,0.222595215,0.23828125,0.4453125,0.1484375,-5.4140625,-5.515625,-5.4921875,-0.080078125,1.05273438,-0.484375
5358,53251305,53551305,0.216247559,0.867126465,-0.392822266,0.216796875,0.12109375,0.29296875,0.02734375,-5.2578125,-5.5546875,-5.6015625,-0.080078125,1.05273438,-0.484375
5359,53267772,53567772,0.216003418,0.869140625,-0.391784668,0.21081543,0.12109375,0.29296875,0.02734375,-5.2578125,-5.5546875,-5.6015625,-0.09765625,1.1796875,-0.578125
5360,53275920,53575920,0.215698242,0.87109375,-0.39074707,0.204833984,0.01171875,0.33984375,0.0390625,-5.0703125,-5.6015625,-5.7265625,-0.09765625,1.1796875,-0.578125
5361,53284339,53584339,0.215148926,0.873291016,-0.389526367,0.198242188,0.01171875,0.33984375,0.0390625,-5.0703125,-5.6015625,-5.7265625,-0.12109375,1.28125,-0.67578125
5362,53290051,53590051,0.214477539,0.875732422,-0.388183594,0.190979004,-0.125,0.15625,0.2109375,-4.859375,-5.6484375,-5.859375,-0.12109375,1.28125,-0.67578125
5363,53308077,53608077,0.213684082,0.877990723,-0.386779785,0.183898926,-0.125,0.15625,0.2109375,-4.859375,-5.6484375,-5.859375,-0.15625,1.3515625,-0.7578125
5364,53311553,53611553,0.21282959,0.880371094,-0.385314941,0.176513672,-0.13671875,0.01171875,0.08203125,-4.6171875,-5.6953125,-6,-0.15625,1.3515625,-0.7578125
5365,53323801,53623801,0.211975098,0.8828125,-0.383728027,0.168640137,-0.13671875,0.01171875,0.08203125,-4.6171875,-5.6953125,-6,-0.154296875,1.44921875,-0.783203125
5366,53329769,53629769,0.211181641,0.885070801,-0.382263184,0.161071777,-0.01953125,-0.09375,-0.16015625,-4.3515625,-5.7421875,-6.140625,-0.154296875,1.44921875,-0.783203125
5367,53347604,53647604,0.210449219,0.887329102,-0.38079834,0.152893066,-0.01953125,-0.09375,-0.16015625,-4.3515625,-5.7421875,-6.140625,-0.08984375,1.5390625,-0.796875
5368,53356839,53656839,0.209838867,0.889404297,-0.379516602,0.144836426,-0.0234375,-0.15625,-0.09765625,-4.078125,-5.796875,-6.28125,-0.08984375,1.5390625,-0.796875
5369,53367656,53667656,0.20904541,0.891479492,-0.378234863,0.136047363,-0.0234375,-0.15625,-0.09765625,-4.078125,-5.796875,-6.28125,-0.029296875,1.56640625,-0.830078125
5370,53371404,53671404,0.208190918,0.893493652,-0.37689209,0.127380371,0.109375,0.3984375,0.02734375,-3.7890625,-5.8515625,-6.40625,-0.029296875,1.56640625,-0.830078125
5371,53385178,53685178,0.207214355,0.895568848,-0.375305176,0.118774414,0.109375,0.3984375,0.02734375,-3.7890625,-5.8515625,-6.40625,-0.150390625,1.62304688,-0.904296875
5372,53390208,53690208,0.206115723,0.897705078,-0.373413086,0.110412598,0.140625,0.56640625,0.15234375,-3.4765625,-5.90625,-6.53125,-0.150390625,1.62304688,-0.904296875
5373,53404376,53704376,0.204589844,0.90020752,-0.370910645,0.101013184,0.140625,0.56640625,0.15234375,-3.4765625,-5.90625,-6.53125,-0.267578125,1.58007812,-0.947265625
5374,53409416,53709416,0.203125,0.90234375,-0.368652344,0.0928344727,0.00390625,0.17578125,-0.203125,-3.1484375,-5.9375,-6.671875,-0.267578125,1.58007812,-0.947265625
5375,53426622,53726622,0.201538086,0.904418945,-0.366455078,0.0844726562,0.00390625,0.17578125,-0.203125,-3.1484375,-5.9375,-6.671875,-0.228515625,1.50976562,-0.939453125
5376,53435886,53735886,0.200073242,0.906188965,-0.364562988,0.0764770508,0.07421875,-0.19140625,-0.30859375,-2.8359375,-5.953125,-6.796875,-0.228515625,1.50976562,-0.939453125
5377,53446279,53746279,0.198669434,0.907775879,-0.363037109,0.0679931641,0.07421875,-0.19140625,-0.30859375,-2.8359375,-5.953125,-6.796875,0.0078125,1.52734375,-0.90234375
5378,53450038,53750038,0.197387695,0.908996582,-0.362304688,0.0593261719,0.18359375,-0.54296875,-0.14453125,-2.5234375,-5.984375,-6.8828125,0.0078125,1.52734375,-0.90234375
5379,53466601,53766601,0.195983887,0.909851074,-0.362182617,0.0503540039,0.18359375,-0.54296875,-0.14453125,-2.5234375,-5.984375,-6.8828125,0.29296875,1.453125,-0.904296875
5380,53470201,53770201,0.194519043,0.910583496,-0.362182617,0.0422973633,0.1328125,0.1328125,0.25390625,-2.203125,-6.046875,-6.9375,0.29296875,1.453125,-0.904296875
5381,53483767,53783767,0.192687988,0.911560059,-0.361755371,0.0336914062,0.1328125,0.1328125,0.25390625,-2.203125,-6.046875,-6.9375,0.087890625,1.38476562,-0.978515625
5382,53488815,53788815,0.190612793,0.912658691,-0.360595703,0.0257568359,0.203125,0.625,0.0859375,-1.890625,-6.1171875,-6.9609375,0.087890625,1.38476562,-0.978515625
5383,53504508,53804508,0.188232422,0.914123535,-0.358703613,0.0181884766,0.203125,0.625,0.0859375,-1.890625,-6.1171875,-6.9609375,-0.25,1.24609375,-1.02929688
5384,53512979,53812979,0.185791016,0.915527344,-0.356506348,0.0114746094,-0.02734375,0.37890625,-0.12890625,-1.5859375,-6.140625,-7.015625,-0.25,1.24609375,-1.02929688
5385,53523937,53823937,0.183288574,0.916992188,-0.354248047,0.00445556641,-0.02734375,0.37890625,-0.12890625,-1.5859375,-6.140625,-7.015625,-0.185546875,1.11523438,-0.923828125
5386,53528969,53828969,-0.181152344,-0.91796875,0.352783203,0.00244140625,0.18359375,-0.73828125,-0.5546875,-1.296875,-6.1328125,-7.0859375,-0.185546875,1.11523438,-0.923828125
5387,53545900,53845900,-0.179382324,-0.918579102,0.352111816,0.00970458984,0.18359375,-0.73828125,-0.5546875,-1.296875,-6.1328125,-7.0859375,0.1796875,1.27929688,-0.86328125
5388,53549648,53849648,-0.177734375,-0.918884277,0.351867676,0.0169067383,0.09375,-0.53125,0.234375,-1.015625,-6.1484375,-7.109375,0.1796875,1.27929688,-0.86328125
5389,53562738,53862738,-0.17578125,-0.919189453,0.351623535,0.0247802734,0.09375,-0.53125,0.234375,-1.015625,-6.1484375,-7.109375,0.20703125,1.25,-0.9140625
5390,53569557,53869557,-0.173522949,-0.919616699,0.350952148,0.0321044922,0.03515625,0.6171875,0.38671875,-0.7265625,-6.1875,-7.109375,0.20703125,1.25,-0.9140625
5391,53583188,53883188,-0.171142578,-0.920349121,0.349487305,0.0385742188,0.03515625,0.6171875,0.38671875,-0.7265625,-6.1875,-7.109375,-0.189453125,1.03125,-0.93359375
5392,53592324,53892324,-0.168701172,-0.921386719,0.347229004,0.0445556641,0.14453125,0.7890625,0.1640625,-0.453125,-6.203125,-7.1171875,-0.189453125,1.03125,-0.93359375
5393,53604806,53904806,-0.166503906,-0.922485352,0.344726562,0.0497436523,0.14453125,0.7890625,0.1640625,-0.453125,-6.203125,-7.1171875,-0.341796875,0.8671875,-0.798828125
5394,53608533,53908533,-0.164611816,-0.923278809,0.342773438,0.0546264648,0.32421875,-0.31640625,-0.09375,-0.2109375,-6.171875,-7.1640625,-0.341796875,0.8671875,-0.798828125
5395,53623550,53923550,-0.162841797,-0.923706055,0.341491699,0.0601806641,0.32421875,-0.31640625,-0.09375,-0.2109375,-6.171875,-7.1640625,0.046875,0.916015625,-0.6875
5396,53628585,53928585,-0.161315918,-0.923828125,0.341003418,0.065612793,0.140625,-1.02734375,-0.38671875,0.0078125,-6.1484375,-7.1796875,0.046875,0.916015625,-0.6875
5397,53644112,53944112,-0.159667969,-0.92376709,0.340759277,0.071472168,0.140625,-1.02734375,-0.38671875,0.0078125,-6.1484375,-7.1796875,0.169921875,0.96484375,-0.693359375
5398,53647847,53947847,-0.15802002,-0.923706055,0.340332031,0.0770263672,0.0390625,-0.20703125,0.09765625,0.2265625,-6.1640625,-7.1640625,0.169921875,0.96484375,-0.693359375
5399,53664277,53964277,-0.15625,-0.92388916,0.339294434,0.0829467773,0.0390625,-0.20703125,0.09765625,0.2265625,-6.1640625,-7.1640625,-0.05859375,0.9453125,-0.72265625
5400,53672082,53972082,-0.154663086,-0.924255371,0.337768555,0.0879516602,0.078125,0.44921875,0.3125,0.453125,-6.171875,-7.1484375,-0.05859375,0.9453125,-0.72265625
5401,53683342,53983342,-0.152954102,-0.924804688,0.335693359,0.0928955078,0.078125,0.44921875,0.3125,0.453125,-6.171875,-7.1484375,-0.26953125,0.775390625,-0.646484375
5402,53688378,53988378,-0.151550293,-0.925354004,0.333679199,0.0971679688,0.0625,0.03515625,-0.2109375,0.6640625,-6.140625,-7.1640625,-0.26953125,0.775390625,-0.646484375
5403,53703229,54003229,-0.15020752,-0.925720215,0.331787109,0.10168457,0.0625,0.03515625,-0.2109375,0.6640625,-6.140625,-7.1640625,-0.146484375,0.763671875,-0.546875
5404,53709457,54009457,-0.149108887,-0.92590332,0.330566406,0.105834961,0.1796875,-0.5859375,-0.30859375,0.8515625,-6.09375,-7.1796875,-0.146484375,0.763671875,-0.546875
5405,53721811,54021811,-0.148071289,-0.925842285,0.329711914,0.110534668,0.1796875,-0.5859375,-0.30859375,0.8515625,-6.09375,-7.1796875,0.041015625,0.791015625,-0.48828125
5406,53729485,54029485,-0.147033691,-0.92565918,0.329040527,0.114990234,-0.14453125,-0.76171875,-0.24609375,1.0234375,-6.0703125,-7.1640625,0.041015625,0.791015625,-0.48828125
5407,53741424,54041424,-0.145996094,-0.925537109,0.328369141,0.119384766,-0.14453125,-0.76171875,-0.24609375,1.0234375,-6.0703125,-7.1640625,0.01953125,0.736328125,-0.494140625
5408,53754815,54054815,-0.144897461,-0.925537109,0.327392578,0.123352051,0.02734375,0.2265625,0.3046875,1.1953125,-6.0625,-7.140625,0.01953125,0.736328125,-0.494140625
5409,53762671,54062671,-0.143920898,-0.925720215,0.32598877,0.126647949,0.02734375,0.2265625,0.3046875,1.1953125,-6.0625,-7.140625,-0.216796875,0.54296875,-0.41796875
5410,53768388,54068388,-0.143066406,-0.926086426,0.32421875,0.129577637,0.03125,0.5078125,0.03515625,1.34375,-6.0390625,-7.140625,-0.216796875,0.54296875,-0.41796875
5411,53782723,54082723,-0.142333984,-0.926391602,0.322631836,0.131896973,0.03125,0.5078125,0.03515625,1.34375,-6.0390625,-7.140625,-0.21875,0.412109375,-0.30859375
5412,53788903,54088903,-0.141845703,-0.926635742,0.321350098,0.133911133,0.07421875,-0.2578125,-0.29296875,1.453125,-6,-7.15625,-0.21875,0.412109375,-0.30859375
5413,53805027,54105027,-0.141418457,-0.926818848,0.320251465,0.135864258,0.07421875,-0.2578125,-0.29296875,1.453125,-6,-7.15625,-0.10546875,0.3203125,-0.203125
5414,53808649,54108649,-0.141052246,-0.926818848,0.319641113,0.137451172,-0.125,-0.71875,-0.32421875,1.5390625,-5.9609375,-7.1640625,-0.10546875,0.3203125,-0.203125
5415,53822733,54122733,-0.140625,-0.926757812,0.319335938,0.138916016,-0.125,-0.71875,-0.32421875,1.5390625,-5.9609375,-7.1640625,0.0234375,0.23046875,-0.1640625
5416,53831192,54131192,-0.140258789,-0.926696777,0.319213867,0.140136719,-0.2578125,-0.53515625,-0.41796875,1.59375,-5.953125,-7.1484375,0.0234375,0.23046875,-0.1640625
5417,53841745,54141745,-0.139953613,-0.926635742,0.319030762,0.141174316,-0.2578125,-0.53515625,-0.41796875,1.59375,-5.953125,-7.1484375,-0.00390625,0.146484375,-0.10546875
5418,53847465,54147465,-0.139709473,-0.926696777,0.318786621,0.141845703,-0.37890625,-0.3828125,-0.4921875,1.640625,-5.953125,-7.1484375,-0.00390625,0.146484375,-0.10546875
5419,53861873,54161873,-0.139587402,-0.926757812,0.318481445,0.142089844,-0.37890625,-0.3828125,-0.4921875,1.640625,-5.953125,-7.1484375,-0.060546875,0.009765625,-0.04296875
5420,53867592,54167592,-0.139465332,-0.926879883,0.31817627,0.142028809,-0.328125,-0.390625,-0.71484375,1.6640625,-5.9453125,-7.15625,-0.060546875,0.009765625,-0.04296875
5421,53881767,54181767,-0.139465332,-0.927001953,0.317993164,0.141723633,-0.328125,-0.390625,-0.71484375,1.6640625,-5.9453125,-7.15625,-0.05078125,-0.072265625,0.02734375
5422,53887484,54187484,-0.139526367,-0.927124023,0.317871094,0.141235352,-0.2421875,-0.58984375,-0.6328125,1.65625,-5.9375,-7.1640625,-0.05078125,-0.072265625,0.02734375
5423,53901706,54201706,-0.139709473,-0.927185059,0.317993164,0.14050293,-0.2421875,-0.58984375,-0.6328125,1.65625,-5.9375,-7.1640625,0.01171875,-0.142578125,0.095703125
5424,53908967,54208967,-0.139953613,-0.927185059,0.31829834,0.139587402,-0.1796875,-0.62109375,-0.5546875,1.6328125,-5.9453125,-7.1640625,0.01171875,-0.142578125,0.095703125
5425,53920709,54220709,-0.140258789,-0.927124023,0.318664551,0.13848877,-0.1796875,-0.62109375,-0.5546875,1.6328125,-5.9453125,-7.1640625,0.04296875,-0.220703125,0.15234375
5426,53926417,54226417,-0.140563965,-0.927124023,0.319152832,0.137145996,-0.140625,-0.53515625,-0.4296875,1.59375,-5.953125,-7.171875,0.04296875,-0.220703125,0.15234375
5427,53940282,54240282,-0.140991211,-0.927124023,0.319641113,0.135498047,-0.140625,-0.53515625,-0.4296875,1.59375,-5.953125,-7.171875,0.013671875,-0.30078125,0.203125
5428,53947192,54247192,-0.141479492,-0.927185059,0.320007324,0.133728027,-0.078125,-0.06640625,-0.125,1.53125,-5.9609375,-7.171875,0.013671875,-0.30078125,0.203125
5429,53960692,54260692,-0.142150879,-0.927307129,0.320373535,0.131591797,-0.078125,-0.06640625,-0.125,1.53125,-5.9609375,-7.171875,-0.02734375,-0.3984375,0.287109375
5430,53966407,54266407,-0.142883301,-0.927368164,0.320739746,0.129089355,-0.078125,-0.01953125,0.12109375,1.453125,-5.96875,-7.1875,-0.02734375,-0.3984375,0.287109375
5431,53980495,54280495,-0.143676758,-0.927490234,0.321228027,0.126220703,-0.078125,-0.01953125,0.12109375,1.453125,-5.96875,-7.1875,-0.0078125,-0.541015625,0.37109375
5432,53988227,54288227,-0.144592285,-0.92755127,0.321838379,0.122924805,-0.12890625,0.0625,0.05859375,1.3515625,-5.9765625,-7.203125,-0.0078125,-0.541015625,0.37109375
5433,54000720,54300720,-0.145629883,-0.92767334,0.32244873,0.119384766,-0.12890625,0.0625,0.05859375,1.3515625,-5.9765625,-7.203125,-0.03125,-0.626953125,0.455078125
5434,54006443,54306443,-0.146850586,-0.927734375,0.323059082,0.115661621,0.05078125,0.109375,0.19140625,1.2109375,-5.984375,-7.21875,-0.03125,-0.626953125,0.455078125
5435,54021820,54321820,-0.148254395,-0.92779541,0.323608398,0.111694336,0.05078125,0.109375,0.19140625,1.2109375,-5.984375,-7.21875,-0.052734375,-0.677734375,0.548828125
5436,54025422,54325422,-0.149719238,-0.927856445,0.324157715,0.107666016,-0.0234375,0.00390625,0.21484375,1.0546875,-5.9921875,-7.2421875,-0.052734375,-0.677734375,0.548828125
5437,54041417,54341417,-0.151428223,-0.92791748,0.324707031,0.102844238,-0.0234375,0.00390625,0.21484375,1.0546875,-5.9921875,-7.2421875,-0.07421875,-0.8046875,0.638671875
5438,54046209,54346209,-0.153076172,-0.927978516,0.325317383,0.0980834961,-0.03515625,-0.1875,-0.1171875,0.875,-5.9921875,-7.2578125,-0.07421875,-0.8046875,0.638671875
5439,54059282,54359282,-0.155029297,-0.92791748,0.32611084,0.092590332,-0.03515625,-0.1875,-0.1171875,0.875,-5.9921875,-7.2578125,-0.046875,-0.89453125,0.712890625
5440,54067075,54367075,-0.156921387,-0.92779541,0.326965332,0.0872192383,0.0625,-0.296875,-0.359375,0.6640625,-6,-7.28125,-0.046875,-0.89453125,0.712890625
5441,54079646,54379646,-0.158752441,-0.92767334,0.327880859,0.0819091797,0.0625,-0.296875,-0.359375,0.6640625,-6,-7.28125,-0.02734375,-0.935546875,0.75390625
5442,54085361,54385361,-0.160827637,-0.927490234,0.328796387,0.0760498047,0.1171875,-0.1796875,-0.421875,0.453125,-6,-7.296875,-0.02734375,-0.935546875,0.75390625
5443,54100393,54400393,-0.162902832,-0.927246094,0.329711914,0.0703735352,0.1171875,-0.1796875,-0.421875,0.453125,-6,-7.296875,-0.029296875,-0.939453125,0.78515625
5444,54105174,54405174,-0.165039062,-0.926940918,0.330627441,0.0645751953,0.046875,-0.41015625,-0.3359375,0.21875,-6,-7.3046875,-0.029296875,-0.939453125,0.78515625
5445,54120701,54420701,-0.167114258,-0.926635742,0.331604004,0.0586547852,0.046875,-0.41015625,-0.3359375,0.21875,-6,-7.3046875,-0.0234375,-1.02148438,0.818359375
5446,54125484,54425484,-0.169128418,-0.926269531,0.332580566,0.0526733398,-0.02734375,-0.37109375,-0.359375,-0.015625,-6,-7.3203125,-0.0234375,-1.02148438,0.818359375
5447,54140422,54440422,-0.171386719,-0.925842285,0.333679199,0.0458374023,-0.02734375,-0.37109375,-0.359375,-0.015625,-6,-7.3203125,-0.001953125,-1.12109375,0.875
5448,54151116,54451116,-0.17364502,-0.925292969,0.334899902,0.0390625,-0.02734375,-0.49609375,-0.55078125,-0.28125,-5.9921875,-7.3203125,-0.001953125,-1.12109375,0.875
5449,54162360,54462360,-0.17578125,-0.924743652,0.33605957,0.0326538086,-0.02734375,-0.49609375,-0.55078125,-0.28125,-5.9921875,-7.3203125,0.025390625,-1.1328125,0.916015625
5450,54165961,54465961,-0.178100586,-0.923950195,0.337402344,0.0260620117,0.0859375,-0.41796875,-0.453125,-0.546875,-5.9921875,-7.3046875,0.025390625,-1.1328125,0.916015625
5451,54180228,54480228,-0.180664062,-0.923095703,0.338928223,0.0190429688,0.0859375,-0.41796875,-0.453125,-0.546875,-5.9921875,-7.3046875,0.072265625,-1.125,0.93359375
5452,54185031,54485031,-0.183044434,-0.922241211,0.340393066,0.0120849609,-0.1328125,-0.41796875,-0.515625,-0.828125,-5.9921875,-7.28125,0.072265625,-1.125,0.93359375
5453,54201209,54501209,-0.18536377,-0.921264648,0.341796875,0.00518798828,-0.1328125,-0.41796875,-0.515625,-0.828125,-5.9921875,-7.28125,0.083984375,-1.20703125,0.9609375
5454,54204812,54504812,0.187561035,0.920288086,-0.343322754,0.00177001953,-0.15625,-0.38671875,-0.26953125,-1.109375,-5.984375,-7.2578125,0.083984375,-1.20703125,0.9609375
5455,54219423,54519423,0.189819336,0.919189453,-0.344970703,0.00982666016,-0.15625,-0.38671875,-0.26953125,-1.109375,-5.984375,-7.2578125,0.080078125,-1.35546875,0.951171875
5456,54227700,54527700,0.191772461,0.918029785,-0.346557617,0.0176391602,-0.28125,0.0625,-0.31640625,-1.40625,-5.9765625,-7.2109375,0.080078125,-1.35546875,0.951171875
5457,54239451,54539451,0.193603516,0.916870117,-0.348083496,0.0256958008,-0.28125,0.0625,-0.31640625,-1.40625,-5.9765625,-7.2109375,0.060546875,-1.43554688,0.94140625
5458,54245420,54545420,0.19543457,0.915649414,-0.34967041,0.0339355469,0.10546875,0.1171875,-0.28515625,-1.71875,-5.953125,-7.1640625,0.060546875,-1.43554688,0.94140625
5459,54259219,54559219,0.197021484,0.914428711,-0.351135254,0.0419311523,0.10546875,0.1171875,-0.28515625,-1.71875,-5.953125,-7.1640625,0.046875,-1.49414062,0.919921875
5460,54265184,54565184,0.198608398,0.913024902,-0.352722168,0.0507202148,0.08203125,-0.05859375,0.04296875,-2.0390625,-5.9296875,-7.109375,0.046875,-1.49414062,0.919921875
5461,54280271,54580271,0.199951172,0.911560059,-0.354309082,0.0592041016,0.08203125,-0.05859375,0.04296875,-2.0390625,-5.9296875,-7.109375,0.076171875,-1.54296875,0.88671875
5462,54283866,54583866,0.201171875,0.910095215,-0.355957031,0.0672607422,0.21875,-0.19921875,0.078125,-2.3671875,-5.90625,-7.03125,0.076171875,-1.54296875,0.88671875
5463,54299414,54599414,0.202453613,0.908325195,-0.358093262,0.0759887695,0.21875,-0.19921875,0.078125,-2.3671875,-5.90625,-7.03125,0.19921875,-1.54296875,0.8515625
5464,54308070,54608070,0.203613281,0.906433105,-0.360351562,0.0842285156,0.41796875,-0.0703125,0.1015625,-2.6796875,-5.8828125,-6.9375,0.19921875,-1.54296875,0.8515625
5465,54320041,54620041,0.204711914,0.904418945,-0.362731934,0.0922851562,0.41796875,-0.0703125,0.1015625,-2.6796875,-5.8828125,-6.9375,0.2734375,-1.5078125,0.8203125
5466,54323660,54623660,0.205749512,0.90246582,-0.364990234,0.0999755859,0.5390625,0.14453125,0.01953125,-2.9921875,-5.8671875,-6.8203125,0.2734375,-1.5078125,0.8203125
5467,54339723,54639723,0.206787109,0.900390625,-0.36730957,0.108093262,0.5390625,0.14453125,0.01953125,-2.9921875,-5.8671875,-6.8203125,0.248046875,-1.453125,0.765625
5468,54346869,54646869,0.207519531,0.8984375,-0.36932373,0.115356445,0.328125,0.3203125,0.2421875,-3.28125,-5.8515625,-6.6953125,0.248046875,-1.453125,0.765625
5469,54358895,54658895,0.208251953,0.89642334,-0.371337891,0.12310791,0.328125,0.3203125,0.2421875,-3.28125,-5.8515625,-6.6953125,0.189453125,-1.38867188,0.68359375
5470,54368076,54668076,0.20880127,0.89453125,-0.37310791,0.130310059,0.41015625,0.4140625,0.32421875,-3.5546875,-5.828125,-6.5859375,0.189453125,-1.38867188,0.68359375
5471,54378858,54678858,0.209350586,0.89276123,-0.374755859,0.136962891,0.41015625,0.4140625,0.32421875,-3.5546875,-5.828125,-6.5859375,0.166015625,-1.29882812,0.640625
5472,54387347,54687347,0.209899902,0.890808105,-0.376403809,0.143859863,0.66015625,0.46484375,0.3984375,-3.8046875,-5.8046875,-6.46875,0.166015625,-1.29882812,0.640625
5473,54399489,54699489,0.210388184,0.889038086,-0.377868652,0.15020752,0.66015625,0.46484375,0.3984375,-3.8046875,-5.8046875,-6.46875,0.13671875,-1.18164062,0.591796875
5474,54408491,54708491,0.210876465,0.887390137,-0.379150391,0.156005859,0.6640625,0.359375,0.39453125,-4.0390625,-5.7734375,-6.3515625,0.13671875,-1.18164062,0.591796875
5475,54419985,54719985,0.211425781,0.885620117,-0.380493164,0.161987305,0.6640625,0.359375,0.39453125,-4.0390625,-5.7734375,-6.3515625,0.130859375,-1.03320312,0.537109375
5476,54423579,54723579,0.211914062,0.884033203,-0.381652832,0.166931152,0.6015625,0.44140625,0.36328125,-4.2421875,-5.7421875,-6.2421875,0.130859375,-1.03320312,0.537109375
5477,54439330,54739330,0.212463379,0.882507324,-0.382751465,0.17175293,0.6015625,0.44140625,0.36328125,-4.2421875,-5.7421875,-6.2421875,0.119140625,-0.86328125,0.470703125
5478,54447994,54747994,0.213012695,0.881103516,-0.383728027,0.176147461,0.50390625,0.45703125,0.4609375,-4.4140625,-5.71875,-6.1484375,0.119140625,-0.86328125,0.470703125
5479,54460923,54760923,0.213562012,0.879760742,-0.384521484,0.180358887,0.50390625,0.45703125,0.4609375,-4.4140625,-5.71875,-6.1484375,0.0703125,-0.73046875,0.42578125
5480,54469805,54769805,0.213989258,0.878662109,-0.385070801,0.184143066,0.390625,0.38671875,0.3359375,-4.5703125,-5.6875,-6.0625,0.0703125,-0.73046875,0.42578125
5481,54478508,54778508,0.214416504,0.877502441,-0.385620117,0.187927246,0.390625,0.38671875,0.3359375,-4.5703125,-5.6875,-6.0625,0.02734375,-0.681640625,0.380859375
5482,54487976,54787976,0.214782715,0.876403809,-0.386108398,0.191711426,0.09375,0.203125,0.2734375,-4.6953125,-5.65625,-6,0.02734375,-0.681640625,0.380859375
5483,54497958,54797958,0.215026855,0.875366211,-0.38659668,0.195007324,0.09375,0.203125,0.2734375,-4.6953125,-5.65625,-6,0.025390625,-0.609375,0.30859375
5484,54503933,54803933,0.215209961,0.874450684,-0.387023926,0.198120117,0.09765625,0.32421875,0.203125,-4.8125,-5.625,-5.9296875,0.025390625,-0.609375,0.30859375
5485,54518193,54818193,0.215270996,0.873718262,-0.387268066,0.200683594,0.09765625,0.32421875,0.203125,-4.8125,-5.625,-5.9296875,-0.01953125,-0.490234375,0.224609375
5486,54526643,54826643,0.215270996,0.873046875,-0.387451172,0.20324707,0.078125,0.453125,0.109375,-4.90625,-5.6015625,-5.875,-0.01953125,-0.490234375,0.224609375
5487,54538301,54838301,0.215209961,0.872558594,-0.387573242,0.205322266,0.078125,0.453125,0.109375,-4.90625,-5.6015625,-5.875,-0.044921875,-0.361328125,0.162109375
5488,54546455,54846455,0.215209961,0.872131348,-0.387512207,0.207092285,0.1171875,0.31640625,0.109375,-4.984375,-5.578125,-5.8359375,-0.044921875,-0.361328125,0.162109375
5489,54557421,54857421,0.215209961,0.871826172,-0.387451172,0.208557129,0.1171875,0.31640625,0.109375,-4.984375,-5.578125,-5.8359375,-0.03515625,-0.21875,0.12109375
5490,54565212,54865212,0.215270996,0.871582031,-0.387451172,0.209533691,0.125,0.1484375,0.1640625,-5.03125,-5.5625,-5.8125,-0.03515625,-0.21875,0.12109375
5491,54576020,54876020,0.215393066,0.871398926,-0.387451172,0.210144043,0.125,0.1484375,0.1640625,-5.03125,-5.5625,-5.8125,-0.009765625,-0.06640625,0.060546875
5492,54583678,54883678,0.215515137,0.871337891,-0.387390137,0.210388184,0.0703125,0.171875,0.1171875,-5.0546875,-5.546875,-5.8046875,-0.009765625,-0.06640625,0.060546875
5493,54597026,54897026,0.215698242,0.871398926,-0.387207031,0.210327148,0.0703125,0.171875,0.1171875,-5.0546875,-5.546875,-5.8046875,-0.02734375,0.05859375,0.015625
5494,54605220,54905220,0.215820312,0.871520996,-0.387023926,0.210021973,0.04296875,0.125,0.18359375,-5.0625,-5.5390625,-5.796875,-0.02734375,0.05859375,0.015625
5495,54617240,54917240,0.216003418,0.871765137,-0.38671875,0.209350586,0.04296875,0.125,0.18359375,-5.0625,-5.5390625,-5.796875,-0.021484375,0.185546875,-0.03515625
5496,54626220,54926220,0.216186523,0.872070312,-0.386474609,0.208312988,0.0625,0.046875,0.19921875,-5.046875,-5.5390625,-5.8125,-0.021484375,0.185546875,-0.03515625
