sample_index,offset_us,timestamp_us,quat_i,quat_j,quat_k,quat_real,linear_accel_x_mps2,linear_accel_y_mps2,linear_accel_z_mps2,gravity_x_mps2,gravity_y_mps2,gravity_z_mps2,gyro_x_radps,gyro_y_radps,gyro_z_radps
0,31682,331682,-0.139282227,-0.924926758,0.346374512,0.0720214844,0.41015625,0.203125,-0.06640625,-1.0859375,-6.1953125,-7.0078125,-0.076171875,0.716796875,-0.607421875
1,31730,331730,-0.137756348,-0.925231934,0.345214844,0.0762329102,0.234375,0.53515625,0.1484375,0.296875,-6.21875,-7.0625,-0.076171875,0.716796875,-0.607421875
2,31763,331763,-0.136413574,-0.925537109,0.344116211,0.0797729492,0.234375,0.53515625,0.1484375,0.296875,-6.21875,-7.0625,-0.09375,0.578125,-0.509765625
3,31810,331810,-0.135192871,-0.92578125,0.343200684,0.0831298828,0.234375,0.359375,0.04296875,0.453125,-6.1953125,-7.0703125,-0.09375,0.578125,-0.509765625
4,31842,331842,-0.134094238,-0.925842285,0.342590332,0.0864868164,0.234375,0.359375,0.04296875,0.453125,-6.1953125,-7.0703125,0.033203125,0.54296875,-0.400390625
5,31890,331890,-0.133239746,-0.92578125,0.342285156,0.0895996094,0.140625,-0.453125,-0.50390625,0.5859375,-6.1875,-7.0625,0.033203125,0.54296875,-0.400390625
6,31922,331922,-0.132568359,-0.925720215,0.341918945,0.0925292969,0.140625,-0.453125,-0.50390625,0.5859375,-6.1875,-7.0625,0.025390625,0.50390625,-0.330078125
7,39651,339651,-0.132080078,-0.925476074,0.339172363,0.105041504,0.140625,-0.453125,-0.50390625,0.7109375,-6.1875,-7.046875,0.212890625,-0.357421875,0.224609375
8,52690,352690,-0.132080078,-0.925537109,0.339355469,0.10369873,0.140625,-0.453125,-0.50390625,0.7109375,-6.1875,-7.046875,-0.0625,-0.189453125,0.083984375
9,59221,359221,-0.132385254,-0.92565918,0.339233398,0.102905273,0.5703125,0.94921875,-1.24609375,0.921875,-6.171875,-7.046875,-0.0625,-0.189453125,0.083984375
10,68347,368347,-0.133056641,-0.925598145,0.339111328,0.102600098,0.5703125,0.94921875,-1.24609375,0.921875,-6.171875,-7.046875,-0.009765625,0.01953125,0.142578125
11,75384,375384,-0.133728027,-0.925537109,0.339294434,0.102233887,0.09375,-0.39453125,0.6015625,0.8984375,-6.171875,-7.0546875,-0.009765625,0.01953125,0.142578125
12,87642,387642,-0.134460449,-0.925354004,0.339538574,0.101623535,0.09375,-0.39453125,0.6015625,0.8984375,-6.171875,-7.0546875,0.03515625,-0.091796875,0.20703125
13,97881,397881,-0.135375977,-0.925231934,0.339782715,0.100585938,0.2421875,0.49609375,1.17578125,0.8671875,-6.1796875,-7.0546875,0.03515625,-0.091796875,0.20703125
14,108636,408636,-0.136413574,-0.925231934,0.33984375,0.0989379883,0.2421875,0.49609375,1.17578125,0.8671875,-6.1796875,-7.0546875,-0.091796875,-0.314453125,0.34375
15,114992,414992,-0.137573242,-0.925415039,0.339660645,0.0962524414,0.140625,0.765625,1.296875,0.8125,-6.1796875,-7.0625,-0.091796875,-0.314453125,0.34375
16,128483,428483,-0.138671875,-0.92578125,0.339233398,0.0926513672,0.140625,0.765625,1.296875,0.8125,-6.1796875,-7.0625,-0.271484375,-0.65234375,0.46875
17,136869,436869,-0.139953613,-0.926208496,0.338623047,0.0884399414,0.19140625,0.86328125,0.40234375,0.6875,-6.1640625,-7.0859375,-0.271484375,-0.65234375,0.46875
18,146957,446957,-0.141479492,-0.926635742,0.338012695,0.083984375,0.19140625,0.86328125,0.40234375,0.6875,-6.1640625,-7.0859375,-0.29296875,-0.728515625,0.587890625
19,154389,454389,-0.143188477,-0.926940918,0.337585449,0.0793457031,0.15625,0.36328125,0.2578125,0.53125,-6.125,-7.1328125,-0.29296875,-0.728515625,0.587890625
20,168032,468032,-0.145385742,-0.927124023,0.337280273,0.0740356445,0.15625,0.36328125,0.2578125,0.53125,-6.125,-7.1328125,-0.224609375,-0.837890625,0.779296875
21,176857,476857,-0.147827148,-0.927246094,0.337219238,0.068359375,-0.21484375,-0.1640625,0.1796875,0.328125,-6.09375,-7.171875,-0.224609375,-0.837890625,0.779296875
22,188367,488367,-0.150268555,-0.927307129,0.337219238,0.0620727539,-0.21484375,-0.1640625,0.1796875,0.328125,-6.09375,-7.171875,-0.220703125,-1.08984375,0.943359375
23,193996,493996,-0.153015137,-0.927246094,0.337341309,0.0546264648,-0.328125,-0.04296875,-0.09375,0.09375,-6.0625,-7.203125,-0.220703125,-1.08984375,0.943359375
24,207571,507571,-0.155639648,-0.927185059,0.337524414,0.0463256836,-0.328125,-0.04296875,-0.09375,0.09375,-6.0625,-7.203125,-0.248046875,-1.44726562,1.09375
25,214475,514475,-0.15838623,-0.927001953,0.33795166,0.0372314453,-0.16796875,-0.1875,-0.5625,-0.21875,-6.03125,-7.234375,-0.248046875,-1.44726562,1.09375
26,227096,527096,-0.161010742,-0.926635742,0.338562012,0.0281982422,-0.16796875,-0.1875,-0.5625,-0.21875,-6.03125,-7.234375,-0.1484375,-1.67773438,1.1953125
27,233287,533287,-0.163818359,-0.926086426,0.339416504,0.0173950195,-0.3125,-0.37890625,-1.01171875,-0.5703125,-5.9921875,-7.2421875,-0.1484375,-1.67773438,1.1953125
28,246865,546865,-0.166442871,-0.925415039,0.340332031,0.00640869141,-0.3125,-0.37890625,-1.01171875,-0.5703125,-5.9921875,-7.2421875,-0.126953125,-1.91015625,1.26757812
29,255875,555875,0.169006348,0.924560547,-0.341430664,0.00476074219,-0.0078125,-0.765625,-1.171875,-0.9921875,-5.953125,-7.234375,-0.126953125,-1.91015625,1.26757812
30,266785,566785,0.171508789,0.923461914,-0.342834473,0.0162963867,-0.0078125,-0.765625,-1.171875,-0.9921875,-5.953125,-7.234375,-0.017578125,-2.15625,1.3515625
31,272403,572403,0.174194336,0.921936035,-0.344787598,0.029296875,-0.52734375,-0.65234375,-1.09765625,-1.4296875,-5.9140625,-7.1953125,-0.017578125,-2.15625,1.3515625
32,287852,587852,0.176574707,0.920227051,-0.346801758,0.0416259766,-0.52734375,-0.65234375,-1.09765625,-1.4296875,-5.9140625,-7.1953125,0.09765625,-2.34375,1.41992188
33,295188,595188,0.178955078,0.918273926,-0.348876953,0.0551757812,-0.2734375,-0.49609375,-0.82421875,-1.9140625,-5.875,-7.125,0.09765625,-2.34375,1.41992188
34,305914,605914,0.181274414,0.91607666,-0.350830078,0.0698242188,-0.2734375,-0.49609375,-0.82421875,-1.9140625,-5.875,-7.125,-0.02734375,-2.44726562,1.39257812
35,312659,612659,0.183227539,0.91394043,-0.352416992,0.0832519531,-0.515625,-0.62890625,-0.7890625,-2.4375,-5.8203125,-7.0078125,-0.02734375,-2.44726562,1.39257812
36,325565,625565,0.185241699,0.911499023,-0.354064941,0.0975341797,-0.515625,-0.62890625,-0.7890625,-2.4375,-5.8203125,-7.0078125,-0.013671875,-2.56445312,1.4296875
37,333475,633475,0.187194824,0.908813477,-0.355712891,0.111633301,-0.3125,-0.75390625,-0.69140625,-2.9453125,-5.734375,-6.875,-0.013671875,-2.56445312,1.4296875
38,345177,645177,0.189086914,0.905883789,-0.35748291,0.125915527,-0.3125,-0.75390625,-0.69140625,-2.9453125,-5.734375,-6.875,0.0703125,-2.56445312,1.41992188
39,352060,652060,0.190979004,0.902648926,-0.359375,0.139953613,-0.41015625,-0.5703125,-0.6328125,-3.4609375,-5.6484375,-6.703125,0.0703125,-2.56445312,1.41992188
40,368726,668726,0.192749023,0.899353027,-0.361206055,0.153198242,-0.41015625,-0.5703125,-0.6328125,-3.4609375,-5.6484375,-6.703125,0.125,-2.53515625,1.40429688
41,374864,674864,0.194580078,0.895751953,-0.36315918,0.166992188,-0.37890625,-0.45703125,-0.3203125,-3.953125,-5.5703125,-6.515625,0.125,-2.53515625,1.40429688
42,384868,684868,0.196350098,0.891723633,-0.36529541,0.181213379,-0.37890625,-0.45703125,-0.3203125,-3.953125,-5.5703125,-6.515625,0.19140625,-2.5,1.34960938
43,391606,691606,0.197875977,0.887695312,-0.367431641,0.194580078,-0.4296875,-0.328125,-0.25,-4.4375,-5.46875,-6.28125,0.19140625,-2.5,1.34960938
44,405172,705172,0.199157715,0.883605957,-0.369506836,0.207519531,-0.4296875,-0.328125,-0.25,-4.4375,-5.46875,-6.28125,0.2109375,-2.484375,1.25976562
45,414599,714599,0.200317383,0.879272461,-0.371582031,0.22064209,-0.21484375,-0.15625,-0.34765625,-4.8828125,-5.375,-6.03125,0.2109375,-2.484375,1.25976562
46,424939,724939,0.201416016,0.87487793,-0.373413086,0.233703613,-0.21484375,-0.15625,-0.34765625,-4.8828125,-5.375,-6.03125,0.15234375,-2.45507812,1.23632812
47,431715,731715,0.202331543,0.870483398,-0.375,0.246337891,0.0625,0.28125,-0.15234375,-5.3125,-5.2734375,-5.765625,0.15234375,-2.45507812,1.23632812
48,446998,746998,0.20324707,0.866149902,-0.376342773,0.258544922,0.0625,0.28125,-0.15234375,-5.3125,-5.2734375,-5.765625,0.123046875,-2.38085938,1.19921875
49,454131,754131,0.204040527,0.861633301,-0.377746582,0.270629883,0.18359375,0.27734375,-0.578125,-5.703125,-5.15625,-5.4921875,0.123046875,-2.38085938,1.19921875
50,465473,765473,0.204833984,0.856811523,-0.379089355,0.283203125,0.18359375,0.27734375,-0.578125,-5.703125,-5.15625,-5.4921875,0.123046875,-2.3046875,1.14453125
51,471086,771086,0.205627441,0.852050781,-0.380310059,0.295227051,0.2890625,0.19140625,-0.1875,-6.078125,-5.03125,-5.1953125,0.123046875,-2.3046875,1.14453125
52,484646,784646,0.206542969,0.847229004,-0.381408691,0.306640625,0.2890625,0.19140625,-0.1875,-6.078125,-5.03125,-5.1953125,0.15625,-2.19140625,1.16601562
53,491468,791468,0.207519531,0.842407227,-0.382507324,0.317687988,0.52734375,-0.01953125,-0.3125,-6.4296875,-4.8984375,-4.9140625,0.15625,-2.19140625,1.16601562
54,505074,805074,0.208557129,0.837402344,-0.383605957,0.328796387,0.52734375,-0.01953125,-0.3125,-6.4296875,-4.8984375,-4.9140625,0.177734375,-2.1171875,1.1328125
55,511273,811273,0.209472656,0.832397461,-0.384643555,0.339599609,0.49609375,0.34765625,-0.16015625,-6.7421875,-4.765625,-4.609375,0.177734375,-2.1171875,1.1328125
56,524366,824366,0.210327148,0.827392578,-0.385498047,0.350036621,0.49609375,0.34765625,-0.16015625,-6.7421875,-4.765625,-4.609375,0.130859375,-2.02929688,1.0703125
57,532463,832463,0.2109375,0.822814941,-0.386230469,0.359680176,0.4375,0.51171875,0.078125,-7.03125,-4.625,-4.3125,0.130859375,-2.02929688,1.0703125
58,547026,847026,0.211364746,0.818054199,-0.386779785,0.369506836,0.4375,0.51171875,0.078125,-7.03125,-4.625,-4.3125,0.04296875,-1.91210938,0.9453125
59,550580,850580,0.211425781,0.813537598,-0.387145996,0.378967285,-0.10546875,0.34765625,0.13671875,-7.2890625,-4.5,-4.0234375,0.04296875,-1.91210938,0.9453125
60,564911,864911,0.211303711,0.808837891,-0.387512207,0.38861084,-0.10546875,0.34765625,0.13671875,-7.2890625,-4.5,-4.0234375,-0.00390625,-1.86132812,0.845703125
61,571483,871483,0.211181641,0.804504395,-0.387756348,0.397216797,0.35546875,0.29296875,0.0078125,-7.5234375,-4.3671875,-3.7421875,-0.00390625,-1.86132812,0.845703125
62,584305,884305,0.211181641,0.799804688,-0.388061523,0.406311035,0.35546875,0.29296875,0.0078125,-7.5234375,-4.3671875,-3.7421875,0.037109375,-1.71679688,0.81640625
63,590680,890680,0.211242676,0.795471191,-0.388427734,0.414428711,0.66796875,0.08203125,0.1171875,-7.71875,-4.234375,-3.46875,0.037109375,-1.71679688,0.81640625
64,605163,905163,0.211303711,0.791015625,-0.389160156,0.422180176,0.66796875,0.08203125,0.1171875,-7.71875,-4.234375,-3.46875,0.17578125,-1.609375,0.720703125
65,611155,911155,0.211303711,0.786560059,-0.390075684,0.42956543,0.5390625,0.203125,-0.0703125,-7.8984375,-4.125,-3.203125,0.17578125,-1.609375,0.720703125
66,623963,923963,0.210998535,0.782226562,-0.391052246,0.436706543,0.5390625,0.203125,-0.0703125,-7.8984375,-4.125,-3.203125,0.162109375,-1.515625,0.55078125
67,630328,930328,0.210388184,0.778076172,-0.392028809,0.443359375,0.265625,0.26171875,0.4296875,-8.046875,-4.03125,-2.9375,0.162109375,-1.515625,0.55078125
68,644367,944367,0.209594727,0.774108887,-0.392944336,0.449890137,0.265625,0.26171875,0.4296875,-8.046875,-4.03125,-2.9375,0.091796875,-1.421875,0.44140625
69,654031,954031,0.208679199,0.770385742,-0.393798828,0.455932617,0.4609375,0.34765625,0.2265625,-8.1640625,-3.9609375,-2.6953125,0.091796875,-1.421875,0.44140625
70,664980,964980,0.207641602,0.766967773,-0.39453125,0.461547852,0.4609375,0.34765625,0.2265625,-8.1640625,-3.9609375,-2.6953125,0.0390625,-1.2421875,0.3359375
71,670214,970214,0.206665039,0.763793945,-0.395080566,0.46673584,0.75390625,0.28515625,0.3828125,-8.265625,-3.8984375,-2.46875,0.0390625,-1.2421875,0.3359375
72,685929,985929,0.205993652,0.761047363,-0.395568848,0.471069336,0.75390625,0.28515625,0.3828125,-8.265625,-3.8984375,-2.46875,0.052734375,-0.958984375,0.31640625
73,691965,991965,0.205505371,0.758544922,-0.395935059,0.474975586,1.140625,0.046875,0.15625,-8.34375,-3.8515625,-2.28125,0.052734375,-0.958984375,0.31640625
74,704031,1004031,0.20513916,0.756286621,-0.396362305,0.47833252,1.140625,0.046875,0.15625,-8.34375,-3.8515625,-2.28125,0.064453125,-0.6875,0.2109375
75,710934,1010934,0.204711914,0.754455566,-0.396850586,0.481079102,0.65625,0.45703125,0.24609375,-8.3984375,-3.8046875,-2.140625,0.064453125,-0.6875,0.2109375
76,723790,1023790,0.204284668,0.752929688,-0.397277832,0.483276367,0.65625,0.45703125,0.24609375,-8.3984375,-3.8046875,-2.140625,0.037109375,-0.466796875,0.107421875
77,729475,1029475,0.203857422,0.75177002,-0.397583008,0.484985352,0.734375,0.43359375,0.52734375,-8.4375,-3.78125,-2.0390625,0.037109375,-0.466796875,0.107421875
78,744789,1044789,0.203491211,0.750976562,-0.397766113,0.486206055,0.734375,0.43359375,0.52734375,-8.4375,-3.78125,-2.0390625,-0.0078125,-0.240234375,0.02734375
79,750553,1050553,0.203186035,0.750488281,-0.397949219,0.486938477,0.63671875,0.2734375,0.50390625,-8.453125,-3.7734375,-1.9765625,-0.0078125,-0.240234375,0.02734375
80,763354,1063354,0.20300293,0.750427246,-0.398010254,0.487121582,0.63671875,0.2734375,0.50390625,-8.453125,-3.7734375,-1.9765625,-0.0078125,0.01171875,-0.0234375
81,771538,1071538,0.20300293,0.750671387,-0.397888184,0.486755371,0.56640625,0.11328125,0.5625,-8.4609375,-3.765625,-1.9609375,-0.0078125,0.01171875,-0.0234375
82,783565,1083565,0.203125,0.751403809,-0.397644043,0.485839844,0.56640625,0.11328125,0.5625,-8.4609375,-3.765625,-1.9609375,-0.048828125,0.30859375,-0.072265625
83,789744,1089744,0.203430176,0.752502441,-0.397277832,0.48425293,0.51171875,0.234375,0.51953125,-8.4453125,-3.7734375,-1.9921875,-0.048828125,0.30859375,-0.072265625
84,803642,1103642,0.203735352,0.75402832,-0.396789551,0.482177734,0.51171875,0.234375,0.51953125,-8.4453125,-3.7734375,-1.9921875,-0.09375,0.58203125,-0.166015625
85,809474,1109474,0.204040527,0.755981445,-0.396179199,0.479431152,0.4140625,0.328125,0.48046875,-8.421875,-3.7890625,-2.0703125,-0.09375,0.58203125,-0.166015625
86,823009,1123009,0.204345703,0.758422852,-0.395507812,0.476074219,0.4140625,0.328125,0.48046875,-8.421875,-3.7890625,-2.0703125,-0.130859375,0.853515625,-0.28125
87,829184,1129184,0.204650879,0.761169434,-0.394775391,0.472167969,0.48046875,0.3203125,0.421875,-8.375,-3.8203125,-2.203125,-0.130859375,0.853515625,-0.28125
88,842813,1142813,0.20489502,0.764160156,-0.394042969,0.467773438,0.48046875,0.3203125,0.421875,-8.375,-3.8203125,-2.203125,-0.15234375,1.09179688,-0.404296875
89,849563,1149563,0.20513916,0.767700195,-0.393249512,0.462524414,0.671875,0.2890625,0.43359375,-8.296875,-3.8671875,-2.3671875,-0.15234375,1.09179688,-0.404296875
90,863187,1163187,0.205322266,0.77142334,-0.39251709,0.456787109,0.671875,0.2890625,0.43359375,-8.296875,-3.8671875,-2.3671875,-0.146484375,1.3359375,-0.546875
91,868803,1168803,0.205505371,0.77545166,-0.391906738,0.450439453,0.69140625,0.32421875,0.30078125,-8.203125,-3.9375,-2.578125,-0.146484375,1.3359375,-0.546875
92,882941,1182941,0.205566406,0.779602051,-0.391296387,0.443664551,0.69140625,0.32421875,0.30078125,-8.203125,-3.9375,-2.578125,-0.134765625,1.58203125,-0.70703125
93,889178,1189178,0.205566406,0.784362793,-0.39074707,0.43572998,0.60546875,0.41015625,0.1953125,-8.078125,-4.0234375,-2.8203125,-0.134765625,1.58203125,-0.70703125
94,901835,1201835,0.205444336,0.789245605,-0.390258789,0.427307129,0.60546875,0.41015625,0.1953125,-8.078125,-4.0234375,-2.8203125,-0.11328125,1.78710938,-0.876953125
95,908580,1208580,0.20513916,0.794189453,-0.389892578,0.418518066,0.2421875,0.6015625,0.2578125,-7.90625,-4.140625,-3.109375,-0.11328125,1.78710938,-0.876953125
96,922521,1222521,0.204650879,0.799194336,-0.389648438,0.409423828,0.2421875,0.6015625,0.2578125,-7.90625,-4.140625,-3.109375,-0.095703125,1.95117188,-1.05664062
97,929217,1229217,0.203918457,0.804748535,-0.389465332,0.398925781,0.11328125,0.4765625,0.19921875,-7.703125,-4.28125,-3.3984375,-0.095703125,1.95117188,-1.05664062
98,940979,1240979,0.203063965,0.810058594,-0.389343262,0.38848877,0.11328125,0.4765625,0.19921875,-7.703125,-4.28125,-3.3984375,-0.0703125,2.09570312,-1.21875
99,948190,1248190,0.202026367,0.815368652,-0.389343262,0.377868652,0.01953125,0.45703125,0.09765625,-7.453125,-4.453125,-3.71875,-0.0703125,2.09570312,-1.21875
100,965646,1265646,0.200805664,0.820861816,-0.389343262,0.366516113,0.01953125,0.45703125,0.09765625,-7.453125,-4.453125,-3.71875,-0.05078125,2.23046875,-1.34765625
101,970142,1270142,0.199462891,0.82635498,-0.389343262,0.354553223,-0.1484375,0.3671875,-0.0078125,-7.171875,-4.6328125,-4.03125,-0.05078125,2.23046875,-1.34765625
102,981269,1281269,0.197998047,0.83203125,-0.389404297,0.341918945,-0.1484375,0.3671875,-0.0078125,-7.171875,-4.6328125,-4.03125,-0.025390625,2.32421875,-1.42773438
103,988011,1288011,0.196533203,0.837463379,-0.389404297,0.329223633,-0.359375,0.29296875,0.00390625,-6.84375,-4.828125,-4.3515625,-0.025390625,2.32421875,-1.42773438
104,1000748,1300748,0.195068359,0.842651367,-0.389465332,0.31652832,-0.359375,0.29296875,0.00390625,-6.84375,-4.828125,-4.3515625,0.01171875,2.41015625,-1.47851562
105,1008581,1308581,0.19354248,0.847900391,-0.389465332,0.303161621,-0.4140625,0.0234375,-0.171875,-6.484375,-5.015625,-4.671875,0.01171875,2.41015625,-1.47851562
106,1020995,1320995,0.192077637,0.852905273,-0.389587402,0.289672852,-0.4140625,0.0234375,-0.171875,-6.484375,-5.015625,-4.671875,0.072265625,2.49023438,-1.50390625
107,1027736,1327736,0.190612793,0.857666016,-0.389648438,0.276184082,-0.53515625,0.01953125,-0.13671875,-6.09375,-5.203125,-4.9765625,0.072265625,2.49023438,-1.50390625
108,1046930,1346930,0.189025879,0.862182617,-0.389526367,0.263061523,-0.53515625,0.01953125,-0.13671875,-6.09375,-5.203125,-4.9765625,0.04296875,2.50976562,-1.54882812
109,1048430,1348430,0.187072754,0.86706543,-0.389221191,0.248474121,-0.7890625,-0.22265625,-0.1328125,-5.6875,-5.3828125,-5.25,0.04296875,2.50976562,-1.54882812
110,1061046,1361046,0.184936523,0.871704102,-0.388671875,0.234313965,-0.7890625,-0.22265625,-0.1328125,-5.6875,-5.3828125,-5.25,-0.0625,2.52539062,-1.6328125
111,1067231,1367231,0.182556152,0.876159668,-0.387939453,0.220275879,-1.08984375,-0.19921875,-0.07421875,-5.234375,-5.5625,-5.5390625,-0.0625,2.52539062,-1.6328125
112,1080679,1380679,0.180053711,0.880615234,-0.386901855,0.206054688,-1.08984375,-0.19921875,-0.07421875,-5.234375,-5.5625,-5.5390625,-0.14453125,2.50976562,-1.65625
113,1087565,1387565,0.177368164,0.884887695,-0.385559082,0.192016602,-0.76171875,-0.30859375,-0.16015625,-4.7578125,-5.71875,-5.796875,-0.14453125,2.50976562,-1.65625
114,1100433,1400433,0.174804688,0.888977051,-0.383911133,0.178344727,-0.76171875,-0.30859375,-0.16015625,-4.7578125,-5.71875,-5.796875,-0.21875,2.45898438,-1.60742188
115,1107322,1407322,0.172241211,0.892883301,-0.382202148,0.164245605,-0.578125,-0.3828125,-0.59765625,-4.2890625,-5.8359375,-6.046875,-0.21875,2.45898438,-1.60742188
116,1125503,1425503,0.170043945,0.89642334,-0.380493164,0.150756836,-0.578125,-0.3828125,-0.59765625,-4.2890625,-5.8359375,-6.046875,-0.169921875,2.58789062,-1.55078125
117,1126986,1426986,0.168029785,0.899902344,-0.378723145,0.135925293,0.125,-0.58984375,-0.5703125,-3.8046875,-5.9375,-6.265625,-0.169921875,2.58789062,-1.55078125
118,1141897,1441897,0.166320801,0.902893066,-0.377319336,0.121459961,0.125,-0.58984375,-0.5703125,-3.8046875,-5.9375,-6.265625,0.015625,2.51953125,-1.40234375
119,1146722,1446722,0.164672852,0.905395508,-0.376281738,0.107666016,-0.16796875,-0.83984375,-0.25390625,-3.28125,-6.03125,-6.46875,0.015625,2.51953125,-1.40234375
120,1163235,1463235,0.162658691,0.907531738,-0.375610352,0.0939331055,-0.16796875,-0.83984375,-0.25390625,-3.28125,-6.03125,-6.46875,0.166015625,2.36523438,-1.48632812
121,1166786,1466786,0.160400391,0.909362793,-0.37512207,0.0811157227,-0.2421875,-0.203125,-0.0078125,-2.7890625,-6.1328125,-6.6015625,0.166015625,2.36523438,-1.48632812
122,1180564,1480564,0.157531738,0.911254883,-0.374450684,0.0682373047,-0.2421875,-0.203125,-0.0078125,-2.7890625,-6.1328125,-6.6015625,0.0546875,2.03320312,-1.49414062
123,1186371,1486371,0.154541016,0.913024902,-0.373168945,0.0570678711,-0.140625,0.8515625,0.38671875,-2.3125,-6.2265625,-6.6875,0.0546875,2.03320312,-1.49414062
124,1203893,1503893,0.151428223,0.914978027,-0.371154785,0.0461425781,-0.140625,0.8515625,0.38671875,-2.3125,-6.2265625,-6.6875,-0.27734375,1.77539062,-1.37695312
125,1207450,1507450,0.148498535,0.916870117,-0.368835449,0.0360107422,0.84375,0.8125,-0.5859375,-1.8828125,-6.265625,-6.7890625,-0.27734375,1.77539062,-1.37695312
126,1220651,1520651,0.145996094,0.918457031,-0.366638184,0.0259399414,0.84375,0.8125,-0.5859375,-1.8828125,-6.265625,-6.7890625,-0.216796875,1.72460938,-1.15820312
127,1225897,1525897,0.144226074,0.919677734,-0.364929199,0.0162963867,1.10546875,-0.03125,-0.30078125,-1.4921875,-6.265625,-6.8828125,-0.216796875,1.72460938,-1.15820312
128,1243252,1543252,0.142883301,0.920349121,-0.364074707,0.00622558594,1.10546875,-0.03125,-0.30078125,-1.4921875,-6.265625,-6.8828125,0.20703125,1.69335938,-0.912109375
129,1248778,1548778,-0.141784668,-0.920471191,0.364196777,0.00268554688,0.125,-0.88671875,-0.40625,-1.125,-6.2890625,-6.9296875,0.20703125,1.69335938,-0.912109375
130,1260618,1560618,-0.140380859,-0.920410156,0.364746094,0.0115966797,0.125,-0.88671875,-0.40625,-1.125,-6.2890625,-6.9296875,0.33984375,1.39453125,-0.873046875
131,1265859,1565859,-0.13873291,-0.920471191,0.364929199,0.0194702148,-0.1640625,0.015625,0.46875,-0.796875,-6.3515625,-6.921875,0.33984375,1.39453125,-0.873046875
132,1281889,1581889,-0.136901855,-0.920898438,0.364013672,0.0264282227,-0.1640625,0.015625,0.46875,-0.796875,-6.3515625,-6.921875,-0.138671875,1.1171875,-0.861328125
133,1285441,1585441,-0.135192871,-0.921691895,0.362182617,0.0323486328,0.359375,0.84375,0.8828125,-0.515625,-6.375,-6.9140625,-0.138671875,1.1171875,-0.861328125
134,1299912,1599912,-0.133605957,-0.922729492,0.35949707,0.037902832,0.359375,0.84375,0.8828125,-0.515625,-6.375,-6.9140625,-0.439453125,0.890625,-0.66796875
135,1307227,1607227,-0.132263184,-0.92376709,0.356811523,0.0427246094,0.546875,-0.03515625,0.5546875,-0.28125,-6.3359375,-6.96875,-0.439453125,0.890625,-0.66796875
136,1323661,1623661,-0.131164551,-0.924499512,0.354797363,0.046875,0.546875,-0.03515625,0.5546875,-0.28125,-6.3359375,-6.96875,-0.21875,0.7109375,-0.51171875
137,1327216,1627216,-0.130187988,-0.924926758,0.35357666,0.0509643555,0.20703125,-0.7734375,-0.43359375,-0.09375,-6.2890625,-7.015625,-0.21875,0.7109375,-0.51171875
138,1338925,1638925,-0.129089355,-0.925048828,0.353027344,0.0551757812,0.20703125,-0.7734375,-0.43359375,-0.09375,-6.2890625,-7.015625,0.05859375,0.7421875,-0.517578125
139,1346559,1646559,-0.128051758,-0.924987793,0.352783203,0.0594482422,0.34765625,-0.3984375,-0.2734375,0.0703125,-6.28125,-7.0234375,0.05859375,0.7421875,-0.517578125
140,1361889,1661889,-0.12701416,-0.924865723,0.352722168,0.0639038086,0.34765625,-0.3984375,-0.2734375,0.0703125,-6.28125,-7.0234375,0.1484375,0.7109375,-0.46875
141,1365438,1665438,-0.126159668,-0.924682617,0.352783203,0.0677490234,-0.09375,-0.61328125,-0.2109375,0.2421875,-6.296875,-7.0078125,0.1484375,0.7109375,-0.46875
142,1380131,1680131,-0.125305176,-0.924499512,0.352783203,0.0714111328,-0.09375,-0.61328125,-0.2109375,0.2421875,-6.296875,-7.0078125,0.087890625,0.576171875,-0.396484375
143,1384963,1684963,-0.124450684,-0.924438477,0.352600098,0.0745849609,-0.078125,-0.3671875,0.109375,0.3828125,-6.3125,-6.984375,0.087890625,0.576171875,-0.396484375
144,1400368,1700368,-0.123657227,-0.924438477,0.352294922,0.0771484375,-0.078125,-0.3671875,0.109375,0.3828125,-6.3125,-6.984375,-0.00390625,0.369140625,-0.31640625
145,1406770,1706770,-0.12286377,-0.924560547,0.351867676,0.0792236328,0.00390625,-0.21484375,-0.3984375,0.4921875,-6.3125,-6.9765625,-0.00390625,0.369140625,-0.31640625
146,1419036,1719036,-0.122314453,-0.924682617,0.351257324,0.081237793,0.00390625,-0.21484375,-0.3984375,0.4921875,-6.3125,-6.9765625,-0.052734375,0.384765625,-0.255859375
147,1425788,1725788,-0.121826172,-0.924743652,0.350769043,0.0835571289,0.30078125,-0.56640625,-0.2421875,0.578125,-6.3046875,-6.9765625,-0.052734375,0.384765625,-0.255859375
148,1443076,1743076,-0.121398926,-0.924682617,0.350524902,0.0859985352,0.30078125,-0.56640625,-0.2421875,0.578125,-6.3046875,-6.9765625,0.0546875,0.423828125,-0.263671875
149,1446072,1746072,-0.120849609,-0.924560547,0.350402832,0.0883789062,-0.140625,-0.421875,-0.44140625,0.671875,-6.296875,-6.96875,0.0546875,0.423828125,-0.263671875
150,1458369,1758369,-0.120361328,-0.924499512,0.350158691,0.090637207,-0.140625,-0.421875,-0.44140625,0.671875,-6.296875,-6.96875,0.00390625,0.380859375,-0.25390625
151,1465128,1765128,-0.119873047,-0.924499512,0.349731445,0.0927124023,-0.03125,0.26953125,-0.06640625,0.7578125,-6.296875,-6.9609375,0.00390625,0.380859375,-0.25390625
152,1481695,1781695,-0.119506836,-0.924560547,0.349243164,0.0944824219,-0.03125,0.26953125,-0.06640625,0.7578125,-6.296875,-6.9609375,-0.0703125,0.30859375,-0.185546875
153,1484681,1784681,-0.119262695,-0.924621582,0.348693848,0.0960083008,0.1171875,-0.07421875,0.015625,0.8359375,-6.296875,-6.96875,-0.0703125,0.30859375,-0.185546875
154,1498098,1798098,-0.11907959,-0.924621582,0.348388672,0.0974121094,0.1171875,-0.07421875,0.015625,0.8359375,-6.296875,-6.96875,0.005859375,0.21484375,-0.14453125
155,1504275,1804275,-0.11895752,-0.924621582,0.348144531,0.0985717773,0.25390625,-0.12109375,0.1328125,0.890625,-6.2890625,-6.96875,0.005859375,0.21484375,-0.14453125
156,1521732,1821732,-0.119384766,-0.924682617,0.34765625,0.0993041992,0.25390625,-0.12109375,0.1328125,0.890625,-6.2890625,-6.96875,-0.134765625,0.1640625,0.072265625
157,1525428,1825428,-0.120117188,-0.924743652,0.347229004,0.0991821289,-0.54296875,-0.4765625,0.484375,0.921875,-6.28125,-6.9765625,-0.134765625,0.1640625,0.072265625
158,1537465,1837465,-0.120788574,-0.924682617,0.34753418,0.0978393555,-0.54296875,-0.4765625,0.484375,0.921875,-6.28125,-6.9765625,0.107421875,-0.298828125,0.2265625
159,1544205,1844205,-0.121032715,-0.924560547,0.348327637,0.0961303711,-0.3203125,-1.39453125,-0.7421875,0.890625,-6.28125,-6.9765625,0.107421875,-0.298828125,0.2265625
160,1562176,1862176,-0.12097168,-0.924621582,0.348449707,0.0947265625,-0.3203125,-1.39453125,-0.7421875,0.890625,-6.28125,-6.9765625,-0.103515625,-0.201171875,0.033203125
161,1566546,1866546,-0.12097168,-0.924926758,0.347839355,0.0940551758,0.234375,1.10546875,-1.5078125,0.8359375,-6.2890625,-6.9765625,-0.103515625,-0.201171875,0.033203125
162,1577307,1877307,-0.121154785,-0.925231934,0.347106934,0.0939331055,0.234375,1.10546875,-1.5078125,0.8359375,-6.2890625,-6.9765625,-0.14453125,0.07421875,0.046875
163,1584048,1884048,-0.121704102,-0.925292969,0.346679688,0.0941162109,0.25,-0.8671875,0.31640625,0.8203125,-6.2734375,-7,-0.14453125,0.07421875,0.046875
164,1597783,1897783,-0.122314453,-0.925048828,0.347045898,0.0939941406,0.25,-0.8671875,0.31640625,0.8203125,-6.2734375,-7,0.125,-0.037109375,0.154296875
165,1603981,1903981,-0.122924805,-0.924743652,0.347839355,0.0933227539,-0.2890625,-0.94140625,0.5078125,0.8203125,-6.2734375,-7,0.125,-0.037109375,0.154296875
166,1617344,1917344,-0.123535156,-0.924438477,0.348754883,0.0922241211,-0.2890625,-0.94140625,0.5078125,0.8203125,-6.2734375,-7,0.119140625,-0.212890625,0.2265625
167,1623524,1923524,-0.124206543,-0.924316406,0.349304199,0.0906982422,0.21875,0.375,0.9140625,0.7734375,-6.2890625,-6.984375,0.119140625,-0.212890625,0.2265625
168,1641110,1941110,-0.124938965,-0.924316406,0.349487305,0.0888061523,0.21875,0.375,0.9140625,0.7734375,-6.2890625,-6.984375,-0.0625,-0.33203125,0.298828125
169,1644106,1944106,-0.125793457,-0.924377441,0.34954834,0.0866088867,0.40625,0.5078125,0.76171875,0.703125,-6.3046875,-6.984375,-0.0625,-0.33203125,0.298828125
170,1656840,1956840,-0.12689209,-0.924499512,0.34954834,0.0838012695,0.40625,0.5078125,0.76171875,0.703125,-6.3046875,-6.984375,-0.09375,-0.443359375,0.400390625
171,1663600,1963600,-0.128112793,-0.924621582,0.34954834,0.0808105469,0.46875,0.3828125,0.62109375,0.6015625,-6.296875,-7,-0.09375,-0.443359375,0.400390625
172,1681005,1981005,-0.129638672,-0.924682617,0.349487305,0.0773925781,0.46875,0.3828125,0.62109375,0.6015625,-6.296875,-7,-0.126953125,-0.572265625,0.556640625
173,1684684,1984684,-0.131286621,-0.924804688,0.34942627,0.0733642578,0.28515625,0.375,0.5703125,0.4765625,-6.2890625,-7.0234375,-0.126953125,-0.572265625,0.556640625
174,1696816,1996816,-0.133239746,-0.924987793,0.349243164,0.0686035156,0.28515625,0.375,0.5703125,0.4765625,-6.2890625,-7.0234375,-0.232421875,-0.79296875,0.708984375
175,1703031,2003031,-0.135314941,-0.925170898,0.348876953,0.063293457,0.16015625,0.4296875,0.1328125,0.296875,-6.265625,-7.046875,-0.232421875,-0.79296875,0.708984375
176,1720440,2020440,-0.137512207,-0.925415039,0.348449707,0.0573730469,0.16015625,0.4296875,0.1328125,0.296875,-6.265625,-7.046875,-0.291015625,-0.974609375,0.849609375
177,1723436,2023436,-0.139770508,-0.925598145,0.348083496,0.0509643555,0.15625,0.3203125,-0.05859375,0.0703125,-6.234375,-7.0859375,-0.291015625,-0.974609375,0.849609375
178,1736081,2036081,-0.142211914,-0.925720215,0.34777832,0.0430297852,0.15625,0.3203125,-0.05859375,0.0703125,-6.234375,-7.0859375,-0.2890625,-1.3125,0.98828125
179,1742977,2042977,-0.144592285,-0.92565918,0.347839355,0.0346679688,-0.375,-0.4453125,-0.75390625,-0.203125,-6.1953125,-7.1171875,-0.2890625,-1.3125,0.98828125
180,1758489,2058489,-0.146911621,-0.925476074,0.348266602,0.0255737305,-0.375,-0.4453125,-0.75390625,-0.203125,-6.1953125,-7.1171875,-0.162109375,-1.59179688,1.10351562
181,1762623,2062623,-0.149169922,-0.925048828,0.348937988,0.0163574219,-0.26953125,-0.6015625,-0.890625,-0.5390625,-6.15625,-7.1328125,-0.162109375,-1.59179688,1.10351562
182,1775333,2075333,-0.151611328,-0.924438477,0.349914551,0.00543212891,-0.26953125,-0.6015625,-0.890625,-0.5390625,-6.15625,-7.1328125,-0.087890625,-1.859375,1.1953125
183,1782484,2082484,0.153747559,0.923706055,-0.350891113,0.00512695312,-0.52734375,-0.5625,-1.015625,-0.9296875,-6.1171875,-7.125,-0.087890625,-1.859375,1.1953125
184,1798959,2098959,0.156005859,0.922668457,-0.352172852,0.0175170898,-0.52734375,-0.5625,-1.015625,-0.9296875,-6.1171875,-7.125,-0.04296875,-2.15039062,1.28320312
185,1801948,2101948,0.15802002,0.921508789,-0.353515625,0.029296875,-0.453125,-0.70703125,-1.20703125,-1.3515625,-6.0859375,-7.0859375,-0.04296875,-2.15039062,1.28320312
186,1816899,2116899,0.16015625,0.91998291,-0.355224609,0.042175293,-0.453125,-0.70703125,-1.20703125,-1.3515625,-6.0859375,-7.0859375,0.064453125,-2.32617188,1.359375
187,1822382,2122382,0.16229248,0.918151855,-0.357055664,0.0559082031,-0.375,-0.33203125,-0.93359375,-1.8125,-6.0390625,-7.015625,0.064453125,-2.32617188,1.359375
188,1837852,2137852,0.164123535,0.916259766,-0.358703613,0.069519043,-0.375,-0.33203125,-0.93359375,-1.8125,-6.0390625,-7.015625,0.013671875,-2.43554688,1.3359375
189,1841989,2141989,0.165771484,0.914306641,-0.360168457,0.0823364258,-0.35546875,-0.54296875,-0.99609375,-2.328125,-5.984375,-6.9140625,0.013671875,-2.43554688,1.3359375
190,1855171,2155171,0.167541504,0.91192627,-0.361938477,0.0964355469,-0.35546875,-0.54296875,-0.99609375,-2.328125,-5.984375,-6.9140625,0.072265625,-2.45507812,1.33203125
191,1861613,2161613,0.169128418,0.909545898,-0.363586426,0.10949707,-0.4375,-0.44140625,-0.77734375,-2.8203125,-5.9296875,-6.7890625,0.072265625,-2.45507812,1.33203125
192,1878706,2178706,0.170776367,0.906738281,-0.365234375,0.123474121,-0.4375,-0.44140625,-0.77734375,-2.8203125,-5.9296875,-6.7890625,0.064453125,-2.47070312,1.3515625
193,1882387,2182387,0.172424316,0.903991699,-0.366699219,0.136535645,-0.30078125,-0.20703125,-0.6640625,-3.3046875,-5.859375,-6.6328125,0.064453125,-2.47070312,1.3515625
194,1897305,2197305,0.174072266,0.900939941,-0.368103027,0.15020752,-0.30078125,-0.20703125,-0.6640625,-3.3046875,-5.859375,-6.6328125,0.048828125,-2.45898438,1.3515625
195,1901437,2201437,0.175598145,0.897766113,-0.369445801,0.163391113,-0.47265625,-0.33984375,-0.4609375,-3.78125,-5.765625,-6.453125,0.048828125,-2.45898438,1.3515625
196,1916624,2216624,0.177246094,0.894226074,-0.370910645,0.177185059,-0.47265625,-0.33984375,-0.4609375,-3.78125,-5.765625,-6.453125,0.099609375,-2.3828125,1.31445312
197,1921889,2221889,0.178833008,0.890625,-0.372436523,0.190063477,-0.08203125,-0.39453125,-0.51171875,-4.25,-5.671875,-6.25,0.099609375,-2.3828125,1.31445312
198,1935842,2235842,0.180297852,0.886901855,-0.374084473,0.202453613,-0.08203125,-0.39453125,-0.51171875,-4.25,-5.671875,-6.25,0.201171875,-2.3125,1.25585938
199,1941644,2241644,0.181640625,0.882995605,-0.375671387,0.21496582,-0.140625,-0.10546875,-0.0078125,-4.6875,-5.578125,-6.0234375,0.201171875,-2.3125,1.25585938
200,1958336,2258336,0.182800293,0.879089355,-0.377075195,0.227233887,-0.140625,-0.10546875,-0.0078125,-4.6875,-5.578125,-6.0234375,0.134765625,-2.27539062,1.18554688
201,1961323,2261323,0.183776855,0.875305176,-0.378234863,0.238769531,0.34765625,0.0703125,0.015625,-5.1015625,-5.484375,-5.78125,0.134765625,-2.27539062,1.18554688
202,1975898,2275898,0.184692383,0.871337891,-0.379394531,0.250488281,0.34765625,0.0703125,0.015625,-5.1015625,-5.484375,-5.78125,0.111328125,-2.2265625,1.140625
203,1982432,2282432,0.185546875,0.86706543,-0.380554199,0.262634277,0.484375,0.2265625,0.00390625,-5.46875,-5.375,-5.5390625,0.111328125,-2.2265625,1.140625
204,1996422,2296422,0.186340332,0.862915039,-0.381530762,0.274108887,0.484375,0.2265625,0.00390625,-5.46875,-5.375,-5.5390625,0.078125,-2.16015625,1.08203125
205,2002054,2302054,0.186950684,0.858642578,-0.382385254,0.285705566,0.546875,0.2265625,0.19921875,-5.8359375,-5.2578125,-5.2734375,0.078125,-2.16015625,1.08203125
206,2015084,2315084,0.1875,0.854614258,-0.383117676,0.296081543,0.546875,0.2265625,0.19921875,-5.8359375,-5.2578125,-5.2734375,0.095703125,-2.0546875,1.01953125
207,2021829,2321829,0.188049316,0.850219727,-0.384033203,0.307006836,0.53125,-0.0078125,0.1328125,-6.1640625,-5.140625,-5.015625,0.095703125,-2.0546875,1.01953125
208,2036861,2336861,0.188598633,0.845947266,-0.38494873,0.317138672,0.53125,-0.0078125,0.1328125,-6.1640625,-5.140625,-5.015625,0.1640625,-2.04882812,0.9921875
209,2041339,2341339,0.189025879,0.841674805,-0.385864258,0.327087402,0.328125,0.48828125,0.1328125,-6.4609375,-5.0234375,-4.75,0.1640625,-2.04882812,0.9921875
210,2055610,2355610,0.18927002,0.837219238,-0.386474609,0.337402344,0.328125,0.48828125,0.1328125,-6.4609375,-5.0234375,-4.75,0.04296875,-2.00195312,0.95703125
211,2061378,2361378,0.189453125,0.832946777,-0.38684082,0.347351074,0.5703125,0.41796875,0.2421875,-6.7421875,-4.9140625,-4.4765625,0.04296875,-2.00195312,0.95703125
212,2076283,2376283,0.18963623,0.828430176,-0.387207031,0.35748291,0.5703125,0.41796875,0.2421875,-6.7421875,-4.9140625,-4.4765625,0.05859375,-1.88085938,0.91015625
213,2080793,2380793,0.189880371,0.82421875,-0.387634277,0.366455078,0.67578125,0.1015625,-0.06640625,-7,-4.7890625,-4.203125,0.05859375,-1.88085938,0.91015625
214,2094516,2394516,0.190307617,0.819702148,-0.388122559,0.375854492,0.67578125,0.1015625,-0.06640625,-7,-4.7890625,-4.203125,0.08984375,-1.77734375,0.884765625
215,2100690,2400690,0.190551758,0.815429688,-0.388427734,0.384643555,0.4140625,0.359375,0.08984375,-7.234375,-4.6640625,-3.9375,0.08984375,-1.77734375,0.884765625
216,2119708,2419708,0.190673828,0.811401367,-0.38848877,0.392822266,0.4140625,0.359375,0.08984375,-7.234375,-4.6640625,-3.9375,0.00390625,-1.62304688,0.796875
217,2121181,2421181,0.190734863,0.807495117,-0.388549805,0.400817871,0.38671875,0.2421875,0.17578125,-7.4375,-4.546875,-3.6796875,0.00390625,-1.62304688,0.796875
218,2133834,2433834,0.190795898,0.803588867,-0.388671875,0.408447266,0.38671875,0.2421875,0.17578125,-7.4375,-4.546875,-3.6796875,0.052734375,-1.52148438,0.716796875
219,2140578,2440578,0.190795898,0.799682617,-0.388916016,0.415771484,0.60546875,0.046875,0.171875,-7.6171875,-4.4296875,-3.4453125,0.052734375,-1.52148438,0.716796875
220,2155416,2455416,0.190795898,0.796081543,-0.389282227,0.422302246,0.60546875,0.046875,0.171875,-7.6171875,-4.4296875,-3.4453125,0.099609375,-1.38867188,0.6171875
221,2159930,2459930,0.190795898,0.792419434,-0.389709473,0.428649902,0.69140625,0.03125,0.06640625,-7.78125,-4.3359375,-3.2265625,0.099609375,-1.38867188,0.6171875
222,2171413,2471413,0.190673828,0.788757324,-0.390258789,0.434997559,0.69140625,0.03125,0.06640625,-7.78125,-4.3359375,-3.2265625,0.111328125,-1.25,0.529296875
223,2180035,2480035,0.190551758,0.785644531,-0.390625,0.440307617,0.7109375,0.17578125,0.22265625,-7.9140625,-4.25,-3,0.111328125,-1.25,0.529296875
224,2197998,2497998,0.190246582,0.782592773,-0.390991211,0.44543457,0.7109375,0.17578125,0.22265625,-7.9140625,-4.25,-3,0.0546875,-1.05664062,0.40625
225,2201003,2501003,0.189819336,0.779785156,-0.391357422,0.450256348,0.57421875,0.49609375,0.07421875,-8.0078125,-4.1875,-2.8125,0.0546875,-1.05664062,0.40625
226,2212364,2512364,0.189331055,0.77722168,-0.391723633,0.454589844,0.57421875,0.49609375,0.07421875,-8.0078125,-4.1875,-2.8125,0.029296875,-0.890625,0.291015625
227,2219742,2519742,0.188842773,0.775085449,-0.391967773,0.458190918,0.58203125,0.36328125,0.33203125,-8.09375,-4.1328125,-2.6484375,0.029296875,-0.890625,0.291015625
228,2233435,2533435,0.188415527,0.772888184,-0.392211914,0.461853027,0.58203125,0.36328125,0.33203125,-8.09375,-4.1328125,-2.6484375,0.0390625,-0.703125,0.2578125
229,2239215,2539215,0.188171387,0.771179199,-0.392333984,0.46472168,0.4921875,0.31640625,0.45703125,-8.15625,-4.0859375,-2.5078125,0.0390625,-0.703125,0.2578125
230,2252649,2552649,0.187988281,0.769592285,-0.392456055,0.467285156,0.4921875,0.31640625,0.45703125,-8.15625,-4.0859375,-2.5078125,0.033203125,-0.53125,0.21875
231,2259390,2559390,0.187927246,0.768188477,-0.39251709,0.469543457,0.38671875,0.125,0.36328125,-8.203125,-4.046875,-2.4140625,0.033203125,-0.53125,0.21875
232,2276651,2576651,0.187988281,0.766967773,-0.39263916,0.471435547,0.38671875,0.125,0.36328125,-8.203125,-4.046875,-2.4140625,0.048828125,-0.353515625,0.177734375
233,2280360,2580360,0.188110352,0.765991211,-0.39276123,0.472900391,-0.07421875,0.25390625,0.4765625,-8.2421875,-4.0234375,-2.3359375,0.048828125,-0.353515625,0.177734375
234,2291885,2591885,0.188110352,0.764953613,-0.392822266,0.47442627,-0.07421875,0.25390625,0.4765625,-8.2421875,-4.0234375,-2.3359375,0.017578125,-0.3046875,0.138671875
235,2299230,2599230,0.188049316,0.764160156,-0.392822266,0.475769043,-0.38671875,0.4140625,0.453125,-8.2734375,-3.9921875,-2.2734375,0.017578125,-0.3046875,0.138671875
236,2311977,2611977,0.187988281,0.763366699,-0.392822266,0.477111816,-0.38671875,0.4140625,0.453125,-8.2734375,-3.9921875,-2.2734375,-0.009765625,-0.265625,0.1171875
237,2318747,2618747,0.187805176,0.762695312,-0.392700195,0.47833252,-0.6328125,0.4375,0.30078125,-8.296875,-3.9765625,-2.234375,-0.009765625,-0.265625,0.1171875
238,2332296,2632296,0.18762207,0.762084961,-0.392578125,0.479492188,-0.6328125,0.4375,0.30078125,-8.296875,-3.9765625,-2.234375,-0.02734375,-0.236328125,0.083984375
239,2339041,2639041,0.187438965,0.761535645,-0.39251709,0.480529785,-0.6171875,0.19140625,0.26171875,-8.3125,-3.9609375,-2.1953125,-0.02734375,-0.236328125,0.083984375
240,2355314,2655314,0.187438965,0.761047363,-0.39239502,0.481384277,-0.6171875,0.19140625,0.26171875,-8.3125,-3.9609375,-2.1953125,-0.0078125,-0.146484375,0.095703125
241,2358323,2658323,0.187561035,0.760681152,-0.392272949,0.481994629,-0.5234375,0.0234375,0.23046875,-8.328125,-3.9453125,-2.1640625,-0.0078125,-0.146484375,0.095703125
242,2372636,2672636,0.187744141,0.760498047,-0.392028809,0.48236084,-0.5234375,0.0234375,0.23046875,-8.328125,-3.9453125,-2.1640625,-0.01953125,-0.01171875,0.078125
243,2378821,2678821,0.187988281,0.760620117,-0.391723633,0.48236084,-0.4765625,0.078125,0.2890625,-8.3359375,-3.921875,-2.1484375,-0.01953125,-0.01171875,0.078125
244,2392724,2692724,0.188171387,0.760986328,-0.391296387,0.482055664,-0.4765625,0.078125,0.2890625,-8.3359375,-3.921875,-2.1484375,-0.064453125,0.1640625,0
245,2398467,2698467,0.188293457,0.761657715,-0.390930176,0.481262207,-0.28515625,0.0703125,0.3828125,-8.3359375,-3.9140625,-2.1640625,-0.064453125,0.1640625,0
246,2414133,2714133,0.188415527,0.762573242,-0.39050293,0.480041504,-0.28515625,0.0703125,0.3828125,-8.3359375,-3.9140625,-2.1640625,-0.087890625,0.35546875,-0.103515625
247,2417730,2717730,0.188537598,0.76385498,-0.390075684,0.478393555,-0.1015625,0.03125,0.46875,-8.328125,-3.9140625,-2.2109375,-0.087890625,0.35546875,-0.103515625
248,2435978,2735978,0.188659668,0.765625,-0.389526367,0.475952148,-0.1015625,0.03125,0.46875,-8.328125,-3.9140625,-2.2109375,-0.115234375,0.607421875,-0.20703125
249,2439591,2739591,0.188781738,0.767578125,-0.389038086,0.473083496,0.2421875,0.0078125,0.5546875,-8.2890625,-3.9296875,-2.296875,-0.115234375,0.607421875,-0.20703125
250,2454451,2754451,0.188903809,0.770080566,-0.388549805,0.469421387,0.2421875,0.0078125,0.5546875,-8.2890625,-3.9296875,-2.296875,-0.11328125,0.87890625,-0.3359375
251,2458053,2758053,0.189025879,0.772705078,-0.388061523,0.465332031,0.33203125,0.1328125,0.45703125,-8.2265625,-3.9765625,-2.4296875,-0.11328125,0.87890625,-0.3359375
252,2473014,2773014,0.189147949,0.776000977,-0.387573242,0.460205078,0.33203125,0.1328125,0.45703125,-8.2265625,-3.9765625,-2.4296875,-0.125,1.14648438,-0.46875
253,2477838,2777838,0.189331055,0.77947998,-0.387084961,0.454650879,0.4765625,0.234375,0.359375,-8.140625,-4.0390625,-2.6015625,-0.125,1.14648438,-0.46875
254,2493864,2793864,0.18951416,0.783203125,-0.38671875,0.448486328,0.4765625,0.234375,0.359375,-8.140625,-4.0390625,-2.6015625,-0.087890625,1.40625,-0.58203125
255,2497472,2797472,0.189758301,0.786987305,-0.386413574,0.441955566,0.48046875,0.234375,0.3046875,-8.03125,-4.1171875,-2.8125,-0.087890625,1.40625,-0.58203125
256,2515106,2815106,0.190063477,0.791320801,-0.386169434,0.434265137,0.48046875,0.234375,0.3046875,-8.03125,-4.1171875,-2.8125,-0.037109375,1.62304688,-0.703125
257,2519820,2819820,0.190246582,0.795471191,-0.386108398,0.426574707,0.33984375,0.40625,0.2109375,-7.890625,-4.2109375,-3.0625,-0.037109375,1.62304688,-0.703125
258,2533355,2833355,0.190368652,0.800170898,-0.386047363,0.417602539,0.33984375,0.40625,0.2109375,-7.890625,-4.2109375,-3.0625,-0.021484375,1.79296875,-0.85546875
259,2537090,2837090,0.190307617,0.8046875,-0.386047363,0.408935547,0.12890625,0.63671875,0.20703125,-7.71875,-4.328125,-3.328125,-0.021484375,1.79296875,-0.85546875
260,2552175,2852175,0.190002441,0.809692383,-0.386108398,0.398986816,0.12890625,0.63671875,0.20703125,-7.71875,-4.328125,-3.328125,-0.017578125,1.95507812,-1.0078125
261,2557229,2857229,0.189575195,0.81463623,-0.386230469,0.388916016,-0.04296875,0.5078125,0.07421875,-7.5078125,-4.46875,-3.6171875,-0.017578125,1.95507812,-1.0078125
262,2572821,2872821,0.189025879,0.819580078,-0.386352539,0.378540039,-0.04296875,0.5078125,0.07421875,-7.5078125,-4.46875,-3.6171875,-0.005859375,2.06835938,-1.12304688
263,2577855,2877855,0.188415527,0.824279785,-0.386474609,0.368347168,-0.21484375,0.359375,0.140625,-7.2578125,-4.625,-3.9140625,-0.005859375,2.06835938,-1.12304688
264,2594644,2894644,0.1875,0.829589844,-0.38659668,0.356628418,-0.21484375,0.359375,0.140625,-7.2578125,-4.625,-3.9140625,-0.01171875,2.15429688,-1.21289062
265,2598380,2898380,0.186706543,0.834228516,-0.38671875,0.34588623,-0.3515625,0.0234375,0.015625,-6.96875,-4.7890625,-4.2109375,-0.01171875,2.15429688,-1.21289062
266,2611911,2911911,0.185791016,0.839294434,-0.38684082,0.333740234,-0.3515625,0.0234375,0.015625,-6.96875,-4.7890625,-4.2109375,0.0390625,2.22070312,-1.2421875
267,2616944,2916944,0.184997559,0.843994141,-0.387084961,0.321838379,-0.34765625,-0.109375,0.0078125,-6.6640625,-4.9609375,-4.5078125,0.0390625,2.22070312,-1.2421875
268,2631455,2931455,0.184265137,0.848327637,-0.387390137,0.31036377,-0.34765625,-0.109375,0.0078125,-6.6640625,-4.9609375,-4.5078125,0.115234375,2.265625,-1.2578125
269,2637608,2937608,0.183410645,0.852844238,-0.387756348,0.297668457,-0.25,-0.10546875,-0.21875,-6.34375,-5.1171875,-4.78125,0.115234375,2.265625,-1.2578125
270,2652455,2952455,0.182495117,0.857116699,-0.388061523,0.285339355,-0.25,-0.10546875,-0.21875,-6.34375,-5.1171875,-4.78125,0.091796875,2.26171875,-1.29101562
271,2660282,2960282,0.181518555,0.86114502,-0.388061523,0.273620605,-0.578125,0.10546875,-0.13671875,-5.9765625,-5.2890625,-5.0546875,0.091796875,2.26171875,-1.29101562
272,2672875,2972875,0.180358887,0.865478516,-0.387695312,0.260925293,-0.578125,0.10546875,-0.13671875,-5.9765625,-5.2890625,-5.0546875,-0.029296875,2.25,-1.24804688
273,2676489,2976489,0.179321289,0.869384766,-0.387084961,0.249328613,-0.33203125,-0.23828125,0.0859375,-5.609375,-5.4453125,-5.3125,-0.029296875,2.25,-1.24804688
274,2691758,2991758,0.178161621,0.873596191,-0.386230469,0.236572266,-0.33203125,-0.23828125,0.0859375,-5.609375,-5.4453125,-5.3125,-0.07421875,2.29101562,-1.27734375
275,2700075,3000075,0.176818848,0.877563477,-0.385498047,0.223754883,-0.21484375,-0.49609375,-0.31640625,-5.2265625,-5.5703125,-5.5625,-0.07421875,2.29101562,-1.27734375
276,2711322,3011322,0.175598145,0.88092041,-0.385009766,0.212036133,-0.21484375,-0.49609375,-0.31640625,-5.2265625,-5.5703125,-5.5625,0.03515625,2.25195312,-1.3203125
277,2717076,3017076,0.173950195,0.884338379,-0.384643555,0.199279785,-0.3828125,-0.140625,-0.2421875,-4.828125,-5.6953125,-5.7890625,0.03515625,2.25195312,-1.3203125
278,2731791,3031791,0.172180176,0.887512207,-0.384338379,0.187011719,-0.3828125,-0.140625,-0.2421875,-4.828125,-5.6953125,-5.7890625,0.060546875,2.1484375,-1.37304688
279,2739237,3039237,0.170227051,0.890441895,-0.383972168,0.175354004,-0.1953125,0.2578125,0.02734375,-4.40625,-5.828125,-5.984375,0.060546875,2.1484375,-1.37304688
280,2752899,3052899,0.16796875,0.893676758,-0.383056641,0.162475586,-0.1953125,0.2578125,0.02734375,-4.40625,-5.828125,-5.984375,-0.09375,2.16015625,-1.39257812
281,2758896,3058896,0.16607666,0.89654541,-0.381774902,0.151062012,0.15234375,0.30078125,0.20703125,-3.984375,-5.9453125,-6.1640625,-0.09375,2.16015625,-1.39257812
282,2773014,3073014,0.164245605,0.899597168,-0.380004883,0.139038086,0.15234375,0.30078125,0.20703125,-3.984375,-5.9453125,-6.1640625,-0.234375,2.08789062,-1.21875
283,2779203,3079203,0.162780762,0.90234375,-0.378112793,0.127807617,0.46484375,0.03515625,-0.30078125,-3.5703125,-6.0234375,-6.34375,-0.234375,2.08789062,-1.21875
284,2790974,3090974,0.161499023,0.904785156,-0.376342773,0.116699219,0.46484375,0.03515625,-0.30078125,-3.5703125,-6.0234375,-6.34375,-0.154296875,2.0390625,-1.09570312
285,2796977,3096977,0.160217285,0.907165527,-0.374694824,0.104858398,0.09765625,-0.33984375,-0.328125,-3.1640625,-6.0703125,-6.5078125,-0.154296875,2.0390625,-1.09570312
286,2813295,3113295,0.159118652,0.908935547,-0.373596191,0.0944824219,0.09765625,-0.33984375,-0.328125,-3.1640625,-6.0703125,-6.5078125,0.03515625,1.96484375,-1.078125
287,2819930,3119930,0.157775879,0.910461426,-0.373046875,0.0837402344,-0.1796875,-0.44140625,-0.12890625,-2.7734375,-6.125,-6.6328125,0.03515625,1.96484375,-1.078125
288,2835017,3135017,0.156066895,0.911682129,-0.37298584,0.0731201172,-0.1796875,-0.44140625,-0.12890625,-2.7734375,-6.125,-6.6328125,0.2109375,1.71875,-1.11523438
289,2839141,3139141,0.154174805,0.912902832,-0.372619629,0.0629882812,0.04296875,0.51953125,0.02734375,-2.3828125,-6.203125,-6.7109375,0.2109375,1.71875,-1.11523438
290,2852280,3152280,0.152526855,0.914123535,-0.371765137,0.0535888672,0.04296875,0.51953125,0.02734375,-2.3828125,-6.203125,-6.7109375,-0.009765625,1.70507812,-1.0390625
291,2857621,3157621,0.151062012,0.915344238,-0.370666504,0.044128418,0.6796875,0.27734375,0.3671875,-2.0234375,-6.265625,-6.78125,-0.009765625,1.70507812,-1.0390625
292,2869933,3169933,0.149658203,0.916381836,-0.369628906,0.0349731445,0.6796875,0.27734375,0.3671875,-2.0234375,-6.265625,-6.78125,0.015625,1.51757812,-0.90234375
293,2877010,3177010,0.148376465,0.917114258,-0.36895752,0.0266113281,0.44921875,-0.34375,0.234375,-1.6796875,-6.296875,-6.84375,0.015625,1.51757812,-0.90234375
294,2889646,3189646,0.147033691,0.917663574,-0.368713379,0.0189819336,0.44921875,-0.34375,0.234375,-1.6796875,-6.296875,-6.84375,0.1796875,1.34375,-0.86328125
295,2899355,3199355,0.145385742,0.91809082,-0.368530273,0.0111083984,0.53515625,0.3828125,0.84375,-1.3828125,-6.3359375,-6.875,0.1796875,1.34375,-0.86328125
296,2914493,3214493,0.143615723,0.918640137,-0.368103027,0.00408935547,0.53515625,0.3828125,0.84375,-1.3828125,-6.3359375,-6.875,0.068359375,1.1328125,-0.841796875
297,2918925,3218925,-0.141845703,-0.919189453,0.367431641,0.00250244141,0.8671875,0.84375,0.88671875,-1.1015625,-6.375,-6.8828125,0.068359375,1.1328125,-0.841796875
298,2928933,3228933,-0.140075684,-0.91973877,0.366577148,0.00872802734,0.8671875,0.84375,0.88671875,-1.1015625,-6.375,-6.8828125,-0.04296875,0.982421875,-0.755859375
299,2937221,3237221,-0.13848877,-0.920288086,0.365661621,0.0141601562,0.83984375,0.39453125,0.296875,-0.84375,-6.3828125,-6.90625,-0.04296875,0.982421875,-0.755859375
300,2948358,3248358,-0.137145996,-0.920715332,0.364807129,0.0192260742,0.83984375,0.39453125,0.296875,-0.84375,-6.3828125,-6.90625,-0.02734375,0.822265625,-0.591796875
301,2955653,3255653,-0.135986328,-0.921020508,0.364196777,0.0238647461,0.71484375,-0.14453125,0.0078125,-0.640625,-6.3828125,-6.921875,-0.02734375,0.822265625,-0.591796875
302,2968234,3268234,-0.13494873,-0.921203613,0.363769531,0.0283203125,0.71484375,-0.14453125,0.0078125,-0.640625,-6.3828125,-6.921875,0.05078125,0.7578125,-0.517578125
303,2976927,3276927,-0.134033203,-0.921386719,0.363342285,0.0327758789,0.53515625,-0.25,-0.453125,-0.4609375,-6.390625,-6.921875,0.05078125,0.7578125,-0.517578125
304,2989148,3289148,-0.133117676,-0.921508789,0.362915039,0.0372924805,0.53515625,-0.25,-0.453125,-0.4609375,-6.390625,-6.921875,0.033203125,0.794921875,-0.5078125
305,2998687,3298687,-0.132202148,-0.921630859,0.362426758,0.0419311523,0.2109375,-0.43359375,-0.59765625,-0.2890625,-6.3984375,-6.9296875,0.033203125,0.794921875,-0.5078125
306,3008844,3308844,-0.131286621,-0.921691895,0.361999512,0.0467529297,0.2109375,-0.43359375,-0.59765625,-0.2890625,-6.3984375,-6.9296875,0.076171875,0.8203125,-0.537109375
307,3017035,3317035,-0.130126953,-0.921691895,0.361755371,0.0513916016,-0.28515625,-0.49609375,-0.0703125,-0.1015625,-6.4140625,-6.921875,0.076171875,0.8203125,-0.537109375
308,3027944,3327944,-0.128723145,-0.92175293,0.36151123,0.055847168,-0.28515625,-0.49609375,-0.0703125,-0.1015625,-6.4140625,-6.921875,0.0546875,0.716796875,-0.59375
309,3035033,3335033,-0.127258301,-0.921875,0.361022949,0.0602416992,-0.03515625,-0.2578125,-0.0390625,0.0703125,-6.421875,-6.9140625,0.0546875,0.716796875,-0.59375
310,3049729,3349729,-0.125915527,-0.92199707,0.360412598,0.0645751953,-0.03515625,-0.2578125,-0.0390625,0.0703125,-6.421875,-6.9140625,-0.009765625,0.716796875,-0.5625
311,3055075,3355075,-0.124694824,-0.922119141,0.359741211,0.0686645508,0.16796875,-0.1796875,0.03125,0.25,-6.421875,-6.90625,-0.009765625,0.716796875,-0.5625
312,3071624,3371624,-0.123535156,-0.922241211,0.359008789,0.0729980469,0.16796875,-0.1796875,0.03125,0.25,-6.421875,-6.90625,-0.01171875,0.75,-0.54296875
313,3075255,3375255,-0.122375488,-0.922241211,0.358398438,0.0775756836,0.38671875,-0.11328125,0.22265625,0.4140625,-6.4140625,-6.90625,-0.01171875,0.75,-0.54296875
314,3087283,3387283,-0.121337891,-0.922241211,0.357788086,0.0819091797,0.38671875,-0.11328125,0.22265625,0.4140625,-6.4140625,-6.90625,-0.017578125,0.705078125,-0.494140625
315,3096482,3396482,-0.120422363,-0.922302246,0.357055664,0.0855712891,0.1015625,0.26953125,0.63671875,0.5859375,-6.4140625,-6.8984375,-0.017578125,0.705078125,-0.494140625
316,3108644,3408644,-0.119506836,-0.922546387,0.356018066,0.0888671875,0.1015625,0.26953125,0.63671875,0.5859375,-6.4140625,-6.8984375,-0.126953125,0.486328125,-0.37890625
317,3114743,3414743,-0.118774414,-0.922790527,0.354980469,0.0913696289,0,0.4453125,0.4453125,0.7265625,-6.3984375,-6.8984375,-0.126953125,0.486328125,-0.37890625
318,3128683,3428683,-0.118103027,-0.923095703,0.353759766,0.0938110352,0,0.4453125,0.4453125,0.7265625,-6.3984375,-6.8984375,-0.162109375,0.39453125,-0.298828125
319,3136471,3436471,-0.117553711,-0.923339844,0.352722168,0.0960693359,0.39453125,-0.08203125,-0.16015625,0.828125,-6.3671875,-6.90625,-0.162109375,0.39453125,-0.298828125
320,3151520,3451520,-0.1171875,-0.923461914,0.351989746,0.0982055664,0.39453125,-0.08203125,-0.16015625,0.828125,-6.3671875,-6.90625,-0.068359375,0.3984375,-0.2265625
321,3156269,3456269,-0.116882324,-0.923461914,0.35144043,0.100280762,0.30859375,-0.25,-0.3359375,0.9140625,-6.3515625,-6.921875,-0.068359375,0.3984375,-0.2265625
322,3168741,3468741,-0.116638184,-0.923339844,0.351196289,0.102355957,0.30859375,-0.25,-0.3359375,0.9140625,-6.3515625,-6.921875,0.041015625,0.33203125,-0.189453125
323,3174087,3474087,-0.116271973,-0.923278809,0.351135254,0.103881836,-0.19140625,-0.296875,-0.3828125,0.9921875,-6.34375,-6.9140625,0.041015625,0.33203125,-0.189453125
324,3188623,3488623,-0.116210938,-0.923400879,0.350463867,0.105102539,-0.19140625,-0.296875,-0.3828125,0.9921875,-6.34375,-6.9140625,-0.201171875,0.2109375,-0.0546875
325,3192897,3492897,-0.116699219,-0.92376709,0.349121094,0.10534668,-0.28515625,0.15625,-0.15234375,1.046875,-6.3359375,-6.9140625,-0.201171875,0.2109375,-0.0546875
326,3209060,3509060,-0.117736816,-0.924255371,0.347900391,0.104125977,-0.28515625,0.15625,-0.15234375,1.046875,-6.3359375,-6.9140625,-0.1875,-0.296875,0.3203125
327,3215934,3515934,-0.118469238,-0.924377441,0.347900391,0.101989746,-0.23046875,-3.41015625,-0.6484375,1.03125,-6.296875,-6.953125,-0.1875,-0.296875,0.3203125
328,3231013,3531013,-0.118591309,-0.924316406,0.348815918,0.0994873047,-0.23046875,-3.41015625,-0.6484375,1.03125,-6.296875,-6.953125,0.16015625,-0.474609375,0.103515625
329,3236116,3536116,-0.117980957,-0.924316406,0.34954834,0.0975341797,-1.20703125,-1.71484375,-2.296875,0.9375,-6.3046875,-6.953125,0.16015625,-0.474609375,0.103515625
330,3247402,3547402,-0.117614746,-0.924377441,0.349914551,0.096496582,-1.20703125,-1.71484375,-2.296875,0.9375,-6.3046875,-6.953125,0.04296875,-0.130859375,0.021484375
331,3255243,3555243,-0.117736816,-0.924255371,0.350280762,0.0961303711,1.17578125,0.9453125,-0.84375,0.890625,-6.3203125,-6.953125,0.04296875,-0.130859375,0.021484375
332,3267183,3567183,-0.118286133,-0.92401123,0.350769043,0.0958251953,1.17578125,0.9453125,-0.84375,0.890625,-6.3203125,-6.953125,0.083984375,-0.083984375,0.173828125
333,3272231,3572231,-0.118896484,-0.923828125,0.351379395,0.0946044922,0.109375,-0.65625,1.21875,0.8828125,-6.328125,-6.9453125,0.083984375,-0.083984375,0.173828125
334,3287428,3587428,-0.119506836,-0.923706055,0.352050781,0.0925292969,0.109375,-0.65625,1.21875,0.8828125,-6.328125,-6.9453125,0.052734375,-0.427734375,0.310546875
335,3293209,3593209,-0.120300293,-0.923706055,0.352478027,0.0897216797,0.02734375,0.46875,0.98046875,0.8125,-6.34375,-6.9375,0.052734375,-0.427734375,0.310546875
336,3310534,3610534,-0.121276855,-0.92388916,0.352416992,0.0865478516,0.02734375,0.46875,0.98046875,0.8125,-6.34375,-6.9375,-0.171875,-0.55859375,0.447265625
337,3315263,3615263,-0.122558594,-0.924194336,0.352172852,0.0828857422,0.22265625,0.58203125,0.8828125,0.6953125,-6.34375,-6.953125,-0.171875,-0.55859375,0.447265625
338,3327864,3627864,-0.124023438,-0.924438477,0.351989746,0.0786132812,0.22265625,0.58203125,0.8828125,0.6953125,-6.34375,-6.953125,-0.173828125,-0.72265625,0.6015625
339,3334800,3634800,-0.125671387,-0.924621582,0.351867676,0.0741577148,0.1484375,0,0.30078125,0.5390625,-6.3359375,-6.984375,-0.173828125,-0.72265625,0.6015625
340,3346626,3646626,-0.127685547,-0.924804688,0.351745605,0.0689697266,0.1484375,0,0.30078125,0.5390625,-6.3359375,-6.984375,-0.208984375,-0.794921875,0.73828125
341,3353947,3653947,-0.129882812,-0.924926758,0.351501465,0.063659668,0.02734375,0.09375,0.0234375,0.3515625,-6.3125,-7.015625,-0.208984375,-0.794921875,0.73828125
342,3367269,3667269,-0.132324219,-0.925048828,0.351318359,0.0580444336,0.02734375,0.09375,0.0234375,0.3515625,-6.3125,-7.015625,-0.21484375,-0.90234375,0.87109375
343,3372084,3672084,-0.134765625,-0.925109863,0.351196289,0.0521850586,-0.08984375,-0.28515625,-0.01953125,0.125,-6.28125,-7.046875,-0.21484375,-0.90234375,0.87109375
344,3387767,3687767,-0.137329102,-0.925109863,0.351074219,0.0451049805,-0.08984375,-0.28515625,-0.01953125,0.125,-6.28125,-7.046875,-0.244140625,-1.12890625,0.9453125
345,3394044,3694044,-0.139648438,-0.925109863,0.351013184,0.038269043,-0.0703125,-0.19921875,-0.41796875,-0.125,-6.25,-7.0703125,-0.244140625,-1.12890625,0.9453125
346,3406404,3706404,-0.142272949,-0.924926758,0.351135254,0.0301513672,-0.0703125,-0.19921875,-0.41796875,-0.125,-6.25,-7.0703125,-0.169921875,-1.296875,1.03320312
347,3412081,3712081,-0.144775391,-0.924621582,0.35168457,0.0218505859,0.07421875,-0.23046875,-0.203125,-0.421875,-6.21875,-7.09375,-0.169921875,-1.296875,1.03320312
348,3428636,3728636,-0.147216797,-0.92401123,0.352600098,0.0130004883,0.07421875,-0.23046875,-0.203125,-0.421875,-6.21875,-7.09375,-0.033203125,-1.63085938,1.16210938
349,3433369,3733369,-0.149658203,-0.923278809,0.35369873,0.00317382812,-0.05078125,-0.30078125,-0.7109375,-0.7578125,-6.1875,-7.0859375,-0.033203125,-1.63085938,1.16210938
350,3446274,3746274,0.15222168,0.922424316,-0.354858398,0.00762939453,-0.05078125,-0.30078125,-0.7109375,-0.7578125,-6.1875,-7.0859375,-0.0625,-1.828125,1.22265625
351,3452224,3752224,0.154602051,0.921447754,-0.355834961,0.0186767578,0.04296875,-0.20703125,-0.84765625,-1.15625,-6.1640625,-7.0625,-0.0625,-1.828125,1.22265625
352,3468797,3768797,0.156799316,0.920471191,-0.356750488,0.0296630859,0.04296875,-0.20703125,-0.84765625,-1.15625,-6.1640625,-7.0625,-0.103515625,-2.08789062,1.31054688
353,3472541,3772541,0.159057617,0.919189453,-0.357727051,0.0419311523,-0.30078125,-0.21875,-0.6640625,-1.578125,-6.1171875,-7.015625,-0.103515625,-2.08789062,1.31054688
354,3485863,3785863,0.161437988,0.917602539,-0.359069824,0.0549316406,-0.30078125,-0.21875,-0.6640625,-1.578125,-6.1171875,-7.015625,0.021484375,-2.32226562,1.43164062
355,3491211,3791211,0.163818359,0.915649414,-0.360595703,0.0686645508,-0.1796875,-0.31640625,-1.1171875,-2.046875,-6.0546875,-6.9453125,0.021484375,-2.32226562,1.43164062
356,3504639,3804639,0.166015625,0.913574219,-0.361938477,0.0822143555,-0.1796875,-0.31640625,-1.1171875,-2.046875,-6.0546875,-6.9453125,-0.04296875,-2.48828125,1.453125
357,3511738,3811738,0.168151855,0.911315918,-0.363220215,0.0966796875,-0.4765625,-0.41015625,-0.9609375,-2.5546875,-6,-6.8359375,-0.04296875,-2.48828125,1.453125
358,3524905,3824905,0.170227051,0.908813477,-0.364379883,0.111022949,-0.4765625,-0.41015625,-0.9609375,-2.5546875,-6,-6.8359375,-0.05078125,-2.52734375,1.47070312
359,3531084,3831084,0.172302246,0.90612793,-0.365478516,0.12512207,-0.06640625,-0.3515625,-1.0546875,-3.078125,-5.90625,-6.703125,-0.05078125,-2.52734375,1.47070312
360,3547449,3847449,0.174499512,0.903137207,-0.366577148,0.139648438,-0.06640625,-0.3515625,-1.0546875,-3.078125,-5.90625,-6.703125,-0.015625,-2.53710938,1.51953125
361,3551067,3851067,0.176574707,0.900085449,-0.367736816,0.153015137,-0.546875,-0.4140625,-0.6796875,-3.59375,-5.8046875,-6.5390625,-0.015625,-2.53710938,1.51953125
362,3564591,3864591,0.178710938,0.896606445,-0.369018555,0.167297363,-0.546875,-0.4140625,-0.6796875,-3.59375,-5.8046875,-6.5390625,0.05859375,-2.55664062,1.51757812
363,3571096,3871096,0.180908203,0.89276123,-0.370300293,0.182006836,-0.515625,-0.484375,-0.45703125,-4.0859375,-5.6953125,-6.34375,0.05859375,-2.55664062,1.51757812
364,3584263,3884263,0.183044434,0.888793945,-0.371582031,0.196166992,-0.515625,-0.484375,-0.45703125,-4.0859375,-5.6953125,-6.34375,0.111328125,-2.53125,1.49804688
365,3590002,3890002,0.184936523,0.88458252,-0.373046875,0.210021973,-0.3984375,-0.609375,-0.421875,-4.5859375,-5.5703125,-6.109375,0.111328125,-2.53125,1.49804688
366,3606809,3906809,0.186645508,0.880249023,-0.374572754,0.223754883,-0.3984375,-0.609375,-0.421875,-4.5859375,-5.5703125,-6.109375,0.162109375,-2.56445312,1.39453125
367,3610406,3910406,0.187988281,0.875854492,-0.375976562,0.236999512,-0.2421875,-0.30078125,-0.171875,-5.046875,-5.4609375,-5.859375,0.162109375,-2.56445312,1.39453125
368,3624621,3924621,0.18927002,0.871032715,-0.377380371,0.251037598,-0.2421875,-0.30078125,-0.171875,-5.046875,-5.4609375,-5.859375,0.103515625,-2.52539062,1.32421875
369,3630764,3930764,0.190307617,0.866455078,-0.378417969,0.264160156,0.28125,0.21875,-0.15625,-5.4921875,-5.328125,-5.5703125,0.103515625,-2.52539062,1.32421875
370,3643344,3943344,0.19128418,0.861938477,-0.379333496,0.276794434,0.28125,0.21875,-0.15625,-5.4921875,-5.328125,-5.5703125,0.064453125,-2.46289062,1.29101562
371,3651886,3951886,0.192260742,0.856872559,-0.380249023,0.290100098,0.37109375,-0.06640625,-0.140625,-5.890625,-5.1953125,-5.28125,0.064453125,-2.46289062,1.29101562
372,3665251,3965251,0.19317627,0.851745605,-0.381408691,0.302978516,0.37109375,-0.06640625,-0.140625,-5.890625,-5.1953125,-5.28125,0.169921875,-2.45117188,1.22460938
373,3668993,3968993,0.193847656,0.846618652,-0.38269043,0.314941406,0.33984375,-0.17578125,0.015625,-6.28125,-5.046875,-4.9765625,0.169921875,-2.45117188,1.22460938
374,3687387,3987387,0.194458008,0.840942383,-0.384338379,0.327453613,0.33984375,-0.17578125,0.015625,-6.28125,-5.046875,-4.9765625,0.265625,-2.4296875,1.10351562
375,3692069,3992069,0.194641113,0.835510254,-0.385986328,0.339111328,0.34765625,0.15625,-0.16796875,-6.6328125,-4.921875,-4.640625,0.265625,-2.4296875,1.10351562
376,3707464,4007464,0.194335938,0.829711914,-0.387634277,0.3515625,0.34765625,0.15625,-0.16796875,-6.6328125,-4.921875,-4.640625,0.197265625,-2.47070312,0.94921875
377,3711200,4011200,0.193725586,0.824157715,-0.389099121,0.363098145,0.20703125,0.84375,-0.14453125,-6.953125,-4.8046875,-4.28125,0.197265625,-2.47070312,0.94921875
378,3726619,4026619,0.192749023,0.818786621,-0.390319824,0.374328613,0.20703125,0.84375,-0.14453125,-6.953125,-4.8046875,-4.28125,0.0625,-2.43164062,0.853515625
379,3731036,4031036,0.19152832,0.813354492,-0.391174316,0.385620117,0.4140625,0.69921875,-0.07421875,-7.234375,-4.6953125,-3.9296875,0.0625,-2.43164062,0.853515625
380,3744283,4044283,0.190185547,0.807739258,-0.391906738,0.397216797,0.4140625,0.69921875,-0.07421875,-7.234375,-4.6953125,-3.9296875,0.01953125,-2.30664062,0.806640625
381,3751161,4051161,0.189086914,0.802307129,-0.39251709,0.40802002,0.6796875,0.3046875,-0.1953125,-7.5,-4.5703125,-3.578125,0.01953125,-2.30664062,0.806640625
382,3767206,4067206,0.188232422,0.79699707,-0.393066406,0.418151855,0.6796875,0.3046875,-0.1953125,-7.5,-4.5703125,-3.578125,0.060546875,-2.09570312,0.80859375
383,3771541,4071541,0.187561035,0.791992188,-0.393615723,0.427368164,0.859375,0.37890625,0.00390625,-7.71875,-4.453125,-3.2421875,0.060546875,-2.09570312,0.80859375
384,3786940,4086940,0.187011719,0.786621094,-0.394287109,0.436828613,0.859375,0.37890625,0.00390625,-7.71875,-4.453125,-3.2421875,0.13671875,-1.9453125,0.767578125
385,3791137,4091137,0.186462402,0.781494141,-0.394836426,0.445617676,0.625,0.5,0.03125,-7.90625,-4.34375,-2.921875,0.13671875,-1.9453125,0.767578125
386,3804104,4104104,0.185791016,0.776611328,-0.395263672,0.454040527,0.625,0.5,0.03125,-7.90625,-4.34375,-2.921875,0.064453125,-1.75390625,0.669921875
387,3812124,4112124,0.185058594,0.772216797,-0.395507812,0.461486816,0.3671875,0.49609375,0.25390625,-8.0703125,-4.2265625,-2.609375,0.064453125,-1.75390625,0.669921875
388,3823609,4123609,0.184143066,0.767578125,-0.395629883,0.469421387,0.3671875,0.49609375,0.25390625,-8.0703125,-4.2265625,-2.609375,-0.00390625,-1.63476562,0.6015625
389,3828662,4128662,0.182983398,0.763244629,-0.395690918,0.476867676,0.125,0.43359375,0.09375,-8.2109375,-4.125,-2.3359375,-0.00390625,-1.63476562,0.6015625
390,3845638,4145638,0.181640625,0.759155273,-0.395629883,0.483886719,0.125,0.43359375,0.09375,-8.2109375,-4.125,-2.3359375,-0.0859375,-1.546875,0.470703125
391,3849360,4149360,0.180297852,0.755493164,-0.395568848,0.490234375,0.3125,0.34765625,0.02734375,-8.3203125,-4.0390625,-2.078125,-0.0859375,-1.546875,0.470703125
392,3864211,4164211,0.179138184,0.751708984,-0.395385742,0.496520996,0.3125,0.34765625,0.02734375,-8.3203125,-4.0390625,-2.078125,-0.046875,-1.27929688,0.45703125
393,3868489,4168489,0.178527832,0.748474121,-0.395263672,0.501647949,0.86328125,-0.16015625,0.30078125,-8.4140625,-3.953125,-1.8515625,-0.046875,-1.27929688,0.45703125
394,3885261,4185261,0.178344727,0.745361328,-0.395141602,0.506408691,0.86328125,-0.16015625,0.30078125,-8.4140625,-3.953125,-1.8515625,0.0546875,-0.912109375,0.45703125
395,3888870,4188870,0.178405762,0.742858887,-0.395019531,0.510131836,0.8203125,-0.12109375,0.49609375,-8.484375,-3.875,-1.6640625,0.0546875,-0.912109375,0.45703125
396,3902832,4202832,0.178466797,0.740661621,-0.394958496,0.513366699,0.8203125,-0.12109375,0.49609375,-8.484375,-3.875,-1.6640625,0.0546875,-0.607421875,0.28515625
397,3911103,4211103,0.178405762,0.738891602,-0.395019531,0.515869141,0.0703125,-0.0703125,0.66796875,-8.5390625,-3.8125,-1.53125,0.0546875,-0.607421875,0.28515625
398,3926325,4226325,0.178039551,0.737426758,-0.395202637,0.518005371,0.0703125,-0.0703125,0.66796875,-8.5390625,-3.8125,-1.53125,0.03125,-0.466796875,0.10546875
399,3931131,4231131,0.17755127,0.736206055,-0.395507812,0.51965332,0.1796875,-0.0234375,0.5,-8.5703125,-3.78125,-1.4375,0.03125,-0.466796875,0.10546875
400,3944596,4244596,0.177001953,0.735351562,-0.395935059,0.520751953,0.1796875,-0.0234375,0.5,-8.5703125,-3.78125,-1.4375,0.0390625,-0.25,-0.03515625
401,3948211,4248211,0.176574707,0.734863281,-0.396362305,0.521240234,0.65234375,-0.03125,0.62890625,-8.5859375,-3.7734375,-1.375,0.0390625,-0.25,-0.03515625
402,3964243,4264243,0.176330566,0.734741211,-0.39666748,0.521240234,0.65234375,-0.03125,0.62890625,-8.5859375,-3.7734375,-1.375,0.021484375,0.021484375,-0.068359375
403,3967852,4267852,0.176208496,0.734985352,-0.396850586,0.520812988,0.76953125,-0.1015625,0.52734375,-8.5859375,-3.78125,-1.3515625,0.021484375,0.021484375,-0.068359375
404,3982150,4282150,0.176208496,0.735717773,-0.396911621,0.519775391,0.76953125,-0.1015625,0.52734375,-8.5859375,-3.78125,-1.3515625,-0.01171875,0.271484375,-0.12890625
405,3990355,4290355,0.176269531,0.736755371,-0.396911621,0.518249512,0.63671875,0.2578125,0.28515625,-8.5703125,-3.796875,-1.375,-0.01171875,0.271484375,-0.12890625
406,4005580,4305580,0.176391602,0.73815918,-0.396789551,0.516235352,0.63671875,0.2578125,0.28515625,-8.5703125,-3.796875,-1.375,-0.05078125,0.529296875,-0.19921875
407,4010054,4310054,0.176635742,0.74005127,-0.396606445,0.513671875,0.73046875,0.2890625,0.46875,-8.546875,-3.828125,-1.4453125,-0.05078125,0.529296875,-0.19921875
408,4023825,4323825,0.176940918,0.74230957,-0.396240234,0.510498047,0.73046875,0.2890625,0.46875,-8.546875,-3.828125,-1.4453125,-0.099609375,0.796875,-0.265625
409,4027566,4327566,0.177307129,0.744873047,-0.395874023,0.507019043,0.56640625,0.328125,0.43359375,-8.5,-3.8671875,-1.5625,-0.099609375,0.796875,-0.265625
410,4045567,4345567,0.177734375,0.747924805,-0.395324707,0.502685547,0.56640625,0.328125,0.43359375,-8.5,-3.8671875,-1.5625,-0.12890625,1.04882812,-0.34375
411,4049703,4349703,0.178222656,0.751403809,-0.394714355,0.497802734,0.63671875,0.30078125,0.48046875,-8.453125,-3.9140625,-1.7265625,-0.12890625,1.04882812,-0.34375
412,4063970,4363970,0.178771973,0.755126953,-0.394104004,0.492492676,0.63671875,0.30078125,0.48046875,-8.453125,-3.9140625,-1.7265625,-0.146484375,1.30078125,-0.427734375
413,4067730,4367730,0.179382324,0.758911133,-0.393493652,0.486816406,0.671875,0.24609375,0.34765625,-8.375,-3.9765625,-1.9375,-0.146484375,1.30078125,-0.427734375
414,4085213,4385213,0.179992676,0.763183594,-0.393005371,0.480285645,0.671875,0.24609375,0.34765625,-8.375,-3.9765625,-1.9375,-0.103515625,1.50585938,-0.548828125
415,4089363,4389363,0.180603027,0.76776123,-0.39263916,0.473083496,0.6171875,0.2421875,0.24609375,-8.28125,-4.046875,-2.1796875,-0.103515625,1.50585938,-0.548828125
416,4101943,4401943,0.181152344,0.772277832,-0.392333984,0.465637207,0.6171875,0.2421875,0.24609375,-8.28125,-4.046875,-2.1796875,-0.06640625,1.68359375,-0.6796875
417,4110159,4410159,0.181640625,0.777099609,-0.392211914,0.457458496,0.29296875,0.37890625,0.3203125,-8.1484375,-4.1484375,-2.4453125,-0.06640625,1.68359375,-0.6796875
418,4124765,4424765,0.181945801,0.781677246,-0.392089844,0.449584961,0.29296875,0.37890625,0.3203125,-8.1484375,-4.1484375,-2.4453125,-0.056640625,1.80664062,-0.8046875
419,4128388,4428388,0.182189941,0.786865234,-0.392089844,0.440429688,0.01953125,0.22265625,0.30078125,-7.9921875,-4.2578125,-2.734375,-0.056640625,1.80664062,-0.8046875
420,4140572,4440572,0.182373047,0.791809082,-0.392150879,0.431274414,0.01953125,0.22265625,0.30078125,-7.9921875,-4.2578125,-2.734375,-0.025390625,1.92382812,-0.89453125
421,4147501,4447501,0.182495117,0.796813965,-0.392211914,0.421813965,-0.12109375,0.1640625,0.30078125,-7.8125,-4.390625,-3.0390625,-0.025390625,1.92382812,-0.89453125
422,4163694,4463694,0.182617188,0.801635742,-0.39239502,0.412414551,-0.12109375,0.1640625,0.30078125,-7.8125,-4.390625,-3.0390625,-0.00390625,2.00976562,-0.9609375
423,4167312,4467312,0.182678223,0.80657959,-0.39251709,0.402404785,-0.33203125,0.1484375,-0.0234375,-7.6015625,-4.53125,-3.328125,-0.00390625,2.00976562,-0.9609375
424,4181115,4481115,0.182678223,0.811889648,-0.392578125,0.391601562,-0.33203125,0.1484375,-0.0234375,-7.6015625,-4.53125,-3.328125,-0.013671875,2.08789062,-1.02148438
425,4186854,4486854,0.182556152,0.816894531,-0.392578125,0.381103516,-0.52734375,0.25390625,0.08984375,-7.3671875,-4.671875,-3.6328125,-0.013671875,2.08789062,-1.02148438
426,4204117,4504117,0.182434082,0.821777344,-0.392578125,0.370605469,-0.52734375,0.25390625,0.08984375,-7.3671875,-4.671875,-3.6328125,-0.01171875,2.15820312,-1.06054688
427,4208299,4508299,0.182312012,0.826782227,-0.392578125,0.35925293,-0.43359375,-0.09765625,0.05078125,-7.1171875,-4.8203125,-3.9375,-0.01171875,2.15820312,-1.06054688
428,4221419,4521419,0.182250977,0.831604004,-0.392700195,0.34777832,-0.43359375,-0.09765625,0.05078125,-7.1171875,-4.8203125,-3.9375,0.091796875,2.2421875,-1.10546875
429,4225697,4525697,0.182250977,0.83605957,-0.393127441,0.336425781,-0.421875,-0.3984375,0.2109375,-6.8203125,-4.9765625,-4.25,0.091796875,2.2421875,-1.10546875
430,4240807,4540807,0.182189941,0.840698242,-0.393981934,0.323730469,-0.421875,-0.3984375,0.2109375,-6.8203125,-4.9765625,-4.25,0.26953125,2.3125,-1.19335938
431,4245853,4545853,0.182128906,0.844909668,-0.395019531,0.311279297,-0.703125,-0.6875,0.21484375,-6.5,-5.1484375,-4.5234375,0.26953125,2.3125,-1.19335938
432,4259506,4559506,0.18182373,0.849060059,-0.396118164,0.298522949,-0.703125,-0.6875,0.21484375,-6.5,-5.1484375,-4.5234375,0.32421875,2.36328125,-1.31445312
433,4266588,4566588,0.181213379,0.853027344,-0.397399902,0.285522461,-1.171875,-0.578125,0.09765625,-6.1484375,-5.3359375,-4.7890625,0.32421875,2.36328125,-1.31445312
434,4282622,4582622,0.180358887,0.856689453,-0.398681641,0.273132324,-1.171875,-0.578125,0.09765625,-6.1484375,-5.3359375,-4.7890625,0.349609375,2.31835938,-1.42578125
435,4287035,4587035,0.179199219,0.860473633,-0.399780273,0.260070801,-1.1171875,-0.11328125,-0.16015625,-5.78125,-5.53125,-5.03125,0.349609375,2.31835938,-1.42578125
436,4300435,4600435,0.17755127,0.864562988,-0.400390625,0.246398926,-1.1171875,-0.11328125,-0.16015625,-5.78125,-5.53125,-5.03125,0.08984375,2.32226562,-1.4921875
437,4306593,4606593,0.175964355,0.868469238,-0.400390625,0.233398438,-0.99609375,0.2265625,-0.0390625,-5.3671875,-5.71875,-5.265625,0.08984375,2.32226562,-1.4921875
438,4319619,4619619,0.174499512,0.872131348,-0.400085449,0.221008301,-0.99609375,0.2265625,-0.0390625,-5.3671875,-5.71875,-5.265625,0.025390625,2.22851562,-1.34960938
439,4325613,4625613,0.173034668,0.875610352,-0.399780273,0.208557129,-0.58984375,-0.16015625,-0.73046875,-4.96875,-5.8671875,-5.4921875,0.025390625,2.22851562,-1.34960938
440,4341093,4641093,0.171691895,0.878845215,-0.399536133,0.196350098,-0.58984375,-0.16015625,-0.73046875,-4.96875,-5.8671875,-5.4921875,0.072265625,2.16796875,-1.3046875
441,4344708,4644708,0.170410156,0.881774902,-0.399230957,0.184570312,-0.23046875,-0.1796875,-0.60546875,-4.5625,-6,-5.6953125,0.072265625,2.16796875,-1.3046875
442,4360613,4660613,0.169250488,0.88458252,-0.398925781,0.172485352,-0.23046875,-0.1796875,-0.60546875,-4.5625,-6,-5.6953125,0.09375,2.17578125,-1.24414062
443,4365405,4665405,0.168273926,0.887145996,-0.398620605,0.160400391,0.453125,0.01171875,-0.703125,-4.171875,-6.1171875,-5.8671875,0.09375,2.17578125,-1.24414062
444,4379368,4679368,0.167297363,0.889648438,-0.398254395,0.147949219,0.453125,0.01171875,-0.703125,-4.171875,-6.1171875,-5.8671875,0.111328125,2.11914062,-1.171875
445,4385345,4685345,0.166320801,0.891906738,-0.397766113,0.136352539,0.421875,0.54296875,-0.1171875,-3.7578125,-6.2265625,-6.03125,0.111328125,2.11914062,-1.171875
446,4399936,4699936,0.165100098,0.894287109,-0.396850586,0.124450684,0.421875,0.54296875,-0.1171875,-3.7578125,-6.2265625,-6.03125,-0.0546875,2.08007812,-1.21679688
447,4404744,4704744,0.163635254,0.896789551,-0.395263672,0.112731934,0.29296875,0.58984375,0.29296875,-3.359375,-6.3125,-6.171875,-0.0546875,2.08007812,-1.21679688
448,4420263,4720263,0.162109375,0.899169922,-0.393554688,0.101989746,0.29296875,0.58984375,0.29296875,-3.359375,-6.3125,-6.171875,-0.1875,1.95117188,-1.18164062
449,4424550,4724550,0.160644531,0.901245117,-0.391845703,0.091796875,0.34375,0.421875,-0.1328125,-2.953125,-6.375,-6.3203125,-0.1875,1.95117188,-1.18164062
450,4439590,4739590,0.159057617,0.903259277,-0.390197754,0.0812988281,0.34375,0.421875,-0.1328125,-2.953125,-6.375,-6.3203125,-0.134765625,1.8125,-1.10742188
451,4444626,4744626,0.157409668,0.905029297,-0.388671875,0.0708007812,0.58203125,0.42578125,0.13671875,-2.578125,-6.4140625,-6.4375,-0.134765625,1.8125,-1.10742188
452,4459361,4759361,0.155700684,0.90637207,-0.387878418,0.0614013672,0.58203125,0.42578125,0.13671875,-2.578125,-6.4140625,-6.4375,0.091796875,1.59375,-1.08789062
453,4464429,4764429,0.153747559,0.907470703,-0.387451172,0.0517578125,0.71484375,0.203125,-0.0078125,-2.2109375,-6.4609375,-6.5234375,0.091796875,1.59375,-1.08789062
454,4479191,4779191,0.151611328,0.908447266,-0.387145996,0.0427856445,0.71484375,0.203125,-0.0078125,-2.2109375,-6.4609375,-6.5234375,0.123046875,1.5,-1.15429688
455,4484229,4784229,0.149291992,0.909423828,-0.386657715,0.0338134766,0.78515625,0.7265625,0.58203125,-1.859375,-6.5234375,-6.578125,0.123046875,1.5,-1.15429688
456,4499287,4799287,0.146911621,0.910461426,-0.385803223,0.0252685547,0.78515625,0.7265625,0.58203125,-1.859375,-6.5234375,-6.578125,-0.033203125,1.421875,-1.13671875
457,4504341,4804341,0.144470215,0.911499023,-0.384765625,0.0166015625,0.79296875,0.92578125,0.5,-1.5234375,-6.5703125,-6.609375,-0.033203125,1.421875,-1.13671875
458,4519534,4819534,0.142211914,0.912353516,-0.383850098,0.00872802734,0.79296875,0.92578125,0.5,-1.5234375,-6.5703125,-6.609375,0.01171875,1.29492188,-1.02734375
459,4523277,4823277,0.140258789,0.912963867,-0.383178711,0.00146484375,0.92578125,0.6796875,0.65234375,-1.1953125,-6.59375,-6.6484375,0.01171875,1.29492188,-1.02734375
460,4540711,4840711,-0.138305664,-0.913452148,0.382629395,0.00598144531,0.92578125,0.6796875,0.65234375,-1.1953125,-6.59375,-6.6484375,0.091796875,1.10351562,-0.869140625
461,4545857,4845857,-0.136535645,-0.913757324,0.382385254,0.0121459961,0.71875,0.359375,0.83203125,-0.9140625,-6.6171875,-6.671875,0.091796875,1.10351562,-0.869140625
462,4557704,4857704,-0.134643555,-0.9140625,0.382202148,0.0182495117,0.71875,0.359375,0.83203125,-0.9140625,-6.6171875,-6.671875,0.107421875,0.890625,-0.7734375
463,4566632,4866632,-0.1328125,-0.914306641,0.381896973,0.0235595703,0.4375,0.4296875,0.41015625,-0.671875,-6.6484375,-6.671875,0.107421875,0.890625,-0.7734375
464,4579429,4879429,-0.130981445,-0.914794922,0.381103516,0.0285644531,0.4375,0.4296875,0.41015625,-0.671875,-6.6484375,-6.671875,-0.08984375,0.75390625,-0.708984375
465,4583175,4883175,-0.129333496,-0.915283203,0.380004883,0.0329589844,0.3828125,0.7734375,0.265625,-0.4609375,-6.6484375,-6.6796875,-0.08984375,0.75390625,-0.708984375
466,4598193,4898193,-0.127807617,-0.915893555,0.378723145,0.0373535156,0.3828125,0.7734375,0.265625,-0.4609375,-6.6484375,-6.6796875,-0.142578125,0.724609375,-0.619140625
467,4604180,4904180,-0.126403809,-0.916320801,0.377624512,0.0419921875,0.5078125,-0.19140625,-0.36328125,-0.28125,-6.640625,-6.703125,-0.142578125,0.724609375,-0.619140625
468,4618691,4918691,-0.125305176,-0.916625977,0.37677002,0.0465698242,0.5078125,-0.19140625,-0.36328125,-0.28125,-6.640625,-6.703125,-0.017578125,0.759765625,-0.541015625
469,4622967,4922967,-0.124267578,-0.916748047,0.376220703,0.0506591797,0.05859375,-0.54296875,-0.1953125,-0.1015625,-6.6328125,-6.71875,-0.017578125,0.759765625,-0.541015625
470,4638806,4938806,-0.123168945,-0.916870117,0.375732422,0.0547485352,0.05859375,-0.54296875,-0.1953125,-0.1015625,-6.6328125,-6.71875,0.00390625,0.60546875,-0.486328125
471,4642533,4942533,-0.122131348,-0.917053223,0.375183105,0.0580444336,-0.2578125,-0.7421875,-0.671875,0.0625,-6.625,-6.703125,0.00390625,0.60546875,-0.486328125
472,4660619,4960619,-0.12097168,-0.917297363,0.374450684,0.0614624023,-0.2578125,-0.7421875,-0.671875,0.0625,-6.625,-6.703125,-0.06640625,0.5078125,-0.44140625
473,4665666,4965666,-0.119995117,-0.917541504,0.373657227,0.0643310547,-0.16015625,-0.59765625,-0.81640625,0.1953125,-6.6171875,-6.7109375,-0.06640625,0.5078125,-0.44140625
474,4677881,4977881,-0.119018555,-0.917785645,0.372802734,0.0673217773,-0.16015625,-0.59765625,-0.81640625,0.1953125,-6.6171875,-6.7109375,-0.08203125,0.46875,-0.404296875
475,4683856,4983856,-0.118041992,-0.91796875,0.372070312,0.0701904297,-0.015625,-0.73046875,-0.73046875,0.3203125,-6.6015625,-6.71875,-0.08203125,0.46875,-0.404296875
476,4697855,4997855,-0.117126465,-0.918151855,0.371398926,0.0728759766,-0.015625,-0.73046875,-0.73046875,0.3203125,-6.6015625,-6.71875,-0.056640625,0.439453125,-0.392578125
477,4703841,5003841,-0.116210938,-0.918334961,0.370788574,0.0756225586,0.02734375,-0.9375,-0.68359375,0.4296875,-6.5859375,-6.7265625,-0.056640625,0.439453125,-0.392578125
478,4720409,5020409,-0.11541748,-0.918395996,0.370239258,0.0781860352,0.02734375,-0.9375,-0.68359375,0.4296875,-6.5859375,-6.7265625,-0.01953125,0.4296875,-0.345703125
479,4724501,5024501,-0.114685059,-0.918457031,0.369873047,0.0807495117,-0.19921875,-0.9453125,-0.6484375,0.5390625,-6.578125,-6.7265625,-0.01953125,0.4296875,-0.345703125
480,4740152,5040152,-0.114013672,-0.918334961,0.369689941,0.0832519531,-0.19921875,-0.9453125,-0.6484375,0.5390625,-6.578125,-6.7265625,0.064453125,0.43359375,-0.306640625
481,4744859,5044859,-0.11340332,-0.918212891,0.369689941,0.0858154297,0.046875,-0.484375,0.33984375,0.640625,-6.578125,-6.71875,0.064453125,0.43359375,-0.306640625
482,4756197,5056197,-0.112792969,-0.91809082,0.369689941,0.0879516602,0.046875,-0.484375,0.33984375,0.640625,-6.578125,-6.71875,0.048828125,0.3046875,-0.25390625
483,4763103,5063103,-0.112243652,-0.91809082,0.369506836,0.0896606445,-0.1640625,-0.171875,0.1328125,0.734375,-6.5859375,-6.703125,0.048828125,0.3046875,-0.25390625
484,4776645,5076645,-0.111816406,-0.91809082,0.369140625,0.091003418,-0.1640625,-0.171875,0.1328125,0.734375,-6.5859375,-6.703125,-0.0390625,0.21484375,-0.171875
485,4782392,5082392,-0.11151123,-0.918212891,0.368774414,0.0922241211,0.1953125,-0.0546875,0.31640625,0.796875,-6.5859375,-6.6953125,-0.0390625,0.21484375,-0.171875
486,4796644,5096644,-0.111450195,-0.918212891,0.368469238,0.0932006836,0.1953125,-0.0546875,0.31640625,0.796875,-6.5859375,-6.6953125,-0.00390625,0.158203125,-0.060546875
487,4802366,5102366,-0.11151123,-0.91809082,0.368530273,0.0938720703,0.1171875,-0.484375,0.31640625,0.8359375,-6.578125,-6.6953125,-0.00390625,0.158203125,-0.060546875
488,4816271,5116271,-0.111694336,-0.91796875,0.368835449,0.0941162109,0.1171875,-0.484375,0.31640625,0.8359375,-6.578125,-6.6953125,0.076171875,0.0234375,0.0390625
489,4822013,5122013,-0.111938477,-0.917785645,0.36920166,0.0939331055,-0.08984375,-0.32421875,0.39453125,0.8515625,-6.5859375,-6.6953125,0.076171875,0.0234375,0.0390625
490,4834125,5134125,-0.112243652,-0.917724609,0.369445801,0.0932617188,-0.08984375,-0.32421875,0.39453125,0.8515625,-6.5859375,-6.6953125,0.00390625,-0.15234375,0.150390625
491,4842080,5142080,-0.112731934,-0.917785645,0.369506836,0.0921020508,-0.02734375,0.02734375,0.30859375,0.828125,-6.59375,-6.6875,0.00390625,-0.15234375,0.150390625
492,4855069,5155069,-0.113464355,-0.917907715,0.36932373,0.0902709961,-0.02734375,0.02734375,0.30859375,0.828125,-6.59375,-6.6875,-0.1328125,-0.30078125,0.28125
493,4864873,5164873,-0.114318848,-0.918151855,0.36895752,0.0880737305,0.15234375,0.14453125,0.203125,0.765625,-6.59375,-6.6953125,-0.1328125,-0.30078125,0.28125
494,4877781,5177781,-0.11541748,-0.918457031,0.368530273,0.0853881836,0.15234375,0.14453125,0.203125,0.765625,-6.59375,-6.6953125,-0.193359375,-0.4453125,0.412109375
495,4881508,5181508,-0.116577148,-0.918762207,0.368041992,0.0824584961,0.16796875,0.08984375,0.00390625,0.671875,-6.578125,-6.7265625,-0.193359375,-0.4453125,0.412109375
496,4896184,5196184,-0.118103027,-0.919067383,0.367553711,0.0789794922,0.16796875,0.08984375,0.00390625,0.671875,-6.578125,-6.7265625,-0.22265625,-0.513671875,0.53515625
497,4901234,5201234,-0.119873047,-0.919372559,0.36706543,0.0753173828,0.25390625,0.14453125,0.1875,0.546875,-6.5546875,-6.7578125,-0.22265625,-0.513671875,0.53515625
498,4914301,5214301,-0.121826172,-0.919616699,0.366638184,0.0710449219,0.25390625,0.14453125,0.1875,0.546875,-6.5546875,-6.7578125,-0.240234375,-0.689453125,0.701171875
499,4921920,5221920,-0.123901367,-0.91986084,0.366210938,0.0659790039,0.10546875,-0.00390625,0.34375,0.390625,-6.5234375,-6.796875,-0.240234375,-0.689453125,0.701171875
500,4936860,5236860,-0.126098633,-0.92010498,0.365905762,0.0599365234,0.10546875,-0.00390625,0.34375,0.390625,-6.5234375,-6.796875,-0.2578125,-1.015625,0.888671875
501,4940621,5240621,-0.128479004,-0.920288086,0.365661621,0.0533447266,-0.12890625,-0.2578125,-0.30859375,0.1640625,-6.5,-6.8359375,-0.2578125,-1.015625,0.888671875
502,4956345,5256345,-0.131164551,-0.920349121,0.365539551,0.0456542969,-0.12890625,-0.2578125,-0.30859375,0.1640625,-6.5,-6.8359375,-0.216796875,-1.23242188,1.078125
503,4961377,5261377,-0.133850098,-0.920288086,0.365722656,0.0377197266,-0.0390625,-0.37109375,-0.4296875,-0.1171875,-6.4609375,-6.8671875,-0.216796875,-1.23242188,1.078125
504,4976978,5276978,-0.136657715,-0.920043945,0.366149902,0.0278930664,-0.0390625,-0.37109375,-0.4296875,-0.1171875,-6.4609375,-6.8671875,-0.166015625,-1.65039062,1.23242188
505,4981271,5281271,-0.139221191,-0.919677734,0.366760254,0.0179443359,-0.26953125,-0.48046875,-1.02734375,-0.4609375,-6.4296875,-6.8828125,-0.166015625,-1.65039062,1.23242188
506,4995645,5295645,-0.142028809,-0.919067383,0.367553711,0.00695800781,-0.26953125,-0.48046875,-1.02734375,-0.4609375,-6.4296875,-6.8828125,-0.119140625,-1.85351562,1.359375
507,5000421,5300421,0.144958496,0.918273926,-0.368408203,0.00482177734,0.05859375,-0.6328125,-0.8828125,-0.8671875,-6.390625,-6.875,-0.119140625,-1.85351562,1.359375
508,5015845,5315845,0.147583008,0.917419434,-0.36920166,0.016784668,0.05859375,-0.6328125,-0.8828125,-0.8671875,-6.390625,-6.875,-0.1484375,-2.08398438,1.41210938
509,5020654,5320654,0.150024414,0.916442871,-0.369873047,0.0288696289,-0.55859375,-0.56640625,-0.828125,-1.3203125,-6.34375,-6.8515625,-0.1484375,-2.08398438,1.41210938
510,5035201,5335201,0.15246582,0.915222168,-0.370605469,0.0426025391,-0.55859375,-0.56640625,-0.828125,-1.3203125,-6.34375,-6.8515625,-0.158203125,-2.3125,1.45117188
511,5039991,5339991,0.154785156,0.913696289,-0.371582031,0.0559082031,-0.49609375,-0.7421875,-0.953125,-1.8046875,-6.28125,-6.8046875,-0.158203125,-2.3125,1.45117188
512,5056108,5356108,0.157043457,0.911804199,-0.37286377,0.0702514648,-0.49609375,-0.7421875,-0.953125,-1.8046875,-6.28125,-6.8046875,-0.0625,-2.50390625,1.49609375
513,5059735,5359735,0.158996582,0.909790039,-0.374084473,0.083984375,-0.90234375,-0.765625,-0.8828125,-2.3203125,-6.21875,-6.71875,-0.0625,-2.50390625,1.49609375
514,5076346,5376346,0.160888672,0.907287598,-0.375610352,0.0994262695,-0.90234375,-0.765625,-0.8828125,-2.3203125,-6.21875,-6.71875,0.037109375,-2.61132812,1.45507812
515,5079944,5379944,0.162475586,0.904724121,-0.377197266,0.113037109,-0.53125,-0.84375,-1.0546875,-2.84375,-6.140625,-6.5859375,0.037109375,-2.61132812,1.45507812
516,5095398,5395398,0.164367676,0.901611328,-0.379150391,0.127990723,-0.53125,-0.84375,-1.0546875,-2.84375,-6.140625,-6.5859375,0.16015625,-2.59179688,1.484375
517,5099695,5399695,0.16619873,0.8984375,-0.38092041,0.141662598,0.1015625,-0.234375,-0.73046875,-3.359375,-6.0625,-6.4140625,0.16015625,-2.59179688,1.484375
518,5114014,5414014,0.168334961,0.894775391,-0.3828125,0.156311035,0.1015625,-0.234375,-0.73046875,-3.359375,-6.0625,-6.4140625,0.19140625,-2.49414062,1.50390625
519,5119202,5419202,0.170349121,0.891357422,-0.384399414,0.169494629,0.140625,-0.05078125,-0.51171875,-3.859375,-5.9765625,-6.2109375,0.19140625,-2.49414062,1.50390625
520,5135116,5435116,0.172546387,0.887451172,-0.385803223,0.183837891,0.140625,-0.05078125,-0.51171875,-3.859375,-5.9765625,-6.2109375,0.111328125,-2.4609375,1.51171875
521,5140183,5440183,0.174438477,0.883789062,-0.38684082,0.196960449,-0.06640625,0.15234375,-0.15625,-4.34375,-5.875,-5.9921875,0.111328125,-2.4609375,1.51171875
522,5155132,5455132,0.176452637,0.879699707,-0.387817383,0.211120605,-0.06640625,0.15234375,-0.15625,-4.34375,-5.875,-5.9921875,0.06640625,-2.42382812,1.46875
523,5161100,5461100,0.178100586,0.875854492,-0.388671875,0.223815918,0.203125,-0.046875,-0.12109375,-4.8046875,-5.75,-5.7578125,0.06640625,-2.42382812,1.46875
524,5175271,5475271,0.17980957,0.871276855,-0.389587402,0.23815918,0.203125,-0.046875,-0.12109375,-4.8046875,-5.75,-5.7578125,0.08203125,-2.421875,1.41015625
525,5179016,5479016,0.181152344,0.86730957,-0.390380859,0.250244141,0.3828125,0.0390625,0.00390625,-5.25,-5.609375,-5.5,0.08203125,-2.421875,1.41015625
526,5194807,5494807,0.182556152,0.862670898,-0.391113281,0.26373291,0.3828125,0.0390625,0.00390625,-5.25,-5.609375,-5.5,0.06640625,-2.3828125,1.37695312
527,5201726,5501726,0.183898926,0.858276367,-0.391601562,0.276000977,0.90234375,0.20703125,-0.20703125,-5.65625,-5.46875,-5.25,0.06640625,-2.3828125,1.37695312
528,5214034,5514034,0.18536377,0.853515625,-0.391967773,0.2890625,0.90234375,0.20703125,-0.20703125,-5.65625,-5.46875,-5.25,0.015625,-2.26953125,1.35351562
529,5223544,5523544,0.186584473,0.848937988,-0.392150879,0.301086426,0.59765625,0.328125,-0.03125,-6.0390625,-5.3203125,-4.96875,0.015625,-2.26953125,1.35351562
530,5235448,5535448,0.187744141,0.844360352,-0.39239502,0.312805176,0.59765625,0.328125,-0.03125,-6.0390625,-5.3203125,-4.96875,0.052734375,-2.16015625,1.2421875
531,5239047,5539047,0.188720703,0.839782715,-0.392822266,0.323852539,0.40234375,0.0546875,0.04296875,-6.3828125,-5.1640625,-4.6953125,0.052734375,-2.16015625,1.2421875
532,5253856,5553856,0.189575195,0.834960938,-0.393493652,0.334716797,0.40234375,0.0546875,0.04296875,-6.3828125,-5.1640625,-4.6953125,0.13671875,-2.11328125,1.11328125
533,5261785,5561785,0.190185547,0.82989502,-0.394287109,0.345825195,0.140625,-0.0859375,0.09765625,-6.6953125,-5.0234375,-4.40625,0.13671875,-2.11328125,1.11328125
534,5276510,5576510,0.190673828,0.824829102,-0.395263672,0.356506348,0.140625,-0.0859375,0.09765625,-6.6953125,-5.0234375,-4.40625,0.1953125,-2.11914062,1.03515625
535,5280127,5580127,0.191101074,0.819763184,-0.396179199,0.366821289,0.3984375,0.01171875,-0.32421875,-6.9921875,-4.890625,-4.1015625,0.1953125,-2.11914062,1.03515625
536,5293929,5593929,0.191589355,0.814575195,-0.396972656,0.37713623,0.3984375,0.01171875,-0.32421875,-6.9921875,-4.890625,-4.1015625,0.16015625,-1.9921875,1.0078125
537,5302835,5602835,0.192016602,0.809509277,-0.397460938,0.387145996,0.89453125,0.72265625,-0.21484375,-7.2578125,-4.7578125,-3.7890625,0.16015625,-1.9921875,1.0078125
538,5312472,5612472,0.192321777,0.804931641,-0.397583008,0.396179199,0.89453125,0.72265625,-0.21484375,-7.2578125,-4.7578125,-3.7890625,0.03125,-1.80664062,0.947265625
539,5319375,5619375,0.192626953,0.800537109,-0.397521973,0.404968262,0.73828125,0.62890625,0.1484375,-7.484375,-4.625,-3.5,0.03125,-1.80664062,0.947265625
540,5332920,5632920,0.192810059,0.796325684,-0.397338867,0.413269043,0.73828125,0.62890625,0.1484375,-7.484375,-4.625,-3.5,-0.01171875,-1.5859375,0.8359375
541,5342020,5642020,0.192871094,0.792297363,-0.397155762,0.421081543,0.3984375,0.5234375,0.2734375,-7.6796875,-4.484375,-3.2421875,-0.01171875,-1.5859375,0.8359375
542,5351457,5651457,0.192687988,0.788574219,-0.397033691,0.428222656,0.3984375,0.5234375,0.2734375,-7.6796875,-4.484375,-3.2421875,-0.021484375,-1.50976562,0.693359375
543,5358197,5658197,0.192321777,0.784606934,-0.396972656,0.435668945,0.37109375,0.29296875,0.5078125,-7.84375,-4.3671875,-3.015625,-0.021484375,-1.50976562,0.693359375
544,5375589,5675589,0.191955566,0.780761719,-0.396972656,0.442626953,0.37109375,0.29296875,0.5078125,-7.84375,-4.3671875,-3.015625,0.0234375,-1.43164062,0.60546875
545,5382374,5682374,0.19152832,0.77722168,-0.397216797,0.448852539,0.47265625,-0.0390625,0.33984375,-7.984375,-4.265625,-2.7734375,0.0234375,-1.43164062,0.60546875
546,5392380,5692380,0.191101074,0.7734375,-0.397521973,0.455200195,0.47265625,-0.0390625,0.33984375,-7.984375,-4.265625,-2.7734375,0.064453125,-1.30859375,0.5078125
547,5398346,5698346,0.190490723,0.769958496,-0.397766113,0.461181641,0.55078125,0.56640625,0.3515625,-8.1015625,-4.1796875,-2.5546875,0.064453125,-1.30859375,0.5078125
548,5412563,5712563,0.18963623,0.766845703,-0.397827148,0.466674805,0.55078125,0.56640625,0.3515625,-8.1015625,-4.1796875,-2.5546875,-0.041015625,-1.16601562,0.40234375
549,5421973,5721973,0.188781738,0.763916016,-0.397766113,0.471740723,0.23046875,0.33203125,0.1875,-8.203125,-4.1015625,-2.3515625,-0.041015625,-1.16601562,0.40234375
550,5431948,5731948,0.188049316,0.761352539,-0.397705078,0.476318359,0.23046875,0.33203125,0.1875,-8.203125,-4.1015625,-2.3515625,-0.05078125,-1,0.357421875
551,5437928,5737928,0.18737793,0.758728027,-0.397583008,0.480834961,0.30078125,0.34765625,0.28515625,-8.2734375,-4.0390625,-2.1796875,-0.05078125,-1,0.357421875
552,5453251,5753251,0.186828613,0.756286621,-0.397399902,0.484924316,0.30078125,0.34765625,0.28515625,-8.2734375,-4.0390625,-2.1796875,-0.041015625,-0.84765625,0.359375
553,5460151,5760151,0.186523438,0.754150391,-0.397216797,0.488525391,0.37109375,0.0546875,0.3671875,-8.34375,-3.9765625,-2.03125,-0.041015625,-0.84765625,0.359375
554,5471475,5771475,0.186401367,0.75213623,-0.397094727,0.491821289,0.37109375,0.0546875,0.3671875,-8.34375,-3.9765625,-2.03125,0.03125,-0.65625,0.3046875
555,5477438,5777438,0.186279297,0.750244141,-0.397094727,0.494689941,0.3125,0.078125,0.43359375,-8.3984375,-3.921875,-1.90625,0.03125,-0.65625,0.3046875
556,5491369,5791369,0.186157227,0.748657227,-0.397155762,0.497131348,0.3125,0.078125,0.43359375,-8.3984375,-3.921875,-1.90625,0.01171875,-0.498046875,0.193359375
557,5499220,5799220,0.185852051,0.747375488,-0.397155762,0.499206543,0.0546875,0.14453125,0.3671875,-8.4453125,-3.875,-1.8046875,0.01171875,-0.498046875,0.193359375
558,5512378,5812378,0.18536377,0.746276855,-0.397216797,0.500915527,0.0546875,0.14453125,0.3671875,-8.4453125,-3.875,-1.8046875,-0.029296875,-0.384765625,0.068359375
559,5517417,5817417,0.184692383,0.745422363,-0.397338867,0.502380371,-0.19140625,0.16015625,0.375,-8.46875,-3.8515625,-1.734375,-0.029296875,-0.384765625,0.068359375
560,5532318,5832318,0.184082031,0.744750977,-0.397460938,0.503417969,-0.19140625,0.16015625,0.375,-8.46875,-3.8515625,-1.734375,-0.0234375,-0.23046875,-0.017578125
561,5538765,5838765,0.18359375,0.744384766,-0.397644043,0.504089355,-0.03125,0.046875,0.43359375,-8.4765625,-3.8515625,-1.6796875,-0.0234375,-0.23046875,-0.017578125
562,5551936,5851936,0.183410645,0.744262695,-0.397644043,0.504272461,-0.03125,0.046875,0.43359375,-8.4765625,-3.8515625,-1.6796875,-0.015625,0.0078125,-0.021484375
563,5556979,5856979,0.183410645,0.744506836,-0.397583008,0.503967285,0.015625,0.0078125,0.49609375,-8.484375,-3.8515625,-1.6640625,-0.015625,0.0078125,-0.021484375
564,5571791,5871791,0.18359375,0.745056152,-0.397460938,0.503234863,0.015625,0.0078125,0.49609375,-8.484375,-3.8515625,-1.6640625,-0.01953125,0.244140625,-0.041015625
565,5577227,5877227,0.183959961,0.745910645,-0.397216797,0.50201416,-0.0703125,0.015625,0.59765625,-8.4765625,-3.859375,-1.6875,-0.01953125,0.244140625,-0.041015625
566,5591686,5891686,0.184387207,0.747009277,-0.396972656,0.500366211,-0.0703125,0.015625,0.59765625,-8.4765625,-3.859375,-1.6875,-0.015625,0.462890625,-0.087890625
567,5596750,5896750,0.184997559,0.748413086,-0.39666748,0.498291016,-0.20703125,0.0625,0.53515625,-8.453125,-3.8671875,-1.7421875,-0.015625,0.462890625,-0.087890625
568,5612698,5912698,0.18548584,0.750183105,-0.396362305,0.495727539,-0.20703125,0.0625,0.53515625,-8.453125,-3.8671875,-1.7421875,-0.056640625,0.666015625,-0.185546875
569,5620147,5920147,0.185913086,0.752197266,-0.395996094,0.492797852,-0.31640625,0.27734375,0.5546875,-8.421875,-3.890625,-1.8359375,-0.056640625,0.666015625,-0.185546875
570,5630816,5930816,0.186340332,0.754760742,-0.395568848,0.489013672,-0.31640625,0.27734375,0.5546875,-8.421875,-3.890625,-1.8359375,-0.095703125,0.876953125,-0.306640625
571,5637157,5937157,0.186584473,0.757568359,-0.395141602,0.484924316,-0.0546875,0.27734375,0.38671875,-8.375,-3.9296875,-1.9765625,-0.095703125,0.876953125,-0.306640625
572,5651868,5951868,0.186828613,0.760620117,-0.394775391,0.480285645,-0.0546875,0.27734375,0.38671875,-8.375,-3.9296875,-1.9765625,-0.111328125,1.1015625,-0.455078125
573,5659367,5959367,0.186950684,0.763977051,-0.39440918,0.475219727,0.1796875,0.37109375,0.3671875,-8.3046875,-3.984375,-2.1484375,-0.111328125,1.1015625,-0.455078125
574,5672014,5972014,0.187194824,0.768005371,-0.393920898,0.468994141,0.1796875,0.37109375,0.3671875,-8.3046875,-3.984375,-2.1484375,-0.123046875,1.38476562,-0.55859375
575,5675748,5975748,0.18762207,0.771972656,-0.393493652,0.462646484,0.66015625,0.21875,0.30859375,-8.2109375,-4.0625,-2.359375,-0.123046875,1.38476562,-0.55859375
576,5693389,5993389,0.188232422,0.776611328,-0.393127441,0.45489502,0.66015625,0.21875,0.30859375,-8.2109375,-4.0625,-2.359375,-0.0546875,1.66015625,-0.646484375
577,5700144,6000144,0.188781738,0.780944824,-0.392883301,0.44732666,0.56640625,0.1953125,0.30859375,-8.078125,-4.15625,-2.625,-0.0546875,1.66015625,-0.646484375
578,5711847,6011847,0.18939209,0.785888672,-0.392822266,0.438354492,0.56640625,0.1953125,0.30859375,-8.078125,-4.15625,-2.625,0.0078125,1.84765625,-0.80859375
579,5715573,6015573,0.189697266,0.790527344,-0.393005371,0.4296875,0.37109375,0.3828125,0.12109375,-7.921875,-4.265625,-2.8984375,0.0078125,1.84765625,-0.80859375
580,5730395,6030395,0.189758301,0.795715332,-0.393310547,0.419677734,0.37109375,0.3828125,0.12109375,-7.921875,-4.265625,-2.8984375,0.02734375,1.98632812,-1.01953125
581,5736220,6036220,0.18951416,0.80078125,-0.393676758,0.409729004,0.29296875,0.64453125,0.07421875,-7.7265625,-4.4140625,-3.1953125,0.02734375,1.98632812,-1.01953125
582,5748862,6048862,0.188903809,0.806030273,-0.394104004,0.399169922,0.29296875,0.64453125,0.07421875,-7.7265625,-4.4140625,-3.1953125,0.013671875,2.12109375,-1.21679688
583,5758396,6058396,0.188110352,0.811584473,-0.39465332,0.387512207,0.2109375,0.46484375,-0.00390625,-7.4921875,-4.578125,-3.5,0.013671875,2.12109375,-1.21679688
584,5776742,6076742,0.187316895,0.816894531,-0.395202637,0.375976562,0.2109375,0.46484375,-0.00390625,-7.4921875,-4.578125,-3.5,0.05078125,2.24414062,-1.31835938
585,5780606,6080606,0.186523438,0.822021484,-0.395812988,0.364440918,0.11328125,0.26953125,0.0859375,-7.203125,-4.765625,-3.8203125,0.05078125,2.24414062,-1.31835938
586,5791395,6091395,0.185668945,0.827514648,-0.396606445,0.351379395,0.11328125,0.26953125,0.0859375,-7.203125,-4.765625,-3.8203125,0.1328125,2.328125,-1.34765625
587,5795145,6095145,0.185058594,0.83215332,-0.397338867,0.339782715,0.14453125,0.16796875,-0.015625,-6.890625,-4.96875,-4.140625,0.1328125,2.328125,-1.34765625
588,5809986,6109986,0.184326172,0.837341309,-0.398193359,0.32611084,0.14453125,0.16796875,-0.015625,-6.890625,-4.96875,-4.140625,0.18359375,2.41601562,-1.38476562
589,5815223,6115223,0.183532715,0.842102051,-0.398925781,0.313110352,-0.046875,0.32421875,-0.140625,-6.546875,-5.1640625,-4.4375,0.18359375,2.41601562,-1.38476562
590,5830084,6130084,0.182495117,0.846740723,-0.399536133,0.300109863,-0.046875,0.32421875,-0.140625,-6.546875,-5.1640625,-4.4375,0.146484375,2.44726562,-1.49804688
591,5836072,6136072,0.181030273,0.851623535,-0.400085449,0.286132812,-0.421875,0.51953125,-0.2421875,-6.171875,-5.359375,-4.71875,0.146484375,2.44726562,-1.49804688
592,5850452,6150452,0.179138184,0.856445312,-0.40020752,0.272399902,-0.421875,0.51953125,-0.2421875,-6.171875,-5.359375,-4.71875,-0.03125,2.4296875,-1.61328125
593,5856958,6156958,0.177001953,0.861083984,-0.399780273,0.259521484,-0.671875,0.515625,0.0078125,-5.765625,-5.546875,-5.0078125,-0.03125,2.4296875,-1.61328125
594,5871205,6171205,0.174377441,0.866333008,-0.398681641,0.245239258,-0.671875,0.515625,0.0078125,-5.765625,-5.546875,-5.0078125,-0.2578125,2.47265625,-1.66015625
595,5874942,6174942,0.17199707,0.87097168,-0.397521973,0.232116699,-0.52734375,-0.203125,0.03125,-5.3359375,-5.7109375,-5.296875,-0.2578125,2.47265625,-1.66015625
596,5894031,6194031,0.169433594,0.875610352,-0.39630127,0.218017578,-0.52734375,-0.203125,0.03125,-5.3359375,-5.7109375,-5.296875,-0.181640625,2.3828125,-1.57421875
597,5897747,6197747,0.167175293,0.879638672,-0.395446777,0.204772949,-0.63671875,-0.51953125,-0.5,-4.8828125,-5.8515625,-5.5703125,-0.181640625,2.3828125,-1.57421875
598,5907575,6207575,0.165100098,0.882995605,-0.394958496,0.192382812,-0.63671875,-0.51953125,-0.5,-4.8828125,-5.8515625,-5.5703125,0.01171875,2.22851562,-1.49414062
599,5914314,6214314,0.162841797,0.886352539,-0.39453125,0.179260254,-0.421875,-0.00390625,-0.55078125,-4.4453125,-5.984375,-5.7890625,0.01171875,2.22851562,-1.49414062
600,5927051,6227051,0.160766602,0.889526367,-0.393859863,0.166687012,-0.421875,-0.00390625,-0.55078125,-4.4453125,-5.984375,-5.7890625,-0.076171875,2.16601562,-1.41210938
601,5936224,6236224,0.158691406,0.89251709,-0.392883301,0.154418945,-0.1796875,0.37890625,0.10546875,-4,-6.1015625,-5.984375,-0.076171875,2.16601562,-1.41210938
602,5947578,6247578,0.156677246,0.895385742,-0.391723633,0.14251709,-0.1796875,0.37890625,0.10546875,-4,-6.1015625,-5.984375,-0.16015625,2.09375,-1.33789062
603,5954324,6254324,0.154724121,0.898193359,-0.390197754,0.13079834,0.40234375,0.04296875,-0.06640625,-3.5859375,-6.1875,-6.15625,-0.16015625,2.09375,-1.33789062
604,5968265,6268265,0.152954102,0.900634766,-0.388793945,0.119628906,0.40234375,0.04296875,-0.06640625,-3.5859375,-6.1875,-6.15625,-0.095703125,1.94921875,-1.20117188
605,5974221,6274221,0.151367188,0.902648926,-0.387817383,0.108886719,0.21875,-0.30859375,-0.296875,-3.171875,-6.2578125,-6.3125,-0.095703125,1.94921875,-1.20117188
606,5990261,6290261,0.149841309,0.904296875,-0.387207031,0.0990600586,0.21875,-0.30859375,-0.296875,-3.171875,-6.2578125,-6.3125,0.025390625,1.70703125,-1.08007812
607,5993987,6293987,0.14831543,0.905883789,-0.386474609,0.0894775391,0.2734375,0.3671875,0.3125,-2.8046875,-6.3203125,-6.421875,0.025390625,1.70703125,-1.08007812
608,6008446,6308446,0.14654541,0.907409668,-0.385559082,0.0802001953,0.2734375,0.3671875,0.3125,-2.8046875,-6.3203125,-6.421875,-0.076171875,1.51171875,-1.03320312
609,6014227,6314227,0.14465332,0.908996582,-0.384216309,0.0717163086,0.57421875,0.38671875,0.359375,-2.453125,-6.375,-6.5078125,-0.076171875,1.51171875,-1.03320312
610,6027754,6327754,0.14276123,0.910644531,-0.382507324,0.0637817383,0.57421875,0.38671875,0.359375,-2.453125,-6.375,-6.5078125,-0.271484375,1.32421875,-0.95703125
611,6033720,6333720,0.140991211,0.912231445,-0.380554199,0.0563354492,0.453125,-0.05078125,-0.08984375,-2.140625,-6.3984375,-6.59375,-0.271484375,1.32421875,-0.95703125
612,6047649,6347649,0.139526367,0.913574219,-0.378723145,0.0493774414,0.453125,-0.05078125,-0.08984375,-2.140625,-6.3984375,-6.59375,-0.244140625,1.23828125,-0.7734375
613,6054799,6354799,0.138366699,0.914672852,-0.377319336,0.0424194336,0.4453125,-1.1328125,-0.73046875,-1.8671875,-6.390625,-6.6796875,-0.244140625,1.23828125,-0.7734375
614,6066476,6366476,0.137329102,0.915222168,-0.377075195,0.0357666016,0.4453125,-1.1328125,-0.73046875,-1.8671875,-6.390625,-6.6796875,0.232421875,1.11132812,-0.716796875
615,6073275,6373275,0.136169434,0.915344238,-0.377746582,0.0296020508,-0.1953125,-0.6484375,-0.45703125,-1.609375,-6.4140625,-6.7265625,0.232421875,1.11132812,-0.716796875
616,6086202,6386202,0.13470459,0.915405273,-0.378662109,0.0233764648,-0.1953125,-0.6484375,-0.45703125,-1.609375,-6.4140625,-6.7265625,0.287109375,1.015625,-0.775390625
617,6093571,6393571,0.132873535,0.915649414,-0.378967285,0.0169067383,0.15234375,0.71484375,0.72265625,-1.3828125,-6.4765625,-6.71875,0.287109375,1.015625,-0.775390625
618,6106727,6406727,0.13104248,0.91619873,-0.378540039,0.0111694336,0.15234375,0.71484375,0.72265625,-1.3828125,-6.4765625,-6.71875,-0.078125,0.888671875,-0.78515625
619,6113469,6413469,0.129211426,0.916992188,-0.377380371,0.00598144531,0.30078125,0.44921875,0.47265625,-1.1484375,-6.515625,-6.734375,-0.078125,0.888671875,-0.78515625
620,6125657,6425657,0.127624512,0.917785645,-0.375915527,0.00158691406,0.30078125,0.44921875,0.47265625,-1.1484375,-6.515625,-6.734375,-0.259765625,0.724609375,-0.640625
621,6133453,6433453,-0.126098633,-0.918640137,0.374328613,0.00274658203,0.296875,-0.71484375,-0.33203125,-0.953125,-6.5,-6.7734375,-0.259765625,0.724609375,-0.640625
622,6148310,6448310,-0.12487793,-0.919250488,0.37322998,0.0068359375,0.296875,-0.71484375,-0.33203125,-0.953125,-6.5,-6.7734375,-0.0703125,0.693359375,-0.525390625
623,6153346,6453346,-0.123901367,-0.919494629,0.37286377,0.0108642578,0.08984375,-1.11328125,-0.5625,-0.78125,-6.484375,-6.8125,-0.0703125,0.693359375,-0.525390625
624,6170338,6470338,-0.122924805,-0.919494629,0.373046875,0.0155639648,0.08984375,-1.11328125,-0.5625,-0.78125,-6.484375,-6.8125,0.2109375,0.75,-0.48828125
625,6174532,6474532,-0.122131348,-0.919311523,0.373657227,0.0197753906,0.1171875,-0.66796875,-0.22265625,-0.6171875,-6.5078125,-6.8046875,0.2109375,0.75,-0.48828125
626,6188081,6488081,-0.12097168,-0.919067383,0.374267578,0.0244140625,0.1171875,-0.66796875,-0.22265625,-0.6171875,-6.5078125,-6.8046875,0.193359375,0.716796875,-0.548828125
627,6193124,6493124,-0.119750977,-0.919067383,0.374328613,0.028503418,0.10546875,0.12890625,0.2109375,-0.453125,-6.5390625,-6.78125,0.193359375,0.716796875,-0.548828125
628,6209853,6509853,-0.118347168,-0.919372559,0.373718262,0.0323486328,0.10546875,0.12890625,0.2109375,-0.453125,-6.5390625,-6.78125,-0.10546875,0.556640625,-0.544921875
629,6214129,6514129,-0.117004395,-0.919921875,0.372619629,0.0355224609,0.24609375,0.52734375,-0.1328125,-0.2890625,-6.5546875,-6.78125,-0.10546875,0.556640625,-0.544921875
630,6228436,6528436,-0.115661621,-0.920593262,0.371032715,0.0388183594,0.24609375,0.52734375,-0.1328125,-0.2890625,-6.5546875,-6.78125,-0.251953125,0.52734375,-0.4609375
631,6232165,6532165,-0.114807129,-0.921020508,0.369812012,0.0419311523,0.49609375,-0.4609375,-0.5625,-0.15625,-6.5234375,-6.8125,-0.251953125,0.52734375,-0.4609375
632,6249513,6549513,-0.114074707,-0.921142578,0.369262695,0.0457763672,0.49609375,-0.4609375,-0.5625,-0.15625,-6.5234375,-6.8125,0.08203125,0.673828125,-0.40625
633,6253294,6553294,-0.113464355,-0.920898438,0.369506836,0.0496826172,0.50390625,-1.0078125,-0.0078125,-0.0078125,-6.515625,-6.828125,0.08203125,0.673828125,-0.40625
634,6266698,6566698,-0.112792969,-0.920471191,0.370239258,0.0540771484,0.50390625,-1.0078125,-0.0078125,-0.0078125,-6.515625,-6.828125,0.26953125,0.685546875,-0.42578125
635,6273211,6573211,-0.111999512,-0.920166016,0.370727539,0.057800293,0.0078125,-0.09375,0.6484375,0.140625,-6.546875,-6.796875,0.26953125,0.685546875,-0.42578125
636,6289481,6589481,-0.111022949,-0.92010498,0.370605469,0.0609130859,0.0078125,-0.09375,0.6484375,0.140625,-6.546875,-6.796875,-0.009765625,0.4296875,-0.39453125
637,6294262,6594262,-0.110046387,-0.920349121,0.369873047,0.0632324219,0.06640625,1.03125,0.5859375,0.2734375,-6.5625,-6.7734375,-0.009765625,0.4296875,-0.39453125
638,6307823,6607823,-0.109191895,-0.920898438,0.368469238,0.0653076172,0.06640625,1.03125,0.5859375,0.2734375,-6.5625,-6.7734375,-0.27734375,0.3046875,-0.310546875
639,6311541,6611541,-0.108520508,-0.921325684,0.3671875,0.0670166016,0.51171875,0.39453125,0.34375,0.3671875,-6.5390625,-6.796875,-0.27734375,0.3046875,-0.310546875
640,6329456,6629456,-0.108093262,-0.921630859,0.366271973,0.0689086914,0.51171875,0.39453125,0.34375,0.3671875,-6.5390625,-6.796875,-0.05859375,0.333984375,-0.21875
641,6333213,6633213,-0.107788086,-0.921630859,0.366027832,0.0707397461,0.48046875,-0.36328125,0.2421875,0.4375,-6.5078125,-6.8125,-0.05859375,0.333984375,-0.21875
642,6347492,6647492,-0.10748291,-0.921447754,0.366088867,0.0726928711,0.48046875,-0.36328125,0.2421875,0.4375,-6.5078125,-6.8125,0.08984375,0.31640625,-0.17578125
643,6351220,6651220,-0.10723877,-0.921325684,0.366210938,0.0744018555,0.28515625,-0.2421875,0.16015625,0.515625,-6.515625,-6.8046875,0.08984375,0.31640625,-0.17578125
644,6368504,6668504,-0.106994629,-0.921264648,0.366027832,0.0762329102,0.28515625,-0.2421875,0.16015625,0.515625,-6.515625,-6.8046875,-0.009765625,0.306640625,-0.169921875
645,6372779,6672779,-0.106811523,-0.921264648,0.365722656,0.0778198242,0.22265625,0.02734375,0.07421875,0.578125,-6.515625,-6.796875,-0.009765625,0.306640625,-0.169921875
646,6384677,6684677,-0.106689453,-0.921386719,0.36529541,0.0793457031,0.22265625,0.02734375,0.07421875,0.578125,-6.515625,-6.796875,-0.056640625,0.2578125,-0.134765625
647,6391065,6691065,-0.106567383,-0.921447754,0.364807129,0.0806274414,0.0546875,-0.01953125,-0.15625,0.6328125,-6.5078125,-6.796875,-0.056640625,0.2578125,-0.134765625
648,6408465,6708465,-0.106506348,-0.921569824,0.364318848,0.0817871094,0.0546875,-0.01953125,-0.15625,0.6328125,-6.5078125,-6.796875,-0.0703125,0.1875,-0.1015625
649,6412216,6712216,-0.106384277,-0.921630859,0.363952637,0.0826416016,0.046875,-0.29296875,-0.109375,0.6796875,-6.5,-6.8046875,-0.0703125,0.1875,-0.1015625
650,6426092,6726092,-0.106323242,-0.921691895,0.363647461,0.0834350586,0.046875,-0.29296875,-0.109375,0.6796875,-6.5,-6.8046875,-0.025390625,0.130859375,-0.080078125
651,6431129,6731129,-0.106140137,-0.921691895,0.363464355,0.0841674805,0.015625,-0.45703125,-0.37109375,0.7109375,-6.4921875,-6.8125,-0.025390625,0.130859375,-0.080078125
652,6448202,6748202,-0.105957031,-0.92175293,0.36328125,0.0849609375,0.015625,-0.45703125,-0.37109375,0.7109375,-6.4921875,-6.8125,-0.0078125,0.1328125,-0.09375
653,6453802,6753802,-0.105773926,-0.92175293,0.36315918,0.0856933594,0.203125,-0.2734375,-0.29296875,0.75,-6.484375,-6.8125,-0.0078125,0.1328125,-0.09375
654,6464702,6764702,-0.105651855,-0.921691895,0.363037109,0.0865478516,0.203125,-0.2734375,-0.29296875,0.75,-6.484375,-6.8125,-0.0078125,0.140625,-0.08203125
655,6472405,6772405,-0.105529785,-0.921691895,0.362915039,0.0872802734,0.05859375,-0.234375,-0.33984375,0.78125,-6.484375,-6.8046875,-0.0078125,0.140625,-0.08203125
656,6489951,6789951,-0.105529785,-0.921630859,0.362915039,0.0878295898,0.05859375,-0.234375,-0.33984375,0.78125,-6.484375,-6.8046875,0.015625,0.091796875,-0.037109375
657,6494108,6794108,-0.105529785,-0.921569824,0.362976074,0.0882568359,0.03515625,-0.34765625,-0.1875,0.8046875,-6.484375,-6.8046875,0.015625,0.091796875,-0.037109375
658,6505383,6805383,-0.105651855,-0.921569824,0.363037109,0.0884399414,0.03515625,-0.34765625,-0.1875,0.8046875,-6.484375,-6.8046875,0.009765625,0.021484375,0.029296875
659,6511361,6811361,-0.105895996,-0.921508789,0.362976074,0.0883178711,0.02734375,-0.1875,-0.15625,0.8125,-6.4921875,-6.796875,0.009765625,0.021484375,0.029296875
660,6528500,6828500,-0.106262207,-0.921569824,0.362854004,0.0877685547,0.02734375,-0.1875,-0.15625,0.8125,-6.4921875,-6.796875,-0.044921875,-0.109375,0.123046875
661,6533161,6833161,-0.106628418,-0.921630859,0.362854004,0.0869140625,-0.03515625,-0.5,0.08203125,0.796875,-6.484375,-6.8046875,-0.044921875,-0.109375,0.123046875
662,6542854,6842854,-0.106933594,-0.921691895,0.362854004,0.0857543945,-0.03515625,-0.5,0.08203125,0.796875,-6.484375,-6.8046875,-0.037109375,-0.1953125,0.13671875
663,6550065,6850065,-0.10723877,-0.921813965,0.362792969,0.0846557617,0.04296875,-0.1171875,-0.1796875,0.7578125,-6.484375,-6.8125,-0.037109375,-0.1953125,0.13671875
664,6569425,6869425,-0.10760498,-0.921875,0.362731934,0.0833740234,0.04296875,-0.1171875,-0.1796875,0.7578125,-6.484375,-6.8125,-0.056640625,-0.19140625,0.162109375
665,6574318,6874318,-0.108154297,-0.92199707,0.362670898,0.0821533203,0.3203125,0.140625,0.13671875,0.7109375,-6.4765625,-6.8203125,-0.056640625,-0.19140625,0.162109375
666,6584695,6884695,-0.108825684,-0.92199707,0.362670898,0.0808105469,0.3203125,0.140625,0.13671875,0.7109375,-6.4765625,-6.8203125,-0.04296875,-0.2109375,0.2578125
667,6590661,6890661,-0.109741211,-0.922058105,0.362731934,0.0791015625,0.4140625,-0.08984375,0.7578125,0.65625,-6.4765625,-6.828125,-0.04296875,-0.2109375,0.2578125
668,6607965,6907965,-0.110717773,-0.922058105,0.362792969,0.0769042969,0.4140625,-0.08984375,0.7578125,0.65625,-6.4765625,-6.828125,-0.052734375,-0.376953125,0.365234375
669,6613002,6913002,-0.111816406,-0.922119141,0.362854004,0.0743408203,0.140625,-0.08984375,0.45703125,0.5859375,-6.4765625,-6.8359375,-0.052734375,-0.376953125,0.365234375
670,6623000,6923000,-0.113037109,-0.922180176,0.362915039,0.0714111328,0.140625,-0.08984375,0.45703125,0.5859375,-6.4765625,-6.8359375,-0.08203125,-0.462890625,0.46484375
671,6629746,6929746,-0.114440918,-0.922241211,0.362976074,0.0682983398,0.25,0.05859375,0.3984375,0.4765625,-6.46875,-6.8515625,-0.08203125,-0.462890625,0.46484375
672,6646299,6946299,-0.116027832,-0.922302246,0.362976074,0.0647583008,0.25,0.05859375,0.3984375,0.4765625,-6.46875,-6.8515625,-0.107421875,-0.556640625,0.568359375
673,6650004,6950004,-0.117675781,-0.922302246,0.362976074,0.0611572266,0.234375,-0.05859375,0.10546875,0.3359375,-6.46875,-6.8671875,-0.107421875,-0.556640625,0.568359375
674,6661866,6961866,-0.119567871,-0.922302246,0.363037109,0.0569458008,0.234375,-0.05859375,0.10546875,0.3359375,-6.46875,-6.8671875,-0.115234375,-0.630859375,0.650390625
675,6668822,6968822,-0.121459961,-0.922302246,0.363037109,0.0527954102,0.0859375,-0.03515625,0.08203125,0.1796875,-6.453125,-6.8828125,-0.115234375,-0.630859375,0.650390625
676,6685784,6985784,-0.123718262,-0.922302246,0.363037109,0.0479125977,0.0859375,-0.03515625,0.08203125,0.1796875,-6.453125,-6.8828125,-0.138671875,-0.75,0.759765625
677,6689527,6989527,-0.125793457,-0.922241211,0.363037109,0.04296875,0.15625,0.02734375,0.03125,-0.0078125,-6.4375,-6.90625,-0.138671875,-0.75,0.759765625
678,6702139,7002139,-0.128051758,-0.922180176,0.362976074,0.037109375,0.15625,0.02734375,0.03125,-0.0078125,-6.4375,-6.90625,-0.193359375,-0.93359375,0.857421875
679,6709009,7009009,-0.130371094,-0.922180176,0.362854004,0.0311889648,0.18359375,0.15625,-0.22265625,-0.2265625,-6.4140625,-6.921875,-0.193359375,-0.93359375,0.857421875
680,6726931,7026931,-0.13293457,-0.92199707,0.362854004,0.0244750977,0.18359375,0.15625,-0.22265625,-0.2265625,-6.4140625,-6.921875,-0.158203125,-1.0703125,0.951171875
681,6730946,7030946,-0.135375977,-0.92175293,0.363037109,0.0174560547,0.12109375,-0.02734375,0.0234375,-0.46875,-6.3828125,-6.9375,-0.158203125,-1.0703125,0.951171875
682,6743867,7043867,-0.137817383,-0.921325684,0.363464355,0.00988769531,0.12109375,-0.02734375,0.0234375,-0.46875,-6.3828125,-6.9375,-0.0703125,-1.3125,1.05859375
683,6748649,7048649,-0.140380859,-0.920654297,0.364257812,0.00140380859,-0.08984375,-0.51171875,-0.47265625,-0.7578125,-6.359375,-6.9375,-0.0703125,-1.3125,1.05859375
684,6763942,7063942,0.142883301,0.91986084,-0.36517334,0.00732421875,-0.08984375,-0.51171875,-0.47265625,-0.7578125,-6.359375,-6.9375,-0.03125,-1.5234375,1.13867188
685,6769019,7069019,0.145324707,0.919006348,-0.366088867,0.0170898438,-0.08984375,-0.23828125,-0.52734375,-1.1015625,-6.328125,-6.921875,-0.03125,-1.5234375,1.13867188
686,6783157,7083157,0.147460938,0.918151855,-0.366760254,0.0264282227,-0.08984375,-0.23828125,-0.52734375,-1.1015625,-6.328125,-6.921875,-0.107421875,-1.75585938,1.1953125
687,6788396,7088396,0.149780273,0.917236328,-0.36730957,0.0374145508,-0.44921875,0.14453125,-0.64453125,-1.46875,-6.2890625,-6.8828125,-0.107421875,-1.75585938,1.1953125
688,6804608,7104608,0.151855469,0.91619873,-0.367614746,0.0484619141,-0.44921875,0.14453125,-0.64453125,-1.46875,-6.2890625,-6.8828125,-0.19921875,-1.94921875,1.24804688
689,6808171,7108171,0.153869629,0.915039062,-0.368041992,0.0594482422,-0.34375,-0.0703125,-0.8359375,-1.8828125,-6.2265625,-6.84375,-0.19921875,-1.94921875,1.24804688
690,6823027,7123027,0.156066895,0.913513184,-0.368835449,0.0717163086,-0.34375,-0.0703125,-0.8359375,-1.8828125,-6.2265625,-6.84375,-0.087890625,-2.15625,1.3515625
691,6828064,7128064,0.15826416,0.911743164,-0.369506836,0.0845947266,-0.5625,-0.1015625,-0.71484375,-2.3125,-6.15625,-6.7734375,-0.087890625,-2.15625,1.3515625
692,6843479,7143479,0.16027832,0.909851074,-0.370117188,0.0973510742,-0.5625,-0.1015625,-0.71484375,-2.3125,-6.15625,-6.7734375,-0.119140625,-2.26171875,1.3515625
693,6848271,7148271,0.16204834,0.907897949,-0.370727539,0.109680176,-0.36328125,-0.49609375,-0.9296875,-2.78125,-6.0703125,-6.671875,-0.119140625,-2.26171875,1.3515625
694,6863031,7163031,0.16394043,0.905395508,-0.371643066,0.123474121,-0.36328125,-0.49609375,-0.9296875,-2.78125,-6.0703125,-6.671875,-0.03515625,-2.27734375,1.33789062
695,6868068,7168068,0.165771484,0.902893066,-0.372497559,0.136169434,-0.046875,-0.51171875,-0.55859375,-3.25,-5.9765625,-6.546875,-0.03515625,-2.27734375,1.33789062
696,6886028,7186028,0.167663574,0.90020752,-0.373535156,0.148193359,-0.046875,-0.51171875,-0.55859375,-3.25,-5.9765625,-6.546875,0.0703125,-2.25,1.37304688
697,6891032,7191032,0.169677734,0.897094727,-0.374816895,0.161071777,-0.375,-0.51171875,-0.5625,-3.6875,-5.8984375,-6.390625,0.0703125,-2.25,1.37304688
698,6902880,7202880,0.171630859,0.893798828,-0.376159668,0.173583984,-0.375,-0.51171875,-0.5625,-3.6875,-5.8984375,-6.390625,0.126953125,-2.22265625,1.31835938
699,6907920,7207920,0.173461914,0.890380859,-0.377502441,0.186157227,-0.34375,-0.1484375,-0.2421875,-4.140625,-5.8046875,-6.2109375,0.126953125,-2.22265625,1.31835938
700,6923496,7223496,0.175231934,0.886901855,-0.378662109,0.198303223,-0.34375,-0.1484375,-0.2421875,-4.140625,-5.8046875,-6.2109375,0.083984375,-2.26757812,1.36328125
701,6928026,7228026,0.176940918,0.883422852,-0.379516602,0.210205078,0.078125,-0.09375,-0.22265625,-4.5625,-5.703125,-6,0.083984375,-2.26757812,1.36328125
702,6941406,7241406,0.178710938,0.879577637,-0.380249023,0.223144531,0.078125,-0.09375,-0.22265625,-4.5625,-5.703125,-6,0.03125,-2.21679688,1.31835938
703,6947222,7247222,0.180297852,0.875854492,-0.380859375,0.235290527,0.1484375,0.046875,-0.17578125,-4.9765625,-5.578125,-5.78125,0.03125,-2.21679688,1.31835938
704,6962317,7262317,0.18170166,0.872192383,-0.381408691,0.246643066,0.1484375,0.046875,-0.17578125,-4.9765625,-5.578125,-5.78125,0.056640625,-2.1640625,1.265625
705,6967865,7267865,0.183105469,0.868103027,-0.382080078,0.258605957,0.18359375,-0.1171875,-0.1328125,-5.359375,-5.453125,-5.5546875,0.056640625,-2.1640625,1.265625
706,6981572,7281572,0.184387207,0.864135742,-0.382629395,0.269897461,0.18359375,-0.1171875,-0.1328125,-5.359375,-5.453125,-5.5546875,0.068359375,-2.08007812,1.1875
707,6987567,7287567,0.185546875,0.860046387,-0.383300781,0.281005859,0.0625,-0.1328125,-0.17578125,-5.734375,-5.3203125,-5.3203125,0.068359375,-2.08007812,1.1875
708,7001916,7301916,0.186645508,0.855834961,-0.383850098,0.292175293,0.0625,-0.1328125,-0.17578125,-5.734375,-5.3203125,-5.3203125,0.064453125,-2.08007812,1.15429688
709,7007322,7307322,0.187683105,0.8515625,-0.384338379,0.303100586,0.16796875,0.00390625,0.02734375,-6.0703125,-5.1875,-5.0625,0.064453125,-2.08007812,1.15429688
710,7021020,7321020,0.188598633,0.847351074,-0.38470459,0.313842773,0.16796875,0.00390625,0.02734375,-6.0703125,-5.1875,-5.0625,0.052734375,-2.01757812,1.11132812
711,7027000,7327000,0.189453125,0.843017578,-0.385070801,0.324279785,0.34375,0.10546875,-0.0390625,-6.3984375,-5.0625,-4.8046875,0.052734375,-2.01757812,1.11132812
712,7046017,7346017,0.190124512,0.838806152,-0.385437012,0.334106445,0.34375,0.10546875,-0.0390625,-6.3984375,-5.0625,-4.8046875,0.041015625,-1.93554688,1.02148438
713,7051024,7351024,0.190734863,0.834533691,-0.385681152,0.344116211,0.203125,0.203125,-0.0390625,-6.6796875,-4.9296875,-4.5390625,0.041015625,-1.93554688,1.02148438
714,7060510,7360510,0.191345215,0.83013916,-0.385864258,0.354064941,0.203125,0.203125,-0.0390625,-6.6796875,-4.9296875,-4.5390625,0.04296875,-1.84765625,0.9921875
715,7067261,7367261,0.191955566,0.825866699,-0.386108398,0.363342285,0.515625,0.0625,0.1171875,-6.953125,-4.7890625,-4.2734375,0.04296875,-1.84765625,0.9921875
716,7081853,7381853,0.192504883,0.821716309,-0.386291504,0.372192383,0.515625,0.0625,0.1171875,-6.953125,-4.7890625,-4.2734375,0.064453125,-1.71289062,0.890625
717,7087556,7387556,0.192932129,0.817626953,-0.38659668,0.380493164,0.3203125,0.359375,-0.015625,-7.1796875,-4.6640625,-4.0234375,0.064453125,-1.71289062,0.890625
718,7103081,7403081,0.19329834,0.813232422,-0.387023926,0.389282227,0.3203125,0.359375,-0.015625,-7.1796875,-4.6640625,-4.0234375,0.107421875,-1.66992188,0.83203125
719,7106809,7406809,0.193664551,0.809204102,-0.387451172,0.396972656,0.421875,0.3203125,0.0390625,-7.3984375,-4.546875,-3.7734375,0.107421875,-1.66992188,0.83203125
720,7127366,7427366,0.193969727,0.80480957,-0.387939453,0.405212402,0.421875,0.3203125,0.0390625,-7.3984375,-4.546875,-3.7734375,0.103515625,-1.58203125,0.779296875
721,7132506,7432506,0.194213867,0.800537109,-0.388244629,0.413146973,0.45703125,0.44140625,0.25,-7.5859375,-4.4375,-3.5234375,0.103515625,-1.58203125,0.779296875
722,7141646,7441646,0.194396973,0.79675293,-0.38848877,0.420043945,0.45703125,0.44140625,0.25,-7.5859375,-4.4375,-3.5234375,0.078125,-1.48828125,0.73046875
723,7148323,7448323,0.194519043,0.79284668,-0.388671875,0.427124023,0.32421875,0.40625,0.3125,-7.7578125,-4.328125,-3.28125,0.078125,-1.48828125,0.73046875
724,7160513,7460513,0.194580078,0.788879395,-0.38873291,0.434326172,0.32421875,0.40625,0.3125,-7.7578125,-4.328125,-3.28125,0.0234375,-1.38867188,0.66796875
725,7167768,7467768,0.194580078,0.785339355,-0.388671875,0.440856934,0.171875,0.48828125,0.1953125,-7.9140625,-4.21875,-3.046875,0.0234375,-1.38867188,0.66796875
726,7181816,7481816,0.194519043,0.781921387,-0.38861084,0.446899414,0.171875,0.48828125,0.1953125,-7.9140625,-4.21875,-3.046875,0.029296875,-1.30273438,0.630859375
727,7185545,7485545,0.194580078,0.778381348,-0.38861084,0.453063965,0.18359375,0.12109375,0.05859375,-8.0390625,-4.1171875,-2.8359375,0.029296875,-1.30273438,0.630859375
728,7204106,7504106,0.194580078,0.774719238,-0.388671875,0.45916748,0.18359375,0.12109375,0.05859375,-8.0390625,-4.1171875,-2.8359375,0.060546875,-1.20703125,0.5859375
729,7208261,7508261,0.194641113,0.77142334,-0.38873291,0.46472168,0.34765625,0.25390625,0.0390625,-8.1640625,-4.0234375,-2.625,0.060546875,-1.20703125,0.5859375
730,7219780,7519780,0.194519043,0.768188477,-0.388793945,0.469970703,0.34765625,0.25390625,0.0390625,-8.1640625,-4.0234375,-2.625,0.03515625,-1.09179688,0.4921875
731,7225743,7525743,0.194335938,0.765197754,-0.388793945,0.474914551,0.1796875,0.359375,0.2734375,-8.265625,-3.9375,-2.4375,0.03515625,-1.09179688,0.4921875
732,7239800,7539800,0.193969727,0.762451172,-0.388793945,0.479492188,0.1796875,0.359375,0.2734375,-8.265625,-3.9375,-2.4375,-0.001953125,-0.966796875,0.39453125
733,7246076,7546076,0.19354248,0.759765625,-0.38885498,0.483825684,0.06640625,0.359375,0.1015625,-8.34375,-3.859375,-2.265625,-0.001953125,-0.966796875,0.39453125
734,7260023,7560023,0.192932129,0.757263184,-0.389038086,0.487854004,0.06640625,0.359375,0.1015625,-8.34375,-3.859375,-2.265625,0,-0.89453125,0.26953125
735,7265997,7565997,0.192138672,0.754943848,-0.389221191,0.491577148,-0.0234375,0.45703125,0.25,-8.40625,-3.8046875,-2.109375,0,-0.89453125,0.26953125
736,7283385,7583385,0.191223145,0.752746582,-0.389526367,0.494995117,-0.0234375,0.45703125,0.25,-8.40625,-3.8046875,-2.109375,-0.005859375,-0.775390625,0.162109375
737,7287609,7587609,0.190307617,0.750854492,-0.389831543,0.498046875,0.22265625,0.37890625,0.3046875,-8.4609375,-3.765625,-1.96875,-0.005859375,-0.775390625,0.162109375
738,7299206,7599206,0.189575195,0.749206543,-0.390014648,0.500610352,0.22265625,0.37890625,0.3046875,-8.4609375,-3.765625,-1.96875,-0.03125,-0.56640625,0.13671875
739,7305176,7605176,0.189025879,0.74786377,-0.390075684,0.502868652,0.484375,0.12890625,0.23046875,-8.4921875,-3.7421875,-1.859375,-0.03125,-0.56640625,0.13671875
740,7321191,7621191,0.188659668,0.746704102,-0.390075684,0.504638672,0.484375,0.12890625,0.23046875,-8.4921875,-3.7421875,-1.859375,-0.009765625,-0.365234375,0.1171875
741,7325530,7625530,0.188415527,0.745910645,-0.390075684,0.50592041,0.3984375,0.1796875,0.421875,-8.5234375,-3.71875,-1.78125,-0.009765625,-0.365234375,0.1171875
742,7340441,7640441,0.188232422,0.745300293,-0.390075684,0.506896973,0.3984375,0.1796875,0.421875,-8.5234375,-3.71875,-1.78125,-0.009765625,-0.162109375,0.048828125
743,7345487,7645487,0.188049316,0.745056152,-0.390014648,0.507324219,0.18359375,0.05078125,0.4140625,-8.5390625,-3.703125,-1.734375,-0.009765625,-0.162109375,0.048828125
744,7363209,7663209,0.187927246,0.745056152,-0.389953613,0.507385254,0.18359375,0.05078125,0.4140625,-8.5390625,-3.703125,-1.734375,-0.044921875,0.03125,-0.025390625
745,7367390,7667390,0.187805176,0.745483398,-0.389709473,0.507080078,0.0703125,0.31640625,0.40625,-8.5390625,-3.703125,-1.7265625,-0.044921875,0.03125,-0.025390625
746,7379640,7679640,0.187805176,0.74621582,-0.389343262,0.506286621,0.0703125,0.31640625,0.40625,-8.5390625,-3.703125,-1.7265625,-0.091796875,0.2578125,-0.05859375
747,7384666,7684666,0.187927246,0.747253418,-0.38885498,0.505004883,0.1015625,0.1640625,0.3203125,-8.53125,-3.703125,-1.7578125,-0.091796875,0.2578125,-0.05859375
748,7398102,7698102,0.188293457,0.748657227,-0.388305664,0.503295898,0.1015625,0.1640625,0.3203125,-8.53125,-3.703125,-1.7578125,-0.095703125,0.5390625,-0.0859375
749,7404159,7704159,0.188842773,0.750549316,-0.387573242,0.500854492,0.16015625,0.09765625,0.5078125,-8.515625,-3.7109375,-1.828125,-0.095703125,0.5390625,-0.0859375
750,7419427,7719427,0.189453125,0.752746582,-0.386779785,0.497924805,0.16015625,0.09765625,0.5078125,-8.515625,-3.7109375,-1.828125,-0.125,0.79296875,-0.162109375
751,7424453,7724453,0.190063477,0.755310059,-0.385925293,0.494384766,0.16015625,-0.04296875,0.59375,-8.4765625,-3.7265625,-1.953125,-0.125,0.79296875,-0.162109375
752,7439757,7739757,0.190490723,0.757995605,-0.385192871,0.490661621,0.16015625,-0.04296875,0.59375,-8.4765625,-3.7265625,-1.953125,-0.1328125,1.02148438,-0.3125
753,7444605,7744605,0.190917969,0.761230469,-0.38458252,0.486022949,0.10546875,-0.00390625,0.58984375,-8.421875,-3.765625,-2.1015625,-0.1328125,1.02148438,-0.3125
754,7459455,7759455,0.191223145,0.764892578,-0.384033203,0.480529785,0.10546875,-0.00390625,0.58984375,-8.421875,-3.765625,-2.1015625,-0.11328125,1.22070312,-0.48046875
755,7464496,7764496,0.19140625,0.768432617,-0.383728027,0.475036621,0.2109375,-0.0234375,0.484375,-8.3359375,-3.8203125,-2.3046875,-0.11328125,1.22070312,-0.48046875
756,7478754,7778754,0.19152832,0.772338867,-0.383544922,0.46875,0.2109375,-0.0234375,0.484375,-8.3359375,-3.8203125,-2.3046875,-0.064453125,1.41015625,-0.6328125
757,7483720,7783720,0.191650391,0.776611328,-0.383483887,0.461608887,0.29296875,0.21484375,0.24609375,-8.2265625,-3.90625,-2.5234375,-0.064453125,1.41015625,-0.6328125
758,7496550,7796550,0.191650391,0.781005859,-0.383544922,0.454101562,0.29296875,0.21484375,0.24609375,-8.2265625,-3.90625,-2.5234375,-0.0234375,1.57421875,-0.765625
759,7503884,7803884,0.191589355,0.78515625,-0.383728027,0.446655273,0.19921875,0.28515625,0.15625,-8.09375,-4.015625,-2.78125,-0.0234375,1.57421875,-0.765625
760,7521116,7821116,0.19152832,0.789672852,-0.384033203,0.438415527,0.19921875,0.28515625,0.15625,-8.09375,-4.015625,-2.78125,0.015625,1.73046875,-0.8828125
761,7525290,7825290,0.191345215,0.794372559,-0.384460449,0.429626465,0.1953125,0.45703125,0.109375,-7.9375,-4.1484375,-3.0390625,0.015625,1.73046875,-0.8828125
762,7538822,7838822,0.191162109,0.799377441,-0.384887695,0.419921875,0.1953125,0.45703125,0.109375,-7.9375,-4.1484375,-3.0390625,0.041015625,1.88476562,-0.990234375
763,7543859,7843859,0.190856934,0.804016113,-0.385314941,0.410705566,0.03125,0.52734375,0.28125,-7.734375,-4.296875,-3.328125,0.041015625,1.88476562,-0.990234375
764,7558377,7858377,0.190490723,0.809143066,-0.385864258,0.400146484,0.03125,0.52734375,0.28125,-7.734375,-4.296875,-3.328125,0.056640625,2.0078125,-1.08789062
765,7563347,7863347,0.190002441,0.814086914,-0.386291504,0.389770508,-0.1640625,0.5,-0.01171875,-7.5,-4.4609375,-3.609375,0.056640625,2.0078125,-1.08789062
766,7579172,7879172,0.189331055,0.819030762,-0.38671875,0.379211426,-0.1640625,0.5,-0.01171875,-7.5,-4.4609375,-3.609375,0.01953125,2.07226562,-1.16601562
767,7582900,7882900,0.188598633,0.823852539,-0.386962891,0.368713379,-0.22265625,0.4453125,0.1328125,-7.25,-4.6328125,-3.90625,0.01953125,2.07226562,-1.16601562
768,7599501,7899501,0.187866211,0.828979492,-0.387145996,0.357177734,-0.22265625,0.4453125,0.1328125,-7.25,-4.6328125,-3.90625,0.01171875,2.1640625,-1.19335938
769,7603078,7903078,0.187194824,0.833679199,-0.387329102,0.346313477,0.03125,-0.12109375,-0.03125,-6.96875,-4.796875,-4.203125,0.01171875,2.1640625,-1.19335938
770,7617942,7917942,0.186523438,0.838439941,-0.387756348,0.334411621,0.03125,-0.12109375,-0.03125,-6.96875,-4.796875,-4.203125,0.134765625,2.25976562,-1.25
771,7622985,7922985,0.185852051,0.843200684,-0.388549805,0.321777344,-0.00390625,-0.1484375,-0.046875,-6.6640625,-4.9609375,-4.4921875,0.134765625,2.25976562,-1.25
772,7637355,7937355,0.185119629,0.84753418,-0.389648438,0.309204102,-0.00390625,-0.1484375,-0.046875,-6.6640625,-4.9609375,-4.4921875,0.302734375,2.31054688,-1.359375
773,7644202,7944202,0.184143066,0.85168457,-0.390930176,0.296386719,-0.1640625,0.0859375,-0.1484375,-6.3125,-5.15625,-4.7734375,0.302734375,2.31054688,-1.359375
774,7659273,7959273,0.182800293,0.855895996,-0.392150879,0.28326416,-0.1640625,0.0859375,-0.1484375,-6.3125,-5.15625,-4.7734375,0.244140625,2.32421875,-1.53125
775,7663008,7963008,0.180908203,0.860046387,-0.392883301,0.270629883,-0.6171875,0.671875,0.0625,-5.9375,-5.359375,-5.0234375,0.244140625,2.32421875,-1.53125
776,7681841,7981841,0.178466797,0.864685059,-0.392883301,0.257019043,-0.6171875,0.671875,0.0625,-5.9375,-5.359375,-5.0234375,-0.080078125,2.33203125,-1.62109375
777,7686109,7986109,0.175964355,0.869262695,-0.392333984,0.243774414,-0.30078125,0.3984375,0.015625,-5.5234375,-5.546875,-5.28125,-0.080078125,2.33203125,-1.62109375
778,7697222,7997222,0.173828125,0.873474121,-0.391601562,0.231140137,-0.30078125,0.3984375,0.015625,-5.5234375,-5.546875,-5.28125,-0.115234375,2.36914062,-1.515625
779,7702009,8002009,0.171813965,0.877746582,-0.39074707,0.217590332,-0.1484375,0.125,-0.42578125,-5.1015625,-5.6953125,-5.53125,-0.115234375,2.36914062,-1.515625
780,7719724,8019724,0.170166016,0.881591797,-0.389831543,0.204650879,-0.1484375,0.125,-0.42578125,-5.1015625,-5.6953125,-5.53125,-0.091796875,2.29492188,-1.34179688
781,7723351,8023351,0.168701172,0.885070801,-0.38873291,0.192565918,-0.3203125,-0.046875,-0.05859375,-4.6640625,-5.828125,-5.78125,-0.091796875,2.29492188,-1.34179688
782,7739903,8039903,0.167236328,0.888671875,-0.387329102,0.1796875,-0.3203125,-0.046875,-0.05859375,-4.6640625,-5.828125,-5.78125,-0.1484375,2.19726562,-1.24414062
783,7746494,8046494,0.165771484,0.891662598,-0.385986328,0.168518066,-0.43359375,-0.3359375,0.07421875,-4.2421875,-5.921875,-5.9921875,-0.1484375,2.19726562,-1.24414062
784,7760099,8060099,0.16394043,0.894836426,-0.38458252,0.156433105,-0.43359375,-0.3359375,0.07421875,-4.2421875,-5.921875,-5.9921875,-0.154296875,2.00390625,-1.25585938
785,7764613,8064613,0.161987305,0.897644043,-0.383178711,0.145446777,-0.02734375,-0.09765625,-0.08203125,-3.84375,-6.0078125,-6.1796875,-0.154296875,2.00390625,-1.25585938
786,7776904,8076904,0.159912109,0.900268555,-0.381774902,0.13482666,-0.02734375,-0.09765625,-0.08203125,-3.84375,-6.0078125,-6.1796875,-0.1875,1.87890625,-1.23632812
787,7784078,8084078,0.157775879,0.902893066,-0.380187988,0.123962402,0.26953125,0.125,-0.1875,-3.453125,-6.078125,-6.34375,-0.1875,1.87890625,-1.23632812
788,7796431,8096431,0.155944824,0.905090332,-0.378723145,0.114196777,0.26953125,0.125,-0.1875,-3.453125,-6.078125,-6.34375,-0.17578125,1.8359375,-1.15039062
789,7802338,8102338,0.15423584,0.907287598,-0.377258301,0.103759766,0.39453125,-0.1328125,-0.62109375,-3.078125,-6.125,-6.484375,-0.17578125,1.8359375,-1.15039062
790,7818778,8118778,0.152770996,0.909057617,-0.376098633,0.09375,0.39453125,-0.1328125,-0.62109375,-3.078125,-6.125,-6.484375,-0.037109375,1.75195312,-1.0234375
791,7825629,8125629,0.151489258,0.910522461,-0.375305176,0.0844726562,0.06640625,-0.19921875,-0.16015625,-2.7109375,-6.171875,-6.6015625,-0.037109375,1.75195312,-1.0234375
792,7840727,8140727,0.150146484,0.911743164,-0.374938965,0.0746459961,0.06640625,-0.19921875,-0.16015625,-2.7109375,-6.171875,-6.6015625,0.1484375,1.60351562,-0.9765625
793,7844872,8144872,0.148681641,0.912719727,-0.37487793,0.0657348633,0.01953125,-0.25390625,0.30078125,-2.359375,-6.234375,-6.6796875,0.1484375,1.60351562,-0.9765625
794,7856885,8156885,0.146911621,0.913635254,-0.374633789,0.0577392578,0.01953125,-0.25390625,0.30078125,-2.359375,-6.234375,-6.6796875,0.041015625,1.27539062,-0.94140625
795,7860603,8160603,0.144897461,0.914672852,-0.373840332,0.0508422852,-0.09375,0,0.6171875,-2.0546875,-6.296875,-6.7265625,0.041015625,1.27539062,-0.94140625
796,7876114,8176114,0.142333984,0.916015625,-0.372436523,0.0443115234,-0.09375,0,0.6171875,-2.0546875,-6.296875,-6.7265625,-0.24609375,0.970703125,-0.95703125
797,7881504,8181504,0.139770508,0.917297363,-0.370910645,0.0383300781,0.24609375,0.4375,-0.1328125,-1.78125,-6.3125,-6.78125,-0.24609375,0.970703125,-0.95703125
798,7895426,8195426,0.137329102,0.918334961,-0.369812012,0.0324707031,0.24609375,0.4375,-0.1328125,-1.78125,-6.3125,-6.78125,-0.056640625,0.921875,-0.865234375
799,7903961,8203961,0.135314941,0.919006348,-0.369384766,0.026550293,0.76953125,-0.08984375,-0.61328125,-1.5390625,-6.3203125,-6.8359375,-0.056640625,0.921875,-0.865234375
800,7918483,8218483,0.133789062,0.919311523,-0.369506836,0.0200805664,0.76953125,-0.08984375,-0.61328125,-1.5390625,-6.3203125,-6.8359375,0.244140625,1.14648438,-0.748046875
801,7922752,8222752,0.132568359,0.919311523,-0.370239258,0.0134277344,0.71875,-0.78125,-0.484375,-1.296875,-6.359375,-6.8515625,0.244140625,1.14648438,-0.748046875
802,7934541,8234541,0.131347656,0.919128418,-0.371337891,0.0068359375,0.71875,-0.78125,-0.484375,-1.296875,-6.359375,-6.8515625,0.41015625,1.0625,-0.71875
803,7943496,8243496,0.129882812,0.918945312,-0.372375488,0.000427246094,-0.05859375,-0.296875,-0.0390625,-1.0546875,-6.421875,-6.8359375,0.41015625,1.0625,-0.71875
804,7954288,8254288,-0.128295898,-0.918945312,0.37286377,0.00500488281,-0.05859375,-0.296875,-0.0390625,-1.0546875,-6.421875,-6.8359375,0.14453125,0.80078125,-0.6875
805,7962682,8262682,-0.126586914,-0.919250488,0.372619629,0.009765625,-0.2109375,0.671875,0.58984375,-0.828125,-6.46875,-6.8125,0.14453125,0.80078125,-0.6875
806,7976414,8276414,-0.125061035,-0.91973877,0.371765137,0.0139160156,-0.2109375,0.671875,0.58984375,-0.828125,-6.46875,-6.8125,-0.1328125,0.63671875,-0.591796875
807,7983519,8283519,-0.123596191,-0.920288086,0.370727539,0.0173950195,0.0703125,0.140625,-0.046875,-0.6484375,-6.4765625,-6.828125,-0.1328125,0.63671875,-0.591796875
808,7998486,8298486,-0.122131348,-0.920837402,0.369689941,0.020690918,0.0703125,0.140625,-0.046875,-0.6484375,-6.4765625,-6.828125,-0.12890625,0.4765625,-0.49609375
809,8002110,8302110,-0.120788574,-0.921264648,0.36895752,0.0237426758,0.23046875,-0.1796875,-0.21484375,-0.5,-6.4609375,-6.8515625,-0.12890625,0.4765625,-0.49609375
810,8015019,8315019,-0.119384766,-0.921447754,0.368713379,0.0268554688,0.23046875,-0.1796875,-0.21484375,-0.5,-6.4609375,-6.8515625,0.08203125,0.494140625,-0.4921875
811,8020084,8320084,-0.118103027,-0.921508789,0.368774414,0.0303344727,0.48828125,-0.41015625,-0.4765625,-0.375,-6.4609375,-6.859375,0.08203125,0.494140625,-0.4921875
812,8035437,8335437,-0.11706543,-0.921447754,0.368835449,0.0342407227,0.48828125,-0.41015625,-0.4765625,-0.375,-6.4609375,-6.859375,0.11328125,0.697265625,-0.478515625
813,8042033,8342033,-0.116271973,-0.921386719,0.368896484,0.0382080078,0.26171875,-0.28125,-0.21484375,-0.2265625,-6.4765625,-6.8515625,0.11328125,0.697265625,-0.478515625
814,8053204,8353204,-0.115478516,-0.921264648,0.36907959,0.0422363281,0.26171875,-0.28125,-0.21484375,-0.2265625,-6.4765625,-6.8515625,0.146484375,0.642578125,-0.416015625
815,8064193,8364193,-0.114685059,-0.921081543,0.369262695,0.0458984375,-0.1171875,-0.67578125,0.34375,-0.078125,-6.5,-6.8359375,0.146484375,0.642578125,-0.416015625
816,8078337,8378337,-0.113708496,-0.920959473,0.369445801,0.0489501953,-0.1171875,-0.67578125,0.34375,-0.078125,-6.5,-6.8359375,0.109375,0.4453125,-0.400390625
817,8082856,8382856,-0.112609863,-0.920959473,0.369445801,0.0516357422,-0.1640625,-0.01171875,0.17578125,0.046875,-6.515625,-6.8203125,0.109375,0.4453125,-0.400390625
818,8092699,8392699,-0.111572266,-0.921081543,0.36920166,0.0540161133,-0.1640625,-0.01171875,0.17578125,0.046875,-6.515625,-6.8203125,-0.041015625,0.373046875,-0.390625
819,8102226,8402226,-0.110473633,-0.921264648,0.368652344,0.0565185547,0.65234375,0.265625,0.359375,0.1484375,-6.5234375,-6.8125,-0.041015625,0.373046875,-0.390625
820,8114810,8414810,-0.109619141,-0.921447754,0.368103027,0.0588378906,0.65234375,0.265625,0.359375,0.1484375,-6.5234375,-6.8125,-0.048828125,0.37890625,-0.33203125
821,8121831,8421831,-0.108886719,-0.921569824,0.367553711,0.0610351562,0.4765625,0.02734375,0.203125,0.25,-6.515625,-6.8125,-0.048828125,0.37890625,-0.33203125
822,8134329,8434329,-0.108215332,-0.92175293,0.366943359,0.0634765625,0.4765625,0.02734375,0.203125,0.25,-6.515625,-6.8125,-0.083984375,0.412109375,-0.294921875
823,8140206,8440206,-0.107727051,-0.921936035,0.366149902,0.0659179688,0.49609375,0.3203125,-0.09375,0.34375,-6.5,-6.8203125,-0.083984375,0.412109375,-0.294921875
824,8155871,8455871,-0.107421875,-0.922119141,0.365356445,0.0682983398,0.49609375,0.3203125,-0.09375,0.34375,-6.5,-6.8203125,-0.087890625,0.41015625,-0.228515625
825,8159179,8459179,-0.107177734,-0.922241211,0.364807129,0.0703125,0.2109375,-0.1171875,-0.0078125,0.4375,-6.484375,-6.828125,-0.087890625,0.41015625,-0.228515625
826,8174262,8474262,-0.106872559,-0.922302246,0.364318848,0.0722045898,0.2109375,-0.1171875,-0.0078125,0.4375,-6.484375,-6.828125,-0.0390625,0.28515625,-0.185546875
827,8180087,8480087,-0.106506348,-0.922363281,0.363952637,0.0737304688,0.0625,-0.203125,0.19140625,0.5078125,-6.4765625,-6.8359375,-0.0390625,0.28515625,-0.185546875
828,8194530,8494530,-0.106140137,-0.922485352,0.363525391,0.0750732422,0.0625,-0.203125,0.19140625,0.5078125,-6.4765625,-6.8359375,-0.068359375,0.232421875,-0.1953125
829,8198783,8498783,-0.105651855,-0.922607422,0.362976074,0.0764770508,0.26953125,-0.09765625,0.03515625,0.5703125,-6.46875,-6.8359375,-0.068359375,0.232421875,-0.1953125
830,8213741,8513741,-0.105224609,-0.922790527,0.362365723,0.0780639648,0.26953125,-0.09765625,0.03515625,0.5703125,-6.46875,-6.8359375,-0.05859375,0.275390625,-0.193359375
831,8219087,8519087,-0.104919434,-0.922851562,0.361999512,0.0796508789,0.359375,-0.11328125,0.0078125,0.6328125,-6.453125,-6.84375,-0.05859375,0.275390625,-0.193359375
832,8234814,8534814,-0.104675293,-0.922851562,0.361694336,0.0811767578,0.359375,-0.11328125,0.0078125,0.6328125,-6.453125,-6.84375,0,0.25390625,-0.15625
833,8241044,8541044,-0.104431152,-0.922851562,0.36151123,0.0824584961,0.0390625,-0.1484375,0.12109375,0.6875,-6.453125,-6.84375,0,0.25390625,-0.15625
834,8252541,8552541,-0.104125977,-0.922851562,0.36126709,0.0836791992,0.0390625,-0.1484375,0.12109375,0.6875,-6.453125,-6.84375,-0.029296875,0.177734375,-0.126953125
835,8261941,8561941,-0.103942871,-0.922912598,0.360900879,0.0845947266,-0.09375,0.03515625,0.0078125,0.7421875,-6.4453125,-6.84375,-0.029296875,0.177734375,-0.126953125
836,8275374,8575374,-0.103820801,-0.922973633,0.360595703,0.0852661133,-0.09375,0.03515625,0.0078125,0.7421875,-6.4453125,-6.84375,-0.052734375,0.115234375,-0.05859375
837,8278730,8578730,-0.103820801,-0.923034668,0.360290527,0.0858154297,-0.01953125,-0.2421875,0.0078125,0.78125,-6.4375,-6.84375,-0.052734375,0.115234375,-0.05859375
838,8292756,8592756,-0.104003906,-0.923095703,0.360107422,0.0862426758,-0.01953125,-0.2421875,0.0078125,0.78125,-6.4375,-6.84375,-0.015625,0.072265625,0.01171875
839,8299096,8599096,-0.104248047,-0.923034668,0.360046387,0.0864257812,0.00390625,-0.43359375,0.08984375,0.796875,-6.4375,-6.8515625,-0.015625,0.072265625,0.01171875
840,8314034,8614034,-0.104675293,-0.923095703,0.359863281,0.0863647461,0.00390625,-0.43359375,0.08984375,0.796875,-6.4375,-6.8515625,-0.06640625,0.009765625,0.107421875
841,8320842,8620842,-0.105224609,-0.923156738,0.359558105,0.0859985352,-0.109375,-0.328125,0.20703125,0.796875,-6.4296875,-6.8515625,-0.06640625,0.009765625,0.107421875
842,8332345,8632345,-0.105895996,-0.923278809,0.359313965,0.0852050781,-0.109375,-0.328125,0.20703125,0.796875,-6.4296875,-6.8515625,-0.06640625,-0.1171875,0.171875
843,8338206,8638206,-0.106506348,-0.923339844,0.359191895,0.0843505859,0.15234375,-0.87109375,-0.515625,0.765625,-6.421875,-6.859375,-0.06640625,-0.1171875,0.171875
844,8353057,8653057,-0.107055664,-0.923339844,0.359191895,0.0834960938,0.15234375,-0.87109375,-0.515625,0.765625,-6.421875,-6.859375,-0.01953125,-0.109375,0.154296875
845,8358482,8658482,-0.10760498,-0.923339844,0.35925293,0.0827026367,0.07421875,-0.2578125,-0.66015625,0.7265625,-6.421875,-6.8671875,-0.01953125,-0.109375,0.154296875
846,8372015,8672015,-0.108215332,-0.923278809,0.35925293,0.0819702148,0.07421875,-0.2578125,-0.66015625,0.7265625,-6.421875,-6.8671875,-0.0234375,-0.09765625,0.1875
847,8378232,8678232,-0.108947754,-0.923278809,0.359313965,0.0810546875,0.265625,-0.51953125,-0.23046875,0.6875,-6.4296875,-6.875,-0.0234375,-0.09765625,0.1875
848,8395257,8695257,-0.109619141,-0.923278809,0.359375,0.0799560547,0.265625,-0.51953125,-0.23046875,0.6875,-6.4296875,-6.875,-0.029296875,-0.17578125,0.2109375
849,8398836,8698836,-0.110229492,-0.923339844,0.359375,0.0786743164,0.0390625,-0.2109375,-0.15234375,0.6484375,-6.4296875,-6.875,-0.029296875,-0.17578125,0.2109375
850,8416876,8716876,-0.111022949,-0.923400879,0.359313965,0.076965332,0.0390625,-0.2109375,-0.15234375,0.6484375,-6.4296875,-6.875,-0.08203125,-0.27734375,0.271484375
851,8421381,8721381,-0.111877441,-0.923522949,0.359191895,0.075012207,0.17578125,0.05078125,0.08984375,0.5859375,-6.421875,-6.890625,-0.08203125,-0.27734375,0.271484375
852,8434503,8734503,-0.112792969,-0.923583984,0.359069824,0.0728759766,0.17578125,0.05078125,0.08984375,0.5859375,-6.421875,-6.890625,-0.09765625,-0.34765625,0.34765625
853,8438464,8738464,-0.113891602,-0.923706055,0.358886719,0.0705566406,0.37109375,0.26953125,0.25390625,0.5078125,-6.4140625,-6.8984375,-0.09765625,-0.34765625,0.34765625
854,8450755,8750755,-0.11529541,-0.923828125,0.358642578,0.067565918,0.37109375,0.26953125,0.25390625,0.5078125,-6.4140625,-6.8984375,-0.15234375,-0.447265625,0.47265625
855,8457102,8757102,-0.116760254,-0.92401123,0.358337402,0.0643920898,0.05078125,0.26171875,0.46875,0.40625,-6.40625,-6.921875,-0.15234375,-0.447265625,0.47265625
856,8472056,8772056,-0.118469238,-0.924133301,0.358093262,0.0606079102,0.05078125,0.26171875,0.46875,0.40625,-6.40625,-6.921875,-0.166015625,-0.60546875,0.599609375
857,8477350,8777350,-0.120300293,-0.924255371,0.357910156,0.0563354492,0,0.23828125,0.60546875,0.265625,-6.3828125,-6.9453125,-0.166015625,-0.60546875,0.599609375
858,8490243,8790243,-0.122253418,-0.924316406,0.357788086,0.051574707,0,0.23828125,0.60546875,0.265625,-6.3828125,-6.9453125,-0.166015625,-0.8046875,0.75390625
859,8498572,8798572,-0.124450684,-0.924377441,0.357666016,0.046081543,0.0703125,0.33203125,0.3984375,0.078125,-6.359375,-6.96875,-0.166015625,-0.8046875,0.75390625
860,8510544,8810544,-0.126831055,-0.924438477,0.357421875,0.0399169922,0.0703125,0.33203125,0.3984375,0.078125,-6.359375,-6.96875,-0.24609375,-1.01367188,0.919921875
861,8516990,8816990,-0.129394531,-0.924499512,0.357055664,0.0330200195,0,0.1171875,-0.03515625,-0.15625,-6.3359375,-6.9921875,-0.24609375,-1.01367188,0.919921875
862,8529269,8829269,-0.131896973,-0.924560547,0.356628418,0.0255737305,0,0.1171875,-0.03515625,-0.15625,-6.3359375,-6.9921875,-0.306640625,-1.296875,1.05664062
863,8537555,8837555,-0.134521484,-0.924499512,0.356323242,0.0169067383,-0.37109375,0.109375,-0.578125,-0.4375,-6.2890625,-7.0234375,-0.306640625,-1.296875,1.05664062
864,8553449,8853449,-0.137207031,-0.924255371,0.356262207,0.00738525391,-0.37109375,0.109375,-0.578125,-0.4375,-6.2890625,-7.0234375,-0.232421875,-1.64648438,1.20117188
865,8557899,8857899,0.139648438,0.923828125,-0.356445312,0.00225830078,-0.44140625,-0.25390625,-1.140625,-0.7890625,-6.234375,-7.0390625,-0.232421875,-1.64648438,1.20117188
866,8574601,8874601,0.14239502,0.923217773,-0.356628418,0.0133666992,-0.44140625,-0.25390625,-1.140625,-0.7890625,-6.234375,-7.0390625,-0.232421875,-1.83007812,1.26953125
867,8578324,8878324,0.144958496,0.922546387,-0.356811523,0.0246582031,-0.26953125,-0.23046875,-1.03125,-1.1875,-6.1796875,-7.03125,-0.232421875,-1.83007812,1.26953125
868,8592231,8892231,0.147338867,0.921691895,-0.356994629,0.0361328125,-0.26953125,-0.23046875,-1.03125,-1.1875,-6.1796875,-7.03125,-0.234375,-2.11914062,1.375
869,8595665,8895665,0.149841309,0.920654297,-0.35723877,0.048828125,-0.1484375,-0.1875,-1.32421875,-1.6171875,-6.109375,-7.0078125,-0.234375,-2.11914062,1.375
870,8614319,8914319,0.152404785,0.919250488,-0.35748291,0.0625610352,-0.1484375,-0.1875,-1.32421875,-1.6171875,-6.109375,-7.0078125,-0.205078125,-2.31640625,1.4375
871,8618052,8918052,0.154785156,0.917602539,-0.358093262,0.0759887695,0,-0.38671875,-1.234375,-2.109375,-6.0234375,-6.9453125,-0.205078125,-2.31640625,1.4375
872,8632173,8932173,0.157165527,0.915649414,-0.358947754,0.0899658203,0,-0.38671875,-1.234375,-2.109375,-6.0234375,-6.9453125,-0.10546875,-2.44921875,1.47851562
873,8635614,8935614,0.159240723,0.913574219,-0.359558105,0.103271484,-0.10546875,-0.16796875,-0.62890625,-2.6171875,-5.9375,-6.859375,-0.10546875,-2.44921875,1.47851562
874,8649511,8949511,0.161315918,0.911254883,-0.360107422,0.117736816,-0.10546875,-0.16796875,-0.62890625,-2.6171875,-5.9375,-6.859375,-0.150390625,-2.49414062,1.41796875
875,8657450,8957450,0.163208008,0.908813477,-0.360656738,0.131896973,0.1328125,-0.4921875,-0.640625,-3.125,-5.84375,-6.734375,-0.150390625,-2.49414062,1.41796875
876,8671004,8971004,0.165039062,0.906188965,-0.36126709,0.145202637,0.1328125,-0.4921875,-0.640625,-3.125,-5.84375,-6.734375,-0.07421875,-2.4921875,1.44335938
877,8677949,8977949,0.167175293,0.902954102,-0.362182617,0.16003418,0.3125,-0.79296875,-0.44140625,-3.609375,-5.734375,-6.5859375,-0.07421875,-2.4921875,1.44335938
878,8693220,8993220,0.169250488,0.899597168,-0.363220215,0.17364502,0.3125,-0.79296875,-0.44140625,-3.609375,-5.734375,-6.5859375,0.07421875,-2.53710938,1.47851562
879,8696904,8996904,0.171203613,0.896057129,-0.364440918,0.187072754,-0.375,-0.74609375,-0.1875,-4.109375,-5.625,-6.3828125,0.07421875,-2.53710938,1.47851562
880,8711416,9011416,0.173217773,0.891967773,-0.365783691,0.201416016,-0.375,-0.74609375,-0.1875,-4.109375,-5.625,-6.3828125,0.12109375,-2.5546875,1.43945312
881,8714728,9014728,0.174865723,0.888061523,-0.366882324,0.21484375,-0.625,-0.12890625,-0.17578125,-4.5859375,-5.515625,-6.1640625,0.12109375,-2.5546875,1.43945312
882,8732231,9032231,0.176391602,0.883789062,-0.367675781,0.229309082,-0.625,-0.12890625,-0.17578125,-4.5859375,-5.515625,-6.1640625,-0.013671875,-2.5234375,1.33984375
883,8735843,9035843,0.177490234,0.879943848,-0.368286133,0.24206543,-0.55078125,-0.1484375,-0.125,-5.046875,-5.3828125,-5.90625,-0.013671875,-2.5234375,1.33984375
884,8749935,9049935,0.178710938,0.875610352,-0.368896484,0.255554199,-0.55078125,-0.1484375,-0.125,-5.046875,-5.3828125,-5.90625,0.0234375,-2.4765625,1.30664062
885,8755182,9055182,0.179870605,0.87097168,-0.369628906,0.269042969,-0.47265625,-0.47265625,-0.0703125,-5.46875,-5.25,-5.65625,0.0234375,-2.4765625,1.30664062
886,8772488,9072488,0.181091309,0.866149902,-0.370483398,0.282287598,-0.47265625,-0.47265625,-0.0703125,-5.46875,-5.25,-5.65625,0.130859375,-2.484375,1.2890625
887,8776088,9076088,0.182189941,0.861328125,-0.371582031,0.29473877,-0.31640625,-0.421875,-0.3671875,-5.890625,-5.109375,-5.359375,0.130859375,-2.484375,1.2890625
888,8789385,9089385,0.183166504,0.856140137,-0.372741699,0.307434082,-0.31640625,-0.421875,-0.3671875,-5.890625,-5.109375,-5.359375,0.171875,-2.49414062,1.22851562
889,8796188,9096188,0.183898926,0.850585938,-0.373962402,0.320739746,-0.09765625,0.2109375,-0.09765625,-6.265625,-4.9765625,-5.0546875,0.171875,-2.49414062,1.22851562
890,8812660,9112660,0.184387207,0.845153809,-0.375,0.333312988,-0.09765625,0.2109375,-0.09765625,-6.265625,-4.9765625,-5.0546875,0.130859375,-2.48046875,1.15039062
891,8816396,9116396,0.184814453,0.83996582,-0.375732422,0.345092773,0.69140625,0.30859375,-0.01953125,-6.6328125,-4.84375,-4.7109375,0.130859375,-2.48046875,1.15039062
892,8829855,9129855,0.185180664,0.834777832,-0.376220703,0.356811523,0.69140625,0.30859375,-0.01953125,-6.6328125,-4.84375,-4.7109375,0.05859375,-2.31835938,1.09375
893,8836847,9136847,0.18536377,0.829223633,-0.376647949,0.36895752,0.390625,0.27734375,0.03515625,-6.9453125,-4.6953125,-4.3828125,0.05859375,-2.31835938,1.09375
894,8851601,9151601,0.185424805,0.824157715,-0.37701416,0.379699707,0.390625,0.27734375,0.03515625,-6.9453125,-4.6953125,-4.3828125,0.048828125,-2.1796875,0.962890625
895,8855326,9155326,0.185302734,0.819274902,-0.377502441,0.389831543,0.61328125,0.13671875,0.05078125,-7.2421875,-4.5546875,-4.0546875,0.048828125,-2.1796875,0.962890625
896,8871253,9171253,0.185058594,0.813964844,-0.378112793,0.400390625,0.61328125,0.13671875,0.05078125,-7.2421875,-4.5546875,-4.0546875,0.0859375,-2.07421875,0.841796875
897,8874783,9174783,0.184692383,0.809143066,-0.378662109,0.409606934,0.82421875,0.1953125,0.23046875,-7.4921875,-4.421875,-3.734375,0.0859375,-2.07421875,0.841796875
898,8892018,9192018,0.184265137,0.803833008,-0.379516602,0.419433594,0.82421875,0.1953125,0.23046875,-7.4921875,-4.421875,-3.734375,0.140625,-1.96289062,0.73828125
899,8896691,9196691,0.183776855,0.79888916,-0.380371094,0.428222656,1.03515625,0.046875,0.30078125,-7.703125,-4.3125,-3.421875,0.140625,-1.96289062,0.73828125
900,8908907,9208907,0.183227539,0.794311523,-0.381225586,0.436096191,1.03515625,0.046875,0.30078125,-7.703125,-4.3125,-3.421875,0.16015625,-1.75,0.6015625
901,8916715,9216715,0.182495117,0.789611816,-0.382202148,0.444030762,0.9375,0.48828125,0.2734375,-7.875,-4.21875,-3.125,0.16015625,-1.75,0.6015625
902,8933410,9233410,0.181762695,0.78515625,-0.383117676,0.45135498,0.9375,0.48828125,0.2734375,-7.875,-4.21875,-3.125,0.15234375,-1.59960938,0.494140625
903,8937807,9237807,0.181030273,0.780883789,-0.384033203,0.458190918,0.86328125,0.48828125,-0.046875,-8.03125,-4.140625,-2.84375,0.15234375,-1.59960938,0.494140625
904,8952220,9252220,0.180358887,0.776672363,-0.384887695,0.464782715,0.86328125,0.48828125,-0.046875,-8.03125,-4.140625,-2.84375,0.16015625,-1.43945312,0.46875
905,8955655,9255655,0.179870605,0.772766113,-0.385620117,0.470947266,0.75390625,0.68359375,0.14453125,-8.1484375,-4.0703125,-2.578125,0.16015625,-1.43945312,0.46875
906,8973155,9273155,0.17956543,0.768981934,-0.386169434,0.476745605,0.75390625,0.68359375,0.14453125,-8.1484375,-4.0703125,-2.578125,0.12109375,-1.25976562,0.498046875
907,8974627,9274627,0.179382324,0.76550293,-0.386413574,0.48223877,0.546875,0.5078125,0.1875,-8.25,-4.0078125,-2.3515625,0.12109375,-1.25976562,0.498046875
908,8990850,9290850,0.179260254,0.762145996,-0.386474609,0.487426758,0.546875,0.5078125,0.1875,-8.25,-4.0078125,-2.3515625,0.0546875,-1.1015625,0.5
909,8994356,9294356,0.179138184,0.759094238,-0.386413574,0.492248535,0.1796875,0.5078125,0.03125,-8.34375,-3.9296875,-2.15625,0.0546875,-1.1015625,0.5
910,9011987,9311987,0.179016113,0.755981445,-0.386291504,0.497192383,0.1796875,0.5078125,0.03125,-8.34375,-3.9296875,-2.15625,0.025390625,-1.01757812,0.4609375
911,9016354,9316354,0.178710938,0.753051758,-0.386169434,0.501831055,-0.046875,0.58203125,0.08203125,-8.421875,-3.8515625,-1.9765625,0.025390625,-1.01757812,0.4609375
912,9030345,9330345,0.178161621,0.750366211,-0.386108398,0.506103516,-0.046875,0.58203125,0.08203125,-8.421875,-3.8515625,-1.9765625,-0.033203125,-0.951171875,0.298828125
913,9035324,9335324,0.177246094,0.74798584,-0.386108398,0.50994873,-0.16796875,0.51953125,0.30078125,-8.4921875,-3.7890625,-1.8125,-0.033203125,-0.951171875,0.298828125
914,9051203,9351203,0.176086426,0.745605469,-0.386291504,0.51361084,-0.16796875,0.51953125,0.30078125,-8.4921875,-3.7890625,-1.8125,-0.03515625,-0.84765625,0.13671875
915,9055313,9355313,0.174804688,0.743530273,-0.38659668,0.516906738,0.109375,0.40234375,0.3828125,-8.5390625,-3.75,-1.6640625,-0.03515625,-0.84765625,0.13671875
916,9070563,9370563,0.173461914,0.741699219,-0.386901855,0.519714355,0.109375,0.40234375,0.3828125,-8.5390625,-3.75,-1.6640625,-0.033203125,-0.662109375,0.03125
917,9074004,9374004,0.172302246,0.74017334,-0.387329102,0.521972656,0.21484375,-0.109375,0.6328125,-8.5703125,-3.734375,-1.53125,-0.033203125,-0.662109375,0.03125
918,9091901,9391901,0.171142578,0.738830566,-0.387756348,0.523864746,0.21484375,-0.109375,0.6328125,-8.5703125,-3.734375,-1.53125,-0.009765625,-0.46875,-0.037109375
919,9093374,9393374,0.170166016,0.737854004,-0.388183594,0.525268555,0.15625,0.08203125,0.61328125,-8.5859375,-3.734375,-1.4375,-0.009765625,-0.46875,-0.037109375
920,9109770,9409770,0.169311523,0.737060547,-0.38861084,0.526367188,0.15625,0.08203125,0.61328125,-8.5859375,-3.734375,-1.4375,-0.009765625,-0.259765625,-0.060546875
921,9113199,9413199,0.168701172,0.736633301,-0.38885498,0.526977539,0.046875,0.15625,0.50390625,-8.59375,-3.734375,-1.3671875,-0.009765625,-0.259765625,-0.060546875
922,9132251,9432251,0.168334961,0.73638916,-0.389038086,0.527282715,0.046875,0.15625,0.50390625,-8.59375,-3.734375,-1.3671875,-0.005859375,-0.037109375,-0.0390625
923,9136400,9436400,0.168273926,0.73651123,-0.389099121,0.527160645,-0.10546875,0.1640625,0.40625,-8.59375,-3.7421875,-1.34375,-0.005859375,-0.037109375,-0.0390625
924,9146114,9446114,0.168334961,0.736877441,-0.389038086,0.526611328,-0.10546875,0.1640625,0.40625,-8.59375,-3.7421875,-1.34375,-0.015625,0.171875,-0.029296875
925,9153073,9453073,0.168579102,0.737487793,-0.38885498,0.525817871,-0.06640625,0.2109375,0.57421875,-8.59375,-3.75,-1.359375,-0.015625,0.171875,-0.029296875
926,9170742,9470742,0.169006348,0.73840332,-0.388549805,0.524597168,-0.06640625,0.2109375,0.57421875,-8.59375,-3.75,-1.359375,-0.041015625,0.357421875,-0.03515625
927,9175663,9475663,0.169494629,0.739624023,-0.388122559,0.523010254,-0.00390625,0.171875,0.390625,-8.578125,-3.75,-1.40625,-0.041015625,0.357421875,-0.03515625
928,9190251,9490251,0.16998291,0.741149902,-0.387573242,0.521179199,-0.00390625,0.171875,0.390625,-8.578125,-3.75,-1.40625,-0.09765625,0.55859375,-0.07421875
929,9193698,9493698,0.170593262,0.743041992,-0.38684082,0.518798828,0.35546875,0.21875,0.40234375,-8.5546875,-3.7578125,-1.4921875,-0.09765625,0.55859375,-0.07421875
930,9209250,9509250,0.171264648,0.745361328,-0.386047363,0.515808105,0.35546875,0.21875,0.40234375,-8.5546875,-3.7578125,-1.4921875,-0.14453125,0.830078125,-0.150390625
931,9212983,9512983,0.171875,0.748046875,-0.385192871,0.512329102,0.59765625,0.12109375,0.52734375,-8.53125,-3.7734375,-1.6171875,-0.14453125,0.830078125,-0.150390625
932,9225922,9525922,0.172485352,0.751403809,-0.384338379,0.5078125,0.59765625,0.12109375,0.52734375,-8.53125,-3.7734375,-1.6171875,-0.1875,1.12109375,-0.306640625
933,9232704,9532704,0.172973633,0.755126953,-0.383422852,0.502868652,0.91796875,0.15234375,0.69921875,-8.46875,-3.8046875,-1.7890625,-0.1875,1.12109375,-0.306640625
934,9249949,9549949,0.173522949,0.759277344,-0.382507324,0.497070312,0.91796875,0.15234375,0.69921875,-8.46875,-3.8046875,-1.7890625,-0.193359375,1.4296875,-0.455078125
935,9254116,9554116,0.174072266,0.76373291,-0.381713867,0.490600586,1.00390625,0.0234375,0.625,-8.3984375,-3.8671875,-2.0234375,-0.193359375,1.4296875,-0.455078125
936,9268187,9568187,0.174682617,0.768493652,-0.381103516,0.483398438,1.00390625,0.0234375,0.625,-8.3984375,-3.8671875,-2.0234375,-0.123046875,1.7109375,-0.595703125
937,9271627,9571627,0.175354004,0.77331543,-0.38067627,0.475769043,1.046875,0.16796875,0.39453125,-8.2890625,-3.9375,-2.2890625,-0.123046875,1.7109375,-0.595703125
938,9284813,9584813,0.175964355,0.778747559,-0.380371094,0.466796875,1.046875,0.16796875,0.39453125,-8.2890625,-3.9375,-2.2890625,-0.083984375,1.95507812,-0.76953125
939,9292151,9592151,0.176391602,0.784240723,-0.380187988,0.457458496,0.828125,0.5859375,0.09375,-8.1484375,-4.046875,-2.6015625,-0.083984375,1.95507812,-0.76953125
940,9306977,9606977,0.176513672,0.790039062,-0.380187988,0.447387695,0.828125,0.5859375,0.09375,-8.1484375,-4.046875,-2.6015625,-0.060546875,2.17578125,-1.0078125
941,9311339,9611339,0.176391602,0.795715332,-0.380371094,0.437072754,0.671875,0.6875,0,-7.953125,-4.1875,-2.9296875,-0.060546875,2.17578125,-1.0078125
942,9327516,9627516,0.176147461,0.802062988,-0.380737305,0.425109863,0.671875,0.6875,0,-7.953125,-4.1875,-2.9296875,-0.01953125,2.3828125,-1.20703125
943,9331111,9631111,0.17578125,0.807983398,-0.381164551,0.413452148,0.515625,0.32421875,0.05859375,-7.71875,-4.359375,-3.296875,-0.01953125,2.3828125,-1.20703125
944,9346821,9646821,0.175415039,0.81427002,-0.381835938,0.40045166,0.515625,0.32421875,0.05859375,-7.71875,-4.359375,-3.296875,0.068359375,2.60351562,-1.3515625
945,9351178,9651178,0.174987793,0.820495605,-0.382568359,0.387023926,0.26171875,0.01171875,0.04296875,-7.4296875,-4.546875,-3.6640625,0.068359375,2.60351562,-1.3515625
946,9365951,9665951,0.174621582,0.826904297,-0.383361816,0.372497559,0.26171875,0.01171875,0.04296875,-7.4296875,-4.546875,-3.6640625,0.134765625,2.78710938,-1.44140625
947,9370735,9670735,0.174316406,0.833068848,-0.384216309,0.357727051,0.1875,-0.04296875,-0.33984375,-7.0859375,-4.7578125,-4.046875,0.134765625,2.78710938,-1.44140625
948,9386013,9686013,0.174072266,0.838989258,-0.385131836,0.342773438,0.1875,-0.04296875,-0.33984375,-7.0859375,-4.7578125,-4.046875,0.208984375,2.90820312,-1.46875
949,9391274,9691274,0.173828125,0.844970703,-0.385986328,0.326843262,-0.203125,-0.1328125,-0.30859375,-6.6953125,-4.9765625,-4.421875,0.208984375,2.90820312,-1.46875
950,9407649,9707649,0.173583984,0.850280762,-0.386901855,0.311767578,-0.203125,-0.1328125,-0.30859375,-6.6953125,-4.9765625,-4.421875,0.28515625,3.05664062,-1.58203125
951,9411368,9711368,0.173095703,0.855651855,-0.388061523,0.295471191,-0.5859375,-0.57421875,-0.71484375,-6.2734375,-5.1875,-4.78125,0.28515625,3.05664062,-1.58203125
952,9427729,9727729,0.172119141,0.860778809,-0.389648438,0.278625488,-0.5859375,-0.57421875,-0.71484375,-6.2734375,-5.1875,-4.78125,0.427734375,3.03515625,-1.78710938
953,9431176,9731176,0.170654297,0.865661621,-0.391296387,0.261535645,-1.1328125,-0.4140625,-0.6640625,-5.8046875,-5.421875,-5.1015625,0.427734375,3.03515625,-1.78710938
954,9447874,9747874,0.168640137,0.870422363,-0.392700195,0.244445801,-1.1328125,-0.4140625,-0.6640625,-5.8046875,-5.421875,-5.1015625,0.314453125,3.0390625,-1.95507812
955,9451637,9751637,0.166381836,0.875183105,-0.393493652,0.227172852,-0.78125,0.1015625,-0.59765625,-5.2734375,-5.671875,-5.3984375,0.314453125,3.0390625,-1.95507812
956,9465167,9765167,0.163696289,0.880126953,-0.393432617,0.20916748,-0.78125,0.1015625,-0.59765625,-5.2734375,-5.671875,-5.3984375,0.0078125,3.02539062,-1.94726562
957,9470792,9770792,0.161193848,0.884765625,-0.392883301,0.192077637,-0.78515625,0.12890625,-1.08203125,-4.6953125,-5.890625,-5.6796875,0.0078125,3.02539062,-1.94726562
958,9485226,9785226,0.158935547,0.88873291,-0.392211914,0.176330566,-0.78515625,0.12890625,-1.08203125,-4.6953125,-5.890625,-5.6796875,-0.00390625,2.875,-1.77929688
959,9490265,9790265,0.156494141,0.89263916,-0.391540527,0.159484863,-0.765625,-0.40234375,-1.12890625,-4.140625,-6.046875,-5.9375,-0.00390625,2.875,-1.77929688
960,9505833,9805833,0.15423584,0.895874023,-0.391174316,0.143615723,-0.765625,-0.40234375,-1.12890625,-4.140625,-6.046875,-5.9375,0.1640625,2.78710938,-1.765625
961,9512361,9812361,0.151916504,0.89855957,-0.391235352,0.128417969,-0.75390625,-0.5625,-0.48828125,-3.578125,-6.1953125,-6.15625,0.1640625,2.78710938,-1.765625
962,9524941,9824941,0.148925781,0.901062012,-0.391601562,0.112243652,-0.75390625,-0.5625,-0.48828125,-3.578125,-6.1953125,-6.15625,0.29296875,2.4375,-1.77929688
963,9529729,9829729,0.145629883,0.903015137,-0.392150879,0.0979003906,-0.81640625,0.0859375,0.08203125,-3.015625,-6.34375,-6.3046875,0.29296875,2.4375,-1.77929688
964,9545501,9845501,0.142150879,0.904785156,-0.39251709,0.0845336914,-0.81640625,0.0859375,0.08203125,-3.015625,-6.34375,-6.3046875,0.216796875,2.12109375,-1.72070312
965,9550782,9850782,0.138916016,0.906311035,-0.392456055,0.0723876953,0.08984375,0.984375,-0.4375,-2.5078125,-6.4765625,-6.3984375,0.216796875,2.12109375,-1.72070312
966,9563920,9863920,0.135986328,0.90814209,-0.391357422,0.0606689453,0.08984375,0.984375,-0.4375,-2.5078125,-6.4765625,-6.3984375,-0.2265625,1.99609375,-1.453125
967,9571544,9871544,0.133361816,0.910339355,-0.388793945,0.048828125,1.1015625,1.28515625,0.453125,-2.0625,-6.546875,-6.484375,-0.2265625,1.99609375,-1.453125
968,9584759,9884759,0.131347656,0.912353516,-0.385986328,0.0378417969,1.1015625,1.28515625,0.453125,-2.0625,-6.546875,-6.484375,-0.337890625,1.89453125,-1.17578125
969,9592120,9892120,0.129943848,0.913696289,-0.384033203,0.0274658203,0.81640625,-0.2109375,-0.65625,-1.625,-6.546875,-6.6015625,-0.337890625,1.89453125,-1.17578125
970,9605509,9905509,0.128662109,0.914611816,-0.383056641,0.0160522461,0.81640625,-0.2109375,-0.65625,-1.625,-6.546875,-6.6015625,0.177734375,1.87304688,-1.06054688
971,9609125,9909125,0.12713623,0.914916992,-0.383056641,0.00634765625,-0.23828125,-0.84375,0.36328125,-1.21875,-6.5625,-6.6640625,0.177734375,1.87304688,-1.06054688
972,9625397,9925397,-0.124938965,-0.915100098,0.383361816,0.00360107422,-0.23828125,-0.84375,0.36328125,-1.21875,-6.5625,-6.6640625,0.2734375,1.49609375,-1.14453125
973,9628858,9928858,-0.122619629,-0.915283203,0.383483887,0.0119628906,-0.29296875,0.21484375,0.8671875,-0.859375,-6.625,-6.671875,0.2734375,1.49609375,-1.14453125
974,9643456,9943456,-0.120178223,-0.915649414,0.383178711,0.0194091797,-0.29296875,0.21484375,0.8671875,-0.859375,-6.625,-6.671875,0.033203125,0.9921875,-0.939453125
975,9650735,9950735,-0.117797852,-0.91607666,0.382446289,0.0249023438,-0.26171875,1.05078125,-0.05859375,-0.546875,-6.65625,-6.6640625,0.033203125,0.9921875,-0.939453125
976,9666492,9966492,-0.115783691,-0.916687012,0.381408691,0.0291137695,-0.26171875,1.05078125,-0.05859375,-0.546875,-6.65625,-6.6640625,-0.1796875,0.630859375,-0.6796875
977,9670659,9970659,-0.114135742,-0.917114258,0.380493164,0.0334472656,0.72265625,-0.0234375,0.109375,-0.34375,-6.65625,-6.6796875,-0.1796875,0.630859375,-0.6796875
978,9685679,9985679,-0.112670898,-0.917175293,0.380249023,0.0386962891,0.72265625,-0.0234375,0.109375,-0.34375,-6.65625,-6.6796875,0.173828125,0.87109375,-0.63671875
979,9689415,9989415,-0.111450195,-0.916931152,0.380615234,0.0438842773,0.71875,-0.55859375,0.265625,-0.1484375,-6.65625,-6.6796875,0.173828125,0.87109375,-0.63671875
980,9705986,10005986,-0.110107422,-0.916625977,0.381164551,0.0494995117,0.71875,-0.55859375,0.265625,-0.1484375,-6.65625,-6.6796875,0.251953125,0.859375,-0.650390625
981,9709430,10009430,-0.108703613,-0.916381836,0.381408691,0.0542602539,0.05859375,0.0859375,0.39453125,0.0546875,-6.6875,-6.65625,0.251953125,0.859375,-0.650390625
982,9725821,10025821,-0.107299805,-0.916442871,0.38104248,0.0584716797,0.05859375,0.0859375,0.39453125,0.0546875,-6.6875,-6.65625,-0.033203125,0.58203125,-0.544921875
983,9729557,10029557,-0.105957031,-0.916687012,0.380310059,0.061706543,0,0.29296875,0.1875,0.2265625,-6.703125,-6.640625,-0.033203125,0.58203125,-0.544921875
984,9745803,10045803,-0.104614258,-0.917053223,0.379272461,0.0646362305,0,0.29296875,0.1875,0.2265625,-6.703125,-6.640625,-0.1484375,0.408203125,-0.44921875
985,9749231,10049231,-0.10357666,-0.917358398,0.378479004,0.067199707,0.171875,-0.10546875,-0.37890625,0.359375,-6.6875,-6.6484375,-0.1484375,0.408203125,-0.44921875
986,9764842,10064842,-0.102539062,-0.917358398,0.378173828,0.0702514648,0.171875,-0.10546875,-0.37890625,0.359375,-6.6875,-6.6484375,0.08203125,0.4921875,-0.392578125
987,9768575,10068575,-0.101745605,-0.917114258,0.378356934,0.0733032227,0.25,-0.91796875,-0.6484375,0.4765625,-6.6796875,-6.6484375,0.08203125,0.4921875,-0.392578125
988,9783191,10083191,-0.100891113,-0.916748047,0.378845215,0.0765991211,0.25,-0.91796875,-0.6484375,0.4765625,-6.6796875,-6.6484375,0.197265625,0.5078125,-0.375
989,9788882,10088882,-0.100036621,-0.916503906,0.379089355,0.0795288086,0.0546875,-0.48828125,-0.09765625,0.59375,-6.6875,-6.625,0.197265625,0.5078125,-0.375
990,9803648,10103648,-0.0991821289,-0.916442871,0.378845215,0.08203125,0.0546875,-0.48828125,-0.09765625,0.59375,-6.6875,-6.625,-0.041015625,0.36328125,-0.341796875
991,9808437,10108437,-0.0983886719,-0.916687012,0.378173828,0.083984375,0.09765625,0.4375,0.15625,0.703125,-6.6953125,-6.609375,-0.041015625,0.36328125,-0.341796875
992,9824614,10124614,-0.09765625,-0.916992188,0.377075195,0.0858154297,0.09765625,0.4375,0.15625,0.703125,-6.6953125,-6.609375,-0.189453125,0.26171875,-0.263671875
993,9828171,10128171,-0.0971069336,-0.917358398,0.376037598,0.0872802734,0.171875,0.0703125,-0.2578125,0.78125,-6.671875,-6.6171875,-0.189453125,0.26171875,-0.263671875
994,9840951,10140951,-0.0966186523,-0.917663574,0.37512207,0.0888671875,0.171875,0.0703125,-0.2578125,0.78125,-6.671875,-6.6171875,-0.111328125,0.26171875,-0.205078125
995,9847853,10147853,-0.0961914062,-0.917724609,0.374633789,0.0903930664,0.1484375,-0.8359375,-0.359375,0.84375,-6.6484375,-6.6328125,-0.111328125,0.26171875,-0.205078125
996,9863130,10163130,-0.0957641602,-0.917663574,0.374511719,0.0919189453,0.1484375,-0.8359375,-0.359375,0.84375,-6.6484375,-6.6328125,0.068359375,0.248046875,-0.205078125
997,9867493,10167493,-0.0952148438,-0.917480469,0.374694824,0.0934448242,-0.14453125,-0.99609375,-0.39453125,0.90625,-6.640625,-6.6328125,0.068359375,0.248046875,-0.205078125
998,9880735,10180735,-0.0946044922,-0.917297363,0.37487793,0.0952148438,-0.14453125,-0.99609375,-0.39453125,0.90625,-6.640625,-6.6328125,0.083984375,0.267578125,-0.23828125
999,9887633,10187633,-0.0939941406,-0.917175293,0.374938965,0.0968017578,0.1015625,-0.0703125,0.23828125,0.96875,-6.6484375,-6.6171875,0.083984375,0.267578125,-0.23828125
1000,9903406,10203406,-0.0935058594,-0.917114258,0.374755859,0.0982055664,0.1015625,-0.0703125,0.23828125,0.96875,-6.6484375,-6.6171875,-0.017578125,0.2109375,-0.189453125
1001,9906878,10206878,-0.0930786133,-0.917236328,0.374389648,0.0993652344,0.15234375,0.08203125,0.65234375,1.03125,-6.6484375,-6.609375,-0.017578125,0.2109375,-0.189453125
1002,9922045,10222045,-0.0928344727,-0.917358398,0.373840332,0.100280762,0.15234375,0.08203125,0.65234375,1.03125,-6.6484375,-6.609375,-0.080078125,0.123046875,-0.109375
1003,9928403,10228403,-0.0926513672,-0.917480469,0.373474121,0.100769043,0.0390625,-0.22265625,0.61328125,1.0703125,-6.6484375,-6.609375,-0.080078125,0.123046875,-0.109375
1004,9942668,10242668,-0.0925292969,-0.917602539,0.37322998,0.100952148,0.0390625,-0.22265625,0.61328125,1.0703125,-6.6484375,-6.609375,-0.05078125,-0.021484375,-0.0078125
1005,9947275,10247275,-0.092590332,-0.917663574,0.373046875,0.100646973,-0.16796875,-0.23046875,0.4296875,1.0859375,-6.640625,-6.6171875,-0.05078125,-0.021484375,-0.0078125
1006,9961735,10261735,-0.0928344727,-0.917785645,0.372924805,0.0999145508,-0.16796875,-0.23046875,0.4296875,1.0859375,-6.640625,-6.6171875,-0.041015625,-0.1328125,0.1171875
1007,9968086,10268086,-0.0932006836,-0.917907715,0.37286377,0.0988769531,-0.078125,-0.3515625,0.171875,1.0703125,-6.6328125,-6.625,-0.041015625,-0.1328125,0.1171875
1008,9983765,10283765,-0.09375,-0.918029785,0.372741699,0.0975341797,-0.078125,-0.3515625,0.171875,1.0703125,-6.6328125,-6.625,-0.076171875,-0.224609375,0.23046875
1009,9987285,10287285,-0.094543457,-0.918151855,0.372558594,0.0960083008,0.0078125,-0.24609375,0.0703125,1.0234375,-6.625,-6.640625,-0.076171875,-0.224609375,0.23046875
1010,10002067,10302067,-0.0955810547,-0.918395996,0.372192383,0.0939331055,0.0078125,-0.24609375,0.0703125,1.0234375,-6.625,-6.640625,-0.15234375,-0.30078125,0.349609375
1011,10007098,10307098,-0.0967407227,-0.918640137,0.371826172,0.091796875,0.125,-0.40625,0.046875,0.9453125,-6.6171875,-6.65625,-0.15234375,-0.30078125,0.349609375
1012,10022374,10322374,-0.0980834961,-0.918884277,0.371520996,0.0892944336,0.125,-0.40625,0.046875,0.9453125,-6.6171875,-6.65625,-0.126953125,-0.359375,0.42578125
1013,10025971,10325971,-0.0994262695,-0.919067383,0.371337891,0.0867919922,0.21875,-0.375,0.1171875,0.8515625,-6.609375,-6.6875,-0.126953125,-0.359375,0.42578125
1014,10042028,10342028,-0.101013184,-0.919311523,0.371032715,0.0838623047,0.21875,-0.375,0.1171875,0.8515625,-6.609375,-6.6875,-0.158203125,-0.41796875,0.4921875
1015,10046815,10346815,-0.102539062,-0.919494629,0.370727539,0.0809936523,0.2890625,-0.0859375,0.06640625,0.7421875,-6.59375,-6.7109375,-0.158203125,-0.41796875,0.4921875
1016,10062759,10362759,-0.104370117,-0.91973877,0.370361328,0.0777587891,0.2890625,-0.0859375,0.06640625,0.7421875,-6.59375,-6.7109375,-0.185546875,-0.47265625,0.568359375
1017,10066221,10366221,-0.106201172,-0.91998291,0.369873047,0.0743408203,0.3359375,0.01171875,0.08984375,0.6171875,-6.578125,-6.734375,-0.185546875,-0.47265625,0.568359375
1018,10081449,10381449,-0.108337402,-0.920288086,0.36932373,0.0704956055,0.3359375,0.01171875,0.08984375,0.6171875,-6.578125,-6.734375,-0.255859375,-0.5390625,0.6640625
1019,10089484,10389484,-0.110656738,-0.920593262,0.368652344,0.0663452148,0.30078125,-0.046875,0.05078125,0.4609375,-6.5546875,-6.7734375,-0.255859375,-0.5390625,0.6640625
1020,10100268,10400268,-0.112915039,-0.920837402,0.368041992,0.0623168945,0.30078125,-0.046875,0.05078125,0.4609375,-6.5546875,-6.7734375,-0.255859375,-0.634765625,0.7734375
1021,10106091,10406091,-0.115539551,-0.921020508,0.367553711,0.0574951172,-0.0703125,-0.1953125,0.16015625,0.296875,-6.5234375,-6.8046875,-0.255859375,-0.634765625,0.7734375
1022,10120690,10420690,-0.118103027,-0.921142578,0.3671875,0.0524902344,-0.0703125,-0.1953125,0.16015625,0.296875,-6.5234375,-6.8046875,-0.20703125,-0.759765625,0.857421875
1023,10130258,10430258,-0.120788574,-0.921142578,0.367004395,0.0470581055,0.09375,0.09765625,0.3125,0.09375,-6.5078125,-6.84375,-0.20703125,-0.759765625,0.857421875
1024,10143412,10443412,-0.123474121,-0.921081543,0.366943359,0.0411376953,0.09375,0.09765625,0.3125,0.09375,-6.5078125,-6.84375,-0.177734375,-0.974609375,0.998046875
1025,10146868,10446868,-0.126281738,-0.920959473,0.36706543,0.0344238281,0.09765625,0.41796875,0.06640625,-0.140625,-6.484375,-6.8671875,-0.177734375,-0.974609375,0.998046875
1026,10163000,10463000,-0.129333496,-0.920654297,0.367370605,0.0263671875,0.09765625,0.41796875,0.06640625,-0.140625,-6.484375,-6.8671875,-0.15234375,-1.29296875,1.140625
1027,10166720,10466720,-0.132141113,-0.920349121,0.367736816,0.0180664062,0.08984375,0.6171875,-0.23046875,-0.4375,-6.453125,-6.875,-0.15234375,-1.29296875,1.140625
1028,10180284,10480284,-0.135131836,-0.91986084,0.368164062,0.00823974609,0.08984375,0.6171875,-0.23046875,-0.4375,-6.453125,-6.875,-0.1640625,-1.66015625,1.31054688
1029,10185185,10485185,0.138183594,0.919311523,-0.368408203,0.00238037109,-0.05078125,0.34765625,-0.796875,-0.796875,-6.4140625,-6.8828125,-0.1640625,-1.66015625,1.31054688
1030,10201805,10501805,0.141174316,0.918823242,-0.368347168,0.0132446289,-0.05078125,0.34765625,-0.796875,-0.796875,-6.4140625,-6.8828125,-0.30859375,-1.8125,1.37304688
1031,10205529,10505529,0.143981934,0.918273926,-0.368103027,0.0241699219,-0.171875,0.0234375,-0.8046875,-1.2109375,-6.359375,-6.875,-0.30859375,-1.8125,1.37304688
1032,10223168,10523168,0.146911621,0.917480469,-0.367858887,0.0367431641,-0.171875,0.0234375,-0.8046875,-1.2109375,-6.359375,-6.875,-0.3125,-2.08398438,1.43164062
1033,10228771,10528771,0.149414062,0.916442871,-0.367919922,0.0493164062,-0.796875,-0.7890625,-0.8203125,-1.65625,-6.2734375,-6.859375,-0.3125,-2.08398438,1.43164062
1034,10240860,10540860,0.151855469,0.915039062,-0.368286133,0.0628051758,-0.796875,-0.7890625,-0.8203125,-1.65625,-6.2734375,-6.859375,-0.15625,-2.34765625,1.47851562
1035,10246823,10546823,0.154174805,0.913391113,-0.36907959,0.0760498047,-0.46875,-0.64453125,-0.76171875,-2.140625,-6.1875,-6.8046875,-0.15625,-2.34765625,1.47851562
1036,10259423,10559423,0.156494141,0.911254883,-0.369995117,0.0904541016,-0.46875,-0.64453125,-0.76171875,-2.140625,-6.1875,-6.8046875,-0.103515625,-2.52929688,1.52734375
1037,10270495,10570495,0.158691406,0.908935547,-0.370849609,0.105529785,-0.49609375,-0.5,-0.6328125,-2.6484375,-6.1015625,-6.703125,-0.103515625,-2.52929688,1.52734375
1038,10278657,10578657,0.160522461,0.906555176,-0.371643066,0.119384766,-0.49609375,-0.5,-0.6328125,-2.6484375,-6.1015625,-6.703125,-0.0859375,-2.56445312,1.46484375
1039,10286074,10586074,0.162353516,0.903808594,-0.372497559,0.134033203,-0.203125,-0.56640625,-0.7734375,-3.171875,-6,-6.5625,-0.0859375,-2.56445312,1.46484375
1040,10302572,10602572,0.164123535,0.900939941,-0.373413086,0.148071289,-0.203125,-0.56640625,-0.7734375,-3.171875,-6,-6.5625,-0.005859375,-2.49609375,1.4296875
1041,10309520,10609520,0.165893555,0.897827148,-0.374450684,0.16192627,-0.16015625,-0.3203125,-0.6015625,-3.671875,-5.8984375,-6.390625,-0.005859375,-2.49609375,1.4296875
1042,10319539,10619539,0.167724609,0.89440918,-0.375488281,0.17565918,-0.16015625,-0.3203125,-0.6015625,-3.671875,-5.8984375,-6.390625,0.05859375,-2.46679688,1.4375
1043,10325500,10625500,0.169616699,0.890808105,-0.376647949,0.189208984,-0.09765625,-0.46875,-0.3671875,-4.15625,-5.7890625,-6.203125,0.05859375,-2.46679688,1.4375
1044,10340413,10640413,0.171508789,0.887084961,-0.377868652,0.202148438,-0.09765625,-0.46875,-0.3671875,-4.15625,-5.7890625,-6.203125,0.158203125,-2.38867188,1.421875
1045,10344037,10644037,0.173339844,0.883178711,-0.379089355,0.215087891,-0.25,-0.30859375,-0.171875,-4.6171875,-5.6796875,-5.9765625,0.158203125,-2.38867188,1.421875
1046,10360039,10660039,0.175170898,0.878845215,-0.380249023,0.228759766,-0.25,-0.30859375,-0.171875,-4.6171875,-5.6796875,-5.9765625,0.11328125,-2.40039062,1.37695312
1047,10363762,10663762,0.176574707,0.874816895,-0.381225586,0.241210938,-0.1875,-0.04296875,-0.15234375,-5.0625,-5.5625,-5.7265625,0.11328125,-2.40039062,1.37695312
1048,10380771,10680771,0.177856445,0.870361328,-0.382141113,0.254638672,-0.1875,-0.04296875,-0.15234375,-5.0625,-5.5625,-5.7265625,0.07421875,-2.3828125,1.29882812
1049,10387632,10687632,0.179016113,0.866210938,-0.3828125,0.266723633,-0.1953125,-0.1328125,-0.296875,-5.4765625,-5.4375,-5.46875,0.07421875,-2.3828125,1.29882812
1050,10400251,10700251,0.180236816,0.861572266,-0.383239746,0.279968262,-0.1953125,-0.1328125,-0.296875,-5.4765625,-5.4375,-5.46875,0.005859375,-2.3671875,1.32421875
1051,10403989,10703989,0.181335449,0.857116699,-0.383483887,0.292175293,0.15625,-0.01171875,-0.33984375,-5.8671875,-5.2890625,-5.1953125,0.005859375,-2.3671875,1.32421875
1052,10417548,10717548,0.182434082,0.852478027,-0.383666992,0.304504395,0.15625,-0.01171875,-0.33984375,-5.8671875,-5.2890625,-5.1953125,0.01953125,-2.3359375,1.30273438
1053,10424927,10724927,0.183654785,0.847412109,-0.384033203,0.317321777,0.37109375,-0.015625,-0.11328125,-6.234375,-5.1328125,-4.921875,0.01953125,-2.3359375,1.30273438
1054,10438097,10738097,0.184753418,0.842468262,-0.384521484,0.328979492,0.37109375,-0.015625,-0.11328125,-6.234375,-5.1328125,-4.921875,0.115234375,-2.18554688,1.21679688
1055,10444064,10744064,0.18572998,0.83782959,-0.384887695,0.33972168,0.453125,-0.1328125,-0.03515625,-6.5859375,-4.9765625,-4.6171875,0.115234375,-2.18554688,1.21679688
1056,10460408,10760408,0.186523438,0.832763672,-0.385253906,0.351074219,0.453125,-0.1328125,-0.03515625,-6.5859375,-4.9765625,-4.6171875,0.064453125,-2.09179688,1.1015625
1057,10467155,10767155,0.187072754,0.828186035,-0.385437012,0.361328125,0.22265625,0.30078125,0.01171875,-6.890625,-4.8359375,-4.3203125,0.064453125,-2.09179688,1.1015625
1058,10479812,10779812,0.1875,0.823181152,-0.385620117,0.372192383,0.22265625,0.30078125,0.01171875,-6.890625,-4.8359375,-4.3203125,0.025390625,-2.04296875,1.02734375
1059,10483540,10783540,0.187805176,0.818603516,-0.385742188,0.381896973,0.37890625,0.19921875,-0.0859375,-7.1640625,-4.6953125,-4.03125,0.025390625,-2.04296875,1.02734375
1060,10497718,10797718,0.188171387,0.813720703,-0.385925293,0.391723633,0.37890625,0.19921875,-0.0859375,-7.1640625,-4.6953125,-4.03125,0.068359375,-1.95507812,0.982421875
1061,10507201,10807201,0.188537598,0.80859375,-0.386230469,0.401855469,0.62109375,0.09765625,0.16796875,-7.40625,-4.5546875,-3.75,0.068359375,-1.95507812,0.982421875
1062,10518153,10818153,0.188781738,0.803710938,-0.38659668,0.411010742,0.62109375,0.09765625,0.16796875,-7.40625,-4.5546875,-3.75,0.111328125,-1.83007812,0.876953125
1063,10523188,10823188,0.188903809,0.799133301,-0.386901855,0.419555664,0.65625,0.109375,0.171875,-7.6328125,-4.4140625,-3.4453125,0.111328125,-1.83007812,0.876953125
1064,10538474,10838474,0.188781738,0.794616699,-0.387084961,0.42791748,0.65625,0.109375,0.171875,-7.6328125,-4.4140625,-3.4453125,0.0390625,-1.67578125,0.732421875
1065,10544742,10844742,0.188354492,0.790588379,-0.387207031,0.43536377,0.65234375,0.796875,0.1171875,-7.8203125,-4.296875,-3.1640625,0.0390625,-1.67578125,0.732421875
1066,10558292,10858292,0.187805176,0.786376953,-0.387268066,0.443054199,0.65234375,0.796875,0.1171875,-7.8203125,-4.296875,-3.1640625,0.001953125,-1.5078125,0.595703125
1067,10563325,10863325,0.187316895,0.782714844,-0.387451172,0.449645996,0.6953125,0.46484375,0.0625,-7.9765625,-4.1953125,-2.9140625,0.001953125,-1.5078125,0.595703125
1068,10578539,10878539,0.186889648,0.778747559,-0.387695312,0.456359863,0.6953125,0.46484375,0.0625,-7.9765625,-4.1953125,-2.9140625,0.0625,-1.33398438,0.54296875
1069,10583930,10883930,0.186645508,0.775390625,-0.388000488,0.461975098,0.859375,0.37109375,0.2109375,-8.1015625,-4.1015625,-2.6796875,0.0625,-1.33398438,0.54296875
1070,10598621,10898621,0.186340332,0.771789551,-0.388366699,0.467712402,0.859375,0.37109375,0.2109375,-8.1015625,-4.1015625,-2.6796875,0.099609375,-1.16015625,0.453125
1071,10602340,10902340,0.186096191,0.768676758,-0.388793945,0.472595215,0.38671875,0.1484375,0.16015625,-8.203125,-4.03125,-2.4765625,0.099609375,-1.16015625,0.453125
1072,10617784,10917784,0.185668945,0.765380859,-0.389404297,0.477600098,0.38671875,0.1484375,0.16015625,-8.203125,-4.03125,-2.4765625,0.107421875,-1.06835938,0.345703125
1073,10623065,10923065,0.185058594,0.762329102,-0.389953613,0.48223877,0.203125,0.7734375,0.26953125,-8.2890625,-3.96875,-2.28125,0.107421875,-1.06835938,0.345703125
1074,10638721,10938721,0.184326172,0.75970459,-0.390380859,0.48626709,0.203125,0.7734375,0.26953125,-8.2890625,-3.96875,-2.28125,0.025390625,-0.935546875,0.251953125
1075,10642456,10942456,0.183532715,0.757446289,-0.390563965,0.489929199,0.03515625,0.875,0.17578125,-8.3515625,-3.9140625,-2.109375,0.025390625,-0.935546875,0.251953125
1076,10657316,10957316,0.182739258,0.755371094,-0.39050293,0.493530273,0.03515625,0.875,0.17578125,-8.3515625,-3.9140625,-2.109375,-0.07421875,-0.751953125,0.25390625
1077,10663077,10963077,0.182189941,0.753479004,-0.390136719,0.496887207,0.08984375,0.453125,0.08203125,-8.40625,-3.875,-1.9765625,-0.07421875,-0.751953125,0.25390625
1078,10678298,10978298,0.181945801,0.751831055,-0.389648438,0.499755859,0.08984375,0.453125,0.08203125,-8.40625,-3.875,-1.9765625,-0.0546875,-0.5546875,0.31640625
1079,10682022,10982022,0.182067871,0.750427246,-0.389221191,0.502197266,-0.015625,-0.1328125,0.31640625,-8.453125,-3.828125,-1.8671875,-0.0546875,-0.5546875,0.31640625
1080,10699657,10999657,0.182495117,0.749084473,-0.388671875,0.504455566,-0.015625,-0.1328125,0.31640625,-8.453125,-3.828125,-1.8671875,-0.005859375,-0.353515625,0.30859375
1081,10707363,11007363,0.182861328,0.74810791,-0.388244629,0.506103516,-0.08984375,-0.15625,0.32421875,-8.4921875,-3.765625,-1.796875,-0.005859375,-0.353515625,0.30859375
1082,10717022,11017022,0.183227539,0.747314453,-0.387939453,0.507446289,-0.08984375,-0.15625,0.32421875,-8.4921875,-3.765625,-1.796875,-0.01171875,-0.212890625,0.1796875
1083,10722056,11022056,0.183349609,0.746765137,-0.387573242,0.508483887,-0.21484375,0.3046875,0.27734375,-8.5234375,-3.7265625,-1.75,-0.01171875,-0.212890625,0.1796875
1084,10736900,11036900,0.183288574,0.746520996,-0.387268066,0.509033203,-0.21484375,0.3046875,0.27734375,-8.5234375,-3.7265625,-1.75,-0.068359375,-0.05078125,0.0546875
1085,10742065,11042065,0.183227539,0.746643066,-0.38684082,0.509155273,0.0703125,0.203125,0.40625,-8.5390625,-3.703125,-1.7265625,-0.068359375,-0.05078125,0.0546875
1086,10756095,11056095,0.183166504,0.747009277,-0.386474609,0.508972168,0.0703125,0.203125,0.40625,-8.5390625,-3.703125,-1.7265625,-0.099609375,0.125,-0.013671875
1087,10763808,11063808,0.183166504,0.747680664,-0.386047363,0.508361816,0.1484375,-0.1484375,0.53515625,-8.5390625,-3.6953125,-1.7421875,-0.099609375,0.125,-0.013671875
1088,10777377,11077377,0.183166504,0.748474121,-0.385803223,0.507385254,0.1484375,-0.1484375,0.53515625,-8.5390625,-3.6953125,-1.7421875,-0.052734375,0.283203125,-0.087890625
1089,10787897,11087897,0.183288574,0.749450684,-0.385559082,0.50604248,0.20703125,-0.1796875,0.61328125,-8.5234375,-3.703125,-1.78125,-0.052734375,0.283203125,-0.087890625
1090,10796599,11096599,0.18347168,0.750671387,-0.385437012,0.504272461,0.20703125,-0.1796875,0.61328125,-8.5234375,-3.703125,-1.78125,-0.044921875,0.453125,-0.16015625
1091,10802565,11102565,0.18359375,0.752319336,-0.385192871,0.501953125,0.14453125,0.11328125,0.37109375,-8.5,-3.7265625,-1.84375,-0.044921875,0.453125,-0.16015625
1092,10817200,11117200,0.183654785,0.75402832,-0.38494873,0.499511719,0.14453125,0.11328125,0.37109375,-8.5,-3.7265625,-1.84375,-0.078125,0.611328125,-0.251953125
1093,10824063,11124063,0.183654785,0.755981445,-0.384765625,0.496704102,0.10546875,0.2578125,0.30859375,-8.4609375,-3.7578125,-1.9375,-0.078125,0.611328125,-0.251953125
1094,10838552,11138552,0.18359375,0.758483887,-0.384399414,0.493103027,0.10546875,0.2578125,0.30859375,-8.4609375,-3.7578125,-1.9375,-0.1171875,0.802734375,-0.34765625
1095,10842946,11142946,0.18359375,0.760986328,-0.384094238,0.489501953,0.25,0.265625,0.43359375,-8.4140625,-3.8046875,-2.0625,-0.1171875,0.802734375,-0.34765625
1096,10860449,11160449,0.18371582,0.764160156,-0.383666992,0.484863281,0.25,0.265625,0.43359375,-8.4140625,-3.8046875,-2.0625,-0.123046875,1.05273438,-0.41796875
1097,10864766,11164766,0.183837891,0.767456055,-0.383239746,0.479919434,0.37109375,0.24609375,0.40625,-8.34375,-3.859375,-2.2265625,-0.123046875,1.05273438,-0.41796875
1098,10876868,11176868,0.184082031,0.771118164,-0.382751465,0.474365234,0.37109375,0.24609375,0.40625,-8.34375,-3.859375,-2.2265625,-0.11328125,1.2890625,-0.498046875
1099,10880595,11180595,0.184387207,0.774719238,-0.382385254,0.468566895,0.5546875,0.16015625,0.3046875,-8.2578125,-3.9296875,-2.4296875,-0.11328125,1.2890625,-0.498046875
1100,10895801,11195801,0.184753418,0.778991699,-0.382080078,0.461608887,0.5546875,0.16015625,0.3046875,-8.2578125,-3.9296875,-2.4296875,-0.06640625,1.5,-0.61328125
1101,10902161,11202161,0.184997559,0.783203125,-0.381896973,0.454406738,0.390625,0.31640625,0.30859375,-8.1328125,-4.0078125,-2.6640625,-0.06640625,1.5,-0.61328125
1102,10916365,11216365,0.185119629,0.787597656,-0.381896973,0.446655273,0.390625,0.31640625,0.30859375,-8.1328125,-4.0078125,-2.6640625,-0.01953125,1.65625,-0.7734375
1103,10920103,11220103,0.185119629,0.791931152,-0.382080078,0.438842773,0.2109375,0.38671875,0.10546875,-7.9921875,-4.1171875,-2.921875,-0.01953125,1.65625,-0.7734375
1104,10935430,11235430,0.184814453,0.796813965,-0.382324219,0.42980957,0.2109375,0.38671875,0.10546875,-7.9921875,-4.1171875,-2.921875,-0.03125,1.8046875,-0.953125
1105,10941077,11241077,0.184265137,0.801696777,-0.382629395,0.420593262,0.1015625,0.51953125,0.3046875,-7.8046875,-4.25,-3.1953125,-0.03125,1.8046875,-0.953125
1106,10957899,11257899,0.183654785,0.80682373,-0.382873535,0.410827637,0.1015625,0.51953125,0.3046875,-7.8046875,-4.25,-3.1953125,-0.046875,1.96484375,-1.07421875
1107,10961620,11261620,0.183044434,0.811828613,-0.383056641,0.400939941,0.04296875,0.29296875,0.24609375,-7.59375,-4.40625,-3.484375,-0.046875,1.96484375,-1.07421875
1108,10974208,11274208,0.182373047,0.816894531,-0.383178711,0.390625,0.04296875,0.29296875,0.24609375,-7.59375,-4.40625,-3.484375,-0.037109375,2.12109375,-1.125
1109,10980212,11280212,0.181884766,0.82232666,-0.383361816,0.379150391,-0.11328125,0.02734375,0.27734375,-7.359375,-4.5625,-3.78125,-0.037109375,2.12109375,-1.125
1110,10994427,11294427,0.181518555,0.827392578,-0.383605957,0.367919922,-0.11328125,0.02734375,0.27734375,-7.359375,-4.5625,-3.78125,0.05859375,2.2265625,-1.125
1111,11000405,11300405,0.181274414,0.832397461,-0.383911133,0.356262207,-0.2421875,-0.0390625,-0.1328125,-7.078125,-4.7265625,-4.1015625,0.05859375,2.2265625,-1.125
1112,11019250,11319250,0.181030273,0.837158203,-0.384338379,0.344482422,-0.2421875,-0.0390625,-0.1328125,-7.078125,-4.7265625,-4.1015625,0.146484375,2.29101562,-1.16015625
1113,11023177,11323177,0.180786133,0.84173584,-0.38494873,0.332519531,-0.546875,-0.01953125,-0.203125,-6.7734375,-4.8984375,-4.4140625,0.146484375,2.29101562,-1.16015625
1114,11033692,11333692,0.180358887,0.846191406,-0.385803223,0.320251465,-0.546875,-0.01953125,-0.203125,-6.7734375,-4.8984375,-4.4140625,0.228515625,2.30078125,-1.26171875
1115,11039672,11339672,0.1796875,0.850524902,-0.386657715,0.307861328,-0.56640625,-0.078125,-0.2265625,-6.4453125,-5.0703125,-4.6953125,0.228515625,2.30078125,-1.26171875
1116,11054302,11354302,0.178649902,0.854797363,-0.387451172,0.295410156,-0.56640625,-0.078125,-0.2265625,-6.4453125,-5.0703125,-4.6953125,0.1484375,2.26171875,-1.3515625
1117,11060062,11360062,0.177429199,0.858886719,-0.387939453,0.28338623,-0.66015625,0.1484375,-0.0078125,-6.0859375,-5.2578125,-4.953125,0.1484375,2.26171875,-1.3515625
1118,11073237,11373237,0.176086426,0.862915039,-0.388305664,0.27130127,-0.66015625,0.1484375,-0.0078125,-6.0859375,-5.2578125,-4.953125,0.083984375,2.203125,-1.35351562
1119,11079218,11379218,0.174499512,0.86706543,-0.388366699,0.258728027,-0.3359375,0.3515625,0.00390625,-5.71875,-5.421875,-5.1953125,0.083984375,2.203125,-1.35351562
1120,11093727,11393727,0.172912598,0.87109375,-0.388061523,0.246520996,-0.3359375,0.3515625,0.00390625,-5.71875,-5.421875,-5.1953125,-0.056640625,2.19921875,-1.33984375
1121,11100074,11400074,0.171325684,0.874816895,-0.387512207,0.234863281,-0.10546875,0.23046875,-0.13671875,-5.3359375,-5.5703125,-5.4375,-0.056640625,2.19921875,-1.33984375
1122,11112189,11412189,0.169677734,0.878601074,-0.386962891,0.222473145,-0.10546875,0.23046875,-0.13671875,-5.3359375,-5.5703125,-5.4375,-0.0078125,2.13476562,-1.27734375
1123,11119962,11419962,0.168212891,0.881896973,-0.386657715,0.21081543,0.03125,-0.2578125,-0.3984375,-4.9375,-5.6953125,-5.671875,-0.0078125,2.13476562,-1.27734375
1124,11133378,11433378,0.166503906,0.885009766,-0.386474609,0.199035645,0.03125,-0.2578125,-0.3984375,-4.9375,-5.6953125,-5.671875,0.07421875,2.046875,-1.31640625
1125,11140062,11440062,0.164672852,0.887878418,-0.386352539,0.187988281,-0.08203125,0.21484375,0.02734375,-4.5546875,-5.8203125,-5.8671875,0.07421875,2.046875,-1.31640625
1126,11154713,11454713,0.162353516,0.890991211,-0.385925293,0.17578125,-0.08203125,0.21484375,0.02734375,-4.5546875,-5.8203125,-5.8671875,-0.0546875,1.97851562,-1.37109375
1127,11158440,11458440,0.16015625,0.893676758,-0.385192871,0.165283203,0.046875,0.375,-0.0703125,-4.1484375,-5.9453125,-6.0390625,-0.0546875,1.97851562,-1.37109375
1128,11175644,11475644,0.157653809,0.896728516,-0.383911133,0.153564453,0.046875,0.375,-0.0703125,-4.1484375,-5.9453125,-6.0390625,-0.197265625,1.94140625,-1.31445312
1129,11179248,11479248,0.155578613,0.899475098,-0.382446289,0.143127441,0.23046875,0.26953125,-0.55859375,-3.7578125,-6.03125,-6.203125,-0.197265625,1.94140625,-1.31445312
1130,11191315,11491315,0.153747559,0.902160645,-0.380615234,0.132568359,0.23046875,0.26953125,-0.55859375,-3.7578125,-6.03125,-6.203125,-0.26171875,1.78515625,-1.06640625
1131,11199070,11499070,0.15246582,0.90435791,-0.37902832,0.123291016,-0.06640625,-0.671875,-0.77734375,-3.3828125,-6.0859375,-6.3671875,-0.26171875,1.78515625,-1.06640625
1132,11216681,11516681,0.151367188,0.90625,-0.378051758,0.113586426,-0.06640625,-0.671875,-0.77734375,-3.3828125,-6.0859375,-6.3671875,0.037109375,1.64648438,-0.89453125
1133,11220786,11520786,0.15032959,0.907592773,-0.377746582,0.104675293,-0.296875,-1.0078125,-0.5,-3.0390625,-6.1328125,-6.4921875,0.037109375,1.64648438,-0.89453125
1134,11233030,11533030,0.149047852,0.908874512,-0.377624512,0.0955200195,-0.296875,-1.0078125,-0.5,-3.0390625,-6.1328125,-6.4921875,0.123046875,1.57421875,-1.00195312
1135,11239366,11539366,0.147338867,0.91027832,-0.37713623,0.0864257812,-0.04296875,0.3671875,0.19140625,-2.71875,-6.203125,-6.5703125,0.123046875,1.57421875,-1.00195312
1136,11256443,11556443,0.145568848,0.911743164,-0.376037598,0.0780029297,-0.04296875,0.3671875,0.19140625,-2.71875,-6.203125,-6.5703125,-0.1484375,1.52148438,-1.02539062
1137,11260535,11560535,0.143737793,0.913391113,-0.374572754,0.0689697266,0.09765625,0.375,0.078125,-2.3984375,-6.25,-6.6484375,-0.1484375,1.52148438,-1.02539062
1138,11272776,11572776,0.142272949,0.914733887,-0.37322998,0.0607299805,0.09765625,0.375,0.078125,-2.3984375,-6.25,-6.6484375,-0.099609375,1.45117188,-0.884765625
1139,11279129,11579129,0.141052246,0.915771484,-0.372314453,0.0526733398,0.34375,-0.94140625,-0.02734375,-2.0703125,-6.2734375,-6.734375,-0.099609375,1.45117188,-0.884765625
1140,11293892,11593892,0.139953613,0.916442871,-0.372192383,0.044921875,0.34375,-0.94140625,-0.02734375,-2.0703125,-6.2734375,-6.734375,0.216796875,1.31054688,-0.759765625
1141,11301255,11601255,0.138916016,0.916687012,-0.372741699,0.037902832,0.20703125,-0.7890625,0.09765625,-1.78125,-6.3125,-6.78125,0.216796875,1.31054688,-0.759765625
1142,11313139,11613139,0.137451172,0.916687012,-0.373962402,0.0306396484,0.20703125,-0.7890625,0.09765625,-1.78125,-6.3125,-6.78125,0.423828125,1.09960938,-0.822265625
1143,11318166,11618166,0.135559082,0.916748047,-0.374938965,0.0238647461,0.25,0.46875,0.7109375,-1.515625,-6.3828125,-6.78125,0.423828125,1.09960938,-0.822265625
1144,11335672,11635672,0.133483887,0.917114258,-0.37512207,0.0178833008,0.25,0.46875,0.7109375,-1.515625,-6.3828125,-6.78125,0.08203125,0.923828125,-0.837890625
1145,11340179,11640179,0.131530762,0.917724609,-0.374633789,0.0124511719,0.8125,1.296875,0.625,-1.2734375,-6.4453125,-6.7734375,0.08203125,0.923828125,-0.837890625
1146,11352802,11652802,0.129455566,0.918518066,-0.373596191,0.00714111328,0.8125,1.296875,0.625,-1.2734375,-6.4453125,-6.7734375,-0.162109375,0.794921875,-0.7578125
1147,11357827,11657827,0.127441406,0.919311523,-0.372375488,0.00225830078,0.66796875,0.5390625,0.1953125,-1.0546875,-6.453125,-6.8046875,-0.162109375,0.794921875,-0.7578125
1148,11374991,11674991,-0.125732422,-0.91986084,0.371520996,0.00201416016,0.66796875,0.5390625,0.1953125,-1.0546875,-6.453125,-6.8046875,-0.0625,0.693359375,-0.673828125
1149,11378577,11678577,-0.124084473,-0.920288086,0.370910645,0.00646972656,0.671875,0.00390625,-0.4609375,-0.8671875,-6.453125,-6.8359375,-0.0625,0.693359375,-0.673828125
1150,11392644,11692644,-0.122741699,-0.920593262,0.370544434,0.010925293,0.671875,0.00390625,-0.4609375,-0.8671875,-6.453125,-6.8359375,0.0546875,0.767578125,-0.564453125
1151,11397688,11697688,-0.121643066,-0.920715332,0.370483398,0.015625,0.5703125,-0.2578125,-0.4921875,-0.6875,-6.4609375,-6.84375,0.0546875,0.767578125,-0.564453125
1152,11416576,11716576,-0.120666504,-0.920654297,0.370727539,0.0202026367,0.5703125,-0.2578125,-0.4921875,-0.6875,-6.4609375,-6.84375,0.1953125,0.734375,-0.521484375
1153,11421732,11721732,-0.119445801,-0.920593262,0.37109375,0.024597168,-0.26171875,-0.234375,-0.26953125,-0.5078125,-6.484375,-6.8359375,0.1953125,0.734375,-0.521484375
1154,11431274,11731274,-0.118103027,-0.920654297,0.371032715,0.028503418,-0.26171875,-0.234375,-0.26953125,-0.5078125,-6.484375,-6.8359375,0.03125,0.615234375,-0.55078125
1155,11439606,11739606,-0.116699219,-0.920898438,0.370483398,0.032409668,-0.1171875,-0.2109375,-0.32421875,-0.34375,-6.5078125,-6.8203125,0.03125,0.615234375,-0.55078125
1156,11456299,11756299,-0.11541748,-0.921264648,0.369628906,0.0361328125,-0.1171875,-0.2109375,-0.32421875,-0.34375,-6.5078125,-6.8203125,-0.10546875,0.66015625,-0.556640625
1157,11457771,11757771,-0.114074707,-0.921630859,0.368713379,0.0403442383,0.078125,-0.37109375,-0.3828125,-0.1953125,-6.5,-6.8359375,-0.10546875,0.66015625,-0.556640625
1158,11471086,11771086,-0.112731934,-0.921936035,0.367858887,0.0444946289,0.078125,-0.37109375,-0.3828125,-0.1953125,-6.5,-6.8359375,-0.06640625,0.669921875,-0.5625
1159,11478933,11778933,-0.11138916,-0.922180176,0.367126465,0.0485839844,0.09765625,-0.1484375,0.04296875,-0.0234375,-6.4921875,-6.84375,-0.06640625,0.669921875,-0.5625
1160,11493916,11793916,-0.109985352,-0.922424316,0.366333008,0.0527954102,0.09765625,-0.1484375,0.04296875,-0.0234375,-6.4921875,-6.84375,-0.05859375,0.6640625,-0.578125
1161,11498731,11798731,-0.108703613,-0.922729492,0.365539551,0.0565185547,0.23046875,-0.1953125,0.05078125,0.1484375,-6.484375,-6.8515625,-0.05859375,0.6640625,-0.578125
1162,11512087,11812087,-0.10736084,-0.923034668,0.364440918,0.0607299805,0.23046875,-0.1953125,0.05078125,0.1484375,-6.484375,-6.8515625,-0.099609375,0.662109375,-0.544921875
1163,11518833,11818833,-0.106140137,-0.923217773,0.363647461,0.0645141602,0.2265625,-0.2890625,-0.23828125,0.3046875,-6.46875,-6.8671875,-0.099609375,0.662109375,-0.544921875
1164,11534905,11834905,-0.104858398,-0.923400879,0.362854004,0.0686035156,0.2265625,-0.2890625,-0.23828125,0.3046875,-6.46875,-6.8671875,-0.048828125,0.646484375,-0.509765625
1165,11536374,11836374,-0.103820801,-0.923461914,0.362243652,0.0723266602,0.33984375,0.15625,0.2578125,0.4609375,-6.453125,-6.8671875,-0.048828125,0.646484375,-0.509765625
1166,11550822,11850822,-0.102905273,-0.923400879,0.361877441,0.0757446289,0.33984375,0.15625,0.2578125,0.4609375,-6.453125,-6.8671875,0.046875,0.525390625,-0.384765625
1167,11556794,11856794,-0.102050781,-0.923400879,0.361633301,0.0784301758,0.046875,-0.03515625,0.86328125,0.6015625,-6.453125,-6.859375,0.046875,0.525390625,-0.384765625
1168,11574306,11874306,-0.101318359,-0.923522949,0.361083984,0.0803222656,0.046875,-0.03515625,0.86328125,0.6015625,-6.453125,-6.859375,-0.107421875,0.244140625,-0.251953125
1169,11577903,11877903,-0.100708008,-0.923828125,0.360229492,0.0816650391,0.10546875,0.30078125,0.4453125,0.6953125,-6.4453125,-6.859375,-0.107421875,0.244140625,-0.251953125
1170,11590876,11890876,-0.100341797,-0.924133301,0.359191895,0.0826416016,0.10546875,0.30078125,0.4453125,0.6953125,-6.4453125,-6.859375,-0.193359375,0.16796875,-0.150390625
1171,11596851,11896851,-0.100036621,-0.924499512,0.358215332,0.0835571289,0.2421875,0.05078125,-0.26953125,0.75,-6.421875,-6.875,-0.193359375,0.16796875,-0.150390625
1172,11614060,11914060,-0.0998535156,-0.924743652,0.357421875,0.0843505859,0.2421875,0.05078125,-0.26953125,0.75,-6.421875,-6.875,-0.125,0.12890625,-0.099609375
1173,11617651,11917651,-0.0996704102,-0.924926758,0.356872559,0.0849609375,-0.0625,-0.7578125,-0.4765625,0.7890625,-6.3828125,-6.8984375,-0.125,0.12890625,-0.099609375
1174,11630261,11930261,-0.0994873047,-0.925048828,0.356567383,0.0854492188,-0.0625,-0.7578125,-0.4765625,0.7890625,-6.3828125,-6.8984375,-0.03125,0.064453125,-0.080078125
1175,11636231,11936231,-0.0991821289,-0.925048828,0.356445312,0.0858154297,-0.31640625,-0.94921875,-0.51171875,0.8125,-6.3828125,-6.8984375,-0.03125,0.064453125,-0.080078125
1176,11653829,11953829,-0.0989379883,-0.925048828,0.356506348,0.0859985352,-0.31640625,-0.94921875,-0.51171875,0.8125,-6.3828125,-6.8984375,0.037109375,0.01171875,-0.05078125
1177,11657425,11957425,-0.0987548828,-0.924987793,0.356750488,0.0861206055,0.05859375,-0.6796875,-0.24609375,0.8203125,-6.3828125,-6.8984375,0.037109375,0.01171875,-0.05078125
1178,11670305,11970305,-0.0986938477,-0.924804688,0.357177734,0.0860595703,0.05859375,-0.6796875,-0.24609375,0.8203125,-6.3828125,-6.8984375,0.09375,-0.0390625,0.009765625
1179,11676030,11976030,-0.0986938477,-0.924682617,0.35760498,0.0858154297,0.00390625,-0.59375,-0.0625,0.8359375,-6.390625,-6.890625,0.09375,-0.0390625,0.009765625
1180,11692744,11992744,-0.098815918,-0.924560547,0.358032227,0.0853881836,0.00390625,-0.59375,-0.0625,0.8359375,-6.390625,-6.890625,0.0703125,-0.09765625,0.083984375
1181,11696644,11996644,-0.0990600586,-0.924438477,0.358337402,0.0847167969,0.06640625,-0.2734375,0.16015625,0.8125,-6.40625,-6.8828125,0.0703125,-0.09765625,0.083984375
1182,11710535,12010535,-0.0994262695,-0.924438477,0.358459473,0.0837402344,0.06640625,-0.2734375,0.16015625,0.8125,-6.40625,-6.8828125,-0.015625,-0.158203125,0.16015625
1183,11715324,12015324,-0.0999145508,-0.924438477,0.358581543,0.0826416016,0.13671875,-0.1953125,0.08203125,0.78125,-6.40625,-6.8828125,-0.015625,-0.158203125,0.16015625
1184,11733130,12033130,-0.100585938,-0.924438477,0.358764648,0.081237793,0.13671875,-0.1953125,0.08203125,0.78125,-6.40625,-6.8828125,0.013671875,-0.228515625,0.234375
1185,11736604,12036604,-0.101318359,-0.924377441,0.359130859,0.0796508789,0.14453125,-0.03515625,0.4296875,0.734375,-6.4140625,-6.8828125,0.013671875,-0.228515625,0.234375
1186,11751326,12051326,-0.102172852,-0.924255371,0.35949707,0.0778198242,0.14453125,-0.03515625,0.4296875,0.734375,-6.4140625,-6.8828125,0.017578125,-0.314453125,0.328125
1187,11754932,12054932,-0.103149414,-0.924194336,0.359802246,0.0756835938,0.296875,0.35546875,0.7734375,0.65625,-6.421875,-6.8828125,0.017578125,-0.314453125,0.328125
1188,11772172,12072172,-0.104492188,-0.924194336,0.359985352,0.0729370117,0.296875,0.35546875,0.7734375,0.65625,-6.421875,-6.8828125,-0.0703125,-0.4296875,0.455078125
1189,11775796,12075796,-0.105895996,-0.924316406,0.359924316,0.0699462891,0.31640625,0.5859375,0.97265625,0.5625,-6.421875,-6.890625,-0.0703125,-0.4296875,0.455078125
1190,11790563,12090563,-0.10760498,-0.924438477,0.359741211,0.0661621094,0.31640625,0.5859375,0.97265625,0.5625,-6.421875,-6.890625,-0.166015625,-0.60546875,0.609375
1191,11794288,12094288,-0.109375,-0.924621582,0.35949707,0.0620727539,0.265625,0.34765625,0.7265625,0.421875,-6.4140625,-6.9140625,-0.166015625,-0.60546875,0.609375
1192,11812870,12112870,-0.111450195,-0.924804688,0.359191895,0.0571289062,0.265625,0.34765625,0.7265625,0.421875,-6.4140625,-6.9140625,-0.201171875,-0.759765625,0.72265625
1193,11817160,12117160,-0.113586426,-0.924987793,0.358886719,0.0520019531,-0.015625,-0.01953125,0.5234375,0.2421875,-6.390625,-6.9375,-0.201171875,-0.759765625,0.72265625
1194,11829426,12129426,-0.115783691,-0.925109863,0.358581543,0.0464477539,-0.015625,-0.01953125,0.5234375,0.2421875,-6.390625,-6.9375,-0.205078125,-0.91015625,0.84375
1195,11834458,12134458,-0.118164062,-0.925170898,0.358459473,0.0403442383,-0.02734375,-0.12890625,0.16796875,0.0234375,-6.359375,-6.96875,-0.205078125,-0.91015625,0.84375
1196,11850797,12150797,-0.120666504,-0.925048828,0.358520508,0.0338134766,-0.02734375,-0.12890625,0.16796875,0.0234375,-6.359375,-6.96875,-0.1484375,-1.04882812,0.95703125
1197,11854533,12154533,-0.12322998,-0.924926758,0.358581543,0.02734375,0.03125,0.0078125,-0.15234375,-0.2265625,-6.34375,-6.9921875,-0.1484375,-1.04882812,0.95703125
1198,11868960,12168960,-0.126159668,-0.924682617,0.358642578,0.0197143555,0.03125,0.0078125,-0.15234375,-0.2265625,-6.34375,-6.9921875,-0.169921875,-1.20703125,1.1015625
1199,11873991,12173991,-0.129150391,-0.924316406,0.358825684,0.0115966797,0.0546875,-0.09765625,-0.296875,-0.515625,-6.3125,-7,-0.169921875,-1.20703125,1.1015625
1200,11891345,12191345,-0.132080078,-0.923828125,0.359313965,0.00262451172,0.0546875,-0.09765625,-0.296875,-0.515625,-6.3125,-7,-0.107421875,-1.52148438,1.21875
1201,11895072,12195072,0.134887695,0.923156738,-0.359985352,0.00653076172,-0.1484375,-0.4375,-0.2578125,-0.8515625,-6.28125,-7,-0.107421875,-1.52148438,1.21875
1202,11908990,12208990,0.137695312,0.922241211,-0.360961914,0.016784668,-0.1484375,-0.4375,-0.2578125,-0.8515625,-6.28125,-7,-0.001953125,-1.80859375,1.3125
1203,11914023,12214023,0.140625,0.921081543,-0.362060547,0.0283813477,0.15234375,-0.31640625,-0.6640625,-1.2265625,-6.25,-6.9765625,-0.001953125,-1.80859375,1.3125
1204,11929841,12229841,0.143310547,0.91986084,-0.362915039,0.0397338867,0.15234375,-0.31640625,-0.6640625,-1.2265625,-6.25,-6.9765625,-0.0703125,-1.95898438,1.36328125
1205,11933559,12233559,0.145812988,0.918640137,-0.363586426,0.0508422852,0.40625,-0.28515625,-1.02734375,-1.671875,-6.203125,-6.921875,-0.0703125,-1.95898438,1.36328125
1206,11949593,12249593,0.148498535,0.917175293,-0.364318848,0.063293457,0.40625,-0.28515625,-1.02734375,-1.671875,-6.203125,-6.921875,-0.09375,-2.07617188,1.37109375
1207,11953326,12253326,0.150695801,0.915649414,-0.36505127,0.0750732422,-0.64453125,-0.65234375,-0.859375,-2.1171875,-6.140625,-6.859375,-0.09375,-2.07617188,1.37109375
1208,11972930,12272930,0.153015137,0.913574219,-0.366149902,0.0886230469,-0.64453125,-0.65234375,-0.859375,-2.1171875,-6.140625,-6.859375,0.041015625,-2.3203125,1.41210938
1209,11976356,12276356,0.155212402,0.911315918,-0.367553711,0.101867676,-0.59765625,-0.6171875,-1.23046875,-2.5859375,-6.0625,-6.7578125,0.041015625,-2.3203125,1.41210938
1210,11988438,12288438,0.157165527,0.908874512,-0.368774414,0.11517334,-0.59765625,-0.6171875,-1.23046875,-2.5859375,-6.0625,-6.7578125,0.005859375,-2.46484375,1.41796875
1211,11993470,12293470,0.159118652,0.90612793,-0.369995117,0.129516602,-0.6875,-0.53515625,-1.1015625,-3.0703125,-5.9921875,-6.6171875,0.005859375,-2.46484375,1.41796875
1212,12008534,12308534,0.160827637,0.903259277,-0.371154785,0.143066406,-0.6875,-0.53515625,-1.1015625,-3.0703125,-5.9921875,-6.6171875,0.046875,-2.453125,1.37890625
1213,12013563,12313563,0.162414551,0.900390625,-0.372314453,0.155944824,-0.34765625,-0.28125,-0.95703125,-3.5625,-5.8984375,-6.453125,0.046875,-2.453125,1.37890625
1214,12027860,12327860,0.16418457,0.897155762,-0.373474121,0.169433594,-0.34765625,-0.28125,-0.95703125,-3.5625,-5.8984375,-6.453125,0.0703125,-2.3984375,1.36523438
1215,12032888,12332888,0.165893555,0.893676758,-0.374633789,0.182922363,-0.30078125,-0.140625,-0.34375,-4.03125,-5.8125,-6.265625,0.0703125,-2.3984375,1.36523438
1216,12052455,12352455,0.167663574,0.890014648,-0.375854492,0.196105957,-0.30078125,-0.140625,-0.34375,-4.03125,-5.8125,-6.265625,0.13671875,-2.36328125,1.3671875
1217,12055880,12355880,0.169433594,0.886230469,-0.377197266,0.20880127,0,-0.44140625,-0.28515625,-4.484375,-5.703125,-6.0546875,0.13671875,-2.36328125,1.3671875
1218,12067728,12367728,0.171142578,0.882446289,-0.378540039,0.220703125,0,-0.44140625,-0.28515625,-4.484375,-5.703125,-6.0546875,0.197265625,-2.296875,1.32226562
1219,12072761,12372761,0.172790527,0.878234863,-0.379760742,0.233764648,-0.11328125,0.1171875,0.015625,-4.90625,-5.609375,-5.8203125,0.197265625,-2.296875,1.32226562
1220,12086197,12386197,0.174133301,0.874206543,-0.380554199,0.246154785,-0.11328125,0.1171875,0.015625,-4.90625,-5.609375,-5.8203125,0.046875,-2.26367188,1.25390625
1221,12093908,12393908,0.175292969,0.870239258,-0.381164551,0.258300781,-0.0078125,0.109375,-0.05078125,-5.3203125,-5.484375,-5.5625,0.046875,-2.26367188,1.25390625
1222,12107979,12407979,0.176330566,0.866271973,-0.381713867,0.269775391,-0.0078125,0.109375,-0.05078125,-5.3203125,-5.484375,-5.5625,0.05078125,-2.22070312,1.19726562
1223,12114376,12414376,0.177307129,0.862121582,-0.382263184,0.281433105,0.359375,-0.140625,0.015625,-5.6875,-5.3515625,-5.3203125,0.05078125,-2.22070312,1.19726562
1224,12130659,12430659,0.178405762,0.857666016,-0.38293457,0.293212891,0.359375,-0.140625,0.015625,-5.6875,-5.3515625,-5.3203125,0.111328125,-2.125,1.15429688
1225,12135363,12435363,0.179443359,0.853210449,-0.383666992,0.304321289,0.6328125,-0.07421875,-0.09765625,-6.0390625,-5.2265625,-5.0546875,0.111328125,-2.125,1.15429688
1226,12147557,12447557,0.180419922,0.848876953,-0.384399414,0.314819336,0.6328125,-0.07421875,-0.09765625,-6.0390625,-5.2265625,-5.0546875,0.169921875,-2.10742188,1.12304688
1227,12154077,12454077,0.181396484,0.844116211,-0.385253906,0.325805664,0.6484375,0.421875,-0.09375,-6.359375,-5.109375,-4.7890625,0.169921875,-2.10742188,1.12304688
1228,12169157,12469157,0.182250977,0.839294434,-0.385925293,0.336853027,0.6484375,0.421875,-0.09375,-6.359375,-5.109375,-4.7890625,0.12890625,-2.02734375,1.04296875
1229,12172887,12472887,0.182739258,0.834960938,-0.386474609,0.346618652,0.5,0.6328125,-0.1171875,-6.671875,-4.9765625,-4.5,0.12890625,-2.02734375,1.04296875
1230,12189698,12489698,0.183044434,0.830383301,-0.386779785,0.356933594,0.5,0.6328125,-0.1171875,-6.671875,-4.9765625,-4.5,0.017578125,-1.9296875,0.935546875
1231,12193914,12493914,0.183227539,0.826171875,-0.38684082,0.366333008,0.3515625,0.46875,0.0703125,-6.9453125,-4.8515625,-4.2265625,0.017578125,-1.9296875,0.935546875
1232,12209754,12509754,0.18347168,0.821716309,-0.38671875,0.376342773,0.3515625,0.46875,0.0703125,-6.9453125,-4.8515625,-4.2265625,-0.015625,-1.875,0.96484375
1233,12213366,12513366,0.183776855,0.817443848,-0.38659668,0.385498047,0.51953125,0.3359375,-0.0859375,-7.1875,-4.71875,-3.953125,-0.015625,-1.875,0.96484375
1234,12226404,12526404,0.184020996,0.812927246,-0.386474609,0.394897461,0.51953125,0.3359375,-0.0859375,-7.1875,-4.71875,-3.953125,0.017578125,-1.78515625,0.888671875
1235,12232383,12532383,0.184143066,0.80859375,-0.386474609,0.403564453,0.171875,0.1953125,0.03125,-7.4140625,-4.578125,-3.6875,0.017578125,-1.78515625,0.888671875
1236,12245499,12545499,0.184204102,0.804504395,-0.386474609,0.411621094,0.171875,0.1953125,0.03125,-7.4140625,-4.578125,-3.6875,0.02734375,-1.68945312,0.8125
1237,12251460,12551460,0.184265137,0.800048828,-0.386474609,0.420227051,0.25,0.1484375,0.078125,-7.609375,-4.453125,-3.4296875,0.02734375,-1.68945312,0.8125
1238,12268632,12568632,0.184143066,0.795837402,-0.386535645,0.428161621,0.25,0.1484375,0.078125,-7.609375,-4.453125,-3.4296875,0.048828125,-1.6015625,0.720703125
1239,12272413,12572413,0.184020996,0.791931152,-0.386657715,0.43536377,0.31640625,0.1484375,0.38671875,-7.7890625,-4.3359375,-3.1640625,0.048828125,-1.6015625,0.720703125
1240,12289580,12589580,0.183776855,0.787719727,-0.38671875,0.442932129,0.31640625,0.1484375,0.38671875,-7.7890625,-4.3359375,-3.1640625,0.03515625,-1.4921875,0.642578125
1241,12293182,12593182,0.18347168,0.783813477,-0.38684082,0.449890137,0.1640625,0.390625,0.03125,-7.9453125,-4.234375,-2.921875,0.03515625,-1.4921875,0.642578125
1242,12304314,12604314,0.183044434,0.779968262,-0.386962891,0.456542969,0.1640625,0.390625,0.03125,-7.9453125,-4.234375,-2.921875,0.04296875,-1.40625,0.578125
1243,12311997,12611997,0.182739258,0.776184082,-0.387145996,0.462890625,0.17578125,0.1796875,0.2265625,-8.0703125,-4.140625,-2.6953125,0.04296875,-1.40625,0.578125
1244,12327389,12627389,0.182434082,0.772460938,-0.387573242,0.468811035,0.17578125,0.1796875,0.2265625,-8.0703125,-4.140625,-2.6953125,0.12109375,-1.28710938,0.501953125
1245,12331116,12631116,0.182128906,0.769042969,-0.388000488,0.474182129,0.21484375,0.21875,0.19921875,-8.1875,-4.0625,-2.4765625,0.12109375,-1.28710938,0.501953125
1246,12344693,12644693,0.18170166,0.765441895,-0.38848877,0.479797363,0.21484375,0.21875,0.19921875,-8.1875,-4.0625,-2.4765625,0.087890625,-1.16015625,0.42578125
1247,12350665,12650665,0.181335449,0.762207031,-0.38885498,0.484741211,0.1640625,0.22265625,0.25390625,-8.2890625,-3.9921875,-2.265625,0.087890625,-1.16015625,0.42578125
1248,12370010,12670010,0.181030273,0.759155273,-0.389099121,0.489379883,0.1640625,0.22265625,0.25390625,-8.2890625,-3.9921875,-2.265625,0.07421875,-0.998046875,0.3984375
1249,12371503,12671503,0.180786133,0.756408691,-0.389221191,0.493591309,0.42578125,0.3828125,0.2578125,-8.359375,-3.921875,-2.078125,0.07421875,-0.998046875,0.3984375
1250,12384450,12684450,0.180541992,0.75378418,-0.389282227,0.497619629,0.42578125,0.3828125,0.2578125,-8.359375,-3.921875,-2.078125,0.037109375,-0.865234375,0.353515625
1251,12390452,12690452,0.180358887,0.751281738,-0.389343262,0.501464844,0.19140625,0.3203125,0.21875,-8.4296875,-3.859375,-1.921875,0.037109375,-0.865234375,0.353515625
1252,12406178,12706178,0.180175781,0.748962402,-0.389404297,0.504882812,0.19140625,0.3203125,0.21875,-8.4296875,-3.859375,-1.921875,0.037109375,-0.73046875,0.31640625
1253,12409904,12709904,0.179992676,0.746948242,-0.389404297,0.50793457,0.27734375,0.41796875,0.421875,-8.4765625,-3.8046875,-1.78125,0.037109375,-0.73046875,0.31640625
1254,12425757,12725757,0.179748535,0.744934082,-0.389404297,0.510986328,0.27734375,0.41796875,0.421875,-8.4765625,-3.8046875,-1.78125,0.015625,-0.64453125,0.24609375
1255,12430797,12730797,0.179443359,0.743164062,-0.389404297,0.51373291,-0.328125,0.296875,0.375,-8.5234375,-3.7578125,-1.65625,0.015625,-0.64453125,0.24609375
1256,12447663,12747663,0.179016113,0.741333008,-0.389343262,0.516540527,-0.328125,0.296875,0.375,-8.5234375,-3.7578125,-1.65625,-0.009765625,-0.60546875,0.228515625
1257,12451397,12751397,0.178710938,0.739685059,-0.389282227,0.519042969,-0.14453125,0.21875,0.42578125,-8.5546875,-3.71875,-1.5546875,-0.009765625,-0.60546875,0.228515625
1258,12466318,12766318,0.178527832,0.738037109,-0.389221191,0.52154541,-0.14453125,0.21875,0.42578125,-8.5546875,-3.71875,-1.5546875,0.025390625,-0.509765625,0.228515625
1259,12470051,12770051,0.178527832,0.73651123,-0.389160156,0.523681641,-0.02734375,0.1015625,0.25390625,-8.59375,-3.6796875,-1.4609375,0.025390625,-0.509765625,0.228515625
1260,12484738,12784738,0.178588867,0.735046387,-0.389099121,0.525756836,-0.02734375,0.1015625,0.25390625,-8.59375,-3.6796875,-1.4609375,0.02734375,-0.419921875,0.216796875
1261,12489770,12789770,0.178649902,0.733764648,-0.388977051,0.527587891,0.03515625,0.25390625,0.3984375,-8.6171875,-3.640625,-1.375,0.02734375,-0.419921875,0.216796875
1262,12505380,12805380,0.178527832,0.73260498,-0.388916016,0.529296875,0.03515625,0.25390625,0.3984375,-8.6171875,-3.640625,-1.375,0.001953125,-0.369140625,0.14453125
1263,12510177,12810177,0.178222656,0.731567383,-0.388916016,0.530822754,-0.3203125,0.33203125,0.359375,-8.6484375,-3.6015625,-1.296875,0.001953125,-0.369140625,0.14453125
1264,12526503,12826503,0.17779541,0.730529785,-0.388916016,0.532409668,-0.3203125,0.33203125,0.359375,-8.6484375,-3.6015625,-1.296875,-0.025390625,-0.3671875,0.0703125
1265,12530097,12830097,0.177246094,0.729614258,-0.388977051,0.533813477,-0.37890625,0.19921875,0.02734375,-8.6640625,-3.5859375,-1.234375,-0.025390625,-0.3671875,0.0703125
1266,12544893,12844893,0.176635742,0.72869873,-0.388977051,0.535217285,-0.37890625,0.19921875,0.02734375,-8.6640625,-3.5859375,-1.234375,-0.02734375,-0.310546875,0.044921875
1267,12554470,12854470,0.176208496,0.727966309,-0.388977051,0.536376953,0.09765625,0.30859375,0.203125,-8.6796875,-3.578125,-1.1796875,-0.02734375,-0.310546875,0.044921875
1268,12563867,12863867,0.176025391,0.727416992,-0.38885498,0.537231445,0.09765625,0.30859375,0.203125,-8.6796875,-3.578125,-1.1796875,-0.017578125,-0.166015625,0.080078125
1269,12570440,12870440,0.176025391,0.727050781,-0.38873291,0.537902832,0.21875,0.1015625,0.2421875,-8.6875,-3.5625,-1.140625,-0.017578125,-0.166015625,0.080078125
1270,12584355,12884355,0.176208496,0.726867676,-0.388427734,0.538269043,0.21875,0.1015625,0.2421875,-8.6875,-3.5625,-1.140625,-0.0234375,-0.0234375,0.08984375
1271,12594470,12894470,0.176391602,0.726867676,-0.388122559,0.538391113,0.03515625,0.23828125,0.2265625,-8.6953125,-3.546875,-1.125,-0.0234375,-0.0234375,0.08984375
1272,12607398,12907398,0.176574707,0.727172852,-0.387695312,0.538269043,0.03515625,0.23828125,0.2265625,-8.6953125,-3.546875,-1.125,-0.06640625,0.111328125,0.03125
1273,12612217,12912217,0.176696777,0.727661133,-0.387329102,0.537841797,0.07421875,0.15234375,0.30859375,-8.6953125,-3.5390625,-1.1328125,-0.06640625,0.111328125,0.03125
1274,12624412,12924412,0.176879883,0.728393555,-0.386901855,0.53704834,0.07421875,0.15234375,0.30859375,-8.6953125,-3.5390625,-1.1328125,-0.07421875,0.251953125,-0.03125
1275,12629467,12929467,0.177062988,0.729309082,-0.386535645,0.536071777,0.265625,0.078125,0.38671875,-8.6953125,-3.5390625,-1.171875,-0.07421875,0.251953125,-0.03125
1276,12644082,12944082,0.177307129,0.73059082,-0.386108398,0.534545898,0.265625,0.078125,0.38671875,-8.6953125,-3.5390625,-1.171875,-0.064453125,0.4140625,-0.09375
1277,12649119,12949119,0.177612305,0.732055664,-0.385742188,0.532714844,0.41015625,0.0390625,0.41015625,-8.6875,-3.5390625,-1.234375,-0.064453125,0.4140625,-0.09375
1278,12663752,12963752,0.177978516,0.733825684,-0.385314941,0.530395508,0.41015625,0.0390625,0.41015625,-8.6875,-3.5390625,-1.234375,-0.09375,0.615234375,-0.1640625
1279,12674362,12974362,0.178283691,0.735900879,-0.384887695,0.527709961,0.34765625,0.17578125,0.4296875,-8.6640625,-3.5625,-1.328125,-0.09375,0.615234375,-0.1640625
1280,12688478,12988478,0.178649902,0.73828125,-0.384399414,0.524658203,0.34765625,0.17578125,0.4296875,-8.6640625,-3.5625,-1.328125,-0.11328125,0.82421875,-0.248046875
1281,12692701,12992701,0.179016113,0.741149902,-0.383850098,0.520812988,0.26953125,0.27734375,0.33203125,-8.625,-3.5859375,-1.4609375,-0.11328125,0.82421875,-0.248046875
1282,12703813,13003813,0.179321289,0.744262695,-0.383361816,0.516662598,0.26953125,0.27734375,0.33203125,-8.625,-3.5859375,-1.4609375,-0.123046875,1.04492188,-0.36328125
1283,12713347,13013347,0.1796875,0.747802734,-0.382873535,0.51171875,0.29296875,0.28515625,0.3515625,-8.5703125,-3.6328125,-1.6328125,-0.123046875,1.04492188,-0.36328125
1284,12723679,13023679,0.180053711,0.751342773,-0.382507324,0.506774902,0.29296875,0.28515625,0.3515625,-8.5703125,-3.6328125,-1.6328125,-0.1171875,1.25585938,-0.462890625
1285,12729666,13029666,0.180419922,0.755432129,-0.382080078,0.500732422,0.453125,0.203125,0.27734375,-8.5,-3.703125,-1.828125,-0.1171875,1.25585938,-0.462890625
1286,12742910,13042910,0.180725098,0.75958252,-0.381713867,0.494628906,0.453125,0.203125,0.27734375,-8.5,-3.703125,-1.828125,-0.11328125,1.46484375,-0.568359375
1287,12751075,13051075,0.181152344,0.763977051,-0.381408691,0.487915039,0.55078125,0.2109375,0.25,-8.40625,-3.7890625,-2.0703125,-0.11328125,1.46484375,-0.568359375
1288,12764054,13064054,0.18157959,0.768371582,-0.381225586,0.480895996,0.55078125,0.2109375,0.25,-8.40625,-3.7890625,-2.0703125,-0.05859375,1.66601562,-0.666015625
1289,12770196,13070196,0.182006836,0.773193359,-0.381164551,0.473022461,0.09765625,0.453125,0.1640625,-8.296875,-3.875,-2.328125,-0.05859375,1.66601562,-0.666015625
1290,12785132,13085132,0.182312012,0.778320312,-0.381225586,0.464355469,0.09765625,0.453125,0.1640625,-8.296875,-3.875,-2.328125,-0.05078125,1.7890625,-0.80859375
1291,12791473,13091473,0.182373047,0.78314209,-0.381286621,0.456115723,-0.16796875,0.5,0.26953125,-8.1484375,-4,-2.625,-0.05078125,1.7890625,-0.80859375
1292,12803028,13103028,0.182189941,0.788635254,-0.381530762,0.446472168,-0.16796875,0.5,0.26953125,-8.1484375,-4,-2.625,-0.044921875,1.87890625,-0.951171875
1293,12808742,13108742,0.181884766,0.793640137,-0.381774902,0.437316895,-0.23046875,0.21875,0.0703125,-7.96875,-4.140625,-2.921875,-0.044921875,1.87890625,-0.951171875
1294,12822802,13122802,0.181518555,0.79876709,-0.382080078,0.427856445,-0.23046875,0.21875,0.0703125,-7.96875,-4.140625,-2.921875,-0.0390625,1.98242188,-1.02929688
1295,12830808,13130808,0.181091309,0.804077148,-0.382263184,0.41784668,-0.19921875,0.13671875,0.1796875,-7.7734375,-4.2890625,-3.2265625,-0.0390625,1.98242188,-1.02929688
1296,12842616,13142616,0.180725098,0.809265137,-0.382507324,0.407531738,-0.19921875,0.13671875,0.1796875,-7.7734375,-4.2890625,-3.2265625,-0.013671875,2.07421875,-1.06445312
1297,12848341,13148341,0.180358887,0.814453125,-0.382751465,0.397033691,-0.203125,-0.04296875,0.02734375,-7.5390625,-4.453125,-3.53125,-0.013671875,2.07421875,-1.06445312
1298,12862322,13162322,0.180114746,0.819274902,-0.383056641,0.38684082,-0.203125,-0.04296875,0.02734375,-7.5390625,-4.453125,-3.53125,0.046875,2.12304688,-1.06054688
1299,12870976,13170976,0.179931641,0.82434082,-0.383483887,0.375549316,-0.29296875,-0.27734375,0.0546875,-7.296875,-4.6015625,-3.828125,0.046875,2.12304688,-1.06054688
1300,12883827,13183827,0.179748535,0.828918457,-0.384155273,0.364685059,-0.29296875,-0.27734375,0.0546875,-7.296875,-4.6015625,-3.828125,0.185546875,2.09765625,-1.11132812
1301,12887565,13187565,0.179443359,0.833129883,-0.385253906,0.353942871,-0.3359375,-0.19140625,-0.40625,-7.0234375,-4.765625,-4.1328125,0.185546875,2.09765625,-1.11132812
1302,12903543,13203543,0.178894043,0.837524414,-0.386535645,0.342285156,-0.3359375,-0.19140625,-0.40625,-7.0234375,-4.765625,-4.1328125,0.228515625,2.07617188,-1.23242188
1303,12910927,13210927,0.177978516,0.841552734,-0.387573242,0.331604004,-0.5078125,0.37890625,0.12890625,-6.734375,-4.953125,-4.3984375,0.228515625,2.07617188,-1.23242188
1304,12925469,13225469,0.176696777,0.845947266,-0.388244629,0.320007324,-0.5078125,0.37890625,0.12890625,-6.734375,-4.953125,-4.3984375,0.052734375,2.02929688,-1.2734375
1305,12929188,13229188,0.175354004,0.850219727,-0.388549805,0.308959961,-0.32421875,0.20703125,0.15625,-6.421875,-5.125,-4.65625,0.052734375,2.02929688,-1.2734375
1306,12942583,13242583,0.174316406,0.854248047,-0.388366699,0.298400879,-0.32421875,0.20703125,0.15625,-6.421875,-5.125,-4.65625,-0.05859375,2.07226562,-1.15429688
1307,12948601,13248601,0.173400879,0.858459473,-0.387939453,0.28729248,-0.0703125,-0.265625,0.16796875,-6.1015625,-5.265625,-4.8984375,-0.05859375,2.07226562,-1.15429688
1308,12961099,13261099,0.172607422,0.862670898,-0.387390137,0.27557373,-0.0703125,-0.265625,0.16796875,-6.1015625,-5.265625,-4.8984375,-0.033203125,2.13476562,-1.1015625
1309,12967076,13267076,0.17199707,0.866516113,-0.386962891,0.264221191,-0.13671875,-0.40625,-0.29296875,-5.765625,-5.390625,-5.1640625,-0.033203125,2.13476562,-1.1015625
1310,12980020,13280020,0.171264648,0.869995117,-0.38684082,0.253173828,-0.13671875,-0.40625,-0.29296875,-5.765625,-5.390625,-5.1640625,0.078125,2.015625,-1.11914062
1311,12990922,13290922,0.170288086,0.87322998,-0.387084961,0.2421875,-0.2890625,-0.3125,0.09375,-5.421875,-5.5234375,-5.3984375,0.078125,2.015625,-1.11914062
1312,13005136,13305136,0.169128418,0.876159668,-0.387390137,0.231567383,-0.2890625,-0.3125,0.09375,-5.421875,-5.5234375,-5.3984375,0.130859375,1.88671875,-1.16601562
1313,13010009,13310009,0.167785645,0.87902832,-0.387695312,0.220947266,0.02734375,0.28125,0.08984375,-5.0859375,-5.65625,-5.5859375,0.130859375,1.88671875,-1.16601562
1314,13022323,13322323,0.166137695,0.881958008,-0.387634277,0.210388184,0.02734375,0.28125,0.08984375,-5.0859375,-5.65625,-5.5859375,-0.0078125,1.83789062,-1.20507812
1315,13028203,13328203,0.164367676,0.884887695,-0.387023926,0.200439453,0.296875,0.82421875,0.4140625,-4.7421875,-5.78125,-5.7578125,-0.0078125,1.83789062,-1.20507812
1316,13041754,13341754,0.162536621,0.888183594,-0.385742188,0.18951416,0.296875,0.82421875,0.4140625,-4.7421875,-5.78125,-5.7578125,-0.2109375,1.8515625,-1.11523438
1317,13046782,13346782,0.161254883,0.890930176,-0.384399414,0.180175781,0.77734375,0.22265625,-0.4765625,-4.3828125,-5.8671875,-5.9375,-0.2109375,1.8515625,-1.11523438
1318,13061615,13361615,0.160217285,0.893737793,-0.3828125,0.170227051,0.77734375,0.22265625,-0.4765625,-4.3828125,-5.8671875,-5.9375,-0.16796875,1.72070312,-0.89453125
1319,13068415,13368415,0.159484863,0.895935059,-0.381896973,0.161315918,0.4140625,-0.59765625,-0.078125,-4.0546875,-5.9296875,-6.109375,-0.16796875,1.72070312,-0.89453125
1320,13083908,13383908,0.158691406,0.897827148,-0.381713867,0.151611328,0.4140625,-0.59765625,-0.078125,-4.0546875,-5.9296875,-6.109375,0.158203125,1.63476562,-0.92578125
1321,13088865,13388865,0.157592773,0.899414062,-0.381835938,0.142822266,-0.21484375,-0.296875,0.0546875,-3.734375,-6,-6.2421875,0.158203125,1.63476562,-0.92578125
1322,13101903,13401903,0.155883789,0.901184082,-0.381835938,0.133361816,-0.21484375,-0.296875,0.0546875,-3.734375,-6,-6.2421875,0.052734375,1.56640625,-1.09179688
1323,13109346,13409346,0.153869629,0.902893066,-0.381408691,0.124816895,-0.15234375,0.41015625,0.41796875,-3.4140625,-6.09375,-6.3359375,0.052734375,1.56640625,-1.09179688
1324,13119762,13419762,0.151550293,0.904846191,-0.38067627,0.115783691,-0.15234375,0.41015625,0.41796875,-3.4140625,-6.09375,-6.3359375,-0.076171875,1.44726562,-1.09570312
1325,13126773,13426773,0.149536133,0.906677246,-0.379638672,0.107116699,0.40234375,0.5859375,-0.4375,-3.0859375,-6.15625,-6.4375,-0.076171875,1.44726562,-1.09570312
1326,13139721,13439721,0.148193359,0.90838623,-0.378356934,0.0987548828,0.40234375,0.5859375,-0.4375,-3.0859375,-6.15625,-6.4375,-0.12109375,1.53515625,-0.83203125
1327,13149193,13449193,0.147521973,0.909606934,-0.377685547,0.0905761719,0.5859375,-0.4765625,-0.48828125,-2.7734375,-6.203125,-6.5390625,-0.12109375,1.53515625,-0.83203125
1328,13163668,13463668,0.147033691,0.91027832,-0.378234863,0.0819702148,0.5859375,-0.4765625,-0.48828125,-2.7734375,-6.203125,-6.5390625,0.435546875,1.40039062,-0.736328125
1329,13167399,13467399,0.14630127,0.910400391,-0.379882812,0.0738525391,-0.24609375,-1.109375,-0.42578125,-2.4765625,-6.2578125,-6.6015625,0.435546875,1.40039062,-0.736328125
1330,13180776,13480776,0.145080566,0.910461426,-0.381469727,0.0670166016,-0.24609375,-1.109375,-0.42578125,-2.4765625,-6.2578125,-6.6015625,0.455078125,1.16796875,-0.869140625
1331,13188347,13488347,0.143310547,0.910827637,-0.382446289,0.0598754883,-0.265625,0.484375,0.1015625,-2.2265625,-6.359375,-6.59375,0.455078125,1.16796875,-0.869140625
1332,13200911,13500911,0.141052246,0.911804199,-0.382019043,0.052734375,-0.265625,0.484375,0.1015625,-2.2265625,-6.359375,-6.59375,-0.13671875,1.09375,-0.953125
1333,13204644,13504644,0.138916016,0.913085938,-0.380554199,0.0465698242,0.41796875,1.3125,0.40234375,-1.953125,-6.421875,-6.625,-0.13671875,1.09375,-0.953125
1334,13219741,13519741,0.136779785,0.914489746,-0.378601074,0.0402832031,0.41796875,1.3125,0.40234375,-1.953125,-6.421875,-6.625,-0.27734375,0.982421875,-0.802734375
1335,13226087,13526087,0.135131836,0.915588379,-0.37713623,0.0344848633,0.54296875,0.1640625,-0.41015625,-1.6953125,-6.421875,-6.6953125,-0.27734375,0.982421875,-0.802734375
1336,13241468,13541468,0.133666992,0.916381836,-0.376159668,0.0283813477,0.54296875,0.1640625,-0.41015625,-1.6953125,-6.421875,-6.6953125,-0.001953125,1.06445312,-0.728515625
1337,13245065,13545065,0.132385254,0.916870117,-0.375976562,0.0223999023,0.46875,-0.75390625,0.09765625,-1.46875,-6.421875,-6.7421875,-0.001953125,1.06445312,-0.728515625
1338,13260087,13560087,0.130859375,0.916992188,-0.376464844,0.0157470703,0.46875,-0.75390625,0.09765625,-1.46875,-6.421875,-6.7421875,0.279296875,1.015625,-0.75
1339,13265087,13565087,0.129394531,0.917053223,-0.37701416,0.00994873047,0.1875,-0.1328125,0.06640625,-1.2265625,-6.46875,-6.75,0.279296875,1.015625,-0.75
1340,13279194,13579194,0.127746582,0.917236328,-0.377319336,0.00390625,0.1875,-0.1328125,0.06640625,-1.2265625,-6.46875,-6.75,0.14453125,0.919921875,-0.724609375
1341,13286458,13586458,-0.126220703,-0.917480469,0.377258301,0.00146484375,0.23046875,0.5625,0.2890625,-1,-6.515625,-6.7421875,0.14453125,0.919921875,-0.724609375
1342,13299255,13599255,-0.124694824,-0.917785645,0.376953125,0.00628662109,0.23046875,0.5625,0.2890625,-1,-6.515625,-6.7421875,0.01953125,0.73828125,-0.626953125
1343,13305093,13605093,-0.12322998,-0.918151855,0.376403809,0.0106811523,0.2265625,0.3515625,0.140625,-0.8046875,-6.53125,-6.75,0.01953125,0.73828125,-0.626953125
1344,13320780,13620780,-0.121826172,-0.918640137,0.375610352,0.0147094727,0.2265625,0.3515625,0.140625,-0.8046875,-6.53125,-6.75,-0.12109375,0.642578125,-0.55859375
1345,13324373,13624373,-0.120605469,-0.919128418,0.374633789,0.018371582,0.36328125,0.08203125,0.04296875,-0.6328125,-6.53125,-6.765625,-0.12109375,0.642578125,-0.55859375
1346,13340022,13640022,-0.11932373,-0.919616699,0.373596191,0.0223388672,0.36328125,0.08203125,0.04296875,-0.6328125,-6.53125,-6.765625,-0.1171875,0.630859375,-0.529296875
1347,13346212,13646212,-0.118225098,-0.920043945,0.372619629,0.0261230469,0.359375,-0.546875,-0.4296875,-0.4765625,-6.515625,-6.7890625,-0.1171875,0.630859375,-0.529296875
1348,13358806,13658806,-0.117126465,-0.920410156,0.371826172,0.0301513672,0.359375,-0.546875,-0.4296875,-0.4765625,-6.515625,-6.7890625,-0.0546875,0.70703125,-0.513671875
1349,13366812,13666812,-0.116088867,-0.920654297,0.37121582,0.0346069336,0.203125,-0.5546875,-0.4921875,-0.3203125,-6.5078125,-6.8046875,-0.0546875,0.70703125,-0.513671875
1350,13379733,13679733,-0.115112305,-0.920654297,0.37097168,0.0386962891,0.203125,-0.5546875,-0.4921875,-0.3203125,-6.5078125,-6.8046875,0.1015625,0.71875,-0.5078125
1351,13386006,13686006,-0.114013672,-0.920593262,0.37109375,0.04296875,-0.078125,-0.546875,-0.109375,-0.15625,-6.515625,-6.8046875,0.1015625,0.71875,-0.5078125
1352,13401803,13701803,-0.112792969,-0.920471191,0.37121582,0.0469970703,-0.078125,-0.546875,-0.109375,-0.15625,-6.515625,-6.8046875,0.099609375,0.587890625,-0.505859375
1353,13406193,13706193,-0.111572266,-0.920471191,0.37109375,0.0503540039,-0.0859375,0.05078125,0.14453125,0.0078125,-6.5390625,-6.7890625,0.099609375,0.587890625,-0.505859375
1354,13419230,13719230,-0.110290527,-0.920654297,0.370544434,0.0534057617,-0.0859375,0.05078125,0.14453125,0.0078125,-6.5390625,-6.7890625,-0.08203125,0.45703125,-0.4609375
1355,13425629,13725629,-0.109130859,-0.921020508,0.369689941,0.0562133789,0.23828125,0.3203125,0.14453125,0.140625,-6.5390625,-6.7890625,-0.08203125,0.45703125,-0.4609375
1356,13439204,13739204,-0.107971191,-0.921386719,0.368591309,0.0590209961,0.23828125,0.3203125,0.14453125,0.140625,-6.5390625,-6.7890625,-0.1484375,0.43359375,-0.41796875
1357,13445946,13745946,-0.106933594,-0.921691895,0.367797852,0.0616455078,0.3828125,0.02734375,0.16015625,0.265625,-6.515625,-6.8046875,-0.1484375,0.43359375,-0.41796875
1358,13458515,13758515,-0.105957031,-0.921813965,0.36730957,0.0643310547,0.3828125,0.02734375,0.16015625,0.265625,-6.515625,-6.8046875,0.009765625,0.421875,-0.3828125
1359,13464093,13764093,-0.104980469,-0.921813965,0.36706543,0.0669555664,0.1640625,-0.2109375,0.3125,0.3671875,-6.5078125,-6.8046875,0.009765625,0.421875,-0.3828125
1360,13481179,13781179,-0.104125977,-0.92175293,0.367004395,0.0692749023,0.1640625,-0.2109375,0.3125,0.3671875,-6.5078125,-6.8046875,0.05078125,0.34765625,-0.30078125
1361,13484779,13784779,-0.103515625,-0.92175293,0.366943359,0.0711669922,0.1796875,-0.01953125,0.3828125,0.46875,-6.5078125,-6.796875,0.05078125,0.34765625,-0.30078125
1362,13497567,13797567,-0.103088379,-0.921691895,0.366882324,0.0727539062,0.1796875,-0.01953125,0.3828125,0.46875,-6.5078125,-6.796875,0.02734375,0.22265625,-0.1640625
1363,13503084,13803084,-0.102722168,-0.921691895,0.366760254,0.0738525391,-0.08203125,-0.09375,0.06640625,0.5390625,-6.5078125,-6.7890625,0.02734375,0.22265625,-0.1640625
1364,13517172,13817172,-0.102478027,-0.921813965,0.366394043,0.0745239258,-0.08203125,-0.09375,0.06640625,0.5390625,-6.5078125,-6.7890625,-0.087890625,0.083984375,-0.083984375
1365,13524101,13824101,-0.102355957,-0.92199707,0.365844727,0.0748291016,-0.0390625,0.09765625,-0.0390625,0.5703125,-6.5078125,-6.796875,-0.087890625,0.083984375,-0.083984375
1366,13536651,13836651,-0.102294922,-0.922302246,0.36505127,0.0749511719,-0.0390625,0.09765625,-0.0390625,0.5703125,-6.5078125,-6.796875,-0.171875,0.013671875,-0.025390625
1367,13543099,13843099,-0.102355957,-0.922668457,0.364196777,0.0748291016,0.140625,0.00390625,0.12890625,0.5859375,-6.4921875,-6.8125,-0.171875,0.013671875,-0.025390625
1368,13559890,13859890,-0.102539062,-0.922973633,0.36340332,0.0744018555,0.140625,0.00390625,0.12890625,0.5859375,-6.4921875,-6.8125,-0.177734375,-0.08203125,0.078125
1369,13563492,13863492,-0.102905273,-0.923278809,0.362792969,0.0736083984,0.109375,-0.33203125,0.07421875,0.578125,-6.4609375,-6.8359375,-0.177734375,-0.08203125,0.078125
1370,13580663,13880663,-0.10345459,-0.923461914,0.362304688,0.0723876953,0.109375,-0.33203125,0.07421875,0.578125,-6.4609375,-6.8359375,-0.11328125,-0.1953125,0.2109375
1371,13584399,13884399,-0.104187012,-0.923583984,0.362060547,0.0708618164,-0.04296875,-0.88671875,-0.1015625,0.5390625,-6.4453125,-6.8515625,-0.11328125,-0.1953125,0.2109375
1372,13597935,13897935,-0.104919434,-0.923706055,0.361999512,0.0687866211,-0.04296875,-0.88671875,-0.1015625,0.5390625,-6.4453125,-6.8515625,-0.07421875,-0.3671875,0.30859375
1373,13602981,13902981,-0.105712891,-0.923828125,0.361877441,0.06640625,-0.203125,-0.6640625,-0.3984375,0.46875,-6.4375,-6.859375,-0.07421875,-0.3671875,0.30859375
1374,13621761,13921761,-0.106750488,-0.92401123,0.361694336,0.0633544922,-0.203125,-0.6640625,-0.3984375,0.46875,-6.4375,-6.859375,-0.12890625,-0.490234375,0.404296875
1375,13626610,13926610,-0.107849121,-0.924133301,0.36151123,0.0601806641,-0.1015625,-0.71875,-0.69140625,0.3671875,-6.421875,-6.875,-0.12890625,-0.490234375,0.404296875
1376,13641701,13941701,-0.109069824,-0.924316406,0.361328125,0.0567626953,-0.1015625,-0.71875,-0.69140625,0.3671875,-6.421875,-6.875,-0.13671875,-0.544921875,0.494140625
1377,13643177,13943177,-0.110534668,-0.924377441,0.361206055,0.0531616211,-0.046875,-0.734375,-0.66796875,0.234375,-6.40625,-6.8984375,-0.13671875,-0.544921875,0.494140625
1378,13659623,13959623,-0.112243652,-0.924377441,0.361206055,0.0495605469,-0.046875,-0.734375,-0.66796875,0.234375,-6.40625,-6.8984375,-0.076171875,-0.548828125,0.60546875
1379,13663361,13963361,-0.114074707,-0.924255371,0.361450195,0.0458984375,-0.203125,-0.94140625,-0.52734375,0.0859375,-6.390625,-6.921875,-0.076171875,-0.548828125,0.60546875
1380,13677239,13977239,-0.116149902,-0.92401123,0.361877441,0.0415039062,-0.203125,-0.94140625,-0.52734375,0.0859375,-6.390625,-6.921875,-0.001953125,-0.6796875,0.7109375
1381,13682292,13982292,-0.118164062,-0.92376709,0.362426758,0.037109375,-0.19140625,-0.75,-0.4140625,-0.078125,-6.390625,-6.921875,-0.001953125,-0.6796875,0.7109375
1382,13700019,14000019,-0.120483398,-0.923400879,0.362976074,0.0321044922,-0.19140625,-0.75,-0.4140625,-0.078125,-6.390625,-6.921875,-0.015625,-0.76953125,0.796875
1383,13704226,14004226,-0.12286377,-0.923034668,0.363525391,0.0267944336,0.0703125,-0.3203125,-0.14453125,-0.265625,-6.3984375,-6.921875,-0.015625,-0.76953125,0.796875
1384,13718155,14018155,-0.125305176,-0.922668457,0.364013672,0.0210571289,0.0703125,-0.3203125,-0.14453125,-0.265625,-6.3984375,-6.921875,-0.044921875,-0.947265625,0.896484375
1385,13721884,14021884,-0.127685547,-0.922302246,0.364440918,0.0151367188,0.0390625,-0.10546875,-0.3359375,-0.5,-6.3828125,-6.921875,-0.044921875,-0.947265625,0.896484375
1386,13738651,14038651,-0.130249023,-0.921936035,0.364685059,0.00872802734,0.0390625,-0.10546875,-0.3359375,-0.5,-6.3828125,-6.921875,-0.125,-1.04296875,0.98046875
1387,13742387,14042387,-0.13293457,-0.921508789,0.364807129,0.00170898438,0.01953125,-0.2421875,-0.23046875,-0.75,-6.359375,-6.9140625,-0.125,-1.04296875,0.98046875
1388,13758036,14058036,0.135742188,0.921020508,-0.36505127,0.00598144531,0.01953125,-0.2421875,-0.23046875,-0.75,-6.359375,-6.9140625,-0.087890625,-1.22460938,1.078125
1389,13761778,14061778,0.138366699,0.920288086,-0.365661621,0.0135498047,-0.15234375,-0.50390625,-0.23046875,-1.0390625,-6.328125,-6.9140625,-0.087890625,-1.22460938,1.078125
1390,13777619,14077619,0.141113281,0.919311523,-0.366760254,0.022277832,-0.15234375,-0.50390625,-0.23046875,-1.0390625,-6.328125,-6.9140625,0.048828125,-1.44335938,1.1328125
1391,13781341,14081341,0.143493652,0.918273926,-0.367797852,0.0308227539,0.13671875,-0.14453125,-0.26171875,-1.3671875,-6.3046875,-6.8828125,0.048828125,-1.44335938,1.1328125
1392,13797195,14097195,0.146057129,0.917053223,-0.368896484,0.0402832031,0.13671875,-0.14453125,-0.26171875,-1.3671875,-6.3046875,-6.8828125,0.017578125,-1.56835938,1.15234375
1393,13800920,14100920,0.148254395,0.915893555,-0.369812012,0.0493774414,0.453125,0.21484375,-0.19921875,-1.71875,-6.28125,-6.828125,0.017578125,-1.56835938,1.15234375
1394,13818514,14118514,0.150634766,0.914489746,-0.370727539,0.0598144531,0.453125,0.21484375,-0.19921875,-1.71875,-6.28125,-6.828125,-0.017578125,-1.7265625,1.18554688
1395,13822496,14122496,0.152709961,0.913085938,-0.371643066,0.0696411133,0.13671875,0.08984375,-0.33984375,-2.09375,-6.234375,-6.765625,-0.017578125,-1.7265625,1.18554688
1396,13835284,14135284,0.154846191,0.911376953,-0.372619629,0.0808105469,0.13671875,0.08984375,-0.33984375,-2.09375,-6.234375,-6.765625,-0.009765625,-1.89453125,1.2109375
1397,13842762,14142762,0.156860352,0.909545898,-0.373718262,0.0919189453,-0.0078125,-0.15625,-0.2578125,-2.484375,-6.1796875,-6.6953125,-0.009765625,-1.89453125,1.2109375
1398,13857494,14157494,0.158752441,0.907531738,-0.375,0.102783203,-0.0078125,-0.15625,-0.2578125,-2.484375,-6.1796875,-6.6953125,0.11328125,-2.06445312,1.2734375
1399,13861096,14161096,0.160705566,0.905090332,-0.376586914,0.114624023,-0.1015625,-0.21875,-0.25,-2.890625,-6.1171875,-6.5859375,0.11328125,-2.06445312,1.2734375
1400,13876055,14176055,0.162536621,0.90234375,-0.378295898,0.127380371,-0.1015625,-0.21875,-0.25,-2.890625,-6.1171875,-6.5859375,0.138671875,-2.23242188,1.29882812
1401,13880839,14180839,0.164123535,0.899719238,-0.379699707,0.139221191,0.19140625,-0.05078125,-0.40625,-3.3359375,-6.0546875,-6.4296875,0.138671875,-2.23242188,1.29882812
1402,13897815,14197815,0.165588379,0.896789551,-0.38104248,0.152160645,0.19140625,-0.05078125,-0.40625,-3.3359375,-6.0546875,-6.4296875,0.048828125,-2.23046875,1.23632812
1403,13901425,14201425,0.166809082,0.894104004,-0.382080078,0.163757324,0.359375,0.26171875,-0.3125,-3.7734375,-5.984375,-6.2578125,0.048828125,-2.23046875,1.23632812
1404,13915499,14215499,0.168151855,0.890991211,-0.383056641,0.176391602,0.359375,0.26171875,-0.3125,-3.7734375,-5.984375,-6.2578125,0.0234375,-2.15625,1.20117188
1405,13920275,14220275,0.169494629,0.887939453,-0.383972168,0.188232422,0.19921875,-0.09765625,-0.18359375,-4.1875,-5.890625,-6.078125,0.0234375,-2.15625,1.20117188
1406,13937598,14237598,0.170776367,0.884887695,-0.384887695,0.19909668,0.19921875,-0.09765625,-0.18359375,-4.1875,-5.890625,-6.078125,0.12109375,-2.09765625,1.21679688
1407,13941343,14241343,0.172241211,0.881408691,-0.386169434,0.210571289,0.1328125,-0.19140625,-0.140625,-4.578125,-5.796875,-5.890625,0.12109375,-2.09765625,1.21679688
1408,13957750,14257750,0.173706055,0.877563477,-0.387634277,0.222473145,0.1328125,-0.19140625,-0.140625,-4.578125,-5.796875,-5.890625,0.21875,-2.09375,1.17773438
1409,13961482,14261482,0.174926758,0.873901367,-0.388977051,0.233276367,0.33203125,0.09765625,-0.24609375,-4.96875,-5.703125,-5.671875,0.21875,-2.09375,1.17773438
1410,13977622,14277622,0.176208496,0.869873047,-0.390136719,0.244995117,0.33203125,0.09765625,-0.24609375,-4.96875,-5.703125,-5.671875,0.130859375,-2.09570312,1.15234375
1411,13983061,14283061,0.177062988,0.866271973,-0.390991211,0.255737305,0.3828125,0.41796875,-0.2109375,-5.328125,-5.6015625,-5.4375,0.130859375,-2.09570312,1.15234375
1412,13998046,14298046,0.17779541,0.862365723,-0.391601562,0.267150879,0.3828125,0.41796875,-0.2109375,-5.328125,-5.6015625,-5.4375,0.013671875,-2.08398438,1.078125
1413,14001784,14301784,0.178405762,0.858459473,-0.392028809,0.278503418,0.421875,0.26171875,0.01171875,-5.671875,-5.484375,-5.203125,0.013671875,-2.08398438,1.078125
1414,14018168,14318168,0.178894043,0.854919434,-0.392333984,0.288452148,0.421875,0.26171875,0.01171875,-5.671875,-5.484375,-5.203125,0.00390625,-2.00195312,1.05664062
1415,14022297,14322297,0.17956543,0.850891113,-0.392578125,0.299316406,0.46484375,-0.046875,-0.06640625,-5.984375,-5.3671875,-4.96875,0.00390625,-2.00195312,1.05664062
1416,14037893,14337893,0.180114746,0.847045898,-0.392883301,0.309387207,0.46484375,-0.046875,-0.06640625,-5.984375,-5.3671875,-4.96875,0.046875,-1.94726562,1.03515625
1417,14042329,14342329,0.180786133,0.842834473,-0.393249512,0.319763184,0.30859375,0.05859375,-0.08203125,-6.2890625,-5.2421875,-4.7265625,0.046875,-1.94726562,1.03515625
1418,14057239,14357239,0.181396484,0.838745117,-0.393676758,0.329650879,0.30859375,0.05859375,-0.08203125,-6.2890625,-5.2421875,-4.7265625,0.076171875,-1.87890625,0.98046875
1419,14062543,14362543,0.18182373,0.834594727,-0.394042969,0.339294434,0.37109375,0.046875,0.0078125,-6.578125,-5.1171875,-4.46875,0.076171875,-1.87890625,0.98046875
1420,14073713,14373713,0.182189941,0.830627441,-0.39440918,0.348327637,0.37109375,0.046875,0.0078125,-6.578125,-5.1171875,-4.46875,0.060546875,-1.80273438,0.8984375
1421,14079432,14379432,0.182373047,0.826416016,-0.394714355,0.357727051,0.234375,0.08203125,0.0703125,-6.828125,-5,-4.2265625,0.060546875,-1.80273438,0.8984375
1422,14096340,14396340,0.182495117,0.82232666,-0.395019531,0.366699219,0.234375,0.08203125,0.0703125,-6.828125,-5,-4.2265625,0.060546875,-1.765625,0.83203125
1423,14099938,14399938,0.182495117,0.818359375,-0.395324707,0.375061035,0.2421875,0.15625,0.04296875,-7.0625,-4.8828125,-3.96875,0.060546875,-1.765625,0.83203125
1424,14115909,14415909,0.182495117,0.814208984,-0.395568848,0.383728027,0.2421875,0.15625,0.04296875,-7.0625,-4.8828125,-3.96875,0.04296875,-1.72265625,0.79296875
1425,14119519,14419519,0.182312012,0.810180664,-0.395751953,0.392150879,0.0234375,0.46875,0.17578125,-7.265625,-4.7734375,-3.71875,0.04296875,-1.72265625,0.79296875
1426,14138730,14438730,0.182006836,0.806030273,-0.395751953,0.400634766,0.0234375,0.46875,0.17578125,-7.265625,-4.7734375,-3.71875,-0.01171875,-1.64257812,0.734375
1427,14142715,14442715,0.18170166,0.802185059,-0.395629883,0.408630371,0.21875,0.3125,0.15625,-7.4609375,-4.65625,-3.46875,-0.01171875,-1.64257812,0.734375
1428,14151833,14451833,0.181518555,0.798278809,-0.395507812,0.416320801,0.21875,0.3125,0.15625,-7.4609375,-4.65625,-3.46875,0.013671875,-1.54101562,0.74609375
1429,14159431,14459431,0.18157959,0.794433594,-0.395446777,0.423706055,0.4375,0.01171875,-0.046875,-7.640625,-4.546875,-3.2265625,0.013671875,-1.54101562,0.74609375
1430,14176821,14476821,0.18170166,0.790527344,-0.395507812,0.430847168,0.4375,0.01171875,-0.046875,-7.640625,-4.546875,-3.2265625,0.0703125,-1.42382812,0.69921875
1431,14181995,14481995,0.18170166,0.786743164,-0.395629883,0.43762207,0.28515625,0.25,0.0625,-7.796875,-4.4375,-2.9921875,0.0703125,-1.42382812,0.69921875
1432,14196565,14496565,0.181640625,0.782958984,-0.395812988,0.444213867,0.28515625,0.25,0.0625,-7.796875,-4.4375,-2.9921875,0.076171875,-1.36132812,0.603515625
1433,14201023,14501023,0.181396484,0.77935791,-0.395996094,0.450439453,0.00390625,0.15625,0.2578125,-7.9375,-4.34375,-2.765625,0.076171875,-1.36132812,0.603515625
1434,14214220,14514220,0.181091309,0.775695801,-0.396240234,0.456542969,0.00390625,0.15625,0.2578125,-7.9375,-4.34375,-2.765625,0.0859375,-1.29101562,0.513671875
1435,14219249,14519249,0.180664062,0.772277832,-0.396606445,0.462219238,0.12109375,0.10546875,0.16015625,-8.0546875,-4.2578125,-2.5546875,0.0859375,-1.29101562,0.513671875
1436,14231865,14531865,0.180114746,0.768859863,-0.396972656,0.467834473,0.12109375,0.10546875,0.16015625,-8.0546875,-4.2578125,-2.5546875,0.083984375,-1.24804688,0.43359375
1437,14239150,14539150,0.179443359,0.765319824,-0.397460938,0.473449707,0.109375,0.11328125,0.2578125,-8.15625,-4.1875,-2.34375,0.083984375,-1.24804688,0.43359375
1438,14255371,14555371,0.178833008,0.76184082,-0.397949219,0.478759766,0.109375,0.11328125,0.2578125,-8.15625,-4.1875,-2.34375,0.11328125,-1.16992188,0.388671875
1439,14259109,14559109,0.178344727,0.758728027,-0.3984375,0.483459473,0.234375,0.1640625,0.16015625,-8.2421875,-4.125,-2.1328125,0.11328125,-1.16992188,0.388671875
1440,14275198,14575198,0.178100586,0.755493164,-0.398803711,0.488342285,0.234375,0.1640625,0.16015625,-8.2421875,-4.125,-2.1328125,0.107421875,-0.994140625,0.41015625
1441,14278938,14578938,0.178039551,0.752685547,-0.399047852,0.492492676,0.3125,0.2578125,0.2109375,-8.3203125,-4.0625,-1.953125,0.107421875,-0.994140625,0.41015625
1442,14296092,14596092,0.178283691,0.749938965,-0.399169922,0.496520996,0.3125,0.2578125,0.2109375,-8.3203125,-4.0625,-1.953125,0.103515625,-0.8046875,0.44140625
1443,14299702,14599702,0.178649902,0.747436523,-0.399047852,0.500244141,0.14453125,0.421875,0.16796875,-8.3828125,-4,-1.796875,0.103515625,-0.8046875,0.44140625
1444,14312209,14612209,0.179138184,0.745056152,-0.398681641,0.50378418,0.14453125,0.421875,0.16796875,-8.3828125,-4,-1.796875,0.046875,-0.697265625,0.486328125
1445,14318184,14618184,0.1796875,0.742858887,-0.398193359,0.507263184,-0.1015625,0.30859375,0.19140625,-8.4453125,-3.921875,-1.6640625,0.046875,-0.697265625,0.486328125
1446,14333713,14633713,0.180297852,0.740783691,-0.397521973,0.510620117,-0.1015625,0.30859375,0.19140625,-8.4453125,-3.921875,-1.6640625,-0.005859375,-0.619140625,0.48046875
1447,14337316,14637316,0.180725098,0.738952637,-0.396850586,0.51361084,-0.26953125,0.44921875,0.30078125,-8.5078125,-3.8359375,-1.546875,-0.005859375,-0.619140625,0.48046875
1448,14353050,14653050,0.181030273,0.737060547,-0.396179199,0.516723633,-0.26953125,0.44921875,0.30078125,-8.5078125,-3.8359375,-1.546875,-0.0234375,-0.578125,0.3984375
1449,14357836,14657836,0.181274414,0.735412598,-0.395690918,0.51940918,-0.3359375,0.2265625,0.24609375,-8.5546875,-3.765625,-1.453125,-0.0234375,-0.578125,0.3984375
1450,14372986,14672986,0.18145752,0.733703613,-0.395202637,0.522033691,-0.3359375,0.2265625,0.24609375,-8.5546875,-3.765625,-1.453125,-0.009765625,-0.484375,0.314453125
1451,14377769,14677769,0.18157959,0.73236084,-0.394775391,0.524169922,-0.06640625,0.30859375,0.3515625,-8.59375,-3.6953125,-1.3671875,-0.009765625,-0.484375,0.314453125
1452,14392033,14692033,0.181640625,0.731140137,-0.394348145,0.526184082,-0.06640625,0.30859375,0.3515625,-8.59375,-3.6953125,-1.3671875,-0.04296875,-0.35546875,0.224609375
1453,14398011,14698011,0.181640625,0.730163574,-0.393981934,0.527832031,0.00390625,0.26171875,0.3515625,-8.625,-3.6484375,-1.2890625,-0.04296875,-0.35546875,0.224609375
1454,14414099,14714099,0.18157959,0.729370117,-0.393676758,0.52923584,0.00390625,0.26171875,0.3515625,-8.625,-3.6484375,-1.2890625,-0.0234375,-0.259765625,0.14453125
1455,14417828,14717828,0.18157959,0.72869873,-0.393493652,0.530273438,0.02734375,0.03125,0.3359375,-8.6484375,-3.609375,-1.234375,-0.0234375,-0.259765625,0.14453125
1456,14432741,14732741,0.181640625,0.728149414,-0.393371582,0.531066895,0.02734375,0.03125,0.3359375,-8.6484375,-3.609375,-1.234375,0.013671875,-0.123046875,0.07421875
1457,14436465,14736465,0.181640625,0.727844238,-0.393371582,0.531494141,0.1953125,-0.05859375,0.49609375,-8.6640625,-3.59375,-1.203125,0.013671875,-0.123046875,0.07421875
1458,14452620,14752620,0.181640625,0.727844238,-0.393310547,0.531555176,0.1953125,-0.05859375,0.49609375,-8.6640625,-3.59375,-1.203125,-0.015625,0.021484375,-0.0078125
1459,14456357,14756357,0.181640625,0.728027344,-0.393249512,0.531311035,0.234375,-0.10546875,0.48828125,-8.6640625,-3.5859375,-1.1953125,-0.015625,0.021484375,-0.0078125
1460,14470680,14770680,0.18170166,0.728515625,-0.393188477,0.530700684,0.234375,-0.10546875,0.48828125,-8.6640625,-3.5859375,-1.1953125,-0.01953125,0.171875,-0.060546875
1461,14480090,14780090,0.18182373,0.729187012,-0.393127441,0.529846191,0.1875,0.015625,0.34765625,-8.65625,-3.59375,-1.2109375,-0.01953125,0.171875,-0.060546875
1462,14491565,14791565,0.182067871,0.730041504,-0.393066406,0.528564453,0.1875,0.015625,0.34765625,-8.65625,-3.59375,-1.2109375,0,0.349609375,-0.1015625
1463,14496595,14796595,0.182434082,0.731201172,-0.393005371,0.526916504,0.21875,0.109375,0.47265625,-8.6484375,-3.609375,-1.2578125,0,0.349609375,-0.1015625
1464,14511412,14811412,0.182922363,0.732666016,-0.392822266,0.524841309,0.21875,0.109375,0.47265625,-8.6484375,-3.609375,-1.2578125,-0.013671875,0.546875,-0.142578125
1465,14516438,14816438,0.18347168,0.734436035,-0.392578125,0.522277832,0.15625,0.27734375,0.3984375,-8.625,-3.625,-1.3359375,-0.013671875,0.546875,-0.142578125
1466,14532990,14832990,0.184204102,0.736572266,-0.392272949,0.519287109,0.15625,0.27734375,0.3984375,-8.625,-3.625,-1.3359375,-0.044921875,0.8046875,-0.185546875
1467,14536606,14836606,0.184997559,0.739013672,-0.391784668,0.515930176,0.34765625,0.30859375,0.4765625,-8.5859375,-3.65625,-1.453125,-0.044921875,0.8046875,-0.185546875
1468,14550691,14850691,0.185852051,0.7421875,-0.391113281,0.511535645,0.34765625,0.30859375,0.4765625,-8.5859375,-3.65625,-1.453125,-0.111328125,1.0859375,-0.271484375
1469,14557601,14857601,0.186645508,0.745605469,-0.390319824,0.506774902,0.34765625,0.45703125,0.48828125,-8.546875,-3.6875,-1.6171875,-0.111328125,1.0859375,-0.271484375
1470,14572451,14872451,0.1875,0.749450684,-0.389587402,0.501464844,0.34765625,0.45703125,0.48828125,-8.546875,-3.6875,-1.6171875,-0.12890625,1.33984375,-0.392578125
1471,14576054,14876054,0.188293457,0.753356934,-0.38885498,0.495727539,0.4296875,0.39453125,0.36328125,-8.4765625,-3.7421875,-1.8359375,-0.12890625,1.33984375,-0.392578125
1472,14591077,14891077,0.189208984,0.75793457,-0.388183594,0.488891602,0.4296875,0.39453125,0.36328125,-8.4765625,-3.7421875,-1.8359375,-0.10546875,1.578125,-0.5078125
1473,14596795,14896795,0.190063477,0.762695312,-0.387512207,0.481628418,0.53515625,0.234375,0.45703125,-8.390625,-3.8125,-2.0859375,-0.10546875,1.578125,-0.5078125
1474,14613233,14913233,0.190979004,0.767578125,-0.387023926,0.473876953,0.53515625,0.234375,0.45703125,-8.390625,-3.8125,-2.0859375,-0.0625,1.83007812,-0.662109375
1475,14616840,14916840,0.191772461,0.772583008,-0.386779785,0.465576172,0.109375,0.12890625,0.44140625,-8.2734375,-3.8984375,-2.375,-0.0625,1.83007812,-0.662109375
1476,14629980,14929980,0.192443848,0.777832031,-0.38671875,0.456481934,0.109375,0.12890625,0.44140625,-8.2734375,-3.8984375,-2.375,0.025390625,2.0234375,-0.849609375
1477,14636888,14936888,0.193054199,0.783447266,-0.386901855,0.446350098,0.0625,0.33203125,0.01953125,-8.109375,-4.0234375,-2.6796875,0.025390625,2.0234375,-0.849609375
1478,14650038,14950038,0.19354248,0.7890625,-0.387145996,0.435974121,0.0625,0.33203125,0.01953125,-8.109375,-4.0234375,-2.6796875,0.037109375,2.17578125,-1.00390625
1479,14656968,14956968,0.193725586,0.794799805,-0.387329102,0.425109863,-0.1328125,0.83203125,-0.10546875,-7.9140625,-4.1796875,-3.015625,0.037109375,2.17578125,-1.00390625
1480,14673192,14973192,0.193786621,0.80078125,-0.387268066,0.413818359,-0.1328125,0.83203125,-0.10546875,-7.9140625,-4.1796875,-3.015625,-0.033203125,2.34570312,-1.11328125
1481,14676801,14976801,0.193786621,0.806518555,-0.387084961,0.402648926,-0.17578125,0.57421875,-0.16796875,-7.6796875,-4.34375,-3.375,-0.033203125,2.34570312,-1.11328125
1482,14690713,14990713,0.193725586,0.81262207,-0.38671875,0.390625,-0.17578125,0.57421875,-0.16796875,-7.6796875,-4.34375,-3.375,-0.05859375,2.46484375,-1.13671875
1483,14696439,14996439,0.193847656,0.818481445,-0.386291504,0.378540039,-0.328125,0.07421875,-0.15234375,-7.4140625,-4.4921875,-3.734375,-0.05859375,2.46484375,-1.13671875
1484,14709207,15009207,0.194091797,0.82434082,-0.385864258,0.365905762,-0.328125,0.07421875,-0.15234375,-7.4140625,-4.4921875,-3.734375,0.015625,2.5546875,-1.140625
1485,14714927,15014927,0.194335938,0.830200195,-0.385681152,0.352478027,-0.515625,-0.18359375,-0.21484375,-7.109375,-4.65625,-4.09375,0.015625,2.5546875,-1.140625
1486,14729072,15029072,0.194519043,0.835388184,-0.385681152,0.33996582,-0.515625,-0.18359375,-0.21484375,-7.109375,-4.65625,-4.09375,0.1328125,2.5625,-1.20507812
1487,14734790,15034790,0.194519043,0.840759277,-0.385803223,0.32623291,-0.5,-0.01171875,-0.4765625,-6.78125,-4.828125,-4.4453125,0.1328125,2.5625,-1.20507812
1488,14749230,15049230,0.194091797,0.845703125,-0.386108398,0.313110352,-0.5,-0.01171875,-0.4765625,-6.78125,-4.828125,-4.4453125,0.150390625,2.48828125,-1.33984375
1489,14754956,15054956,0.193237305,0.850585938,-0.386352539,0.299865723,-0.7890625,0.2421875,-0.453125,-6.4140625,-5.0078125,-4.7734375,0.150390625,2.48828125,-1.33984375
1490,14768808,15068808,0.192016602,0.855285645,-0.386291504,0.28704834,-0.7890625,0.2421875,-0.453125,-6.4140625,-5.0078125,-4.7734375,-0.017578125,2.44921875,-1.4453125
1491,14776609,15076609,0.190307617,0.860412598,-0.385681152,0.27331543,-0.62890625,0.1171875,0.21875,-6.0390625,-5.1875,-5.0625,-0.017578125,2.44921875,-1.4453125
1492,14789223,15089223,0.188598633,0.86505127,-0.384765625,0.260803223,-0.62890625,0.1171875,0.21875,-6.0390625,-5.1875,-5.0625,-0.1484375,2.41796875,-1.4453125
1493,14795192,15095192,0.186767578,0.869934082,-0.383605957,0.247253418,-0.30078125,-0.33984375,-0.18359375,-5.640625,-5.34375,-5.3515625,-0.1484375,2.41796875,-1.4453125
1494,14808232,15108232,0.185058594,0.874389648,-0.382385254,0.234375,-0.30078125,-0.33984375,-0.18359375,-5.640625,-5.34375,-5.3515625,-0.1484375,2.31835938,-1.35351562
1495,14814205,15114205,0.183410645,0.878417969,-0.381408691,0.222106934,-0.1171875,-0.19921875,-0.3984375,-5.2109375,-5.484375,-5.6328125,-0.1484375,2.31835938,-1.35351562
1496,14828421,15128421,0.18157959,0.882141113,-0.380554199,0.209716797,-0.1171875,-0.19921875,-0.3984375,-5.2109375,-5.484375,-5.6328125,-0.037109375,2.19335938,-1.37890625
1497,14834396,15134396,0.17956543,0.885681152,-0.379699707,0.197692871,-0.140625,0.26953125,-0.1640625,-4.8046875,-5.609375,-5.8671875,-0.037109375,2.19335938,-1.37890625
1498,14849097,15149097,0.177368164,0.889282227,-0.378479004,0.18560791,-0.140625,0.26953125,-0.1640625,-4.8046875,-5.609375,-5.8671875,-0.1953125,2.15625,-1.41015625
1499,14854144,15154144,0.174804688,0.892883301,-0.376953125,0.173583984,0.14453125,0.234375,-0.0703125,-4.3984375,-5.7265625,-6.078125,-0.1953125,2.15625,-1.41015625
1500,14868365,15168365,0.172302246,0.896057129,-0.375549316,0.162231445,0.14453125,0.234375,-0.0703125,-4.3984375,-5.7265625,-6.078125,-0.1640625,2.10546875,-1.4375
1501,14874355,15174355,0.169677734,0.899353027,-0.374084473,0.149963379,0.03515625,-0.17578125,-0.21875,-3.984375,-5.8125,-6.2734375,-0.1640625,2.10546875,-1.4375
1502,14888379,15188379,0.167480469,0.902160645,-0.372619629,0.13873291,0.03515625,-0.17578125,-0.21875,-3.984375,-5.8125,-6.2734375,-0.138671875,1.97070312,-1.24023438
1503,14894123,15194123,0.165588379,0.904663086,-0.371337891,0.127685547,0.11328125,-0.28125,-0.65234375,-3.5625,-5.8984375,-6.453125,-0.138671875,1.97070312,-1.24023438
1504,14909815,15209815,0.163879395,0.906799316,-0.370422363,0.116943359,0.11328125,-0.28125,-0.65234375,-3.5625,-5.8984375,-6.453125,0.029296875,1.87695312,-1.140625
1505,14913412,15213412,0.16229248,0.908569336,-0.369750977,0.106872559,0.01953125,-0.01953125,-0.59765625,-3.1640625,-5.96875,-6.5859375,0.029296875,1.87695312,-1.140625
1506,14929876,15229876,0.160522461,0.910339355,-0.36907959,0.0963745117,0.01953125,-0.01953125,-0.59765625,-3.1640625,-5.96875,-6.5859375,0.04296875,1.76367188,-1.09765625
1507,14933503,15233503,0.158813477,0.91192627,-0.368347168,0.0867919922,0.21875,-0.10546875,0.34765625,-2.7890625,-6.0390625,-6.6875,0.04296875,1.76367188,-1.09765625
1508,14949525,15249525,0.156738281,0.913452148,-0.367553711,0.076965332,0.21875,-0.10546875,0.34765625,-2.7890625,-6.0390625,-6.6875,0.0078125,1.58789062,-1.09375
1509,14953142,15253142,0.154663086,0.914794922,-0.366882324,0.0682373047,0.16796875,-0.00390625,0.2421875,-2.4296875,-6.1015625,-6.7734375,0.0078125,1.58789062,-1.09375
1510,14967420,15267420,0.15234375,0.91607666,-0.366210938,0.0595703125,0.16796875,-0.00390625,0.2421875,-2.4296875,-6.1015625,-6.7734375,0,1.4375,-1.11328125
1511,14973393,15273393,0.149780273,0.917358398,-0.36529541,0.0509033203,0.52734375,-0.0703125,0.07421875,-2.1015625,-6.1484375,-6.8359375,0,1.4375,-1.11328125
1512,14989112,15289112,0.147521973,0.918457031,-0.364440918,0.0430908203,0.52734375,-0.0703125,0.07421875,-2.1015625,-6.1484375,-6.8359375,-0.01171875,1.28320312,-0.97265625
1513,14992719,15292719,0.145568848,0.919372559,-0.363647461,0.0358276367,0.71484375,-0.22265625,-0.62890625,-1.7890625,-6.1875,-6.8984375,-0.01171875,1.28320312,-0.97265625
1514,15008422,15308422,0.143737793,0.920288086,-0.362854004,0.0282592773,0.71484375,-0.22265625,-0.62890625,-1.7890625,-6.1875,-6.8984375,0.0234375,1.23242188,-0.857421875
1515,15013451,15313451,0.142150879,0.920837402,-0.362548828,0.0212402344,0.30859375,-0.4609375,-0.20703125,-1.5,-6.21875,-6.9375,0.0234375,1.23242188,-0.857421875
1516,15029071,15329071,0.140441895,0.921081543,-0.362915039,0.013671875,0.30859375,-0.4609375,-0.20703125,-1.5,-6.21875,-6.9375,0.32421875,1.20898438,-0.85546875
1517,15032822,15332822,0.138671875,0.921142578,-0.363647461,0.0068359375,-0.046875,-0.22265625,0.53125,-1.21875,-6.265625,-6.9453125,0.32421875,1.20898438,-0.85546875
1518,15048310,15348310,0.136474609,0.921264648,-0.364257812,0.000183105469,-0.046875,-0.22265625,0.53125,-1.21875,-6.265625,-6.9453125,0.224609375,0.962890625,-0.85546875
1519,15053348,15353348,-0.134338379,-0.921508789,0.364318848,0.00537109375,0.26953125,0.8359375,0.71484375,-0.9609375,-6.328125,-6.9375,0.224609375,0.962890625,-0.85546875
1520,15068454,15368454,-0.132019043,-0.922119141,0.363586426,0.0108642578,0.26953125,0.8359375,0.71484375,-0.9609375,-6.328125,-6.9375,-0.1015625,0.775390625,-0.794921875
1521,15072184,15372184,-0.129882812,-0.922790527,0.362426758,0.0153808594,0.39453125,0.8828125,0.72265625,-0.7421875,-6.3359375,-6.9453125,-0.1015625,0.775390625,-0.794921875
1522,15087929,15387929,-0.127746582,-0.923583984,0.360961914,0.0200805664,0.39453125,0.8828125,0.72265625,-0.7421875,-6.3359375,-6.9453125,-0.181640625,0.74609375,-0.705078125
1523,15092980,15392980,-0.126098633,-0.924133301,0.359924316,0.0245361328,0.92578125,0.0703125,0.33203125,-0.546875,-6.328125,-6.9765625,-0.181640625,0.74609375,-0.705078125
1524,15108556,15408556,-0.124633789,-0.924377441,0.359313965,0.0293579102,0.92578125,0.0703125,0.33203125,-0.546875,-6.328125,-6.9765625,0.064453125,0.76171875,-0.578125
1525,15112286,15412286,-0.123474121,-0.924438477,0.359191895,0.0336303711,0.42578125,-0.12890625,0.4140625,-0.3515625,-6.3203125,-6.984375,0.064453125,0.76171875,-0.578125
1526,15127640,15427640,-0.122375488,-0.924499512,0.359069824,0.0378417969,0.42578125,-0.12890625,0.4140625,-0.3515625,-6.3203125,-6.984375,0.064453125,0.66015625,-0.48046875
1527,15134268,15434268,-0.121398926,-0.924621582,0.358703613,0.0413818359,0.14453125,0.1640625,0.484375,-0.1875,-6.34375,-6.9765625,0.064453125,0.66015625,-0.48046875
1528,15148255,15448255,-0.120483398,-0.924865723,0.357971191,0.0444335938,0.14453125,0.1640625,0.484375,-0.1875,-6.34375,-6.9765625,-0.1171875,0.44921875,-0.357421875
1529,15151856,15451856,-0.119750977,-0.925231934,0.356994629,0.0468139648,0.01953125,-0.03515625,0.22265625,-0.0625,-6.3359375,-6.984375,-0.1171875,0.44921875,-0.357421875
1530,15168037,15468037,-0.11907959,-0.92565918,0.355834961,0.0493164062,0.01953125,-0.03515625,0.22265625,-0.0625,-6.3359375,-6.984375,-0.158203125,0.423828125,-0.298828125
1531,15171641,15471641,-0.118530273,-0.92590332,0.354980469,0.0516357422,0.1484375,-1.09375,-0.59375,0.0390625,-6.3125,-7.0078125,-0.158203125,0.423828125,-0.298828125
1532,15187486,15487486,-0.117858887,-0.925964355,0.354614258,0.0543212891,0.1484375,-1.09375,-0.59375,0.0390625,-6.3125,-7.0078125,0.056640625,0.439453125,-0.314453125
1533,15191086,15491086,-0.1171875,-0.925842285,0.354675293,0.0568847656,-0.11328125,-1.1796875,-1.015625,0.1484375,-6.3046875,-7.0078125,0.056640625,0.439453125,-0.314453125
1534,15207481,15507481,-0.116455078,-0.92565918,0.354980469,0.059753418,-0.11328125,-1.1796875,-1.015625,0.1484375,-6.3046875,-7.0078125,0.166015625,0.4609375,-0.31640625
1535,15211089,15511089,-0.115722656,-0.925415039,0.35546875,0.0623168945,-0.3671875,-0.89453125,-0.49609375,0.25,-6.3203125,-6.9921875,0.166015625,0.4609375,-0.31640625
1536,15226047,15526047,-0.114990234,-0.925048828,0.356140137,0.0648803711,-0.3671875,-0.89453125,-0.49609375,0.25,-6.3203125,-6.9921875,0.228515625,0.36328125,-0.283203125
1537,15235090,15535090,-0.114196777,-0.924743652,0.356811523,0.0668945312,-0.4296875,-1.015625,-0.05859375,0.3515625,-6.3515625,-6.96875,0.228515625,0.36328125,-0.283203125
1538,15247316,15547316,-0.11340332,-0.924560547,0.357299805,0.0684814453,-0.4296875,-1.015625,-0.05859375,0.3515625,-6.3515625,-6.96875,0.099609375,0.18359375,-0.23046875
1539,15251036,15551036,-0.112731934,-0.924499512,0.357421875,0.0696411133,-0.00390625,0.0703125,-0.16796875,0.421875,-6.3671875,-6.9375,0.099609375,0.18359375,-0.23046875
1540,15265731,15565731,-0.111999512,-0.924499512,0.35748291,0.0708007812,-0.00390625,0.0703125,-0.16796875,0.421875,-6.3671875,-6.9375,0.033203125,0.177734375,-0.185546875
1541,15275972,15575972,-0.111572266,-0.924377441,0.357543945,0.0720214844,0.5234375,-0.49609375,-0.21484375,0.46875,-6.375,-6.9296875,0.033203125,0.177734375,-0.185546875
1542,15286438,15586438,-0.11126709,-0.924194336,0.357910156,0.0733642578,0.5234375,-0.49609375,-0.21484375,0.46875,-6.375,-6.9296875,0.138671875,0.2265625,-0.123046875
1543,15293850,15593850,-0.111083984,-0.923950195,0.358398438,0.0745849609,0.2109375,-0.51953125,0.0390625,0.515625,-6.390625,-6.9140625,0.138671875,0.2265625,-0.123046875
1544,15308891,15608891,-0.110961914,-0.92364502,0.358947754,0.0756835938,0.2109375,-0.51953125,0.0390625,0.515625,-6.390625,-6.9140625,0.126953125,0.158203125,-0.080078125
1545,15315598,15615598,-0.110839844,-0.923461914,0.35925293,0.0764770508,0.28515625,0.42578125,0.328125,0.5546875,-6.4140625,-6.8984375,0.126953125,0.158203125,-0.080078125
1546,15325326,15625326,-0.110900879,-0.923461914,0.359130859,0.076965332,0.28515625,0.42578125,0.328125,0.5546875,-6.4140625,-6.8984375,-0.0546875,0.07421875,0.00390625
1547,15331293,15631293,-0.111206055,-0.923583984,0.358764648,0.0770263672,0.375,0.5078125,0.4765625,0.578125,-6.421875,-6.890625,-0.0546875,0.07421875,0.00390625
1548,15345896,15645896,-0.111572266,-0.923706055,0.358398438,0.0766601562,0.375,0.5078125,0.4765625,0.578125,-6.421875,-6.890625,-0.095703125,-0.076171875,0.11328125
1549,15353392,15653392,-0.112060547,-0.923828125,0.358154297,0.0758056641,0.0390625,-0.12109375,0.09765625,0.5703125,-6.40625,-6.8984375,-0.095703125,-0.076171875,0.11328125
1550,15367761,15667761,-0.112548828,-0.92388916,0.358032227,0.0747070312,0.0390625,-0.12109375,0.09765625,0.5703125,-6.40625,-6.8984375,-0.04296875,-0.19140625,0.197265625
1551,15371364,15671364,-0.11315918,-0.92388916,0.358093262,0.0733642578,0.1953125,-0.08984375,0.23046875,0.53125,-6.3984375,-6.9140625,-0.04296875,-0.19140625,0.197265625
1552,15386314,15686314,-0.113830566,-0.92388916,0.358215332,0.0717163086,0.1953125,-0.08984375,0.23046875,0.53125,-6.3984375,-6.9140625,-0.01171875,-0.27734375,0.26171875
1553,15392511,15692511,-0.114624023,-0.92388916,0.358398438,0.0698242188,0.1796875,0.02734375,0.3125,0.46875,-6.3984375,-6.921875,-0.01171875,-0.27734375,0.26171875
1554,15403281,15703281,-0.115478516,-0.92388916,0.358581543,0.0675048828,0.1796875,0.02734375,0.3125,0.46875,-6.3984375,-6.921875,-0.052734375,-0.369140625,0.34375
1555,15410815,15710815,-0.116516113,-0.92388916,0.358581543,0.0650024414,0.265625,0.41015625,0.54296875,0.3828125,-6.3984375,-6.921875,-0.052734375,-0.369140625,0.34375
1556,15424372,15724372,-0.117736816,-0.92401123,0.358459473,0.0620727539,0.265625,0.41015625,0.54296875,0.3828125,-6.3984375,-6.921875,-0.142578125,-0.51171875,0.474609375
1557,15433521,15733521,-0.11920166,-0.924194336,0.358154297,0.0583496094,0.22265625,0.4375,0.67578125,0.2734375,-6.390625,-6.9375,-0.142578125,-0.51171875,0.474609375
1558,15444083,15744083,-0.120788574,-0.924438477,0.357666016,0.0543212891,0.22265625,0.4375,0.67578125,0.2734375,-6.390625,-6.9375,-0.2421875,-0.6484375,0.599609375
1559,15450999,15750999,-0.122558594,-0.924621582,0.357055664,0.0499267578,0.140625,0.37109375,0.5546875,0.125,-6.359375,-6.96875,-0.2421875,-0.6484375,0.599609375
1560,15467508,15767508,-0.124755859,-0.924865723,0.356384277,0.044921875,0.140625,0.37109375,0.5546875,0.125,-6.359375,-6.96875,-0.2890625,-0.77734375,0.775390625
1561,15473847,15773847,-0.12701416,-0.925048828,0.355834961,0.0396728516,0.05078125,-0.08203125,0.19921875,-0.0546875,-6.328125,-7,-0.2890625,-0.77734375,0.775390625
1562,15484392,15784392,-0.129699707,-0.925048828,0.35546875,0.0333251953,0.05078125,-0.08203125,0.19921875,-0.0546875,-6.328125,-7,-0.216796875,-1.01367188,0.951171875
1563,15490365,15790365,-0.132385254,-0.924865723,0.35546875,0.0266113281,-0.13671875,-0.3125,-0.265625,-0.2890625,-6.2890625,-7.03125,-0.216796875,-1.01367188,0.951171875
1564,15504819,15804819,-0.135131836,-0.924621582,0.355651855,0.0194702148,-0.13671875,-0.3125,-0.265625,-0.2890625,-6.2890625,-7.03125,-0.15625,-1.234375,1.1171875
1565,15511341,15811341,-0.138183594,-0.924255371,0.355712891,0.0113525391,0.03125,-0.11328125,-0.265625,-0.5703125,-6.2578125,-7.03125,-0.15625,-1.234375,1.1171875
1566,15523226,15823226,-0.141418457,-0.923828125,0.355712891,0.00219726562,0.03125,-0.11328125,-0.265625,-0.5703125,-6.2578125,-7.03125,-0.234375,-1.47070312,1.24023438
1567,15530510,15830510,0.14453125,0.923339844,-0.355651855,0.00732421875,-0.0078125,-0.16796875,-0.79296875,-0.9140625,-6.203125,-7.0390625,-0.234375,-1.47070312,1.24023438
1568,15545129,15845129,0.147766113,0.922729492,-0.355529785,0.017578125,-0.0078125,-0.16796875,-0.79296875,-0.9140625,-6.203125,-7.0390625,-0.283203125,-1.70117188,1.37109375
1569,15552163,15852163,0.150878906,0.922058105,-0.355285645,0.0279541016,-0.0859375,-0.26953125,-0.6015625,-1.296875,-6.140625,-7.0390625,-0.283203125,-1.70117188,1.37109375
1570,15564813,15864813,0.15423584,0.921203613,-0.354919434,0.0400390625,-0.0859375,-0.26953125,-0.6015625,-1.296875,-6.140625,-7.0390625,-0.337890625,-1.9765625,1.46484375
1571,15569852,15869852,0.157165527,0.920227051,-0.354736328,0.0517578125,-0.53515625,-0.703125,-1.1171875,-1.7265625,-6.0546875,-7.0234375,-0.337890625,-1.9765625,1.46484375
1572,15585099,15885099,0.160217285,0.918762207,-0.354797363,0.0654296875,-0.53515625,-0.703125,-1.1171875,-1.7265625,-6.0546875,-7.0234375,-0.24609375,-2.265625,1.50390625
1573,15590203,15890203,0.162841797,0.917114258,-0.355224609,0.0783081055,-1.01953125,-1.26171875,-1.32421875,-2.203125,-5.953125,-6.96875,-0.24609375,-2.265625,1.50390625
1574,15604763,15904763,0.16583252,0.914733887,-0.356323242,0.0936889648,-1.01953125,-1.26171875,-1.32421875,-2.203125,-5.953125,-6.96875,-0.015625,-2.546875,1.60742188
1575,15608486,15908486,0.168395996,0.91229248,-0.35760498,0.10748291,-0.87109375,-1.125,-1.3046875,-2.734375,-5.859375,-6.875,-0.015625,-2.546875,1.60742188
1576,15625891,15925891,0.170959473,0.909179688,-0.359130859,0.123352051,-0.87109375,-1.125,-1.3046875,-2.734375,-5.859375,-6.875,0.0234375,-2.78320312,1.61132812
1577,15633341,15933341,0.173095703,0.906066895,-0.360595703,0.138183594,-0.78125,-0.953125,-1.0859375,-3.28125,-5.765625,-6.7109375,0.0234375,-2.78320312,1.61132812
1578,15644368,15944368,0.175231934,0.902282715,-0.362304688,0.154541016,-0.78125,-0.953125,-1.0859375,-3.28125,-5.765625,-6.7109375,0.09375,-2.81445312,1.56835938
1579,15648095,15948095,0.177185059,0.898681641,-0.363891602,0.169189453,-0.03515625,-0.5546875,-1.09375,-3.8359375,-5.6640625,-6.5078125,0.09375,-2.81445312,1.56835938
1580,15662040,15962040,0.179321289,0.894470215,-0.365539551,0.184753418,-0.03515625,-0.5546875,-1.09375,-3.8359375,-5.6640625,-6.5078125,0.146484375,-2.70898438,1.546875
1581,15670200,15970200,0.181396484,0.890319824,-0.367248535,0.199035645,-0.0859375,-0.40625,-0.48828125,-4.359375,-5.546875,-6.2734375,0.146484375,-2.70898438,1.546875
1582,15683383,15983383,0.183532715,0.885559082,-0.369140625,0.213989258,-0.0859375,-0.40625,-0.48828125,-4.359375,-5.546875,-6.2734375,0.228515625,-2.63085938,1.4921875
1583,15691066,15991066,0.185302734,0.881225586,-0.370788574,0.227233887,-0.0078125,-0.4375,-0.29296875,-4.859375,-5.4375,-6.0078125,0.228515625,-2.63085938,1.4921875
1584,15704835,16004835,0.187133789,0.876159668,-0.372497559,0.241943359,-0.0078125,-0.4375,-0.29296875,-4.859375,-5.4375,-6.0078125,0.19140625,-2.63671875,1.4375
1585,15712062,16012062,0.188537598,0.871459961,-0.373901367,0.255310059,0,-0.1328125,-0.0859375,-5.328125,-5.3203125,-5.71875,0.19140625,-2.63671875,1.4375
1586,15723686,16023686,0.189880371,0.866333008,-0.37512207,0.26953125,0,-0.1328125,-0.0859375,-5.328125,-5.3203125,-5.71875,0.115234375,-2.55273438,1.35351562
1587,15727425,16027425,0.191040039,0.861633301,-0.376098633,0.282287598,0.31640625,0.03125,-0.234375,-5.7578125,-5.1796875,-5.4140625,0.115234375,-2.55273438,1.35351562
1588,15743917,16043917,0.192199707,0.856445312,-0.376953125,0.295837402,0.31640625,0.03125,-0.234375,-5.7578125,-5.1796875,-5.4140625,0.072265625,-2.43164062,1.30078125
1589,15750985,16050985,0.19329834,0.8515625,-0.377624512,0.308044434,0.4453125,0.19140625,0.04296875,-6.15625,-5.03125,-5.1171875,0.072265625,-2.43164062,1.30078125
1590,15762696,16062696,0.194458008,0.846252441,-0.378295898,0.320800781,0.4453125,0.19140625,0.04296875,-6.15625,-5.03125,-5.1171875,0.119140625,-2.328125,1.27734375
1591,15767733,16067733,0.195617676,0.841064453,-0.379089355,0.332702637,0.66015625,0.04296875,-0.1171875,-6.5234375,-4.8828125,-4.8046875,0.119140625,-2.328125,1.27734375
1592,15784140,16084140,0.196472168,0.83605957,-0.379943848,0.343566895,0.66015625,0.04296875,-0.1171875,-6.5234375,-4.8828125,-4.8046875,0.1796875,-2.2109375,1.13671875
1593,15789979,16089979,0.19720459,0.830810547,-0.380859375,0.354614258,0.48046875,0.28515625,0.03125,-6.84375,-4.7421875,-4.4921875,0.1796875,-2.2109375,1.13671875
1594,15802025,16102025,0.197570801,0.825317383,-0.381835938,0.366088867,0.48046875,0.28515625,0.03125,-6.84375,-4.7421875,-4.4921875,0.119140625,-2.18554688,0.9921875
1595,15809450,16109450,0.197570801,0.82019043,-0.382629395,0.376647949,0.6640625,0.52734375,-0.10546875,-7.140625,-4.6015625,-4.1640625,0.119140625,-2.18554688,0.9921875
1596,15822064,16122064,0.19744873,0.814941406,-0.383422852,0.387084961,0.6640625,0.52734375,-0.10546875,-7.140625,-4.6015625,-4.1640625,0.083984375,-2.1015625,0.880859375
1597,15828223,16128223,0.197021484,0.809936523,-0.384094238,0.397033691,0.73046875,0.671875,0.1875,-7.3984375,-4.4765625,-3.84375,0.083984375,-2.1015625,0.880859375
1598,15843446,16143446,0.196350098,0.804992676,-0.384765625,0.406677246,0.73046875,0.671875,0.1875,-7.3984375,-4.4765625,-3.84375,0.0859375,-2.01367188,0.7578125
1599,15847176,16147176,0.195739746,0.800231934,-0.385559082,0.415527344,0.8046875,0.515625,-0.203125,-7.625,-4.359375,-3.53125,0.0859375,-2.01367188,0.7578125
1600,15863186,16163186,0.195129395,0.795227051,-0.386352539,0.424621582,0.8046875,0.515625,-0.203125,-7.625,-4.359375,-3.53125,0.1015625,-1.89453125,0.712890625
1601,15869961,16169961,0.194519043,0.790344238,-0.387084961,0.433166504,0.80859375,0.55859375,-0.078125,-7.8203125,-4.25,-3.234375,0.1015625,-1.89453125,0.712890625
1602,15882890,16182890,0.193786621,0.785583496,-0.387756348,0.441589355,0.80859375,0.55859375,-0.078125,-7.8203125,-4.25,-3.234375,0.076171875,-1.72265625,0.60546875
1603,15886620,16186620,0.192932129,0.78137207,-0.388305664,0.448852539,0.55859375,0.7265625,-0.19140625,-7.9921875,-4.1484375,-2.9296875,0.076171875,-1.72265625,0.60546875
1604,15901466,16201466,0.191955566,0.776977539,-0.388793945,0.456420898,0.55859375,0.7265625,-0.19140625,-7.9921875,-4.1484375,-2.9296875,0.04296875,-1.58789062,0.529296875
1605,15907206,16207206,0.191040039,0.772766113,-0.389282227,0.463439941,0.53515625,0.5625,-0.2265625,-8.125,-4.0625,-2.6640625,0.04296875,-1.58789062,0.529296875
1606,15921410,16221410,0.190124512,0.768798828,-0.389831543,0.469909668,0.53515625,0.5625,-0.2265625,-8.125,-4.0625,-2.6640625,0.0625,-1.42578125,0.439453125
1607,15927379,16227379,0.189086914,0.764953613,-0.390441895,0.476074219,0.30859375,0.4921875,-0.01953125,-8.2421875,-3.9921875,-2.4140625,0.0625,-1.42578125,0.439453125
1608,15945916,16245916,0.187927246,0.761352539,-0.390930176,0.481872559,0.30859375,0.4921875,-0.01953125,-8.2421875,-3.9921875,-2.4140625,0.01953125,-1.3125,0.37109375
1609,15950791,16250791,0.186889648,0.757995605,-0.391174316,0.487365723,0.671875,0.58203125,0.16796875,-8.3359375,-3.9296875,-2.1796875,0.01953125,-1.3125,0.37109375
1610,15962534,16262534,0.18572998,0.754882812,-0.391296387,0.492492676,0.671875,0.58203125,0.16796875,-8.3359375,-3.9296875,-2.1796875,-0.0703125,-1.13671875,0.31640625
1611,15968161,16268161,0.184509277,0.75213623,-0.391296387,0.497070312,0.3203125,0.47265625,0.125,-8.40625,-3.859375,-1.984375,-0.0703125,-1.13671875,0.31640625
1612,15981516,16281516,0.183227539,0.749511719,-0.391235352,0.501647949,0.3203125,0.47265625,0.125,-8.40625,-3.859375,-1.984375,-0.1015625,-0.974609375,0.236328125
1613,15987206,16287206,0.182006836,0.747070312,-0.391113281,0.505737305,0.421875,0.234375,0.18359375,-8.46875,-3.8125,-1.8125,-0.1015625,-0.974609375,0.236328125
1614,16001523,16301523,0.181091309,0.745178223,-0.391052246,0.508911133,0.421875,0.234375,0.18359375,-8.46875,-3.8125,-1.8125,-0.076171875,-0.71875,0.1953125
1615,16008398,16308398,0.180297852,0.743530273,-0.390869141,0.511779785,0.5078125,-0.03125,0.55078125,-8.515625,-3.7734375,-1.6796875,-0.076171875,-0.71875,0.1953125
1616,16020948,16320948,0.179626465,0.74206543,-0.390625,0.514282227,0.5078125,-0.03125,0.55078125,-8.515625,-3.7734375,-1.6796875,-0.0625,-0.5,0.166015625
1617,16027093,16327093,0.179199219,0.740905762,-0.390380859,0.516296387,0.23046875,-0.1796875,0.2578125,-8.546875,-3.7421875,-1.578125,-0.0625,-0.5,0.166015625
1618,16039694,16339694,0.179016113,0.739990234,-0.390197754,0.517822266,0.23046875,-0.1796875,0.2578125,-8.546875,-3.7421875,-1.578125,-0.03125,-0.291015625,0.15625
1619,16046600,16346600,0.179077148,0.739257812,-0.389892578,0.519042969,0.33203125,-0.32421875,0.6171875,-8.5703125,-3.7109375,-1.515625,-0.03125,-0.291015625,0.15625
1620,16060122,16360122,0.179382324,0.738830566,-0.389648438,0.519775391,0.33203125,-0.32421875,0.6171875,-8.5703125,-3.7109375,-1.515625,0.00390625,-0.0703125,0.12890625
1621,16066087,16366087,0.179748535,0.738647461,-0.389343262,0.520080566,0.0390625,-0.30859375,0.66015625,-8.5859375,-3.6875,-1.484375,0.00390625,-0.0703125,0.12890625
1622,16079778,16379778,0.180236816,0.738769531,-0.389099121,0.519958496,0.0390625,-0.30859375,0.66015625,-8.5859375,-3.6875,-1.484375,0.001953125,0.119140625,0.078125
1623,16085489,16385489,0.180786133,0.739135742,-0.38873291,0.519470215,-0.10546875,-0.25,0.70703125,-8.59375,-3.671875,-1.4921875,0.001953125,0.119140625,0.078125
1624,16102494,16402494,0.181335449,0.739868164,-0.388427734,0.518493652,-0.10546875,-0.25,0.70703125,-8.59375,-3.671875,-1.4921875,-0.009765625,0.3125,0.00390625
1625,16106102,16406102,0.181945801,0.740783691,-0.388061523,0.517211914,-0.03515625,-0.265625,0.6328125,-8.5859375,-3.65625,-1.53125,-0.009765625,0.3125,0.00390625
1626,16120041,16420041,0.182739258,0.7421875,-0.387695312,0.515258789,-0.03515625,-0.265625,0.6328125,-8.5859375,-3.65625,-1.53125,-0.0078125,0.53515625,-0.05859375
1627,16126033,16426033,0.18359375,0.743774414,-0.387329102,0.512939453,0.25390625,-0.1796875,0.59375,-8.5703125,-3.6640625,-1.609375,-0.0078125,0.53515625,-0.05859375
1628,16143595,16443595,0.184448242,0.745727539,-0.386901855,0.510070801,0.25390625,-0.1796875,0.59375,-8.5703125,-3.6640625,-1.609375,-0.03125,0.787109375,-0.14453125
1629,16148063,16448063,0.18536377,0.748168945,-0.386413574,0.506530762,0.22265625,0.02734375,0.50390625,-8.5390625,-3.6796875,-1.7109375,-0.03125,0.787109375,-0.14453125
1630,16158756,16458756,0.186157227,0.750915527,-0.385925293,0.502563477,0.22265625,0.02734375,0.50390625,-8.5390625,-3.6796875,-1.7109375,-0.06640625,1.03515625,-0.275390625
1631,16164829,16464829,0.186950684,0.754089355,-0.385375977,0.49786377,0.29296875,0.2109375,0.32421875,-8.4921875,-3.7109375,-1.875,-0.06640625,1.03515625,-0.275390625
1632,16182654,16482654,0.18762207,0.757568359,-0.38494873,0.492614746,0.29296875,0.2109375,0.32421875,-8.4921875,-3.7109375,-1.875,-0.07421875,1.26757812,-0.419921875
1633,16187066,16487066,0.188293457,0.761291504,-0.38458252,0.486938477,0.375,0.3046875,0.2890625,-8.421875,-3.765625,-2.0703125,-0.07421875,1.26757812,-0.419921875
1634,16199759,16499759,0.188964844,0.765441895,-0.384338379,0.480224609,0.375,0.3046875,0.2890625,-8.421875,-3.765625,-2.0703125,-0.033203125,1.49609375,-0.5546875
1635,16204803,16504803,0.18963623,0.769775391,-0.384155273,0.473205566,0.50390625,0.3515625,0.2265625,-8.3203125,-3.8515625,-2.3125,-0.033203125,1.49609375,-0.5546875
1636,16221613,16521613,0.190307617,0.774291992,-0.383972168,0.465637207,0.50390625,0.3515625,0.2265625,-8.3203125,-3.8515625,-2.3125,-0.015625,1.70703125,-0.673828125
1637,16225332,16525332,0.190917969,0.778808594,-0.383911133,0.457824707,0.4921875,0.3671875,0.26171875,-8.1953125,-3.9453125,-2.578125,-0.015625,1.70703125,-0.673828125
1638,16241680,16541680,0.19152832,0.783935547,-0.383972168,0.448730469,0.4921875,0.3671875,0.26171875,-8.1953125,-3.9453125,-2.578125,0.03125,1.89453125,-0.798828125
1639,16245425,16545425,0.192016602,0.788696289,-0.384094238,0.440002441,0.55859375,0.30078125,0.16015625,-8.03125,-4.0703125,-2.859375,0.03125,1.89453125,-0.798828125
1640,16262534,16562534,0.192443848,0.794128418,-0.384338379,0.429748535,0.55859375,0.30078125,0.16015625,-8.03125,-4.0703125,-2.859375,0.04296875,2.06835938,-0.943359375
1641,16266261,16566261,0.192687988,0.799438477,-0.38458252,0.419372559,0.44140625,0.25,0.2421875,-7.8359375,-4.2109375,-3.171875,0.04296875,2.06835938,-0.943359375
1642,16279016,16579016,0.192932129,0.80456543,-0.385009766,0.408874512,0.44140625,0.25,0.2421875,-7.8359375,-4.2109375,-3.171875,0.109375,2.2578125,-1.09960938
1643,16284059,16584059,0.192993164,0.810241699,-0.385620117,0.396911621,-0.0078125,0.20703125,-0.01953125,-7.6171875,-4.359375,-3.484375,0.109375,2.2578125,-1.09960938
1644,16300613,16600613,0.192810059,0.815856934,-0.386230469,0.38470459,-0.0078125,0.20703125,-0.01953125,-7.6171875,-4.359375,-3.484375,0.123046875,2.3671875,-1.24023438
1645,16304335,16604335,0.192504883,0.821166992,-0.386779785,0.37286377,-0.25390625,0.51953125,-0.203125,-7.3359375,-4.5546875,-3.8359375,0.123046875,2.3671875,-1.24023438
1646,16320012,16620012,0.192077637,0.826904297,-0.387268066,0.359619141,-0.25390625,0.51953125,-0.203125,-7.3359375,-4.5546875,-3.8359375,0.109375,2.45703125,-1.3203125
1647,16323758,16623758,0.19152832,0.832092285,-0.387695312,0.347229004,-0.48828125,0.24609375,-0.26171875,-7.0234375,-4.7421875,-4.1640625,0.109375,2.45703125,-1.3203125
1648,16340589,16640589,0.190856934,0.837585449,-0.388244629,0.333618164,-0.48828125,0.24609375,-0.26171875,-7.0234375,-4.7421875,-4.1640625,0.150390625,2.49023438,-1.37304688
1649,16344313,16644313,0.190185547,0.842407227,-0.38885498,0.320922852,-0.5703125,-0.1640625,-0.23828125,-6.671875,-4.9453125,-4.4921875,0.150390625,2.49023438,-1.37304688
1650,16358398,16658398,0.189208984,0.847167969,-0.389709473,0.307678223,-0.5703125,-0.1640625,-0.23828125,-6.671875,-4.9453125,-4.4921875,0.244140625,2.4453125,-1.46484375
1651,16363439,16663439,0.187927246,0.851928711,-0.390808105,0.293518066,-0.85546875,-0.2421875,-0.41015625,-6.3125,-5.1328125,-4.78125,0.244140625,2.4453125,-1.46484375
1652,16380668,16680668,0.186279297,0.856445312,-0.391784668,0.279907227,-0.85546875,-0.2421875,-0.41015625,-6.3125,-5.1328125,-4.78125,0.21875,2.39257812,-1.60546875
1653,16384396,16684396,0.184326172,0.860595703,-0.39251709,0.267028809,-1,0.1953125,-0.08984375,-5.8984375,-5.34375,-5.0625,0.21875,2.39257812,-1.60546875
1654,16399664,16699664,0.181945801,0.86517334,-0.392944336,0.252868652,-1,0.1953125,-0.08984375,-5.8984375,-5.34375,-5.0625,0.060546875,2.34570312,-1.63671875
1655,16403391,16703391,0.1796875,0.869262695,-0.393005371,0.24005127,-0.34765625,0.3984375,-0.26171875,-5.4765625,-5.546875,-5.3125,0.060546875,2.34570312,-1.63671875
1656,16420437,16720437,0.177246094,0.873596191,-0.39263916,0.226318359,-0.34765625,0.3984375,-0.26171875,-5.4765625,-5.546875,-5.3125,-0.056640625,2.34375,-1.56445312
1657,16424163,16724163,0.175109863,0.877563477,-0.391967773,0.213562012,-0.05859375,0.3046875,0.02734375,-5.0390625,-5.71875,-5.5625,-0.056640625,2.34375,-1.56445312
1658,16438884,16738884,0.172912598,0.881774902,-0.390930176,0.19934082,-0.05859375,0.3046875,0.02734375,-5.0390625,-5.71875,-5.5625,-0.125,2.38085938,-1.50390625
1659,16442611,16742611,0.170959473,0.885375977,-0.389831543,0.186889648,-0.16015625,-0.13671875,-0.2265625,-4.59375,-5.8515625,-5.8046875,-0.125,2.38085938,-1.50390625
1660,16462919,16762919,0.169006348,0.889038086,-0.388671875,0.173217773,-0.16015625,-0.13671875,-0.2265625,-4.59375,-5.8515625,-5.8046875,-0.087890625,2.3828125,-1.45117188
1661,16466808,16766808,0.167175293,0.892211914,-0.387573242,0.160644531,-0.375,-0.25,-0.24609375,-4.1484375,-5.96875,-6.015625,-0.087890625,2.3828125,-1.45117188
1662,16478312,16778312,0.165344238,0.895263672,-0.386474609,0.147644043,-0.375,-0.25,-0.24609375,-4.1484375,-5.96875,-6.015625,-0.01953125,2.18945312,-1.32226562
1663,16484683,16784683,0.163696289,0.897766113,-0.385620117,0.136108398,-0.4296875,-0.265625,-0.13671875,-3.7109375,-6.0703125,-6.203125,-0.01953125,2.18945312,-1.32226562
1664,16500183,16800183,0.16192627,0.900085449,-0.38482666,0.124572754,-0.4296875,-0.265625,-0.13671875,-3.7109375,-6.0703125,-6.203125,0.0078125,1.921875,-1.22070312
1665,16508427,16808427,0.160095215,0.902099609,-0.384216309,0.113952637,-0.34375,0.01171875,-0.03515625,-3.296875,-6.15625,-6.34375,0.0078125,1.921875,-1.22070312
1666,16519016,16819016,0.158081055,0.903869629,-0.383728027,0.103637695,-0.34375,0.01171875,-0.03515625,-3.296875,-6.15625,-6.34375,0.087890625,1.74023438,-1.20898438
1667,16522745,16822745,0.156005859,0.905456543,-0.383483887,0.0935058594,0.4296875,0.08984375,0,-2.921875,-6.234375,-6.453125,0.087890625,1.74023438,-1.20898438
1668,16540912,16840912,0.153747559,0.906982422,-0.383300781,0.0827026367,0.4296875,0.08984375,0,-2.921875,-6.234375,-6.453125,0.134765625,1.7578125,-1.24609375
1669,16545043,16845043,0.151611328,0.90826416,-0.383178711,0.0723876953,1.07421875,-0.05078125,0.421875,-2.53125,-6.3203125,-6.53125,0.134765625,1.7578125,-1.24609375
1670,16558181,16858181,0.149475098,0.909362793,-0.383239746,0.0621948242,1.07421875,-0.05078125,0.421875,-2.53125,-6.3203125,-6.53125,0.21484375,1.65820312,-1.17578125
1671,16561901,16861901,0.147460938,0.91015625,-0.383422852,0.0531616211,0.7734375,-0.12890625,0.63671875,-2.15625,-6.3984375,-6.59375,0.21484375,1.65820312,-1.17578125
1672,16581467,16881467,0.145263672,0.910705566,-0.384155273,0.0443725586,0.7734375,-0.12890625,0.63671875,-2.15625,-6.3984375,-6.59375,0.373046875,1.234375,-1.01171875
1673,16582950,16882950,0.143066406,0.911010742,-0.385009766,0.0369262695,0.62890625,0.44921875,0.66015625,-1.8203125,-6.4765625,-6.6171875,0.373046875,1.234375,-1.01171875
1674,16596232,16896232,0.14074707,0.911376953,-0.385498047,0.030456543,0.62890625,0.44921875,0.66015625,-1.8203125,-6.4765625,-6.6171875,0.14453125,0.919921875,-0.900390625
1675,16602208,16902208,0.138427734,0.911987305,-0.385314941,0.0249023438,0.6328125,0.94140625,0.5078125,-1.5546875,-6.546875,-6.6171875,0.14453125,0.919921875,-0.900390625
1676,16619996,16919996,0.136230469,0.912719727,-0.384765625,0.0198974609,0.6328125,0.94140625,0.5078125,-1.5546875,-6.546875,-6.6171875,-0.044921875,0.779296875,-0.810546875
1677,16624168,16924168,0.134094238,0.913330078,-0.384277344,0.0145874023,0.60546875,0.12890625,-0.2421875,-1.3359375,-6.578125,-6.6328125,-0.044921875,0.779296875,-0.810546875
1678,16637896,16937896,0.132080078,0.913757324,-0.384094238,0.00921630859,0.60546875,0.12890625,-0.2421875,-1.3359375,-6.578125,-6.6328125,0.09765625,0.8359375,-0.79296875
1679,16641617,16941617,0.130187988,0.9140625,-0.384033203,0.00421142578,0.27734375,0.19140625,-0.2734375,-1.125,-6.6015625,-6.640625,0.09765625,0.8359375,-0.79296875
1680,16660839,16960839,-0.128356934,-0.914428711,0.383850098,0.0009765625,0.27734375,0.19140625,-0.2734375,-1.125,-6.6015625,-6.640625,0.0546875,0.802734375,-0.7109375
1681,16664937,16964937,-0.126647949,-0.914794922,0.383483887,0.00604248047,0.265625,0.05078125,-0.3046875,-0.921875,-6.6171875,-6.6484375,0.0546875,0.802734375,-0.7109375
1682,16675542,16975542,-0.125061035,-0.915222168,0.38293457,0.010559082,0.265625,0.05078125,-0.3046875,-0.921875,-6.6171875,-6.6484375,-0.02734375,0.66015625,-0.623046875
1683,16681505,16981505,-0.123474121,-0.915588379,0.382385254,0.0145874023,-0.12109375,-0.16015625,-0.44921875,-0.7265625,-6.6328125,-6.65625,-0.02734375,0.66015625,-0.623046875
1684,16699409,16999409,-0.122070312,-0.91595459,0.381774902,0.0180053711,-0.12109375,-0.16015625,-0.44921875,-0.7265625,-6.6328125,-6.65625,-0.0703125,0.54296875,-0.564453125
1685,16703865,17003865,-0.120422363,-0.916503906,0.380859375,0.0216064453,-0.0078125,-0.23828125,-0.51171875,-0.5703125,-6.6328125,-6.671875,-0.0703125,0.54296875,-0.564453125
1686,16715894,17015894,-0.118835449,-0.917053223,0.379821777,0.0250244141,-0.0078125,-0.23828125,-0.51171875,-0.5703125,-6.6328125,-6.671875,-0.15625,0.533203125,-0.568359375
1687,16721866,17021866,-0.11730957,-0.917602539,0.378723145,0.0285644531,0.03515625,-0.3671875,-0.5625,-0.421875,-6.6171875,-6.6953125,-0.15625,0.533203125,-0.568359375
1688,16736279,17036279,-0.115905762,-0.918029785,0.377868652,0.032043457,0.03515625,-0.3671875,-0.5625,-0.421875,-6.6171875,-6.6953125,-0.087890625,0.576171875,-0.55078125
1689,16740956,17040956,-0.114501953,-0.918334961,0.377197266,0.0355834961,-0.11328125,-0.8359375,-0.234375,-0.2734375,-6.609375,-6.71875,-0.087890625,0.576171875,-0.55078125
1690,16754732,17054732,-0.113037109,-0.918579102,0.376708984,0.0391845703,-0.11328125,-0.8359375,-0.234375,-0.2734375,-6.609375,-6.71875,0.021484375,0.525390625,-0.51953125
1691,16762053,17062053,-0.111633301,-0.918701172,0.376403809,0.0424804688,-0.03125,-0.5,0.15625,-0.125,-6.6015625,-6.7265625,0.021484375,0.525390625,-0.51953125
1692,16778620,17078620,-0.110290527,-0.918884277,0.376037598,0.0455932617,-0.03125,-0.5,0.15625,-0.125,-6.6015625,-6.7265625,-0.02734375,0.45703125,-0.470703125
1693,16782801,17082801,-0.109130859,-0.919128418,0.375427246,0.0483398438,0.1875,0.11328125,0.07421875,0,-6.6015625,-6.71875,-0.02734375,0.45703125,-0.470703125
1694,16795914,17095914,-0.108093262,-0.919494629,0.374511719,0.0509643555,0.1875,0.11328125,0.07421875,0,-6.6015625,-6.71875,-0.154296875,0.39453125,-0.380859375
1695,16800946,17100946,-0.107177734,-0.91986084,0.373535156,0.0531616211,0.1875,0.14453125,0.05078125,0.1171875,-6.59375,-6.734375,-0.154296875,0.39453125,-0.380859375
1696,16818861,17118861,-0.106323242,-0.920288086,0.372436523,0.0554199219,0.1875,0.14453125,0.05078125,0.1171875,-6.59375,-6.734375,-0.169921875,0.33984375,-0.314453125
1697,16823504,17123504,-0.10559082,-0.920715332,0.371337891,0.0573730469,0.20703125,-0.0703125,0.1796875,0.2109375,-6.5703125,-6.75,-0.169921875,0.33984375,-0.314453125
1698,16836490,17136490,-0.104919434,-0.921081543,0.370178223,0.0592041016,0.20703125,-0.0703125,0.1796875,0.2109375,-6.5703125,-6.75,-0.205078125,0.294921875,-0.2734375
1699,16840099,17140099,-0.104370117,-0.921508789,0.36907959,0.0607910156,0.20703125,-0.171875,0.09765625,0.2890625,-6.546875,-6.78125,-0.205078125,0.294921875,-0.2734375
1700,16854766,17154766,-0.103881836,-0.921936035,0.367919922,0.0622558594,0.20703125,-0.171875,0.09765625,0.2890625,-6.546875,-6.78125,-0.197265625,0.228515625,-0.1875
1701,16860763,17160763,-0.103515625,-0.922302246,0.366882324,0.0634765625,0.01953125,-0.39453125,-0.0703125,0.359375,-6.515625,-6.8046875,-0.197265625,0.228515625,-0.1875
1702,16875535,17175535,-0.103149414,-0.922607422,0.366027832,0.064453125,0.01953125,-0.39453125,-0.0703125,0.359375,-6.515625,-6.8046875,-0.125,0.16796875,-0.154296875
1703,16880324,17180324,-0.102783203,-0.922790527,0.365478516,0.0654296875,-0.02734375,-0.65625,-0.36328125,0.40625,-6.484375,-6.8203125,-0.125,0.16796875,-0.154296875
1704,16899870,17199870,-0.102416992,-0.922912598,0.365112305,0.0663452148,-0.02734375,-0.65625,-0.36328125,0.40625,-6.484375,-6.8203125,-0.021484375,0.138671875,-0.146484375
1705,16904235,17204235,-0.101989746,-0.922973633,0.364990234,0.0672607422,-0.02734375,-0.546875,-0.5078125,0.4453125,-6.4765625,-6.828125,-0.021484375,0.138671875,-0.146484375
1706,16915276,17215276,-0.1015625,-0.922973633,0.364990234,0.0681152344,-0.02734375,-0.546875,-0.5078125,0.4453125,-6.4765625,-6.828125,0.0234375,0.126953125,-0.142578125
1707,16920058,17220058,-0.101135254,-0.922973633,0.364929199,0.0689086914,0.046875,-0.28125,-0.23828125,0.484375,-6.4765625,-6.828125,0.0234375,0.126953125,-0.142578125
1708,16935468,17235468,-0.100646973,-0.923034668,0.364746094,0.0695800781,0.046875,-0.28125,-0.23828125,0.484375,-6.4765625,-6.828125,-0.021484375,0.083984375,-0.140625
1709,16939106,17239106,-0.100158691,-0.923095703,0.364501953,0.0701904297,0.0546875,-0.125,-0.19140625,0.515625,-6.4765625,-6.8359375,-0.021484375,0.083984375,-0.140625
1710,16956392,17256392,-0.0996704102,-0.923278809,0.364196777,0.0707397461,0.0546875,-0.125,-0.19140625,0.515625,-6.4765625,-6.8359375,-0.044921875,0.06640625,-0.12890625
1711,16960125,17260125,-0.0993041992,-0.923339844,0.364013672,0.0711669922,0.1015625,-0.171875,-0.078125,0.546875,-6.46875,-6.8359375,-0.044921875,0.06640625,-0.12890625
1712,16979116,17279116,-0.0989990234,-0.923400879,0.363891602,0.0715332031,0.1015625,-0.171875,-0.078125,0.546875,-6.46875,-6.8359375,-0.01171875,0.025390625,-0.05859375
1713,16980591,17280591,-0.0988769531,-0.923400879,0.363830566,0.0715942383,0.1171875,-0.25,0.11328125,0.5703125,-6.46875,-6.8359375,-0.01171875,0.025390625,-0.05859375
1714,16994501,17294501,-0.0988769531,-0.923400879,0.363891602,0.071472168,0.1171875,-0.25,0.11328125,0.5703125,-6.46875,-6.8359375,0.015625,-0.0390625,0.0390625
1715,16999536,17299536,-0.0990600586,-0.923400879,0.364013672,0.071105957,0,-0.48046875,0.15234375,0.5703125,-6.46875,-6.8359375,0.015625,-0.0390625,0.0390625
1716,17014196,17314196,-0.0992431641,-0.923339844,0.364196777,0.0704345703,0,-0.48046875,0.15234375,0.5703125,-6.46875,-6.8359375,0.015625,-0.126953125,0.10546875
1717,17019258,17319258,-0.0995483398,-0.923278809,0.364379883,0.0695800781,-0.05078125,-0.25,0.19140625,0.546875,-6.46875,-6.8359375,0.015625,-0.126953125,0.10546875
1718,17036250,17336250,-0.0999755859,-0.923278809,0.364562988,0.0684204102,-0.05078125,-0.25,0.19140625,0.546875,-6.46875,-6.8359375,0.00390625,-0.212890625,0.193359375
1719,17039982,17339982,-0.100524902,-0.923278809,0.364746094,0.0669555664,0.140625,-0.04296875,0.34375,0.5078125,-6.484375,-6.8359375,0.00390625,-0.212890625,0.193359375
1720,17058933,17358933,-0.101257324,-0.923278809,0.364807129,0.0650024414,0.140625,-0.04296875,0.34375,0.5078125,-6.484375,-6.8359375,-0.046875,-0.322265625,0.28515625
1721,17063795,17363795,-0.102050781,-0.923339844,0.364746094,0.0628662109,0.48046875,0.41796875,0.58203125,0.4375,-6.484375,-6.84375,-0.046875,-0.322265625,0.28515625
1722,17077065,17377065,-0.103271484,-0.923522949,0.364501953,0.0602416992,0.48046875,0.41796875,0.58203125,0.4375,-6.484375,-6.84375,-0.13671875,-0.400390625,0.41796875
1723,17081257,17381257,-0.104614258,-0.92364502,0.364257812,0.0573730469,0.41796875,0.25,0.63671875,0.34375,-6.46875,-6.859375,-0.13671875,-0.400390625,0.41796875
1724,17093480,17393480,-0.106140137,-0.923706055,0.364074707,0.0541992188,0.41796875,0.25,0.63671875,0.34375,-6.46875,-6.859375,-0.123046875,-0.51171875,0.55859375
1725,17098260,17398260,-0.107910156,-0.92376709,0.363891602,0.0505371094,0.390625,0.234375,0.87890625,0.21875,-6.453125,-6.875,-0.123046875,-0.51171875,0.55859375
1726,17113568,17413568,-0.109924316,-0.92388916,0.363586426,0.0462646484,0.390625,0.234375,0.87890625,0.21875,-6.453125,-6.875,-0.197265625,-0.6875,0.7109375
1727,17119288,17419288,-0.112121582,-0.92401123,0.36315918,0.0412597656,0.36328125,0.21875,0.63671875,0.0546875,-6.4375,-6.8984375,-0.197265625,-0.6875,0.7109375
1728,17139033,17439033,-0.114379883,-0.924133301,0.362670898,0.035949707,0.36328125,0.21875,0.63671875,0.0546875,-6.4375,-6.8984375,-0.234375,-0.845703125,0.83984375
1729,17143734,17443734,-0.116821289,-0.924255371,0.362243652,0.0301513672,0.10546875,-0.04296875,0.015625,-0.1484375,-6.40625,-6.9296875,-0.234375,-0.845703125,0.83984375
1730,17154173,17454173,-0.119262695,-0.924255371,0.361816406,0.024230957,0.10546875,-0.04296875,0.015625,-0.1484375,-6.40625,-6.9296875,-0.251953125,-1.01367188,0.955078125
1731,17157774,17457774,-0.121948242,-0.924255371,0.361450195,0.0173339844,-0.04296875,-0.3125,-0.07421875,-0.3828125,-6.3671875,-6.953125,-0.251953125,-1.01367188,0.955078125
1732,17173162,17473162,-0.124755859,-0.924072266,0.361206055,0.00982666016,-0.04296875,-0.3125,-0.07421875,-0.3828125,-6.3671875,-6.953125,-0.1796875,-1.1875,1.05273438
1733,17178879,17478879,-0.127502441,-0.92364502,0.36138916,0.001953125,-0.09765625,-0.65625,-0.48828125,-0.671875,-6.328125,-6.9609375,-0.1796875,-1.1875,1.05273438
1734,17195632,17495632,0.130187988,0.923156738,-0.361694336,0.00610351562,-0.09765625,-0.65625,-0.48828125,-0.671875,-6.328125,-6.9609375,-0.1171875,-1.4375,1.171875
1735,17199742,17499742,0.132995605,0.922485352,-0.362060547,0.0151977539,-0.0546875,-0.19921875,-0.14453125,-0.984375,-6.2890625,-6.9609375,-0.1171875,-1.4375,1.171875
1736,17217130,17517130,0.135925293,0.921691895,-0.362426758,0.0254516602,-0.0546875,-0.19921875,-0.14453125,-0.984375,-6.2890625,-6.9609375,-0.1484375,-1.69726562,1.29492188
1737,17221249,17521249,0.13885498,0.920837402,-0.362609863,0.0361328125,0.17578125,-0.12890625,-0.78125,-1.3671875,-6.2421875,-6.9375,-0.1484375,-1.69726562,1.29492188
1738,17232228,17532228,0.141723633,0.91986084,-0.362670898,0.0473022461,0.17578125,-0.12890625,-0.78125,-1.3671875,-6.2421875,-6.9375,-0.193359375,-1.90820312,1.37304688
1739,17238194,17538194,0.144348145,0.918701172,-0.362915039,0.0588378906,-0.51953125,-0.73828125,-1.04296875,-1.78125,-6.171875,-6.90625,-0.193359375,-1.90820312,1.37304688
1740,17251475,17551475,0.146850586,0.917297363,-0.36328125,0.0707397461,-0.51953125,-0.73828125,-1.04296875,-1.78125,-6.171875,-6.90625,-0.138671875,-2.10546875,1.37890625
1741,17258759,17558759,0.149414062,0.915588379,-0.363952637,0.0833129883,-0.734375,-0.5078125,-1.02734375,-2.21875,-6.09375,-6.84375,-0.138671875,-2.10546875,1.37890625
1742,17271331,17571331,0.152038574,0.913391113,-0.36505127,0.0965576172,-0.734375,-0.5078125,-1.02734375,-2.21875,-6.09375,-6.84375,0.02734375,-2.37109375,1.54101562
1743,17277300,17577300,0.154724121,0.910949707,-0.366149902,0.110473633,-0.73828125,-0.38671875,-0.69921875,-2.7109375,-6.0234375,-6.75,0.02734375,-2.37109375,1.54101562
1744,17295481,17595481,0.157104492,0.908508301,-0.366943359,0.123840332,-0.73828125,-0.38671875,-0.69921875,-2.7109375,-6.0234375,-6.75,-0.056640625,-2.48242188,1.52929688
1745,17300005,17600005,0.159484863,0.905639648,-0.367614746,0.138549805,-0.203125,-0.16796875,-0.80078125,-3.2109375,-5.9375,-6.609375,-0.056640625,-2.48242188,1.52929688
1746,17311420,17611420,0.161621094,0.902954102,-0.368041992,0.152038574,-0.203125,-0.16796875,-0.80078125,-3.2109375,-5.9375,-6.609375,-0.10546875,-2.44726562,1.5
1747,17317398,17617398,0.163818359,0.899902344,-0.368347168,0.166320801,0.0703125,-0.09375,-0.546875,-3.7109375,-5.8203125,-6.4453125,-0.10546875,-2.44726562,1.5
1748,17333179,17633179,0.165893555,0.896911621,-0.368530273,0.179504395,0.0703125,-0.09375,-0.546875,-3.7109375,-5.8203125,-6.4453125,-0.080078125,-2.31835938,1.45507812
1749,17336904,17636904,0.16809082,0.893798828,-0.368835449,0.191955566,0.1640625,-0.265625,-0.41796875,-4.1875,-5.6875,-6.265625,-0.080078125,-2.31835938,1.45507812
1750,17350698,17650698,0.170349121,0.890380859,-0.36932373,0.204528809,0.1640625,-0.265625,-0.41796875,-4.1875,-5.6875,-6.265625,0.0078125,-2.18945312,1.41015625
1751,17356672,17656672,0.172546387,0.88671875,-0.369873047,0.217102051,-0.21875,-0.2734375,-0.18359375,-4.609375,-5.5625,-6.078125,0.0078125,-2.18945312,1.41015625
1752,17374629,17674629,0.174316406,0.883300781,-0.370422363,0.22845459,-0.21875,-0.2734375,-0.18359375,-4.609375,-5.5625,-6.078125,0.056640625,-2.14648438,1.28710938
1753,17378978,17678978,0.175964355,0.879455566,-0.371154785,0.240478516,-0.07421875,-0.09375,-0.12109375,-5.0234375,-5.4375,-5.875,0.056640625,-2.14648438,1.28710938
1754,17390417,17690417,0.177246094,0.875793457,-0.371887207,0.251403809,-0.07421875,-0.09375,-0.12109375,-5.0234375,-5.4375,-5.875,0.1015625,-2.08789062,1.13671875
1755,17396410,17696410,0.178466797,0.871826172,-0.372802734,0.262878418,0.26171875,0.14453125,0.02734375,-5.3984375,-5.328125,-5.640625,0.1015625,-2.08789062,1.13671875
1756,17409540,17709540,0.179382324,0.867980957,-0.373535156,0.273742676,0.26171875,0.14453125,0.02734375,-5.3984375,-5.328125,-5.640625,0.0625,-2.01757812,1.02734375
1757,17417563,17717563,0.180053711,0.864196777,-0.374206543,0.284118652,0.3828125,0.25390625,0.171875,-5.75,-5.2109375,-5.3984375,0.0625,-2.01757812,1.02734375
1758,17431321,17731321,0.180541992,0.860290527,-0.374816895,0.294555664,0.3828125,0.25390625,0.171875,-5.75,-5.2109375,-5.3984375,0.04296875,-1.94335938,0.92578125
1759,17436365,17736365,0.180847168,0.856506348,-0.375427246,0.304504395,0.53515625,0.26171875,0.2734375,-6.0546875,-5.1015625,-5.15625,0.04296875,-1.94335938,0.92578125
1760,17454204,17754204,0.181152344,0.852966309,-0.376098633,0.313354492,0.53515625,0.26171875,0.2734375,-6.0546875,-5.1015625,-5.15625,0.107421875,-1.83203125,0.83203125
1761,17459239,17759239,0.181396484,0.848999023,-0.376953125,0.322814941,0.77734375,0.2734375,0.19140625,-6.3359375,-5,-4.921875,0.107421875,-1.83203125,0.83203125
1762,17471038,17771038,0.18170166,0.845214844,-0.377624512,0.331665039,0.77734375,0.2734375,0.19140625,-6.3359375,-5,-4.921875,0.091796875,-1.71875,0.8046875
1763,17476095,17776095,0.181945801,0.841491699,-0.378173828,0.340332031,0.68359375,0.44921875,0.1015625,-6.5859375,-4.90625,-4.6796875,0.091796875,-1.71875,0.8046875
1764,17491046,17791046,0.182006836,0.838012695,-0.378540039,0.348205566,0.68359375,0.44921875,0.1015625,-6.5859375,-4.90625,-4.6796875,0.033203125,-1.5703125,0.677734375
1765,17496073,17796073,0.181884766,0.834777832,-0.378845215,0.355773926,0.375,0.5859375,-0.0390625,-6.8125,-4.8125,-4.4609375,0.033203125,-1.5703125,0.677734375
1766,17510156,17810156,0.181762695,0.831176758,-0.37902832,0.363830566,0.375,0.5859375,-0.0390625,-6.8125,-4.8125,-4.4609375,0.00390625,-1.55273438,0.693359375
1767,17516526,17816526,0.181762695,0.827819824,-0.379211426,0.371398926,0.61328125,0.26171875,0.23828125,-7.015625,-4.71875,-4.2421875,0.00390625,-1.55273438,0.693359375
1768,17533642,17833642,0.18182373,0.824401855,-0.379333496,0.378662109,0.61328125,0.26171875,0.23828125,-7.015625,-4.71875,-4.2421875,0.03515625,-1.43359375,0.673828125
1769,17537750,17837750,0.181945801,0.820983887,-0.379577637,0.385742188,0.3359375,0.12890625,0,-7.1953125,-4.625,-4.0390625,0.03515625,-1.43359375,0.673828125
1770,17551228,17851228,0.182067871,0.817565918,-0.379821777,0.39263916,0.3359375,0.12890625,0,-7.1953125,-4.625,-4.0390625,0.0625,-1.3828125,0.64453125
1771,17554971,17854971,0.182189941,0.81439209,-0.380004883,0.398986816,0.35546875,0.2265625,0.0078125,-7.3671875,-4.53125,-3.8203125,0.0625,-1.3828125,0.64453125
1772,17570791,17870791,0.182312012,0.810913086,-0.380126953,0.405822754,0.35546875,0.2265625,0.0078125,-7.3671875,-4.53125,-3.8203125,0.03515625,-1.30664062,0.599609375
1773,17575827,17875827,0.182250977,0.807800293,-0.380187988,0.411865234,0.05078125,0.484375,-0.15625,-7.5234375,-4.4453125,-3.6171875,0.03515625,-1.30664062,0.599609375
1774,17590316,17890316,0.182067871,0.80456543,-0.380126953,0.418395996,0.05078125,0.484375,-0.15625,-7.5234375,-4.4453125,-3.6171875,-0.01953125,-1.25976562,0.572265625
1775,17595363,17895363,0.182006836,0.801330566,-0.380004883,0.424621582,-0.078125,0.35546875,-0.12109375,-7.6640625,-4.3515625,-3.421875,-0.01953125,-1.25976562,0.572265625
1776,17611891,17911891,0.182006836,0.798400879,-0.379943848,0.430236816,-0.078125,0.35546875,-0.12109375,-7.6640625,-4.3515625,-3.421875,0.029296875,-1.16796875,0.556640625
1777,17615623,17915623,0.182128906,0.795471191,-0.379943848,0.435546875,0.0546875,0.0390625,-0.078125,-7.796875,-4.265625,-3.234375,0.029296875,-1.16796875,0.556640625
1778,17630319,17930319,0.182250977,0.792480469,-0.379943848,0.440917969,0.0546875,0.0390625,-0.078125,-7.796875,-4.265625,-3.234375,0.0390625,-1.03320312,0.5078125
1779,17635350,17935350,0.182312012,0.789794922,-0.379943848,0.445739746,-0.01953125,0.15234375,0.32421875,-7.9140625,-4.1875,-3.0625,0.0390625,-1.03320312,0.5078125
1780,17649725,17949725,0.182250977,0.786987305,-0.380065918,0.450561523,-0.01953125,0.15234375,0.32421875,-7.9140625,-4.1875,-3.0625,0.05859375,-0.966796875,0.412109375
1781,17654761,17954761,0.182128906,0.784484863,-0.380249023,0.454772949,-0.0390625,-0.03515625,0.19921875,-8.0078125,-4.1171875,-2.8984375,0.05859375,-0.966796875,0.412109375
1782,17669624,17969624,0.18182373,0.781982422,-0.380371094,0.45904541,-0.0390625,-0.03515625,0.19921875,-8.0078125,-4.1171875,-2.8984375,0.001953125,-0.876953125,0.322265625
1783,17674688,17974688,0.181335449,0.779724121,-0.380432129,0.463012695,-0.26953125,0.09375,0.28125,-8.0859375,-4.0546875,-2.75,0.001953125,-0.876953125,0.322265625
1784,17690887,17990887,0.180908203,0.77746582,-0.380554199,0.46685791,-0.26953125,0.09375,0.28125,-8.0859375,-4.0546875,-2.75,0.013671875,-0.8203125,0.2890625
1785,17694624,17994624,0.180541992,0.77545166,-0.380737305,0.470275879,0.0703125,-0.02734375,0.17578125,-8.15625,-4.0078125,-2.609375,0.013671875,-0.8203125,0.2890625
1786,17711928,18011928,0.180175781,0.77331543,-0.38092041,0.473693848,0.0703125,-0.02734375,0.17578125,-8.15625,-4.0078125,-2.609375,0.041015625,-0.712890625,0.228515625
1787,17719984,18019984,0.17980957,0.771484375,-0.381225586,0.476623535,0.1328125,0.0390625,0.390625,-8.21875,-3.9609375,-2.4765625,0.041015625,-0.712890625,0.228515625
1788,17728651,18028651,0.179382324,0.769775391,-0.381469727,0.479309082,0.1328125,0.0390625,0.390625,-8.21875,-3.9609375,-2.4765625,0.03515625,-0.625,0.16015625
1789,17736339,18036339,0.178833008,0.768066406,-0.381774902,0.481994629,-0.08984375,0.0859375,0.31640625,-8.265625,-3.9296875,-2.3671875,0.03515625,-0.625,0.16015625
1790,17748405,18048405,0.178161621,0.766540527,-0.382141113,0.484436035,-0.08984375,0.0859375,0.31640625,-8.265625,-3.9296875,-2.3671875,0.01953125,-0.564453125,0.103515625
1791,17758202,18058202,0.17755127,0.765075684,-0.382385254,0.486694336,-0.125,0.30078125,0.26171875,-8.3046875,-3.9140625,-2.2734375,0.01953125,-0.564453125,0.103515625
1792,17772143,18072143,0.177001953,0.76385498,-0.38269043,0.488647461,-0.125,0.30078125,0.26171875,-8.3046875,-3.9140625,-2.2734375,0.01953125,-0.474609375,0.09375
1793,17776277,18076277,0.176635742,0.762573242,-0.38293457,0.490600586,-0.01953125,0.16796875,0.21484375,-8.3359375,-3.8984375,-2.1875,0.01953125,-0.474609375,0.09375
1794,17789244,18089244,0.176452637,0.761474609,-0.383117676,0.4921875,-0.01953125,0.16796875,0.21484375,-8.3359375,-3.8984375,-2.1875,0.04296875,-0.34765625,0.1328125
1795,17797910,18097910,0.176513672,0.760498047,-0.383239746,0.493530273,0.00390625,0.078125,0.2890625,-8.359375,-3.8828125,-2.109375,0.04296875,-0.34765625,0.1328125
1796,17811422,18111422,0.176635742,0.75970459,-0.383300781,0.494689941,0.00390625,0.078125,0.2890625,-8.359375,-3.8828125,-2.109375,0.048828125,-0.201171875,0.12109375
1797,17815592,18115592,0.176818848,0.759155273,-0.383361816,0.495483398,-0.0859375,0.24609375,0.359375,-8.3828125,-3.859375,-2.0625,0.048828125,-0.201171875,0.12109375
1798,17829077,18129077,0.177001953,0.758789062,-0.383361816,0.49597168,-0.0859375,0.24609375,0.359375,-8.3828125,-3.859375,-2.0625,0.021484375,-0.064453125,0.060546875
1799,17833369,18133369,0.177124023,0.758666992,-0.383300781,0.49609375,-0.19140625,0.0390625,0.44921875,-8.390625,-3.84375,-2.0390625,0.021484375,-0.064453125,0.060546875
1800,17851468,18151468,0.177246094,0.758789062,-0.383239746,0.495910645,-0.19140625,0.0390625,0.44921875,-8.390625,-3.84375,-2.0390625,-0.005859375,0.087890625,-0.013671875
1801,17855914,18155914,0.177368164,0.759155273,-0.383178711,0.495361328,-0.0703125,-0.078125,0.41015625,-8.3984375,-3.84375,-2.0390625,-0.005859375,0.087890625,-0.013671875
1802,17868207,18168207,0.17755127,0.75970459,-0.383117676,0.494445801,-0.0703125,-0.078125,0.41015625,-8.3984375,-3.84375,-2.0390625,0.0078125,0.263671875,-0.0703125
1803,17877228,18177228,0.177856445,0.760620117,-0.383117676,0.493041992,0.06640625,-0.109375,0.43359375,-8.3828125,-3.8515625,-2.0625,0.0078125,0.263671875,-0.0703125
1804,17887141,18187141,0.178100586,0.761779785,-0.382995605,0.491210938,0.06640625,-0.109375,0.43359375,-8.3828125,-3.8515625,-2.0625,-0.0234375,0.48046875,-0.15234375
1805,17892863,18192863,0.178405762,0.763305664,-0.3828125,0.488891602,0.08203125,0.0625,0.390625,-8.359375,-3.8671875,-2.1328125,-0.0234375,0.48046875,-0.15234375
1806,17907549,18207549,0.178710938,0.765197754,-0.382629395,0.485961914,0.08203125,0.0625,0.390625,-8.359375,-3.8671875,-2.1328125,-0.046875,0.71484375,-0.244140625
1807,17916207,18216207,0.179016113,0.76739502,-0.382385254,0.48248291,0.2265625,0.09375,0.4453125,-8.3125,-3.8984375,-2.2265625,-0.046875,0.71484375,-0.244140625
1808,17930854,18230854,0.179321289,0.769897461,-0.382202148,0.47857666,0.2265625,0.09375,0.4453125,-8.3125,-3.8984375,-2.2265625,-0.046875,0.95703125,-0.353515625
1809,17935089,18235089,0.1796875,0.772766113,-0.382080078,0.473876953,0.32421875,0.1015625,0.38671875,-8.2578125,-3.9453125,-2.359375,-0.046875,0.95703125,-0.353515625
1810,17948053,18248053,0.180053711,0.775817871,-0.382019043,0.468688965,0.32421875,0.1015625,0.38671875,-8.2578125,-3.9453125,-2.359375,-0.0078125,1.1640625,-0.4765625
1811,17956007,18256007,0.180358887,0.778991699,-0.382141113,0.463256836,0.390625,0.1640625,0.375,-8.171875,-4.0078125,-2.5390625,-0.0078125,1.1640625,-0.4765625
1812,17966012,18266012,0.180725098,0.782531738,-0.382385254,0.45690918,0.390625,0.1640625,0.375,-8.171875,-4.0078125,-2.5390625,0.037109375,1.36328125,-0.609375
1813,17973313,18273313,0.180969238,0.786376953,-0.382751465,0.449890137,0.3984375,0.32421875,0.2734375,-8.0625,-4.09375,-2.7421875,0.037109375,1.36328125,-0.609375
1814,17985871,18285871,0.181213379,0.790161133,-0.383178711,0.442687988,0.3984375,0.32421875,0.2734375,-8.0625,-4.09375,-2.7421875,0.064453125,1.51953125,-0.7265625
1815,17995915,18295915,0.181335449,0.794128418,-0.383666992,0.434997559,0.2578125,0.3671875,0.16015625,-7.921875,-4.2109375,-2.9765625,0.064453125,1.51953125,-0.7265625
1816,18010325,18310325,0.181335449,0.798095703,-0.384277344,0.427246094,0.2578125,0.3671875,0.16015625,-7.921875,-4.2109375,-2.9765625,0.0859375,1.67382812,-0.85546875
1817,18014471,18314471,0.181274414,0.80255127,-0.385009766,0.418151855,0.24609375,0.33984375,0.08984375,-7.7578125,-4.3359375,-3.2109375,0.0859375,1.67382812,-0.85546875
1818,18026189,18326189,0.180969238,0.806884766,-0.385742188,0.409179688,0.24609375,0.33984375,0.08984375,-7.7578125,-4.3359375,-3.2109375,0.103515625,1.81445312,-1.00390625
1819,18036936,18336936,0.180603027,0.811340332,-0.38659668,0.399597168,0.00390625,0.37109375,0.1640625,-7.5546875,-4.484375,-3.4765625,0.103515625,1.81445312,-1.00390625
1820,18045618,18345618,0.180053711,0.815795898,-0.387573242,0.389648438,0.00390625,0.37109375,0.1640625,-7.5546875,-4.484375,-3.4765625,0.12890625,1.90820312,-1.11132812
1821,18051596,18351596,0.179443359,0.820251465,-0.388549805,0.379577637,-0.0390625,0.19140625,0,-7.3203125,-4.6484375,-3.734375,0.12890625,1.90820312,-1.11132812
1822,18065009,18365009,0.178833008,0.824523926,-0.389526367,0.369445801,-0.0390625,0.19140625,0,-7.3203125,-4.6484375,-3.734375,0.158203125,1.96875,-1.16015625
1823,18076356,18376356,0.178161621,0.828979492,-0.390625,0.358459473,-0.140625,0.1328125,0.07421875,-7.0625,-4.8203125,-4,0.158203125,1.96875,-1.16015625
1824,18090187,18390187,0.177490234,0.833129883,-0.391845703,0.347717285,-0.140625,0.1328125,0.07421875,-7.0625,-4.8203125,-4,0.224609375,1.99804688,-1.19335938
1825,18093918,18393918,0.176757812,0.837158203,-0.393127441,0.336730957,-0.23046875,0.19921875,-0.01953125,-6.78125,-5,-4.25,0.224609375,1.99804688,-1.19335938
1826,18107626,18407626,0.17590332,0.841064453,-0.394592285,0.325622559,-0.23046875,0.19921875,-0.01953125,-6.78125,-5,-4.25,0.2734375,2.03320312,-1.29882812
1827,18113992,18413992,0.174743652,0.844848633,-0.395935059,0.314575195,-0.4140625,0.23046875,0.03125,-6.484375,-5.1875,-4.4921875,0.2734375,2.03320312,-1.29882812
1828,18126051,18426051,0.173156738,0.848999023,-0.397155762,0.302490234,-0.4140625,0.23046875,0.03125,-6.484375,-5.1875,-4.4921875,0.1484375,2.05273438,-1.4140625
1829,18131087,18431087,0.171386719,0.853027344,-0.397888184,0.29095459,-0.3671875,0.3828125,-0.00390625,-6.1484375,-5.375,-4.7265625,0.1484375,2.05273438,-1.4140625
1830,18146509,18446509,0.169616699,0.856994629,-0.398193359,0.279724121,-0.3671875,0.3828125,-0.00390625,-6.1484375,-5.375,-4.7265625,-0.009765625,2.11914062,-1.40234375
1831,18152832,18452832,0.167907715,0.861206055,-0.398132324,0.267578125,-0.2109375,0.24609375,0.0078125,-5.8046875,-5.546875,-4.96875,-0.009765625,2.11914062,-1.40234375
1832,18167555,18467555,0.166320801,0.865478516,-0.397949219,0.254882812,-0.2109375,0.24609375,0.0078125,-5.8046875,-5.546875,-4.96875,-0.01171875,2.26171875,-1.36132812
1833,18171286,18471286,0.165100098,0.86920166,-0.397888184,0.242736816,0.015625,-0.4765625,-0.39453125,-5.421875,-5.703125,-5.21875,-0.01171875,2.26171875,-1.36132812
1834,18186102,18486102,0.1640625,0.872741699,-0.398193359,0.229858398,0.015625,-0.4765625,-0.39453125,-5.421875,-5.703125,-5.21875,0.171875,2.20117188,-1.2734375
1835,18195212,18495212,0.162963867,0.875915527,-0.398620605,0.217590332,-0.44921875,-0.3671875,-0.47265625,-5.03125,-5.8515625,-5.4453125,0.171875,2.20117188,-1.2734375
1836,18207251,18507251,0.161682129,0.878845215,-0.398925781,0.205871582,-0.44921875,-0.3671875,-0.47265625,-5.03125,-5.8515625,-5.4453125,0.12109375,2.06445312,-1.3125
1837,18210988,18510988,0.16003418,0.881652832,-0.398925781,0.194702148,-0.41796875,0.68359375,-0.28515625,-4.640625,-5.984375,-5.6328125,0.12109375,2.06445312,-1.3125
1838,18225427,18525427,0.157836914,0.88482666,-0.39831543,0.183044434,-0.41796875,0.68359375,-0.28515625,-4.640625,-5.984375,-5.6328125,-0.162109375,1.98242188,-1.39648438
1839,18231212,18531212,0.155334473,0.888305664,-0.396789551,0.171447754,-0.08203125,1.0703125,-0.2265625,-4.25,-6.1015625,-5.8046875,-0.162109375,1.98242188,-1.39648438
1840,18248145,18548145,0.152954102,0.891662598,-0.394714355,0.16027832,-0.08203125,1.0703125,-0.2265625,-4.25,-6.1015625,-5.8046875,-0.38671875,2.03710938,-1.3203125
1841,18251877,18551877,0.151062012,0.894897461,-0.392578125,0.148986816,0.69921875,0.02734375,0.01171875,-3.84375,-6.171875,-6.0078125,-0.38671875,2.03710938,-1.3203125
1842,18265789,18565789,0.149536133,0.897949219,-0.39050293,0.137329102,0.69921875,0.02734375,0.01171875,-3.84375,-6.171875,-6.0078125,-0.236328125,2.09765625,-1.15429688
1843,18276652,18576652,0.148498535,0.900268555,-0.389160156,0.126525879,0.37109375,-0.875,-0.44140625,-3.4375,-6.2265625,-6.203125,-0.236328125,2.09765625,-1.15429688
1844,18286082,18586082,0.147583008,0.902099609,-0.38873291,0.11541748,0.37109375,-0.875,-0.44140625,-3.4375,-6.2265625,-6.203125,0.19140625,1.93359375,-1.0546875
1845,18289822,18589822,0.14654541,0.903381348,-0.389160156,0.104858398,-0.05078125,-0.6953125,-0.30859375,-3.0546875,-6.2890625,-6.3359375,0.19140625,1.93359375,-1.0546875
1846,18304523,18604523,0.145324707,0.90423584,-0.390197754,0.0948486328,-0.05078125,-0.6953125,-0.30859375,-3.0546875,-6.2890625,-6.3359375,0.38671875,1.59960938,-1.04492188
1847,18310212,18610212,0.143798828,0.905029297,-0.390991211,0.0856323242,-0.328125,0.36328125,0.203125,-2.703125,-6.390625,-6.390625,0.38671875,1.59960938,-1.04492188
1848,18325447,18625447,0.141967773,0.906005859,-0.391235352,0.0768432617,-0.328125,0.36328125,0.203125,-2.703125,-6.390625,-6.390625,0.103515625,1.3359375,-1
1849,18332177,18632177,0.140075684,0.907104492,-0.390869141,0.0692749023,0.1875,0.5234375,0.51953125,-2.375,-6.4765625,-6.4375,0.103515625,1.3359375,-1
1850,18346651,18646651,0.138000488,0.90826416,-0.390136719,0.061706543,0.1875,0.5234375,0.51953125,-2.375,-6.4765625,-6.4375,-0.060546875,1.1796875,-0.955078125
1851,18353651,18653651,0.136047363,0.909240723,-0.389465332,0.0549926758,0.3671875,0.15234375,0.23046875,-2.09375,-6.5234375,-6.4921875,-0.060546875,1.1796875,-0.955078125
1852,18364566,18664566,0.134033203,0.910095215,-0.389099121,0.0481567383,0.3671875,0.15234375,0.23046875,-2.09375,-6.5234375,-6.4921875,0.06640625,1.05273438,-0.8515625
1853,18370548,18670548,0.132385254,0.910705566,-0.389038086,0.0416870117,0.75390625,-0.27734375,-0.6875,-1.828125,-6.5546875,-6.53125,0.06640625,1.05273438,-0.8515625
1854,18389212,18689212,0.130981445,0.911071777,-0.389282227,0.0348510742,0.75390625,-0.27734375,-0.6875,-1.828125,-6.5546875,-6.53125,0.248046875,1.14453125,-0.771484375
1855,18390690,18690690,0.129699707,0.911132812,-0.390197754,0.0279541016,0.578125,-0.3828125,-0.40625,-1.578125,-6.6015625,-6.546875,0.248046875,1.14453125,-0.771484375
1856,18405433,18705433,0.128356934,0.910949707,-0.391479492,0.0215454102,0.578125,-0.3828125,-0.40625,-1.578125,-6.6015625,-6.546875,0.4453125,1.02929688,-0.783203125
1857,18409169,18709169,0.12677002,0.910705566,-0.392822266,0.0153198242,-0.0078125,-0.12109375,0,-1.3359375,-6.671875,-6.53125,0.4453125,1.02929688,-0.783203125
1858,18424260,18724260,0.124755859,0.910644531,-0.393798828,0.00854492188,-0.0078125,-0.12109375,0,-1.3359375,-6.671875,-6.53125,0.244140625,0.97265625,-0.8671875
1859,18429228,18729228,0.122741699,0.911010742,-0.393737793,0.00268554688,0.046875,0.75390625,0.62109375,-1.0859375,-6.7421875,-6.5,0.244140625,0.97265625,-0.8671875
1860,18444489,18744489,-0.120727539,-0.911682129,0.392700195,0.00262451172,0.046875,0.75390625,0.62109375,-1.0859375,-6.7421875,-6.5,-0.216796875,0.849609375,-0.798828125
1861,18451207,18751207,-0.118896484,-0.912597656,0.391052246,0.00762939453,0.3203125,0.84375,0.17578125,-0.859375,-6.7578125,-6.515625,-0.216796875,0.849609375,-0.798828125
1862,18463674,18763674,-0.117248535,-0.913635254,0.389099121,0.0124511719,0.3203125,0.84375,0.17578125,-0.859375,-6.7578125,-6.515625,-0.3125,0.697265625,-0.625
1863,18470236,18770236,-0.115905762,-0.914428711,0.387390137,0.016418457,0.26953125,0.046875,-0.19140625,-0.65625,-6.7265625,-6.5703125,-0.3125,0.697265625,-0.625
1864,18486786,18786786,-0.114746094,-0.915039062,0.386230469,0.0203857422,0.26953125,0.046875,-0.19140625,-0.65625,-6.7265625,-6.5703125,-0.0703125,0.6796875,-0.525390625
1865,18491270,18791270,-0.113708496,-0.915222168,0.385864258,0.0245361328,0.296875,-0.97265625,-0.3046875,-0.4921875,-6.703125,-6.609375,-0.0703125,0.6796875,-0.525390625
1866,18504001,18804001,-0.112487793,-0.915039062,0.386169434,0.0292358398,0.296875,-0.97265625,-0.3046875,-0.4921875,-6.703125,-6.609375,0.2421875,0.734375,-0.568359375
1867,18509220,18809220,-0.11126709,-0.914794922,0.386779785,0.0338134766,0.09375,-0.15234375,-0.04296875,-0.328125,-6.71875,-6.6015625,0.2421875,0.734375,-0.568359375
1868,18523136,18823136,-0.110107422,-0.914672852,0.387084961,0.037902832,0.09375,-0.15234375,-0.04296875,-0.328125,-6.71875,-6.6015625,0.11328125,0.650390625,-0.51953125
1869,18529103,18829103,-0.109069824,-0.914733887,0.386779785,0.0416259766,0.19921875,0.72265625,0.46875,-0.1640625,-6.75,-6.578125,0.11328125,0.650390625,-0.51953125
1870,18542552,18842552,-0.108154297,-0.915100098,0.385864258,0.0447387695,0.19921875,0.72265625,0.46875,-0.1640625,-6.75,-6.578125,-0.1796875,0.470703125,-0.390625
1871,18548223,18848223,-0.10736084,-0.915588379,0.38458252,0.0473022461,0.3359375,0.140625,0.32421875,-0.03125,-6.7421875,-6.5859375,-0.1796875,0.470703125,-0.390625
1872,18564371,18864371,-0.106750488,-0.916137695,0.383239746,0.0494995117,0.3359375,0.140625,0.32421875,-0.03125,-6.7421875,-6.5859375,-0.232421875,0.345703125,-0.287109375
1873,18568097,18868097,-0.106201172,-0.916503906,0.382202148,0.0513305664,0.30859375,-0.3515625,0.0859375,0.0703125,-6.7109375,-6.6171875,-0.232421875,0.345703125,-0.287109375
1874,18582907,18882907,-0.105773926,-0.916809082,0.381469727,0.0531616211,0.30859375,-0.3515625,0.0859375,0.0703125,-6.7109375,-6.6171875,-0.056640625,0.291015625,-0.220703125
1875,18589254,18889254,-0.10534668,-0.916809082,0.381225586,0.0548095703,0.19140625,-0.86328125,0.21875,0.1484375,-6.6953125,-6.6328125,-0.056640625,0.291015625,-0.220703125
1876,18604499,18904499,-0.104919434,-0.916748047,0.381286621,0.0561523438,0.19140625,-0.86328125,0.21875,0.1484375,-6.6953125,-6.6328125,0.0703125,0.1875,-0.16796875
1877,18608227,18908227,-0.104492188,-0.916687012,0.381408691,0.0571899414,-0.015625,-0.40625,0.0546875,0.203125,-6.6953125,-6.625,0.0703125,0.1875,-0.16796875
1878,18621751,18921751,-0.104125977,-0.916748047,0.381286621,0.0579223633,-0.015625,-0.40625,0.0546875,0.203125,-6.6953125,-6.625,-0.033203125,0.09375,-0.12109375
1879,18629887,18929887,-0.103820801,-0.916931152,0.38092041,0.0584716797,0.21484375,0.1015625,-0.01953125,0.2421875,-6.703125,-6.625,-0.033203125,0.09375,-0.12109375
1880,18644151,18944151,-0.10369873,-0.917114258,0.380371094,0.0587768555,0.21484375,0.1015625,-0.01953125,0.2421875,-6.703125,-6.625,-0.115234375,0.041015625,-0.025390625
1881,18647871,18947871,-0.103820801,-0.917297363,0.379882812,0.0588378906,0.19140625,-0.3359375,-0.05078125,0.265625,-6.6875,-6.6328125,-0.115234375,0.041015625,-0.025390625
1882,18665148,18965148,-0.104064941,-0.917419434,0.379577637,0.0586547852,0.19140625,-0.3359375,-0.05078125,0.265625,-6.6875,-6.6328125,-0.0546875,-0.029296875,0.07421875
1883,18669415,18969415,-0.104431152,-0.917480469,0.379455566,0.0582275391,-0.0390625,-0.8046875,0.0390625,0.265625,-6.6796875,-6.6484375,-0.0546875,-0.029296875,0.07421875
1884,18682949,18982949,-0.104858398,-0.917480469,0.379394531,0.0574951172,-0.0390625,-0.8046875,0.0390625,0.265625,-6.6796875,-6.6484375,-0.033203125,-0.111328125,0.150390625
1885,18687992,18987992,-0.105407715,-0.917480469,0.379333496,0.0565795898,-0.09375,-0.58203125,0.00390625,0.2421875,-6.671875,-6.6484375,-0.033203125,-0.111328125,0.150390625
1886,18705414,19005414,-0.106079102,-0.917541504,0.379211426,0.0554199219,-0.09375,-0.58203125,0.00390625,0.2421875,-6.671875,-6.6484375,-0.05859375,-0.16796875,0.21484375
1887,18709666,19009666,-0.106750488,-0.917602539,0.379089355,0.0540771484,0.22265625,-0.16015625,0.2421875,0.1953125,-6.671875,-6.65625,-0.05859375,-0.16796875,0.21484375
1888,18724467,19024467,-0.10760498,-0.917663574,0.37890625,0.0524902344,0.22265625,-0.16015625,0.2421875,0.1953125,-6.671875,-6.65625,-0.09375,-0.24609375,0.294921875
1889,18728198,19028198,-0.108581543,-0.917785645,0.378540039,0.0506591797,0.36328125,0.12890625,0.41015625,0.1328125,-6.65625,-6.671875,-0.09375,-0.24609375,0.294921875
1890,18743670,19043670,-0.109741211,-0.91796875,0.378051758,0.0482788086,0.36328125,0.12890625,0.41015625,0.1328125,-6.65625,-6.671875,-0.197265625,-0.353515625,0.40234375
1891,18751356,19051356,-0.111083984,-0.918273926,0.377380371,0.0456542969,0.36328125,0.4609375,0.46484375,0.0546875,-6.640625,-6.6875,-0.197265625,-0.353515625,0.40234375
1892,18762677,19062677,-0.112731934,-0.918518066,0.376525879,0.042175293,0.36328125,0.4609375,0.46484375,0.0546875,-6.640625,-6.6875,-0.259765625,-0.515625,0.576171875
1893,18767715,19067715,-0.114501953,-0.918823242,0.375793457,0.0383911133,0.21875,0.12109375,0.41796875,-0.0703125,-6.609375,-6.71875,-0.259765625,-0.515625,0.576171875
1894,18784646,19084646,-0.116455078,-0.919067383,0.374938965,0.0336303711,0.21875,0.12109375,0.41796875,-0.0703125,-6.609375,-6.71875,-0.2890625,-0.748046875,0.734375
1895,18788380,19088380,-0.118530273,-0.919250488,0.374328613,0.0285644531,0.125,-0.1875,-0.125,-0.2421875,-6.5703125,-6.75,-0.2890625,-0.748046875,0.734375
1896,18803454,19103454,-0.120910645,-0.919250488,0.373901367,0.0227661133,0.125,-0.1875,-0.125,-0.2421875,-6.5703125,-6.75,-0.19140625,-0.8984375,0.873046875
1897,18807190,19107190,-0.12322998,-0.919128418,0.373840332,0.0169067383,0.19140625,-0.30078125,-0.28515625,-0.4609375,-6.53125,-6.78125,-0.19140625,-0.8984375,0.873046875
1898,18824199,19124199,-0.125793457,-0.918823242,0.373962402,0.00982666016,0.19140625,-0.30078125,-0.28515625,-0.4609375,-6.53125,-6.78125,-0.13671875,-1.13867188,1.00390625
1899,18827926,19127926,-0.128234863,-0.918518066,0.374023438,0.00256347656,-0.08984375,0.12890625,-0.4296875,-0.71875,-6.5,-6.7890625,-0.13671875,-1.13867188,1.00390625
1900,18840972,19140972,0.13104248,0.918151855,-0.373901367,0.00634765625,-0.08984375,0.12890625,-0.4296875,-0.71875,-6.5,-6.7890625,-0.22265625,-1.359375,1.13671875
1901,18848936,19148936,0.133605957,0.917724609,-0.373779297,0.0150146484,-0.015625,-0.07421875,-0.5078125,-1.0234375,-6.453125,-6.7890625,-0.22265625,-1.359375,1.13671875
1902,18863640,19163640,0.136230469,0.917175293,-0.373596191,0.0247192383,-0.015625,-0.07421875,-0.5078125,-1.0234375,-6.453125,-6.7890625,-0.26171875,-1.67578125,1.25390625
1903,18867371,19167371,0.13873291,0.916625977,-0.373352051,0.0347290039,-0.4609375,-0.2421875,-0.859375,-1.3828125,-6.3984375,-6.78125,-0.26171875,-1.67578125,1.25390625
1904,18883365,19183365,0.141296387,0.91583252,-0.373046875,0.0462646484,-0.4609375,-0.2421875,-0.859375,-1.3828125,-6.3984375,-6.78125,-0.29296875,-1.9140625,1.31835938
1905,18887096,19187096,0.143493652,0.914916992,-0.37286377,0.0574951172,-0.89453125,-0.7421875,-1.11328125,-1.7890625,-6.3203125,-6.7578125,-0.29296875,-1.9140625,1.31835938
1906,18903048,19203048,0.145812988,0.913696289,-0.372802734,0.0701904297,-0.89453125,-0.7421875,-1.11328125,-1.7890625,-6.3203125,-6.7578125,-0.23046875,-2.13671875,1.37304688
1907,18911115,19211115,0.147949219,0.912231445,-0.373046875,0.0825805664,-0.95703125,-0.68359375,-1.16015625,-2.2265625,-6.2265625,-6.7109375,-0.23046875,-2.13671875,1.37304688
1908,18921091,19221091,0.150268555,0.91027832,-0.373535156,0.0963745117,-0.95703125,-0.68359375,-1.16015625,-2.2265625,-6.2265625,-6.7109375,-0.12890625,-2.3515625,1.45898438
1909,18926129,19226129,0.152282715,0.90826416,-0.374023438,0.109313965,-0.89453125,-0.5,-1.1015625,-2.7109375,-6.140625,-6.6171875,-0.12890625,-2.3515625,1.45898438
1910,18943017,19243017,0.15447998,0.905761719,-0.374633789,0.124023438,-0.89453125,-0.5,-1.1015625,-2.7109375,-6.140625,-6.6171875,-0.068359375,-2.44140625,1.47070312
1911,18946755,19246755,0.15637207,0.903320312,-0.375305176,0.136901855,-0.28515625,-0.48046875,-0.69140625,-3.203125,-6.046875,-6.4921875,-0.068359375,-2.44140625,1.47070312
1912,18961357,19261357,0.15838623,0.90032959,-0.376098633,0.151306152,-0.28515625,-0.48046875,-0.69140625,-3.203125,-6.046875,-6.4921875,-0.009765625,-2.45117188,1.453125
1913,18969058,19269058,0.16027832,0.897338867,-0.37689209,0.164428711,0.08203125,-0.359375,-0.77734375,-3.6875,-5.9375,-6.328125,-0.009765625,-2.45117188,1.453125
1914,18983201,19283201,0.162475586,0.893920898,-0.377685547,0.178283691,0.08203125,-0.359375,-0.77734375,-3.6875,-5.9375,-6.328125,0.03125,-2.33203125,1.45898438
1915,18988837,19288837,0.164550781,0.890686035,-0.378356934,0.190734863,-0.16796875,-0.3515625,-0.265625,-4.1640625,-5.828125,-6.1484375,0.03125,-2.33203125,1.45898438
1916,19000866,19300866,0.166809082,0.887023926,-0.37902832,0.204223633,-0.16796875,-0.3515625,-0.265625,-4.1640625,-5.828125,-6.1484375,0.03515625,-2.30078125,1.4609375
1917,19006827,19306827,0.168823242,0.883483887,-0.379577637,0.216491699,-0.296875,-0.28515625,-0.32421875,-4.609375,-5.703125,-5.9375,0.03515625,-2.30078125,1.4609375
1918,19021120,19321120,0.170837402,0.879577637,-0.380126953,0.229492188,-0.296875,-0.28515625,-0.32421875,-4.609375,-5.703125,-5.9375,0.044921875,-2.32421875,1.4375
1919,19028807,19328807,0.172668457,0.875610352,-0.380554199,0.242248535,-0.06640625,-0.15234375,-0.0078125,-5.03125,-5.5703125,-5.71875,0.044921875,-2.32421875,1.4375
1920,19044490,19344490,0.174377441,0.871398926,-0.380737305,0.255554199,-0.06640625,-0.15234375,-0.0078125,-5.03125,-5.5703125,-5.71875,-0.015625,-2.28125,1.3671875
1921,19048641,19348641,0.17590332,0.867248535,-0.38092041,0.268005371,0.32421875,-0.17578125,0.01953125,-5.4609375,-5.4296875,-5.4765625,-0.015625,-2.28125,1.3671875
1922,19062858,19362858,0.177246094,0.862976074,-0.381103516,0.280334473,0.32421875,-0.17578125,0.01953125,-5.4609375,-5.4296875,-5.4765625,-0.01171875,-2.25976562,1.29882812
1923,19066588,19366588,0.178466797,0.858703613,-0.381225586,0.292236328,0.40234375,-0.1796875,-0.0859375,-5.84375,-5.2734375,-5.21875,-0.01171875,-2.25976562,1.29882812
1924,19079574,19379574,0.17956543,0.854248047,-0.381530762,0.304016113,0.40234375,-0.1796875,-0.0859375,-5.84375,-5.2734375,-5.21875,0.0390625,-2.16992188,1.18554688
1925,19085531,19385531,0.180419922,0.849853516,-0.381835938,0.315307617,0.5625,-0.13671875,-0.16015625,-6.1953125,-5.125,-4.953125,0.0390625,-2.16992188,1.18554688
1926,19104003,19404003,0.181152344,0.845581055,-0.382080078,0.325744629,0.5625,-0.13671875,-0.16015625,-6.1953125,-5.125,-4.953125,0.04296875,-2.07421875,1.08203125
1927,19108863,19408863,0.18182373,0.841003418,-0.382385254,0.336853027,0.4921875,0.2265625,-0.05078125,-6.5078125,-4.9921875,-4.6796875,0.04296875,-2.07421875,1.08203125
1928,19123131,19423131,0.182434082,0.836547852,-0.382568359,0.347167969,0.4921875,0.2265625,-0.05078125,-6.5078125,-4.9921875,-4.6796875,0.044921875,-1.93164062,1.015625
1929,19127327,19427327,0.183105469,0.83215332,-0.3828125,0.356933594,0.75,-0.140625,0.171875,-6.8046875,-4.8515625,-4.40625,0.044921875,-1.93164062,1.015625
1930,19142469,19442469,0.183837891,0.827819824,-0.383178711,0.366271973,0.75,-0.140625,0.171875,-6.8046875,-4.8515625,-4.40625,0.111328125,-1.81835938,0.970703125
1931,19146967,19446967,0.184509277,0.823425293,-0.383605957,0.375244141,0.625,0,0.109375,-7.0625,-4.7265625,-4.1484375,0.111328125,-1.81835938,0.970703125
1932,19158632,19458632,0.185119629,0.818908691,-0.384216309,0.384094238,0.625,0,0.109375,-7.0625,-4.7265625,-4.1484375,0.173828125,-1.734375,0.857421875
1933,19164607,19464607,0.18548584,0.81451416,-0.384765625,0.392578125,0.4296875,0.3359375,0.25390625,-7.2890625,-4.6015625,-3.875,0.173828125,-1.734375,0.857421875
1934,19182556,19482556,0.185668945,0.810302734,-0.385131836,0.400695801,0.4296875,0.3359375,0.25390625,-7.2890625,-4.6015625,-3.875,0.072265625,-1.62304688,0.75390625
1935,19186274,19486274,0.185791016,0.806274414,-0.385437012,0.408447266,0.44140625,0.2734375,0.15234375,-7.4921875,-4.5,-3.6171875,0.072265625,-1.62304688,0.75390625
1936,19199203,19499203,0.185913086,0.802368164,-0.385803223,0.415649414,0.44140625,0.2734375,0.15234375,-7.4921875,-4.5,-3.6171875,0.115234375,-1.52734375,0.71875
1937,19205182,19505182,0.186096191,0.798034668,-0.386291504,0.423461914,0.57421875,0.28515625,0.13671875,-7.6640625,-4.3984375,-3.375,0.115234375,-1.52734375,0.71875
1938,19221797,19521797,0.186218262,0.794128418,-0.38671875,0.430236816,0.57421875,0.28515625,0.13671875,-7.6640625,-4.3984375,-3.375,0.134765625,-1.42773438,0.638671875
1939,19226204,19526204,0.186157227,0.790466309,-0.387207031,0.436645508,0.42578125,0.65234375,0.05078125,-7.8203125,-4.3046875,-3.1328125,0.134765625,-1.42773438,0.638671875
1940,19238244,19538244,0.185974121,0.786804199,-0.387573242,0.442871094,0.42578125,0.65234375,0.05078125,-7.8203125,-4.3046875,-3.1328125,0.072265625,-1.30859375,0.537109375
1941,19244216,19544216,0.18572998,0.78326416,-0.387878418,0.448974609,0.55078125,0.4140625,0.4453125,-7.9453125,-4.21875,-2.9140625,0.072265625,-1.30859375,0.537109375
1942,19259948,19559948,0.185668945,0.780029297,-0.388122559,0.454345703,0.55078125,0.4140625,0.4453125,-7.9453125,-4.21875,-2.9140625,0.099609375,-1.125,0.509765625
1943,19263686,19563686,0.18572998,0.776977539,-0.388366699,0.459350586,0.62890625,0.328125,0.27734375,-8.0625,-4.1328125,-2.7109375,0.099609375,-1.125,0.509765625
1944,19279435,19579435,0.18572998,0.773925781,-0.38873291,0.464172363,0.62890625,0.328125,0.27734375,-8.0625,-4.1328125,-2.7109375,0.107421875,-1.02734375,0.439453125
1945,19284979,19584979,0.185546875,0.771057129,-0.389038086,0.46875,0.18359375,0.44921875,0.3671875,-8.15625,-4.0625,-2.53125,0.107421875,-1.02734375,0.439453125
1946,19299832,19599832,0.185241699,0.768249512,-0.389282227,0.473266602,0.18359375,0.44921875,0.3671875,-8.15625,-4.0625,-2.53125,0.04296875,-0.943359375,0.353515625
1947,19303571,19603571,0.184814453,0.765808105,-0.389465332,0.477172852,0.33984375,0.26953125,0.31640625,-8.234375,-4,-2.3671875,0.04296875,-0.943359375,0.353515625
1948,19318459,19618459,0.184326172,0.763366699,-0.389770508,0.481018066,0.33984375,0.26953125,0.31640625,-8.234375,-4,-2.3671875,0.05859375,-0.845703125,0.271484375
1949,19323485,19623485,0.183776855,0.760803223,-0.390197754,0.484924316,0.40234375,0.18359375,0.27734375,-8.296875,-3.953125,-2.2109375,0.05859375,-0.845703125,0.271484375
1950,19339721,19639721,0.183105469,0.758728027,-0.390625,0.488037109,0.40234375,0.18359375,0.27734375,-8.296875,-3.953125,-2.2109375,0.048828125,-0.755859375,0.169921875
1951,19343448,19643448,0.182434082,0.756774902,-0.391052246,0.490966797,0.45703125,0.18359375,0.17578125,-8.3515625,-3.9140625,-2.0703125,0.048828125,-0.755859375,0.169921875
1952,19357945,19657945,0.181762695,0.755004883,-0.391479492,0.493591309,0.45703125,0.18359375,0.17578125,-8.3515625,-3.9140625,-2.0703125,0.03125,-0.607421875,0.123046875
1953,19363935,19663935,0.181152344,0.753417969,-0.391784668,0.496032715,0.41796875,0.703125,0.2109375,-8.390625,-3.8984375,-1.953125,0.03125,-0.607421875,0.123046875
1954,19378183,19678183,0.180664062,0.752197266,-0.391784668,0.498046875,0.41796875,0.703125,0.2109375,-8.390625,-3.8984375,-1.953125,-0.03125,-0.4296875,0.140625
1955,19383257,19683257,0.180419922,0.751220703,-0.391601562,0.499755859,0.25,0.71875,0.125,-8.4140625,-3.875,-1.8671875,-0.03125,-0.4296875,0.140625
1956,19398455,19698455,0.180358887,0.750366211,-0.391174316,0.501403809,0.25,0.71875,0.125,-8.4140625,-3.875,-1.8671875,-0.064453125,-0.265625,0.197265625
1957,19402173,19702173,0.180541992,0.749755859,-0.390686035,0.502624512,0.046875,0.23046875,0.30078125,-8.4375,-3.84375,-1.8125,-0.064453125,-0.265625,0.197265625
1958,19418977,19718977,0.181030273,0.749145508,-0.390136719,0.50378418,0.046875,0.23046875,0.30078125,-8.4375,-3.84375,-1.8125,-0.009765625,-0.146484375,0.21875
1959,19422724,19722724,0.18145752,0.748657227,-0.389831543,0.504638672,-0.31640625,0.03515625,0.34375,-8.4609375,-3.8046875,-1.78125,-0.009765625,-0.146484375,0.21875
1960,19439649,19739649,0.18170166,0.74810791,-0.389648438,0.505493164,-0.31640625,0.03515625,0.34375,-8.4609375,-3.8046875,-1.78125,0,-0.16015625,0.095703125
1961,19443391,19743391,0.181518555,0.747680664,-0.389587402,0.506225586,-0.91015625,0.3125,0.3984375,-8.4765625,-3.7734375,-1.7578125,0,-0.16015625,0.095703125
1962,19456992,19756992,0.180969238,0.747314453,-0.389587402,0.506958008,-0.91015625,0.3125,0.3984375,-8.4765625,-3.7734375,-1.7578125,-0.060546875,-0.19140625,-0.02734375
1963,19464707,19764707,0.180358887,0.747009277,-0.389587402,0.507629395,-0.859375,0.1953125,0.25390625,-8.4921875,-3.7734375,-1.7265625,-0.060546875,-0.19140625,-0.02734375
1964,19477900,19777900,0.1796875,0.746826172,-0.389587402,0.508117676,-0.859375,0.1953125,0.25390625,-8.4921875,-3.7734375,-1.7265625,-0.06640625,-0.1171875,-0.04296875
1965,19481641,19781641,0.179321289,0.746765137,-0.389526367,0.508422852,-0.40625,0.08203125,0.2734375,-8.484375,-3.7734375,-1.7109375,-0.06640625,-0.1171875,-0.04296875
1966,19498027,19798027,0.179199219,0.746826172,-0.389282227,0.508483887,-0.40625,0.08203125,0.2734375,-8.484375,-3.7734375,-1.7109375,-0.046875,0.0390625,0.015625
1967,19501779,19801779,0.179260254,0.747070312,-0.389038086,0.508300781,-0.21484375,0.04296875,0.3046875,-8.484375,-3.7734375,-1.703125,-0.046875,0.0390625,0.015625
1968,19515543,19815543,0.179626465,0.747497559,-0.38873291,0.507873535,-0.21484375,0.04296875,0.3046875,-8.484375,-3.7734375,-1.703125,-0.0234375,0.162109375,0.033203125
1969,19521966,19821966,0.179992676,0.747924805,-0.388427734,0.507263184,-0.40625,-0.0390625,0.25390625,-8.484375,-3.765625,-1.7265625,-0.0234375,0.162109375,0.033203125
1970,19536885,19836885,0.180297852,0.748474121,-0.388183594,0.506591797,-0.40625,-0.0390625,0.25390625,-8.484375,-3.765625,-1.7265625,-0.02734375,0.185546875,-0.013671875
1971,19541942,19841942,0.180480957,0.748962402,-0.387939453,0.50592041,-0.55859375,0.14453125,0.27734375,-8.484375,-3.7578125,-1.75,-0.02734375,0.185546875,-0.013671875
1972,19557126,19857126,0.180603027,0.749572754,-0.387756348,0.505126953,-0.55859375,0.14453125,0.27734375,-8.484375,-3.7578125,-1.75,-0.0390625,0.1796875,-0.05078125
1973,19563694,19863694,0.180664062,0.75012207,-0.387573242,0.504455566,-0.4140625,0.14453125,0.27734375,-8.4765625,-3.7578125,-1.7890625,-0.0390625,0.1796875,-0.05078125
1974,19577049,19877049,0.180664062,0.750793457,-0.387390137,0.503540039,-0.4140625,0.14453125,0.27734375,-8.4765625,-3.7578125,-1.7890625,-0.046875,0.21484375,-0.0625
1975,19580803,19880803,0.180786133,0.751525879,-0.387145996,0.502624512,-0.23828125,0.12109375,0.23046875,-8.4609375,-3.7734375,-1.8203125,-0.046875,0.21484375,-0.0625
1976,19596424,19896424,0.181152344,0.752441406,-0.386779785,0.501403809,-0.23828125,0.12109375,0.23046875,-8.4609375,-3.7734375,-1.8203125,-0.046875,0.341796875,-0.041015625
1977,19602403,19902403,0.18157959,0.753540039,-0.386352539,0.49987793,0.0546875,0.08203125,0.27734375,-8.4453125,-3.7734375,-1.8671875,-0.046875,0.341796875,-0.041015625
1978,19617156,19917156,0.182250977,0.754882812,-0.385803223,0.498046875,0.0546875,0.08203125,0.27734375,-8.4453125,-3.7734375,-1.8671875,-0.05078125,0.521484375,-0.046875
1979,19620915,19920915,0.182922363,0.756408691,-0.385253906,0.49597168,0.19140625,0.12890625,0.31640625,-8.4296875,-3.78125,-1.9453125,-0.05078125,0.521484375,-0.046875
1980,19635760,19935760,0.183654785,0.758361816,-0.384643555,0.493164062,0.19140625,0.12890625,0.31640625,-8.4296875,-3.78125,-1.9453125,-0.07421875,0.712890625,-0.140625
1981,19641739,19941739,0.184204102,0.760498047,-0.384094238,0.49005127,0.3515625,0.18359375,0.234375,-8.3984375,-3.796875,-2.0546875,-0.07421875,0.712890625,-0.140625
1982,19655170,19955170,0.184692383,0.763000488,-0.383605957,0.48638916,0.3515625,0.18359375,0.234375,-8.3984375,-3.796875,-2.0546875,-0.08203125,0.900390625,-0.29296875
1983,19662898,19962898,0.185058594,0.765625,-0.383300781,0.48236084,0.49609375,0.2421875,0.3359375,-8.3515625,-3.8203125,-2.1953125,-0.08203125,0.900390625,-0.29296875
1984,19676210,19976210,0.18536377,0.768798828,-0.382995605,0.477416992,0.49609375,0.2421875,0.3359375,-8.3515625,-3.8203125,-2.1953125,-0.072265625,1.11328125,-0.44140625
1985,19682570,19982570,0.18560791,0.772033691,-0.382751465,0.472229004,0.76171875,0.18359375,0.39453125,-8.2734375,-3.875,-2.3671875,-0.072265625,1.11328125,-0.44140625
1986,19695682,19995682,0.185852051,0.775756836,-0.382568359,0.466186523,0.76171875,0.18359375,0.39453125,-8.2734375,-3.875,-2.3671875,-0.052734375,1.32617188,-0.55859375
1987,19701683,20001683,0.186096191,0.779602051,-0.382446289,0.459655762,0.73828125,0.078125,0.328125,-8.171875,-3.9609375,-2.5703125,-0.052734375,1.32617188,-0.55859375
1988,19715868,20015868,0.186340332,0.783569336,-0.382507324,0.452758789,0.73828125,0.078125,0.328125,-8.171875,-3.9609375,-2.5703125,0,1.5390625,-0.68359375
1989,19722231,20022231,0.186584473,0.787597656,-0.38269043,0.44543457,0.7265625,-0.01953125,0.1796875,-8.046875,-4.0546875,-2.8046875,0,1.5390625,-0.68359375
1990,19734062,20034062,0.186767578,0.792175293,-0.383117676,0.436767578,0.7265625,-0.01953125,0.1796875,-8.046875,-4.0546875,-2.8046875,0.0625,1.73828125,-0.853515625
1991,19740586,20040586,0.186767578,0.79675293,-0.383728027,0.42791748,0.44921875,0.15234375,0.28515625,-7.8828125,-4.1875,-3.0625,0.0625,1.73828125,-0.853515625
1992,19757532,20057532,0.186645508,0.801391602,-0.384521484,0.418457031,0.44921875,0.15234375,0.28515625,-7.8828125,-4.1875,-3.0625,0.123046875,1.90625,-1.02539062
1993,19761266,20061266,0.186401367,0.805908203,-0.385375977,0.408996582,0.3671875,0.22265625,0.0234375,-7.6875,-4.3359375,-3.3359375,0.123046875,1.90625,-1.02539062
1994,19776290,20076290,0.185974121,0.810974121,-0.386352539,0.398071289,0.3671875,0.22265625,0.0234375,-7.6875,-4.3359375,-3.3359375,0.134765625,2.05273438,-1.15820312
1995,19780046,20080046,0.18548584,0.815734863,-0.387145996,0.387634277,0.515625,0.51171875,-0.1171875,-7.453125,-4.5078125,-3.6171875,0.134765625,2.05273438,-1.15820312
1996,19793968,20093968,0.184875488,0.820739746,-0.388000488,0.376464844,0.515625,0.51171875,-0.1171875,-7.453125,-4.5078125,-3.6171875,0.12109375,2.19335938,-1.24804688
1997,19801267,20101267,0.184143066,0.82598877,-0.388793945,0.364257812,0.52734375,0.53515625,-0.203125,-7.1953125,-4.6875,-3.9140625,0.12109375,2.19335938,-1.24804688
1998,19816040,20116040,0.183349609,0.831115723,-0.389587402,0.351989746,0.52734375,0.53515625,-0.203125,-7.1953125,-4.6875,-3.9140625,0.134765625,2.3359375,-1.34570312
1999,19820349,20120349,0.182617188,0.8359375,-0.390380859,0.339904785,0.55078125,0.1171875,-0.20703125,-6.875,-4.8828125,-4.21875,0.134765625,2.3359375,-1.34570312
2000,19835820,20135820,0.181762695,0.841064453,-0.391296387,0.326293945,0.55078125,0.1171875,-0.20703125,-6.875,-4.8828125,-4.21875,0.205078125,2.44921875,-1.4296875
2001,19839545,20139545,0.180847168,0.845703125,-0.392333984,0.313293457,0.0859375,0.015625,-0.09375,-6.5234375,-5.0859375,-4.5234375,0.205078125,2.44921875,-1.4296875
2002,19853583,20153583,0.1796875,0.850402832,-0.393554688,0.299377441,0.0859375,0.015625,-0.09375,-6.5234375,-5.0859375,-4.5234375,0.287109375,2.48046875,-1.546875
2003,19859572,20159572,0.178161621,0.855041504,-0.394836426,0.28503418,-0.4140625,0.2578125,-0.30078125,-6.140625,-5.2890625,-4.8125,0.287109375,2.48046875,-1.546875
2004,19873481,20173481,0.176269531,0.859375,-0.395812988,0.271606445,-0.4140625,0.2578125,-0.30078125,-6.140625,-5.2890625,-4.8125,0.158203125,2.48046875,-1.69140625
2005,19879456,20179456,0.173828125,0.864196777,-0.396179199,0.256896973,-0.7109375,0.46875,-0.07421875,-5.7265625,-5.5,-5.078125,0.158203125,2.48046875,-1.69140625
2006,19892528,20192528,0.171325684,0.868774414,-0.395812988,0.243347168,-0.7109375,0.46875,-0.07421875,-5.7265625,-5.5,-5.078125,-0.166015625,2.50390625,-1.72070312
2007,19899818,20199818,0.168518066,0.873779297,-0.394714355,0.228759766,-0.7421875,0.234375,-0.18359375,-5.2734375,-5.6875,-5.3515625,-0.166015625,2.50390625,-1.72070312
2008,19916832,20216832,0.165893555,0.878540039,-0.393127441,0.21484375,-0.7421875,0.234375,-0.18359375,-5.2734375,-5.6875,-5.3515625,-0.326171875,2.49804688,-1.61523438
2009,19920564,20220564,0.163513184,0.8828125,-0.391418457,0.201599121,-0.90625,-0.31640625,-0.24609375,-4.8046875,-5.828125,-5.6328125,-0.326171875,2.49804688,-1.61523438
2010,19932224,20232224,0.161132812,0.887145996,-0.389648438,0.187438965,-0.90625,-0.31640625,-0.24609375,-4.8046875,-5.828125,-5.6328125,-0.2578125,2.52734375,-1.58789062
2011,19938751,20238751,0.158752441,0.891235352,-0.388000488,0.172973633,-0.68359375,-1.0859375,-0.984375,-4.3359375,-5.9375,-5.890625,-0.2578125,2.52734375,-1.58789062
2012,19953881,20253881,0.156799316,0.894592285,-0.38684082,0.159667969,-0.68359375,-1.0859375,-0.984375,-4.3359375,-5.9375,-5.890625,-0.056640625,2.48828125,-1.50195312
2013,19958920,20258920,0.154846191,0.897705078,-0.386169434,0.145080566,-0.82421875,-1.17578125,-1.02734375,-3.8515625,-6.0390625,-6.1171875,-0.056640625,2.48828125,-1.50195312
2014,19973450,20273450,0.153015137,0.900146484,-0.386169434,0.131225586,-0.82421875,-1.17578125,-1.02734375,-3.8515625,-6.0390625,-6.1171875,0.234375,2.30078125,-1.43554688
2015,19978500,20278500,0.151062012,0.902038574,-0.386535645,0.118652344,-0.78125,-0.515625,-0.203125,-3.359375,-6.1640625,-6.2890625,0.234375,2.30078125,-1.43554688
2016,19994436,20294436,0.148498535,0.903808594,-0.387145996,0.105895996,-0.78125,-0.515625,-0.203125,-3.359375,-6.1640625,-6.2890625,0.328125,2.015625,-1.51367188
2017,19999480,20299480,0.145690918,0.905212402,-0.387878418,0.094543457,-0.5078125,0.19140625,-0.1484375,-2.90625,-6.296875,-6.3828125,0.328125,2.015625,-1.51367188
2018,20013576,20313576,0.142333984,0.906677246,-0.388366699,0.0829467773,-0.5078125,0.19140625,-0.1484375,-2.90625,-6.296875,-6.3828125,0.1953125,1.72460938,-1.49414062
2019,20018670,20318670,0.138916016,0.908203125,-0.388061523,0.0724487305,0.296875,0.64453125,-0.5390625,-2.484375,-6.40625,-6.453125,0.1953125,1.72460938,-1.49414062
2020,20031597,20331597,0.135803223,0.909973145,-0.386779785,0.0629882812,0.296875,0.64453125,-0.5390625,-2.484375,-6.40625,-6.453125,-0.216796875,1.64453125,-1.36523438
2021,20039234,20339234,0.132873535,0.911682129,-0.385131836,0.0529174805,0.7890625,0.171875,-0.49609375,-2.09375,-6.46875,-6.53125,-0.216796875,1.64453125,-1.36523438
2022,20052940,20352940,0.13067627,0.912963867,-0.384216309,0.0430297852,0.7890625,0.171875,-0.49609375,-2.09375,-6.46875,-6.53125,0.107421875,1.70117188,-1.12304688
2023,20057987,20357987,0.12902832,0.913513184,-0.384399414,0.0329589844,0.328125,-1.25390625,-0.45703125,-1.7109375,-6.5,-6.609375,0.107421875,1.70117188,-1.12304688
2024,20073432,20373432,0.127258301,0.913513184,-0.385742188,0.0230102539,0.328125,-1.25390625,-0.45703125,-1.7109375,-6.5,-6.609375,0.615234375,1.5625,-1.09960938
2025,20078458,20378458,0.124816895,0.913146973,-0.387817383,0.013671875,-0.57421875,-0.90625,0.38671875,-1.34375,-6.578125,-6.609375,0.615234375,1.5625,-1.09960938
2026,20092460,20392460,0.121704102,0.912963867,-0.389465332,0.005859375,-0.57421875,-0.90625,0.38671875,-1.34375,-6.578125,-6.609375,0.408203125,1.08789062,-1.24609375
2027,20098852,20398852,-0.118103027,-0.913330078,0.389770508,0.00122070312,-0.09765625,2.26171875,0.4921875,-1.015625,-6.6796875,-6.5625,0.408203125,1.08789062,-1.24609375
2028,20113723,20413723,-0.114562988,-0.914428711,0.388183594,0.00720214844,-0.09765625,2.26171875,0.4921875,-1.015625,-6.6796875,-6.5625,-0.443359375,0.814453125,-1.0703125
2029,20117444,20417444,-0.111877441,-0.916015625,0.385070801,0.0121459961,0.73046875,3.1640625,0.36328125,-0.734375,-6.703125,-6.5859375,-0.443359375,0.814453125,-1.0703125
2030,20133648,20433648,-0.110046387,-0.91784668,0.38104248,0.0171508789,0.73046875,3.1640625,0.36328125,-0.734375,-6.703125,-6.5859375,-0.69140625,0.83984375,-0.6328125
2031,20137443,20437443,-0.109130859,-0.919006348,0.378295898,0.0217285156,1.1640625,-0.62890625,-0.2265625,-0.515625,-6.625,-6.6875,-0.69140625,0.83984375,-0.6328125
2032,20154992,20454992,-0.108642578,-0.919494629,0.37689209,0.0268554688,1.1640625,-0.62890625,-0.2265625,-0.515625,-6.625,-6.6875,-0.00390625,0.908203125,-0.44921875
2033,20158712,20458712,-0.108337402,-0.919494629,0.376586914,0.0314941406,0.44140625,-1.09765625,0.35546875,-0.328125,-6.578125,-6.734375,-0.00390625,0.908203125,-0.44921875
2034,20172931,20472931,-0.108093262,-0.919433594,0.376403809,0.0360107422,0.44140625,-1.09765625,0.35546875,-0.328125,-6.578125,-6.734375,0.03515625,0.734375,-0.365234375
2035,20179375,20479375,-0.107727051,-0.919555664,0.375854492,0.0396118164,0.24609375,-0.24609375,1.4296875,-0.171875,-6.5859375,-6.734375,0.03515625,0.734375,-0.365234375
2036,20191467,20491467,-0.10736084,-0.919921875,0.374816895,0.0422973633,0.24609375,-0.24609375,1.4296875,-0.171875,-6.5859375,-6.734375,-0.20703125,0.396484375,-0.24609375
2037,20201644,20501644,-0.107055664,-0.920349121,0.373657227,0.0440673828,0.2421875,-0.109375,0.9375,-0.0546875,-6.5703125,-6.7421875,-0.20703125,0.396484375,-0.24609375
2038,20210443,20510443,-0.106628418,-0.920715332,0.372619629,0.0454101562,0.2421875,-0.109375,0.9375,-0.0546875,-6.5703125,-6.7421875,-0.140625,0.189453125,-0.173828125
2039,20218305,20518305,-0.106079102,-0.920898438,0.372192383,0.0463867188,0.2890625,-0.8203125,-0.33203125,0.015625,-6.546875,-6.7734375,-0.140625,0.189453125,-0.173828125
2040,20232470,20532470,-0.105285645,-0.920898438,0.372314453,0.0473022461,0.2890625,-0.8203125,-0.33203125,0.015625,-6.546875,-6.7734375,0.078125,0.08984375,-0.240234375
2041,20241490,20541490,-0.104431152,-0.920959473,0.372314453,0.0482788086,0.171875,-0.5546875,-1.09765625,0.0546875,-6.546875,-6.7734375,0.078125,0.08984375,-0.240234375
2042,20250286,20550286,-0.103759766,-0.921081543,0.372009277,0.0497436523,0.171875,-0.5546875,-1.09765625,0.0546875,-6.546875,-6.7734375,-0.0625,0.248046875,-0.205078125
2043,20257693,20557693,-0.103393555,-0.921203613,0.371643066,0.0511474609,0.22265625,-0.4375,-1.05859375,0.1171875,-6.546875,-6.7734375,-0.0625,0.248046875,-0.205078125
2044,20271616,20571616,-0.103210449,-0.921081543,0.371643066,0.0526123047,0.22265625,-0.4375,-1.05859375,0.1171875,-6.546875,-6.7734375,0.08203125,0.248046875,-0.1328125
2045,20280626,20580626,-0.102966309,-0.920898438,0.372070312,0.0540161133,-0.17578125,-1.703125,-0.67578125,0.171875,-6.546875,-6.7734375,0.08203125,0.248046875,-0.1328125
2046,20294501,20594501,-0.102661133,-0.920593262,0.372619629,0.0553588867,-0.17578125,-1.703125,-0.67578125,0.171875,-6.546875,-6.7734375,0.177734375,0.189453125,-0.15234375
2047,20298967,20598967,-0.102233887,-0.920349121,0.373168945,0.0564575195,-0.26953125,-0.76953125,-0.27734375,0.2265625,-6.5625,-6.75,0.177734375,0.189453125,-0.15234375
2048,20312529,20612529,-0.101745605,-0.920227051,0.373474121,0.0574951172,-0.26953125,-0.76953125,-0.27734375,0.2265625,-6.5625,-6.75,0.044921875,0.138671875,-0.171875
2049,20316259,20616259,-0.101196289,-0.920227051,0.373474121,0.0584106445,0.19140625,-0.25390625,-0.02734375,0.265625,-6.578125,-6.734375,0.044921875,0.138671875,-0.171875
2050,20330743,20630743,-0.100708008,-0.920288086,0.373352051,0.059387207,0.19140625,-0.25390625,-0.02734375,0.265625,-6.578125,-6.734375,-0.009765625,0.140625,-0.154296875
2051,20336737,20636737,-0.100402832,-0.920349121,0.373168945,0.0603027344,0.45703125,0.08984375,0.39453125,0.3046875,-6.578125,-6.734375,-0.009765625,0.140625,-0.154296875
2052,20351020,20651020,-0.100280762,-0.920288086,0.37322998,0.0610351562,0.45703125,0.08984375,0.39453125,0.3046875,-6.578125,-6.734375,0.05078125,0.11328125,-0.05078125
2053,20359647,20659647,-0.100280762,-0.920166016,0.373474121,0.0614624023,0.46484375,-0.0234375,0.6953125,0.3359375,-6.578125,-6.7265625,0.05078125,0.11328125,-0.05078125
2054,20371265,20671265,-0.100463867,-0.91998291,0.373840332,0.0615234375,0.46484375,-0.0234375,0.6953125,0.3359375,-6.578125,-6.7265625,0.06640625,-0.021484375,0.06640625
2055,20377808,20677808,-0.100769043,-0.919921875,0.374023438,0.0610351562,0.265625,0.61328125,0.9921875,0.34375,-6.6015625,-6.71875,0.06640625,-0.021484375,0.06640625
2056,20391196,20691196,-0.101257324,-0.91998291,0.373840332,0.0599975586,0.265625,0.61328125,0.9921875,0.34375,-6.6015625,-6.71875,-0.109375,-0.1953125,0.193359375
2057,20399422,20699422,-0.101867676,-0.920227051,0.373291016,0.0584106445,0.4140625,0.83203125,0.9609375,0.3125,-6.59375,-6.7265625,-0.109375,-0.1953125,0.193359375
2058,20411616,20711616,-0.102722168,-0.920654297,0.372375488,0.0564575195,0.4140625,0.83203125,0.9609375,0.3125,-6.59375,-6.7265625,-0.298828125,-0.32421875,0.3203125
2059,20416678,20716678,-0.103759766,-0.921081543,0.371337891,0.0540161133,0.484375,0.50390625,0.83203125,0.2421875,-6.5703125,-6.75,-0.298828125,-0.32421875,0.3203125
2060,20431549,20731549,-0.105041504,-0.921508789,0.370300293,0.0509643555,0.484375,0.50390625,0.83203125,0.2421875,-6.5703125,-6.75,-0.263671875,-0.46875,0.45703125
2061,20438365,20738365,-0.106384277,-0.921875,0.369506836,0.0477905273,0.35546875,0.12109375,0.41015625,0.140625,-6.53125,-6.7890625,-0.263671875,-0.46875,0.45703125
2062,20449351,20749351,-0.108154297,-0.922241211,0.368591309,0.0440063477,0.35546875,0.12109375,0.41015625,0.140625,-6.53125,-6.7890625,-0.28515625,-0.5625,0.603515625
2063,20455880,20755880,-0.110046387,-0.922546387,0.367736816,0.0399169922,0.1875,-0.109375,0.10546875,0,-6.4921875,-6.828125,-0.28515625,-0.5625,0.603515625
2064,20471692,20771692,-0.112060547,-0.922790527,0.366943359,0.0354003906,0.1875,-0.109375,0.10546875,0,-6.4921875,-6.828125,-0.283203125,-0.69921875,0.73046875
2065,20478406,20778406,-0.114196777,-0.922973633,0.366210938,0.0306396484,0.0234375,-0.11328125,-0.16796875,-0.1796875,-6.453125,-6.859375,-0.283203125,-0.69921875,0.73046875
2066,20491242,20791242,-0.116699219,-0.923156738,0.365478516,0.0252075195,0.0234375,-0.11328125,-0.16796875,-0.1796875,-6.453125,-6.859375,-0.271484375,-0.806640625,0.84375
2067,20496305,20796305,-0.11907959,-0.923156738,0.364929199,0.0198364258,0.1796875,-0.11328125,-0.12890625,-0.375,-6.4140625,-6.8984375,-0.271484375,-0.806640625,0.84375
2068,20508933,20808933,-0.121826172,-0.923095703,0.364440918,0.013671875,0.1796875,-0.11328125,-0.12890625,-0.375,-6.4140625,-6.8984375,-0.240234375,-0.94921875,0.962890625
2069,20516220,20816220,-0.124694824,-0.922973633,0.364013672,0.00695800781,0.3671875,0.03125,0.03125,-0.6015625,-6.3671875,-6.90625,-0.240234375,-0.94921875,0.962890625
2070,20528180,20828180,-0.127624512,-0.922790527,0.363586426,0.000183105469,0.3671875,0.03125,0.03125,-0.6015625,-6.3671875,-6.90625,-0.22265625,-1.08984375,1.08789062
2071,20536060,20836060,0.13067627,0.922485352,-0.36315918,0.00750732422,0.56640625,0.140625,0.12109375,-0.875,-6.3203125,-6.921875,-0.22265625,-1.08984375,1.08789062
2072,20549167,20849167,0.133605957,0.922119141,-0.362670898,0.0157470703,0.56640625,0.140625,0.12109375,-0.875,-6.3203125,-6.921875,-0.283203125,-1.4375,1.23242188
2073,20557362,20857362,0.136779785,0.921569824,-0.362426758,0.0255737305,-0.1875,-0.95703125,-0.48046875,-1.1953125,-6.2578125,-6.9296875,-0.283203125,-1.4375,1.23242188
2074,20569675,20869675,0.139831543,0.920715332,-0.362609863,0.0357666016,-0.1875,-0.95703125,-0.48046875,-1.1953125,-6.2578125,-6.9296875,-0.140625,-1.7578125,1.33984375
2075,20574724,20874724,0.14263916,0.919555664,-0.363098145,0.0466918945,-0.609375,-1.328125,-0.49609375,-1.578125,-6.1953125,-6.9140625,-0.140625,-1.7578125,1.33984375
2076,20589574,20889574,0.145202637,0.918212891,-0.363891602,0.0581054688,-0.609375,-1.328125,-0.49609375,-1.578125,-6.1953125,-6.9140625,-0.04296875,-2.08984375,1.37695312
2077,20596219,20896219,0.147705078,0.916503906,-0.364929199,0.0709838867,-0.71484375,-0.921875,-0.359375,-2.0078125,-6.140625,-6.859375,-0.04296875,-2.08984375,1.37695312
2078,20609820,20909820,0.149902344,0.914672852,-0.366027832,0.0831298828,-0.71484375,-0.921875,-0.359375,-2.0078125,-6.140625,-6.859375,0.01171875,-2.27539062,1.40039062
2079,20614087,20914087,0.152099609,0.912414551,-0.367492676,0.0966186523,-0.40625,-0.76171875,-0.38671875,-2.46875,-6.0703125,-6.7578125,0.01171875,-2.27539062,1.40039062
2080,20629422,20929422,0.154296875,0.909606934,-0.36932373,0.111206055,-0.40625,-0.76171875,-0.38671875,-2.46875,-6.0703125,-6.7578125,0.1484375,-2.50976562,1.44921875
2081,20635229,20935229,0.156311035,0.906799316,-0.37097168,0.125061035,-0.16796875,0.0546875,-0.7265625,-2.9765625,-6.0078125,-6.609375,0.1484375,-2.50976562,1.44921875
2082,20647982,20947982,0.15814209,0.903991699,-0.372192383,0.138916016,-0.16796875,0.0546875,-0.7265625,-2.9765625,-6.0078125,-6.609375,0.005859375,-2.51757812,1.4375
2083,20654863,20954863,0.159912109,0.901000977,-0.373168945,0.152770996,0.1328125,0.359375,-0.62109375,-3.46875,-5.9296875,-6.4453125,0.005859375,-2.51757812,1.4375
2084,20669305,20969305,0.161682129,0.897949219,-0.374023438,0.166381836,0.1328125,0.359375,-0.62109375,-3.46875,-5.9296875,-6.4453125,0.013671875,-2.41015625,1.38085938
2085,20675209,20975209,0.163330078,0.894592285,-0.374938965,0.180053711,-0.2265625,-0.0546875,-0.6171875,-3.953125,-5.8203125,-6.2578125,0.013671875,-2.41015625,1.38085938
2086,20689186,20989186,0.164672852,0.891540527,-0.375732422,0.192138672,-0.2265625,-0.0546875,-0.6171875,-3.953125,-5.8203125,-6.2578125,0.029296875,-2.3515625,1.28125
2087,20695225,20995225,0.165893555,0.888122559,-0.376525879,0.204772949,-0.32421875,-0.04296875,-0.62109375,-4.390625,-5.71875,-6.0625,0.029296875,-2.3515625,1.28125
2088,20711698,21011698,0.167175293,0.884399414,-0.377319336,0.218017578,-0.32421875,-0.04296875,-0.62109375,-4.390625,-5.71875,-6.0625,0.025390625,-2.3125,1.24023438
2089,20717586,21017586,0.168273926,0.880859375,-0.377990723,0.230102539,-0.35546875,-0.15234375,-0.49609375,-4.8203125,-5.609375,-5.84375,0.025390625,-2.3125,1.24023438
2090,20728199,21028199,0.169372559,0.876953125,-0.378540039,0.242797852,-0.35546875,-0.15234375,-0.49609375,-4.8203125,-5.609375,-5.84375,0.001953125,-2.30664062,1.23242188
2091,20734570,21034570,0.170349121,0.873046875,-0.37902832,0.255249023,-0.4140625,0,-0.38671875,-5.21875,-5.4921875,-5.609375,0.001953125,-2.30664062,1.23242188
2092,20747397,21047397,0.171264648,0.86895752,-0.379455566,0.26751709,-0.4140625,0,-0.38671875,-5.21875,-5.4921875,-5.609375,0.03125,-2.29492188,1.1953125
2093,20756791,21056791,0.172119141,0.864807129,-0.379943848,0.279541016,-0.484375,-0.0546875,-0.4453125,-5.609375,-5.359375,-5.359375,0.03125,-2.29492188,1.1953125
2094,20767768,21067768,0.172912598,0.860717773,-0.380249023,0.29095459,-0.484375,-0.0546875,-0.4453125,-5.609375,-5.359375,-5.359375,0.0078125,-2.23828125,1.15820312
2095,20773917,21073917,0.17364502,0.856201172,-0.380615234,0.303222656,-0.44140625,0.34765625,-0.39453125,-5.9609375,-5.2265625,-5.1015625,0.0078125,-2.23828125,1.15820312
2096,20788519,21088519,0.174255371,0.851745605,-0.380859375,0.314819336,-0.44140625,0.34765625,-0.39453125,-5.9609375,-5.2265625,-5.1015625,0.017578125,-2.2265625,1.12695312
2097,20796350,21096350,0.174804688,0.847106934,-0.38104248,0.326599121,-0.5546875,0.3203125,-0.33203125,-6.3046875,-5.0859375,-4.8203125,0.017578125,-2.2265625,1.12695312
2098,20808278,21108278,0.175354004,0.842651367,-0.38104248,0.337646484,-0.5546875,0.3203125,-0.33203125,-6.3046875,-5.0859375,-4.8203125,-0.01953125,-2.1171875,1.08984375
2099,20813335,21113335,0.175842285,0.838317871,-0.380859375,0.348205566,-0.234375,0.14453125,-0.22265625,-6.625,-4.9453125,-4.546875,-0.01953125,-2.1171875,1.08984375
2100,20828158,21128158,0.176330566,0.833496094,-0.38067627,0.35949707,-0.234375,0.14453125,-0.22265625,-6.625,-4.9453125,-4.546875,0,-2.11914062,1.08398438
2101,20833224,21133224,0.176818848,0.828552246,-0.380737305,0.370483398,-0.20703125,-0.46484375,-0.16015625,-6.921875,-4.796875,-4.265625,0,-2.11914062,1.08398438
2102,20848812,21148812,0.177185059,0.823608398,-0.381164551,0.38079834,-0.20703125,-0.46484375,-0.16015625,-6.921875,-4.796875,-4.265625,0.142578125,-2.06835938,0.96484375
2103,20852557,21152557,0.177368164,0.818786621,-0.381713867,0.390380859,0.13671875,-0.109375,-0.2734375,-7.1875,-4.65625,-3.9609375,0.142578125,-2.06835938,0.96484375
2104,20872182,21172182,0.177429199,0.813537598,-0.382385254,0.40057373,0.13671875,-0.109375,-0.2734375,-7.1875,-4.65625,-3.9609375,0.1328125,-1.93554688,0.841796875
2105,20876307,21176307,0.177368164,0.808837891,-0.382873535,0.409545898,0.34765625,0.50390625,-0.0859375,-7.4375,-4.5390625,-3.6484375,0.1328125,-1.93554688,0.841796875
2106,20887314,21187314,0.177062988,0.804382324,-0.383056641,0.418212891,0.34765625,0.50390625,-0.0859375,-7.4375,-4.5390625,-3.6484375,0.021484375,-1.78710938,0.755859375
2107,20895113,21195113,0.176757812,0.799865723,-0.383117676,0.426818848,0.3515625,0.43359375,0.0625,-7.6328125,-4.4296875,-3.375,0.021484375,-1.78710938,0.755859375
2108,20907843,21207843,0.176513672,0.795654297,-0.382995605,0.434814453,0.3515625,0.43359375,0.0625,-7.6328125,-4.4296875,-3.375,0.009765625,-1.63671875,0.74609375
2109,20915231,21215231,0.176513672,0.791564941,-0.382995605,0.442199707,0.41796875,0.046875,0.140625,-7.8125,-4.3125,-3.109375,0.009765625,-1.63671875,0.74609375
2110,20926682,21226682,0.176635742,0.787231445,-0.383178711,0.449707031,0.41796875,0.046875,0.140625,-7.8125,-4.3125,-3.109375,0.12890625,-1.45507812,0.67578125
2111,20933609,21233609,0.176818848,0.78338623,-0.383483887,0.456054688,0.37109375,-0.0234375,0.16015625,-7.9609375,-4.203125,-2.859375,0.12890625,-1.45507812,0.67578125
2112,20950405,21250405,0.176940918,0.779296875,-0.383728027,0.46270752,0.37109375,-0.0234375,0.16015625,-7.9609375,-4.203125,-2.859375,0.103515625,-1.30078125,0.595703125
2113,20954016,21254016,0.177001953,0.775695801,-0.383911133,0.468566895,0.4296875,0.2265625,0.34765625,-8.09375,-4.109375,-2.625,0.103515625,-1.30078125,0.595703125
2114,20969074,21269074,0.176940918,0.772277832,-0.384155273,0.473999023,0.4296875,0.2265625,0.34765625,-8.09375,-4.109375,-2.625,0.095703125,-1.14257812,0.48828125
2115,20972702,21272702,0.176818848,0.769226074,-0.384399414,0.478820801,0.37890625,0.33203125,0.21875,-8.1953125,-4.0234375,-2.421875,0.095703125,-1.14257812,0.48828125
2116,20985460,21285460,0.176452637,0.766113281,-0.38458252,0.483764648,0.37890625,0.33203125,0.21875,-8.1953125,-4.0234375,-2.421875,0.05859375,-1.0078125,0.37109375
2117,20993207,21293207,0.176086426,0.763305664,-0.384765625,0.48815918,0.5390625,0.26953125,0.22265625,-8.28125,-3.9609375,-2.234375,0.05859375,-1.0078125,0.37109375
2118,21006149,21306149,0.17578125,0.760742188,-0.38494873,0.492126465,0.5390625,0.26953125,0.22265625,-8.28125,-3.9609375,-2.234375,0.046875,-0.859375,0.330078125
2119,21013226,21313226,0.175537109,0.758361816,-0.385070801,0.495849609,0.45703125,0.29296875,0.3671875,-8.3515625,-3.90625,-2.0703125,0.046875,-0.859375,0.330078125
2120,21026164,21326164,0.175292969,0.756164551,-0.385192871,0.499084473,0.45703125,0.29296875,0.3671875,-8.3515625,-3.90625,-2.0703125,0.05859375,-0.736328125,0.28515625
2121,21033977,21333977,0.175109863,0.75390625,-0.385498047,0.502380371,0.42578125,-0.0625,0.28125,-8.3984375,-3.859375,-1.9453125,0.05859375,-0.736328125,0.28515625
2122,21045380,21345380,0.174926758,0.75177002,-0.385925293,0.505249023,0.42578125,-0.0625,0.28125,-8.3984375,-3.859375,-1.9453125,0.12109375,-0.658203125,0.1953125
2123,21052731,21352731,0.174621582,0.74987793,-0.386474609,0.5078125,0.3203125,0.359375,0.18359375,-8.4453125,-3.8203125,-1.8125,0.12109375,-0.658203125,0.1953125
2124,21066047,21366047,0.174072266,0.748168945,-0.387023926,0.510131836,0.3203125,0.359375,0.18359375,-8.4453125,-3.8203125,-1.8125,0.064453125,-0.546875,0.083984375
2125,21072209,21372209,0.173461914,0.746643066,-0.387512207,0.512145996,0.359375,0.296875,0.11328125,-8.484375,-3.796875,-1.703125,0.064453125,-0.546875,0.083984375
2126,21086085,21386085,0.172851562,0.745300293,-0.387939453,0.513977051,0.359375,0.296875,0.11328125,-8.484375,-3.796875,-1.703125,0.0234375,-0.447265625,0.03515625
2127,21092074,21392074,0.172241211,0.744140625,-0.388244629,0.515563965,0.3359375,0.17578125,0.10546875,-8.5,-3.7890625,-1.6171875,0.0234375,-0.447265625,0.03515625
2128,21105487,21405487,0.171813965,0.743164062,-0.38861084,0.516845703,0.3359375,0.17578125,0.10546875,-8.5,-3.7890625,-1.6171875,0.052734375,-0.291015625,0.05078125
2129,21112215,21412215,0.17175293,0.742431641,-0.38885498,0.51776123,0.5078125,0.01171875,0.109375,-8.515625,-3.78125,-1.546875,0.052734375,-0.291015625,0.05078125
2130,21126408,21426408,0.171813965,0.741943359,-0.389038086,0.518249512,0.5078125,0.01171875,0.109375,-8.515625,-3.78125,-1.546875,0.046875,-0.0703125,0.037109375
2131,21130682,21430682,0.171936035,0.741821289,-0.389099121,0.518432617,0.1328125,0.2734375,0.1953125,-8.5234375,-3.7734375,-1.515625,0.046875,-0.0703125,0.037109375
2132,21144009,21444009,0.172119141,0.742004395,-0.389038086,0.518188477,0.1328125,0.2734375,0.1953125,-8.5234375,-3.7734375,-1.515625,-0.013671875,0.11328125,0.005859375
2133,21155081,21455081,0.172363281,0.742431641,-0.388793945,0.517578125,0.1328125,0.265625,0.27734375,-8.5234375,-3.765625,-1.5234375,-0.013671875,0.11328125,0.005859375
2134,21166115,21466115,0.172790527,0.743164062,-0.388549805,0.516601562,0.1328125,0.265625,0.27734375,-8.5234375,-3.765625,-1.5234375,-0.015625,0.31640625,-0.015625
2135,21171030,21471030,0.173400879,0.744140625,-0.388244629,0.515197754,0.16015625,0.15234375,0.34765625,-8.515625,-3.765625,-1.5546875,-0.015625,0.31640625,-0.015625
2136,21188542,21488542,0.174072266,0.745544434,-0.387817383,0.513244629,0.16015625,0.15234375,0.34765625,-8.515625,-3.765625,-1.5546875,-0.03515625,0.5390625,-0.056640625
2137,21192151,21492151,0.174804688,0.747192383,-0.387329102,0.510986328,0.26171875,0.12109375,0.42578125,-8.5,-3.7734375,-1.6328125,-0.03515625,0.5390625,-0.056640625
2138,21205401,21505401,0.175537109,0.749206543,-0.38684082,0.508178711,0.26171875,0.12109375,0.42578125,-8.5,-3.7734375,-1.6328125,-0.0703125,0.779296875,-0.15625
2139,21210203,21510203,0.176330566,0.75177002,-0.386230469,0.504577637,0.3046875,0.13671875,0.390625,-8.46875,-3.7890625,-1.75,-0.0703125,0.779296875,-0.15625
2140,21228529,21528529,0.176940918,0.754577637,-0.385620117,0.500549316,0.3046875,0.13671875,0.390625,-8.46875,-3.7890625,-1.75,-0.109375,1.01953125,-0.28515625
2141,21232134,21532134,0.17755127,0.7578125,-0.385009766,0.495910645,0.3359375,0.2421875,0.40234375,-8.421875,-3.8203125,-1.9140625,-0.109375,1.01953125,-0.28515625
2142,21244800,21544800,0.178039551,0.761474609,-0.384460449,0.490539551,0.3359375,0.2421875,0.40234375,-8.421875,-3.8203125,-1.9140625,-0.130859375,1.27148438,-0.4453125
2143,21250972,21550972,0.178405762,0.765319824,-0.383972168,0.484802246,0.3359375,0.22265625,0.3671875,-8.34375,-3.875,-2.109375,-0.130859375,1.27148438,-0.4453125
2144,21268251,21568251,0.178771973,0.76940918,-0.383666992,0.47833252,0.3359375,0.22265625,0.3671875,-8.34375,-3.875,-2.109375,-0.076171875,1.484375,-0.59765625
2145,21273039,21573039,0.179199219,0.773742676,-0.383605957,0.471252441,0.30859375,0.22265625,0.36328125,-8.2421875,-3.953125,-2.3359375,-0.076171875,1.484375,-0.59765625
2146,21284955,21584955,0.17956543,0.778320312,-0.383666992,0.463439941,0.30859375,0.22265625,0.36328125,-8.2421875,-3.953125,-2.3359375,-0.021484375,1.6953125,-0.732421875
2147,21290009,21590009,0.179870605,0.782958984,-0.383789062,0.455322266,0.21484375,0.41015625,0.28515625,-8.109375,-4.0625,-2.6015625,-0.021484375,1.6953125,-0.732421875
2148,21307631,21607631,0.180114746,0.787780762,-0.384033203,0.446655273,0.21484375,0.41015625,0.28515625,-8.109375,-4.0625,-2.6015625,0.017578125,1.85546875,-0.853515625
2149,21312446,21612446,0.180297852,0.792541504,-0.384338379,0.437744141,0.05078125,0.53515625,-0.0859375,-7.9453125,-4.1875,-2.8828125,0.017578125,1.85546875,-0.853515625
2150,21324412,21624412,0.180358887,0.797912598,-0.38470459,0.42755127,0.05078125,0.53515625,-0.0859375,-7.9453125,-4.1875,-2.8828125,0.001953125,2.02734375,-0.998046875
2151,21329477,21629477,0.180175781,0.803161621,-0.385009766,0.417419434,-0.03125,0.53125,0.07421875,-7.75,-4.3359375,-3.1953125,0.001953125,2.02734375,-0.998046875
2152,21347645,21647645,0.179931641,0.808532715,-0.385253906,0.406738281,-0.03125,0.53125,0.07421875,-7.75,-4.3359375,-3.1953125,-0.009765625,2.15625,-1.10546875
2153,21351364,21651364,0.17956543,0.813842773,-0.385620117,0.395874023,-0.30859375,0.265625,0.203125,-7.5078125,-4.4921875,-3.515625,-0.009765625,2.15625,-1.10546875
2154,21364218,21664218,0.179138184,0.819030762,-0.385986328,0.38482666,-0.30859375,0.265625,0.203125,-7.5078125,-4.4921875,-3.515625,0.0390625,2.23632812,-1.18359375
2155,21370423,21670423,0.178649902,0.824462891,-0.386474609,0.372802734,-0.33984375,-0.0703125,-0.09765625,-7.25,-4.65625,-3.828125,0.0390625,2.23632812,-1.18359375
2156,21386488,21686488,0.178161621,0.829589844,-0.386962891,0.360961914,-0.33984375,-0.0703125,-0.09765625,-7.25,-4.65625,-3.828125,0.091796875,2.27539062,-1.22265625
2157,21390079,21690079,0.17767334,0.834289551,-0.387573242,0.34954834,-0.375,-0.12109375,-0.046875,-6.9453125,-4.8359375,-4.1484375,0.091796875,2.27539062,-1.22265625
2158,21403551,21703551,0.177246094,0.839233398,-0.388366699,0.336730957,-0.375,-0.12109375,-0.046875,-6.9453125,-4.8359375,-4.1484375,0.1796875,2.33007812,-1.26171875
2159,21409548,21709548,0.176696777,0.843811035,-0.389282227,0.32434082,-0.265625,-0.359375,-0.140625,-6.6328125,-5.015625,-4.4375,0.1796875,2.33007812,-1.26171875
2160,21426533,21726533,0.176025391,0.848205566,-0.390441895,0.311584473,-0.265625,-0.359375,-0.140625,-6.6328125,-5.015625,-4.4375,0.265625,2.32226562,-1.359375
2161,21430130,21730130,0.175109863,0.852294922,-0.391540527,0.299438477,-0.50390625,-0.25,-0.125,-6.28125,-5.203125,-4.71875,0.265625,2.32226562,-1.359375
2162,21442929,21742929,0.173706055,0.856567383,-0.392456055,0.286560059,-0.50390625,-0.25,-0.125,-6.28125,-5.203125,-4.71875,0.162109375,2.30273438,-1.46875
2163,21448915,21748915,0.172058105,0.860961914,-0.393188477,0.273071289,-0.40234375,-0.0234375,-0.06640625,-5.921875,-5.390625,-4.96875,0.162109375,2.30273438,-1.46875
2164,21467990,21767990,0.170227051,0.86517334,-0.393554688,0.260009766,-0.40234375,-0.0234375,-0.06640625,-5.921875,-5.390625,-4.96875,0.05078125,2.32226562,-1.50195312
2165,21472734,21772734,0.168457031,0.869140625,-0.393676758,0.247497559,-0.35546875,0.203125,-0.26953125,-5.5078125,-5.578125,-5.2265625,0.05078125,2.32226562,-1.50195312
2166,21484908,21784908,0.166503906,0.87322998,-0.393615723,0.234130859,-0.35546875,0.203125,-0.26953125,-5.5078125,-5.578125,-5.2265625,0,2.29101562,-1.46679688
2167,21489194,21789194,0.164672852,0.87689209,-0.393310547,0.222045898,-0.08203125,0.13671875,-0.02734375,-5.09375,-5.7421875,-5.46875,0,2.29101562,-1.46679688
2168,21508491,21808491,0.162597656,0.880737305,-0.392700195,0.20892334,-0.08203125,0.13671875,-0.02734375,-5.09375,-5.7421875,-5.46875,-0.06640625,2.18164062,-1.40429688
2169,21512210,21812210,0.160766602,0.883972168,-0.392211914,0.197265625,-0.2265625,-0.11328125,-0.0703125,-4.6796875,-5.875,-5.6953125,-0.06640625,2.18164062,-1.40429688
2170,21523598,21823598,0.158813477,0.887145996,-0.391723633,0.185180664,-0.2265625,-0.11328125,-0.0703125,-4.6796875,-5.875,-5.6953125,-0.02734375,2.06835938,-1.33789062
2171,21529594,21829594,0.156799316,0.890258789,-0.391113281,0.173034668,0.01953125,0.0390625,-0.1875,-4.2734375,-5.9921875,-5.8828125,-0.02734375,2.06835938,-1.33789062
2172,21547670,21847670,0.154785156,0.893066406,-0.390258789,0.161682129,0.01953125,0.0390625,-0.1875,-4.2734375,-5.9921875,-5.8828125,-0.107421875,2.0234375,-1.3203125
2173,21551819,21851819,0.152648926,0.895996094,-0.389038086,0.150268555,0.1953125,0.48828125,0.296875,-3.875,-6.09375,-6.0625,-0.107421875,2.0234375,-1.3203125
2174,21565141,21865141,0.150512695,0.898803711,-0.387512207,0.139099121,0.1953125,0.48828125,0.296875,-3.875,-6.09375,-6.0625,-0.216796875,1.96679688,-1.2890625
2175,21568896,21868896,0.14855957,0.901306152,-0.386169434,0.128417969,0.40234375,-0.09375,0.23046875,-3.46875,-6.1640625,-6.2265625,-0.216796875,1.96679688,-1.2890625
2176,21586559,21886559,0.14654541,0.903564453,-0.385253906,0.1171875,0.40234375,-0.09375,0.23046875,-3.46875,-6.1640625,-6.2265625,0.0234375,1.86914062,-1.22070312
2177,21590289,21890289,0.144714355,0.905090332,-0.385314941,0.106567383,0.0390625,-0.796875,-0.01171875,-3.0703125,-6.2265625,-6.3671875,0.0234375,1.86914062,-1.22070312
2178,21604119,21904119,0.143066406,0.905944824,-0.386474609,0.0970458984,0.0390625,-0.796875,-0.01171875,-3.0703125,-6.2265625,-6.3671875,0.4921875,1.59960938,-1.10546875
2179,21608394,21908394,0.141296387,0.90637207,-0.388305664,0.0877075195,-0.203125,-0.49609375,0.16796875,-2.7109375,-6.3359375,-6.4296875,0.4921875,1.59960938,-1.10546875
2180,21625968,21925968,0.139099121,0.906555176,-0.390625,0.0789794922,-0.203125,-0.49609375,0.16796875,-2.7109375,-6.3359375,-6.4296875,0.6015625,1.18554688,-1.0703125
2181,21630098,21930098,0.136657715,0.906677246,-0.392578125,0.0715332031,-0.140625,0.890625,0.3984375,-2.390625,-6.4609375,-6.4296875,0.6015625,1.18554688,-1.0703125
2182,21643837,21943837,0.133972168,0.907165527,-0.393554688,0.0645751953,-0.140625,0.890625,0.3984375,-2.390625,-6.4609375,-6.4296875,0.1640625,0.958984375,-1.0390625
2183,21647584,21947584,0.131408691,0.90802002,-0.393432617,0.0587158203,0.8046875,2.06640625,0.7734375,-2.109375,-6.5625,-6.421875,0.1640625,0.958984375,-1.0390625
2184,21665625,21965625,0.128723145,0.909240723,-0.39239502,0.0527954102,0.8046875,2.06640625,0.7734375,-2.109375,-6.5625,-6.421875,-0.216796875,0.8359375,-0.87109375
2185,21669784,21969784,0.126464844,0.910339355,-0.391174316,0.0477905273,0.984375,0.98046875,0.24609375,-1.8671875,-6.5859375,-6.46875,-0.216796875,0.8359375,-0.87109375
2186,21680932,21980932,0.124389648,0.911315918,-0.390075684,0.0433349609,0.984375,0.98046875,0.24609375,-1.8671875,-6.5859375,-6.46875,-0.169921875,0.662109375,-0.712890625
2187,21687450,21987450,0.122619629,0.91217041,-0.389160156,0.0389404297,0.81640625,0.05859375,-0.62109375,-1.6640625,-6.5859375,-6.5234375,-0.169921875,0.662109375,-0.712890625
2188,21704735,22004735,0.121398926,0.912719727,-0.388549805,0.0346069336,0.81640625,0.05859375,-0.62109375,-1.6640625,-6.5859375,-6.5234375,0.013671875,0.7421875,-0.525390625
2189,21709619,22009619,0.120605469,0.912963867,-0.38861084,0.0302734375,0.37890625,-1.12109375,-1.27734375,-1.4921875,-6.59375,-6.5546875,0.013671875,0.7421875,-0.525390625
2190,21721161,22021161,0.119873047,0.912963867,-0.389221191,0.025390625,0.37890625,-1.12109375,-1.27734375,-1.4921875,-6.59375,-6.5546875,0.27734375,0.83984375,-0.51171875
2191,21727149,22027149,0.119140625,0.912841797,-0.390075684,0.0201416016,0.0625,-1.234375,-1.125,-1.328125,-6.6328125,-6.5546875,0.27734375,0.83984375,-0.51171875
2192,21745225,22045225,0.118286133,0.912719727,-0.390808105,0.0145874023,0.0625,-1.234375,-1.125,-1.328125,-6.6328125,-6.5546875,0.2421875,0.958984375,-0.619140625
2193,21748964,22048964,0.1171875,0.912719727,-0.391296387,0.00866699219,-0.515625,-0.91796875,-0.3359375,-1.1328125,-6.6796875,-6.5390625,0.2421875,0.958984375,-0.619140625
2194,21762558,22062558,0.115783691,0.912841797,-0.391601562,0.0029296875,-0.515625,-0.91796875,-0.3359375,-1.1328125,-6.6796875,-6.5390625,0.16796875,0.953125,-0.787109375
2195,21766842,22066842,-0.113952637,-0.913024902,0.391601562,0.00286865234,-0.5078125,-0.23046875,0.078125,-0.9140625,-6.71875,-6.53125,0.16796875,0.953125,-0.787109375
2196,21782202,22082202,-0.111877441,-0.913452148,0.391174316,0.00848388672,-0.5078125,-0.23046875,0.078125,-0.9140625,-6.71875,-6.53125,-0.025390625,0.81640625,-0.794921875
2197,21787238,22087238,-0.109924316,-0.914001465,0.390319824,0.0134277344,0.1484375,0.4453125,0.5078125,-0.6875,-6.7421875,-6.5390625,-0.025390625,0.81640625,-0.794921875
2198,21802117,22102117,-0.107849121,-0.914672852,0.389099121,0.018371582,0.1484375,0.4453125,0.5078125,-0.6875,-6.7421875,-6.5390625,-0.162109375,0.71875,-0.71875
2199,21807173,22107173,-0.106201172,-0.915222168,0.388061523,0.022644043,0.40625,0.28515625,0.453125,-0.484375,-6.734375,-6.5625,-0.162109375,0.71875,-0.71875
2200,21825807,22125807,-0.104736328,-0.915649414,0.387207031,0.0266723633,0.40625,0.28515625,0.453125,-0.484375,-6.734375,-6.5625,-0.03515625,0.599609375,-0.572265625
2201,21827279,22127279,-0.103210449,-0.915771484,0.386962891,0.0305175781,0.15625,-0.44921875,0.171875,-0.3125,-6.7265625,-6.5859375,-0.03515625,0.599609375,-0.572265625
2202,21841548,22141548,-0.101867676,-0.915710449,0.387207031,0.0337524414,0.15625,-0.44921875,0.171875,-0.3125,-6.7265625,-6.5859375,0.169921875,0.47265625,-0.466796875
2203,21847701,22147701,-0.100769043,-0.915527344,0.387756348,0.0366821289,0.20703125,-0.16796875,0.4296875,-0.171875,-6.7421875,-6.578125,0.169921875,0.47265625,-0.466796875
2204,21863726,22163726,-0.0997314453,-0.915222168,0.388427734,0.0394287109,0.20703125,-0.16796875,0.4296875,-0.171875,-6.7421875,-6.578125,0.2109375,0.380859375,-0.3828125
2205,21868082,22168082,-0.0986938477,-0.914978027,0.389038086,0.0417480469,0.2109375,0.0078125,0.5234375,-0.0625,-6.765625,-6.5546875,0.2109375,0.380859375,-0.3828125
2206,21881721,22181721,-0.0977783203,-0.914855957,0.389343262,0.0437011719,0.2109375,0.0078125,0.5234375,-0.0625,-6.765625,-6.5546875,0.05078125,0.2265625,-0.275390625
2207,21886781,22186781,-0.0971069336,-0.914916992,0.389221191,0.0450439453,0.2421875,0.37890625,0.3828125,0.0234375,-6.7890625,-6.53125,0.05078125,0.2265625,-0.275390625
2208,21904242,22204242,-0.0965576172,-0.915100098,0.388793945,0.0462646484,0.2421875,0.37890625,0.3828125,0.0234375,-6.7890625,-6.53125,-0.06640625,0.173828125,-0.166015625
2209,21907977,22207977,-0.0961914062,-0.915222168,0.388366699,0.0473022461,0.37109375,-0.25,-0.078125,0.0859375,-6.7734375,-6.53125,-0.06640625,0.173828125,-0.166015625
2210,21922015,22222015,-0.0960083008,-0.915344238,0.388061523,0.0482177734,0.37109375,-0.25,-0.078125,0.0859375,-6.7734375,-6.53125,-0.04296875,0.166015625,-0.09765625
2211,21925752,22225752,-0.0959472656,-0.915405273,0.387817383,0.0490722656,0.140625,-0.6015625,-0.421875,0.125,-6.765625,-6.53125,-0.04296875,0.166015625,-0.09765625
2212,21943335,22243335,-0.0959472656,-0.915466309,0.387573242,0.0499267578,0.140625,-0.6015625,-0.421875,0.125,-6.765625,-6.53125,-0.02734375,0.130859375,-0.060546875
2213,21947082,22247082,-0.0958862305,-0.915527344,0.387329102,0.0504760742,-0.08203125,-0.56640625,-0.375,0.15625,-6.765625,-6.5390625,-0.02734375,0.130859375,-0.060546875
2214,21961224,22261224,-0.0958251953,-0.915649414,0.387023926,0.05078125,-0.08203125,-0.56640625,-0.375,0.15625,-6.765625,-6.5390625,-0.08203125,0.04296875,-0.037109375
2215,21965495,22265495,-0.0958251953,-0.91583252,0.38659668,0.0509033203,-0.0234375,-0.44921875,-0.48046875,0.171875,-6.765625,-6.546875,-0.08203125,0.04296875,-0.037109375
2216,21983367,22283367,-0.0959472656,-0.916015625,0.386230469,0.0508422852,-0.0234375,-0.44921875,-0.48046875,0.171875,-6.765625,-6.546875,-0.064453125,-0.015625,0.0390625
2217,21986981,22286981,-0.0961303711,-0.91607666,0.386108398,0.0505371094,-0.13671875,-0.92578125,-0.16796875,0.171875,-6.75,-6.5546875,-0.064453125,-0.015625,0.0390625
2218,21999253,22299253,-0.0964355469,-0.916015625,0.386169434,0.0498046875,-0.13671875,-0.92578125,-0.16796875,0.171875,-6.75,-6.5546875,0.01953125,-0.134765625,0.13671875
2219,22005401,22305401,-0.096862793,-0.91595459,0.386352539,0.0487670898,-0.04296875,-0.7734375,0.0625,0.15625,-6.75,-6.5546875,0.01953125,-0.134765625,0.13671875
2220,22019717,22319717,-0.0974121094,-0.91595459,0.386413574,0.0473022461,-0.04296875,-0.7734375,0.0625,0.15625,-6.75,-6.5546875,-0.044921875,-0.244140625,0.236328125
2221,22026624,22326624,-0.0981445312,-0.916015625,0.386291504,0.0455322266,0.1171875,-0.19921875,0.109375,0.109375,-6.75,-6.5625,-0.044921875,-0.244140625,0.236328125
2222,22039952,22339952,-0.0991210938,-0.91607666,0.386108398,0.0434570312,0.1171875,-0.19921875,0.109375,0.109375,-6.75,-6.5625,-0.107421875,-0.3359375,0.375
2223,22044765,22344765,-0.100341797,-0.91619873,0.385803223,0.0409545898,0.1171875,-0.12890625,0.19140625,0.03125,-6.7421875,-6.5703125,-0.107421875,-0.3359375,0.375
2224,22062363,22362363,-0.101806641,-0.916320801,0.385437012,0.0380859375,0.1171875,-0.12890625,0.19140625,0.03125,-6.7421875,-6.5703125,-0.146484375,-0.427734375,0.53125
2225,22065968,22365968,-0.103515625,-0.916381836,0.385131836,0.0349731445,0.234375,-0.10546875,0.24609375,-0.0859375,-6.7265625,-6.5859375,-0.146484375,-0.427734375,0.53125
2226,22080658,22380658,-0.105651855,-0.916442871,0.38470459,0.0310058594,0.234375,-0.10546875,0.24609375,-0.0859375,-6.7265625,-6.5859375,-0.177734375,-0.56640625,0.6875
2227,22084938,22384938,-0.107666016,-0.916503906,0.384277344,0.0269165039,0.1484375,-0.20703125,0.1953125,-0.2265625,-6.703125,-6.609375,-0.177734375,-0.56640625,0.6875
2228,22100091,22400091,-0.110046387,-0.916564941,0.383789062,0.0219726562,0.1484375,-0.20703125,0.1953125,-0.2265625,-6.703125,-6.609375,-0.22265625,-0.71875,0.80859375
2229,22107026,22407026,-0.112365723,-0.916625977,0.383300781,0.0170288086,0.06640625,-0.19921875,0.0234375,-0.4140625,-6.671875,-6.6328125,-0.22265625,-0.71875,0.80859375
2230,22120712,22420712,-0.11505127,-0.916564941,0.3828125,0.0111083984,0.06640625,-0.19921875,0.0234375,-0.4140625,-6.671875,-6.6328125,-0.203125,-0.892578125,0.93359375
2231,22124450,22424450,-0.117492676,-0.916442871,0.382568359,0.00506591797,-0.015625,-0.3515625,-0.03515625,-0.640625,-6.6328125,-6.6484375,-0.203125,-0.892578125,0.93359375
2232,22142767,22442767,0.120117188,0.91619873,-0.382324219,0.00244140625,-0.015625,-0.3515625,-0.03515625,-0.640625,-6.6328125,-6.6484375,-0.19921875,-1.203125,1.0546875
2233,22147272,22447272,0.122680664,0.915893555,-0.382141113,0.0103759766,-0.0859375,-0.1640625,-0.37109375,-0.9140625,-6.59375,-6.65625,-0.19921875,-1.203125,1.0546875
2234,22158886,22458886,0.125305176,0.915466309,-0.381896973,0.0188598633,-0.0859375,-0.1640625,-0.37109375,-0.9140625,-6.59375,-6.65625,-0.228515625,-1.38671875,1.16992188
2235,22164870,22464870,0.127990723,0.914978027,-0.381713867,0.0280151367,0.11328125,-0.171875,-0.13671875,-1.2265625,-6.546875,-6.6640625,-0.228515625,-1.38671875,1.16992188
2236,22178706,22478706,0.130432129,0.914245605,-0.381713867,0.0374145508,0.11328125,-0.171875,-0.13671875,-1.2265625,-6.546875,-6.6640625,-0.1484375,-1.6953125,1.27539062
2237,22184689,22484689,0.133056641,0.913269043,-0.381958008,0.0484008789,0.01171875,-0.04296875,-0.76953125,-1.5859375,-6.484375,-6.640625,-0.1484375,-1.6953125,1.27539062
2238,22199231,22499231,0.135620117,0.91217041,-0.382141113,0.059753418,0.01171875,-0.04296875,-0.76953125,-1.5859375,-6.484375,-6.640625,-0.1796875,-1.921875,1.37890625
2239,22207106,22507106,0.138244629,0.910888672,-0.382141113,0.0718383789,0.12890625,-0.21875,-0.80859375,-2.0078125,-6.421875,-6.6015625,-0.1796875,-1.921875,1.37890625
2240,22223202,22523202,0.140808105,0.909484863,-0.382141113,0.0837402344,0.12890625,-0.21875,-0.80859375,-2.0078125,-6.421875,-6.6015625,-0.1875,-2.06835938,1.46875
2241,22227219,22527219,0.143493652,0.907653809,-0.382446289,0.0964355469,-0.5078125,-0.50390625,-0.6796875,-2.4453125,-6.328125,-6.5390625,-0.1875,-2.06835938,1.46875
2242,22237860,22537860,0.146179199,0.905395508,-0.383178711,0.109741211,-0.5078125,-0.50390625,-0.6796875,-2.4453125,-6.328125,-6.5390625,-0.017578125,-2.390625,1.59179688
2243,22243600,22543600,0.148620605,0.902954102,-0.383972168,0.12322998,-0.68359375,-0.62890625,-0.7890625,-2.921875,-6.2421875,-6.4296875,-0.017578125,-2.390625,1.59179688
2244,22258445,22558445,0.151184082,0.899902344,-0.384765625,0.138977051,-0.68359375,-0.62890625,-0.7890625,-2.921875,-6.2421875,-6.4296875,-0.03125,-2.58398438,1.61523438
2245,22264168,22564168,0.153259277,0.896972656,-0.385375977,0.153076172,-0.45703125,-0.34765625,-0.83203125,-3.453125,-6.140625,-6.2734375,-0.03125,-2.58398438,1.61523438
2246,22277662,22577662,0.155273438,0.893737793,-0.385925293,0.167907715,-0.45703125,-0.34765625,-0.83203125,-3.453125,-6.140625,-6.2734375,-0.048828125,-2.57226562,1.54296875
2247,22283397,22583397,0.157104492,0.890441895,-0.386413574,0.182006836,-0.03515625,-0.1953125,-0.828125,-3.953125,-6.0234375,-6.0859375,-0.048828125,-2.57226562,1.54296875
2248,22301509,22601509,0.158935547,0.886901855,-0.386901855,0.195922852,-0.03515625,-0.1953125,-0.828125,-3.953125,-6.0234375,-6.0859375,0.013671875,-2.43554688,1.47460938
2249,22305865,22605865,0.160766602,0.883300781,-0.387451172,0.209350586,0.09765625,-0.0625,-0.53125,-4.4296875,-5.890625,-5.8828125,0.013671875,-2.43554688,1.47460938
2250,22318655,22618655,0.162475586,0.879577637,-0.387878418,0.222473145,0.09765625,-0.0625,-0.53125,-4.4296875,-5.890625,-5.8828125,0.029296875,-2.34570312,1.40820312
2251,22324795,22624795,0.164001465,0.875793457,-0.388427734,0.234863281,0.12109375,-0.078125,-0.4453125,-4.875,-5.7578125,-5.6640625,0.029296875,-2.34570312,1.40820312
2252,22337814,22637814,0.165588379,0.871459961,-0.388977051,0.248596191,0.12109375,-0.078125,-0.4453125,-4.875,-5.7578125,-5.6640625,0.060546875,-2.36132812,1.35351562
2253,22343786,22643786,0.166809082,0.867431641,-0.389404297,0.261047363,0.0078125,0.2109375,-0.234375,-5.296875,-5.625,-5.4140625,0.060546875,-2.36132812,1.35351562
2254,22358811,22658811,0.167724609,0.86328125,-0.389587402,0.273498535,0.0078125,0.2109375,-0.234375,-5.296875,-5.625,-5.4140625,-0.037109375,-2.28125,1.23632812
2255,22362553,22662553,0.168518066,0.859375,-0.389648438,0.285095215,0.20703125,-0.046875,0.12890625,-5.6875,-5.484375,-5.1640625,-0.037109375,-2.28125,1.23632812
2256,22380253,22680253,0.169311523,0.854919434,-0.389709473,0.297607422,0.20703125,-0.046875,0.12890625,-5.6875,-5.484375,-5.1640625,0.013671875,-2.21679688,1.19335938
2257,22384006,22684006,0.170043945,0.850769043,-0.389953613,0.308532715,0.4140625,-0.5234375,0.21484375,-6.046875,-5.3515625,-4.90625,0.013671875,-2.21679688,1.19335938
2258,22396588,22696588,0.170715332,0.846069336,-0.390563965,0.320068359,0.4140625,-0.5234375,0.21484375,-6.046875,-5.3515625,-4.90625,0.15625,-2.12890625,1.05664062
2259,22402570,22702570,0.171203613,0.841247559,-0.391601562,0.331054688,0.16796875,-0.3203125,0.28515625,-6.375,-5.2109375,-4.6328125,0.15625,-2.12890625,1.05664062
2260,22416534,22716534,0.171447754,0.836608887,-0.392883301,0.341064453,0.16796875,-0.3203125,0.28515625,-6.375,-5.2109375,-4.6328125,0.275390625,-2.10351562,0.900390625
2261,22422500,22722500,0.171386719,0.831604004,-0.394287109,0.351501465,0.29296875,0,0.5625,-6.65625,-5.109375,-4.3359375,0.275390625,-2.10351562,0.900390625
2262,22437539,22737539,0.171142578,0.827026367,-0.395507812,0.360961914,0.29296875,0,0.5625,-6.65625,-5.109375,-4.3359375,0.21875,-1.96875,0.771484375
2263,22443128,22743128,0.170654297,0.822143555,-0.396606445,0.37097168,0.4765625,0.17578125,0.296875,-6.9140625,-5.015625,-4.03125,0.21875,-1.96875,0.771484375
2264,22459181,22759181,0.170043945,0.817626953,-0.397583008,0.380249023,0.4765625,0.17578125,0.296875,-6.9140625,-5.015625,-4.03125,0.16015625,-1.99023438,0.724609375
2265,22462921,22762921,0.169372559,0.813049316,-0.398498535,0.389160156,0.5859375,0.2421875,-0.15234375,-7.140625,-4.9296875,-3.734375,0.16015625,-1.99023438,0.724609375
2266,22476269,22776269,0.168762207,0.808349609,-0.399475098,0.398132324,0.5859375,0.2421875,-0.15234375,-7.140625,-4.9296875,-3.734375,0.169921875,-1.8515625,0.673828125
2267,22482265,22782265,0.168029785,0.803710938,-0.400390625,0.406860352,0.484375,0.37890625,-0.01953125,-7.34375,-4.8359375,-3.4453125,0.169921875,-1.8515625,0.673828125
2268,22496970,22796970,0.167297363,0.799255371,-0.401306152,0.414916992,0.484375,0.37890625,-0.01953125,-7.34375,-4.8359375,-3.4453125,0.173828125,-1.72265625,0.5703125
2269,22503320,22803320,0.166442871,0.79486084,-0.40222168,0.422729492,0.47265625,0.33984375,-0.1171875,-7.5234375,-4.7578125,-3.15625,0.173828125,-1.72265625,0.5703125
2270,22516755,22816755,0.165710449,0.790893555,-0.403015137,0.4296875,0.47265625,0.33984375,-0.1171875,-7.5234375,-4.7578125,-3.15625,0.1484375,-1.5703125,0.541015625
2271,22523694,22823694,0.165039062,0.786743164,-0.403686523,0.436889648,0.54296875,0.421875,0.08203125,-7.671875,-4.6875,-2.8984375,0.1484375,-1.5703125,0.541015625
2272,22541147,22841147,0.164367676,0.782775879,-0.40423584,0.443664551,0.54296875,0.421875,0.08203125,-7.671875,-4.6875,-2.8984375,0.119140625,-1.43359375,0.509765625
2273,22546974,22846974,0.163696289,0.778991699,-0.404785156,0.450073242,0.33984375,0.34375,-0.08984375,-7.8125,-4.609375,-2.6484375,0.119140625,-1.43359375,0.509765625
2274,22555168,22855168,0.163146973,0.775390625,-0.405334473,0.455932617,0.33984375,0.34375,-0.08984375,-7.8125,-4.609375,-2.6484375,0.14453125,-1.32617188,0.458984375
2275,22561735,22861735,0.162536621,0.771789551,-0.405883789,0.461669922,0.41015625,0.6171875,0.02734375,-7.921875,-4.5390625,-2.421875,0.14453125,-1.32617188,0.458984375
2276,22576714,22876714,0.161804199,0.768310547,-0.406433105,0.467224121,0.41015625,0.6171875,0.02734375,-7.921875,-4.5390625,-2.421875,0.109375,-1.18554688,0.37109375
2277,22581741,22881741,0.161071777,0.765075684,-0.406921387,0.472412109,0.28125,0.86328125,-0.06640625,-8.0234375,-4.4765625,-2.2109375,0.109375,-1.18554688,0.37109375
2278,22596161,22896161,0.16027832,0.762207031,-0.407165527,0.477111816,0.28125,0.86328125,-0.06640625,-8.0234375,-4.4765625,-2.2109375,0.02734375,-1.03320312,0.34375
2279,22601208,22901208,0.159667969,0.759521484,-0.407165527,0.481567383,0.28515625,0.5859375,0.359375,-8.1015625,-4.4296875,-2.0234375,0.02734375,-1.03320312,0.34375
2280,22617888,22917888,0.159118652,0.756958008,-0.407104492,0.485778809,0.28515625,0.5859375,0.359375,-8.1015625,-4.4296875,-2.0234375,0.009765625,-0.8984375,0.359375
2281,22621614,22921614,0.158752441,0.754638672,-0.406921387,0.489624023,0.0859375,0.140625,0.23828125,-8.171875,-4.3671875,-1.8671875,0.009765625,-0.8984375,0.359375
2282,22635923,22935923,0.15838623,0.752258301,-0.406738281,0.493591309,0.0859375,0.140625,0.23828125,-8.171875,-4.3671875,-1.8671875,0.001953125,-0.8046875,0.33984375
2283,22642078,22942078,0.157958984,0.75,-0.406555176,0.497253418,-0.01171875,0.16015625,0.21484375,-8.2265625,-4.3125,-1.7265625,0.001953125,-0.8046875,0.33984375
2284,22656230,22956230,0.157409668,0.74798584,-0.40637207,0.500549316,-0.01171875,0.16015625,0.21484375,-8.2265625,-4.3125,-1.7265625,-0.0234375,-0.71484375,0.24609375
2285,22661017,22961017,0.156799316,0.74621582,-0.40625,0.503479004,-0.07421875,0.15234375,0.2421875,-8.28125,-4.265625,-1.6015625,-0.0234375,-0.71484375,0.24609375
2286,22676567,22976567,0.156005859,0.744445801,-0.40625,0.506347656,-0.07421875,0.15234375,0.2421875,-8.28125,-4.265625,-1.6015625,-0.025390625,-0.62109375,0.142578125
2287,22680196,22980196,0.155273438,0.742980957,-0.406311035,0.508728027,0.2265625,-0.0390625,0.2109375,-8.3125,-4.2265625,-1.4921875,-0.025390625,-0.62109375,0.142578125
2288,22698420,22998420,0.154541016,0.741638184,-0.406494141,0.510803223,0.2265625,-0.0390625,0.2109375,-8.3125,-4.2265625,-1.4921875,0.005859375,-0.451171875,0.064453125
2289,22702026,23002026,0.153930664,0.740600586,-0.406677246,0.512268066,0.37109375,0.0234375,0.19140625,-8.34375,-4.2109375,-1.3984375,0.005859375,-0.451171875,0.064453125
2290,22716618,23016618,0.153503418,0.739807129,-0.406921387,0.513366699,0.37109375,0.0234375,0.19140625,-8.34375,-4.2109375,-1.3984375,0.015625,-0.21484375,0.013671875
2291,22720260,23020260,0.153259277,0.739440918,-0.407043457,0.513916016,0.3046875,0.2421875,0.328125,-8.3515625,-4.203125,-1.34375,0.015625,-0.21484375,0.013671875
2292,22737830,23037830,0.153015137,0.739379883,-0.407043457,0.514038086,0.3046875,0.2421875,0.328125,-8.3515625,-4.203125,-1.34375,-0.037109375,0.017578125,-0.021484375
2293,22741439,23041439,0.152954102,0.739685059,-0.406860352,0.513793945,0.11328125,0.359375,0.3515625,-8.3515625,-4.203125,-1.328125,-0.037109375,0.017578125,-0.021484375
2294,22753693,23053693,0.153076172,0.74029541,-0.406433105,0.513122559,0.11328125,0.359375,0.3515625,-8.3515625,-4.203125,-1.328125,-0.076171875,0.234375,-0.013671875
2295,22764517,23064517,0.153442383,0.741210938,-0.406005859,0.512084961,0.10546875,0.08984375,0.3828125,-8.34375,-4.203125,-1.359375,-0.076171875,0.234375,-0.013671875
2296,22778416,23078416,0.153991699,0.742431641,-0.405456543,0.510620117,0.10546875,0.08984375,0.3828125,-8.34375,-4.203125,-1.359375,-0.07421875,0.45703125,-0.02734375
2297,22782526,23082526,0.154602051,0.743835449,-0.404907227,0.508789062,0.13671875,0.08984375,0.5234375,-8.3359375,-4.203125,-1.421875,-0.07421875,0.45703125,-0.02734375
2298,22795781,23095781,0.155395508,0.745727539,-0.40423584,0.506286621,0.13671875,0.08984375,0.5234375,-8.3359375,-4.203125,-1.421875,-0.099609375,0.671875,-0.08984375
2299,22799561,23099561,0.15612793,0.747802734,-0.403564453,0.503601074,0.1875,0.05859375,0.43359375,-8.3125,-4.2109375,-1.5234375,-0.099609375,0.671875,-0.08984375
2300,22814748,23114748,0.156921387,0.750366211,-0.402832031,0.500061035,0.1875,0.05859375,0.43359375,-8.3125,-4.2109375,-1.5234375,-0.12890625,0.888671875,-0.185546875
2301,22820720,23120720,0.157714844,0.753173828,-0.402099609,0.496154785,0.1953125,0.19140625,0.3828125,-8.28125,-4.2265625,-1.6640625,-0.12890625,0.888671875,-0.185546875
2302,22837408,23137408,0.158447266,0.756225586,-0.401428223,0.491821289,0.1953125,0.19140625,0.3828125,-8.28125,-4.2265625,-1.6640625,-0.146484375,1.10351562,-0.29296875
2303,22843615,23143615,0.159179688,0.759521484,-0.400756836,0.487060547,0.36328125,0.26171875,0.24609375,-8.21875,-4.2578125,-1.8359375,-0.146484375,1.10351562,-0.29296875
2304,22858123,23158123,0.16003418,0.763183594,-0.400146484,0.481445312,0.36328125,0.26171875,0.24609375,-8.21875,-4.2578125,-1.8359375,-0.107421875,1.31835938,-0.396484375
2305,22861863,23161863,0.160949707,0.767089844,-0.399719238,0.475280762,0.4375,0.23828125,0.3046875,-8.140625,-4.3125,-2.046875,-0.107421875,1.31835938,-0.396484375
2306,22876299,23176299,0.161804199,0.770996094,-0.399414062,0.468933105,0.4375,0.23828125,0.3046875,-8.140625,-4.3125,-2.046875,-0.044921875,1.5,-0.509765625
2307,22883152,23183152,0.162719727,0.774902344,-0.399353027,0.462158203,0.4140625,0.15625,0.26953125,-8.0390625,-4.3828125,-2.28125,-0.044921875,1.5,-0.509765625
2308,22893846,23193846,0.163696289,0.779174805,-0.399414062,0.454528809,0.4140625,0.15625,0.26953125,-8.0390625,-4.3828125,-2.28125,0.02734375,1.64648438,-0.62109375
2309,22899572,23199572,0.164550781,0.78338623,-0.399658203,0.446655273,0.36328125,0.09375,0.3671875,-7.9140625,-4.4765625,-2.53125,0.02734375,1.64648438,-0.62109375
2310,22911826,23211826,0.165283203,0.787780762,-0.400024414,0.438232422,0.36328125,0.09375,0.3671875,-7.9140625,-4.4765625,-2.53125,0.064453125,1.7734375,-0.763671875
2311,22921096,23221096,0.165893555,0.792053223,-0.40057373,0.4296875,0.0546875,0.16796875,0.13671875,-7.7578125,-4.5859375,-2.796875,0.064453125,1.7734375,-0.763671875
2312,22933421,23233421,0.166259766,0.796813965,-0.401245117,0.42010498,0.0546875,0.16796875,0.13671875,-7.7578125,-4.5859375,-2.796875,0.076171875,1.88476562,-0.912109375
2313,22941399,23241399,0.166503906,0.801330566,-0.401855469,0.410644531,-0.2109375,0.26171875,0.1015625,-7.5703125,-4.71875,-3.0703125,0.076171875,1.88476562,-0.912109375
2314,22953370,23253370,0.166503906,0.805969238,-0.402587891,0.400817871,-0.2109375,0.26171875,0.1015625,-7.5703125,-4.71875,-3.0703125,0.072265625,1.96875,-1.03125
2315,22961487,23261487,0.166381836,0.81060791,-0.403320312,0.390563965,-0.34375,0.09375,0.10546875,-7.359375,-4.859375,-3.34375,0.072265625,1.96875,-1.03125
2316,22974756,23274756,0.166137695,0.815185547,-0.40411377,0.380187988,-0.34375,0.09375,0.10546875,-7.359375,-4.859375,-3.34375,0.09375,2,-1.10546875
2317,22978361,23278361,0.16583252,0.819458008,-0.404907227,0.370117188,-0.35546875,-0.31640625,-0.0390625,-7.1171875,-5.0234375,-3.6171875,0.09375,2,-1.10546875
2318,22993060,23293060,0.165588379,0.823974609,-0.405944824,0.359008789,-0.35546875,-0.31640625,-0.0390625,-7.1171875,-5.0234375,-3.6171875,0.169921875,2.05859375,-1.13476562
2319,23003172,23303172,0.165466309,0.828186035,-0.407043457,0.347961426,-0.359375,-0.53515625,-0.00390625,-6.84375,-5.1875,-3.8828125,0.169921875,2.05859375,-1.13476562
2320,23017933,23317933,0.165405273,0.832275391,-0.40814209,0.336730957,-0.359375,-0.53515625,-0.00390625,-6.84375,-5.1875,-3.8828125,0.240234375,2.11132812,-1.13085938
2321,23021654,23321654,0.165344238,0.836242676,-0.409301758,0.325317383,-0.3828125,-0.37109375,-0.390625,-6.5546875,-5.3515625,-4.1484375,0.240234375,2.11132812,-1.13085938
2322,23031105,23331105,0.165222168,0.83984375,-0.410461426,0.314331055,-0.3828125,-0.37109375,-0.390625,-6.5546875,-5.3515625,-4.1484375,0.2734375,2.1171875,-1.19921875
2323,23040991,23340991,0.164794922,0.843566895,-0.411743164,0.302734375,-0.48828125,-0.0546875,-0.38671875,-6.2578125,-5.515625,-4.3828125,0.2734375,2.1171875,-1.19921875
2324,23053597,23353597,0.1640625,0.847290039,-0.412963867,0.290893555,-0.48828125,-0.0546875,-0.38671875,-6.2578125,-5.515625,-4.3828125,0.232421875,2.05078125,-1.29492188
2325,23058631,23358631,0.163024902,0.850769043,-0.414001465,0.279724121,-0.44140625,0.28125,-0.2265625,-5.921875,-5.6953125,-4.6171875,0.232421875,2.05078125,-1.29492188
2326,23074083,23374083,0.161682129,0.854675293,-0.414611816,0.26739502,-0.44140625,0.28125,-0.2265625,-5.921875,-5.6953125,-4.6171875,0.044921875,2.0859375,-1.34375
2327,23080936,23380936,0.160400391,0.858276367,-0.414672852,0.256225586,-0.29296875,0.453125,0.02734375,-5.5703125,-5.8671875,-4.8359375,0.044921875,2.0859375,-1.34375
2328,23095523,23395523,0.159057617,0.862121582,-0.414367676,0.244567871,-0.29296875,0.453125,0.02734375,-5.5703125,-5.8671875,-4.8359375,-0.08984375,2.09960938,-1.28710938
2329,23099286,23399286,0.157836914,0.865783691,-0.413818359,0.232971191,0.12109375,0.01171875,-0.28125,-5.21875,-6,-5.0625,-0.08984375,2.09960938,-1.28710938
2330,23112343,23412343,0.156799316,0.869506836,-0.413269043,0.220397949,0.12109375,0.01171875,-0.28125,-5.21875,-6,-5.0625,-0.03125,2.171875,-1.22070312
2331,23123339,23423339,0.155944824,0.872802734,-0.412780762,0.208557129,0.04296875,0.09765625,-0.24609375,-4.8359375,-6.125,-5.2890625,-0.03125,2.171875,-1.22070312
2332,23130740,23430740,0.155090332,0.875854492,-0.41229248,0.197143555,0.04296875,0.09765625,-0.24609375,-4.8359375,-6.125,-5.2890625,-0.01953125,2.17578125,-1.23828125
2333,23138253,23438253,0.153930664,0.878967285,-0.411682129,0.184936523,-0.1328125,0.0078125,-0.01171875,-4.46875,-6.2265625,-5.484375,-0.01953125,2.17578125,-1.23828125
2334,23153997,23453997,0.152587891,0.881835938,-0.411071777,0.173461914,-0.1328125,0.0078125,-0.01171875,-4.46875,-6.2265625,-5.484375,-0.04296875,1.98632812,-1.25585938
2335,23160571,23460571,0.151062012,0.884399414,-0.410522461,0.162719727,-0.26171875,0.22265625,-0.09375,-4.0703125,-6.328125,-5.671875,-0.04296875,1.98632812,-1.25585938
2336,23175616,23475616,0.149230957,0.887084961,-0.409729004,0.151428223,-0.26171875,0.22265625,-0.09375,-4.0703125,-6.328125,-5.671875,-0.111328125,1.9375,-1.29882812
2337,23179239,23479239,0.147338867,0.889831543,-0.408569336,0.139770508,0.51171875,0.81640625,-0.01171875,-3.6953125,-6.421875,-5.828125,-0.111328125,1.9375,-1.29882812
2338,23192515,23492515,0.145751953,0.892272949,-0.407409668,0.12902832,0.51171875,0.81640625,-0.01171875,-3.6953125,-6.421875,-5.828125,-0.095703125,1.97460938,-1.23632812
2339,23198111,23498111,0.144226074,0.894592285,-0.406433105,0.117248535,0.3828125,0.46484375,-0.27734375,-3.296875,-6.4921875,-5.984375,-0.095703125,1.97460938,-1.23632812
2340,23212236,23512236,0.143005371,0.89642334,-0.405822754,0.106445312,0.3828125,0.46484375,-0.27734375,-3.296875,-6.4921875,-5.984375,0.064453125,1.8828125,-1.12890625
2341,23217027,23517027,0.141784668,0.897949219,-0.405517578,0.0956420898,0.59765625,0.04296875,0.11328125,-2.8984375,-6.5703125,-6.109375,0.064453125,1.8828125,-1.12890625
2342,23232612,23532612,0.140563965,0.899291992,-0.405395508,0.0849609375,0.59765625,0.04296875,0.11328125,-2.8984375,-6.5703125,-6.109375,0.130859375,1.8515625,-1.1328125
2343,23239170,23539170,0.139343262,0.900512695,-0.405090332,0.0747680664,0.56640625,0.11328125,-0.11328125,-2.5234375,-6.640625,-6.1875,0.130859375,1.8515625,-1.1328125
2344,23254433,23554433,0.137939453,0.901733398,-0.404602051,0.0639648438,0.56640625,0.11328125,-0.11328125,-2.5234375,-6.640625,-6.1875,0.087890625,1.73632812,-1.08203125
2345,23258775,23558775,0.13671875,0.902648926,-0.404418945,0.0545043945,0.421875,-0.4296875,-0.3515625,-2.1484375,-6.7109375,-6.2578125,0.087890625,1.73632812,-1.08203125
2346,23272501,23572501,0.135253906,0.903320312,-0.404541016,0.0451049805,0.421875,-0.4296875,-0.3515625,-2.1484375,-6.7109375,-6.2578125,0.21875,1.40039062,-0.994140625
2347,23278220,23578220,0.133605957,0.903747559,-0.404907227,0.0374145508,-0.265625,-0.3671875,0.00390625,-1.8046875,-6.7734375,-6.3046875,0.21875,1.40039062,-0.994140625
2348,23291345,23591345,0.131652832,0.904174805,-0.405334473,0.0296020508,-0.265625,-0.3671875,0.00390625,-1.8046875,-6.7734375,-6.3046875,0.185546875,1.11328125,-0.94140625
2349,23296384,23596384,0.129516602,0.904785156,-0.405090332,0.0232543945,-0.09765625,1.0390625,0.6640625,-1.515625,-6.8359375,-6.3125,0.185546875,1.11328125,-0.94140625
2350,23313502,23613502,0.127075195,0.905639648,-0.404174805,0.0176391602,-0.09765625,1.0390625,0.6640625,-1.515625,-6.8359375,-6.3125,-0.150390625,0.81640625,-0.90234375
2351,23320992,23620992,0.12487793,0.906616211,-0.402832031,0.0125732422,0.42578125,0.6328125,-0.41796875,-1.2734375,-6.8515625,-6.34375,-0.150390625,0.81640625,-0.90234375
2352,23335782,23635782,0.122680664,0.907714844,-0.401184082,0.00708007812,0.42578125,0.6328125,-0.41796875,-1.2734375,-6.8515625,-6.34375,-0.244140625,0.83984375,-0.779296875
2353,23339915,23639915,0.12097168,0.908569336,-0.399780273,0.00213623047,0.3984375,-0.609375,-0.9453125,-1.0546875,-6.8359375,-6.390625,-0.244140625,0.83984375,-0.779296875
2354,23351939,23651939,-0.119506836,-0.909118652,0.398986816,0.00256347656,0.3984375,-0.609375,-0.9453125,-1.0546875,-6.8359375,-6.390625,0,0.74609375,-0.6484375
2355,23358303,23658303,-0.117980957,-0.909423828,0.398742676,0.00720214844,-0.1796875,-1.22265625,-1.1796875,-0.859375,-6.8359375,-6.421875,0,0.74609375,-0.6484375
2356,23372565,23672565,-0.116333008,-0.909484863,0.398864746,0.012512207,-0.1796875,-1.22265625,-1.1796875,-0.859375,-6.8359375,-6.421875,0.193359375,0.85546875,-0.728515625
2357,23376325,23676325,-0.114807129,-0.909484863,0.399108887,0.0180053711,-0.18359375,-0.89453125,-0.64453125,-0.6640625,-6.859375,-6.421875,0.193359375,0.85546875,-0.728515625
2358,23391735,23691735,-0.112976074,-0.909545898,0.399169922,0.0240478516,-0.18359375,-0.89453125,-0.64453125,-0.6640625,-6.859375,-6.421875,0.12890625,0.9140625,-0.806640625
2359,23398635,23698635,-0.111083984,-0.909790039,0.398925781,0.0294189453,-0.24609375,-0.1796875,-0.078125,-0.4453125,-6.8828125,-6.4140625,0.12890625,0.9140625,-0.806640625
2360,23413983,23713983,-0.109008789,-0.91015625,0.398193359,0.0344238281,-0.24609375,-0.1796875,-0.078125,-0.4453125,-6.8828125,-6.4140625,-0.091796875,0.673828125,-0.75
2361,23418883,23718883,-0.107055664,-0.910644531,0.397155762,0.0387573242,0.03125,0.32421875,0.45703125,-0.2265625,-6.890625,-6.4140625,-0.091796875,0.673828125,-0.75
2362,23435715,23735715,-0.105224609,-0.911193848,0.396057129,0.0428466797,0.03125,0.32421875,0.45703125,-0.2265625,-6.890625,-6.4140625,-0.125,0.61328125,-0.640625
2363,23439902,23739902,-0.103759766,-0.911499023,0.395202637,0.0466918945,0.51171875,-0.109375,0.44140625,-0.0546875,-6.875,-6.4375,-0.125,0.61328125,-0.640625
2364,23452896,23752896,-0.102416992,-0.911621094,0.394714355,0.0510253906,0.51171875,-0.109375,0.44140625,-0.0546875,-6.875,-6.4375,0.0625,0.69140625,-0.560546875
2365,23457369,23757369,-0.101257324,-0.911499023,0.394714355,0.0551147461,0.5,-0.41796875,0.6328125,0.109375,-6.875,-6.4375,0.0625,0.69140625,-0.560546875
2366,23470333,23770333,-0.0999755859,-0.911254883,0.395019531,0.0594482422,0.5,-0.41796875,0.6328125,0.109375,-6.875,-6.4375,0.17578125,0.62890625,-0.5390625
2367,23476220,23776220,-0.0986938477,-0.911132812,0.395141602,0.0632324219,0.03125,0.171875,1.0390625,0.2734375,-6.890625,-6.421875,0.17578125,0.62890625,-0.5390625
2368,23493036,23793036,-0.0974121094,-0.911254883,0.39465332,0.0661621094,0.03125,0.171875,1.0390625,0.2734375,-6.890625,-6.421875,-0.099609375,0.412109375,-0.455078125
2369,23496768,23796768,-0.0963134766,-0.911621094,0.393615723,0.0685424805,0.203125,1.09375,1.0625,0.40625,-6.890625,-6.40625,-0.099609375,0.412109375,-0.455078125
2370,23510091,23810091,-0.0955200195,-0.91217041,0.392333984,0.0701904297,0.203125,1.09375,1.0625,0.40625,-6.890625,-6.40625,-0.265625,0.19921875,-0.24609375
2371,23517629,23817629,-0.0950317383,-0.912658691,0.391113281,0.0712280273,0.26953125,0.6875,0.703125,0.4921875,-6.8671875,-6.4296875,-0.265625,0.19921875,-0.24609375
2372,23529901,23829901,-0.0947875977,-0.912963867,0.390319824,0.0720214844,0.26953125,0.6875,0.703125,0.4921875,-6.8671875,-6.4296875,-0.091796875,0.11328125,-0.0859375
2373,23535880,23835880,-0.0946655273,-0.913024902,0.390014648,0.0725097656,0.109375,-0.80078125,0.3046875,0.5390625,-6.8359375,-6.453125,-0.091796875,0.11328125,-0.0859375
2374,23550532,23850532,-0.0946044922,-0.913024902,0.390014648,0.0726318359,0.109375,-0.80078125,0.3046875,0.5390625,-6.8359375,-6.453125,0.001953125,-0.033203125,0.001953125
2375,23556648,23856648,-0.0946044922,-0.913146973,0.389892578,0.0722045898,-0.3671875,-0.6875,0.16015625,0.5546875,-6.8359375,-6.4609375,0.001953125,-0.033203125,0.001953125
2376,23572606,23872606,-0.0946044922,-0.913391113,0.389465332,0.0712280273,-0.3671875,-0.6875,0.16015625,0.5546875,-6.8359375,-6.4609375,-0.16015625,-0.193359375,0.095703125
2377,23576334,23876334,-0.0948486328,-0.913757324,0.38873291,0.0699462891,-0.03515625,-0.05078125,-0.21484375,0.53125,-6.8203125,-6.46875,-0.16015625,-0.193359375,0.095703125
2378,23589301,23889301,-0.0954589844,-0.914306641,0.387695312,0.0681762695,-0.03515625,-0.05078125,-0.21484375,0.53125,-6.8203125,-6.46875,-0.271484375,-0.2890625,0.2578125
2379,23595763,23895763,-0.0962524414,-0.914794922,0.386779785,0.0659790039,0.01953125,-0.6484375,-0.17578125,0.4765625,-6.796875,-6.5078125,-0.271484375,-0.2890625,0.2578125
2380,23611021,23911021,-0.0971679688,-0.915161133,0.386047363,0.0633544922,0.01953125,-0.6484375,-0.17578125,0.4765625,-6.796875,-6.5078125,-0.1953125,-0.42578125,0.384765625
2381,23614759,23914759,-0.0982055664,-0.915405273,0.385620117,0.0604858398,-0.15625,-1.25390625,-0.3046875,0.3828125,-6.765625,-6.53125,-0.1953125,-0.42578125,0.384765625
2382,23628676,23928676,-0.0994262695,-0.915649414,0.385314941,0.0571899414,-0.15625,-1.25390625,-0.3046875,0.3828125,-6.765625,-6.53125,-0.126953125,-0.51953125,0.484375
2383,23635230,23935230,-0.100830078,-0.915771484,0.385131836,0.0536499023,-0.03125,-0.80859375,-0.015625,0.2578125,-6.75,-6.5546875,-0.126953125,-0.51953125,0.484375
2384,23649194,23949194,-0.102355957,-0.915893555,0.38494873,0.0499267578,-0.03125,-0.80859375,-0.015625,0.2578125,-6.75,-6.5546875,-0.150390625,-0.578125,0.59765625
2385,23655178,23955178,-0.104125977,-0.916015625,0.38458252,0.0458984375,0.03125,-0.51953125,0.1640625,0.1171875,-6.734375,-6.578125,-0.150390625,-0.578125,0.59765625
2386,23667276,23967276,-0.106262207,-0.91619873,0.384094238,0.0414428711,0.03125,-0.51953125,0.1640625,0.1171875,-6.734375,-6.578125,-0.240234375,-0.669921875,0.76953125
2387,23676565,23976565,-0.108703613,-0.916442871,0.383422852,0.0365600586,0.01953125,-0.3828125,0.22265625,-0.0625,-6.71875,-6.6015625,-0.240234375,-0.669921875,0.76953125
2388,23688227,23988227,-0.111450195,-0.916625977,0.38269043,0.0311279297,0.01953125,-0.3828125,0.22265625,-0.0625,-6.71875,-6.6015625,-0.314453125,-0.8046875,0.955078125
2389,23694197,23994197,-0.114440918,-0.916748047,0.381896973,0.0251464844,-0.08203125,-0.49609375,-0.00390625,-0.265625,-6.6796875,-6.640625,-0.314453125,-0.8046875,0.955078125
2390,23711813,24011813,-0.117614746,-0.916687012,0.381347656,0.0186767578,-0.08203125,-0.49609375,-0.00390625,-0.265625,-6.6796875,-6.640625,-0.2421875,-0.98828125,1.12890625
2391,23715652,24015652,-0.120910645,-0.916503906,0.381103516,0.0117797852,-0.32421875,-0.8515625,-0.48046875,-0.5234375,-6.6328125,-6.6640625,-0.2421875,-0.98828125,1.12890625
2392,23730508,24030508,-0.124511719,-0.91619873,0.38092041,0.00421142578,-0.32421875,-0.8515625,-0.48046875,-0.5234375,-6.6328125,-6.6640625,-0.177734375,-1.09570312,1.19921875
2393,23734229,24034229,0.127685547,0.91583252,-0.380737305,0.00299072266,-0.1796875,-0.28515625,-0.3125,-0.8203125,-6.5859375,-6.6796875,-0.177734375,-1.09570312,1.19921875
2394,23746622,24046622,0.131103516,0.915466309,-0.380249023,0.010925293,-0.1796875,-0.28515625,-0.3125,-0.8203125,-6.5859375,-6.6796875,-0.310546875,-1.22460938,1.27148438
2395,23759229,24059229,0.134887695,0.915100098,-0.379516602,0.0198364258,0.05078125,0.203125,-0.41796875,-1.125,-6.5390625,-6.6875,-0.310546875,-1.22460938,1.27148438
2396,23768135,24068135,0.138427734,0.914672852,-0.378723145,0.028503418,0.05078125,0.203125,-0.41796875,-1.125,-6.5390625,-6.6875,-0.353515625,-1.4375,1.42382812
2397,23774618,24074618,0.142211914,0.914001465,-0.377990723,0.0390014648,-0.01953125,-0.140625,-0.37109375,-1.4765625,-6.4609375,-6.6953125,-0.353515625,-1.4375,1.42382812
2398,23789469,24089469,0.145568848,0.913146973,-0.377563477,0.0497436523,-0.01953125,-0.140625,-0.37109375,-1.4765625,-6.4609375,-6.6953125,-0.259765625,-1.8515625,1.51171875
2399,23793209,24093209,0.148803711,0.911987305,-0.377258301,0.0614624023,-0.06640625,-0.00390625,-0.80859375,-1.890625,-6.3671875,-6.6796875,-0.259765625,-1.8515625,1.51171875
2400,23808430,24108430,0.152099609,0.910705566,-0.376831055,0.07421875,-0.06640625,-0.00390625,-0.80859375,-1.890625,-6.3671875,-6.6796875,-0.33203125,-2.05078125,1.56054688
2401,23813462,24113462,0.155151367,0.909301758,-0.376220703,0.0871582031,0.28125,0.0859375,-0.89453125,-2.3515625,-6.265625,-6.6328125,-0.33203125,-2.05078125,1.56054688
2402,23830568,24130568,0.157958984,0.907714844,-0.375549316,0.100524902,0.28125,0.0859375,-0.89453125,-2.3515625,-6.265625,-6.6328125,-0.3671875,-2.2578125,1.56445312
2403,23834809,24134809,0.160461426,0.905944824,-0.37512207,0.11315918,-0.30859375,0.10546875,-0.84765625,-2.8359375,-6.1328125,-6.5625,-0.3671875,-2.2578125,1.56445312
2404,23848336,24148336,0.163330078,0.903503418,-0.375,0.127990723,-0.30859375,0.10546875,-0.84765625,-2.8359375,-6.1328125,-6.5625,-0.193359375,-2.46484375,1.66992188
2405,23853365,24153365,0.16595459,0.900939941,-0.374938965,0.141906738,-0.15234375,0.125,-1.06640625,-3.3359375,-6,-6.4609375,-0.193359375,-2.46484375,1.66992188
2406,23870227,24170227,0.168762207,0.897827148,-0.374694824,0.157958984,-0.15234375,0.125,-1.06640625,-3.3359375,-6,-6.4609375,-0.23828125,-2.58007812,1.69140625
2407,23874599,24174599,0.171081543,0.894897461,-0.374511719,0.17199707,-0.12109375,-0.14453125,-0.80078125,-3.8671875,-5.84375,-6.3046875,-0.23828125,-2.58007812,1.69140625
2408,23889934,24189934,0.173522949,0.891418457,-0.374267578,0.187561035,-0.12109375,-0.14453125,-0.80078125,-3.8671875,-5.84375,-6.3046875,-0.212890625,-2.6015625,1.66015625
2409,23893542,24193542,0.175720215,0.888000488,-0.374084473,0.201599121,0.28125,-0.41796875,-0.60546875,-4.3828125,-5.6875,-6.1171875,-0.212890625,-2.6015625,1.66015625
2410,23909692,24209692,0.177978516,0.884033203,-0.374145508,0.216491699,0.28125,-0.41796875,-0.60546875,-4.3828125,-5.6875,-6.1171875,-0.087890625,-2.515625,1.56835938
2411,23913346,24213346,0.179870605,0.880249023,-0.374267578,0.229675293,-0.15234375,-0.23828125,-0.47265625,-4.8671875,-5.5234375,-5.90625,-0.087890625,-2.515625,1.56835938
2412,23927742,24227742,0.181640625,0.875915527,-0.374389648,0.24407959,-0.15234375,-0.23828125,-0.47265625,-4.8671875,-5.5234375,-5.90625,-0.103515625,-2.4765625,1.44335938
2413,23932518,24232518,0.182983398,0.871948242,-0.374389648,0.257080078,-0.16015625,-0.0546875,-0.5234375,-5.3203125,-5.359375,-5.6640625,-0.103515625,-2.4765625,1.44335938
2414,23951692,24251692,0.184143066,0.867370605,-0.374206543,0.27154541,-0.16015625,-0.0546875,-0.5234375,-5.3203125,-5.359375,-5.6640625,-0.162109375,-2.52929688,1.37109375
2415,23956039,24256039,0.184997559,0.863037109,-0.374023438,0.284729004,-0.07421875,-0.1875,-0.17578125,-5.75,-5.1875,-5.3984375,-0.162109375,-2.52929688,1.37109375
2416,23967946,24267946,0.185791016,0.858459473,-0.373901367,0.297851562,-0.07421875,-0.1875,-0.17578125,-5.75,-5.1875,-5.3984375,-0.087890625,-2.4296875,1.26171875
2417,23973680,24273680,0.186462402,0.853942871,-0.374023438,0.310119629,0.16015625,-0.46875,-0.21875,-6.140625,-5.0234375,-5.125,-0.087890625,-2.4296875,1.26171875
2418,23988386,24288386,0.187255859,0.848632812,-0.374389648,0.323425293,0.16015625,-0.46875,-0.21875,-6.140625,-5.0234375,-5.125,0.041015625,-2.44921875,1.22851562
2419,23992689,24292689,0.187866211,0.84362793,-0.374938965,0.335327148,0.0625,0.02734375,-0.5234375,-6.5,-4.8671875,-4.8203125,0.041015625,-2.44921875,1.22851562
2420,24006788,24306788,0.188415527,0.83795166,-0.375549316,0.348266602,0.0625,0.02734375,-0.5234375,-6.5,-4.8671875,-4.8203125,0.06640625,-2.41015625,1.16601562
2421,24012751,24312751,0.188842773,0.832702637,-0.375976562,0.359985352,0.21484375,0.17578125,-0.19921875,-6.84375,-4.7109375,-4.4921875,0.06640625,-2.41015625,1.16601562
2422,24030149,24330149,0.18927002,0.827575684,-0.376342773,0.37097168,0.21484375,0.17578125,-0.19921875,-6.84375,-4.7109375,-4.4921875,0.064453125,-2.20703125,1.0703125
2423,24034292,24334292,0.18963623,0.82208252,-0.376647949,0.382568359,0.2421875,0.03515625,-0.17578125,-7.140625,-4.5703125,-4.171875,0.064453125,-2.20703125,1.0703125
2424,24047621,24347621,0.190002441,0.816772461,-0.376831055,0.393432617,0.2421875,0.03515625,-0.17578125,-7.140625,-4.5703125,-4.171875,0.04296875,-2.12695312,1.06640625
2425,24051349,24351349,0.190490723,0.811767578,-0.376831055,0.403442383,0.33203125,0.1484375,-0.04296875,-7.421875,-4.4140625,-3.84375,0.04296875,-2.12695312,1.06640625
2426,24069898,24369898,0.191101074,0.806396484,-0.376525879,0.414001465,0.33203125,0.1484375,-0.04296875,-7.421875,-4.4140625,-3.84375,-0.017578125,-1.99023438,1.08007812
2427,24074410,24374410,0.191589355,0.801330566,-0.376098633,0.423950195,0.07421875,0.40625,-0.1640625,-7.6640625,-4.25,-3.53125,-0.017578125,-1.99023438,1.08007812
2428,24085687,24385687,0.192016602,0.796203613,-0.375671387,0.43371582,0.07421875,0.40625,-0.1640625,-7.6640625,-4.25,-3.53125,-0.033203125,-1.93359375,1.00976562
2429,24091650,24391650,0.192199707,0.791320801,-0.37512207,0.442871094,0.07421875,0.546875,-0.23046875,-7.890625,-4.0859375,-3.234375,-0.033203125,-1.93359375,1.00976562
2430,24108861,24408861,0.192138672,0.786254883,-0.374511719,0.452331543,0.07421875,0.546875,-0.23046875,-7.890625,-4.0859375,-3.234375,-0.083984375,-1.88085938,0.896484375
2431,24113893,24413893,0.191833496,0.78137207,-0.374084473,0.461181641,-0.0390625,0.27734375,-0.03125,-8.0859375,-3.9296875,-2.9375,-0.083984375,-1.88085938,0.896484375
2432,24129573,24429573,0.191467285,0.776306152,-0.373779297,0.470092773,-0.0390625,0.27734375,-0.03125,-8.0859375,-3.9296875,-2.9375,-0.04296875,-1.83007812,0.8046875
2433,24134007,24434007,0.191040039,0.771179199,-0.373474121,0.478881836,0.1640625,0.17578125,0.0546875,-8.25,-3.7890625,-2.640625,-0.04296875,-1.83007812,0.8046875
2434,24147888,24447888,0.190734863,0.766357422,-0.373291016,0.486816406,0.1640625,0.17578125,0.0546875,-8.25,-3.7890625,-2.640625,0.01953125,-1.71484375,0.74609375
2435,24153343,24453343,0.190490723,0.761779785,-0.373168945,0.494140625,0.2734375,0.234375,-0.08984375,-8.3984375,-3.65625,-2.34375,0.01953125,-1.71484375,0.74609375
2436,24164788,24464788,0.190307617,0.756896973,-0.37310791,0.501708984,0.2734375,0.234375,-0.08984375,-8.3984375,-3.65625,-2.34375,0.037109375,-1.52734375,0.67578125
2437,24171690,24471690,0.190063477,0.752319336,-0.37298584,0.508728027,0.28515625,0.61328125,0.203125,-8.5234375,-3.5390625,-2.0625,0.037109375,-1.52734375,0.67578125
2438,24188869,24488869,0.189697266,0.74798584,-0.372924805,0.515197754,0.28515625,0.61328125,0.203125,-8.5234375,-3.5390625,-2.0625,0.01171875,-1.4296875,0.587890625
2439,24192498,24492498,0.189208984,0.743896484,-0.372802734,0.521362305,0.38671875,0.359375,0.4921875,-8.625,-3.4375,-1.8125,0.01171875,-1.4296875,0.587890625
2440,24206742,24506742,0.188476562,0.739929199,-0.372802734,0.527282715,0.38671875,0.359375,0.4921875,-8.625,-3.4375,-1.8125,0,-1.32421875,0.447265625
2441,24211285,24511285,0.18762207,0.73626709,-0.372924805,0.532592773,0.35546875,0.11328125,0.41796875,-8.7109375,-3.34375,-1.5859375,0,-1.32421875,0.447265625
2442,24228290,24528290,0.186584473,0.73248291,-0.373046875,0.538024902,0.35546875,0.11328125,0.41796875,-8.7109375,-3.34375,-1.5859375,-0.01953125,-1.20117188,0.341796875
2443,24232959,24532959,0.18560791,0.729248047,-0.373168945,0.542724609,0.6875,0.47265625,0.26953125,-8.7734375,-3.28125,-1.359375,-0.01953125,-1.20117188,0.341796875
2444,24246111,24546111,0.184692383,0.726013184,-0.37322998,0.547241211,0.6875,0.47265625,0.26953125,-8.7734375,-3.28125,-1.359375,-0.005859375,-1.00585938,0.296875
2445,24249836,24549836,0.183959961,0.723327637,-0.373291016,0.551025391,0.8125,0.37109375,-0.03515625,-8.8203125,-3.21875,-1.171875,-0.005859375,-1.00585938,0.296875
2446,24268154,24568154,0.183410645,0.72064209,-0.37322998,0.554748535,0.8125,0.37109375,-0.03515625,-8.8203125,-3.21875,-1.171875,-0.01953125,-0.791015625,0.28515625
2447,24272282,24572282,0.182922363,0.718322754,-0.37310791,0.557983398,0.50390625,0.5546875,0.23046875,-8.859375,-3.171875,-1.015625,-0.01953125,-0.791015625,0.28515625
2448,24286150,24586150,0.182373047,0.716125488,-0.373046875,0.561035156,0.50390625,0.5546875,0.23046875,-8.859375,-3.171875,-1.015625,-0.0234375,-0.666015625,0.20703125
2449,24289870,24589870,0.18182373,0.714294434,-0.37298584,0.563537598,0,0.30859375,0.2890625,-8.890625,-3.1171875,-0.8828125,-0.0234375,-0.666015625,0.20703125
2450,24305183,24605183,0.181091309,0.712402344,-0.373046875,0.566162109,0,0.30859375,0.2890625,-8.890625,-3.1171875,-0.8828125,-0.03515625,-0.591796875,0.126953125
2451,24310075,24610075,0.180358887,0.710876465,-0.373046875,0.56829834,0.09375,0.54296875,0.1796875,-8.90625,-3.0859375,-0.7734375,-0.03515625,-0.591796875,0.126953125
2452,24325259,24625259,0.179626465,0.709411621,-0.37298584,0.57043457,0.09375,0.54296875,0.1796875,-8.90625,-3.0859375,-0.7734375,-0.046875,-0.466796875,0.10546875
2453,24330301,24630301,0.179077148,0.708251953,-0.372924805,0.57208252,0.53125,0.21484375,0.1640625,-8.921875,-3.0625,-0.6796875,-0.046875,-0.466796875,0.10546875
2454,24346437,24646437,0.178771973,0.707275391,-0.37286377,0.573425293,0.53125,0.21484375,0.1640625,-8.921875,-3.0625,-0.6796875,-0.029296875,-0.25390625,0.080078125
2455,24350720,24650720,0.178527832,0.706726074,-0.372741699,0.57421875,0.58203125,0.16015625,0.25390625,-8.9375,-3.046875,-0.6171875,-0.029296875,-0.25390625,0.080078125
2456,24365181,24665181,0.178344727,0.706420898,-0.372680664,0.574645996,0.58203125,0.16015625,0.25390625,-8.9375,-3.046875,-0.6171875,-0.0234375,-0.05859375,0.009765625
2457,24368907,24668907,0.178222656,0.706481934,-0.372619629,0.574707031,0.546875,0.15234375,0.421875,-8.9375,-3.0390625,-0.59375,-0.0234375,-0.05859375,0.009765625
2458,24385530,24685530,0.178100586,0.70690918,-0.372497559,0.57421875,0.546875,0.15234375,0.421875,-8.9375,-3.0390625,-0.59375,-0.046875,0.16015625,-0.068359375
2459,24389287,24689287,0.178039551,0.707702637,-0.372375488,0.573425293,0.69921875,0,0.4765625,-8.9375,-3.0390625,-0.609375,-0.046875,0.16015625,-0.068359375
2460,24404155,24704155,0.178039551,0.708862305,-0.372253418,0.57208252,0.69921875,0,0.4765625,-8.9375,-3.0390625,-0.609375,-0.05859375,0.380859375,-0.146484375
2461,24409185,24709185,0.178100586,0.710449219,-0.372131348,0.57019043,0.7578125,0.0625,0.4765625,-8.921875,-3.0625,-0.6484375,-0.05859375,0.380859375,-0.146484375
2462,24424194,24724194,0.178161621,0.712341309,-0.372009277,0.567810059,0.7578125,0.0625,0.4765625,-8.921875,-3.0625,-0.6484375,-0.078125,0.623046875,-0.251953125
2463,24429499,24729499,0.178161621,0.71472168,-0.371887207,0.564880371,0.890625,0.1015625,0.46484375,-8.8984375,-3.1015625,-0.75,-0.078125,0.623046875,-0.251953125
2464,24444139,24744139,0.178222656,0.717407227,-0.371765137,0.561523438,0.890625,0.1015625,0.46484375,-8.8984375,-3.1015625,-0.75,-0.095703125,0.90234375,-0.365234375
2465,24449178,24749178,0.178405762,0.720947266,-0.371643066,0.557067871,1.1640625,0.140625,0.3359375,-8.8671875,-3.140625,-0.890625,-0.095703125,0.90234375,-0.365234375
2466,24464197,24764197,0.178588867,0.72467041,-0.371520996,0.552185059,1.1640625,0.140625,0.3359375,-8.8671875,-3.140625,-0.890625,-0.099609375,1.2421875,-0.486328125
2467,24468955,24768955,0.178894043,0.728759766,-0.371398926,0.546813965,1.1875,0.25390625,0.33984375,-8.8125,-3.21875,-1.0859375,-0.099609375,1.2421875,-0.486328125
2468,24483744,24783744,0.179382324,0.733703613,-0.371337891,0.540039062,1.1875,0.25390625,0.33984375,-8.8125,-3.21875,-1.0859375,-0.078125,1.54492188,-0.595703125
2469,24488781,24788781,0.179870605,0.738647461,-0.371276855,0.533081055,0.6953125,0.2734375,0.48046875,-8.7421875,-3.3125,-1.34375,-0.078125,1.54492188,-0.595703125
2470,24502698,24802698,0.180297852,0.743835449,-0.371398926,0.52557373,0.6953125,0.2734375,0.48046875,-8.7421875,-3.3125,-1.34375,-0.041015625,1.74414062,-0.716796875
2471,24508800,24808800,0.180725098,0.749206543,-0.371582031,0.517700195,0.1015625,0.3515625,0.41796875,-8.6484375,-3.4296875,-1.625,-0.041015625,1.74414062,-0.716796875
2472,24525263,24825263,0.180969238,0.754699707,-0.371826172,0.509338379,0.1015625,0.3515625,0.41796875,-8.6484375,-3.4296875,-1.625,-0.05078125,1.84570312,-0.8359375
2473,24529022,24829022,0.181030273,0.760009766,-0.372131348,0.501159668,-0.24609375,0.16796875,0.1484375,-8.53125,-3.5546875,-1.9296875,-0.05078125,1.84570312,-0.8359375
2474,24543490,24843490,0.181091309,0.76574707,-0.372558594,0.491943359,-0.24609375,0.16796875,0.1484375,-8.53125,-3.5546875,-1.9296875,-0.015625,1.89648438,-0.921875
2475,24548808,24848808,0.181030273,0.77142334,-0.373168945,0.48260498,-0.19921875,0.00390625,0.125,-8.3828125,-3.6953125,-2.25,-0.015625,1.89648438,-0.921875
2476,24564425,24864425,0.180969238,0.776794434,-0.373901367,0.473266602,-0.19921875,0.00390625,0.125,-8.3828125,-3.6953125,-2.25,0.064453125,2,-1.01171875
2477,24568162,24868162,0.180969238,0.782104492,-0.374755859,0.463806152,0.125,-0.25390625,0.13671875,-8.2109375,-3.859375,-2.5703125,0.064453125,2,-1.01171875
2478,24583185,24883185,0.181030273,0.787902832,-0.375854492,0.452880859,0.125,-0.25390625,0.13671875,-8.2109375,-3.859375,-2.5703125,0.154296875,2.14648438,-1.09375
2479,24590200,24890200,0.181030273,0.793518066,-0.37701416,0.442016602,0.04296875,-0.11328125,0.16015625,-8.015625,-4.0390625,-2.8984375,0.154296875,2.14648438,-1.09375
2480,24603330,24903330,0.180908203,0.798828125,-0.378112793,0.43145752,0.04296875,-0.11328125,0.16015625,-8.015625,-4.0390625,-2.8984375,0.1484375,2.21484375,-1.171875
2481,24609312,24909312,0.180725098,0.804382324,-0.379150391,0.42010498,-0.14453125,-0.0078125,-0.046875,-7.7890625,-4.21875,-3.2265625,0.1484375,2.21484375,-1.171875
2482,24621981,24921981,0.180358887,0.810119629,-0.380187988,0.408203125,-0.14453125,-0.0078125,-0.046875,-7.7890625,-4.21875,-3.2265625,0.130859375,2.26367188,-1.21289062
2483,24629566,24929566,0.179992676,0.815490723,-0.381164551,0.39654541,-0.09375,-0.08203125,-0.01953125,-7.53125,-4.4140625,-3.5625,0.130859375,2.26367188,-1.21289062
2484,24641300,24941300,0.1796875,0.820800781,-0.382263184,0.384643555,-0.09375,-0.08203125,-0.01953125,-7.53125,-4.4140625,-3.5625,0.193359375,2.3046875,-1.23632812
2485,24648635,24948635,0.179382324,0.825927734,-0.383300781,0.372558594,-0.0703125,-0.3828125,-0.08203125,-7.25,-4.609375,-3.8828125,0.193359375,2.3046875,-1.23632812
2486,24662472,24962472,0.178955078,0.830871582,-0.384338379,0.360351562,-0.0703125,-0.3828125,-0.08203125,-7.25,-4.609375,-3.8828125,0.203125,2.3515625,-1.29101562
2487,24668212,24968212,0.178405762,0.83581543,-0.385437012,0.347839355,-0.4140625,-0.3046875,-0.11328125,-6.9453125,-4.8046875,-4.1953125,0.203125,2.3515625,-1.29101562
2488,24682441,24982441,0.17767334,0.840393066,-0.386291504,0.335998535,-0.4140625,-0.3046875,-0.11328125,-6.9453125,-4.8046875,-4.1953125,0.15625,2.3203125,-1.328125
2489,24688420,24988420,0.176696777,0.845397949,-0.387023926,0.322937012,-0.39453125,0.06640625,-0.20703125,-6.6171875,-4.984375,-4.484375,0.15625,2.3203125,-1.328125
2490,24704040,25004040,0.175537109,0.850097656,-0.387512207,0.31048584,-0.39453125,0.06640625,-0.20703125,-6.6171875,-4.984375,-4.484375,0.0703125,2.28710938,-1.34960938
2491,24708318,25008318,0.174377441,0.854370117,-0.387817383,0.29864502,-0.41015625,0.1015625,-0.33984375,-6.2578125,-5.171875,-4.7734375,0.0703125,2.28710938,-1.34960938
2492,24722495,25022495,0.172973633,0.858947754,-0.388061523,0.285827637,-0.41015625,0.1015625,-0.33984375,-6.2578125,-5.171875,-4.7734375,0.052734375,2.25195312,-1.36328125
2493,24729302,25029302,0.171569824,0.862915039,-0.388244629,0.274169922,-0.34765625,-0.078125,-0.06640625,-5.8984375,-5.3359375,-5.046875,0.052734375,2.25195312,-1.36328125
2494,24742113,25042113,0.16986084,0.86706543,-0.38848877,0.261474609,-0.34765625,-0.078125,-0.06640625,-5.8984375,-5.3359375,-5.046875,0.06640625,2.15820312,-1.37695312
2495,24747805,25047805,0.168151855,0.870910645,-0.388793945,0.249145508,-0.42578125,-0.14453125,-0.0234375,-5.515625,-5.5,-5.28125,0.06640625,2.15820312,-1.37695312
2496,24764588,25064588,0.166442871,0.874267578,-0.388977051,0.237976074,-0.42578125,-0.14453125,-0.0234375,-5.515625,-5.5,-5.28125,0.048828125,2.09375,-1.38476562
2497,24769294,25069294,0.164367676,0.877868652,-0.388977051,0.225769043,-0.1875,0.05078125,-0.11328125,-5.140625,-5.65625,-5.5,0.048828125,2.09375,-1.38476562
2498,24781544,25081544,0.162231445,0.881347656,-0.388793945,0.213928223,-0.1875,0.05078125,-0.11328125,-5.140625,-5.65625,-5.5,-0.041015625,2.08203125,-1.41015625
2499,24787835,25087835,0.159973145,0.884765625,-0.388305664,0.202026367,-0.0859375,0.265625,-0.1015625,-4.7421875,-5.796875,-5.703125,-0.041015625,2.08203125,-1.41015625
2500,24800726,25100726,0.157775879,0.888000488,-0.387634277,0.190551758,-0.0859375,0.265625,-0.1015625,-4.7421875,-5.796875,-5.703125,-0.083984375,2.00390625,-1.36132812
2501,24806700,25106700,0.155517578,0.891174316,-0.386779785,0.178955078,-0.02734375,0.4609375,-0.48046875,-4.34375,-5.9140625,-5.8984375,-0.083984375,2.00390625,-1.36132812
2502,24820806,25120806,0.153564453,0.894165039,-0.385803223,0.167602539,-0.02734375,0.4609375,-0.48046875,-4.34375,-5.9140625,-5.8984375,-0.115234375,2.00976562,-1.2578125
2503,24826509,25126509,0.151794434,0.896911621,-0.38482666,0.156311035,-0.15625,0.0546875,-0.26171875,-3.9453125,-6.0078125,-6.078125,-0.115234375,2.00976562,-1.2578125
2504,24843534,25143534,0.15020752,0.899291992,-0.384033203,0.145568848,-0.15625,0.0546875,-0.26171875,-3.9453125,-6.0078125,-6.078125,-0.0234375,1.98242188,-1.20117188
2505,24847265,25147265,0.148498535,0.901550293,-0.383422852,0.13458252,-0.2421875,-0.48046875,-0.1796875,-3.5546875,-6.0859375,-6.234375,-0.0234375,1.98242188,-1.20117188
2506,24862507,25162507,0.146606445,0.903564453,-0.383056641,0.123840332,-0.2421875,-0.48046875,-0.1796875,-3.5546875,-6.0859375,-6.234375,0.0859375,1.76171875,-1.1875
2507,24866719,25166719,0.144714355,0.905273438,-0.382751465,0.114013672,-0.26953125,-0.0078125,-0.25,-3.1796875,-6.171875,-6.359375,0.0859375,1.76171875,-1.1875
2508,24879888,25179888,0.142578125,0.907104492,-0.382141113,0.103820801,-0.26953125,-0.0078125,-0.25,-3.1796875,-6.171875,-6.359375,-0.033203125,1.69140625,-1.1640625
2509,24887175,25187175,0.14050293,0.908813477,-0.381347656,0.0941772461,0.203125,0.25390625,-0.18359375,-2.8125,-6.2421875,-6.4609375,-0.033203125,1.69140625,-1.1640625
2510,24901761,25201761,0.138366699,0.91027832,-0.38079834,0.0850830078,0.203125,0.25390625,-0.18359375,-2.8125,-6.2421875,-6.4609375,0.033203125,1.5078125,-1.11523438
2511,24905198,25205198,0.136291504,0.911437988,-0.380615234,0.0766601562,0.3515625,-0.3828125,-0.40625,-2.4609375,-6.296875,-6.546875,0.033203125,1.5078125,-1.11523438
2512,24919462,25219462,0.134094238,0.912353516,-0.38092041,0.0676879883,0.3515625,-0.3828125,-0.40625,-2.4609375,-6.296875,-6.546875,0.228515625,1.39648438,-1.05664062
2513,24926738,25226738,0.131896973,0.913024902,-0.381347656,0.0591430664,0.26171875,-0.08203125,0.0234375,-2.140625,-6.3671875,-6.59375,0.228515625,1.39648438,-1.05664062
2514,24941080,25241080,0.129821777,0.913696289,-0.381652832,0.0514526367,0.26171875,-0.08203125,0.0234375,-2.140625,-6.3671875,-6.59375,0.169921875,1.29296875,-1.0234375
2515,24945544,25245544,0.127746582,0.914367676,-0.381713867,0.0438232422,0.26171875,0.21875,0.125,-1.8359375,-6.4375,-6.6171875,0.169921875,1.29296875,-1.0234375
2516,24960405,25260405,0.125549316,0.915100098,-0.381408691,0.0364990234,0.26171875,0.21875,0.125,-1.8359375,-6.4375,-6.6171875,-0.01953125,1.08984375,-0.90625
2517,24966757,25266757,0.123596191,0.91595459,-0.380615234,0.030090332,0.47265625,0.45703125,0.0390625,-1.546875,-6.484375,-6.6484375,-0.01953125,1.08984375,-0.90625
2518,24980830,25280830,0.121704102,0.916870117,-0.379394531,0.0239257812,0.47265625,0.45703125,0.0390625,-1.546875,-6.484375,-6.6484375,-0.1875,1.00195312,-0.8046875
2519,24984766,25284766,0.120056152,0.917785645,-0.378051758,0.0181884766,0.3359375,0.15625,0.078125,-1.296875,-6.4921875,-6.6875,-0.1875,1.00195312,-0.8046875
2520,25000815,25300815,0.118408203,0.918640137,-0.37677002,0.0123291016,0.3359375,0.15625,0.078125,-1.296875,-6.4921875,-6.6875,-0.111328125,0.935546875,-0.705078125
2521,25005594,25305594,0.11706543,0.919189453,-0.375915527,0.00708007812,0.21484375,-0.43359375,-0.1015625,-1.0625,-6.4765625,-6.734375,-0.111328125,0.935546875,-0.705078125
2522,25020230,25320230,0.115661621,0.919677734,-0.375183105,0.00183105469,0.21484375,-0.43359375,-0.1015625,-1.0625,-6.4765625,-6.734375,-0.06640625,0.84375,-0.638671875
2523,25025670,25325670,-0.114318848,-0.920288086,0.374206543,0.00317382812,0.05078125,-0.15625,-0.33984375,-0.859375,-6.484375,-6.765625,-0.06640625,0.84375,-0.638671875
2524,25039758,25339758,-0.113037109,-0.920837402,0.373168945,0.00744628906,0.05078125,-0.15625,-0.33984375,-0.859375,-6.484375,-6.765625,-0.173828125,0.701171875,-0.544921875
2525,25045723,25345723,-0.111877441,-0.921386719,0.371948242,0.0115356445,-0.05078125,-0.31640625,-0.73828125,-0.6796875,-6.4765625,-6.7890625,-0.173828125,0.701171875,-0.544921875
2526,25059242,25359242,-0.110900879,-0.921875,0.371032715,0.0151977539,-0.05078125,-0.31640625,-0.73828125,-0.6796875,-6.4765625,-6.7890625,-0.10546875,0.64453125,-0.490234375
2527,25065656,25365656,-0.109802246,-0.922180176,0.370300293,0.0191650391,-0.20703125,-1.13671875,-0.9375,-0.5234375,-6.4609375,-6.8203125,-0.10546875,0.64453125,-0.490234375
2528,25081804,25381804,-0.108825684,-0.922424316,0.369812012,0.0230102539,-0.20703125,-1.13671875,-0.9375,-0.5234375,-6.4609375,-6.8203125,0.015625,0.65234375,-0.482421875
2529,25085407,25385407,-0.107849121,-0.922485352,0.369628906,0.0267944336,-0.2109375,-1.17578125,-1.12109375,-0.3671875,-6.4609375,-6.828125,0.015625,0.65234375,-0.482421875
2530,25098752,25398752,-0.106811523,-0.922485352,0.369628906,0.0311279297,-0.2109375,-1.17578125,-1.12109375,-0.3671875,-6.4609375,-6.828125,0.123046875,0.666015625,-0.48828125
2531,25105150,25405150,-0.105773926,-0.922424316,0.369812012,0.0349731445,-0.13671875,-0.6640625,-0.78125,-0.2109375,-6.4765625,-6.8203125,0.123046875,0.666015625,-0.48828125
2532,25119257,25419257,-0.104675293,-0.922363281,0.369873047,0.0386352539,-0.13671875,-0.6640625,-0.78125,-0.2109375,-6.4765625,-6.8203125,0.08984375,0.58984375,-0.501953125
2533,25124281,25424281,-0.10333252,-0.922363281,0.369750977,0.0422973633,-0.125,-0.640625,-0.4453125,-0.0703125,-6.5,-6.8125,0.08984375,0.58984375,-0.501953125
2534,25139069,25439069,-0.102050781,-0.922424316,0.369628906,0.0459594727,-0.125,-0.640625,-0.4453125,-0.0703125,-6.5,-6.8125,0.08203125,0.56640625,-0.5
2535,25145014,25445014,-0.100708008,-0.922363281,0.369689941,0.0494384766,0.0703125,-0.32421875,0.01171875,0.078125,-6.5078125,-6.8125,0.08203125,0.56640625,-0.5
2536,25161304,25461304,-0.0993652344,-0.922363281,0.369689941,0.0525512695,0.0703125,-0.32421875,0.01171875,0.078125,-6.5078125,-6.8125,0.06640625,0.439453125,-0.466796875
2537,25165047,25465047,-0.0981445312,-0.922363281,0.369628906,0.0552368164,0.359375,0.21875,0.45703125,0.2109375,-6.515625,-6.796875,0.06640625,0.439453125,-0.466796875
2538,25180996,25480996,-0.0969238281,-0.922363281,0.369506836,0.057800293,0.359375,0.21875,0.45703125,0.2109375,-6.515625,-6.796875,0.021484375,0.353515625,-0.376953125
2539,25184751,25484751,-0.0959472656,-0.922424316,0.369262695,0.0598754883,0.44140625,0.45703125,0.375,0.3203125,-6.5234375,-6.7890625,0.021484375,0.353515625,-0.376953125
2540,25200338,25500338,-0.0950927734,-0.922485352,0.36895752,0.0618896484,0.44140625,0.45703125,0.375,0.3203125,-6.5234375,-6.7890625,-0.013671875,0.2890625,-0.28515625
2541,25204065,25504065,-0.0944213867,-0.922485352,0.368835449,0.063659668,0.546875,0.21875,0.48828125,0.40625,-6.515625,-6.7890625,-0.013671875,0.2890625,-0.28515625
2542,25218346,25518346,-0.0939331055,-0.922363281,0.369018555,0.0654907227,0.546875,0.21875,0.48828125,0.40625,-6.515625,-6.7890625,0.11328125,0.263671875,-0.201171875
2543,25226902,25526902,-0.0935058594,-0.922119141,0.369384766,0.0668945312,0.25,0.11328125,0.81640625,0.4765625,-6.5234375,-6.7734375,0.11328125,0.263671875,-0.201171875
2544,25239208,25539208,-0.0932617188,-0.921936035,0.369812012,0.0678710938,0.25,0.11328125,0.81640625,0.4765625,-6.5234375,-6.7734375,0.1015625,0.1171875,-0.046875
2545,25248374,25548374,-0.0935058594,-0.92175293,0.370178223,0.0681762695,0.125,0.2421875,0.91796875,0.5234375,-6.5390625,-6.7578125,0.1015625,0.1171875,-0.046875
2546,25257964,25557964,-0.0941772461,-0.921569824,0.370544434,0.0676269531,0.125,0.2421875,0.91796875,0.5234375,-6.5390625,-6.7578125,0.05078125,-0.130859375,0.22265625
2547,25264790,25564790,-0.0947875977,-0.921386719,0.371032715,0.0661010742,-0.96875,-1.01171875,0.296875,0.5078125,-6.546875,-6.75,0.05078125,-0.130859375,0.22265625
2548,25280486,25580486,-0.0950927734,-0.921325684,0.371520996,0.0639038086,-0.96875,-1.01171875,0.296875,0.5078125,-6.546875,-6.75,0.013671875,-0.4375,0.185546875
2549,25286603,25586603,-0.0951538086,-0.921508789,0.371398926,0.0618286133,-0.48046875,-0.046875,-0.59375,0.4375,-6.5546875,-6.7421875,0.013671875,-0.4375,0.185546875
2550,25298215,25598215,-0.0955810547,-0.921875,0.370666504,0.0600585938,-0.48046875,-0.046875,-0.59375,0.4375,-6.5546875,-6.7421875,-0.224609375,-0.19921875,0.205078125
2551,25305561,25605561,-0.096496582,-0.922180176,0.369934082,0.0588378906,0.77734375,0.7109375,0.3125,0.3671875,-6.546875,-6.765625,-0.224609375,-0.19921875,0.205078125
2552,25318575,25618575,-0.0980224609,-0.922302246,0.369445801,0.0572509766,0.77734375,0.7109375,0.3125,0.3671875,-6.546875,-6.765625,-0.076171875,-0.20703125,0.4296875
2553,25327617,25627617,-0.0995483398,-0.922180176,0.369689941,0.0550537109,0.07421875,-0.73046875,1.63671875,0.3046875,-6.5234375,-6.7890625,-0.076171875,-0.20703125,0.4296875
2554,25338649,25638649,-0.101074219,-0.921936035,0.370361328,0.051574707,0.07421875,-0.73046875,1.63671875,0.3046875,-6.5234375,-6.7890625,0.048828125,-0.626953125,0.568359375
2555,25344887,25644887,-0.102539062,-0.921813965,0.370727539,0.0473022461,-0.2578125,0.234375,1.3671875,0.1796875,-6.53125,-6.7890625,0.048828125,-0.626953125,0.568359375
2556,25357795,25657795,-0.104370117,-0.921936035,0.370605469,0.0417480469,-0.2578125,0.234375,1.3671875,0.1796875,-6.53125,-6.7890625,-0.2265625,-0.912109375,0.76953125
2557,25365951,25665951,-0.106506348,-0.922180176,0.370056152,0.0355834961,0.01171875,0.53515625,0.65625,-0.015625,-6.5234375,-6.8046875,-0.2265625,-0.912109375,0.76953125
2558,25377491,25677491,-0.108886719,-0.922363281,0.369445801,0.0292358398,0.01171875,0.53515625,0.65625,-0.015625,-6.5234375,-6.8046875,-0.26953125,-1.00585938,0.962890625
2559,25384073,25684073,-0.111694336,-0.922424316,0.369018555,0.0225830078,0.0625,-0.08203125,0,-0.2578125,-6.484375,-6.8359375,-0.26953125,-1.00585938,0.962890625
2560,25397194,25697194,-0.114868164,-0.922180176,0.368896484,0.015625,0.0625,-0.08203125,0,-0.2578125,-6.484375,-6.8359375,-0.146484375,-1.07617188,1.16015625
2561,25405936,25705936,-0.118408203,-0.921813965,0.369018555,0.00799560547,0.10546875,-0.50390625,-0.1015625,-0.53125,-6.4453125,-6.8515625,-0.146484375,-1.07617188,1.16015625
2562,25419186,25719186,0.122009277,0.921264648,-0.369262695,6.10351562e-05,0.10546875,-0.50390625,-0.1015625,-0.53125,-6.4453125,-6.8515625,-0.134765625,-1.31640625,1.33203125
2563,25423134,25723134,0.125610352,0.920654297,-0.369445801,0.00872802734,0.04296875,-0.2265625,-0.109375,-0.8515625,-6.4140625,-6.84375,-0.134765625,-1.31640625,1.33203125
2564,25437046,25737046,0.129516602,0.919921875,-0.369506836,0.01953125,0.04296875,-0.2265625,-0.109375,-0.8515625,-6.4140625,-6.84375,-0.23046875,-1.73828125,1.49023438
2565,25445371,25745371,0.133117676,0.919189453,-0.369384766,0.0308227539,0.16796875,0.140625,-0.5078125,-1.2421875,-6.359375,-6.828125,-0.23046875,-1.73828125,1.49023438
2566,25456687,25756687,0.136657715,0.918334961,-0.36895752,0.0426635742,0.16796875,0.140625,-0.5078125,-1.2421875,-6.359375,-6.828125,-0.32421875,-1.96289062,1.59179688
2567,25462685,25762685,0.140258789,0.917358398,-0.368469238,0.0551757812,0.265625,-0.20703125,-0.984375,-1.6875,-6.28125,-6.8125,-0.32421875,-1.96289062,1.59179688
2568,25478821,25778821,0.143737793,0.91607666,-0.368103027,0.0679931641,0.265625,-0.20703125,-0.984375,-1.6875,-6.28125,-6.8125,-0.30078125,-2.17773438,1.63085938
2569,25485236,25785236,0.146789551,0.914672852,-0.367736816,0.0809936523,-0.4375,-0.77734375,-1.2890625,-2.171875,-6.171875,-6.7734375,-0.30078125,-2.17773438,1.63085938
2570,25497843,25797843,0.149719238,0.912780762,-0.367736816,0.0958251953,-0.4375,-0.77734375,-1.2890625,-2.171875,-6.171875,-6.7734375,-0.181640625,-2.4921875,1.61132812
2571,25501278,25801278,0.152282715,0.910461426,-0.368408203,0.109924316,-1.22265625,-1.3125,-1.4453125,-2.6875,-6.0546875,-6.6953125,-0.181640625,-2.4921875,1.61132812
2572,25517482,25817482,0.155151367,0.907470703,-0.369567871,0.125793457,-1.22265625,-1.3125,-1.4453125,-2.6875,-6.0546875,-6.6953125,-0.0078125,-2.77148438,1.72851562
2573,25524616,25824616,0.157653809,0.904418945,-0.370544434,0.141052246,-0.984375,-0.95703125,-1.2109375,-3.234375,-5.953125,-6.546875,-0.0078125,-2.77148438,1.72851562
2574,25536861,25836861,0.16027832,0.900695801,-0.371704102,0.157897949,-0.984375,-0.95703125,-1.2109375,-3.234375,-5.953125,-6.546875,0.046875,-2.90234375,1.7109375
2575,25541809,25841809,0.162414551,0.896911621,-0.372924805,0.173400879,-0.71875,-0.9140625,-0.953125,-3.8046875,-5.84375,-6.34375,0.046875,-2.90234375,1.7109375
2576,25556793,25856793,0.164489746,0.892578125,-0.374572754,0.189758301,-0.71875,-0.9140625,-0.953125,-3.8046875,-5.84375,-6.34375,0.193359375,-2.84570312,1.59570312
2577,25562203,25862203,0.166259766,0.888305664,-0.376159668,0.204345703,-0.46875,-0.5,-0.66015625,-4.359375,-5.71875,-6.1015625,0.193359375,-2.84570312,1.59570312
2578,25574610,25874610,0.16796875,0.883422852,-0.378051758,0.220031738,-0.46875,-0.5,-0.66015625,-4.359375,-5.71875,-6.1015625,0.26953125,-2.77929688,1.48242188
2579,25582243,25882243,0.169494629,0.878540039,-0.379943848,0.234741211,-0.26953125,-0.34375,-0.6328125,-4.8671875,-5.609375,-5.8203125,0.26953125,-2.77929688,1.48242188
2580,25595290,25895290,0.170837402,0.873474121,-0.381652832,0.249389648,-0.26953125,-0.34375,-0.6328125,-4.8671875,-5.609375,-5.8203125,0.220703125,-2.72851562,1.4140625
2581,25604224,25904224,0.17199707,0.868408203,-0.383056641,0.263793945,-0.10546875,0.18359375,-0.45703125,-5.3359375,-5.484375,-5.5,0.220703125,-2.72851562,1.4140625
2582,25616848,25916848,0.172912598,0.86328125,-0.384277344,0.277770996,-0.10546875,0.18359375,-0.45703125,-5.3359375,-5.484375,-5.5,0.146484375,-2.65429688,1.33203125
2583,25622258,25922258,0.173706055,0.858337402,-0.385192871,0.29107666,0.22265625,0.2890625,-0.1953125,-5.78125,-5.359375,-5.1875,0.146484375,-2.65429688,1.33203125
2584,25635668,25935668,0.174499512,0.853088379,-0.386047363,0.30456543,0.22265625,0.2890625,-0.1953125,-5.78125,-5.359375,-5.1875,0.140625,-2.546875,1.2734375
2585,25645811,25945811,0.175170898,0.847717285,-0.38684082,0.317810059,0.5078125,0.41796875,-0.015625,-6.1796875,-5.21875,-4.8671875,0.140625,-2.546875,1.2734375
2586,25655810,25955810,0.17565918,0.842834473,-0.387390137,0.329711914,0.5078125,0.41796875,-0.015625,-6.1796875,-5.21875,-4.8671875,0.064453125,-2.375,1.15820312
2587,25661790,25961790,0.176086426,0.837463379,-0.387756348,0.342468262,0.3984375,0.46875,0.0078125,-6.53125,-5.078125,-4.546875,0.064453125,-2.375,1.15820312
2588,25675707,25975707,0.176391602,0.832702637,-0.388000488,0.35345459,0.3984375,0.46875,0.0078125,-6.53125,-5.078125,-4.546875,0.041015625,-2.27539062,1.13671875
2589,25681206,25981206,0.176757812,0.827331543,-0.388061523,0.365539551,0.52734375,0.43359375,0.0859375,-6.8515625,-4.9296875,-4.2421875,0.041015625,-2.27539062,1.13671875
2590,25696435,25996435,0.177062988,0.82244873,-0.388061523,0.376281738,0.52734375,0.43359375,0.0859375,-6.8515625,-4.9296875,-4.2421875,0.0234375,-2.09570312,1.05078125
2591,25702735,26002735,0.177368164,0.817810059,-0.388000488,0.386230469,0.90234375,0.46875,-0.08203125,-7.1484375,-4.7734375,-3.921875,0.0234375,-2.09570312,1.05078125
2592,25718481,26018481,0.17767334,0.813049316,-0.387939453,0.396118164,0.90234375,0.46875,-0.08203125,-7.1484375,-4.7734375,-3.921875,0.0234375,-1.93945312,0.966796875
2593,25724203,26024203,0.177856445,0.808166504,-0.387878418,0.405944824,0.72265625,0.4453125,-0.29296875,-7.390625,-4.6328125,-3.6328125,0.0234375,-1.93945312,0.966796875
2594,25735127,26035127,0.17791748,0.803649902,-0.387878418,0.414794922,0.72265625,0.4453125,-0.29296875,-7.390625,-4.6328125,-3.6328125,0.03125,-1.80078125,0.853515625
2595,25740739,26040739,0.17791748,0.799072266,-0.387817383,0.423583984,0.78125,0.6640625,0,-7.6015625,-4.5078125,-3.3515625,0.03125,-1.80078125,0.853515625
2596,25755214,26055214,0.177856445,0.794677734,-0.387634277,0.431945801,0.78125,0.6640625,0,-7.6015625,-4.5078125,-3.3515625,-0.009765625,-1.62109375,0.78125
2597,25760206,26060206,0.17779541,0.790649414,-0.387268066,0.439697266,0.5859375,0.5,0.26953125,-7.7890625,-4.3828125,-3.0859375,-0.009765625,-1.62109375,0.78125
2598,25775805,26075805,0.17767334,0.786743164,-0.386901855,0.446960449,0.5859375,0.5,0.26953125,-7.7890625,-4.3828125,-3.0859375,-0.005859375,-1.49804688,0.71484375
2599,25780885,26080885,0.17755127,0.782958984,-0.38671875,0.453735352,0.50390625,0.14453125,0.10546875,-7.9375,-4.2578125,-2.84375,-0.005859375,-1.49804688,0.71484375
2600,25800203,26100203,0.177429199,0.778869629,-0.38671875,0.460754395,0.50390625,0.14453125,0.10546875,-7.9375,-4.2578125,-2.84375,0.083984375,-1.37695312,0.6015625
2601,25804639,26104639,0.177246094,0.775085449,-0.386901855,0.467041016,0.4453125,0.07421875,0.29296875,-8.0703125,-4.1484375,-2.609375,0.083984375,-1.37695312,0.6015625
2602,25814602,26114602,0.177001953,0.771484375,-0.387145996,0.472900391,0.4453125,0.07421875,0.29296875,-8.0703125,-4.1484375,-2.609375,0.0859375,-1.23242188,0.4921875
2603,25821896,26121896,0.176696777,0.768066406,-0.387390137,0.478271484,0.58984375,0.140625,0.2265625,-8.1796875,-4.0625,-2.390625,0.0859375,-1.23242188,0.4921875
2604,25834136,26134136,0.176330566,0.764953613,-0.387634277,0.483215332,0.58984375,0.140625,0.2265625,-8.1796875,-4.0625,-2.390625,0.052734375,-1.04296875,0.388671875
2605,25840235,26140235,0.175842285,0.762207031,-0.387756348,0.487609863,0.53125,0.5,0.30859375,-8.2734375,-4,-2.203125,0.052734375,-1.04296875,0.388671875
2606,25855478,26155478,0.175292969,0.759765625,-0.387817383,0.491577148,0.53125,0.5,0.30859375,-8.2734375,-4,-2.203125,-0.005859375,-0.83984375,0.28515625
2607,25858975,26158975,0.174804688,0.757629395,-0.387817383,0.494995117,0.40234375,0.21484375,0.2578125,-8.3359375,-3.9453125,-2.0390625,-0.005859375,-0.83984375,0.28515625
2608,25873618,26173618,0.174438477,0.75579834,-0.387878418,0.497924805,0.40234375,0.21484375,0.2578125,-8.3359375,-3.9453125,-2.0390625,0.025390625,-0.611328125,0.224609375
2609,25879208,26179208,0.174255371,0.754089355,-0.387939453,0.500488281,0.52734375,-0.0546875,0.37109375,-8.3828125,-3.90625,-1.921875,0.025390625,-0.611328125,0.224609375
2610,25894358,26194358,0.174255371,0.752746582,-0.388000488,0.502441406,0.52734375,-0.0546875,0.37109375,-8.3828125,-3.90625,-1.921875,0.052734375,-0.357421875,0.177734375
2611,25899829,26199829,0.174438477,0.751708984,-0.388061523,0.503845215,0.48828125,0.0234375,0.32421875,-8.421875,-3.8671875,-1.8359375,0.052734375,-0.357421875,0.177734375
2612,25915151,26215151,0.174743652,0.751159668,-0.388061523,0.504577637,0.48828125,0.0234375,0.32421875,-8.421875,-3.8671875,-1.8359375,0.03125,-0.091796875,0.115234375
2613,25921606,26221606,0.175048828,0.750976562,-0.387878418,0.504882812,0.4375,0.23046875,0.27734375,-8.4453125,-3.84375,-1.7890625,0.03125,-0.091796875,0.115234375
2614,25933816,26233816,0.175537109,0.751342773,-0.387512207,0.504516602,0.4375,0.23046875,0.27734375,-8.4453125,-3.84375,-1.7890625,-0.041015625,0.197265625,0.052734375
2615,25939941,26239941,0.176025391,0.75201416,-0.387023926,0.503662109,0.3984375,0.21484375,0.40625,-8.4453125,-3.828125,-1.8046875,-0.041015625,0.197265625,0.052734375
2616,25958220,26258220,0.176635742,0.753173828,-0.386535645,0.50213623,0.3984375,0.21484375,0.40625,-8.4453125,-3.828125,-1.8046875,-0.037109375,0.45703125,-0.044921875
2617,25962671,26262671,0.177246094,0.754577637,-0.386169434,0.50012207,0.265625,0.09765625,0.38671875,-8.4296875,-3.828125,-1.859375,-0.037109375,0.45703125,-0.044921875
2618,25975727,26275727,0.177856445,0.756347656,-0.385803223,0.497497559,0.265625,0.09765625,0.38671875,-8.4296875,-3.828125,-1.859375,-0.033203125,0.69921875,-0.162109375
2619,25979279,26279279,0.178527832,0.758361816,-0.385437012,0.494384766,0.234375,0.15234375,0.48828125,-8.3984375,-3.84375,-1.9609375,-0.033203125,0.69921875,-0.162109375
2620,25993847,26293847,0.179138184,0.760986328,-0.385070801,0.490478516,0.234375,0.15234375,0.48828125,-8.3984375,-3.84375,-1.9609375,-0.0703125,0.939453125,-0.275390625
2621,25999212,26299212,0.1796875,0.76373291,-0.384643555,0.486328125,0.2265625,0.375,0.3671875,-8.3515625,-3.875,-2.109375,-0.0703125,0.939453125,-0.275390625
2622,26013057,26313057,0.180175781,0.766967773,-0.384094238,0.481384277,0.2265625,0.375,0.3671875,-8.3515625,-3.875,-2.109375,-0.111328125,1.140625,-0.39453125
2623,26018631,26318631,0.180541992,0.770507812,-0.383605957,0.475952148,0.30078125,0.390625,0.23046875,-8.2734375,-3.9296875,-2.28125,-0.111328125,1.140625,-0.39453125
2624,26037550,26337550,0.180969238,0.774108887,-0.383239746,0.470214844,0.30078125,0.390625,0.23046875,-8.2734375,-3.9296875,-2.28125,-0.083984375,1.35742188,-0.5078125
2625,26041979,26341979,0.18145752,0.778076172,-0.38293457,0.463745117,0.35546875,0.38671875,0.0234375,-8.171875,-4,-2.4921875,-0.083984375,1.35742188,-0.5078125
2626,26051963,26351963,0.181945801,0.782165527,-0.382751465,0.456787109,0.35546875,0.38671875,0.0234375,-8.171875,-4,-2.4921875,-0.0234375,1.57617188,-0.615234375
2627,26059125,26359125,0.182556152,0.786560059,-0.38269043,0.448913574,0.19921875,0.39453125,0.07421875,-8.0546875,-4.0859375,-2.734375,-0.0234375,1.57617188,-0.615234375
2628,26071783,26371783,0.183105469,0.79083252,-0.382751465,0.441040039,0.19921875,0.39453125,0.07421875,-8.0546875,-4.0859375,-2.734375,0.017578125,1.76367188,-0.734375
2629,26079207,26379207,0.183532715,0.795410156,-0.382873535,0.432495117,-0.1015625,0.41796875,0.1484375,-7.90625,-4.1875,-3,0.017578125,1.76367188,-0.734375
2630,26093322,26393322,0.183776855,0.800109863,-0.383056641,0.423400879,-0.1015625,0.41796875,0.1484375,-7.90625,-4.1875,-3,0.025390625,1.86132812,-0.87890625
2631,26097590,26397590,0.183776855,0.8046875,-0.383361816,0.414489746,-0.328125,0.359375,0.2421875,-7.71875,-4.3203125,-3.2890625,0.025390625,1.86132812,-0.87890625
2632,26115547,26415547,0.183532715,0.809570312,-0.383728027,0.404602051,-0.328125,0.359375,0.2421875,-7.71875,-4.3203125,-3.2890625,0.03515625,1.92773438,-1.0078125
2633,26119140,26419140,0.183105469,0.814208984,-0.384155273,0.394897461,-0.1953125,0.1171875,0.06640625,-7.5078125,-4.4609375,-3.5703125,0.03515625,1.92773438,-1.0078125
2634,26131852,26431852,0.182556152,0.818908691,-0.384643555,0.38482666,-0.1953125,0.1171875,0.06640625,-7.5078125,-4.4609375,-3.5703125,0.048828125,1.9921875,-1.11132812
2635,26137144,26437144,0.181884766,0.823852539,-0.385253906,0.373901367,-0.1015625,0.08203125,0.03125,-7.2578125,-4.6171875,-3.84375,0.048828125,1.9921875,-1.11132812
2636,26156751,26456751,0.181152344,0.828491211,-0.385864258,0.363220215,-0.1015625,0.08203125,0.03125,-7.2578125,-4.6171875,-3.84375,0.095703125,2.06054688,-1.18945312
2637,26161421,26461421,0.180297852,0.833068848,-0.38659668,0.352111816,0.0546875,0.1015625,-0.13671875,-6.9921875,-4.7890625,-4.1328125,0.095703125,2.06054688,-1.18945312
2638,26171802,26471802,0.179443359,0.837646484,-0.387512207,0.340576172,0.0546875,0.1015625,-0.13671875,-6.9921875,-4.7890625,-4.1328125,0.158203125,2.15234375,-1.27148438
2639,26178073,26478073,0.178527832,0.842102051,-0.388366699,0.328918457,-0.171875,-0.1015625,-0.0859375,-6.6875,-4.96875,-4.4140625,0.158203125,2.15234375,-1.27148438
2640,26195245,26495245,0.177429199,0.846557617,-0.389099121,0.316955566,-0.171875,-0.1015625,-0.0859375,-6.6875,-4.96875,-4.4140625,0.126953125,2.20898438,-1.3203125
2641,26198965,26498965,0.176330566,0.850891113,-0.389709473,0.304870605,-0.234375,-0.2265625,0.140625,-6.359375,-5.1484375,-4.6796875,0.126953125,2.20898438,-1.3203125
2642,26210491,26510491,0.175354004,0.855041504,-0.390136719,0.293212891,-0.234375,-0.2265625,0.140625,-6.359375,-5.1484375,-4.6796875,0.1015625,2.26953125,-1.32617188
2643,26217593,26517593,0.174133301,0.85949707,-0.39050293,0.280090332,-0.34765625,-0.2109375,0.015625,-6.015625,-5.3203125,-4.9375,0.1015625,2.26953125,-1.32617188
2644,26234681,26534681,0.172973633,0.863647461,-0.39074707,0.26739502,-0.34765625,-0.2109375,0.015625,-6.015625,-5.3203125,-4.9375,0.091796875,2.35742188,-1.37890625
2645,26238411,26538411,0.171691895,0.867614746,-0.390930176,0.254882812,-0.421875,-0.12109375,-0.1875,-5.6328125,-5.484375,-5.1953125,0.091796875,2.35742188,-1.37890625
2646,26251941,26551941,0.16998291,0.871704102,-0.391174316,0.241394043,-0.421875,-0.12109375,-0.1875,-5.6328125,-5.484375,-5.1953125,0.091796875,2.33007812,-1.49414062
2647,26257520,26557520,0.16796875,0.875610352,-0.391418457,0.227783203,-0.453125,-0.1484375,-0.17578125,-5.21875,-5.6484375,-5.4375,0.091796875,2.33007812,-1.49414062
2648,26274675,26574675,0.165893555,0.879150391,-0.391601562,0.215087891,-0.453125,-0.1484375,-0.17578125,-5.21875,-5.6484375,-5.4375,0.111328125,2.25585938,-1.52734375
2649,26278393,26578393,0.163574219,0.882568359,-0.391662598,0.202331543,-0.5,-0.0234375,-0.21484375,-4.7890625,-5.8125,-5.6640625,0.111328125,2.25585938,-1.52734375
2650,26290123,26590123,0.161071777,0.885986328,-0.391235352,0.189819336,-0.5,-0.0234375,-0.21484375,-4.7890625,-5.8125,-5.6640625,-0.083984375,2.23632812,-1.58789062
2651,26297226,26597226,0.158325195,0.889465332,-0.390563965,0.176696777,-0.203125,-0.07421875,-0.25,-4.359375,-5.953125,-5.859375,-0.083984375,2.23632812,-1.58789062
2652,26311598,26611598,0.155700684,0.892700195,-0.390014648,0.163696289,-0.203125,-0.07421875,-0.25,-4.359375,-5.953125,-5.859375,-0.021484375,2.1796875,-1.52148438
2653,26319763,26619763,0.153198242,0.895446777,-0.389526367,0.151672363,-0.3203125,-0.21875,-0.24609375,-3.8984375,-6.078125,-6.0546875,-0.021484375,2.1796875,-1.52148438
2654,26331063,26631063,0.150634766,0.898071289,-0.389099121,0.139343262,-0.3203125,-0.21875,-0.24609375,-3.8984375,-6.078125,-6.0546875,0.03515625,2.10351562,-1.49609375
2655,26336698,26636698,0.147888184,0.90057373,-0.388793945,0.126464844,0.01953125,0.08203125,0.1328125,-3.46875,-6.1875,-6.203125,0.03515625,2.10351562,-1.49609375
2656,26355480,26655480,0.145324707,0.902648926,-0.38873291,0.114196777,0.01953125,0.08203125,0.1328125,-3.46875,-6.1875,-6.203125,0.169921875,1.99023438,-1.421875
2657,26360137,26660137,0.142883301,0.90423584,-0.389038086,0.102722168,-0.13671875,-0.26953125,-0.0859375,-3.0078125,-6.296875,-6.328125,0.169921875,1.99023438,-1.421875
2658,26371091,26671091,0.140563965,0.905517578,-0.389587402,0.0925292969,-0.13671875,-0.26953125,-0.0859375,-3.0078125,-6.296875,-6.328125,0.28515625,1.671875,-1.2890625
2659,26378859,26678859,0.138000488,0.906494141,-0.390441895,0.0819702148,0.19921875,0.03515625,-0.0859375,-2.6171875,-6.40625,-6.40625,0.28515625,1.671875,-1.2890625
2660,26393649,26693649,0.135742188,0.907226562,-0.391418457,0.0728759766,0.19921875,0.03515625,-0.0859375,-2.6171875,-6.40625,-6.40625,0.337890625,1.46679688,-1.171875
2661,26397972,26697972,0.133422852,0.907836914,-0.39239502,0.0640258789,0.5703125,0.3203125,0.17578125,-2.2578125,-6.5,-6.4375,0.337890625,1.46679688,-1.171875
2662,26409715,26709715,0.130981445,0.90826416,-0.393493652,0.0551147461,0.5703125,0.3203125,0.17578125,-2.2578125,-6.5,-6.4375,0.37890625,1.33398438,-1.15429688
2663,26417577,26717577,0.128479004,0.908569336,-0.394775391,0.0465087891,0.73046875,0.49609375,0.2578125,-1.921875,-6.6015625,-6.4453125,0.37890625,1.33398438,-1.15429688
2664,26433165,26733165,0.126037598,0.908752441,-0.395996094,0.0381469727,0.73046875,0.49609375,0.2578125,-1.921875,-6.6015625,-6.4453125,0.333984375,1.2421875,-1.09375
2665,26442401,26742401,0.123596191,0.909057617,-0.39666748,0.0306396484,0.79296875,1.1484375,0.75,-1.6015625,-6.6796875,-6.4375,0.333984375,1.2421875,-1.09375
2666,26450069,26750069,0.12121582,0.909545898,-0.396850586,0.0239868164,0.79296875,1.1484375,0.75,-1.6015625,-6.6796875,-6.4375,0.095703125,0.99609375,-0.97265625
2667,26458218,26758218,0.118835449,0.91015625,-0.39654541,0.0175170898,1.28515625,0.8203125,0.13671875,-1.328125,-6.734375,-6.4375,0.095703125,0.99609375,-0.97265625
2668,26474661,26774661,0.116699219,0.910766602,-0.395874023,0.0114135742,1.28515625,0.8203125,0.13671875,-1.328125,-6.734375,-6.4375,-0.041015625,0.947265625,-0.861328125
2669,26479182,26779182,0.114746094,0.911376953,-0.395202637,0.00561523438,1.14453125,0.4609375,-0.109375,-1.0703125,-6.7578125,-6.4609375,-0.041015625,0.947265625,-0.861328125
2670,26490854,26790854,-0.112976074,-0.911804199,0.394714355,0.000244140625,1.14453125,0.4609375,-0.109375,-1.0703125,-6.7578125,-6.4609375,0.05859375,0.943359375,-0.7734375
2671,26496346,26796346,-0.111328125,-0.911987305,0.394714355,0.00579833984,0.640625,-0.44140625,-0.0078125,-0.8359375,-6.7734375,-6.484375,0.05859375,0.943359375,-0.7734375
2672,26512664,26812664,-0.10949707,-0.91192627,0.395324707,0.0117797852,0.640625,-0.44140625,-0.0078125,-0.8359375,-6.7734375,-6.484375,0.287109375,0.87890625,-0.779296875
2673,26518107,26818107,-0.107666016,-0.911743164,0.395996094,0.0171508789,0.18359375,-0.40234375,-0.1015625,-0.609375,-6.8125,-6.46875,0.287109375,0.87890625,-0.779296875
2674,26529022,26829022,-0.105651855,-0.911743164,0.39630127,0.0225219727,0.18359375,-0.40234375,-0.1015625,-0.609375,-6.8125,-6.46875,0.11328125,0.75,-0.75390625
2675,26536117,26836117,-0.103759766,-0.911865234,0.396179199,0.0272827148,0.203125,0.35546875,0.4140625,-0.3984375,-6.84375,-6.4453125,0.11328125,0.75,-0.75390625
2676,26553186,26853186,-0.101928711,-0.91217041,0.395690918,0.0315551758,0.203125,0.35546875,0.4140625,-0.3984375,-6.84375,-6.4453125,-0.0546875,0.6015625,-0.64453125
2677,26554664,26854664,-0.100280762,-0.912536621,0.394897461,0.0352783203,0.140625,0.05078125,-0.0078125,-0.21875,-6.84375,-6.4453125,-0.0546875,0.6015625,-0.64453125
2678,26570803,26870803,-0.0986328125,-0.912963867,0.394042969,0.0388183594,0.140625,0.05078125,-0.0078125,-0.21875,-6.84375,-6.4453125,-0.099609375,0.505859375,-0.5546875
2679,26574248,26874248,-0.0972900391,-0.913269043,0.393371582,0.0419921875,0.17578125,-0.5703125,-0.56640625,-0.0625,-6.8359375,-6.4609375,-0.099609375,0.505859375,-0.5546875
2680,26591625,26891625,-0.0960083008,-0.913452148,0.392822266,0.0454101562,0.17578125,-0.5703125,-0.56640625,-0.0625,-6.8359375,-6.4609375,-0.005859375,0.525390625,-0.46875
2681,26596761,26896761,-0.0950927734,-0.913513184,0.392578125,0.0486450195,0.078125,-0.9609375,-0.8671875,0.0703125,-6.828125,-6.46875,-0.005859375,0.525390625,-0.46875
2682,26611077,26911077,-0.0942993164,-0.913269043,0.39276123,0.0524902344,0.078125,-0.9609375,-0.8671875,0.0703125,-6.828125,-6.46875,0.177734375,0.654296875,-0.408203125
2683,26614525,26914525,-0.0936889648,-0.912902832,0.393249512,0.0562744141,-0.359375,-1.30078125,0.046875,0.203125,-6.8359375,-6.4609375,0.177734375,0.654296875,-0.408203125
2684,26631945,26931945,-0.092956543,-0.912536621,0.393737793,0.0599975586,-0.359375,-1.30078125,0.046875,0.203125,-6.8359375,-6.4609375,0.169921875,0.5390625,-0.39453125
2685,26636384,26936384,-0.0921630859,-0.912414551,0.393859863,0.0627441406,-0.68359375,-0.47265625,0.55078125,0.3359375,-6.859375,-6.4296875,0.169921875,0.5390625,-0.39453125
2686,26650925,26950925,-0.0911865234,-0.912536621,0.393371582,0.0648803711,-0.68359375,-0.47265625,0.55078125,0.3359375,-6.859375,-6.4296875,-0.119140625,0.240234375,-0.31640625
2687,26654368,26954368,-0.0903930664,-0.912902832,0.392456055,0.0662231445,-0.1328125,0.44921875,-0.0703125,0.4375,-6.859375,-6.421875,-0.119140625,0.240234375,-0.31640625
2688,26670097,26970097,-0.0896606445,-0.913452148,0.391235352,0.0673828125,-0.1328125,0.44921875,-0.0703125,0.4375,-6.859375,-6.421875,-0.21484375,0.154296875,-0.21484375
2689,26678340,26978340,-0.0891723633,-0.913757324,0.390380859,0.0684204102,0.26171875,0.00390625,-0.4296875,0.5,-6.8359375,-6.4453125,-0.21484375,0.154296875,-0.21484375
2690,26687016,26987016,-0.0889282227,-0.913818359,0.390136719,0.0694580078,0.26171875,0.00390625,-0.4296875,0.5,-6.8359375,-6.4453125,0.03515625,0.18359375,-0.10546875
2691,26693869,26993869,-0.0888671875,-0.913635254,0.390441895,0.0704345703,0.25390625,-1.16015625,0,0.546875,-6.8203125,-6.453125,0.03515625,0.18359375,-0.10546875
2692,26708620,27008620,-0.0889282227,-0.913208008,0.391296387,0.0709838867,0.25390625,-1.16015625,0,0.546875,-6.8203125,-6.453125,0.23046875,0.05859375,0.01953125
2693,26716164,27016164,-0.089050293,-0.912780762,0.392272949,0.071105957,-0.3046875,-1.18359375,0.17578125,0.5703125,-6.8359375,-6.4375,0.23046875,0.05859375,0.01953125
2694,26727692,27027692,-0.0892333984,-0.912475586,0.392944336,0.0707397461,-0.3046875,-1.18359375,0.17578125,0.5703125,-6.8359375,-6.4375,0.08203125,-0.08203125,0.08984375
2695,26733222,27033222,-0.0895385742,-0.912414551,0.393188477,0.0701293945,-0.03125,-0.28125,-0.23828125,0.5625,-6.859375,-6.40625,0.08203125,-0.08203125,0.08984375
2696,26751477,27051477,-0.0899047852,-0.912475586,0.393005371,0.0692749023,-0.03125,-0.28125,-0.23828125,0.5625,-6.859375,-6.40625,-0.080078125,-0.134765625,0.158203125
2697,26755701,27055701,-0.0905151367,-0.912597656,0.392822266,0.0682373047,-0.03515625,-0.4921875,-0.578125,0.53125,-6.875,-6.4140625,-0.080078125,-0.134765625,0.158203125
2698,26767555,27067555,-0.0912475586,-0.912658691,0.39276123,0.0670776367,-0.03515625,-0.4921875,-0.578125,0.53125,-6.875,-6.4140625,-0.021484375,-0.16015625,0.251953125
2699,26773101,27073101,-0.0921630859,-0.912536621,0.392944336,0.0657348633,-0.06640625,-0.9609375,-0.37890625,0.484375,-6.8671875,-6.421875,-0.021484375,-0.16015625,0.251953125
2700,26790984,27090984,-0.0931396484,-0.912414551,0.393371582,0.0643310547,-0.06640625,-0.9609375,-0.37890625,0.484375,-6.8671875,-6.421875,0.064453125,-0.19921875,0.32421875
2701,26795195,27095195,-0.0942993164,-0.91217041,0.393798828,0.0627441406,0.07421875,-0.73046875,-0.0703125,0.421875,-6.8671875,-6.421875,0.064453125,-0.19921875,0.32421875
2702,26806338,27106338,-0.0956420898,-0.91204834,0.394104004,0.0608520508,0.07421875,-0.73046875,-0.0703125,0.421875,-6.8671875,-6.421875,-0.021484375,-0.26171875,0.419921875
2703,26813385,27113385,-0.0971069336,-0.91204834,0.394104004,0.05859375,0.3125,0.1171875,0.6171875,0.3359375,-6.875,-6.421875,-0.021484375,-0.26171875,0.419921875
2704,26830959,27130959,-0.0987548828,-0.912109375,0.393920898,0.0557861328,0.3125,0.1171875,0.6171875,0.3359375,-6.875,-6.421875,-0.15625,-0.408203125,0.546875
2705,26835433,27135433,-0.100646973,-0.91229248,0.393493652,0.0525512695,0.3828125,0.265625,0.6640625,0.2265625,-6.8671875,-6.4296875,-0.15625,-0.408203125,0.546875
2706,26847698,27147698,-0.102661133,-0.912536621,0.392944336,0.0487670898,0.3828125,0.265625,0.6640625,0.2265625,-6.8671875,-6.4296875,-0.220703125,-0.568359375,0.71484375
2707,26853391,27153391,-0.104980469,-0.912719727,0.39239502,0.0443725586,0.37109375,0.01171875,0.4296875,0.0859375,-6.84375,-6.4609375,-0.220703125,-0.568359375,0.71484375
2708,26869972,27169972,-0.10736084,-0.912841797,0.392028809,0.0394897461,0.37109375,0.01171875,0.4296875,0.0859375,-6.84375,-6.4609375,-0.19921875,-0.736328125,0.8515625
2709,26875172,27175172,-0.109863281,-0.912841797,0.391784668,0.0343017578,0.14453125,-0.08203125,0.3046875,-0.109375,-6.828125,-6.4921875,-0.19921875,-0.736328125,0.8515625
2710,26887386,27187386,-0.112609863,-0.912780762,0.391540527,0.0282592773,0.14453125,-0.08203125,0.3046875,-0.109375,-6.828125,-6.4921875,-0.185546875,-0.88671875,0.96875
2711,26893001,27193001,-0.11541748,-0.912719727,0.391357422,0.0219726562,0.2265625,0.1171875,0.09375,-0.34375,-6.796875,-6.5078125,-0.185546875,-0.88671875,0.96875
2712,26912135,27212135,-0.118225098,-0.912597656,0.391113281,0.0153808594,0.2265625,0.1171875,0.09375,-0.34375,-6.796875,-6.5078125,-0.19921875,-1.06054688,1.11132812
2713,26915855,27215855,-0.121398926,-0.912353516,0.390991211,0.00756835938,-0.0625,-0.10546875,-0.27734375,-0.59375,-6.765625,-6.5234375,-0.19921875,-1.06054688,1.11132812
2714,26927165,27227165,0.124267578,0.911987305,-0.390930176,0.000305175781,-0.0625,-0.10546875,-0.27734375,-0.59375,-6.765625,-6.5234375,-0.1875,-1.33203125,1.23828125
2715,26932872,27232872,0.127380371,0.911499023,-0.390991211,0.00964355469,-0.20703125,-0.19140625,-0.23046875,-0.90625,-6.71875,-6.53125,-0.1875,-1.33203125,1.23828125
2716,26947217,27247217,0.130126953,0.910949707,-0.391052246,0.0189819336,-0.20703125,-0.19140625,-0.23046875,-0.90625,-6.71875,-6.53125,-0.18359375,-1.64257812,1.32617188
2717,26952250,27252250,0.133056641,0.91015625,-0.391235352,0.0302124023,-0.22265625,-0.3125,-0.23046875,-1.2734375,-6.671875,-6.53125,-0.18359375,-1.64257812,1.32617188
2718,26967859,27267859,0.135559082,0.909179688,-0.391540527,0.0410766602,-0.22265625,-0.3125,-0.23046875,-1.2734375,-6.671875,-6.53125,-0.134765625,-1.91210938,1.390625
2719,26971540,27271540,0.138000488,0.90814209,-0.391845703,0.0524291992,-0.0703125,-0.22265625,-1.1015625,-1.6953125,-6.609375,-6.5,-0.134765625,-1.91210938,1.390625
2720,26991419,27291419,0.140380859,0.906860352,-0.392089844,0.0646972656,-0.0703125,-0.22265625,-1.1015625,-1.6953125,-6.609375,-6.5,-0.166015625,-2.08007812,1.44726562
2721,26995418,27295418,0.142883301,0.905334473,-0.392333984,0.0776367188,-0.359375,-0.140625,-0.8984375,-2.1328125,-6.5390625,-6.4375,-0.166015625,-2.08007812,1.44726562
2722,27006532,27306532,0.145202637,0.903625488,-0.39276123,0.0903320312,-0.359375,-0.140625,-0.8984375,-2.1328125,-6.5390625,-6.4375,-0.080078125,-2.19726562,1.4921875
2723,27011771,27311771,0.147583008,0.901550293,-0.393432617,0.103393555,-0.34375,-0.37890625,-1.12890625,-2.609375,-6.453125,-6.359375,-0.080078125,-2.19726562,1.4921875
2724,27026150,27326150,0.149780273,0.899291992,-0.394165039,0.116149902,-0.34375,-0.37890625,-1.12890625,-2.609375,-6.453125,-6.359375,-0.01953125,-2.32617188,1.52539062
2725,27033416,27333416,0.152038574,0.896606445,-0.395019531,0.130310059,-0.609375,-0.65625,-0.94140625,-3.0703125,-6.3671875,-6.2421875,-0.01953125,-2.32617188,1.52539062
2726,27047303,27347303,0.15411377,0.893798828,-0.395874023,0.143859863,-0.609375,-0.65625,-0.94140625,-3.0703125,-6.3671875,-6.2421875,0.02734375,-2.38476562,1.49804688
2727,27052606,27352606,0.155944824,0.890869141,-0.396789551,0.156860352,-0.578125,-0.421875,-0.94140625,-3.5625,-6.2578125,-6.0859375,0.02734375,-2.38476562,1.49804688
2728,27070521,27370521,0.157775879,0.887451172,-0.397949219,0.170898438,-0.578125,-0.421875,-0.94140625,-3.5625,-6.2578125,-6.0859375,0.099609375,-2.37890625,1.41210938
2729,27072002,27372002,0.159240723,0.884094238,-0.398986816,0.184082031,-0.30078125,-0.1796875,-0.87109375,-4.03125,-6.15625,-5.890625,0.099609375,-2.37890625,1.41210938
2730,27086126,27386126,0.160461426,0.88067627,-0.399841309,0.196960449,-0.30078125,-0.1796875,-0.87109375,-4.03125,-6.15625,-5.890625,0.041015625,-2.36132812,1.31835938
2731,27092952,27392952,0.161499023,0.87713623,-0.40057373,0.210021973,-0.16015625,0.1796875,-0.5,-4.4765625,-6.0546875,-5.6875,0.041015625,-2.36132812,1.31835938
2732,27107299,27407299,0.162353516,0.873779297,-0.401000977,0.222106934,-0.16015625,0.1796875,-0.5,-4.4765625,-6.0546875,-5.6875,-0.02734375,-2.29296875,1.25390625
2733,27111037,27411037,0.163146973,0.870361328,-0.401245117,0.23425293,0.12890625,0.453125,-0.52734375,-4.8828125,-5.9453125,-5.46875,-0.02734375,-2.29296875,1.25390625
2734,27126228,27426228,0.16394043,0.866577148,-0.401306152,0.247192383,0.12890625,0.453125,-0.52734375,-4.8828125,-5.9453125,-5.46875,-0.09375,-2.23242188,1.23632812
2735,27131839,27431839,0.164672852,0.86315918,-0.401184082,0.258666992,0.48828125,0.47265625,-0.484375,-5.28125,-5.8125,-5.2421875,-0.09375,-2.23242188,1.23632812
2736,27148811,27448811,0.165344238,0.859375,-0.400939941,0.270935059,0.48828125,0.47265625,-0.484375,-5.28125,-5.8125,-5.2421875,-0.099609375,-2.15234375,1.17773438
2737,27153269,27453269,0.165893555,0.855529785,-0.400817871,0.282592773,0.54296875,0.140625,-0.1953125,-5.640625,-5.671875,-5.03125,-0.099609375,-2.15234375,1.17773438
2738,27168035,27468035,0.166381836,0.85168457,-0.400878906,0.293701172,0.54296875,0.140625,-0.1953125,-5.640625,-5.671875,-5.03125,0.001953125,-2.09570312,1.09765625
2739,27171538,27471538,0.166809082,0.847839355,-0.401000977,0.304199219,0.87890625,-0.07421875,0.05859375,-5.9765625,-5.53125,-4.7890625,0.001953125,-2.09570312,1.09765625
2740,27187692,27487692,0.167053223,0.84387207,-0.401062012,0.314758301,0.87890625,-0.07421875,0.05859375,-5.9765625,-5.53125,-4.7890625,-0.021484375,-1.97070312,0.978515625
2741,27191437,27491437,0.167053223,0.840087891,-0.401000977,0.324951172,0.71484375,0.56640625,0.23046875,-6.2734375,-5.40625,-4.5390625,-0.021484375,-1.97070312,0.978515625
2742,27207778,27507778,0.166931152,0.836120605,-0.400756836,0.335266113,0.71484375,0.56640625,0.23046875,-6.2734375,-5.40625,-4.5390625,-0.08203125,-1.91601562,0.904296875
2743,27211214,27511214,0.166687012,0.832458496,-0.40045166,0.344665527,0.68359375,0.36328125,0.02734375,-6.546875,-5.28125,-4.296875,-0.08203125,-1.91601562,0.904296875
2744,27230004,27530004,0.166442871,0.828674316,-0.400024414,0.354370117,0.68359375,0.36328125,0.02734375,-6.546875,-5.28125,-4.296875,-0.103515625,-1.80273438,0.861328125
2745,27234751,27534751,0.166259766,0.825195312,-0.399597168,0.362976074,0.703125,0.1640625,0.359375,-6.796875,-5.15625,-4.0546875,-0.103515625,-1.80273438,0.861328125
2746,27244346,27544346,0.16607666,0.821411133,-0.399291992,0.371826172,0.703125,0.1640625,0.359375,-6.796875,-5.15625,-4.0546875,-0.0234375,-1.63476562,0.77734375
2747,27250025,27550025,0.16595459,0.817871094,-0.399169922,0.379821777,0.5390625,-0.26171875,0.29296875,-7.015625,-5.0390625,-3.8359375,-0.0234375,-1.63476562,0.77734375
2748,27263910,27563910,0.165771484,0.813842773,-0.399108887,0.388427734,0.5390625,-0.26171875,0.29296875,-7.015625,-5.0390625,-3.8359375,0.04296875,-1.64648438,0.7421875
2749,27269640,27569640,0.165527344,0.809936523,-0.399230957,0.39642334,0.16796875,0.12890625,0.2890625,-7.21875,-4.9296875,-3.6015625,0.04296875,-1.64648438,0.7421875
2750,27284352,27584352,0.165222168,0.806091309,-0.399414062,0.404174805,0.16796875,0.12890625,0.2890625,-7.21875,-4.9296875,-3.6015625,0.052734375,-1.5703125,0.673828125
2751,27289786,27589786,0.164978027,0.802307129,-0.399536133,0.411682129,0.34765625,0.02734375,0.3125,-7.3984375,-4.828125,-3.359375,0.052734375,-1.5703125,0.673828125
2752,27308966,27608966,0.164733887,0.79876709,-0.399536133,0.418640137,0.34765625,0.02734375,0.3125,-7.3984375,-4.828125,-3.359375,0.02734375,-1.46484375,0.6640625
2753,27312957,27612957,0.164489746,0.79498291,-0.399414062,0.42590332,0.28125,0.16015625,0.35546875,-7.5625,-4.734375,-3.1328125,0.02734375,-1.46484375,0.6640625
2754,27323748,27623748,0.164306641,0.791381836,-0.399291992,0.432739258,0.28125,0.16015625,0.35546875,-7.5625,-4.734375,-3.1328125,0.04296875,-1.38867188,0.64453125
2755,27329369,27629369,0.164245605,0.787902832,-0.399291992,0.439147949,0.3828125,-0.0859375,0.13671875,-7.703125,-4.640625,-2.9140625,0.04296875,-1.38867188,0.64453125
2756,27342675,27642675,0.164123535,0.783996582,-0.399414062,0.445922852,0.3828125,-0.0859375,0.13671875,-7.703125,-4.640625,-2.9140625,0.091796875,-1.36328125,0.60546875
2757,27349951,27649951,0.16394043,0.780334473,-0.399597168,0.452331543,0.0546875,-0.1015625,0.33984375,-7.8359375,-4.546875,-2.6953125,0.091796875,-1.36328125,0.60546875
2758,27365624,27665624,0.163513184,0.776672363,-0.399841309,0.458496094,0.0546875,-0.1015625,0.33984375,-7.8359375,-4.546875,-2.6953125,0.099609375,-1.33984375,0.51171875
2759,27369308,27669308,0.162963867,0.773132324,-0.40020752,0.464233398,0.06640625,-0.03515625,0.07421875,-7.9609375,-4.4609375,-2.46875,0.099609375,-1.33984375,0.51171875
2760,27388462,27688462,0.16217041,0.76953125,-0.40057373,0.470214844,0.06640625,-0.03515625,0.07421875,-7.9609375,-4.4609375,-2.46875,0.06640625,-1.265625,0.3984375
2761,27392962,27692962,0.161315918,0.766174316,-0.400878906,0.475646973,0.20703125,0.515625,0.09375,-8.0625,-4.3984375,-2.2578125,0.06640625,-1.265625,0.3984375
2762,27403711,27703711,0.160461426,0.763061523,-0.401062012,0.480834961,0.20703125,0.515625,0.09375,-8.0625,-4.3984375,-2.2578125,0.02734375,-1.12890625,0.36328125
2763,27409405,27709405,0.159729004,0.760070801,-0.401184082,0.485595703,0.4453125,0.4140625,0.08203125,-8.1484375,-4.3359375,-2.0546875,0.02734375,-1.12890625,0.36328125
2764,27423747,27723747,0.159240723,0.757324219,-0.401245117,0.49005127,0.4453125,0.4140625,0.08203125,-8.1484375,-4.3359375,-2.0546875,0.05078125,-0.94140625,0.37890625
2765,27428771,27728771,0.158996582,0.754699707,-0.401245117,0.49407959,0.4375,0.015625,0.29296875,-8.21875,-4.28125,-1.8828125,0.05078125,-0.94140625,0.37890625
2766,27443599,27743599,0.158996582,0.752441406,-0.401306152,0.497558594,0.4375,0.015625,0.29296875,-8.21875,-4.28125,-1.8828125,0.09765625,-0.74609375,0.34375
2767,27448510,27748510,0.158996582,0.75012207,-0.401428223,0.500915527,0.37890625,0.15234375,0.15234375,-8.2734375,-4.2265625,-1.7421875,0.09765625,-0.74609375,0.34375
2768,27464696,27764696,0.158874512,0.74810791,-0.401489258,0.50390625,0.37890625,0.15234375,0.15234375,-8.2734375,-4.2265625,-1.7421875,0.048828125,-0.625,0.251953125
2769,27468420,27768420,0.158630371,0.746520996,-0.401489258,0.506347656,0.203125,0.3671875,0.37109375,-8.328125,-4.171875,-1.6171875,0.048828125,-0.625,0.251953125
2770,27483636,27783636,0.15826416,0.745117188,-0.401489258,0.508483887,0.203125,0.3671875,0.37109375,-8.328125,-4.171875,-1.6171875,-0.00390625,-0.4140625,0.138671875
2771,27489266,27789266,0.157958984,0.744140625,-0.401428223,0.510070801,0.46484375,0.37109375,0.44140625,-8.359375,-4.140625,-1.53125,-0.00390625,-0.4140625,0.138671875
2772,27503787,27803787,0.157836914,0.743530273,-0.401306152,0.511108398,0.46484375,0.37109375,0.44140625,-8.359375,-4.140625,-1.53125,-0.021484375,-0.154296875,0.0859375
2773,27508826,27808826,0.157897949,0.743347168,-0.401062012,0.511535645,0.47265625,0.2421875,0.4609375,-8.3671875,-4.125,-1.4765625,-0.021484375,-0.154296875,0.0859375
2774,27523687,27823687,0.158325195,0.743591309,-0.40057373,0.511413574,0.47265625,0.2421875,0.4609375,-8.3671875,-4.125,-1.4765625,-0.046875,0.169921875,0.091796875
2775,27528318,27828318,0.158996582,0.744262695,-0.400024414,0.510681152,0.59375,0.1796875,0.39453125,-8.375,-4.1015625,-1.484375,-0.046875,0.169921875,0.091796875
2776,27544677,27844677,0.159912109,0.745361328,-0.399291992,0.509277344,0.59375,0.1796875,0.39453125,-8.375,-4.1015625,-1.484375,-0.05078125,0.466796875,0.04296875
2777,27548402,27848402,0.160888672,0.746765137,-0.398681641,0.507446289,0.48046875,0.203125,0.41796875,-8.375,-4.0859375,-1.546875,-0.05078125,0.466796875,0.04296875
2778,27563302,27863302,0.161987305,0.748657227,-0.398010254,0.504882812,0.48046875,0.203125,0.41796875,-8.375,-4.0859375,-1.546875,-0.06640625,0.7421875,-0.060546875
2779,27567918,27867918,0.163024902,0.750854492,-0.397277832,0.50177002,0.37890625,0.1640625,0.55859375,-8.3515625,-4.0859375,-1.6484375,-0.06640625,0.7421875,-0.060546875
2780,27583053,27883053,0.16394043,0.753601074,-0.396606445,0.497924805,0.37890625,0.1640625,0.55859375,-8.3515625,-4.0859375,-1.6484375,-0.107421875,0.955078125,-0.20703125
2781,27588095,27888095,0.164733887,0.756347656,-0.395996094,0.49395752,0.265625,0.3046875,0.5234375,-8.3125,-4.109375,-1.8046875,-0.107421875,0.955078125,-0.20703125
2782,27603053,27903053,0.165405273,0.75958252,-0.395385742,0.489196777,0.265625,0.3046875,0.5234375,-8.3125,-4.109375,-1.8046875,-0.12890625,1.15429688,-0.353515625
2783,27607674,27907674,0.166015625,0.763122559,-0.394836426,0.483947754,0.42578125,0.45703125,0.28125,-8.2421875,-4.1484375,-1.984375,-0.12890625,1.15429688,-0.353515625
2784,27625635,27925635,0.166564941,0.767089844,-0.394348145,0.477844238,0.42578125,0.45703125,0.28125,-8.2421875,-4.1484375,-1.984375,-0.1171875,1.3671875,-0.482421875
2785,27630683,27930683,0.167175293,0.771057129,-0.393981934,0.471496582,0.4453125,0.4140625,0.19140625,-8.1484375,-4.21875,-2.203125,-0.1171875,1.3671875,-0.482421875
2786,27644422,27944422,0.167907715,0.775268555,-0.393798828,0.464416504,0.4453125,0.4140625,0.19140625,-8.1484375,-4.21875,-2.203125,-0.05078125,1.56445312,-0.58203125
2787,27647881,27947881,0.168518066,0.779296875,-0.393676758,0.457458496,0.4140625,0.375,0.08984375,-8.0390625,-4.296875,-2.4453125,-0.05078125,1.56445312,-0.58203125
2788,27660755,27960755,0.169189453,0.783874512,-0.393676758,0.44934082,0.4140625,0.375,0.08984375,-8.0390625,-4.296875,-2.4453125,-0.0234375,1.72851562,-0.703125
2789,27667648,27967648,0.16973877,0.788574219,-0.393737793,0.440856934,0.42578125,0.36328125,0.2421875,-7.8984375,-4.3984375,-2.7109375,-0.0234375,1.72851562,-0.703125
2790,27682105,27982105,0.17010498,0.793334961,-0.393920898,0.431884766,0.42578125,0.36328125,0.2421875,-7.8984375,-4.3984375,-2.7109375,-0.00390625,1.890625,-0.849609375
2791,27687000,27987000,0.170410156,0.798156738,-0.394165039,0.422485352,0.63671875,0.328125,0.1015625,-7.7265625,-4.515625,-2.9921875,-0.00390625,1.890625,-0.849609375
2792,27704815,28004815,0.170715332,0.803161621,-0.394470215,0.412536621,0.63671875,0.328125,0.1015625,-7.7265625,-4.515625,-2.9921875,0.01953125,2.08398438,-0.974609375
2793,27709470,28009470,0.170898438,0.808105469,-0.394775391,0.40234375,0.41796875,0.3515625,0.2421875,-7.5078125,-4.65625,-3.2890625,0.01953125,2.08398438,-0.974609375
2794,27721532,28021532,0.171020508,0.813354492,-0.395141602,0.391235352,0.41796875,0.3515625,0.2421875,-7.5078125,-4.65625,-3.2890625,0.03515625,2.27539062,-1.11132812
2795,27726421,28026421,0.171020508,0.818908691,-0.395568848,0.379089355,-0.20703125,0.23046875,0.09765625,-7.265625,-4.8046875,-3.6015625,0.03515625,2.27539062,-1.11132812
2796,27741593,28041593,0.170837402,0.824279785,-0.395935059,0.366943359,-0.20703125,0.23046875,0.09765625,-7.265625,-4.8046875,-3.6015625,0.03125,2.37109375,-1.20898438
2797,27748493,28048493,0.170593262,0.829467773,-0.396179199,0.354797363,-0.6484375,0.203125,0.08203125,-6.9765625,-4.96875,-3.9296875,0.03125,2.37109375,-1.20898438
2798,27761627,28061627,0.170227051,0.834716797,-0.39642334,0.342224121,-0.6484375,0.203125,0.08203125,-6.9765625,-4.96875,-3.9296875,0.037109375,2.42773438,-1.25976562
2799,27769927,28069927,0.169799805,0.83984375,-0.39666748,0.329406738,-0.94140625,-0.3125,-0.01953125,-6.6484375,-5.140625,-4.25,0.037109375,2.42773438,-1.25976562
2800,27781987,28081987,0.169494629,0.844665527,-0.396972656,0.316650391,-0.94140625,-0.3125,-0.01953125,-6.6484375,-5.140625,-4.25,0.099609375,2.45898438,-1.27148438
2801,27787702,28087702,0.169189453,0.849182129,-0.397399902,0.303894043,-1.0546875,-0.67578125,-0.0546875,-6.3046875,-5.3125,-4.5625,0.099609375,2.45898438,-1.27148438
2802,27801206,28101206,0.168945312,0.853637695,-0.397949219,0.290588379,-1.0546875,-0.67578125,-0.0546875,-6.3046875,-5.3125,-4.5625,0.201171875,2.546875,-1.32421875
2803,27809554,28109554,0.168579102,0.858154297,-0.398681641,0.276123047,-1.0390625,-0.8125,-0.19140625,-5.9375,-5.484375,-4.84375,0.201171875,2.546875,-1.32421875
2804,27823344,28123344,0.168029785,0.862365723,-0.399291992,0.261962891,-1.0390625,-0.8125,-0.19140625,-5.9375,-5.484375,-4.84375,0.193359375,2.60546875,-1.41015625
2805,27826945,28126945,0.167358398,0.866333008,-0.399719238,0.248413086,-1.19140625,-0.70703125,0.1171875,-5.515625,-5.6640625,-5.1171875,0.193359375,2.60546875,-1.41015625
2806,27839974,28139974,0.166503906,0.870361328,-0.400024414,0.233886719,-1.19140625,-0.70703125,0.1171875,-5.515625,-5.6640625,-5.1171875,0.150390625,2.55859375,-1.41601562
2807,27850151,28150151,0.165588379,0.874145508,-0.40020752,0.219726562,-0.81640625,-0.69921875,0.03125,-5.0859375,-5.828125,-5.375,0.150390625,2.55859375,-1.41601562
2808,27865442,28165442,0.164672852,0.877624512,-0.40032959,0.205932617,-0.81640625,-0.69921875,0.03125,-5.0859375,-5.828125,-5.375,0.181640625,2.515625,-1.40429688
2809,27869187,28169187,0.163635254,0.880859375,-0.400390625,0.192382812,-0.640625,-0.734375,-0.24609375,-4.6484375,-5.984375,-5.59375,0.181640625,2.515625,-1.40429688
2810,27882849,28182849,0.162353516,0.883972168,-0.400390625,0.178588867,-0.640625,-0.734375,-0.24609375,-4.6484375,-5.984375,-5.59375,0.14453125,2.4296875,-1.4609375
2811,27889067,28189067,0.160766602,0.886901855,-0.400390625,0.164978027,-0.43359375,-0.36328125,-0.50390625,-4.203125,-6.125,-5.796875,0.14453125,2.4296875,-1.4609375
2812,27900365,28200365,0.158996582,0.889587402,-0.400512695,0.151672363,-0.43359375,-0.36328125,-0.50390625,-4.203125,-6.125,-5.796875,0.1796875,2.18164062,-1.39648438
2813,27906338,28206338,0.157348633,0.891906738,-0.40057373,0.139160156,-0.015625,0.34375,0.00390625,-3.7421875,-6.2578125,-5.9609375,0.1796875,2.18164062,-1.39648438
2814,27920238,28220238,0.155822754,0.893859863,-0.40057373,0.127624512,-0.015625,0.34375,0.00390625,-3.7421875,-6.2578125,-5.9609375,0.169921875,1.99023438,-1.26171875
2815,27928685,28228685,0.15435791,0.895568848,-0.400817871,0.116210938,0.94921875,0.65234375,-0.3671875,-3.328125,-6.375,-6.0859375,0.169921875,1.99023438,-1.26171875
2816,27943179,28243179,0.153015137,0.896972656,-0.401245117,0.105102539,0.94921875,0.65234375,-0.3671875,-3.328125,-6.375,-6.0859375,0.279296875,1.87890625,-1.16992188
2817,27946911,28246911,0.151733398,0.89831543,-0.401306152,0.0946655273,0.90234375,0.9453125,-0.3203125,-2.9375,-6.4765625,-6.171875,0.279296875,1.87890625,-1.16992188
2818,27959864,28259864,0.150390625,0.899902344,-0.400695801,0.0838012695,0.90234375,0.9453125,-0.3203125,-2.9375,-6.4765625,-6.171875,0.02734375,1.88085938,-1.15039062
2819,27967306,28267306,0.148925781,0.901550293,-0.399658203,0.0726318359,0.59765625,0.7578125,-0.12109375,-2.5546875,-6.5546875,-6.2578125,0.02734375,1.88085938,-1.15039062
2820,27979494,28279494,0.147460938,0.903015137,-0.398681641,0.0620117188,0.59765625,0.7578125,-0.12109375,-2.5546875,-6.5546875,-6.2578125,0.046875,1.81640625,-1.14648438
2821,27985211,28285211,0.145812988,0.904174805,-0.398254395,0.0516357422,0.12890625,0.08203125,-0.1015625,-2.1640625,-6.609375,-6.3515625,0.046875,1.81640625,-1.14648438
2822,27997491,28297491,0.143981934,0.904846191,-0.3984375,0.0419311523,0.12890625,0.08203125,-0.1015625,-2.1640625,-6.609375,-6.3515625,0.318359375,1.53515625,-1.11328125
2823,28007497,28307497,0.142150879,0.905273438,-0.398986816,0.0333251953,0.53125,0.765625,0.625,-1.796875,-6.6796875,-6.390625,0.318359375,1.53515625,-1.11328125
2824,28022763,28322763,0.140136719,0.905822754,-0.399108887,0.0247802734,0.53125,0.765625,0.625,-1.796875,-6.6796875,-6.390625,0.1171875,1.29492188,-0.986328125
2825,28027429,28327429,0.138244629,0.906616211,-0.39831543,0.0170288086,1.21484375,1.55859375,0.82421875,-1.484375,-6.7421875,-6.3984375,0.1171875,1.29492188,-0.986328125
2826,28037834,28337834,0.136535645,0.907653809,-0.396728516,0.0100708008,1.21484375,1.55859375,0.82421875,-1.484375,-6.7421875,-6.3984375,-0.271484375,1.15234375,-0.869140625
2827,28045790,28345790,0.134887695,0.908813477,-0.394775391,0.00360107422,1.125,0.73046875,0.296875,-1.203125,-6.7578125,-6.4453125,-0.271484375,1.15234375,-0.869140625
2828,28057653,28357653,-0.133422852,-0.909667969,0.393249512,0.00231933594,1.125,0.73046875,0.296875,-1.203125,-6.7578125,-6.4453125,-0.138671875,1.02539062,-0.798828125
2829,28065163,28365163,-0.131652832,-0.910217285,0.392578125,0.00866699219,0.3828125,-0.2421875,-0.0390625,-0.9609375,-6.7421875,-6.4921875,-0.138671875,1.02539062,-0.798828125
2830,28079301,28379301,-0.129760742,-0.910217285,0.393066406,0.014831543,0.3828125,-0.2421875,-0.0390625,-0.9609375,-6.7421875,-6.4921875,0.369140625,0.943359375,-0.828125
2831,28084944,28384944,-0.127746582,-0.909851074,0.394226074,0.0208740234,-0.06640625,-0.87109375,-0.64453125,-0.703125,-6.765625,-6.5,0.369140625,0.943359375,-0.828125
2832,28100582,28400582,-0.125549316,-0.909423828,0.395568848,0.0266113281,-0.06640625,-0.87109375,-0.64453125,-0.703125,-6.765625,-6.5,0.396484375,0.79296875,-0.837890625
2833,28104307,28404307,-0.123352051,-0.909179688,0.396362305,0.0317382812,-0.4453125,0.5,-0.58203125,-0.4765625,-6.8359375,-6.4453125,0.396484375,0.79296875,-0.837890625
2834,28119135,28419135,-0.121154785,-0.909301758,0.39642334,0.0368041992,-0.4453125,0.5,-0.58203125,-0.4765625,-6.8359375,-6.4453125,0.041015625,0.69921875,-0.755859375
2835,28125174,28425174,-0.119262695,-0.909667969,0.395690918,0.0413818359,-0.07421875,0.9921875,-0.53125,-0.2734375,-6.8671875,-6.421875,0.041015625,0.69921875,-0.755859375
2836,28138724,28438724,-0.117614746,-0.91027832,0.394348145,0.045715332,-0.07421875,0.9921875,-0.53125,-0.2734375,-6.8671875,-6.421875,-0.224609375,0.6953125,-0.6328125
2837,28143757,28443757,-0.116271973,-0.910888672,0.39276123,0.049987793,0.16796875,-0.2890625,-0.3984375,-0.09375,-6.8515625,-6.4375,-0.224609375,0.6953125,-0.6328125
2838,28159956,28459956,-0.11517334,-0.911437988,0.391357422,0.053894043,0.16796875,-0.2890625,-0.3984375,-0.09375,-6.8515625,-6.4375,-0.166015625,0.650390625,-0.517578125
2839,28170725,28470725,-0.114257812,-0.911743164,0.390319824,0.0575561523,-0.08203125,-0.92578125,-0.25390625,0.078125,-6.828125,-6.46875,-0.166015625,0.650390625,-0.517578125
2840,28185285,28485285,-0.11328125,-0.911865234,0.389709473,0.0610961914,-0.08203125,-0.92578125,-0.25390625,0.078125,-6.828125,-6.46875,0.0078125,0.560546875,-0.44140625
2841,28189724,28489724,-0.112304688,-0.91192627,0.389465332,0.0643310547,-0.18359375,-0.93359375,-0.015625,0.21875,-6.8203125,-6.4765625,0.0078125,0.560546875,-0.44140625
2842,28198394,28498394,-0.111328125,-0.911865234,0.389343262,0.0670776367,-0.18359375,-0.93359375,-0.015625,0.21875,-6.8203125,-6.4765625,0.064453125,0.39453125,-0.376953125
2843,28204078,28504078,-0.110351562,-0.911865234,0.389282227,0.069519043,0.00390625,-0.36328125,0.12890625,0.3359375,-6.8125,-6.46875,0.064453125,0.39453125,-0.376953125
2844,28218384,28518384,-0.109619141,-0.911865234,0.389160156,0.0711669922,0.00390625,-0.36328125,0.12890625,0.3359375,-6.8125,-6.46875,0.015625,0.21484375,-0.240234375
2845,28223171,28523171,-0.109008789,-0.91192627,0.388977051,0.0723266602,0.08203125,-0.01171875,0.046875,0.4140625,-6.8203125,-6.4609375,0.015625,0.21484375,-0.240234375
2846,28238449,28538449,-0.108642578,-0.91204834,0.388549805,0.0729370117,0.08203125,-0.01171875,0.046875,0.4140625,-6.8203125,-6.4609375,-0.083984375,0.041015625,-0.08203125
2847,28243946,28543946,-0.108459473,-0.91229248,0.388122559,0.0729370117,-0.12109375,-0.36328125,-0.140625,0.4609375,-6.8125,-6.46875,-0.083984375,0.041015625,-0.08203125
2848,28259683,28559683,-0.108520508,-0.912536621,0.387634277,0.0723876953,-0.12109375,-0.36328125,-0.140625,0.4609375,-6.8125,-6.46875,-0.138671875,-0.146484375,0.087890625
2849,28263286,28563286,-0.108825684,-0.912841797,0.387084961,0.0711669922,-0.3046875,-0.609375,-0.0546875,0.453125,-6.796875,-6.4765625,-0.138671875,-0.146484375,0.087890625
2850,28276427,28576427,-0.109375,-0.913208008,0.386474609,0.0692138672,-0.3046875,-0.609375,-0.0546875,0.453125,-6.796875,-6.4765625,-0.17578125,-0.3671875,0.26953125
2851,28286906,28586906,-0.109863281,-0.913513184,0.386047363,0.0667114258,-0.2421875,-1.015625,-0.328125,0.390625,-6.7734375,-6.5078125,-0.17578125,-0.3671875,0.26953125
2852,28297743,28597743,-0.110351562,-0.913818359,0.385559082,0.0638427734,-0.2421875,-1.015625,-0.328125,0.390625,-6.7734375,-6.5078125,-0.201171875,-0.474609375,0.296875
2853,28305003,28605003,-0.111022949,-0.914245605,0.38482666,0.0610351562,0.16015625,0.0390625,-0.49609375,0.296875,-6.7578125,-6.53125,-0.201171875,-0.474609375,0.296875
2854,28319611,28619611,-0.112121582,-0.914672852,0.383972168,0.0580444336,0.16015625,0.0390625,-0.49609375,0.296875,-6.7578125,-6.53125,-0.279296875,-0.435546875,0.453125
2855,28325503,28625503,-0.113525391,-0.914978027,0.383239746,0.0549926758,0.26953125,-0.3359375,0.0390625,0.1875,-6.7265625,-6.5703125,-0.279296875,-0.435546875,0.453125
2856,28342243,28642243,-0.11529541,-0.915222168,0.38269043,0.0510864258,0.26953125,-0.3359375,0.0390625,0.1875,-6.7265625,-6.5703125,-0.189453125,-0.59765625,0.61328125
2857,28346730,28646730,-0.117004395,-0.915344238,0.382507324,0.0468139648,-0.203125,-1.05078125,0.03125,0.046875,-6.703125,-6.6015625,-0.189453125,-0.59765625,0.61328125
2858,28358901,28658901,-0.118713379,-0.915344238,0.382446289,0.0420532227,-0.203125,-1.05078125,0.03125,0.046875,-6.703125,-6.6015625,-0.123046875,-0.77734375,0.708984375
2859,28366251,28666251,-0.120483398,-0.915283203,0.382507324,0.0369873047,0.015625,-0.421875,0.31640625,-0.1328125,-6.6796875,-6.6171875,-0.123046875,-0.77734375,0.708984375
2860,28376904,28676904,-0.122497559,-0.915222168,0.382568359,0.0308837891,0.015625,-0.421875,0.31640625,-0.1328125,-6.6796875,-6.6171875,-0.154296875,-0.98828125,0.841796875
2861,28385025,28685025,-0.124511719,-0.915161133,0.382629395,0.0243530273,0.08203125,-0.28515625,-0.05078125,-0.3515625,-6.6640625,-6.6328125,-0.154296875,-0.98828125,0.841796875
2862,28398187,28698187,-0.126647949,-0.914916992,0.382873535,0.0170288086,0.08203125,-0.28515625,-0.05078125,-0.3515625,-6.6640625,-6.6328125,-0.126953125,-1.23242188,0.99609375
2863,28403080,28703080,-0.12878418,-0.914611816,0.383117676,0.00958251953,0.31640625,-0.3515625,-0.3515625,-0.625,-6.6328125,-6.640625,-0.126953125,-1.23242188,0.99609375
2864,28419870,28719870,-0.131225586,-0.914245605,0.383300781,0.000854492188,0.31640625,-0.3515625,-0.3515625,-0.625,-6.6328125,-6.640625,-0.189453125,-1.38671875,1.1015625
2865,28423588,28723588,0.133544922,0.91394043,-0.383178711,0.00762939453,0.12109375,0.10546875,-0.65625,-0.9296875,-6.59375,-6.640625,-0.189453125,-1.38671875,1.1015625
2866,28441378,28741378,0.136108398,0.913513184,-0.38293457,0.0170898438,0.12109375,0.10546875,-0.65625,-0.9296875,-6.59375,-6.640625,-0.26171875,-1.5703125,1.21484375
2867,28442846,28742846,0.138671875,0.912963867,-0.3828125,0.02734375,-0.40625,-0.67578125,-0.7265625,-1.28125,-6.5390625,-6.6484375,-0.26171875,-1.5703125,1.21484375
2868,28457723,28757723,0.141113281,0.912109375,-0.383056641,0.0381469727,-0.40625,-0.67578125,-0.7265625,-1.28125,-6.5390625,-6.6484375,-0.119140625,-1.87109375,1.30078125
2869,28461458,28761458,0.143249512,0.910949707,-0.383728027,0.0490722656,-1.2421875,-1.0078125,-1.24609375,-1.671875,-6.4765625,-6.625,-0.119140625,-1.87109375,1.30078125
2870,28477049,28777049,0.145446777,0.909362793,-0.384765625,0.0618286133,-1.2421875,-1.0078125,-1.24609375,-1.671875,-6.4765625,-6.625,-0.017578125,-2.17578125,1.3671875
2871,28483768,28783768,0.147338867,0.907653809,-0.385925293,0.0740966797,-0.9140625,-0.71875,-1.125,-2.1171875,-6.421875,-6.5546875,-0.017578125,-2.17578125,1.3671875
2872,28499604,28799604,0.149353027,0.905517578,-0.387390137,0.0875854492,-0.9140625,-0.71875,-1.125,-2.1171875,-6.421875,-6.5546875,0.09765625,-2.33789062,1.42382812
2873,28503744,28803744,0.151245117,0.903259277,-0.38873291,0.100830078,-0.3671875,0.0234375,-0.96484375,-2.5859375,-6.359375,-6.4453125,0.09765625,-2.33789062,1.42382812
2874,28516327,28816327,0.153137207,0.900817871,-0.389770508,0.114807129,-0.3671875,0.0234375,-0.96484375,-2.5859375,-6.359375,-6.4453125,-0.01953125,-2.43554688,1.4609375
2875,28522066,28822066,0.154968262,0.898132324,-0.39074707,0.129089355,-0.10546875,-0.12890625,-0.80078125,-3.078125,-6.28125,-6.3046875,-0.01953125,-2.43554688,1.4609375
2876,28538409,28838409,0.156555176,0.895507812,-0.391601562,0.142150879,-0.10546875,-0.12890625,-0.80078125,-3.078125,-6.28125,-6.3046875,0.009765625,-2.5,1.453125
2877,28542154,28842154,0.158081055,0.892456055,-0.39263916,0.156005859,-0.0859375,-0.453125,-0.7265625,-3.5546875,-6.1875,-6.1484375,0.009765625,-2.5,1.453125
2878,28556427,28856427,0.159606934,0.888977051,-0.393737793,0.170837402,-0.0859375,-0.453125,-0.7265625,-3.5546875,-6.1875,-6.1484375,0.07421875,-2.52148438,1.42578125
2879,28562074,28862074,0.161071777,0.885437012,-0.394836426,0.184875488,0.17578125,-0.2578125,-0.5,-4.046875,-6.078125,-5.953125,0.07421875,-2.52148438,1.42578125
2880,28576195,28876195,0.16229248,0.881896973,-0.395812988,0.198242188,0.17578125,-0.2578125,-0.5,-4.046875,-6.078125,-5.953125,0.048828125,-2.44335938,1.359375
2881,28582174,28882174,0.163574219,0.878051758,-0.396728516,0.211791992,0.25390625,-0.01171875,-0.23046875,-4.5078125,-5.9765625,-5.7265625,0.048828125,-2.44335938,1.359375
2882,28594737,28894737,0.164733887,0.874267578,-0.397644043,0.224609375,0.25390625,-0.01171875,-0.23046875,-4.5078125,-5.9765625,-5.7265625,0.09765625,-2.3984375,1.32617188
2883,28602401,28902401,0.165771484,0.870178223,-0.3984375,0.237731934,0.22265625,-0.015625,-0.1875,-4.9375,-5.859375,-5.5,0.09765625,-2.3984375,1.32617188
2884,28613873,28913873,0.166687012,0.866210938,-0.399047852,0.250305176,0.22265625,-0.015625,-0.1875,-4.9375,-5.859375,-5.5,0.025390625,-2.45117188,1.328125
2885,28621151,28921151,0.167541504,0.861755371,-0.399353027,0.264160156,0.29296875,0.28125,-0.09375,-5.3515625,-5.734375,-5.25,0.025390625,-2.45117188,1.328125
2886,28638617,28938617,0.168273926,0.85748291,-0.399353027,0.277282715,0.29296875,0.28125,-0.09375,-5.3515625,-5.734375,-5.25,-0.068359375,-2.43554688,1.29492188
2887,28642110,28942110,0.168762207,0.853149414,-0.399414062,0.290039062,0.19921875,0.1640625,-0.328125,-5.7578125,-5.578125,-4.9765625,-0.068359375,-2.43554688,1.29492188
2888,28655180,28955180,0.169067383,0.848510742,-0.399536133,0.302978516,0.19921875,0.1640625,-0.328125,-5.7578125,-5.578125,-4.9765625,-0.02734375,-2.41796875,1.2109375
2889,28661152,28961152,0.169250488,0.84387207,-0.399597168,0.315612793,0.1171875,-0.1015625,-0.21875,-6.1328125,-5.4296875,-4.703125,-0.02734375,-2.41796875,1.2109375
2890,28678473,28978473,0.169189453,0.838989258,-0.399841309,0.32800293,0.1171875,-0.1015625,-0.21875,-6.1328125,-5.4296875,-4.703125,0.0234375,-2.43164062,1.12109375
2891,28681898,28981898,0.169006348,0.83392334,-0.400146484,0.340393066,0.15234375,-0.125,-0.41796875,-6.4765625,-5.2890625,-4.390625,0.0234375,-2.43164062,1.12109375
2892,28692843,28992843,0.168823242,0.828918457,-0.400390625,0.352172852,0.15234375,-0.125,-0.41796875,-6.4765625,-5.2890625,-4.390625,0.01953125,-2.38476562,1.09375
2893,28700579,29000579,0.168640137,0.823791504,-0.400512695,0.363952637,0.46484375,0.22265625,-0.27734375,-6.7890625,-5.140625,-4.0703125,0.01953125,-2.38476562,1.09375
2894,28718239,29018239,0.168518066,0.818481445,-0.400695801,0.375732422,0.46484375,0.22265625,-0.27734375,-6.7890625,-5.140625,-4.0703125,0.052734375,-2.22265625,1.04101562
2895,28721780,29021780,0.168395996,0.813232422,-0.400695801,0.386962891,0.6171875,0.16015625,-0.0625,-7.09375,-5,-3.75,0.052734375,-2.22265625,1.04101562
2896,28737243,29037243,0.168212891,0.808166504,-0.40057373,0.397644043,0.6171875,0.16015625,-0.0625,-7.09375,-5,-3.75,0.01953125,-2.13671875,1.00195312
2897,28740981,29040981,0.168029785,0.803222656,-0.400512695,0.407653809,0.4921875,0.1640625,0.1171875,-7.3515625,-4.8515625,-3.4296875,0.01953125,-2.13671875,1.00195312
2898,28756251,29056251,0.167663574,0.797851562,-0.40045166,0.418334961,0.4921875,0.1640625,0.1171875,-7.3515625,-4.8515625,-3.4296875,0.056640625,-2.04492188,0.90625
2899,28759842,29059842,0.167236328,0.79296875,-0.400512695,0.427612305,0.52734375,0.0625,0.30078125,-7.578125,-4.7109375,-3.1171875,0.056640625,-2.04492188,0.90625
2900,28774943,29074943,0.166687012,0.787841797,-0.40045166,0.437194824,0.52734375,0.0625,0.30078125,-7.578125,-4.7109375,-3.1171875,0.021484375,-1.96484375,0.826171875
2901,28779992,29079992,0.16595459,0.782958984,-0.400390625,0.446228027,0.72265625,0.3203125,0.14453125,-7.7734375,-4.5859375,-2.8046875,0.021484375,-1.96484375,0.826171875
2902,28797699,29097699,0.164978027,0.777893066,-0.40045166,0.45526123,0.72265625,0.3203125,0.14453125,-7.7734375,-4.5859375,-2.8046875,0.0390625,-1.85546875,0.6484375
2903,28801711,29101711,0.163818359,0.773132324,-0.400695801,0.463623047,0.39453125,0.5078125,0.11328125,-7.9453125,-4.46875,-2.5078125,0.0390625,-1.85546875,0.6484375
2904,28816164,29116164,0.162536621,0.768493652,-0.400878906,0.471496582,0.39453125,0.5078125,0.11328125,-7.9453125,-4.46875,-2.5078125,0.017578125,-1.69726562,0.541015625
2905,28819886,29119886,0.161315918,0.764343262,-0.401000977,0.478515625,0.7265625,0.5625,0.046875,-8.0859375,-4.3671875,-2.2109375,0.017578125,-1.69726562,0.541015625
2906,28834626,29134626,0.16003418,0.760253906,-0.401245117,0.485229492,0.7265625,0.5625,0.046875,-8.0859375,-4.3671875,-2.2109375,0.02734375,-1.44726562,0.42578125
2907,28839526,29139526,0.158874512,0.756469727,-0.401489258,0.491271973,0.79296875,0.18359375,0.296875,-8.1875,-4.296875,-1.9609375,0.02734375,-1.44726562,0.42578125
2908,28854043,29154043,0.157958984,0.752746582,-0.401855469,0.496948242,0.79296875,0.18359375,0.296875,-8.1875,-4.296875,-1.9609375,0.099609375,-1.19921875,0.36328125
2909,28859073,29159073,0.157287598,0.749450684,-0.402282715,0.50177002,0.9140625,-0.03125,0.26171875,-8.2734375,-4.234375,-1.734375,0.099609375,-1.19921875,0.36328125
2910,28876633,29176633,0.156860352,0.746520996,-0.402526855,0.505981445,0.9140625,-0.03125,0.26171875,-8.2734375,-4.234375,-1.734375,0.099609375,-0.94140625,0.333984375
2911,28880848,29180848,0.156494141,0.743896484,-0.402770996,0.50982666,0.59375,0.375,0.53125,-8.3359375,-4.1796875,-1.546875,0.099609375,-0.94140625,0.333984375
2912,28895136,29195136,0.156005859,0.741516113,-0.402832031,0.513305664,0.59375,0.375,0.53125,-8.3359375,-4.1796875,-1.546875,0.029296875,-0.6953125,0.232421875
2913,28898873,29198873,0.155517578,0.739746094,-0.402832031,0.516052246,0.48828125,0.43359375,0.4296875,-8.3828125,-4.125,-1.40625,0.029296875,-0.6953125,0.232421875
2914,28916361,29216361,0.154968262,0.73828125,-0.402648926,0.518493652,0.48828125,0.43359375,0.4296875,-8.3828125,-4.125,-1.40625,-0.0546875,-0.525390625,0.16796875
2915,28920701,29220701,0.15447998,0.736999512,-0.402404785,0.520629883,0.59765625,0.09765625,0.52734375,-8.4140625,-4.09375,-1.3125,-0.0546875,-0.525390625,0.16796875
2916,28934704,29234704,0.15435791,0.736083984,-0.402160645,0.522155762,0.59765625,0.09765625,0.52734375,-8.4140625,-4.09375,-1.3125,0.00390625,-0.25390625,0.1484375
2917,28938424,29238424,0.154541016,0.735473633,-0.401977539,0.523071289,0.7734375,-0.203125,0.6171875,-8.4375,-4.0625,-1.25,0.00390625,-0.25390625,0.1484375
2918,28955631,29255631,0.155029297,0.735229492,-0.401733398,0.523498535,0.7734375,-0.203125,0.6171875,-8.4375,-4.0625,-1.25,0.017578125,0.03125,0.12890625
2919,28959232,29259232,0.155639648,0.735351562,-0.401428223,0.52331543,0.59765625,-0.1484375,0.59375,-8.453125,-4.0390625,-1.2265625,0.017578125,0.03125,0.12890625
2920,28975825,29275825,0.156311035,0.735961914,-0.401062012,0.522583008,0.59765625,-0.1484375,0.59375,-8.453125,-4.0390625,-1.2265625,-0.015625,0.28125,0.015625
2921,28980903,29280903,0.156799316,0.736877441,-0.400817871,0.521362305,0.55859375,0.1015625,0.51171875,-8.453125,-4.0234375,-1.2578125,-0.015625,0.28125,0.015625
2922,28996780,29296780,0.157409668,0.73828125,-0.400512695,0.519348145,0.55859375,0.1015625,0.51171875,-8.453125,-4.0234375,-1.2578125,-0.033203125,0.546875,-0.12890625
2923,29000218,29300218,0.157897949,0.74005127,-0.40032959,0.516784668,0.6953125,0.15625,0.45703125,-8.4375,-4.0390625,-1.3203125,-0.033203125,0.546875,-0.12890625
2924,29014334,29314334,0.158447266,0.742370605,-0.400146484,0.513549805,0.6953125,0.15625,0.45703125,-8.4375,-4.0390625,-1.3203125,-0.060546875,0.826171875,-0.271484375
2925,29017931,29317931,0.158874512,0.744934082,-0.399963379,0.50982666,0.54296875,0.2265625,0.5390625,-8.3984375,-4.0703125,-1.4375,-0.060546875,0.826171875,-0.271484375
2926,29036052,29336052,0.159423828,0.748046875,-0.399780273,0.505126953,0.54296875,0.2265625,0.5390625,-8.3984375,-4.0703125,-1.4375,-0.076171875,1.0859375,-0.39453125
2927,29039526,29339526,0.159912109,0.751403809,-0.399658203,0.500061035,0.48046875,0.2421875,0.48046875,-8.3359375,-4.125,-1.609375,-0.076171875,1.0859375,-0.39453125
2928,29053082,29353082,0.160400391,0.755065918,-0.399597168,0.494445801,0.48046875,0.2421875,0.48046875,-8.3359375,-4.125,-1.609375,-0.064453125,1.3046875,-0.515625
2929,29059165,29359165,0.160888672,0.758789062,-0.399597168,0.488525391,0.41015625,0.234375,0.4921875,-8.265625,-4.1953125,-1.8125,-0.064453125,1.3046875,-0.515625
2930,29075809,29375809,0.161437988,0.763061523,-0.399780273,0.481506348,0.41015625,0.234375,0.4921875,-8.265625,-4.1953125,-1.8125,-0.0234375,1.51367188,-0.634765625
2931,29080681,29380681,0.161987305,0.767333984,-0.400024414,0.474243164,0.40625,0.3671875,0.1796875,-8.1484375,-4.2890625,-2.0390625,-0.0234375,1.51367188,-0.634765625
2932,29094234,29394234,0.162536621,0.771789551,-0.400390625,0.466491699,0.40625,0.3671875,0.1796875,-8.1484375,-4.2890625,-2.0390625,0.021484375,1.6953125,-0.740234375
2933,29097843,29397843,0.163085938,0.776184082,-0.400817871,0.458557129,0.47265625,0.40234375,0.1015625,-8.0234375,-4.3984375,-2.3046875,0.021484375,1.6953125,-0.740234375
2934,29115933,29415933,0.163696289,0.78112793,-0.401367188,0.44934082,0.47265625,0.40234375,0.1015625,-8.0234375,-4.3984375,-2.3046875,0.0390625,1.8984375,-0.857421875
2935,29119880,29419880,0.16418457,0.786132812,-0.401916504,0.439941406,0.15625,0.41015625,0.23046875,-7.859375,-4.5234375,-2.5859375,0.0390625,1.8984375,-0.857421875
2936,29136288,29436288,0.164611816,0.79119873,-0.40246582,0.430053711,0.15625,0.41015625,0.23046875,-7.859375,-4.5234375,-2.5859375,0.03515625,2.04882812,-0.984375
2937,29137763,29437763,0.164794922,0.796142578,-0.403076172,0.42010498,-0.1171875,0.328125,0.2578125,-7.6640625,-4.671875,-2.8828125,0.03515625,2.04882812,-0.984375
2938,29154615,29454615,0.164978027,0.801513672,-0.403808594,0.409057617,-0.1171875,0.328125,0.2578125,-7.6640625,-4.671875,-2.8828125,0.06640625,2.14648438,-1.09570312
2939,29160072,29460072,0.165039062,0.80645752,-0.404541016,0.3984375,-0.15234375,0.1015625,0.1875,-7.4375,-4.828125,-3.1953125,0.06640625,2.14648438,-1.09570312
2940,29171728,29471728,0.165039062,0.811828613,-0.405273438,0.386657715,-0.15234375,0.1015625,0.1875,-7.4375,-4.828125,-3.1953125,0.083984375,2.24023438,-1.15820312
2941,29177695,29477695,0.165039062,0.817016602,-0.406005859,0.374755859,-0.140625,0.19921875,0.1171875,-7.1796875,-5,-3.5078125,0.083984375,2.24023438,-1.15820312
2942,29194178,29494178,0.165039062,0.821716309,-0.406616211,0.363586426,-0.140625,0.19921875,0.1171875,-7.1796875,-5,-3.5078125,0.091796875,2.33203125,-1.18945312
2943,29197775,29497775,0.165039062,0.826782227,-0.407226562,0.351257324,-0.11328125,0.1015625,-0.03515625,-6.8984375,-5.171875,-3.8125,0.091796875,2.33203125,-1.18945312
2944,29213903,29513903,0.165039062,0.831787109,-0.407897949,0.338439941,-0.11328125,0.1015625,-0.03515625,-6.8984375,-5.171875,-3.8125,0.126953125,2.40429688,-1.23242188
2945,29217635,29517635,0.164978027,0.836364746,-0.408508301,0.32611084,-0.21484375,-0.03125,-0.14453125,-6.5703125,-5.34375,-4.125,0.126953125,2.40429688,-1.23242188
2946,29233983,29533983,0.164855957,0.841125488,-0.409301758,0.312744141,-0.21484375,-0.03125,-0.14453125,-6.5703125,-5.34375,-4.125,0.18359375,2.44335938,-1.29492188
2947,29237563,29537563,0.164611816,0.845458984,-0.41003418,0.299926758,-0.2890625,-0.12890625,-0.01171875,-6.2265625,-5.515625,-4.4140625,0.18359375,2.44335938,-1.29492188
2948,29252189,29552189,0.164123535,0.850158691,-0.410705566,0.285644531,-0.2890625,-0.12890625,-0.01171875,-6.2265625,-5.515625,-4.4140625,0.146484375,2.546875,-1.41992188
2949,29255795,29555795,0.163391113,0.854492188,-0.411071777,0.272338867,-0.35546875,-0.1796875,0.26953125,-5.8515625,-5.6953125,-4.6953125,0.146484375,2.546875,-1.41992188
2950,29273000,29573000,0.162414551,0.858947754,-0.411193848,0.258422852,-0.35546875,-0.1796875,0.26953125,-5.8515625,-5.6953125,-4.6953125,0.02734375,2.57421875,-1.48828125
2951,29276604,29576604,0.161315918,0.86340332,-0.411010742,0.244140625,-0.3046875,-0.3203125,-0.06640625,-5.4453125,-5.859375,-4.96875,0.02734375,2.57421875,-1.48828125
2952,29292841,29592841,0.16003418,0.867919922,-0.410644531,0.229064941,-0.3046875,-0.3203125,-0.06640625,-5.4453125,-5.859375,-4.96875,-0.0234375,2.63476562,-1.53710938
2953,29296437,29596437,0.158752441,0.871948242,-0.41015625,0.215148926,-0.3828125,0.0703125,-0.140625,-4.984375,-6.0234375,-5.2421875,-0.0234375,2.63476562,-1.53710938
2954,29313205,29613205,0.157226562,0.876220703,-0.409423828,0.199890137,-0.3828125,0.0703125,-0.140625,-4.984375,-6.0234375,-5.2421875,-0.078125,2.64648438,-1.56445312
2955,29316668,29616668,0.155761719,0.880004883,-0.40838623,0.185791016,-0.23828125,-0.0234375,-0.1953125,-4.515625,-6.15625,-5.4921875,-0.078125,2.64648438,-1.56445312
2956,29330520,29630520,0.15411377,0.884033203,-0.406982422,0.170654297,-0.23828125,-0.0234375,-0.1953125,-4.515625,-6.15625,-5.4921875,-0.17578125,2.56445312,-1.49023438
2957,29336495,29636495,0.152648926,0.887573242,-0.405517578,0.156616211,-0.38671875,-0.13671875,-0.3359375,-4.0234375,-6.2734375,-5.734375,-0.17578125,2.56445312,-1.49023438
2958,29351311,29651311,0.151245117,0.890686035,-0.403930664,0.143493652,-0.38671875,-0.13671875,-0.3359375,-4.0234375,-6.2734375,-5.734375,-0.201171875,2.45117188,-1.41210938
2959,29356100,29656100,0.149719238,0.893798828,-0.402160645,0.130126953,-0.4609375,-0.05078125,-0.31640625,-3.5625,-6.359375,-5.9453125,-0.201171875,2.45117188,-1.41210938
2960,29373293,29673293,0.148071289,0.896850586,-0.40020752,0.116394043,-0.4609375,-0.05078125,-0.31640625,-3.5625,-6.359375,-5.9453125,-0.193359375,2.26757812,-1.328125
2961,29377032,29677032,0.14666748,0.899169922,-0.398681641,0.104980469,-0.13671875,-0.171875,-0.703125,-3.0859375,-6.4296875,-6.1328125,-0.193359375,2.26757812,-1.328125
2962,29391224,29691224,0.145263672,0.901306152,-0.397277832,0.0935058594,-0.13671875,-0.171875,-0.703125,-3.0859375,-6.4296875,-6.1328125,-0.0703125,1.88867188,-1.12695312
2963,29396267,29696267,0.143981934,0.902832031,-0.39642334,0.0834350586,-0.04296875,-0.2734375,-0.2265625,-2.6796875,-6.484375,-6.265625,-0.0703125,1.88867188,-1.12695312
2964,29410955,29710955,0.14276123,0.90411377,-0.395935059,0.0736083984,-0.04296875,-0.2734375,-0.2265625,-2.6796875,-6.484375,-6.265625,0.107421875,1.63085938,-0.990234375
2965,29414698,29714698,0.141540527,0.904968262,-0.395996094,0.0646362305,0.44921875,-0.68359375,-0.140625,-2.328125,-6.53125,-6.3515625,0.107421875,1.63085938,-0.990234375
2966,29432283,29732283,0.140014648,0.905395508,-0.396911621,0.0557861328,0.44921875,-0.68359375,-0.140625,-2.328125,-6.53125,-6.3515625,0.408203125,1.3125,-0.94921875
2967,29436010,29736010,0.138427734,0.905517578,-0.398193359,0.0483398438,0.55078125,-0.22265625,-0.03125,-2.0078125,-6.609375,-6.3828125,0.408203125,1.3125,-0.94921875
2968,29452149,29752149,0.13659668,0.905517578,-0.399597168,0.0408935547,0.55078125,-0.22265625,-0.03125,-2.0078125,-6.609375,-6.3828125,0.423828125,1.13476562,-0.91796875
2969,29455887,29755887,0.134887695,0.905639648,-0.40057373,0.0338745117,0.734375,0.7890625,-0.5078125,-1.734375,-6.703125,-6.3671875,0.423828125,1.13476562,-0.91796875
2970,29470955,29770955,0.133239746,0.905944824,-0.401000977,0.0268554688,0.734375,0.7890625,-0.5078125,-1.734375,-6.703125,-6.3671875,0.154296875,1.07226562,-0.8046875
2971,29474675,29774675,0.131896973,0.906311035,-0.400939941,0.0206298828,0.40234375,0.31640625,-0.73828125,-1.4765625,-6.765625,-6.3671875,0.154296875,1.07226562,-0.8046875
2972,29489887,29789887,0.130737305,0.906677246,-0.400756836,0.0139770508,0.40234375,0.31640625,-0.73828125,-1.4765625,-6.765625,-6.3671875,0.138671875,1.15039062,-0.740234375
2973,29494917,29794917,0.129699707,0.906860352,-0.401000977,0.00671386719,-0.22265625,-0.640625,-0.30078125,-1.234375,-6.8046875,-6.3828125,0.138671875,1.15039062,-0.740234375
2974,29510505,29810505,-0.128723145,-0.906921387,0.401184082,0.000793457031,-0.22265625,-0.640625,-0.30078125,-1.234375,-6.8046875,-6.3828125,0.181640625,1.29882812,-0.810546875
2975,29515537,29815537,-0.127563477,-0.907104492,0.401123047,0.00775146484,-0.22265625,-0.296875,0.953125,-0.96875,-6.84375,-6.375,0.181640625,1.29882812,-0.810546875
2976,29532785,29832785,-0.125854492,-0.907348633,0.400817871,0.0143432617,-0.22265625,-0.296875,0.953125,-0.96875,-6.84375,-6.375,0.046875,0.84765625,-0.755859375
2977,29536876,29836876,-0.124206543,-0.907836914,0.400085449,0.0189819336,-0.1640625,0.84765625,0.6171875,-0.71875,-6.875,-6.3828125,0.046875,0.84765625,-0.755859375
2978,29549859,29849859,-0.122497559,-0.908508301,0.398803711,0.0227050781,-0.1640625,0.84765625,0.6171875,-0.71875,-6.875,-6.3828125,-0.2421875,0.51953125,-0.58984375
2979,29554890,29854890,-0.121032715,-0.909240723,0.397399902,0.0257568359,0.3046875,0.6875,-0.046875,-0.5390625,-6.8671875,-6.40625,-0.2421875,0.51953125,-0.58984375
2980,29568321,29868321,-0.119689941,-0.909851074,0.396240234,0.0286865234,0.3046875,0.6875,-0.046875,-0.5390625,-6.8671875,-6.40625,-0.103515625,0.42578125,-0.44921875
2981,29576911,29876911,-0.118652344,-0.91003418,0.395935059,0.0315551758,0.6015625,-0.5234375,-0.28515625,-0.4140625,-6.84375,-6.4375,-0.103515625,0.42578125,-0.44921875
2982,29589493,29889493,-0.117675781,-0.909790039,0.396484375,0.0345458984,0.6015625,-0.5234375,-0.28515625,-0.4140625,-6.84375,-6.4375,0.27734375,0.453125,-0.388671875
2983,29595326,29895326,-0.116760254,-0.909362793,0.397460938,0.0374755859,0.140625,-0.625,0.05078125,-0.296875,-6.859375,-6.4296875,0.27734375,0.453125,-0.388671875
2984,29611813,29911813,-0.115905762,-0.909057617,0.398254395,0.0399169922,0.140625,-0.625,0.05078125,-0.296875,-6.859375,-6.4296875,0.177734375,0.357421875,-0.318359375
2985,29615546,29915546,-0.11529541,-0.908996582,0.398376465,0.0419311523,0.078125,0.5625,0.625,-0.1953125,-6.8984375,-6.390625,0.177734375,0.357421875,-0.318359375
2986,29629908,29929908,-0.114868164,-0.909179688,0.397949219,0.0435180664,0.078125,0.5625,0.625,-0.1953125,-6.8984375,-6.390625,-0.11328125,0.21484375,-0.162109375
2987,29633635,29933635,-0.114685059,-0.909423828,0.397216797,0.0444946289,0.19921875,0.06640625,0.6953125,-0.125,-6.8984375,-6.3828125,-0.11328125,0.21484375,-0.162109375
2988,29649718,29949718,-0.114624023,-0.909851074,0.39630127,0.0451660156,0.19921875,0.06640625,0.6953125,-0.125,-6.8984375,-6.3828125,-0.20703125,0.1015625,-0.046875
2989,29653448,29953448,-0.114746094,-0.91027832,0.395202637,0.0452880859,0.08984375,0.1640625,0.79296875,-0.09375,-6.8828125,-6.40625,-0.20703125,0.1015625,-0.046875
2990,29668487,29968487,-0.114868164,-0.910827637,0.393981934,0.0447387695,0.08984375,0.1640625,0.79296875,-0.09375,-6.8828125,-6.40625,-0.28125,-0.13671875,0.0703125
2991,29674469,29974469,-0.114990234,-0.911376953,0.392822266,0.0433959961,-0.0234375,0.1640625,0.48046875,-0.09375,-6.84375,-6.4375,-0.28125,-0.13671875,0.0703125
2992,29688374,29988374,-0.11517334,-0.911987305,0.391479492,0.0413818359,-0.0234375,0.1640625,0.48046875,-0.09375,-6.84375,-6.4375,-0.369140625,-0.375,0.21484375
2993,29694341,29994341,-0.115722656,-0.912658691,0.390075684,0.0387573242,0.26171875,0.27734375,-0.19921875,-0.1484375,-6.8046875,-6.484375,-0.369140625,-0.375,0.21484375
2994,29711057,30011057,-0.116760254,-0.913208008,0.38885498,0.0355834961,0.26171875,0.27734375,-0.19921875,-0.1484375,-6.8046875,-6.484375,-0.306640625,-0.5078125,0.46484375
2995,29714655,30014655,-0.117980957,-0.913452148,0.388122559,0.032043457,0.1328125,-0.6484375,-0.49609375,-0.25,-6.7578125,-6.53125,-0.306640625,-0.5078125,0.46484375
2996,29727193,30027193,-0.119506836,-0.913574219,0.387634277,0.0279541016,0.1328125,-0.6484375,-0.49609375,-0.25,-6.7578125,-6.53125,-0.166015625,-0.65625,0.6015625
2997,29734473,30034473,-0.121032715,-0.913635254,0.387390137,0.0234375,-0.1015625,-0.7578125,-0.3203125,-0.3984375,-6.7265625,-6.5546875,-0.166015625,-0.65625,0.6015625
2998,29750650,30050650,-0.122680664,-0.913635254,0.387084961,0.0184936523,-0.1015625,-0.7578125,-0.3203125,-0.3984375,-6.7265625,-6.5546875,-0.216796875,-0.80859375,0.705078125
2999,29754256,30054256,-0.124389648,-0.913757324,0.386535645,0.0131835938,0.0859375,-0.13671875,-0.3046875,-0.5859375,-6.6953125,-6.5703125,-0.216796875,-0.80859375,0.705078125
3000,29770564,30070564,-0.126464844,-0.91394043,0.385498047,0.00689697266,0.0859375,-0.13671875,-0.3046875,-0.5859375,-6.6953125,-6.5703125,-0.3984375,-0.974609375,0.880859375
3001,29774173,30074173,-0.128601074,-0.91418457,0.384399414,0.000427246094,-0.26171875,-0.84375,-0.734375,-0.8125,-6.640625,-6.6015625,-0.3984375,-0.974609375,0.880859375
3002,29788199,30088199,0.130981445,0.914245605,-0.383361816,0.00714111328,-0.26171875,-0.84375,-0.734375,-0.8125,-6.640625,-6.6015625,-0.34765625,-1.18359375,1
3003,29795131,30095131,0.133178711,0.914123535,-0.38269043,0.0145874023,-0.6484375,-1.40234375,-1.31640625,-1.078125,-6.578125,-6.6328125,-0.34765625,-1.18359375,1
3004,29806849,30106849,0.135559082,0.913696289,-0.382385254,0.0231933594,-0.6484375,-1.40234375,-1.31640625,-1.078125,-6.578125,-6.6328125,-0.193359375,-1.35546875,1.07421875
3005,29812587,30112587,0.137817383,0.913085938,-0.382385254,0.0317382812,-1.109375,-1.58203125,-0.9609375,-1.3828125,-6.515625,-6.640625,-0.193359375,-1.35546875,1.07421875
3006,29825946,30125946,0.140136719,0.912231445,-0.382751465,0.0407714844,-1.109375,-1.58203125,-0.9609375,-1.3828125,-6.515625,-6.640625,-0.060546875,-1.5234375,1.1484375
3007,29833550,30133550,0.142456055,0.911071777,-0.383605957,0.0505371094,-1.2734375,-1.59765625,-1.109375,-1.71875,-6.4609375,-6.609375,-0.060546875,-1.5234375,1.1484375
3008,29847254,30147254,0.14440918,0.909851074,-0.384460449,0.0595703125,-1.2734375,-1.59765625,-1.109375,-1.71875,-6.4609375,-6.609375,-0.0078125,-1.72070312,1.17382812
3009,29852993,30152993,0.14642334,0.90838623,-0.385253906,0.0701904297,-0.99609375,-0.6875,-0.97265625,-2.0703125,-6.4140625,-6.5546875,-0.0078125,-1.72070312,1.17382812
3010,29866866,30166866,0.1484375,0.906921387,-0.385864258,0.0811767578,-0.99609375,-0.6875,-0.97265625,-2.0703125,-6.4140625,-6.5546875,-0.080078125,-1.9140625,1.24414062
3011,29872590,30172590,0.150390625,0.905273438,-0.386413574,0.092590332,-0.63671875,-0.28125,-0.75,-2.46875,-6.359375,-6.46875,-0.080078125,-1.9140625,1.24414062
3012,29888285,30188285,0.15234375,0.903442383,-0.386901855,0.104309082,-0.63671875,-0.28125,-0.75,-2.46875,-6.359375,-6.46875,-0.1015625,-2.06054688,1.33984375
3013,29892014,30192014,0.154296875,0.901489258,-0.387390137,0.115783691,-0.33203125,-0.4765625,-0.80078125,-2.890625,-6.28125,-6.3828125,-0.1015625,-2.06054688,1.33984375
3014,29907764,30207764,0.156555176,0.899047852,-0.388183594,0.128479004,-0.33203125,-0.4765625,-0.80078125,-2.890625,-6.28125,-6.3828125,0.02734375,-2.09570312,1.39648438
3015,29911485,30211485,0.158691406,0.89654541,-0.389099121,0.140014648,0.03125,-0.75390625,-0.6171875,-3.328125,-6.1953125,-6.2578125,0.02734375,-2.09570312,1.39648438
3016,29927722,30227722,0.161071777,0.893493652,-0.390319824,0.152893066,0.03125,-0.75390625,-0.6171875,-3.328125,-6.1953125,-6.2578125,0.119140625,-2.1796875,1.41601562
3017,29931452,30231452,0.163024902,0.890441895,-0.391601562,0.164794922,-0.2578125,-0.53125,-0.24609375,-3.765625,-6.109375,-6.09375,0.119140625,-2.1796875,1.41601562
3018,29945316,30245316,0.164916992,0.886901855,-0.393188477,0.17791748,-0.2578125,-0.53125,-0.24609375,-3.765625,-6.109375,-6.09375,0.193359375,-2.26757812,1.34960938
3019,29952644,30252644,0.166503906,0.883361816,-0.39453125,0.190429688,0.25390625,-0.05078125,-0.39453125,-4.203125,-6.015625,-5.90625,0.193359375,-2.26757812,1.34960938
3020,29967207,30267207,0.167907715,0.880065918,-0.395507812,0.202209473,0.25390625,-0.05078125,-0.39453125,-4.203125,-6.015625,-5.90625,0.0390625,-2.22460938,1.30078125
3021,29972252,30272252,0.169189453,0.876708984,-0.396057129,0.214294434,0.69921875,0.8125,-0.22265625,-4.609375,-5.921875,-5.6953125,0.0390625,-2.22460938,1.30078125
3022,29987411,30287411,0.170532227,0.873046875,-0.396362305,0.227111816,0.69921875,0.8125,-0.22265625,-4.609375,-5.921875,-5.6953125,-0.041015625,-2.1953125,1.296875
3023,29991132,30291132,0.17175293,0.869567871,-0.396606445,0.238830566,0.61328125,0.2265625,-0.1640625,-5.0234375,-5.796875,-5.484375,-0.041015625,-2.1953125,1.296875
3024,30007759,30307759,0.173034668,0.865722656,-0.396789551,0.251281738,0.61328125,0.2265625,-0.1640625,-5.0234375,-5.796875,-5.484375,-0.013671875,-2.1875,1.30273438
3025,30011367,30311367,0.174255371,0.861877441,-0.397033691,0.262878418,0.73046875,-0.1328125,-0.23046875,-5.40625,-5.6640625,-5.265625,-0.013671875,-2.1875,1.30273438
3026,30026870,30326870,0.175476074,0.857543945,-0.397460938,0.27532959,0.73046875,-0.1328125,-0.23046875,-5.40625,-5.6640625,-5.265625,0.056640625,-2.1953125,1.2578125
3027,30031646,30331646,0.176452637,0.85345459,-0.397949219,0.286621094,0.3671875,-0.046875,0.0546875,-5.7734375,-5.5234375,-5.015625,0.056640625,-2.1953125,1.2578125
3028,30046184,30346184,0.177246094,0.848693848,-0.398742676,0.29888916,0.3671875,-0.046875,0.0546875,-5.7734375,-5.5234375,-5.015625,0.1484375,-2.21679688,1.12109375
3029,30052158,30352158,0.17755127,0.844116211,-0.399719238,0.310058594,0.4140625,-0.26171875,-0.1796875,-6.125,-5.3828125,-4.7421875,0.1484375,-2.21679688,1.12109375
3030,30066580,30366580,0.177490234,0.839477539,-0.400939941,0.320983887,0.4140625,-0.26171875,-0.1796875,-6.125,-5.3828125,-4.7421875,0.1953125,-2.25,0.939453125
3031,30071360,30371360,0.177124023,0.834716797,-0.402160645,0.331848145,0.52734375,0.546875,-0.27734375,-6.4296875,-5.2734375,-4.453125,0.1953125,-2.25,0.939453125
3032,30086059,30386059,0.176635742,0.829711914,-0.403198242,0.343322754,0.52734375,0.546875,-0.27734375,-6.4296875,-5.2734375,-4.453125,0.1015625,-2.1796875,0.87890625
3033,30095482,30395482,0.176025391,0.825012207,-0.403808594,0.353942871,0.82421875,0.78125,-0.13671875,-6.7265625,-5.1640625,-4.1328125,0.1015625,-2.1796875,0.87890625
3034,30105855,30405855,0.175537109,0.820800781,-0.403991699,0.363647461,0.82421875,0.78125,-0.13671875,-6.7265625,-5.1640625,-4.1328125,-0.025390625,-1.94921875,0.865234375
3035,30110634,30410634,0.175170898,0.816467285,-0.403930664,0.373535156,0.69921875,0.6796875,0.078125,-6.984375,-5.0625,-3.8515625,-0.025390625,-1.94921875,0.865234375
3036,30126147,30426147,0.174926758,0.812744141,-0.403747559,0.381896973,0.69921875,0.6796875,0.078125,-6.984375,-5.0625,-3.8515625,-0.037109375,-1.73242188,0.830078125
3037,30131189,30431189,0.174804688,0.80871582,-0.403564453,0.390563965,0.6875,0.2109375,0.05859375,-7.203125,-4.9375,-3.6015625,-0.037109375,-1.73242188,0.830078125
3038,30145720,30445720,0.174804688,0.8046875,-0.403564453,0.398803711,0.6875,0.2109375,0.05859375,-7.203125,-4.9375,-3.6015625,0.064453125,-1.640625,0.818359375
3039,30150751,30450751,0.175048828,0.800231934,-0.403747559,0.407409668,0.61328125,-0.09765625,0.15234375,-7.3984375,-4.8203125,-3.3515625,0.064453125,-1.640625,0.818359375
3040,30166982,30466982,0.175231934,0.796203613,-0.403991699,0.414855957,0.61328125,-0.09765625,0.15234375,-7.3984375,-4.8203125,-3.3515625,0.134765625,-1.54101562,0.76953125
3041,30170705,30470705,0.175354004,0.792236328,-0.40423584,0.422119141,0.48828125,0.0546875,0.2109375,-7.578125,-4.703125,-3.1015625,0.134765625,-1.54101562,0.76953125
3042,30188226,30488226,0.175292969,0.788146973,-0.404418945,0.429626465,0.48828125,0.0546875,0.2109375,-7.578125,-4.703125,-3.1015625,0.060546875,-1.47460938,0.67578125
3043,30192397,30492397,0.174987793,0.784484863,-0.404418945,0.436401367,0.4609375,0.71875,0.08203125,-7.7421875,-4.6015625,-2.859375,0.060546875,-1.47460938,0.67578125
3044,30204582,30504582,0.174438477,0.780883789,-0.404296875,0.443115234,0.4609375,0.71875,0.08203125,-7.7421875,-4.6015625,-2.859375,-0.03515625,-1.33398438,0.54296875
3045,30214640,30514640,0.17376709,0.777648926,-0.40411377,0.449157715,0.38671875,0.6171875,0.1015625,-7.859375,-4.5,-2.6484375,-0.03515625,-1.33398438,0.54296875
3046,30224648,30524648,0.173278809,0.774536133,-0.403869629,0.45489502,0.38671875,0.6171875,0.1015625,-7.859375,-4.5,-2.6484375,-0.017578125,-1.14257812,0.5234375
3047,30229677,30529677,0.173278809,0.77154541,-0.403625488,0.460205078,1,-0.11328125,0.17578125,-7.9765625,-4.421875,-2.453125,-0.017578125,-1.14257812,0.5234375
3048,30247329,30547329,0.173828125,0.768676758,-0.403381348,0.46496582,1,-0.11328125,0.17578125,-7.9765625,-4.421875,-2.453125,0.119140625,-0.9375,0.626953125
3049,30253203,30553203,0.174804688,0.76574707,-0.403198242,0.469543457,0.51953125,-0.20703125,0.31640625,-8.0703125,-4.328125,-2.2890625,0.119140625,-0.9375,0.626953125
3050,30264198,30564198,0.17590332,0.762939453,-0.403076172,0.473815918,0.51953125,-0.20703125,0.31640625,-8.0703125,-4.328125,-2.2890625,0.173828125,-0.794921875,0.623046875
3051,30272692,30572692,0.177062988,0.760131836,-0.402954102,0.478027344,0.078125,0.0078125,0.3515625,-8.1640625,-4.234375,-2.1328125,0.173828125,-0.794921875,0.623046875
3052,30287448,30587448,0.17791748,0.757507324,-0.402893066,0.481872559,0.078125,0.0078125,0.3515625,-8.1640625,-4.234375,-2.1328125,0.123046875,-0.740234375,0.501953125
3053,30293616,30593616,0.178405762,0.755187988,-0.402770996,0.485412598,-0.11328125,0.41015625,0.25,-8.2421875,-4.140625,-1.9921875,0.123046875,-0.740234375,0.501953125
3054,30305347,30605347,0.178588867,0.753112793,-0.402648926,0.488708496,-0.11328125,0.41015625,0.25,-8.2421875,-4.140625,-1.9921875,0.017578125,-0.66796875,0.3359375
3055,30309101,30609101,0.178527832,0.751281738,-0.402526855,0.491577148,-0.31640625,0.34765625,0.203125,-8.3046875,-4.078125,-1.8671875,0.017578125,-0.66796875,0.3359375
3056,30326684,30626684,0.178466797,0.749511719,-0.402404785,0.494445801,-0.31640625,0.34765625,0.203125,-8.3046875,-4.078125,-1.8671875,0.0234375,-0.54296875,0.283203125
3057,30333595,30633595,0.178588867,0.748046875,-0.402282715,0.496704102,-0.078125,0.03515625,0.29296875,-8.3515625,-4.03125,-1.765625,0.0234375,-0.54296875,0.283203125
3058,30343191,30643191,0.178894043,0.746582031,-0.40222168,0.498840332,-0.078125,0.03515625,0.29296875,-8.3515625,-4.03125,-1.765625,0.0703125,-0.369140625,0.259765625
3059,30350477,30650477,0.179382324,0.745361328,-0.402160645,0.500488281,0.07421875,-0.2421875,0.328125,-8.390625,-3.984375,-1.6875,0.0703125,-0.369140625,0.259765625
3060,30366150,30666150,0.179931641,0.744445801,-0.402099609,0.501647949,0.07421875,-0.2421875,0.328125,-8.390625,-3.984375,-1.6875,0.080078125,-0.16015625,0.193359375
3061,30372601,30672601,0.180480957,0.744018555,-0.402038574,0.502258301,0.05859375,0.1015625,0.359375,-8.4140625,-3.9453125,-1.640625,0.080078125,-0.16015625,0.193359375
3062,30386517,30686517,0.180969238,0.74395752,-0.401733398,0.502380371,0.05859375,0.1015625,0.359375,-8.4140625,-3.9453125,-1.640625,-0.01953125,0.083984375,0.078125
3063,30391323,30691323,0.181335449,0.74432373,-0.401367188,0.50201416,0.15234375,0.421875,0.234375,-8.4296875,-3.921875,-1.6328125,-0.01953125,0.083984375,0.078125
3064,30405145,30705145,0.18170166,0.745056152,-0.401000977,0.501037598,0.15234375,0.421875,0.234375,-8.4296875,-3.921875,-1.6328125,-0.048828125,0.310546875,-0.041015625
3065,30412365,30712365,0.182067871,0.74609375,-0.400695801,0.499633789,0.18359375,0.30859375,0.3046875,-8.421875,-3.921875,-1.6640625,-0.048828125,0.310546875,-0.041015625
3066,30422142,30722142,0.182556152,0.747558594,-0.40032959,0.497619629,0.18359375,0.30859375,0.3046875,-8.421875,-3.921875,-1.6640625,-0.0546875,0.54296875,-0.12890625
3067,30429428,30729428,0.183044434,0.749267578,-0.399963379,0.495056152,0.3046875,0.1328125,0.52734375,-8.390625,-3.9375,-1.734375,-0.0546875,0.54296875,-0.12890625
3068,30443094,30743094,0.18359375,0.751342773,-0.399658203,0.491943359,0.3046875,0.1328125,0.52734375,-8.390625,-3.9375,-1.734375,-0.02734375,0.7734375,-0.23046875
3069,30451961,30751961,0.184204102,0.753662109,-0.399475098,0.488342285,0.3125,0.125,0.53125,-8.359375,-3.96875,-1.8515625,-0.02734375,0.7734375,-0.23046875
3070,30461623,30761623,0.184814453,0.756225586,-0.399291992,0.48425293,0.3125,0.125,0.53125,-8.359375,-3.96875,-1.8515625,-0.01171875,0.98046875,-0.34765625
3071,30468903,30768903,0.185424805,0.759094238,-0.399230957,0.479614258,0.44921875,0.2109375,0.48828125,-8.3046875,-4.015625,-2,-0.01171875,0.98046875,-0.34765625
3072,30483534,30783534,0.185974121,0.762145996,-0.399291992,0.47442627,0.44921875,0.2109375,0.48828125,-8.3046875,-4.015625,-2,0.01171875,1.16210938,-0.486328125
3073,30492230,30792230,0.186401367,0.765258789,-0.399475098,0.469055176,0.41015625,0.34765625,0.359375,-8.2265625,-4.078125,-2.1796875,0.01171875,1.16210938,-0.486328125
3074,30502446,30802446,0.186645508,0.768859863,-0.399841309,0.462768555,0.41015625,0.34765625,0.359375,-8.2265625,-4.078125,-2.1796875,0.02734375,1.28320312,-0.650390625
3075,30508415,30808415,0.186645508,0.772521973,-0.40032959,0.456237793,0.34375,0.55859375,0.1328125,-8.125,-4.171875,-2.375,0.02734375,1.28320312,-0.650390625
3076,30524581,30824581,0.186462402,0.776306152,-0.400817871,0.449401855,0.34375,0.55859375,0.1328125,-8.125,-4.171875,-2.375,0.013671875,1.421875,-0.810546875
3077,30530979,30830979,0.186157227,0.780090332,-0.401428223,0.442321777,0.25,0.55078125,0.26953125,-7.9921875,-4.28125,-2.5859375,0.013671875,1.421875,-0.810546875
3078,30543613,30843613,0.18572998,0.784423828,-0.402160645,0.434143066,0.25,0.55078125,0.26953125,-7.9921875,-4.28125,-2.5859375,0.048828125,1.55078125,-0.935546875
3079,30547343,30847343,0.185302734,0.788391113,-0.402954102,0.426330566,0.1640625,0.30859375,0.16015625,-7.828125,-4.421875,-2.8203125,0.048828125,1.55078125,-0.935546875
3080,30563743,30863743,0.184814453,0.792785645,-0.403869629,0.417419434,0.1640625,0.30859375,0.16015625,-7.828125,-4.421875,-2.8203125,0.083984375,1.65429688,-1.00390625
3081,30570612,30870612,0.184387207,0.79675293,-0.404724121,0.409118652,0.05859375,0.3515625,0.2109375,-7.6484375,-4.578125,-3.0625,0.083984375,1.65429688,-1.00390625
3082,30583190,30883190,0.183776855,0.801269531,-0.405761719,0.399475098,0.05859375,0.3515625,0.2109375,-7.6484375,-4.578125,-3.0625,0.11328125,1.75585938,-1.08203125
3083,30588235,30888235,0.183227539,0.805297852,-0.406738281,0.390441895,0.01171875,0.1328125,0.14453125,-7.4453125,-4.7421875,-3.3046875,0.11328125,1.75585938,-1.08203125
3084,30602417,30902417,0.182556152,0.809753418,-0.407897949,0.380187988,0.01171875,0.1328125,0.14453125,-7.4453125,-4.7421875,-3.3046875,0.142578125,1.8515625,-1.18554688
3085,30608076,30908076,0.181762695,0.814147949,-0.409057617,0.369934082,-0.18359375,0.33984375,-0.140625,-7.2109375,-4.9140625,-3.5546875,0.142578125,1.8515625,-1.18554688
3086,30622961,30922961,0.180908203,0.81829834,-0.41003418,0.359985352,-0.18359375,0.33984375,-0.140625,-7.2109375,-4.9140625,-3.5546875,0.109375,1.94140625,-1.2421875
3087,30627752,30927752,0.179992676,0.822692871,-0.410888672,0.349182129,-0.17578125,0.484375,-0.12109375,-6.953125,-5.09375,-3.8046875,0.109375,1.94140625,-1.2421875
3088,30642439,30942439,0.179138184,0.827270508,-0.411621094,0.33782959,-0.17578125,0.484375,-0.12109375,-6.953125,-5.09375,-3.8046875,0.087890625,2.046875,-1.25390625
3089,30648078,30948078,0.178283691,0.831726074,-0.41229248,0.326293945,-0.12890625,0.125,-0.1640625,-6.65625,-5.2734375,-4.0703125,0.087890625,2.046875,-1.25390625
3090,30662176,30962176,0.17755127,0.835876465,-0.412841797,0.315246582,-0.12890625,0.125,-0.1640625,-6.65625,-5.2734375,-4.0703125,0.103515625,2.08984375,-1.25976562
3091,30668153,30968153,0.176635742,0.840087891,-0.413330078,0.303649902,-0.27734375,0.03125,-0.06640625,-6.3515625,-5.4453125,-4.3203125,0.103515625,2.08984375,-1.25976562
3092,30681690,30981690,0.175598145,0.844177246,-0.413574219,0.292480469,-0.27734375,0.03125,-0.06640625,-6.3515625,-5.4453125,-4.3203125,0.005859375,2.1328125,-1.33984375
3093,30688102,30988102,0.174255371,0.848571777,-0.413574219,0.280273438,-0.33984375,0.0703125,-0.23046875,-6.0234375,-5.6015625,-4.578125,0.005859375,2.1328125,-1.33984375
3094,30701020,31001020,0.172851562,0.852600098,-0.413269043,0.269042969,-0.33984375,0.0703125,-0.23046875,-6.0234375,-5.6015625,-4.578125,-0.111328125,2.14453125,-1.36132812
3095,30706980,31006980,0.171264648,0.857055664,-0.412597656,0.256713867,-0.19140625,0.1796875,-0.1328125,-5.671875,-5.75,-4.828125,-0.111328125,2.14453125,-1.36132812
3096,30727277,31027277,0.16986084,0.86114502,-0.411621094,0.245178223,-0.19140625,0.1796875,-0.1328125,-5.671875,-5.75,-4.828125,-0.1953125,2.21484375,-1.34179688
3097,30732164,31032164,0.168395996,0.865539551,-0.410461426,0.23248291,0.09375,-0.14453125,-0.37109375,-5.3046875,-5.8828125,-5.0859375,-0.1953125,2.21484375,-1.34179688
3098,30740354,31040354,0.167114258,0.869384766,-0.409423828,0.220581055,0.09375,-0.14453125,-0.37109375,-5.3046875,-5.8828125,-5.0859375,-0.134765625,2.23632812,-1.32421875
3099,30746723,31046723,0.165710449,0.873168945,-0.408447266,0.207946777,-0.23046875,-0.3359375,-0.4296875,-4.90625,-6,-5.3359375,-0.134765625,2.23632812,-1.32421875
3100,30761282,31061282,0.164306641,0.876586914,-0.407592773,0.196289062,-0.23046875,-0.3359375,-0.4296875,-4.90625,-6,-5.3359375,-0.111328125,2.16015625,-1.32617188
3101,30767224,31067224,0.162658691,0.880126953,-0.40637207,0.183837891,-0.0859375,-0.0625,-0.05859375,-4.515625,-6.1171875,-5.5546875,-0.111328125,2.16015625,-1.32617188
3102,30780551,31080551,0.161010742,0.883361816,-0.404968262,0.172485352,-0.0859375,-0.0625,-0.05859375,-4.515625,-6.1171875,-5.5546875,-0.251953125,2.12109375,-1.33007812
3103,30788689,31088689,0.159118652,0.886779785,-0.403259277,0.160339355,-0.03125,-0.24609375,-0.046875,-4.109375,-6.203125,-5.7578125,-0.251953125,2.12109375,-1.33007812
3104,30802754,31102754,0.157165527,0.889953613,-0.401550293,0.1484375,-0.03125,-0.24609375,-0.046875,-4.109375,-6.203125,-5.7578125,-0.228515625,2.03710938,-1.31445312
3105,30808386,31108386,0.155395508,0.892700195,-0.400024414,0.137634277,0.08984375,-0.62890625,-0.2265625,-3.6953125,-6.28125,-5.9609375,-0.228515625,2.03710938,-1.31445312
3106,30820430,31120430,0.153747559,0.895202637,-0.398864746,0.126159668,0.08984375,-0.62890625,-0.2265625,-3.6953125,-6.28125,-5.9609375,-0.015625,1.91601562,-1.18945312
3107,30828513,31128513,0.15234375,0.896972656,-0.398620605,0.115539551,-0.078125,-0.90234375,-0.57421875,-3.296875,-6.3515625,-6.109375,-0.015625,1.91601562,-1.18945312
3108,30840526,31140526,0.151000977,0.898071289,-0.399353027,0.10546875,-0.078125,-0.90234375,-0.57421875,-3.296875,-6.3515625,-6.109375,0.416015625,1.65625,-1.08398438
3109,30846101,31146101,0.149536133,0.898925781,-0.400512695,0.0956420898,0.17578125,0.265625,0.125,-2.9375,-6.4453125,-6.1953125,0.416015625,1.65625,-1.08398438
3110,30860060,31160060,0.147888184,0.899780273,-0.401306152,0.0861816406,0.17578125,0.265625,0.125,-2.9375,-6.4453125,-6.1953125,0.25,1.53125,-1.09960938
3111,30867726,31167726,0.146179199,0.900878906,-0.401428223,0.0770263672,0.5234375,0.91015625,0.35546875,-2.59375,-6.5546875,-6.234375,0.25,1.53125,-1.09960938
3112,30885063,31185063,0.144470215,0.902038574,-0.400878906,0.0686645508,0.5234375,0.91015625,0.35546875,-2.59375,-6.5546875,-6.234375,-0.03125,1.4375,-1.02734375
3113,30889392,31189392,0.142700195,0.903381348,-0.399841309,0.0603027344,0.5078125,0.47265625,-0.1953125,-2.2734375,-6.6171875,-6.296875,-0.03125,1.4375,-1.02734375
3114,30900194,31200194,0.141052246,0.904663086,-0.398620605,0.0528564453,0.5078125,0.47265625,-0.1953125,-2.2734375,-6.6171875,-6.296875,-0.146484375,1.19140625,-0.869140625
3115,30907494,31207494,0.139526367,0.905761719,-0.397460938,0.0458374023,0.2890625,-0.18359375,-0.77734375,-1.9765625,-6.6484375,-6.3671875,-0.146484375,1.19140625,-0.869140625
3116,30924717,31224717,0.138244629,0.906738281,-0.39654541,0.0385742188,0.2890625,-0.18359375,-0.77734375,-1.9765625,-6.6484375,-6.3671875,-0.017578125,1.29101562,-0.814453125
3117,30928706,31228706,0.137145996,0.907226562,-0.39642334,0.0310058594,0.20703125,-0.94140625,-1.10546875,-1.703125,-6.65625,-6.421875,-0.017578125,1.29101562,-0.814453125
3118,30942022,31242022,0.135986328,0.907226562,-0.397399902,0.0233154297,0.20703125,-0.94140625,-1.10546875,-1.703125,-6.65625,-6.421875,0.447265625,1.26757812,-0.849609375
3119,30945644,31245644,0.13458252,0.907165527,-0.3984375,0.0160522461,-0.21875,-0.15234375,0.3203125,-1.4296875,-6.71875,-6.4296875,0.447265625,1.26757812,-0.849609375
3120,30961271,31261271,0.13269043,0.907348633,-0.398803711,0.00854492188,-0.21875,-0.15234375,0.3203125,-1.4296875,-6.71875,-6.4296875,0.14453125,1.10351562,-0.900390625
3121,30967595,31267595,0.13092041,0.907836914,-0.39831543,0.00238037109,0.2734375,1.01953125,0.53515625,-1.15625,-6.78125,-6.4140625,0.14453125,1.10351562,-0.900390625
3122,30979812,31279812,-0.12902832,-0.908752441,0.396850586,0.00354003906,0.2734375,1.01953125,0.53515625,-1.15625,-6.78125,-6.4140625,-0.263671875,0.859375,-0.76171875
3123,30985796,31285796,-0.127441406,-0.909790039,0.395019531,0.00836181641,0.60546875,0.72265625,0.52734375,-0.9140625,-6.7890625,-6.4453125,-0.263671875,0.859375,-0.76171875
3124,31000288,31300288,-0.126098633,-0.910766602,0.393066406,0.0126342773,0.60546875,0.72265625,0.52734375,-0.9140625,-6.7890625,-6.4453125,-0.3125,0.6875,-0.57421875
3125,31006200,31306200,-0.125,-0.911376953,0.391723633,0.0166625977,0.5703125,-0.53515625,-0.14453125,-0.7265625,-6.7578125,-6.5,-0.3125,0.6875,-0.57421875
3126,31022355,31322355,-0.123901367,-0.911560059,0.391540527,0.0211181641,0.5703125,-0.53515625,-0.14453125,-0.7265625,-6.7578125,-6.5,0.228515625,0.765625,-0.556640625
3127,31027467,31327467,-0.122741699,-0.911132812,0.392456055,0.026184082,0.3671875,-1.22265625,-0.0546875,-0.5625,-6.7578125,-6.515625,0.228515625,0.765625,-0.556640625
3128,31040197,31340197,-0.121276855,-0.910583496,0.393798828,0.0314331055,0.3671875,-1.22265625,-0.0546875,-0.5625,-6.7578125,-6.515625,0.404296875,0.765625,-0.654296875
3129,31045218,31345218,-0.119812012,-0.91027832,0.39465332,0.0358276367,-0.0859375,0.59375,0.59765625,-0.375,-6.8125,-6.4765625,0.404296875,0.765625,-0.654296875
3130,31058747,31358747,-0.118347168,-0.91027832,0.394775391,0.0397338867,-0.0859375,0.59375,0.59765625,-0.375,-6.8125,-6.4765625,0.015625,0.5078125,-0.505859375
3131,31064714,31364714,-0.1171875,-0.910583496,0.394104004,0.0424804688,0.0546875,1.046875,0.3828125,-0.2109375,-6.84375,-6.453125,0.015625,0.5078125,-0.505859375
3132,31082518,31382518,-0.116333008,-0.911071777,0.392883301,0.0447387695,0.0546875,1.046875,0.3828125,-0.2109375,-6.84375,-6.453125,-0.22265625,0.314453125,-0.314453125
3133,31086129,31386129,-0.115661621,-0.911560059,0.391784668,0.0466308594,0.2890625,-0.42578125,-0.33203125,-0.1015625,-6.828125,-6.46875,-0.22265625,0.314453125,-0.314453125
3134,31098451,31398451,-0.11517334,-0.911804199,0.391174316,0.0485229492,0.2890625,-0.42578125,-0.33203125,-0.1015625,-6.828125,-6.46875,-0.03515625,0.341796875,-0.234375
3135,31104177,31404177,-0.114868164,-0.911804199,0.390991211,0.0505371094,0.12890625,-1.28515625,-0.8515625,-0.015625,-6.8125,-6.484375,-0.03515625,0.341796875,-0.234375
3136,31122260,31422260,-0.114562988,-0.911560059,0.391357422,0.0529174805,0.12890625,-1.28515625,-0.8515625,-0.015625,-6.8125,-6.484375,0.1796875,0.3984375,-0.22265625
3137,31125872,31425872,-0.114257812,-0.911193848,0.391967773,0.0553588867,-0.40234375,-1.66015625,-0.7421875,0.0546875,-6.8203125,-6.4765625,0.1796875,0.3984375,-0.22265625
3138,31138584,31438584,-0.113708496,-0.910827637,0.392578125,0.0578613281,-0.40234375,-1.66015625,-0.7421875,0.0546875,-6.8203125,-6.4765625,0.1796875,0.412109375,-0.310546875
3139,31144298,31444298,-0.112976074,-0.910644531,0.39276123,0.0603637695,-0.3828125,-0.640625,-0.125,0.1484375,-6.84375,-6.4453125,0.1796875,0.412109375,-0.310546875
3140,31157406,31457406,-0.112121582,-0.910827637,0.392333984,0.0625610352,-0.3828125,-0.640625,-0.125,0.1484375,-6.84375,-6.4453125,-0.109375,0.3203125,-0.330078125
3141,31164532,31464532,-0.111450195,-0.911193848,0.391418457,0.0643920898,0.13671875,0.515625,0.3359375,0.2421875,-6.8515625,-6.4453125,-0.109375,0.3203125,-0.330078125
3142,31178723,31478723,-0.110900879,-0.911560059,0.39050293,0.0656738281,0.13671875,0.515625,0.3359375,0.2421875,-6.8515625,-6.4453125,-0.154296875,0.158203125,-0.173828125
3143,31183613,31483613,-0.110595703,-0.911804199,0.389831543,0.0663452148,0.19140625,0.45703125,0.58203125,0.3046875,-6.828125,-6.4609375,-0.154296875,0.158203125,-0.173828125
3144,31203212,31503212,-0.110534668,-0.91192627,0.389587402,0.0664672852,0.19140625,0.45703125,0.58203125,0.3046875,-6.828125,-6.4609375,-0.017578125,-0.046875,0.01953125
3145,31208285,31508285,-0.110595703,-0.91192627,0.389648438,0.0657958984,0.28125,0.1015625,1.046875,0.328125,-6.8203125,-6.46875,-0.017578125,-0.046875,0.01953125
3146,31218273,31518273,-0.110778809,-0.911987305,0.389709473,0.0642700195,0.28125,0.1015625,1.046875,0.328125,-6.8203125,-6.46875,-0.041015625,-0.32421875,0.2109375
3147,31223303,31523303,-0.111328125,-0.912109375,0.389648438,0.0619506836,0.16796875,0.484375,0.671875,0.2890625,-6.8203125,-6.4765625,-0.041015625,-0.32421875,0.2109375
3148,31240619,31540619,-0.112182617,-0.912353516,0.389221191,0.0588989258,0.16796875,0.484375,0.671875,0.2890625,-6.8203125,-6.4765625,-0.2109375,-0.533203125,0.439453125
3149,31244367,31544367,-0.11328125,-0.912719727,0.38861084,0.0553588867,0.078125,0.1640625,0.23046875,0.1875,-6.8046875,-6.4921875,-0.2109375,-0.533203125,0.439453125
3150,31257901,31557901,-0.114807129,-0.913146973,0.387756348,0.0510253906,0.078125,0.1640625,0.23046875,0.1875,-6.8046875,-6.4921875,-0.32421875,-0.66015625,0.615234375
3151,31262929,31562929,-0.116516113,-0.913635254,0.386779785,0.0463256836,-0.34765625,-0.3359375,-0.19140625,0.0390625,-6.765625,-6.53125,-0.32421875,-0.66015625,0.615234375
3152,31280622,31580622,-0.118347168,-0.914123535,0.385681152,0.0408935547,-0.34765625,-0.3359375,-0.19140625,0.0390625,-6.765625,-6.53125,-0.3828125,-0.87890625,0.759765625
3153,31284355,31584355,-0.120239258,-0.914489746,0.38470459,0.0352783203,-0.3828125,-0.61328125,-0.71875,-0.15625,-6.71875,-6.578125,-0.3828125,-0.87890625,0.759765625
3154,31298221,31598221,-0.122314453,-0.914794922,0.383789062,0.0289306641,-0.3828125,-0.61328125,-0.71875,-0.15625,-6.71875,-6.578125,-0.33203125,-0.986328125,0.880859375
3155,31303251,31603251,-0.124755859,-0.914978027,0.383178711,0.0220947266,-0.0703125,-0.390625,-1.015625,-0.390625,-6.671875,-6.625,-0.33203125,-0.986328125,0.880859375
3156,31321206,31621206,-0.127197266,-0.914916992,0.3828125,0.0155029297,-0.0703125,-0.390625,-1.015625,-0.390625,-6.671875,-6.625,-0.21875,-1.06640625,1.015625
3157,31324937,31624937,-0.129882812,-0.914672852,0.38269043,0.00823974609,0.15625,-0.58984375,-0.49609375,-0.65625,-6.625,-6.6484375,-0.21875,-1.06640625,1.015625
3158,31338407,31638407,-0.132446289,-0.914306641,0.38269043,0.000793457031,0.15625,-0.58984375,-0.49609375,-0.65625,-6.625,-6.6484375,-0.1484375,-1.2890625,1.12890625
3159,31344094,31644094,0.135070801,0.913818359,-0.382995605,0.00769042969,-0.24609375,-0.828125,-0.6015625,-0.9453125,-6.578125,-6.65625,-0.1484375,-1.2890625,1.12890625
3160,31359133,31659133,0.137634277,0.913146973,-0.383361816,0.0173339844,-0.24609375,-0.828125,-0.6015625,-0.9453125,-6.578125,-6.65625,-0.1328125,-1.6015625,1.19726562
3161,31366811,31666811,0.139831543,0.912414551,-0.383666992,0.0270385742,-0.4296875,-0.5546875,-0.734375,-1.296875,-6.546875,-6.640625,-0.1328125,-1.6015625,1.19726562
3162,31377130,31677130,0.142089844,0.911621094,-0.383850098,0.0377807617,-0.4296875,-0.5546875,-0.734375,-1.296875,-6.546875,-6.640625,-0.1953125,-1.87890625,1.29296875
3163,31382168,31682168,0.144348145,0.910583496,-0.384155273,0.0498657227,-0.7734375,-0.76953125,-0.91796875,-1.6796875,-6.484375,-6.609375,-0.1953125,-1.87890625,1.29296875
3164,31400479,31700479,0.146484375,0.909301758,-0.384399414,0.0623779297,-0.7734375,-0.76953125,-0.91796875,-1.6796875,-6.484375,-6.609375,-0.185546875,-2.19140625,1.38671875
3165,31406282,31706282,0.1484375,0.907897949,-0.384765625,0.0754394531,-0.8984375,-0.80859375,-1.125,-2.1328125,-6.40625,-6.5546875,-0.185546875,-2.19140625,1.38671875
3166,31417368,31717368,0.15045166,0.906188965,-0.385009766,0.0891723633,-0.8984375,-0.80859375,-1.125,-2.1328125,-6.40625,-6.5546875,-0.189453125,-2.37109375,1.4453125
3167,31422398,31722398,0.15234375,0.90411377,-0.385620117,0.103149414,-0.71875,-0.78125,-1.171875,-2.6171875,-6.3203125,-6.46875,-0.189453125,-2.37109375,1.4453125
3168,31440120,31740120,0.15411377,0.901855469,-0.386413574,0.116516113,-0.71875,-0.78125,-1.171875,-2.6171875,-6.3203125,-6.46875,-0.025390625,-2.57421875,1.51367188
3169,31445068,31745068,0.155944824,0.899047852,-0.387451172,0.131469727,-0.9609375,-0.53125,-1.0234375,-3.1015625,-6.2265625,-6.3515625,-0.025390625,-2.57421875,1.51367188
3170,31456858,31756858,0.157653809,0.895996094,-0.38848877,0.146606445,-0.9609375,-0.53125,-1.0234375,-3.1015625,-6.2265625,-6.3515625,0.01171875,-2.69140625,1.51757812
3171,31461640,31761640,0.159179688,0.89263916,-0.389587402,0.161376953,-0.390625,-0.4765625,-0.7421875,-3.6328125,-6.125,-6.171875,0.01171875,-2.69140625,1.51757812
3172,31478246,31778246,0.160644531,0.888916016,-0.390991211,0.176452637,-0.390625,-0.4765625,-0.7421875,-3.6328125,-6.125,-6.171875,0.142578125,-2.7109375,1.484375
3173,31486562,31786562,0.16192627,0.885253906,-0.392333984,0.190307617,0,-0.203125,-0.5390625,-4.140625,-6.015625,-5.953125,0.142578125,-2.7109375,1.484375
3174,31496192,31796192,0.163085938,0.881286621,-0.393432617,0.204956055,0,-0.203125,-0.5390625,-4.140625,-6.015625,-5.953125,0.04296875,-2.5390625,1.35546875
3175,31503088,31803088,0.1640625,0.877502441,-0.394104004,0.21862793,0.3984375,0.26171875,-0.23828125,-4.6171875,-5.90625,-5.71875,0.04296875,-2.5390625,1.35546875
3176,31519538,31819538,0.165039062,0.873779297,-0.39440918,0.231628418,0.3984375,0.26171875,-0.23828125,-4.6171875,-5.90625,-5.71875,-0.052734375,-2.42382812,1.34179688
3177,31524826,31824826,0.16607666,0.869812012,-0.39465332,0.245056152,0.41796875,-0.015625,-0.05078125,-5.0546875,-5.78125,-5.484375,-0.052734375,-2.42382812,1.34179688
3178,31537221,31837221,0.167175293,0.865600586,-0.394958496,0.258422852,0.41796875,-0.015625,-0.05078125,-5.0546875,-5.78125,-5.484375,0.029296875,-2.40625,1.33789062
3179,31540822,31840822,0.168212891,0.86138916,-0.395446777,0.270935059,0.5234375,-0.578125,0.03515625,-5.46875,-5.640625,-5.2265625,0.029296875,-2.40625,1.33789062
3180,31557613,31857613,0.169250488,0.856506348,-0.396118164,0.284301758,0.5234375,-0.578125,0.03515625,-5.46875,-5.640625,-5.2265625,0.1328125,-2.41796875,1.30664062
3181,31561335,31861335,0.17010498,0.851867676,-0.396789551,0.296447754,0.65625,-0.3046875,-0.3125,-5.8671875,-5.4921875,-4.953125,0.1328125,-2.41796875,1.30664062
3182,31578694,31878694,0.170776367,0.846801758,-0.397521973,0.309509277,0.65625,-0.3046875,-0.3125,-5.8671875,-5.4921875,-4.953125,0.099609375,-2.38476562,1.18945312
3183,31582424,31882424,0.171081543,0.842041016,-0.398010254,0.321289062,0.8671875,0.51171875,-0.08203125,-6.234375,-5.3515625,-4.6484375,0.099609375,-2.38476562,1.18945312
3184,31600491,31900491,0.171142578,0.837341309,-0.3984375,0.332885742,0.8671875,0.51171875,-0.08203125,-6.234375,-5.3515625,-4.6484375,0.052734375,-2.24414062,1.0390625
3185,31601966,31901966,0.171020508,0.832519531,-0.398742676,0.344543457,0.95703125,0.5,-0.2265625,-6.5546875,-5.2265625,-4.3515625,0.052734375,-2.24414062,1.0390625
3186,31615128,31915128,0.170837402,0.827819824,-0.398742676,0.355712891,0.95703125,0.5,-0.2265625,-6.5546875,-5.2265625,-4.3515625,-0.033203125,-2.14648438,1.0078125
3187,31621143,31921143,0.170776367,0.823181152,-0.398620605,0.366455078,0.90234375,0.3984375,-0.0625,-6.84375,-5.0859375,-4.0546875,-0.033203125,-2.14648438,1.0078125
3188,31639933,31939933,0.170837402,0.81854248,-0.398620605,0.37677002,0.90234375,0.3984375,-0.0625,-6.84375,-5.0859375,-4.0546875,0.02734375,-1.99609375,0.9921875
3189,31641413,31941413,0.170959473,0.814025879,-0.398620605,0.386352539,0.90234375,0.11328125,0.03125,-7.109375,-4.953125,-3.765625,0.02734375,-1.99609375,0.9921875
3190,31654573,31954573,0.171081543,0.809265137,-0.398742676,0.396057129,0.90234375,0.11328125,0.03125,-7.109375,-4.953125,-3.765625,0.091796875,-1.86328125,0.8984375
3191,31660551,31960551,0.171142578,0.80456543,-0.398925781,0.405273438,0.33203125,0.32421875,0.1328125,-7.34375,-4.8203125,-3.484375,0.091796875,-1.86328125,0.8984375
3192,31680393,31980393,0.171020508,0.799926758,-0.398925781,0.414428711,0.33203125,0.32421875,0.1328125,-7.34375,-4.8203125,-3.484375,0.01953125,-1.84375,0.86328125
3193,31683998,31983998,0.170776367,0.795593262,-0.398803711,0.422912598,0.2734375,0.23828125,0.11328125,-7.5546875,-4.6953125,-3.1953125,0.01953125,-1.84375,0.86328125
3194,31694728,31994728,0.170471191,0.79107666,-0.398498535,0.43170166,0.2734375,0.23828125,0.11328125,-7.5546875,-4.6953125,-3.1953125,-0.0234375,-1.765625,0.802734375
3195,31700447,32000447,0.170043945,0.786560059,-0.398071289,0.440429688,0.53125,0.3046875,0.26953125,-7.734375,-4.5703125,-2.9296875,-0.0234375,-1.765625,0.802734375
3196,31717397,32017397,0.169677734,0.782287598,-0.397644043,0.448486328,0.53125,0.3046875,0.26953125,-7.734375,-4.5703125,-2.9296875,-0.017578125,-1.62695312,0.74609375
3197,31722840,32022840,0.169311523,0.778259277,-0.397399902,0.455688477,0.625,0.02734375,-0.03515625,-7.90625,-4.4453125,-2.6640625,-0.017578125,-1.62695312,0.74609375
3198,31733318,32033318,0.168823242,0.773925781,-0.397399902,0.463256836,0.625,0.02734375,-0.03515625,-7.90625,-4.4453125,-2.6640625,0.046875,-1.49804688,0.611328125
3199,31740222,32040222,0.168334961,0.769897461,-0.397460938,0.470031738,0.3828125,0.1484375,0.40234375,-8.046875,-4.3359375,-2.4140625,0.046875,-1.49804688,0.611328125
3200,31758264,32058264,0.167907715,0.765991211,-0.397644043,0.476379395,0.3828125,0.1484375,0.40234375,-8.046875,-4.3359375,-2.4140625,0.095703125,-1.34375,0.53515625
3201,31761873,32061873,0.167480469,0.762268066,-0.397888184,0.482299805,0.60546875,0.0625,0.20703125,-8.15625,-4.25,-2.1796875,0.095703125,-1.34375,0.53515625
3202,31773762,32073762,0.167114258,0.758789062,-0.398193359,0.487609863,0.60546875,0.0625,0.20703125,-8.15625,-4.25,-2.1796875,0.103515625,-1.1640625,0.4375
3203,31780680,32080680,0.166687012,0.755493164,-0.3984375,0.492614746,0.5390625,0.14453125,0.1484375,-8.2421875,-4.1796875,-1.96875,0.103515625,-1.1640625,0.4375
3204,31797919,32097919,0.166320801,0.752319336,-0.398681641,0.497375488,0.5390625,0.14453125,0.1484375,-8.2421875,-4.1796875,-1.96875,0.091796875,-1.01171875,0.380859375
3205,31802377,32102377,0.16595459,0.749511719,-0.398925781,0.501586914,0.5390625,0.3046875,0.15234375,-8.3203125,-4.109375,-1.78125,0.091796875,-1.01171875,0.380859375
3206,31814975,32114975,0.165649414,0.747009277,-0.399047852,0.505249023,0.5390625,0.3046875,0.15234375,-8.3203125,-4.109375,-1.78125,0.05859375,-0.791015625,0.296875
3207,31820011,32120011,0.165344238,0.744873047,-0.399169922,0.508422852,0.48046875,0.32421875,0.49609375,-8.375,-4.0546875,-1.625,0.05859375,-0.791015625,0.296875
3208,31838898,32138898,0.164978027,0.742980957,-0.399169922,0.511352539,0.48046875,0.32421875,0.49609375,-8.375,-4.0546875,-1.625,0.015625,-0.5859375,0.212890625
3209,31840373,32140373,0.164672852,0.741394043,-0.399169922,0.513671875,0.375,0.1328125,0.41796875,-8.421875,-4.015625,-1.5078125,0.015625,-0.5859375,0.212890625
3210,31855263,32155263,0.164550781,0.740112305,-0.399108887,0.515625,0.375,0.1328125,0.41796875,-8.421875,-4.015625,-1.5078125,0.01953125,-0.392578125,0.169921875
3211,31858995,32158995,0.164489746,0.739074707,-0.399108887,0.517150879,0.20703125,0.0234375,0.4453125,-8.4453125,-3.984375,-1.421875,0.01953125,-0.392578125,0.169921875
3212,31875547,32175547,0.164611816,0.738220215,-0.399047852,0.518371582,0.20703125,0.0234375,0.4453125,-8.4453125,-3.984375,-1.421875,0.03515625,-0.19921875,0.12109375
3213,31879274,32179274,0.164733887,0.737731934,-0.399047852,0.519042969,0.15234375,0.22265625,0.54296875,-8.46875,-3.953125,-1.3671875,0.03515625,-0.19921875,0.12109375
3214,31894900,32194900,0.164916992,0.737548828,-0.398925781,0.519287109,0.15234375,0.22265625,0.54296875,-8.46875,-3.953125,-1.3671875,0,0.015625,0.04296875
3215,31899945,32199945,0.165100098,0.737731934,-0.398803711,0.519104004,0.19921875,0.25390625,0.53515625,-8.4765625,-3.9453125,-1.359375,0,0.015625,0.04296875
3216,31918560,32218560,0.165344238,0.738220215,-0.398681641,0.518432617,0.19921875,0.25390625,0.53515625,-8.4765625,-3.9453125,-1.359375,-0.013671875,0.208984375,-0.037109375
3217,31922531,32222531,0.165649414,0.738952637,-0.398498535,0.51739502,0.390625,0.25390625,0.4375,-8.4765625,-3.9453125,-1.375,-0.013671875,0.208984375,-0.037109375
3218,31933195,32233195,0.16595459,0.739990234,-0.398376465,0.515869141,0.390625,0.25390625,0.4375,-8.4765625,-3.9453125,-1.375,-0.021484375,0.412109375,-0.107421875
3219,31939860,32239860,0.166381836,0.741333008,-0.398254395,0.513977051,0.25390625,0.33984375,0.3671875,-8.453125,-3.953125,-1.421875,-0.021484375,0.412109375,-0.107421875
3220,31953963,32253963,0.166748047,0.742858887,-0.398071289,0.51171875,0.25390625,0.33984375,0.3671875,-8.453125,-3.953125,-1.421875,-0.044921875,0.595703125,-0.169921875
3221,31958745,32258745,0.167236328,0.744873047,-0.397766113,0.508850098,0.19140625,0.4375,0.33984375,-8.4296875,-3.9765625,-1.5078125,-0.044921875,0.595703125,-0.169921875
3222,31974752,32274752,0.167663574,0.747009277,-0.397460938,0.505859375,0.19140625,0.4375,0.33984375,-8.4296875,-3.9765625,-1.5078125,-0.076171875,0.767578125,-0.234375
3223,31978348,32278348,0.16809082,0.749328613,-0.397155762,0.502563477,0.11328125,0.31640625,0.2734375,-8.390625,-4.0078125,-1.6328125,-0.076171875,0.767578125,-0.234375
3224,31993996,32293996,0.168579102,0.751953125,-0.396728516,0.498718262,0.11328125,0.31640625,0.2734375,-8.390625,-4.0078125,-1.6328125,-0.099609375,0.935546875,-0.306640625
3225,31998779,32298779,0.169067383,0.754882812,-0.396362305,0.494445801,0.14453125,0.2421875,0.3828125,-8.34375,-4.046875,-1.78125,-0.099609375,0.935546875,-0.306640625
3226,32012404,32312404,0.169555664,0.758178711,-0.396057129,0.489501953,0.14453125,0.2421875,0.3828125,-8.34375,-4.046875,-1.78125,-0.087890625,1.1171875,-0.40234375
3227,32020241,32320241,0.170043945,0.761474609,-0.395812988,0.484375,0.1484375,0.1875,0.41015625,-8.2734375,-4.109375,-1.9609375,-0.087890625,1.1171875,-0.40234375
3228,32035226,32335226,0.170471191,0.764770508,-0.395690918,0.479003906,0.1484375,0.1875,0.41015625,-8.2734375,-4.109375,-1.9609375,-0.05078125,1.2578125,-0.509765625
3229,32038964,32338964,0.170837402,0.768371582,-0.395751953,0.473022461,-0.01953125,0.2578125,0.25390625,-8.1796875,-4.1796875,-2.1484375,-0.05078125,1.2578125,-0.509765625
3230,32051835,32351835,0.171142578,0.772216797,-0.395996094,0.466430664,-0.01953125,0.2578125,0.25390625,-8.1796875,-4.1796875,-2.1484375,0.005859375,1.34960938,-0.630859375
3231,32059667,32359667,0.171325684,0.775878906,-0.39642334,0.459899902,-0.12890625,0.3046875,0.1328125,-8.0703125,-4.265625,-2.375,0.005859375,1.34960938,-0.630859375
3232,32077290,32377290,0.171325684,0.779785156,-0.396850586,0.452819824,-0.12890625,0.3046875,0.1328125,-8.0703125,-4.265625,-2.375,0.0078125,1.4296875,-0.748046875
3233,32078762,32378762,0.171264648,0.783630371,-0.397399902,0.445800781,-0.109375,0.30078125,0.19921875,-7.9375,-4.375,-2.59375,0.0078125,1.4296875,-0.748046875
3234,32092149,32392149,0.171142578,0.787658691,-0.397888184,0.438171387,-0.109375,0.30078125,0.19921875,-7.9375,-4.375,-2.59375,0.017578125,1.546875,-0.810546875
3235,32099868,32399868,0.171142578,0.791687012,-0.3984375,0.430358887,0.0078125,0.109375,0.1953125,-7.7890625,-4.4921875,-2.8203125,0.017578125,1.546875,-0.810546875
3236,32115203,32415203,0.171142578,0.795593262,-0.398925781,0.422607422,0.0078125,0.109375,0.1953125,-7.7890625,-4.4921875,-2.8203125,0.046875,1.65820312,-0.83984375
3237,32119352,32419352,0.171264648,0.799743652,-0.399475098,0.414123535,-0.0390625,0.015625,0.0546875,-7.625,-4.625,-3.0625,0.046875,1.65820312,-0.83984375
3238,32134981,32434981,0.171386719,0.804077148,-0.399963379,0.405029297,-0.0390625,0.015625,0.0546875,-7.625,-4.625,-3.0625,0.060546875,1.7578125,-0.86328125
3239,32139449,32439449,0.171569824,0.808105469,-0.40045166,0.39642334,-0.15234375,0.03125,0.19921875,-7.4375,-4.7578125,-3.3203125,0.060546875,1.7578125,-0.86328125
3240,32156755,32456755,0.17175293,0.812438965,-0.401000977,0.38684082,-0.15234375,0.03125,0.19921875,-7.4375,-4.7578125,-3.3203125,0.099609375,1.82617188,-0.90625
3241,32158239,32458239,0.171936035,0.81652832,-0.401672363,0.377319336,-0.21484375,-0.06640625,-0.01171875,-7.21875,-4.890625,-3.5703125,0.099609375,1.82617188,-0.90625
3242,32174866,32474866,0.172119141,0.820556641,-0.40246582,0.367553711,-0.21484375,-0.06640625,-0.01171875,-7.21875,-4.890625,-3.5703125,0.166015625,1.90429688,-0.96875
3243,32178604,32478604,0.172180176,0.824462891,-0.403259277,0.357788086,-0.296875,-0.078125,0.0078125,-6.984375,-5.03125,-3.8203125,0.166015625,1.90429688,-0.96875
3244,32191513,32491513,0.172119141,0.828552246,-0.404296875,0.347106934,-0.296875,-0.078125,0.0078125,-6.984375,-5.03125,-3.8203125,0.201171875,1.96875,-1.08398438
3245,32198784,32498784,0.171875,0.832336426,-0.405395508,0.336547852,-0.27734375,0.00390625,-0.19921875,-6.734375,-5.1875,-4.0703125,0.201171875,1.96875,-1.08398438
3246,32214035,32514035,0.171508789,0.836181641,-0.406677246,0.325622559,-0.27734375,0.00390625,-0.19921875,-6.734375,-5.1875,-4.0703125,0.251953125,2.02929688,-1.20507812
3247,32217777,32517777,0.170898438,0.839904785,-0.407775879,0.314758301,-0.21484375,0.2421875,-0.12890625,-6.453125,-5.3515625,-4.296875,0.251953125,2.02929688,-1.20507812
3248,32234969,32534969,0.169921875,0.844177246,-0.408569336,0.30255127,-0.21484375,0.2421875,-0.12890625,-6.453125,-5.3515625,-4.296875,0.09765625,2.14257812,-1.3203125
3249,32239137,32539137,0.168823242,0.848327637,-0.408996582,0.290771484,-0.27734375,0.23046875,0.19921875,-6.125,-5.53125,-4.546875,0.09765625,2.14257812,-1.3203125
3250,32252117,32552117,0.167541504,0.852600098,-0.408996582,0.278869629,-0.27734375,0.23046875,0.19921875,-6.125,-5.53125,-4.546875,-0.041015625,2.14453125,-1.31640625
3251,32259329,32559329,0.166320801,0.856506348,-0.408813477,0.26763916,-0.3203125,-0.07421875,0.14453125,-5.7734375,-5.6875,-4.796875,-0.041015625,2.14453125,-1.31640625
3252,32274258,32574258,0.165039062,0.860534668,-0.408630371,0.255432129,-0.3203125,-0.07421875,0.14453125,-5.7734375,-5.6875,-4.796875,0.01953125,2.1015625,-1.28515625
3253,32277868,32577868,0.163818359,0.864074707,-0.408813477,0.243835449,-0.09765625,-0.4609375,-0.2265625,-5.421875,-5.8359375,-5.0390625,0.01953125,2.1015625,-1.28515625
3254,32291763,32591763,0.162536621,0.867431641,-0.409118652,0.231750488,-0.09765625,-0.4609375,-0.2265625,-5.421875,-5.8359375,-5.0390625,0.1171875,2.109375,-1.35742188
3255,32297473,32597473,0.161071777,0.870605469,-0.409423828,0.220275879,-0.1640625,0.0625,-0.015625,-5.046875,-5.9765625,-5.25,0.1171875,2.109375,-1.35742188
3256,32314444,32614444,0.159362793,0.873962402,-0.409484863,0.207580566,-0.1640625,0.0625,-0.015625,-5.046875,-5.9765625,-5.25,0.037109375,2.09765625,-1.3828125
3257,32318976,32618976,0.157592773,0.877197266,-0.409179688,0.195678711,0.09375,0.59375,-0.203125,-4.65625,-6.125,-5.4453125,0.037109375,2.09765625,-1.3828125
3258,32329772,32629772,0.155761719,0.880432129,-0.40838623,0.18371582,0.09375,0.59375,-0.203125,-4.65625,-6.125,-5.4453125,-0.138671875,2.09570312,-1.34960938
3259,32336664,32636664,0.154174805,0.883422852,-0.407348633,0.172729492,0.26171875,0.4375,-0.24609375,-4.25,-6.234375,-5.6328125,-0.138671875,2.09570312,-1.34960938
3260,32349442,32649442,0.152587891,0.886474609,-0.406188965,0.160827637,0.26171875,0.4375,-0.24609375,-4.25,-6.234375,-5.6328125,-0.107421875,2.01171875,-1.22460938
3261,32356357,32656357,0.151245117,0.889038086,-0.405395508,0.149475098,0.1875,-0.28125,-0.48828125,-3.8671875,-6.3203125,-5.8125,-0.107421875,2.01171875,-1.22460938
3262,32370233,32670233,0.149963379,0.891052246,-0.405273438,0.138671875,0.1875,-0.28125,-0.48828125,-3.8671875,-6.3203125,-5.8125,0.205078125,1.859375,-1.16015625
3263,32375957,32675957,0.148620605,0.89263916,-0.405822754,0.128173828,-0.04296875,-0.12109375,-0.73046875,-3.484375,-6.40625,-5.953125,0.205078125,1.859375,-1.16015625
3264,32395155,32695155,0.147033691,0.894042969,-0.406311035,0.118286133,-0.04296875,-0.12109375,-0.73046875,-3.484375,-6.40625,-5.953125,0.177734375,1.671875,-1.18359375
3265,32399268,32699268,0.145019531,0.895751953,-0.40612793,0.108093262,0.09375,0.90234375,0.12109375,-3.125,-6.5078125,-6.0390625,0.177734375,1.671875,-1.18359375
3266,32411521,32711521,0.142883301,0.897521973,-0.405334473,0.0986328125,0.09375,0.90234375,0.12109375,-3.125,-6.5078125,-6.0390625,-0.1015625,1.56445312,-1.1796875
3267,32415240,32715240,0.140869141,0.899169922,-0.404418945,0.0899047852,0.3125,0.359375,-0.28125,-2.765625,-6.578125,-6.1328125,-0.1015625,1.56445312,-1.1796875
3268,32429832,32729832,0.138793945,0.900756836,-0.403503418,0.0805664062,0.3125,0.359375,-0.28125,-2.765625,-6.578125,-6.1328125,-0.0390625,1.49609375,-1.09375
3269,32435812,32735812,0.136962891,0.902038574,-0.402954102,0.0717773438,0.44140625,-0.16015625,-0.50390625,-2.4375,-6.6328125,-6.21875,-0.0390625,1.49609375,-1.09375
3270,32451434,32751434,0.135253906,0.903015137,-0.402893066,0.0628662109,0.44140625,-0.16015625,-0.50390625,-2.4375,-6.6328125,-6.21875,0.1796875,1.46875,-1.0390625
3271,32455170,32755170,0.133605957,0.903686523,-0.403137207,0.0546875,0.265625,-0.3359375,-0.09765625,-2.109375,-6.6875,-6.28125,0.1796875,1.46875,-1.0390625
3272,32472715,32772715,0.131652832,0.90423584,-0.403564453,0.0463867188,0.265625,-0.3359375,-0.09765625,-2.109375,-6.6875,-6.28125,0.236328125,1.23828125,-1.0078125
3273,32476439,32776439,0.129638672,0.904724121,-0.403869629,0.0391235352,0.34765625,0.03125,0.546875,-1.8046875,-6.75,-6.3125,0.236328125,1.23828125,-1.0078125
3274,32489977,32789977,0.127502441,0.905334473,-0.403808594,0.032043457,0.34765625,0.03125,0.546875,-1.8046875,-6.75,-6.3125,0.025390625,1.03125,-0.923828125
3275,32495008,32795008,0.125427246,0.90612793,-0.403198242,0.0256958008,0.33203125,0.31640625,0.33203125,-1.5234375,-6.8046875,-6.328125,0.025390625,1.03125,-0.923828125
3276,32511293,32811293,0.123657227,0.906860352,-0.40234375,0.0200195312,0.33203125,0.31640625,0.33203125,-1.5234375,-6.8046875,-6.328125,-0.095703125,0.92578125,-0.791015625
3277,32515035,32815035,0.122009277,0.907592773,-0.401489258,0.0146484375,0.21484375,0.1796875,0.328125,-1.2890625,-6.8203125,-6.359375,-0.095703125,0.92578125,-0.791015625
3278,32530166,32830166,0.120361328,0.90814209,-0.400817871,0.00964355469,0.21484375,0.1796875,0.328125,-1.2890625,-6.8203125,-6.359375,-0.03125,0.716796875,-0.65625
3279,32535205,32835205,0.118835449,0.908569336,-0.40045166,0.00537109375,0.1640625,-0.3125,0.12109375,-1.0859375,-6.828125,-6.3828125,-0.03125,0.716796875,-0.65625
3280,32551522,32851522,0.116882324,0.908935547,-0.400268555,0.00115966797,0.1640625,-0.3125,0.12109375,-1.0859375,-6.828125,-6.3828125,0.037109375,0.560546875,-0.6796875
3281,32555253,32855253,-0.114990234,-0.909240723,0.400024414,0.00256347656,0.296875,-0.02734375,-0.09375,-0.9140625,-6.84375,-6.3984375,0.037109375,0.560546875,-0.6796875
3282,32570128,32870128,-0.113098145,-0.909729004,0.399414062,0.0068359375,0.296875,-0.02734375,-0.09375,-0.9140625,-6.84375,-6.3984375,-0.09375,0.658203125,-0.6640625
3283,32573851,32873851,-0.111694336,-0.91027832,0.39855957,0.0109863281,0.5859375,-0.02734375,-0.5859375,-0.7421875,-6.84375,-6.40625,-0.09375,0.658203125,-0.6640625
3284,32590098,32890098,-0.110534668,-0.910705566,0.397766113,0.0153198242,0.5859375,-0.02734375,-0.5859375,-0.7421875,-6.84375,-6.40625,-0.03125,0.689453125,-0.501953125
3285,32595130,32895130,-0.109741211,-0.910827637,0.397399902,0.0192871094,0.19140625,-0.9453125,-0.828125,-0.578125,-6.84375,-6.4296875,-0.03125,0.689453125,-0.501953125
3286,32608680,32908680,-0.109008789,-0.910888672,0.397338867,0.0234375,0.19140625,-0.9453125,-0.828125,-0.578125,-6.84375,-6.4296875,0.103515625,0.712890625,-0.46484375
3287,32615025,32915025,-0.108215332,-0.910766602,0.397521973,0.0278320312,-0.15625,-1.359375,-0.5625,-0.421875,-6.8515625,-6.4296875,0.103515625,0.712890625,-0.46484375
3288,32632388,32932388,-0.10736084,-0.910583496,0.397888184,0.032043457,-0.15625,-1.359375,-0.5625,-0.421875,-6.8515625,-6.4296875,0.208984375,0.66796875,-0.498046875
3289,32637331,32937331,-0.106323242,-0.910400391,0.398254395,0.0360107422,-0.3125,-0.76171875,0.08203125,-0.265625,-6.875,-6.421875,0.208984375,0.66796875,-0.498046875
3290,32648869,32948869,-0.105102539,-0.910339355,0.39831543,0.0394287109,-0.3125,-0.76171875,0.08203125,-0.265625,-6.875,-6.421875,0.04296875,0.515625,-0.5234375
3291,32658489,32958489,-0.103637695,-0.910583496,0.397827148,0.0427856445,0.15234375,0.21875,0.41015625,-0.1171875,-6.8984375,-6.40625,0.04296875,0.515625,-0.5234375
3292,32669372,32969372,-0.102233887,-0.910949707,0.396972656,0.0455932617,0.15234375,0.21875,0.41015625,-0.1171875,-6.8984375,-6.40625,-0.154296875,0.3984375,-0.482421875
3293,32674161,32974161,-0.101074219,-0.911437988,0.395935059,0.0480957031,0.37109375,0.48046875,0.11328125,0.0078125,-6.890625,-6.4140625,-0.154296875,0.3984375,-0.482421875
3294,32690148,32990148,-0.100036621,-0.91192627,0.394836426,0.0505981445,0.37109375,0.48046875,0.11328125,0.0078125,-6.890625,-6.4140625,-0.13671875,0.36328125,-0.353515625
3295,32693761,32993761,-0.0993041992,-0.912109375,0.394165039,0.0526733398,0.30078125,-0.38671875,0.21484375,0.1171875,-6.8671875,-6.4375,-0.13671875,0.36328125,-0.353515625
3296,32710204,33010204,-0.0986328125,-0.91217041,0.393981934,0.0547485352,0.30078125,-0.38671875,0.21484375,0.1171875,-6.8671875,-6.4375,0.0625,0.310546875,-0.24609375
3297,32713805,33013805,-0.0982055664,-0.91204834,0.394165039,0.0564575195,0.29296875,-0.546875,0.2890625,0.203125,-6.859375,-6.4375,0.0625,0.310546875,-0.24609375
3298,32729034,33029034,-0.0977172852,-0.911865234,0.394470215,0.0579833984,0.29296875,-0.546875,0.2890625,0.203125,-6.859375,-6.4375,0.087890625,0.20703125,-0.173828125
3299,32737844,33037844,-0.0974121094,-0.911743164,0.394592285,0.0591430664,0.07421875,-0.06640625,0.2421875,0.265625,-6.8828125,-6.4296875,0.087890625,0.20703125,-0.173828125
3300,32749178,33049178,-0.0971679688,-0.911743164,0.39453125,0.0601806641,0.07421875,-0.06640625,0.2421875,0.265625,-6.8828125,-6.4296875,0.005859375,0.150390625,-0.095703125
3301,32755145,33055145,-0.0971679688,-0.911743164,0.394470215,0.0609130859,0.06640625,-0.140625,0.3515625,0.3125,-6.8828125,-6.421875,0.005859375,0.150390625,-0.095703125
3302,32767779,33067779,-0.0972900391,-0.911743164,0.394348145,0.0614624023,0.06640625,-0.140625,0.3515625,0.3125,-6.8828125,-6.421875,0.00390625,0.103515625,0.00390625
3303,32777595,33077595,-0.0975952148,-0.911682129,0.394348145,0.0618286133,0.12109375,-0.44921875,0.6171875,0.3359375,-6.8828125,-6.421875,0.00390625,0.103515625,0.00390625
3304,32792616,33092616,-0.0979614258,-0.911621094,0.394348145,0.0617675781,0.12109375,-0.44921875,0.6171875,0.3359375,-6.8828125,-6.421875,-0.015625,-0.01953125,0.091796875
3305,32794089,33094089,-0.0983276367,-0.911621094,0.394287109,0.0612792969,0.05078125,-0.140625,0.6171875,0.328125,-6.8828125,-6.421875,-0.015625,-0.01953125,0.091796875
3306,32807452,33107452,-0.098815918,-0.911743164,0.394165039,0.0603027344,0.05078125,-0.140625,0.6171875,0.328125,-6.8828125,-6.421875,-0.080078125,-0.16015625,0.181640625
3307,32816601,33116601,-0.0994262695,-0.911865234,0.393798828,0.0590209961,0.19140625,0.31640625,0.6171875,0.3046875,-6.8828125,-6.421875,-0.080078125,-0.16015625,0.181640625
3308,32830781,33130781,-0.100280762,-0.912109375,0.393371582,0.0571899414,0.19140625,0.31640625,0.6171875,0.3046875,-6.8828125,-6.421875,-0.150390625,-0.28515625,0.3203125
3309,32834520,33134520,-0.101257324,-0.91229248,0.393005371,0.0550537109,0.13671875,0.07421875,0.52734375,0.2421875,-6.8671875,-6.4453125,-0.150390625,-0.28515625,0.3203125
3310,32846929,33146929,-0.102478027,-0.912414551,0.39276123,0.0523071289,0.13671875,0.07421875,0.52734375,0.2421875,-6.8671875,-6.4453125,-0.115234375,-0.41796875,0.45703125
3311,32856919,33156919,-0.103881836,-0.912475586,0.392578125,0.0492553711,0.1640625,0.05859375,0.6875,0.140625,-6.8515625,-6.453125,-0.115234375,-0.41796875,0.45703125
3312,32870722,33170722,-0.10546875,-0.912597656,0.392333984,0.0455322266,0.1640625,0.05859375,0.6875,0.140625,-6.8515625,-6.453125,-0.177734375,-0.591796875,0.623046875
3313,32875161,33175161,-0.10723877,-0.912780762,0.391906738,0.0412597656,0.2265625,0.1171875,0.63671875,0,-6.8359375,-6.4765625,-0.177734375,-0.591796875,0.623046875
3314,32889808,33189808,-0.109313965,-0.913024902,0.391357422,0.036315918,0.2265625,0.1171875,0.63671875,0,-6.8359375,-6.4765625,-0.2578125,-0.763671875,0.7734375
3315,32896607,33196607,-0.11138916,-0.913208008,0.390686035,0.0311889648,0.0625,0.23828125,0.0859375,-0.1796875,-6.8046875,-6.5,-0.2578125,-0.763671875,0.7734375
3316,32909737,33209737,-0.113952637,-0.913513184,0.389770508,0.0251464844,0.0625,0.23828125,0.0859375,-0.1796875,-6.8046875,-6.5,-0.33984375,-0.87890625,0.931640625
3317,32913337,33213337,-0.116577148,-0.913696289,0.38885498,0.0191650391,0.2421875,0.38671875,-0.0703125,-0.3984375,-6.7578125,-6.5390625,-0.33984375,-0.87890625,0.931640625
3318,32926095,33226095,-0.119506836,-0.913879395,0.387817383,0.0121459961,0.2421875,0.38671875,-0.0703125,-0.3984375,-6.7578125,-6.5390625,-0.369140625,-1.05273438,1.07421875
3319,32933099,33233099,-0.122436523,-0.914001465,0.386779785,0.00469970703,0.15625,-0.015625,-0.71875,-0.65625,-6.703125,-6.578125,-0.369140625,-1.05273438,1.07421875
3320,32947188,33247188,0.125549316,0.914001465,-0.385742188,0.00311279297,0.15625,-0.015625,-0.71875,-0.65625,-6.703125,-6.578125,-0.38671875,-1.1875,1.20117188
3321,32952911,33252911,0.128845215,0.91394043,-0.384643555,0.0113525391,0.19140625,-0.31640625,-0.9921875,-0.9609375,-6.6328125,-6.609375,-0.38671875,-1.1875,1.20117188
3322,32966012,33266012,0.132019043,0.913757324,-0.383666992,0.0198974609,0.19140625,-0.31640625,-0.9921875,-0.9609375,-6.6328125,-6.609375,-0.349609375,-1.38671875,1.28710938
3323,32974482,33274482,0.135070801,0.913330078,-0.383056641,0.029296875,-0.70703125,-0.8125,-1.125,-1.2890625,-6.5546875,-6.6328125,-0.349609375,-1.38671875,1.28710938
3324,32985788,33285788,0.137939453,0.912658691,-0.382751465,0.0395507812,-0.70703125,-0.8125,-1.125,-1.2890625,-6.5546875,-6.6328125,-0.23828125,-1.69335938,1.328125
3325,32992686,33292686,0.140625,0.911682129,-0.382751465,0.0505981445,-0.75390625,-0.9296875,-0.7109375,-1.6640625,-6.4765625,-6.625,-0.23828125,-1.69335938,1.328125
3326,33006166,33306166,0.142822266,0.910583496,-0.382995605,0.0615234375,-0.75390625,-0.9296875,-0.7109375,-1.6640625,-6.4765625,-6.625,-0.154296875,-2.05859375,1.36132812
3327,33013636,33313636,0.144958496,0.909118652,-0.383361816,0.0741577148,-0.98828125,-0.6171875,-1.1796875,-2.078125,-6.40625,-6.578125,-0.154296875,-2.05859375,1.36132812
3328,33029793,33329793,0.146972656,0.907592773,-0.383605957,0.0870361328,-0.98828125,-0.6171875,-1.1796875,-2.078125,-6.40625,-6.578125,-0.197265625,-2.2421875,1.390625
3329,33033407,33333407,0.148925781,0.905822754,-0.383728027,0.100341797,-0.51953125,-0.48046875,-0.875,-2.546875,-6.3125,-6.5,-0.197265625,-2.2421875,1.390625
3330,33045366,33345366,0.150878906,0.903747559,-0.384155273,0.113586426,-0.51953125,-0.48046875,-0.875,-2.546875,-6.3125,-6.5,-0.033203125,-2.37304688,1.4765625
3331,33053889,33353889,0.153015137,0.901123047,-0.385131836,0.127380371,-0.2734375,-0.7578125,-1.328125,-3.0234375,-6.2265625,-6.390625,-0.033203125,-2.37304688,1.4765625
3332,33066588,33366588,0.155029297,0.898254395,-0.386291504,0.140930176,-0.2734375,-0.7578125,-1.328125,-3.0234375,-6.2265625,-6.390625,0.060546875,-2.421875,1.46484375
3333,33071365,33371365,0.156799316,0.895324707,-0.387390137,0.153991699,-0.2890625,-0.46875,-0.7265625,-3.5078125,-6.1328125,-6.2265625,0.060546875,-2.421875,1.46484375
3334,33087419,33387419,0.158630371,0.891845703,-0.38861084,0.168457031,-0.2890625,-0.46875,-0.7265625,-3.5078125,-6.1328125,-6.2265625,0.111328125,-2.45117188,1.421875
3335,33094227,33394227,0.160095215,0.88861084,-0.389770508,0.181091309,-0.078125,-0.33984375,-0.453125,-3.984375,-6.03125,-6.0390625,0.111328125,-2.45117188,1.421875
3336,33108965,33408965,0.161499023,0.88494873,-0.391052246,0.194641113,-0.078125,-0.33984375,-0.453125,-3.984375,-6.03125,-6.0390625,0.12890625,-2.375,1.29296875
3337,33112573,33412573,0.162536621,0.881408691,-0.392150879,0.207092285,0.2109375,0.0234375,-0.28125,-4.4296875,-5.9375,-5.828125,0.12890625,-2.375,1.29296875
3338,33125459,33425459,0.163330078,0.877868652,-0.393066406,0.219604492,0.2109375,0.0234375,-0.28125,-4.4296875,-5.9375,-5.828125,0.02734375,-2.23242188,1.15429688
3339,33131081,33431081,0.164001465,0.874450684,-0.393493652,0.231445312,0.58203125,0.64453125,-0.0859375,-4.8359375,-5.828125,-5.6015625,0.02734375,-2.23242188,1.15429688
3340,33146939,33446939,0.164550781,0.87121582,-0.393493652,0.243103027,0.58203125,0.64453125,-0.0859375,-4.8359375,-5.828125,-5.6015625,-0.142578125,-2.09765625,1.09375
3341,33150660,33450660,0.165039062,0.868103027,-0.393249512,0.253845215,0.45703125,0.37890625,0.0078125,-5.2109375,-5.71875,-5.390625,-0.142578125,-2.09765625,1.09375
3342,33166977,33466977,0.165588379,0.864868164,-0.393005371,0.264831543,0.45703125,0.37890625,0.0078125,-5.2109375,-5.71875,-5.390625,-0.109375,-2.03125,1.09179688
3343,33173961,33473961,0.166259766,0.861328125,-0.392883301,0.276000977,0.40234375,-0.28125,0.08203125,-5.5390625,-5.59375,-5.1953125,-0.109375,-2.03125,1.09179688
3344,33187709,33487709,0.167053223,0.85748291,-0.392944336,0.28704834,0.40234375,-0.28125,0.08203125,-5.5390625,-5.59375,-5.1953125,0.0234375,-2.00390625,1.10742188
3345,33191430,33491430,0.167785645,0.853637695,-0.393249512,0.297424316,0.1640625,-0.18359375,0.046875,-5.875,-5.4609375,-4.96875,0.0234375,-2.00390625,1.10742188
3346,33204467,33504467,0.168334961,0.849487305,-0.393798828,0.308105469,0.1640625,-0.18359375,0.046875,-5.875,-5.4609375,-4.96875,0.1015625,-1.953125,0.94921875
3347,33215207,33515207,0.168457031,0.845581055,-0.394348145,0.317932129,0.19921875,0.234375,-0.1640625,-6.1796875,-5.34375,-4.71875,0.1015625,-1.953125,0.94921875
3348,33225289,33525289,0.168334961,0.841796875,-0.394836426,0.327392578,0.19921875,0.234375,-0.1640625,-6.1796875,-5.34375,-4.71875,0.037109375,-1.87695312,0.80859375
3349,33230325,33530325,0.168029785,0.837890625,-0.395202637,0.336914062,0.19921875,0.4765625,-0.0234375,-6.4453125,-5.2421875,-4.4765625,0.037109375,-1.87695312,0.80859375
3350,33245937,33545937,0.167724609,0.834106445,-0.395385742,0.346130371,0.19921875,0.4765625,-0.0234375,-6.4453125,-5.2421875,-4.4765625,-0.0078125,-1.80859375,0.791015625
3351,33251203,33551203,0.167541504,0.830505371,-0.395507812,0.354614258,0.5234375,0.29296875,0.0703125,-6.6953125,-5.1328125,-4.2265625,-0.0078125,-1.80859375,0.791015625
3352,33265580,33565580,0.167480469,0.826599121,-0.395812988,0.363342285,0.5234375,0.29296875,0.0703125,-6.6953125,-5.1328125,-4.2265625,0.076171875,-1.6953125,0.783203125
3353,33270369,33570369,0.167480469,0.822814941,-0.396057129,0.371582031,0.359375,0.23046875,0.11328125,-6.9140625,-5.03125,-4,0.076171875,-1.6953125,0.783203125
3354,33284282,33584282,0.167480469,0.818847656,-0.396179199,0.380065918,0.359375,0.23046875,0.11328125,-6.9140625,-5.03125,-4,0.037109375,-1.59960938,0.76171875
3355,33294254,33594254,0.167541504,0.815124512,-0.396179199,0.388000488,0.265625,0.28125,0.0625,-7.125,-4.9296875,-3.7578125,0.037109375,-1.59960938,0.76171875
3356,33304640,33604640,0.167541504,0.811462402,-0.396179199,0.395629883,0.265625,0.28125,0.0625,-7.125,-4.9296875,-3.7578125,0.021484375,-1.52929688,0.7421875
3357,33309434,33609434,0.167602539,0.807800293,-0.395996094,0.403198242,0.14453125,0.171875,0.05859375,-7.3125,-4.8203125,-3.5234375,0.021484375,-1.52929688,0.7421875
3358,33324704,33624704,0.167602539,0.804077148,-0.395812988,0.410644531,0.14453125,0.171875,0.05859375,-7.3125,-4.8203125,-3.5234375,0.017578125,-1.47460938,0.71484375
3359,33330081,33630081,0.167541504,0.800415039,-0.395690918,0.418029785,0.1640625,0.25390625,-0.046875,-7.484375,-4.7109375,-3.3046875,0.017578125,-1.47460938,0.71484375
3360,33344496,33644496,0.167480469,0.796813965,-0.395446777,0.425048828,0.1640625,0.25390625,-0.046875,-7.484375,-4.7109375,-3.3046875,0.00390625,-1.4296875,0.673828125
3361,33349279,33649279,0.167297363,0.793273926,-0.395202637,0.431945801,0.24609375,0.2265625,0.1171875,-7.640625,-4.609375,-3.0859375,0.00390625,-1.4296875,0.673828125
3362,33369064,33669064,0.167114258,0.789794922,-0.394958496,0.438476562,0.24609375,0.2265625,0.1171875,-7.640625,-4.609375,-3.0859375,0.0078125,-1.33203125,0.61328125
3363,33372658,33672658,0.166931152,0.786376953,-0.394836426,0.444824219,0.26953125,0.01171875,0.015625,-7.78125,-4.5078125,-2.8671875,0.0078125,-1.33203125,0.61328125
3364,33383982,33683982,0.166809082,0.78302002,-0.394897461,0.450744629,0.26953125,0.01171875,0.015625,-7.78125,-4.5078125,-2.8671875,0.07421875,-1.2734375,0.568359375
3365,33391190,33691190,0.166564941,0.77947998,-0.394897461,0.456848145,0.08203125,0.31640625,0.1640625,-7.8984375,-4.4296875,-2.671875,0.07421875,-1.2734375,0.568359375
3366,33408559,33708559,0.166259766,0.776123047,-0.394897461,0.462646484,0.08203125,0.31640625,0.1640625,-7.8984375,-4.4296875,-2.671875,0.029296875,-1.21289062,0.49609375
3367,33412569,33712569,0.16583252,0.772888184,-0.394836426,0.468261719,0.03515625,0.4609375,0.15234375,-8.0078125,-4.34375,-2.46875,0.029296875,-1.21289062,0.49609375
3368,33428321,33728321,0.165466309,0.769836426,-0.39465332,0.473510742,0.03515625,0.4609375,0.15234375,-8.0078125,-4.34375,-2.46875,-0.01171875,-1.10546875,0.4765625
3369,33429816,33729816,0.165100098,0.766967773,-0.394348145,0.47857666,0.13671875,0.23046875,0.30859375,-8.109375,-4.265625,-2.28125,-0.01171875,-1.10546875,0.4765625
3370,33447212,33747212,0.164855957,0.764099121,-0.394104004,0.483398438,0.13671875,0.23046875,0.30859375,-8.109375,-4.265625,-2.28125,0.0078125,-0.9921875,0.458984375
3371,33451696,33751696,0.164733887,0.761291504,-0.393920898,0.487976074,0.1875,0,0.21484375,-8.1953125,-4.1875,-2.109375,0.0078125,-0.9921875,0.458984375
3372,33465971,33765971,0.164672852,0.758605957,-0.393859863,0.492248535,0.1875,0,0.21484375,-8.1953125,-4.1875,-2.109375,0.07421875,-0.892578125,0.41015625
3373,33469703,33769703,0.164672852,0.756103516,-0.393859863,0.49597168,0.1796875,0.08203125,0.28125,-8.265625,-4.1171875,-1.9453125,0.07421875,-0.892578125,0.41015625
3374,33483605,33783605,0.164489746,0.753662109,-0.393981934,0.499755859,0.1796875,0.08203125,0.28125,-8.265625,-4.1171875,-1.9453125,0.0546875,-0.771484375,0.30859375
3375,33489209,33789209,0.164123535,0.751464844,-0.393981934,0.503112793,0.01171875,0.41015625,0.21484375,-8.328125,-4.0625,-1.8046875,0.0546875,-0.771484375,0.30859375
3376,33505875,33805875,0.163574219,0.749511719,-0.393920898,0.506286621,0.01171875,0.41015625,0.21484375,-8.328125,-4.0625,-1.8046875,-0.021484375,-0.697265625,0.216796875
3377,33509602,33809602,0.163024902,0.747741699,-0.393859863,0.509094238,-0.1328125,0.171875,0.20703125,-8.375,-4.015625,-1.6796875,-0.021484375,-0.697265625,0.216796875
3378,33527506,33827506,0.162475586,0.745910645,-0.393798828,0.512023926,-0.1328125,0.171875,0.20703125,-8.375,-4.015625,-1.6796875,-0.01953125,-0.619140625,0.2109375
3379,33532000,33832000,0.16204834,0.744262695,-0.393676758,0.514587402,-0.0546875,0.0546875,0.296875,-8.4140625,-3.9765625,-1.578125,-0.01953125,-0.619140625,0.2109375
3380,33545240,33845240,0.161682129,0.742614746,-0.393676758,0.517089844,-0.0546875,0.0546875,0.296875,-8.4140625,-3.9765625,-1.578125,0.01171875,-0.53125,0.189453125
3381,33548846,33848846,0.161437988,0.741210938,-0.393615723,0.519226074,0.0546875,0.0234375,0.39453125,-8.4453125,-3.9453125,-1.484375,0.01171875,-0.53125,0.189453125
3382,33561989,33861989,0.161254883,0.739868164,-0.393554688,0.521240234,0.0546875,0.0234375,0.39453125,-8.4453125,-3.9453125,-1.484375,0,-0.408203125,0.15234375
3383,33570028,33870028,0.160949707,0.738830566,-0.393493652,0.522827148,-0.03125,0.109375,0.30859375,-8.4765625,-3.9140625,-1.3984375,0,-0.408203125,0.15234375
3384,33583271,33883271,0.160705566,0.737792969,-0.393432617,0.524414062,-0.03125,0.109375,0.30859375,-8.4765625,-3.9140625,-1.3984375,-0.01171875,-0.3125,0.103515625
3385,33588988,33888988,0.160461426,0.737060547,-0.393371582,0.52557373,0.0234375,0.12109375,0.24609375,-8.4921875,-3.890625,-1.3359375,-0.01171875,-0.3125,0.103515625
3386,33602464,33902464,0.160400391,0.736450195,-0.393249512,0.526611328,0.0234375,0.12109375,0.24609375,-8.4921875,-3.890625,-1.3359375,-0.0078125,-0.17578125,0.095703125
3387,33608084,33908084,0.160461426,0.736022949,-0.393066406,0.527282715,0.0390625,-0.015625,0.2421875,-8.5078125,-3.8671875,-1.296875,-0.0078125,-0.17578125,0.095703125
3388,33620929,33920929,0.160583496,0.735900879,-0.392822266,0.527587891,0.0390625,-0.015625,0.2421875,-8.5078125,-3.8671875,-1.296875,-0.03125,-0.001953125,0.072265625
3389,33627851,33927851,0.160766602,0.736022949,-0.39251709,0.527587891,0.0859375,0.046875,0.41796875,-8.515625,-3.8515625,-1.28125,-0.03125,-0.001953125,0.072265625
3390,33644528,33944528,0.161071777,0.736450195,-0.392211914,0.527099609,0.0859375,0.046875,0.41796875,-8.515625,-3.8515625,-1.28125,-0.029296875,0.1796875,-0.001953125
3391,33648131,33948131,0.161315918,0.737121582,-0.392028809,0.526306152,0.0859375,-0.19140625,0.3984375,-8.515625,-3.84375,-1.296875,-0.029296875,0.1796875,-0.001953125
3392,33664640,33964640,0.161621094,0.738098145,-0.391784668,0.524963379,0.0859375,-0.19140625,0.3984375,-8.515625,-3.84375,-1.296875,-0.03515625,0.3671875,-0.09375
3393,33668248,33968248,0.161865234,0.739318848,-0.391601562,0.52331543,0.15234375,0.015625,0.51953125,-8.5078125,-3.859375,-1.34375,-0.03515625,0.3671875,-0.09375
3394,33684122,33984122,0.162109375,0.740966797,-0.391418457,0.521057129,0.15234375,0.015625,0.51953125,-8.5078125,-3.859375,-1.34375,-0.06640625,0.568359375,-0.1875
3395,33687723,33987723,0.162353516,0.742797852,-0.391235352,0.518493652,0.3203125,-0.0078125,0.4921875,-8.484375,-3.875,-1.4296875,-0.06640625,0.568359375,-0.1875
3396,33702784,34002784,0.162658691,0.745239258,-0.391052246,0.515014648,0.3203125,-0.0078125,0.4921875,-8.484375,-3.875,-1.4296875,-0.068359375,0.806640625,-0.30078125
3397,33706401,34006401,0.162963867,0.747741699,-0.390930176,0.511413574,0.47265625,0.14453125,0.42578125,-8.4453125,-3.9140625,-1.5546875,-0.068359375,0.806640625,-0.30078125
3398,33725161,34025161,0.163208008,0.750793457,-0.390930176,0.506835938,0.47265625,0.14453125,0.42578125,-8.4453125,-3.9140625,-1.5546875,-0.05859375,1.03320312,-0.423828125
3399,33729287,34029287,0.163513184,0.75402832,-0.390991211,0.501831055,0.44921875,0.24609375,0.390625,-8.3828125,-3.9765625,-1.7109375,-0.05859375,1.03320312,-0.423828125
3400,33744908,34044908,0.163757324,0.757507324,-0.391113281,0.496398926,0.44921875,0.24609375,0.390625,-8.3828125,-3.9765625,-1.7109375,-0.044921875,1.234375,-0.544921875
3401,33748518,34048518,0.164001465,0.761230469,-0.391357422,0.490356445,0.296875,0.36328125,0.27734375,-8.3046875,-4.0546875,-1.90625,-0.044921875,1.234375,-0.544921875
3402,33763129,34063129,0.164245605,0.765014648,-0.391601562,0.484191895,0.296875,0.36328125,0.27734375,-8.3046875,-4.0546875,-1.90625,-0.017578125,1.38671875,-0.642578125
3403,33766724,34066724,0.164428711,0.768798828,-0.392028809,0.477722168,0.109375,0.46484375,0.06640625,-8.1953125,-4.15625,-2.1171875,-0.017578125,1.38671875,-0.642578125
3404,33782714,34082714,0.164550781,0.773071289,-0.392578125,0.470336914,0.109375,0.46484375,0.06640625,-8.1953125,-4.15625,-2.1171875,0.013671875,1.49414062,-0.744140625
3405,33786449,34086449,0.164611816,0.776977539,-0.393127441,0.463256836,-0.12109375,0.52734375,0.03515625,-8.078125,-4.2578125,-2.3515625,0.013671875,1.49414062,-0.744140625
3406,33804498,34104498,0.164489746,0.781311035,-0.393920898,0.455322266,-0.12109375,0.52734375,0.03515625,-8.078125,-4.2578125,-2.3515625,0.037109375,1.55859375,-0.84375
3407,33808840,34108840,0.164428711,0.785522461,-0.394775391,0.447265625,0.03515625,0.27734375,-0.06640625,-7.9296875,-4.390625,-2.59375,0.037109375,1.55859375,-0.84375
3408,33821446,34121446,0.164367676,0.789672852,-0.395751953,0.439147949,0.03515625,0.27734375,-0.06640625,-7.9296875,-4.390625,-2.59375,0.09765625,1.65039062,-0.90234375
3409,33828733,34128733,0.164123535,0.793823242,-0.396728516,0.430664062,-0.16796875,0.49609375,0.01953125,-7.765625,-4.53125,-2.8359375,0.09765625,1.65039062,-0.90234375
3410,33843622,34143622,0.163818359,0.797790527,-0.397644043,0.422607422,-0.16796875,0.49609375,0.01953125,-7.765625,-4.53125,-2.8359375,0.0703125,1.63867188,-0.96484375
3411,33847742,34147742,0.163330078,0.801879883,-0.398620605,0.414001465,-0.38671875,0.4453125,-0.00390625,-7.5859375,-4.671875,-3.078125,0.0703125,1.63867188,-0.96484375
3412,33862556,34162556,0.162719727,0.806213379,-0.399475098,0.404907227,-0.38671875,0.4453125,-0.00390625,-7.5859375,-4.671875,-3.078125,0.04296875,1.67382812,-0.9921875
3413,33866292,34166292,0.16217041,0.810119629,-0.400146484,0.39654541,-0.3203125,0.4453125,-0.17578125,-7.3828125,-4.828125,-3.328125,0.04296875,1.67382812,-0.9921875
3414,33883045,34183045,0.161560059,0.814208984,-0.400695801,0.387817383,-0.3203125,0.4453125,-0.17578125,-7.3828125,-4.828125,-3.328125,-0.021484375,1.69140625,-0.982421875
3415,33886773,34186773,0.160888672,0.81829834,-0.401123047,0.37890625,-0.21484375,0.08984375,-0.09375,-7.1796875,-4.96875,-3.5625,-0.021484375,1.69140625,-0.982421875
3416,33901291,34201291,0.160339355,0.82244873,-0.401611328,0.369567871,-0.21484375,0.08984375,-0.09375,-7.1796875,-4.96875,-3.5625,0.025390625,1.71679688,-0.97265625
3417,33909301,34209301,0.159912109,0.826049805,-0.40222168,0.360900879,-0.17578125,-0.15234375,0.03125,-6.953125,-5.109375,-3.8046875,0.025390625,1.71679688,-0.97265625
3418,33922993,34222993,0.159545898,0.829711914,-0.403076172,0.351623535,-0.17578125,-0.15234375,0.03125,-6.953125,-5.109375,-3.8046875,0.125,1.72460938,-0.98828125
3419,33927413,34227413,0.159057617,0.833190918,-0.403930664,0.342529297,-0.2578125,-0.09765625,-0.0859375,-6.71875,-5.2421875,-4.03125,0.125,1.72460938,-0.98828125
3420,33939822,34239822,0.15838623,0.836730957,-0.404785156,0.333068848,-0.2578125,-0.09765625,-0.0859375,-6.71875,-5.2421875,-4.03125,0.091796875,1.64648438,-1.01757812
3421,33948056,34248056,0.157531738,0.840087891,-0.405517578,0.324035645,-0.31640625,0.08203125,-0.14453125,-6.46875,-5.3828125,-4.2421875,0.091796875,1.64648438,-1.01757812
3422,33963015,34263015,0.156555176,0.843322754,-0.405822754,0.315551758,-0.31640625,0.08203125,-0.14453125,-6.46875,-5.3828125,-4.2421875,-0.048828125,1.6328125,-1.03125
3423,33967689,34267689,0.155456543,0.846984863,-0.405700684,0.306335449,0.1640625,0.24609375,0.05078125,-6.21875,-5.5078125,-4.4375,-0.048828125,1.6328125,-1.03125
3424,33981456,34281456,0.15447998,0.850708008,-0.405334473,0.296875,0.1640625,0.24609375,0.05078125,-6.21875,-5.5078125,-4.4375,-0.119140625,1.75195312,-0.970703125
3425,33985181,34285181,0.153991699,0.853942871,-0.405029297,0.288024902,0.2734375,-0.36328125,-0.265625,-5.9453125,-5.625,-4.65625,-0.119140625,1.75195312,-0.970703125
3426,34002640,34302640,0.153686523,0.85723877,-0.405090332,0.278259277,0.2734375,-0.36328125,-0.265625,-5.9453125,-5.625,-4.65625,0.06640625,1.7421875,-0.890625
3427,34007926,34307926,0.153564453,0.859924316,-0.405456543,0.26940918,-0.0703125,-0.80078125,-0.29296875,-5.6796875,-5.7265625,-4.859375,0.06640625,1.7421875,-0.890625
3428,34019039,34319039,0.153381348,0.862487793,-0.40625,0.25994873,-0.0703125,-0.80078125,-0.29296875,-5.6796875,-5.7265625,-4.859375,0.216796875,1.63085938,-0.896484375
3429,34027438,34327438,0.152893066,0.864868164,-0.406982422,0.250976562,-0.48828125,-0.1171875,-0.04296875,-5.4140625,-5.8359375,-5.03125,0.216796875,1.63085938,-0.896484375
3430,34043051,34343051,0.151977539,0.867370605,-0.407348633,0.2421875,-0.48828125,-0.1171875,-0.04296875,-5.4140625,-5.8359375,-5.03125,0.033203125,1.55664062,-1.00585938
3431,34047400,34347400,0.150634766,0.870056152,-0.407165527,0.233398438,-0.234375,0.69140625,0.21875,-5.1328125,-5.953125,-5.1796875,0.033203125,1.55664062,-1.00585938
3432,34063008,34363008,0.149047852,0.873046875,-0.40625,0.224609375,-0.234375,0.69140625,0.21875,-5.1328125,-5.953125,-5.1796875,-0.271484375,1.6015625,-1.03710938
3433,34066727,34366727,0.147705078,0.876220703,-0.404907227,0.215637207,0.3203125,0.35546875,0.0859375,-4.84375,-6.0390625,-5.3515625,-0.271484375,1.6015625,-1.03710938
3434,34082643,34382643,0.146850586,0.87902832,-0.403564453,0.20703125,0.3203125,0.35546875,0.0859375,-4.84375,-6.0390625,-5.3515625,-0.232421875,1.70117188,-0.857421875
3435,34087411,34387411,0.146606445,0.881652832,-0.402587891,0.197631836,0.4921875,-1.3828125,-0.1875,-4.5546875,-6.1015625,-5.5390625,-0.232421875,1.70117188,-0.857421875
3436,34099345,34399345,0.146728516,0.883605957,-0.402648926,0.188537598,0.4921875,-1.3828125,-0.1875,-4.5546875,-6.1015625,-5.5390625,0.2421875,1.65039062,-0.767578125
3437,34105318,34405318,0.14666748,0.885009766,-0.403686523,0.179626465,-0.2578125,-1.38671875,0.0078125,-4.265625,-6.171875,-5.6953125,0.2421875,1.65039062,-0.767578125
3438,34122428,34422428,0.146179199,0.886169434,-0.405212402,0.170898438,-0.2578125,-1.38671875,0.0078125,-4.265625,-6.171875,-5.6953125,0.38671875,1.4453125,-0.935546875
3439,34127005,34427005,0.144958496,0.887451172,-0.40625,0.162536621,-0.34765625,0.875,0.3515625,-3.984375,-6.2890625,-5.7734375,0.38671875,1.4453125,-0.935546875
3440,34139598,34439598,0.143188477,0.889099121,-0.40637207,0.154418945,-0.34765625,0.875,0.3515625,-3.984375,-6.2890625,-5.7734375,-0.04296875,1.328125,-1.03710938
3441,34146641,34446641,0.141418457,0.891052246,-0.405639648,0.146789551,0.25390625,1.3125,0.46875,-3.703125,-6.3828125,-5.8515625,-0.04296875,1.328125,-1.03710938
3442,34161645,34461645,0.139892578,0.893188477,-0.404296875,0.138427734,0.25390625,1.3125,0.46875,-3.703125,-6.3828125,-5.8515625,-0.189453125,1.44335938,-0.8828125
3443,34167572,34467572,0.139160156,0.894836426,-0.403442383,0.130737305,0.84375,-0.7109375,-0.79296875,-3.4140625,-6.4296875,-5.96875,-0.189453125,1.44335938,-0.8828125
3444,34177412,34477412,0.139099121,0.896118164,-0.403442383,0.122009277,0.84375,-0.7109375,-0.79296875,-3.4140625,-6.4296875,-5.96875,0.26171875,1.56054688,-0.6875
3445,34185059,34485059,0.139343262,0.896728516,-0.40435791,0.113769531,0.37890625,-1.19140625,-0.69140625,-3.140625,-6.484375,-6.0703125,0.26171875,1.56054688,-0.6875
3446,34201381,34501381,0.139465332,0.896972656,-0.406188965,0.104614258,0.37890625,-1.19140625,-0.69140625,-3.140625,-6.484375,-6.0703125,0.587890625,1.49414062,-0.779296875
3447,34205831,34505831,0.13885498,0.897155762,-0.408081055,0.096496582,-0.29296875,0.05078125,0.18359375,-2.8515625,-6.578125,-6.1015625,0.587890625,1.49414062,-0.779296875
3448,34221307,34521307,0.137329102,0.897583008,-0.409423828,0.0885009766,-0.29296875,0.05078125,0.18359375,-2.8515625,-6.578125,-6.1015625,0.27734375,1.1875,-0.98828125
3449,34225039,34525039,0.135314941,0.8984375,-0.409667969,0.0814208984,-0.265625,1.1953125,0.53515625,-2.5703125,-6.6875,-6.109375,0.27734375,1.1875,-0.98828125
3450,34241618,34541618,0.133178711,0.899780273,-0.408813477,0.0745239258,-0.265625,1.1953125,0.53515625,-2.5703125,-6.6875,-6.109375,-0.22265625,1.09960938,-0.9296875
3451,34246368,34546368,0.131408691,0.901306152,-0.407165527,0.0678100586,0.6171875,0.74609375,0.0546875,-2.3046875,-6.734375,-6.1640625,-0.22265625,1.09960938,-0.9296875
3452,34259654,34559654,0.130126953,0.902587891,-0.405700684,0.0617675781,0.6171875,0.74609375,0.0546875,-2.3046875,-6.734375,-6.1640625,-0.146484375,1.0390625,-0.677734375
3453,34263394,34563394,0.129333496,0.903320312,-0.405151367,0.0559692383,0.44921875,-0.625,-0.48046875,-2.0625,-6.7421875,-6.2421875,-0.146484375,1.0390625,-0.677734375
3454,34280604,34580604,0.128662109,0.903625488,-0.405639648,0.0491943359,0.44921875,-0.625,-0.48046875,-2.0625,-6.7421875,-6.2421875,0.34375,1.16210938,-0.66796875
3455,34284339,34584339,0.127990723,0.903503418,-0.406799316,0.0427856445,0.1484375,-0.625,0.0859375,-1.8359375,-6.78125,-6.2734375,0.34375,1.16210938,-0.66796875
3456,34301212,34601212,0.12689209,0.903259277,-0.40838623,0.035949707,0.1484375,-0.625,0.0859375,-1.8359375,-6.78125,-6.2734375,0.431640625,1.02734375,-0.765625
3457,34305706,34605706,0.125488281,0.903198242,-0.409423828,0.0297241211,-0.0859375,0.2109375,0.25390625,-1.6015625,-6.8515625,-6.25,0.431640625,1.02734375,-0.765625
3458,34319612,34619612,0.123779297,0.903442383,-0.409729004,0.0239868164,-0.0859375,0.2109375,0.25390625,-1.6015625,-6.8515625,-6.25,0.060546875,0.8359375,-0.759765625
3459,34323340,34623340,0.122253418,0.903991699,-0.409301758,0.0191650391,0.19140625,1,0.28515625,-1.3828125,-6.9140625,-6.2421875,0.060546875,0.8359375,-0.759765625
3460,34337295,34637295,0.120666504,0.904663086,-0.40838623,0.014465332,0.19140625,1,0.28515625,-1.3828125,-6.9140625,-6.2421875,-0.150390625,0.654296875,-0.6171875
3461,34343262,34643262,0.11932373,0.905395508,-0.407348633,0.0104370117,0.234375,0.625,-0.06640625,-1.1953125,-6.921875,-6.2734375,-0.150390625,0.654296875,-0.6171875
3462,34360025,34660025,0.118225098,0.905883789,-0.406555176,0.00616455078,0.234375,0.625,-0.06640625,-1.1953125,-6.921875,-6.2734375,-0.029296875,0.7421875,-0.5390625
3463,34363770,34663770,0.11730957,0.906188965,-0.40625,0.00183105469,0.68359375,-0.41015625,-0.3046875,-1.03125,-6.921875,-6.3046875,-0.029296875,0.7421875,-0.5390625
3464,34379256,34679256,-0.116210938,-0.90637207,0.406188965,0.00323486328,0.68359375,-0.41015625,-0.3046875,-1.03125,-6.921875,-6.3046875,0.11328125,0.78515625,-0.595703125
3465,34382988,34682988,-0.115112305,-0.906433105,0.40625,0.00769042969,0.1953125,-0.046875,0.1640625,-0.8515625,-6.9375,-6.3125,0.11328125,0.78515625,-0.595703125
3466,34398908,34698908,-0.113830566,-0.906616211,0.406066895,0.0123291016,0.1953125,-0.046875,0.1640625,-0.8515625,-6.9375,-6.3125,0.0390625,0.697265625,-0.59375
3467,34402635,34702635,-0.112609863,-0.906860352,0.405822754,0.0163574219,0.28515625,0.08984375,0.31640625,-0.671875,-6.9609375,-6.3125,0.0390625,0.697265625,-0.59375
3468,34417900,34717900,-0.11138916,-0.907104492,0.405456543,0.0200195312,0.28515625,0.08984375,0.31640625,-0.671875,-6.9609375,-6.3125,-0.0078125,0.52734375,-0.505859375
3469,34421505,34721505,-0.110229492,-0.907287598,0.405090332,0.0232543945,0.12890625,0.01953125,0.203125,-0.515625,-6.96875,-6.3125,-0.0078125,0.52734375,-0.505859375
3470,34438348,34738348,-0.109130859,-0.907470703,0.404846191,0.026550293,0.12890625,0.01953125,0.203125,-0.515625,-6.96875,-6.3125,0.017578125,0.494140625,-0.443359375
3471,34441951,34741951,-0.108154297,-0.907592773,0.404663086,0.0295410156,0.3046875,0.01953125,0.01953125,-0.3828125,-6.96875,-6.3203125,0.017578125,0.494140625,-0.443359375
3472,34456519,34756519,-0.10723877,-0.907653809,0.404418945,0.0327758789,0.3046875,0.01953125,0.01953125,-0.3828125,-6.96875,-6.3203125,0.015625,0.482421875,-0.4140625
3473,34462488,34762488,-0.106323242,-0.907836914,0.404052734,0.0356445312,0.22265625,0.02734375,0.1328125,-0.265625,-6.9765625,-6.3203125,0.015625,0.482421875,-0.4140625
3474,34476927,34776927,-0.105407715,-0.908081055,0.403503418,0.0383300781,0.22265625,0.02734375,0.1328125,-0.265625,-6.9765625,-6.3203125,-0.09375,0.41015625,-0.380859375
3475,34482905,34782905,-0.104553223,-0.908447266,0.402709961,0.0408325195,0.078125,-0.0078125,0.06640625,-0.15625,-6.9765625,-6.328125,-0.09375,0.41015625,-0.380859375
3476,34496317,34796317,-0.103820801,-0.908752441,0.401855469,0.04296875,0.078125,-0.0078125,0.06640625,-0.15625,-6.9765625,-6.328125,-0.13671875,0.353515625,-0.322265625
3477,34502287,34802287,-0.103149414,-0.909118652,0.401062012,0.0452270508,0.16796875,-0.4140625,-0.109375,-0.0546875,-6.953125,-6.34375,-0.13671875,0.353515625,-0.322265625
3478,34514962,34814962,-0.102539062,-0.909301758,0.400512695,0.0473022461,0.16796875,-0.4140625,-0.109375,-0.0546875,-6.953125,-6.34375,-0.02734375,0.328125,-0.259765625
3479,34525014,34825014,-0.102111816,-0.909362793,0.400268555,0.0491333008,0.1171875,-0.5390625,-0.0546875,0.03125,-6.9453125,-6.359375,-0.02734375,0.328125,-0.259765625
3480,34539561,34839561,-0.101806641,-0.909301758,0.400268555,0.0506591797,0.1171875,-0.5390625,-0.0546875,0.03125,-6.9453125,-6.359375,0.05078125,0.232421875,-0.16796875
3481,34544558,34844558,-0.101501465,-0.909240723,0.40032959,0.051940918,-0.13671875,-0.5390625,-0.1875,0.09375,-6.9453125,-6.34375,0.05078125,0.232421875,-0.16796875
3482,34556856,34856856,-0.101257324,-0.909240723,0.400268555,0.0529174805,-0.13671875,-0.5390625,-0.1875,0.09375,-6.9453125,-6.34375,-0.009765625,0.140625,-0.107421875
3483,34563268,34863268,-0.101074219,-0.909301758,0.400085449,0.0535888672,-0.18359375,-0.421875,-0.2265625,0.140625,-6.9453125,-6.34375,-0.009765625,0.140625,-0.107421875
3484,34576212,34876212,-0.100952148,-0.909484863,0.399719238,0.0541381836,-0.18359375,-0.421875,-0.2265625,0.140625,-6.9453125,-6.34375,-0.068359375,0.068359375,-0.05859375
3485,34581241,34881241,-0.100891113,-0.909606934,0.399353027,0.0544433594,0.0234375,-0.31640625,-0.0703125,0.1640625,-6.9375,-6.34375,-0.068359375,0.068359375,-0.05859375
3486,34597298,34897298,-0.100891113,-0.909790039,0.398986816,0.0545043945,0.0234375,-0.31640625,-0.0703125,0.1640625,-6.9375,-6.34375,-0.072265625,0,0.001953125
3487,34601027,34901027,-0.100891113,-0.909912109,0.398681641,0.0543823242,0.1328125,-0.28515625,0.09765625,0.171875,-6.9296875,-6.359375,-0.072265625,0,0.001953125
3488,34615810,34915810,-0.101013184,-0.909973145,0.398498535,0.0540161133,0.1328125,-0.28515625,0.09765625,0.171875,-6.9296875,-6.359375,-0.044921875,-0.068359375,0.05859375
3489,34620838,34920838,-0.101196289,-0.91003418,0.398376465,0.0534057617,0.140625,-0.1328125,0.10546875,0.1640625,-6.9296875,-6.3671875,-0.044921875,-0.068359375,0.05859375
3490,34637277,34937277,-0.101501465,-0.910095215,0.39831543,0.0523681641,0.140625,-0.1328125,0.10546875,0.1640625,-6.9296875,-6.3671875,-0.04296875,-0.193359375,0.15625
3491,34641015,34941015,-0.101867676,-0.91015625,0.398193359,0.0509643555,0.125,0.2109375,0.37109375,0.140625,-6.9296875,-6.3671875,-0.04296875,-0.193359375,0.15625
3492,34655353,34955353,-0.102478027,-0.910400391,0.397827148,0.0489501953,0.125,0.2109375,0.37109375,0.140625,-6.9296875,-6.3671875,-0.1640625,-0.341796875,0.27734375
3493,34661816,34961816,-0.103149414,-0.910705566,0.397216797,0.0465087891,0.15625,0.234375,0.234375,0.0703125,-6.9140625,-6.3828125,-0.1640625,-0.341796875,0.27734375
3494,34675463,34975463,-0.104003906,-0.911071777,0.396484375,0.0437011719,0.15625,0.234375,0.234375,0.0703125,-6.9140625,-6.3828125,-0.23828125,-0.4609375,0.390625
3495,34681192,34981192,-0.105041504,-0.911437988,0.395751953,0.0405273438,0.171875,0.2109375,0.265625,-0.0234375,-6.890625,-6.4140625,-0.23828125,-0.4609375,0.390625
3496,34697873,34997873,-0.106262207,-0.911804199,0.394958496,0.037109375,0.171875,0.2109375,0.265625,-0.0234375,-6.890625,-6.4140625,-0.248046875,-0.5390625,0.5234375
3497,34701472,35001472,-0.107666016,-0.91204834,0.394287109,0.0333862305,0.11328125,0.02734375,0.3359375,-0.15625,-6.859375,-6.4453125,-0.248046875,-0.5390625,0.5234375
3498,34716408,35016408,-0.109375,-0.912231445,0.393798828,0.0288696289,0.11328125,0.02734375,0.3359375,-0.15625,-6.859375,-6.4453125,-0.19921875,-0.708984375,0.66796875
3499,34720014,35020014,-0.111022949,-0.912353516,0.393371582,0.0241088867,-0.11328125,-0.08203125,0.0625,-0.3125,-6.828125,-6.4765625,-0.19921875,-0.708984375,0.66796875
3500,34734236,35034236,-0.112915039,-0.912475586,0.392822266,0.0183105469,-0.11328125,-0.08203125,0.0625,-0.3125,-6.828125,-6.4765625,-0.26171875,-0.91796875,0.796875
3501,34741139,35041139,-0.114807129,-0.912597656,0.392150879,0.0121459961,-0.140625,0.1875,-0.4140625,-0.515625,-6.7890625,-6.5,-0.26171875,-0.91796875,0.796875
3502,34754122,35054122,-0.116760254,-0.912780762,0.391357422,0.00549316406,-0.140625,0.1875,-0.4140625,-0.515625,-6.7890625,-6.5,-0.34765625,-1.07226562,0.9140625
3503,34759846,35059846,0.118896484,0.912963867,-0.390380859,0.00152587891,-0.00390625,0.16796875,-0.58203125,-0.765625,-6.734375,-6.5234375,-0.34765625,-1.07226562,0.9140625
3504,34777651,35077651,0.12121582,0.913085938,-0.389282227,0.00891113281,-0.00390625,0.16796875,-0.58203125,-0.765625,-6.734375,-6.5234375,-0.396484375,-1.17382812,1.02929688
3505,34782846,35082846,0.123718262,0.913085938,-0.388183594,0.0167236328,0.0390625,0.10546875,-0.4375,-1.0390625,-6.671875,-6.5546875,-0.396484375,-1.17382812,1.02929688
3506,34797294,35097294,0.126220703,0.912963867,-0.387207031,0.0252685547,0.0390625,0.10546875,-0.4375,-1.0390625,-6.671875,-6.5546875,-0.3671875,-1.41601562,1.15234375
3507,34801026,35101026,0.128479004,0.912658691,-0.386413574,0.034362793,-0.10546875,-0.3828125,-0.640625,-1.3515625,-6.6015625,-6.578125,-0.3671875,-1.41601562,1.15234375
3508,34813202,35113202,0.130859375,0.91217041,-0.385803223,0.0450439453,-0.10546875,-0.3828125,-0.640625,-1.3515625,-6.6015625,-6.578125,-0.29296875,-1.75976562,1.24609375
3509,34820493,35120493,0.132995605,0.911376953,-0.385437012,0.0560302734,-0.61328125,-0.625,-0.765625,-1.7265625,-6.515625,-6.5703125,-0.29296875,-1.75976562,1.24609375
3510,34834512,35134512,0.13494873,0.910400391,-0.385131836,0.0678100586,-0.61328125,-0.625,-0.765625,-1.7265625,-6.515625,-6.5703125,-0.267578125,-2.09960938,1.31445312
3511,34840477,35140477,0.13671875,0.909179688,-0.385009766,0.0806884766,-0.7734375,-0.5546875,-0.7265625,-2.140625,-6.4296875,-6.53125,-0.267578125,-2.09960938,1.31445312
3512,34855625,35155625,0.138244629,0.907714844,-0.385009766,0.0930175781,-0.7734375,-0.5546875,-0.7265625,-2.140625,-6.4296875,-6.53125,-0.2109375,-2.35351562,1.36328125
3513,34859350,35159350,0.139709473,0.906005859,-0.385009766,0.106628418,-0.55078125,-0.61328125,-0.84375,-2.59375,-6.3359375,-6.453125,-0.2109375,-2.35351562,1.36328125
3514,34874250,35174250,0.141296387,0.903869629,-0.385131836,0.12121582,-0.55078125,-0.61328125,-0.84375,-2.59375,-6.3359375,-6.453125,-0.119140625,-2.5,1.41992188
3515,34880225,35180225,0.142822266,0.901428223,-0.385559082,0.135681152,-0.36328125,-0.4453125,-0.9453125,-3.0859375,-6.234375,-6.3515625,-0.119140625,-2.5,1.41992188
3516,34895931,35195931,0.144348145,0.898742676,-0.385864258,0.150268555,-0.36328125,-0.4453125,-0.9453125,-3.0859375,-6.234375,-6.3515625,-0.15625,-2.68554688,1.49414062
3517,34899681,35199681,0.145629883,0.895935059,-0.385986328,0.164672852,-0.546875,-0.36328125,-0.45703125,-3.59375,-6.125,-6.1875,-0.15625,-2.68554688,1.49414062
3518,34912772,35212772,0.146972656,0.892578125,-0.386291504,0.180297852,-0.546875,-0.36328125,-0.45703125,-3.59375,-6.125,-6.1875,-0.064453125,-2.68554688,1.44726562
3519,34918739,35218739,0.148132324,0.889038086,-0.38684082,0.195007324,-0.15234375,-0.7265625,-0.38671875,-4.1015625,-5.9921875,-5.9921875,-0.064453125,-2.68554688,1.44726562
3520,34934285,35234285,0.149108887,0.885437012,-0.387573242,0.208618164,-0.15234375,-0.7265625,-0.38671875,-4.1015625,-5.9921875,-5.9921875,0.064453125,-2.61132812,1.35351562
3521,34939329,35239329,0.150146484,0.881469727,-0.38848877,0.222595215,0.16015625,-0.34375,-0.14453125,-4.5703125,-5.875,-5.7734375,0.064453125,-2.61132812,1.35351562
3522,34953734,35253734,0.151245117,0.877197266,-0.389404297,0.236633301,0.16015625,-0.34375,-0.14453125,-4.5703125,-5.875,-5.7734375,0.115234375,-2.4765625,1.31445312
3523,34958768,35258768,0.15234375,0.87298584,-0.390075684,0.25012207,0.5,0.04296875,-0.10546875,-5.0234375,-5.765625,-5.5078125,0.115234375,-2.4765625,1.31445312
3524,34973893,35273893,0.153320312,0.868835449,-0.39050293,0.262878418,0.5,0.04296875,-0.10546875,-5.0234375,-5.765625,-5.5078125,0.041015625,-2.3984375,1.296875
3525,34978938,35278938,0.15423584,0.864807129,-0.39074707,0.275024414,0.4453125,0.109375,-0.0546875,-5.4296875,-5.640625,-5.25,0.041015625,-2.3984375,1.296875
3526,34994098,35294098,0.155151367,0.860351562,-0.390808105,0.288024902,0.4453125,0.109375,-0.0546875,-5.4296875,-5.640625,-5.25,-0.021484375,-2.30273438,1.23242188
3527,34997830,35297830,0.155822754,0.856384277,-0.39050293,0.299682617,0.4453125,0.69921875,0.0625,-5.8125,-5.5,-4.984375,-0.021484375,-2.30273438,1.23242188
3528,35013323,35313323,0.15637207,0.852050781,-0.389953613,0.312255859,0.4453125,0.69921875,0.0625,-5.8125,-5.5,-4.984375,-0.111328125,-2.17578125,1.14453125
3529,35019669,35319669,0.156799316,0.847961426,-0.389404297,0.323608398,0.68359375,0.5859375,-0.1171875,-6.1640625,-5.3515625,-4.7265625,-0.111328125,-2.17578125,1.14453125
3530,35033762,35333762,0.157165527,0.843994141,-0.38885498,0.334289551,0.68359375,0.5859375,-0.1171875,-6.1640625,-5.3515625,-4.7265625,-0.078125,-2.00390625,1.05664062
3531,35037486,35337486,0.157592773,0.840148926,-0.388305664,0.344238281,0.87109375,-0.05859375,0.2421875,-6.46875,-5.203125,-4.4765625,-0.078125,-2.00390625,1.05664062
3532,35053936,35353936,0.158203125,0.8359375,-0.387817383,0.354675293,0.87109375,-0.05859375,0.2421875,-6.46875,-5.203125,-4.4765625,-0.0234375,-1.91210938,1.04101562
3533,35058988,35358988,0.158752441,0.83190918,-0.387390137,0.364135742,0.7265625,-0.16796875,-0.0078125,-6.7421875,-5.0546875,-4.2265625,-0.0234375,-1.91210938,1.04101562
3534,35072780,35372780,0.159301758,0.827697754,-0.386962891,0.373840332,0.7265625,-0.16796875,-0.0078125,-6.7421875,-5.0546875,-4.2265625,-0.01953125,-1.77539062,0.966796875
3535,35077811,35377811,0.159790039,0.823669434,-0.386413574,0.383056641,0.74609375,0.15625,0.2421875,-6.9921875,-4.921875,-3.9765625,-0.01953125,-1.77539062,0.966796875
3536,35093429,35393429,0.16015625,0.819824219,-0.385925293,0.391479492,0.74609375,0.15625,0.2421875,-6.9921875,-4.921875,-3.9765625,-0.0234375,-1.61523438,0.84375
3537,35098463,35398463,0.160400391,0.81628418,-0.385498047,0.399169922,0.625,0.0625,0,-7.21875,-4.7890625,-3.734375,-0.0234375,-1.61523438,0.84375
3538,35112759,35412759,0.160522461,0.812561035,-0.385131836,0.406982422,0.625,0.0625,0,-7.21875,-4.7890625,-3.734375,0,-1.546875,0.74609375
3539,35117790,35417790,0.160522461,0.808654785,-0.38482666,0.415039062,0.23046875,0.0625,0.04296875,-7.3984375,-4.671875,-3.5078125,0,-1.546875,0.74609375
3540,35131460,35431460,0.160400391,0.805114746,-0.384460449,0.422180176,0.23046875,0.0625,0.04296875,-7.3984375,-4.671875,-3.5078125,-0.0546875,-1.43359375,0.6796875
3541,35141961,35441961,0.16027832,0.801696777,-0.383911133,0.429138184,0.328125,-0.046875,0.05078125,-7.5703125,-4.5625,-3.2890625,-0.0546875,-1.43359375,0.6796875
3542,35151949,35451949,0.160339355,0.798278809,-0.383422852,0.435913086,0.328125,-0.046875,0.05078125,-7.5703125,-4.5625,-3.2890625,-0.00390625,-1.3359375,0.681640625
3543,35156980,35456980,0.160583496,0.794799805,-0.383117676,0.442382812,0.27734375,-0.2265625,0.0390625,-7.7109375,-4.4609375,-3.0859375,-0.00390625,-1.3359375,0.681640625
3544,35174061,35474061,0.160949707,0.791442871,-0.382995605,0.448425293,0.27734375,-0.2265625,0.0390625,-7.7109375,-4.4609375,-3.0859375,0.08203125,-1.18945312,0.615234375
3545,35177793,35477793,0.161315918,0.788269043,-0.38293457,0.453857422,-0.01171875,-0.20703125,0.3359375,-7.84375,-4.3671875,-2.8828125,0.08203125,-1.18945312,0.615234375
3546,35194312,35494312,0.161804199,0.784667969,-0.38293457,0.459838867,-0.01171875,-0.20703125,0.3359375,-7.84375,-4.3671875,-2.8828125,0.126953125,-1.12695312,0.61328125
3547,35198811,35498811,0.162353516,0.781616211,-0.38293457,0.46484375,-0.0390625,-0.0703125,0.140625,-7.96875,-4.2734375,-2.6875,0.126953125,-1.12695312,0.61328125
3548,35211684,35511684,0.162963867,0.778259277,-0.3828125,0.470397949,-0.0390625,-0.0703125,0.140625,-7.96875,-4.2734375,-2.6875,0.09765625,-1.05078125,0.599609375
3549,35220600,35520600,0.163452148,0.775146484,-0.382568359,0.475402832,-0.24609375,0.2578125,0.2578125,-8.0703125,-4.1796875,-2.5,0.09765625,-1.05078125,0.599609375
3550,35231659,35531659,0.16394043,0.772155762,-0.382263184,0.480407715,-0.24609375,0.2578125,0.2578125,-8.0703125,-4.1796875,-2.5,0.060546875,-0.994140625,0.583984375
3551,35236706,35536706,0.164489746,0.769165039,-0.381958008,0.485229492,-0.10546875,-0.1015625,0.2421875,-8.171875,-4.0859375,-2.328125,0.060546875,-0.994140625,0.583984375
3552,35252417,35552417,0.165039062,0.766357422,-0.381774902,0.489562988,-0.10546875,-0.1015625,0.2421875,-8.171875,-4.0859375,-2.328125,0.111328125,-0.927734375,0.5390625
3553,35260927,35560927,0.165527344,0.76348877,-0.381713867,0.49395752,-0.09765625,-0.15234375,0.23828125,-8.2578125,-4,-2.171875,0.111328125,-0.927734375,0.5390625
3554,35272624,35572624,0.16595459,0.760559082,-0.381713867,0.498291016,-0.09765625,-0.15234375,0.23828125,-8.2578125,-4,-2.171875,0.1171875,-0.857421875,0.44921875
3555,35276354,35576354,0.166259766,0.757995605,-0.381774902,0.50201416,-0.2109375,0.1171875,0.2265625,-8.3359375,-3.921875,-2.0078125,0.1171875,-0.857421875,0.44921875
3556,35294252,35594252,0.166503906,0.755249023,-0.381896973,0.505981445,-0.2109375,0.1171875,0.2265625,-8.3359375,-3.921875,-2.0078125,0.111328125,-0.8125,0.390625
3557,35300610,35600610,0.166687012,0.752807617,-0.382019043,0.509521484,-0.109375,0.12890625,0.26953125,-8.3984375,-3.859375,-1.859375,0.111328125,-0.8125,0.390625
3558,35313559,35613559,0.166870117,0.750366211,-0.382080078,0.512939453,-0.109375,0.12890625,0.26953125,-8.3984375,-3.859375,-1.859375,0.09375,-0.705078125,0.330078125
3559,35317293,35617293,0.166992188,0.748291016,-0.382202148,0.515869141,-0.0546875,0.10546875,0.16796875,-8.453125,-3.796875,-1.71875,0.09375,-0.705078125,0.330078125
3560,35333798,35633798,0.167114258,0.74609375,-0.382324219,0.518920898,-0.0546875,0.10546875,0.16796875,-8.453125,-3.796875,-1.71875,0.06640625,-0.630859375,0.291015625
3561,35340341,35640341,0.167053223,0.744262695,-0.382324219,0.521484375,-0.046875,0.328125,0.1640625,-8.5,-3.75,-1.6015625,0.06640625,-0.630859375,0.291015625
3562,35353273,35653273,0.166992188,0.742370605,-0.382446289,0.524169922,-0.046875,0.328125,0.1640625,-8.5,-3.75,-1.6015625,0.06640625,-0.55859375,0.208984375
3563,35357005,35657005,0.166809082,0.740783691,-0.382629395,0.526306152,0.109375,0.2109375,0.1796875,-8.5390625,-3.7109375,-1.5,0.06640625,-0.55859375,0.208984375
3564,35373288,35673288,0.166625977,0.739257812,-0.382873535,0.528381348,0.109375,0.2109375,0.1796875,-8.5390625,-3.7109375,-1.5,0.052734375,-0.443359375,0.12109375
3565,35379630,35679630,0.166320801,0.737976074,-0.383117676,0.529968262,0.0546875,0.41796875,0.23828125,-8.5625,-3.6875,-1.40625,0.052734375,-0.443359375,0.12109375
3566,35392581,35692581,0.166015625,0.736877441,-0.383300781,0.531494141,0.0546875,0.41796875,0.23828125,-8.5625,-3.6875,-1.40625,0.01953125,-0.322265625,0.07421875
3567,35396303,35696303,0.16583252,0.736022949,-0.383422852,0.532653809,0.1953125,0.32421875,0.24609375,-8.5859375,-3.671875,-1.3359375,0.01953125,-0.322265625,0.07421875
3568,35411025,35711025,0.165771484,0.735351562,-0.383605957,0.533508301,0.1953125,0.32421875,0.24609375,-8.5859375,-3.671875,-1.3359375,0.041015625,-0.171875,0.0625
3569,35419604,35719604,0.16583252,0.734924316,-0.383666992,0.534057617,0.203125,0.1953125,0.16796875,-8.59375,-3.65625,-1.296875,0.041015625,-0.171875,0.0625
3570,35429194,35729194,0.16595459,0.734741211,-0.383728027,0.534179688,0.203125,0.1953125,0.16796875,-8.59375,-3.65625,-1.296875,0.005859375,0.013671875,0.01171875
3571,35435172,35735172,0.166015625,0.734924316,-0.383666992,0.533996582,0.0546875,0.453125,0.3046875,-8.6015625,-3.6484375,-1.28125,0.005859375,0.013671875,0.01171875
3572,35450275,35750275,0.166015625,0.735351562,-0.383605957,0.533447266,0.0546875,0.453125,0.3046875,-8.6015625,-3.6484375,-1.28125,-0.033203125,0.162109375,-0.0625
3573,35458604,35758604,0.166015625,0.736083984,-0.383483887,0.532531738,0.046875,0.34765625,0.3203125,-8.59375,-3.65625,-1.296875,-0.033203125,0.162109375,-0.0625
3574,35471956,35771956,0.16595459,0.737060547,-0.383300781,0.531311035,0.046875,0.34765625,0.3203125,-8.59375,-3.65625,-1.296875,-0.0703125,0.337890625,-0.12109375
3575,35475699,35775699,0.166015625,0.73828125,-0.383056641,0.529785156,0.109375,0.25,0.328125,-8.578125,-3.671875,-1.34375,-0.0703125,0.337890625,-0.12109375
3576,35492013,35792013,0.16607666,0.74005127,-0.38269043,0.527587891,0.109375,0.25,0.328125,-8.578125,-3.671875,-1.34375,-0.12109375,0.568359375,-0.1875
3577,35498610,35798610,0.16619873,0.74206543,-0.382202148,0.525024414,0.24609375,0.2734375,0.3671875,-8.5625,-3.6953125,-1.421875,-0.12109375,0.568359375,-0.1875
3578,35508194,35808194,0.166381836,0.744689941,-0.381652832,0.521606445,0.24609375,0.2734375,0.3671875,-8.5625,-3.6953125,-1.421875,-0.15234375,0.859375,-0.2734375
3579,35515472,35815472,0.166625977,0.747680664,-0.381103516,0.517700195,0.32421875,0.265625,0.38671875,-8.5234375,-3.7265625,-1.5546875,-0.15234375,0.859375,-0.2734375
3580,35528991,35828991,0.166931152,0.751037598,-0.380554199,0.513122559,0.32421875,0.265625,0.38671875,-8.5234375,-3.7265625,-1.5546875,-0.15234375,1.13476562,-0.40234375
3581,35537555,35837555,0.167175293,0.754699707,-0.380126953,0.50793457,0.296875,0.203125,0.4609375,-8.4609375,-3.78125,-1.7421875,-0.15234375,1.13476562,-0.40234375
3582,35550108,35850108,0.167358398,0.758666992,-0.379882812,0.502075195,0.296875,0.203125,0.4609375,-8.4609375,-3.78125,-1.7421875,-0.11328125,1.35742188,-0.556640625
3583,35555156,35855156,0.167480469,0.762634277,-0.379821777,0.496032715,0.13671875,0.16015625,0.296875,-8.375,-3.8515625,-1.9609375,-0.11328125,1.35742188,-0.556640625
3584,35570666,35870666,0.167419434,0.767150879,-0.380004883,0.488952637,0.13671875,0.16015625,0.296875,-8.375,-3.8515625,-1.9609375,-0.07421875,1.49414062,-0.7265625
3585,35576211,35876211,0.167236328,0.77142334,-0.380310059,0.481994629,-0.01171875,0.421875,0.30859375,-8.265625,-3.9609375,-2.203125,-0.07421875,1.49414062,-0.7265625
3586,35590518,35890518,0.166931152,0.776367188,-0.380737305,0.473815918,-0.01171875,0.421875,0.30859375,-8.265625,-3.9609375,-2.203125,-0.052734375,1.64257812,-0.85546875
3587,35594240,35894240,0.166564941,0.780822754,-0.381225586,0.466064453,0.046875,0.39453125,0.14453125,-8.1328125,-4.0859375,-2.4609375,-0.052734375,1.64257812,-0.85546875
3588,35610078,35910078,0.166137695,0.785888672,-0.381896973,0.457092285,0.046875,0.39453125,0.14453125,-8.1328125,-4.0859375,-2.4609375,-0.017578125,1.796875,-0.982421875
3589,35617356,35917356,0.165649414,0.790771484,-0.382568359,0.448242188,-0.01171875,0.10546875,0.08203125,-7.9609375,-4.21875,-2.7421875,-0.017578125,1.796875,-0.982421875
3590,35630366,35930366,0.165039062,0.796081543,-0.383483887,0.438171387,-0.01171875,0.10546875,0.08203125,-7.9609375,-4.21875,-2.7421875,0.013671875,1.94726562,-1.11132812
3591,35634098,35934098,0.164367676,0.801025391,-0.384338379,0.428527832,-0.20703125,0.203125,0.0625,-7.765625,-4.390625,-3.03125,0.013671875,1.94726562,-1.11132812
3592,35649597,35949597,0.163635254,0.806335449,-0.385437012,0.417663574,-0.20703125,0.203125,0.0625,-7.765625,-4.390625,-3.03125,0.07421875,2.05859375,-1.19140625
3593,35655611,35955611,0.163024902,0.811218262,-0.386535645,0.407409668,-0.171875,0.07421875,-0.12890625,-7.53125,-4.5703125,-3.3359375,0.07421875,2.05859375,-1.19140625
3594,35669512,35969512,0.162414551,0.816467285,-0.387695312,0.395812988,-0.171875,0.07421875,-0.12890625,-7.53125,-4.5703125,-3.3359375,0.11328125,2.12109375,-1.203125
3595,35674550,35974550,0.16192627,0.821105957,-0.388793945,0.385253906,-0.16015625,0.1015625,-0.0546875,-7.2734375,-4.75,-3.640625,0.11328125,2.12109375,-1.203125
3596,35689071,35989071,0.161437988,0.825866699,-0.389831543,0.374084473,-0.16015625,0.1015625,-0.0546875,-7.2734375,-4.75,-3.640625,0.134765625,2.15625,-1.19921875
3597,35695625,35995625,0.160949707,0.830566406,-0.390869141,0.362548828,-0.12109375,0.05078125,-0.2734375,-7.0078125,-4.9296875,-3.921875,0.134765625,2.15625,-1.19921875
3598,35709573,36009573,0.160400391,0.835449219,-0.391845703,0.350402832,-0.12109375,0.05078125,-0.2734375,-7.0078125,-4.9296875,-3.921875,0.115234375,2.22851562,-1.22070312
3599,35714599,36014599,0.159851074,0.83984375,-0.39263916,0.339111328,-0.2421875,0.15234375,-0.17578125,-6.6953125,-5.109375,-4.2109375,0.115234375,2.22851562,-1.22070312
3600,35730556,36030556,0.159179688,0.844360352,-0.393371582,0.327087402,-0.2421875,0.15234375,-0.17578125,-6.6953125,-5.109375,-4.2109375,0.08984375,2.24023438,-1.26171875
3601,35738364,36038364,0.158325195,0.848937988,-0.393798828,0.314880371,-0.31640625,0.05078125,0.17578125,-6.390625,-5.2734375,-4.484375,0.08984375,2.24023438,-1.26171875
3602,35748237,36048237,0.157226562,0.853759766,-0.393920898,0.301940918,-0.31640625,0.05078125,0.17578125,-6.390625,-5.2734375,-4.484375,-0.04296875,2.33007812,-1.31640625
3603,35755520,36055520,0.15612793,0.858337402,-0.393798828,0.289428711,-0.4140625,-0.24609375,0.234375,-6.0234375,-5.4375,-4.7734375,-0.04296875,2.33007812,-1.31640625
3604,35767224,36067224,0.155151367,0.862670898,-0.393615723,0.277160645,-0.4140625,-0.24609375,0.234375,-6.0234375,-5.4375,-4.7734375,-0.04296875,2.42382812,-1.32421875
3605,35775790,36075790,0.154174805,0.867126465,-0.393432617,0.263671875,-0.23828125,-0.6015625,-0.14453125,-5.6640625,-5.578125,-5.046875,-0.04296875,2.42382812,-1.32421875
3606,35788708,36088708,0.153442383,0.871154785,-0.393432617,0.250549316,-0.23828125,-0.6015625,-0.14453125,-5.6640625,-5.578125,-5.046875,0.0859375,2.42578125,-1.27148438
3607,35793733,36093733,0.152770996,0.874694824,-0.393737793,0.237915039,-0.23046875,-0.453125,-0.13671875,-5.25,-5.7265625,-5.3203125,0.0859375,2.42578125,-1.27148438
3608,35810796,36110796,0.151916504,0.878173828,-0.39440918,0.224121094,-0.23046875,-0.453125,-0.13671875,-5.25,-5.7265625,-5.3203125,0.23828125,2.32226562,-1.30859375
3609,35819389,36119389,0.151000977,0.880981445,-0.394958496,0.212158203,-0.140625,-0.03125,0.1953125,-4.84375,-5.8828125,-5.5390625,0.23828125,2.32226562,-1.30859375
3610,35828424,36128424,0.149841309,0.883911133,-0.395263672,0.200134277,-0.140625,-0.03125,0.1953125,-4.84375,-5.8828125,-5.5390625,0.09765625,2.10742188,-1.25585938
3611,35834388,36134388,0.148498535,0.88671875,-0.395080566,0.188659668,0.04296875,0.4453125,0.10546875,-4.453125,-6.015625,-5.71875,0.09765625,2.10742188,-1.25585938
3612,35846903,36146903,0.147094727,0.889648438,-0.394287109,0.177246094,0.04296875,0.4453125,0.10546875,-4.453125,-6.015625,-5.71875,-0.138671875,2.03710938,-1.17773438
3613,35854537,36154537,0.145751953,0.892700195,-0.392944336,0.165527344,0.51171875,0.6953125,-0.10546875,-4.078125,-6.109375,-5.890625,-0.138671875,2.03710938,-1.17773438
3614,35867385,36167385,0.144470215,0.895568848,-0.391418457,0.154418945,0.51171875,0.6953125,-0.10546875,-4.078125,-6.109375,-5.890625,-0.201171875,2.03320312,-1.13476562
3615,35874701,36174701,0.143249512,0.898132324,-0.390258789,0.143371582,0.11328125,0,-0.4140625,-3.6796875,-6.1796875,-6.078125,-0.201171875,2.03320312,-1.13476562
3616,35889038,36189038,0.141967773,0.90020752,-0.389709473,0.132568359,0.11328125,0,-0.4140625,-3.6796875,-6.1796875,-6.078125,0.107421875,1.86914062,-1.11523438
3617,35896348,36196348,0.140686035,0.901794434,-0.389892578,0.122314453,-0.30078125,-0.0859375,-0.3828125,-3.3046875,-6.25,-6.2265625,0.107421875,1.86914062,-1.11523438
3618,35907567,36207567,0.139099121,0.903137207,-0.390563965,0.11151123,-0.30078125,-0.0859375,-0.3828125,-3.3046875,-6.25,-6.2265625,0.30078125,1.73242188,-1.1484375
3619,35913995,36213995,0.137512207,0.90423584,-0.391174316,0.101928711,-0.20703125,0.390625,0.01171875,-2.9375,-6.34375,-6.3125,0.30078125,1.73242188,-1.1484375
3620,35928641,36228641,0.135803223,0.905517578,-0.391357422,0.0919189453,-0.20703125,0.390625,0.01171875,-2.9375,-6.34375,-6.3125,0.115234375,1.57617188,-1.05859375
3621,35935203,36235203,0.134155273,0.906738281,-0.391052246,0.0833740234,0.31640625,0.75390625,-0.078125,-2.578125,-6.4375,-6.375,0.115234375,1.57617188,-1.05859375
3622,35946363,36246363,0.132385254,0.90802002,-0.390197754,0.0752563477,0.31640625,0.75390625,-0.078125,-2.578125,-6.4375,-6.375,-0.125,1.36132812,-0.955078125
3623,35954784,36254784,0.13067627,0.909545898,-0.38885498,0.0670776367,0.46875,0.6484375,-0.046875,-2.2734375,-6.484375,-6.4453125,-0.125,1.36132812,-0.955078125
3624,35971247,36271247,0.129150391,0.910827637,-0.387451172,0.0596313477,0.46875,0.6484375,-0.046875,-2.2734375,-6.484375,-6.4453125,-0.17578125,1.26367188,-0.853515625
3625,35975747,36275747,0.127624512,0.911987305,-0.386352539,0.0526123047,0.2890625,-0.21875,-0.19921875,-1.9765625,-6.5,-6.5234375,-0.17578125,1.26367188,-0.853515625
3626,35989295,36289295,0.125854492,0.912841797,-0.385742188,0.0459594727,0.2890625,-0.21875,-0.19921875,-1.9765625,-6.5,-6.5234375,0.05078125,1.04101562,-0.845703125
3627,35993018,36293018,0.124023438,0.913391113,-0.385681152,0.0397949219,0.25390625,-0.43359375,-0.56640625,-1.7109375,-6.515625,-6.578125,0.05078125,1.04101562,-0.845703125
3628,36010940,36310940,0.122192383,0.91394043,-0.385620117,0.033203125,0.25390625,-0.43359375,-0.56640625,-1.7109375,-6.515625,-6.578125,0.083984375,1.078125,-0.841796875
3629,36015386,36315386,0.120544434,0.914489746,-0.385253906,0.0267333984,0.5859375,0.2890625,0.0703125,-1.46875,-6.546875,-6.6015625,0.083984375,1.078125,-0.841796875
3630,36029037,36329037,0.11907959,0.915100098,-0.38470459,0.0204467773,0.5859375,0.2890625,0.0703125,-1.46875,-6.546875,-6.6015625,-0.021484375,1.02148438,-0.712890625
3631,36033251,36333251,0.117919922,0.915588379,-0.384094238,0.0148925781,0.49609375,-0.22265625,-0.3671875,-1.2265625,-6.5703125,-6.625,-0.021484375,1.02148438,-0.712890625
3632,36046987,36346987,0.116638184,0.91607666,-0.383483887,0.00909423828,0.49609375,-0.22265625,-0.3671875,-1.2265625,-6.5703125,-6.625,-0.01953125,0.92578125,-0.64453125
3633,36053611,36353611,0.115539551,0.916442871,-0.383056641,0.00384521484,0.31640625,-0.8984375,0.15625,-1.0078125,-6.5859375,-6.6484375,-0.01953125,0.92578125,-0.64453125
3634,36065828,36365828,-0.114196777,-0.916687012,0.382873535,0.00164794922,0.31640625,-0.8984375,0.15625,-1.0078125,-6.5859375,-6.6484375,0.087890625,0.86328125,-0.662109375
3635,36071794,36371794,-0.112731934,-0.916931152,0.38269043,0.00677490234,0.265625,-0.1171875,0.81640625,-0.8046875,-6.6015625,-6.65625,0.087890625,0.86328125,-0.662109375
3636,36089264,36389264,-0.111328125,-0.917236328,0.382324219,0.0110473633,0.265625,-0.1171875,0.81640625,-0.8046875,-6.6015625,-6.65625,-0.05078125,0.689453125,-0.62109375
3637,36093578,36393578,-0.109680176,-0.917724609,0.381408691,0.0152587891,0.421875,0.47265625,0.59375,-0.6171875,-6.6171875,-6.6640625,-0.05078125,0.689453125,-0.62109375
3638,36105173,36405173,-0.108093262,-0.918334961,0.380249023,0.0187988281,0.421875,0.47265625,0.59375,-0.6171875,-6.6171875,-6.6640625,-0.205078125,0.509765625,-0.5546875
3639,36111154,36411154,-0.106689453,-0.918945312,0.37902832,0.0217895508,0.34375,0.4296875,0.15625,-0.4609375,-6.609375,-6.6875,-0.205078125,0.509765625,-0.5546875
3640,36125823,36425823,-0.105285645,-0.919494629,0.377868652,0.0249023438,0.34375,0.4296875,0.15625,-0.4609375,-6.609375,-6.6875,-0.13671875,0.470703125,-0.458984375
3641,36132242,36432242,-0.104187012,-0.919799805,0.377258301,0.0277709961,0.515625,-0.28515625,0.03515625,-0.328125,-6.5859375,-6.71875,-0.13671875,0.470703125,-0.458984375
3642,36144459,36444459,-0.103210449,-0.919921875,0.377075195,0.0303955078,0.515625,-0.28515625,0.03515625,-0.328125,-6.5859375,-6.71875,0.05859375,0.37890625,-0.35546875
3643,36150420,36450420,-0.102294922,-0.919921875,0.377075195,0.0326538086,0.1015625,-0.62890625,-0.04296875,-0.21875,-6.5859375,-6.71875,0.05859375,0.37890625,-0.35546875
3644,36163499,36463499,-0.10144043,-0.91998291,0.377075195,0.0346069336,0.1015625,-0.62890625,-0.04296875,-0.21875,-6.5859375,-6.71875,0.021484375,0.267578125,-0.287109375
3645,36170661,36470661,-0.100708008,-0.92010498,0.376831055,0.0362548828,-0.0234375,-0.046875,-0.1953125,-0.1328125,-6.59375,-6.71875,0.021484375,0.267578125,-0.287109375
3646,36185858,36485858,-0.100097656,-0.920288086,0.376281738,0.0375976562,-0.0234375,-0.046875,-0.1953125,-0.1328125,-6.59375,-6.71875,-0.115234375,0.197265625,-0.201171875
3647,36189705,36489705,-0.099609375,-0.920593262,0.375610352,0.0386352539,-0.09375,-0.09375,-0.2265625,-0.0625,-6.5859375,-6.7265625,-0.115234375,0.197265625,-0.201171875
3648,36208228,36508228,-0.0992431641,-0.920959473,0.374816895,0.0394287109,-0.09375,-0.09375,-0.2265625,-0.0625,-6.5859375,-6.7265625,-0.150390625,0.099609375,-0.123046875
3649,36212298,36512298,-0.0988769531,-0.921264648,0.374023438,0.0399169922,-0.24609375,-0.421875,-0.32421875,-0.0234375,-6.5625,-6.7421875,-0.150390625,0.099609375,-0.123046875
3650,36225862,36525862,-0.0985717773,-0.921630859,0.37322998,0.0401000977,-0.24609375,-0.421875,-0.32421875,-0.0234375,-6.5625,-6.7421875,-0.18359375,0.013671875,-0.0703125
3651,36229580,36529580,-0.098449707,-0.92199707,0.372314453,0.0401000977,-0.109375,0.05859375,-0.453125,-0.0078125,-6.546875,-6.765625,-0.18359375,0.013671875,-0.0703125
3652,36247687,36547687,-0.0985107422,-0.922363281,0.371398926,0.0397949219,-0.109375,0.05859375,-0.453125,-0.0078125,-6.546875,-6.765625,-0.203125,-0.041015625,0.0546875
3653,36251792,36551792,-0.098815918,-0.922668457,0.370544434,0.0393066406,-0.0703125,-0.27734375,-0.1640625,-0.0078125,-6.515625,-6.7890625,-0.203125,-0.041015625,0.0546875
3654,36265359,36565359,-0.0993652344,-0.922973633,0.369873047,0.0383911133,-0.0703125,-0.27734375,-0.1640625,-0.0078125,-6.515625,-6.7890625,-0.1484375,-0.1328125,0.181640625
3655,36270412,36570412,-0.100036621,-0.923156738,0.36932373,0.0371704102,-0.125,-0.68359375,0.28125,-0.03125,-6.4921875,-6.8125,-0.1484375,-0.1328125,0.181640625
3656,36289177,36589177,-0.100769043,-0.923339844,0.368835449,0.0354614258,-0.125,-0.68359375,0.28125,-0.03125,-6.4921875,-6.8125,-0.15625,-0.287109375,0.271484375
3657,36295106,36595106,-0.1015625,-0.923583984,0.368164062,0.0333862305,0.08984375,-0.125,0.4140625,-0.09375,-6.4765625,-6.828125,-0.15625,-0.287109375,0.271484375
3658,36303761,36603761,-0.102478027,-0.92388916,0.36730957,0.0309448242,0.08984375,-0.125,0.4140625,-0.09375,-6.4765625,-6.828125,-0.28515625,-0.40234375,0.369140625
3659,36310103,36610103,-0.103637695,-0.924377441,0.366149902,0.0279541016,0.29296875,0.2265625,0.2890625,-0.1796875,-6.4453125,-6.859375,-0.28515625,-0.40234375,0.369140625
3660,36327006,36627006,-0.104919434,-0.924804688,0.364868164,0.0247192383,0.29296875,0.2265625,0.2890625,-0.1796875,-6.4453125,-6.859375,-0.345703125,-0.49609375,0.490234375
3661,36330741,36630741,-0.106384277,-0.925170898,0.363647461,0.0214233398,0.4453125,0.21875,0.2890625,-0.296875,-6.3984375,-6.8984375,-0.345703125,-0.49609375,0.490234375
3662,36344283,36644283,-0.108093262,-0.925598145,0.362304688,0.0178222656,0.4453125,0.21875,0.2890625,-0.296875,-6.3984375,-6.8984375,-0.3671875,-0.529296875,0.603515625
3663,36349316,36649316,-0.110168457,-0.925964355,0.360900879,0.0137329102,0.3125,0.046875,0.328125,-0.4296875,-6.34375,-6.9375,-0.3671875,-0.529296875,0.603515625
3664,36366637,36666637,-0.112243652,-0.926330566,0.35949707,0.00939941406,0.3125,0.046875,0.328125,-0.4296875,-6.34375,-6.9375,-0.369140625,-0.662109375,0.71875
3665,36370374,36670374,-0.114318848,-0.926574707,0.358337402,0.0048828125,0.20703125,0.03125,0.0234375,-0.59375,-6.2890625,-6.9765625,-0.369140625,-0.662109375,0.71875
3666,36383907,36683907,0.116699219,0.926696777,-0.357177734,0.000183105469,0.20703125,0.03125,0.0234375,-0.59375,-6.2890625,-6.9765625,-0.3359375,-0.748046875,0.818359375
3667,36388944,36688944,0.11932373,0.926818848,-0.356079102,0.00561523438,0.40234375,0.08203125,0.140625,-0.7890625,-6.2265625,-7.015625,-0.3359375,-0.748046875,0.818359375
3668,36406499,36706499,0.122009277,0.926818848,-0.355041504,0.0111694336,0.40234375,0.08203125,0.140625,-0.7890625,-6.2265625,-7.015625,-0.314453125,-0.833984375,0.91015625
3669,36411588,36711588,0.124633789,0.926696777,-0.354064941,0.0169677734,0.31640625,-0.09375,0.27734375,-1.0078125,-6.1640625,-7.0390625,-0.314453125,-0.833984375,0.91015625
3670,36422852,36722852,0.127319336,0.926513672,-0.353149414,0.0241088867,0.31640625,-0.09375,0.27734375,-1.0078125,-6.1640625,-7.0390625,-0.30078125,-1.13671875,0.984375
3671,36430600,36730600,0.129699707,0.926269531,-0.352355957,0.0315551758,-0.3828125,-0.46484375,-0.28125,-1.265625,-6.1015625,-7.0546875,-0.30078125,-1.13671875,0.984375
3672,36448097,36748097,0.132080078,0.925964355,-0.35144043,0.0402832031,-0.3828125,-0.46484375,-0.28125,-1.265625,-6.1015625,-7.0546875,-0.373046875,-1.50390625,1.0859375
3673,36453057,36753057,0.134338379,0.925537109,-0.350585938,0.0494995117,-0.53125,-0.38671875,-0.80859375,-1.578125,-6.0234375,-7.0625,-0.373046875,-1.50390625,1.0859375
3674,36463842,36763842,0.13659668,0.924804688,-0.350036621,0.0592041016,-0.53125,-0.38671875,-0.80859375,-1.578125,-6.0234375,-7.0625,-0.248046875,-1.671875,1.12109375
3675,36468640,36768640,0.13861084,0.92388916,-0.349975586,0.0687866211,-0.37109375,-0.51171875,-0.7578125,-1.9296875,-5.9375,-7.0390625,-0.248046875,-1.671875,1.12109375
3676,36486507,36786507,0.140686035,0.922546387,-0.350341797,0.0798950195,-0.37109375,-0.51171875,-0.7578125,-1.9296875,-5.9375,-7.0390625,-0.06640625,-1.921875,1.14648438
3677,36490106,36790106,0.142578125,0.920898438,-0.351135254,0.0910644531,-0.2578125,-0.54296875,-0.92578125,-2.3125,-5.8671875,-6.984375,-0.06640625,-1.921875,1.14648438
3678,36504454,36804454,0.144287109,0.919189453,-0.351989746,0.102050781,-0.2578125,-0.54296875,-0.92578125,-2.3125,-5.8671875,-6.984375,0.0078125,-2.12304688,1.19140625
3679,36508057,36808057,0.146057129,0.917053223,-0.353027344,0.114196777,-0.3125,-0.140625,-0.59765625,-2.71875,-5.8125,-6.890625,0.0078125,-2.12304688,1.19140625
3680,36526249,36826249,0.147888184,0.914611816,-0.354125977,0.127258301,-0.3125,-0.140625,-0.59765625,-2.71875,-5.8125,-6.890625,0.03125,-2.33789062,1.29882812
3681,36531880,36831880,0.149719238,0.911987305,-0.355041504,0.140563965,-0.39453125,-0.1328125,-0.66015625,-3.171875,-5.7421875,-6.75,0.03125,-2.33789062,1.29882812
3682,36544684,36844684,0.151428223,0.909240723,-0.355712891,0.154418945,-0.39453125,-0.1328125,-0.66015625,-3.171875,-5.7421875,-6.75,-0.0703125,-2.51953125,1.359375
3683,36548433,36848433,0.152954102,0.906433105,-0.356201172,0.167785645,-0.71484375,-0.1875,-0.59765625,-3.65625,-5.6484375,-6.5859375,-0.0703125,-2.51953125,1.359375
3684,36567263,36867263,0.15447998,0.903137207,-0.356689453,0.182495117,-0.71484375,-0.1875,-0.59765625,-3.65625,-5.6484375,-6.5859375,-0.076171875,-2.5859375,1.34375
3685,36570991,36870991,0.155822754,0.899719238,-0.357177734,0.196655273,-0.61328125,-0.45703125,-0.79296875,-4.140625,-5.53125,-6.390625,-0.076171875,-2.5859375,1.34375
3686,36581888,36881888,0.157104492,0.89630127,-0.357727051,0.209716797,-0.61328125,-0.45703125,-0.79296875,-4.140625,-5.53125,-6.390625,0.015625,-2.51171875,1.30078125
3687,36590605,36890605,0.158508301,0.89239502,-0.358459473,0.223693848,-0.3046875,-0.4140625,-0.46484375,-4.6015625,-5.421875,-6.1796875,0.015625,-2.51171875,1.30078125
3688,36607213,36907213,0.159851074,0.888427734,-0.359313965,0.236877441,-0.3046875,-0.4140625,-0.46484375,-4.6015625,-5.421875,-6.1796875,0.107421875,-2.46679688,1.265625
3689,36611685,36911685,0.161010742,0.884277344,-0.360168457,0.24987793,-0.39453125,-0.41796875,-0.6328125,-5.046875,-5.3046875,-5.9375,0.107421875,-2.46679688,1.265625
3690,36621281,36921281,0.16217041,0.879699707,-0.361022949,0.263549805,-0.39453125,-0.41796875,-0.6328125,-5.046875,-5.3046875,-5.9375,0.078125,-2.546875,1.2578125
3691,36628561,36928561,0.163146973,0.875183105,-0.361572266,0.276977539,-0.38671875,0.03125,-0.4921875,-5.4765625,-5.1796875,-5.65625,0.078125,-2.546875,1.2578125
3692,36647283,36947283,0.164001465,0.870422363,-0.361816406,0.29083252,-0.38671875,0.03125,-0.4921875,-5.4765625,-5.1796875,-5.65625,-0.041015625,-2.64257812,1.296875
3693,36650907,36950907,0.164672852,0.865600586,-0.361877441,0.304321289,-0.203125,0.15234375,-0.58984375,-5.890625,-5.03125,-5.3671875,-0.041015625,-2.64257812,1.296875
3694,36662044,36962044,0.165100098,0.860900879,-0.361938477,0.317199707,-0.203125,0.15234375,-0.58984375,-5.890625,-5.03125,-5.3671875,-0.060546875,-2.5390625,1.16992188
3695,36667779,36967779,0.165466309,0.855834961,-0.361938477,0.330505371,-0.15625,0.04296875,-0.08203125,-6.28125,-4.8828125,-5.0703125,-0.060546875,-2.5390625,1.16992188
3696,36686041,36986041,0.16583252,0.850708008,-0.361816406,0.343261719,-0.15625,0.04296875,-0.08203125,-6.28125,-4.8828125,-5.0703125,-0.041015625,-2.4609375,1.15429688
3697,36690043,36990043,0.166259766,0.84588623,-0.361633301,0.355102539,-0.14453125,-0.18359375,-0.37109375,-6.640625,-4.734375,-4.7421875,-0.041015625,-2.4609375,1.15429688
3698,36700450,37000450,0.166809082,0.840515137,-0.361328125,0.367614746,-0.14453125,-0.18359375,-0.37109375,-6.640625,-4.734375,-4.7421875,-0.029296875,-2.30078125,1.15234375
3699,36707362,37007362,0.167480469,0.835388184,-0.361022949,0.379150391,0.375,-0.1484375,-0.1953125,-6.96875,-4.578125,-4.421875,-0.029296875,-2.30078125,1.15234375
3700,36723442,37023442,0.168151855,0.83013916,-0.360778809,0.390380859,0.375,-0.1484375,-0.1953125,-6.96875,-4.578125,-4.421875,0.05078125,-2.18164062,1.09375
3701,36727761,37027761,0.168823242,0.825134277,-0.360778809,0.400634766,0.47265625,-0.42578125,-0.16796875,-7.2578125,-4.4140625,-4.1015625,0.05078125,-2.18164062,1.09375
3702,36739688,37039688,0.169372559,0.819763184,-0.361022949,0.411071777,0.47265625,-0.42578125,-0.16796875,-7.2578125,-4.4140625,-4.1015625,0.12890625,-2.0703125,0.96875
3703,36746590,37046590,0.169799805,0.81427002,-0.36138916,0.421325684,0.42578125,-0.109375,-0.015625,-7.515625,-4.2734375,-3.796875,0.12890625,-2.0703125,0.96875
3704,36765103,37065103,0.169921875,0.808959961,-0.361816406,0.431091309,0.42578125,-0.109375,-0.015625,-7.515625,-4.2734375,-3.796875,0.125,-1.99414062,0.818359375
3705,36770053,37070053,0.169799805,0.803833008,-0.362243652,0.440185547,0.61328125,0.1796875,0.15625,-7.7421875,-4.140625,-3.46875,0.125,-1.99414062,0.818359375
3706,36780385,37080385,0.169433594,0.798828125,-0.362731934,0.448974609,0.61328125,0.1796875,0.15625,-7.7421875,-4.140625,-3.46875,0.111328125,-1.8671875,0.6640625
3707,36786354,37086354,0.168823242,0.793945312,-0.363342285,0.457275391,0.6875,0.30078125,-0.08203125,-7.9296875,-4.03125,-3.15625,0.111328125,-1.8671875,0.6640625
3708,36803302,37103302,0.16796875,0.789306641,-0.364074707,0.465026855,0.6875,0.30078125,-0.08203125,-7.9296875,-4.03125,-3.15625,0.119140625,-1.67773438,0.470703125
3709,36807049,37107049,0.167114258,0.785095215,-0.364868164,0.471740723,0.7578125,0.4140625,-0.0703125,-8.078125,-3.953125,-2.859375,0.119140625,-1.67773438,0.470703125
3710,36819248,37119248,0.16619873,0.780639648,-0.365905762,0.478637695,0.7578125,0.4140625,-0.0703125,-8.078125,-3.953125,-2.859375,0.16796875,-1.47460938,0.390625
3711,36826516,37126516,0.165588379,0.776611328,-0.366821289,0.484680176,1.11328125,0.27734375,0.23828125,-8.203125,-3.890625,-2.59375,0.16796875,-1.47460938,0.390625
3712,36841876,37141876,0.165222168,0.773010254,-0.367614746,0.489929199,1.11328125,0.27734375,0.23828125,-8.203125,-3.890625,-2.59375,0.1953125,-1.22070312,0.376953125
3713,36851236,37151236,0.164978027,0.769470215,-0.368408203,0.494934082,0.71484375,0.3359375,0.203125,-8.3046875,-3.8359375,-2.3671875,0.1953125,-1.22070312,0.376953125
3714,36858456,37158456,0.164794922,0.766113281,-0.369140625,0.499694824,0.71484375,0.3359375,0.203125,-8.3046875,-3.8359375,-2.3671875,0.1796875,-1.05859375,0.3515625
3715,36866208,37166208,0.164550781,0.762939453,-0.369689941,0.504150391,0.44921875,0.6640625,0.078125,-8.3828125,-3.78125,-2.1640625,0.1796875,-1.05859375,0.3515625
3716,36883624,37183624,0.164245605,0.760070801,-0.369995117,0.508300781,0.44921875,0.6640625,0.078125,-8.3828125,-3.78125,-2.1640625,0.060546875,-0.890625,0.298828125
3717,36888580,37188580,0.16394043,0.75769043,-0.370117188,0.51184082,0.28125,0.578125,0.2109375,-8.4453125,-3.734375,-1.9921875,0.060546875,-0.890625,0.298828125
3718,36901588,37201588,0.163635254,0.755493164,-0.370117188,0.515258789,0.28125,0.578125,0.2109375,-8.4453125,-3.734375,-1.9921875,0.00390625,-0.703125,0.26171875
3719,36905307,37205307,0.163391113,0.753601074,-0.369995117,0.518127441,0.30078125,0.37890625,0.26171875,-8.5,-3.6875,-1.8515625,0.00390625,-0.703125,0.26171875
3720,36923378,37223378,0.163269043,0.75189209,-0.369873047,0.520751953,0.30078125,0.37890625,0.26171875,-8.5,-3.6875,-1.8515625,0.025390625,-0.525390625,0.234375
3721,36927155,37227155,0.163330078,0.750427246,-0.369812012,0.522888184,0.33984375,0.0703125,0.3515625,-8.5390625,-3.6484375,-1.75,0.025390625,-0.525390625,0.234375
3722,36941043,37241043,0.163574219,0.749145508,-0.369750977,0.524719238,0.33984375,0.0703125,0.3515625,-8.5390625,-3.6484375,-1.75,0.05859375,-0.3359375,0.208984375
3723,36946094,37246094,0.16394043,0.748168945,-0.369750977,0.526000977,0.40625,0.03125,0.46484375,-8.5703125,-3.609375,-1.671875,0.05859375,-0.3359375,0.208984375
3724,36960668,37260668,0.164367676,0.747436523,-0.369689941,0.526977539,0.40625,0.03125,0.46484375,-8.5703125,-3.609375,-1.671875,0.064453125,-0.142578125,0.1328125
3725,36964421,37264421,0.164733887,0.746948242,-0.369689941,0.52746582,0.078125,0,0.3515625,-8.5859375,-3.578125,-1.6328125,0.064453125,-0.142578125,0.1328125
3726,36980587,37280587,0.165039062,0.746826172,-0.369689941,0.527587891,0.078125,0,0.3515625,-8.5859375,-3.578125,-1.6328125,0.013671875,0.044921875,0.033203125
3727,36985620,37285620,0.165283203,0.747070312,-0.369567871,0.52722168,0.1640625,0.18359375,0.36328125,-8.59375,-3.5703125,-1.609375,0.013671875,0.044921875,0.033203125
3728,37004199,37304199,0.165527344,0.747680664,-0.369445801,0.526367188,0.1640625,0.18359375,0.36328125,-8.59375,-3.5703125,-1.609375,-0.01953125,0.2734375,-0.046875
3729,37009127,37309127,0.165893555,0.748718262,-0.36920166,0.524963379,0.26953125,0.0703125,0.28125,-8.5859375,-3.5703125,-1.640625,-0.01953125,0.2734375,-0.046875
3730,37020821,37320821,0.166381836,0.750061035,-0.36895752,0.523071289,0.26953125,0.0703125,0.28125,-8.5859375,-3.5703125,-1.640625,-0.029296875,0.54296875,-0.08984375
3731,37024540,37324540,0.166992188,0.75177002,-0.368591309,0.520690918,0.4375,0.0390625,0.4296875,-8.5625,-3.578125,-1.7109375,-0.029296875,0.54296875,-0.08984375
3732,37039692,37339692,0.16784668,0.753967285,-0.368164062,0.51751709,0.4375,0.0390625,0.4296875,-8.5625,-3.578125,-1.7109375,-0.044921875,0.81640625,-0.154296875
3733,37044758,37344758,0.168579102,0.756530762,-0.367675781,0.51385498,0.33203125,0.20703125,0.4375,-8.53125,-3.59375,-1.8359375,-0.044921875,0.81640625,-0.154296875
3734,37059572,37359572,0.169311523,0.759399414,-0.3671875,0.50970459,0.33203125,0.20703125,0.4375,-8.53125,-3.59375,-1.8359375,-0.068359375,1.08203125,-0.2890625
3735,37064601,37364601,0.16998291,0.762756348,-0.366760254,0.504699707,0.27734375,0.171875,0.44921875,-8.4765625,-3.6328125,-2,-0.068359375,1.08203125,-0.2890625
3736,37083673,37383673,0.170532227,0.766296387,-0.366455078,0.499389648,0.27734375,0.171875,0.44921875,-8.4765625,-3.6328125,-2,-0.08984375,1.3046875,-0.447265625
3737,37085181,37385181,0.170959473,0.770324707,-0.366149902,0.493286133,0.19921875,0.265625,0.23046875,-8.3984375,-3.6875,-2.203125,-0.08984375,1.3046875,-0.447265625
3738,37098962,37398962,0.171447754,0.774475098,-0.365966797,0.486694336,0.19921875,0.265625,0.23046875,-8.3984375,-3.6875,-2.203125,-0.046875,1.546875,-0.568359375
3739,37106287,37406287,0.17199707,0.778991699,-0.365844727,0.479309082,0.09765625,0.38671875,0.2109375,-8.296875,-3.7734375,-2.453125,-0.046875,1.546875,-0.568359375
3740,37120673,37420673,0.172607422,0.783447266,-0.365844727,0.471801758,0.09765625,0.38671875,0.2109375,-8.296875,-3.7734375,-2.453125,-0.0078125,1.77929688,-0.662109375
3741,37124432,37424432,0.173217773,0.788330078,-0.365844727,0.463317871,0,0.48046875,0.05859375,-8.1640625,-3.8671875,-2.71875,-0.0078125,1.77929688,-0.662109375
3742,37141636,37441636,0.17388916,0.793579102,-0.365844727,0.454040527,0,0.48046875,0.05859375,-8.1640625,-3.8671875,-2.71875,0.001953125,1.99804688,-0.759765625
3743,37146006,37446006,0.174499512,0.798583984,-0.365905762,0.444885254,-0.1328125,0.4453125,0.20703125,-7.9921875,-3.984375,-3.0234375,0.001953125,1.99804688,-0.759765625
3744,37161153,37461153,0.175109863,0.804138184,-0.366149902,0.434326172,-0.1328125,0.4453125,0.20703125,-7.9921875,-3.984375,-3.0234375,0.072265625,2.1640625,-0.8828125
3745,37171240,37471240,0.175598145,0.809387207,-0.366455078,0.423950195,-0.3359375,0.234375,-0.0390625,-7.7890625,-4.1171875,-3.3515625,0.072265625,2.1640625,-0.8828125
3746,37181040,37481040,0.176025391,0.814819336,-0.366943359,0.412841797,-0.3359375,0.234375,-0.0390625,-7.7890625,-4.1171875,-3.3515625,0.115234375,2.26171875,-0.98828125
3747,37184775,37484775,0.176330566,0.820007324,-0.367492676,0.401855469,-0.37109375,0.11328125,0.0234375,-7.5625,-4.265625,-3.6796875,0.115234375,2.26171875,-0.98828125
3748,37200147,37500147,0.176574707,0.825500488,-0.368041992,0.389709473,-0.37109375,0.11328125,0.0234375,-7.5625,-4.265625,-3.6796875,0.138671875,2.37890625,-1.08007812
3749,37203939,37503939,0.176696777,0.830627441,-0.368652344,0.377990723,-0.21484375,-0.06640625,0.04296875,-7.296875,-4.4296875,-4.0078125,0.138671875,2.37890625,-1.08007812
3750,37221168,37521168,0.176818848,0.83581543,-0.36932373,0.365661621,-0.21484375,-0.06640625,0.04296875,-7.296875,-4.4296875,-4.0078125,0.19140625,2.48046875,-1.16210938
3751,37226032,37526032,0.176940918,0.841003418,-0.370178223,0.352661133,-0.2890625,-0.09375,-0.01171875,-6.9921875,-4.59375,-4.3359375,0.19140625,2.48046875,-1.16210938
3752,37241644,37541644,0.176940918,0.846130371,-0.371154785,0.339050293,-0.2890625,-0.09375,-0.01171875,-6.9921875,-4.59375,-4.3359375,0.275390625,2.54882812,-1.23828125
3753,37246090,37546090,0.176696777,0.851074219,-0.372131348,0.325561523,-0.36328125,0.0546875,-0.14453125,-6.6484375,-4.78125,-4.6640625,0.275390625,2.54882812,-1.23828125
3754,37258121,37558121,0.176208496,0.855957031,-0.37286377,0.311828613,-0.36328125,0.0546875,-0.14453125,-6.6484375,-4.78125,-4.6640625,0.19140625,2.59570312,-1.3671875
3755,37264102,37564102,0.175292969,0.860595703,-0.373413086,0.29864502,-0.73828125,0.2109375,-0.09765625,-6.2734375,-4.9765625,-4.9765625,0.19140625,2.59570312,-1.3671875
3756,37278453,37578453,0.173950195,0.865661621,-0.373657227,0.284118652,-0.73828125,0.2109375,-0.09765625,-6.2734375,-4.9765625,-4.9765625,0.0546875,2.58398438,-1.48242188
3757,37284858,37584858,0.172302246,0.870300293,-0.373596191,0.270812988,-0.6171875,0.125,0.2734375,-5.859375,-5.15625,-5.2734375,0.0546875,2.58398438,-1.48242188
3758,37297863,37597863,0.170227051,0.875244141,-0.37322998,0.256347656,-0.6171875,0.125,0.2734375,-5.859375,-5.15625,-5.2734375,-0.078125,2.52539062,-1.53710938
3759,37303826,37603826,0.168029785,0.879821777,-0.372680664,0.242431641,-0.43359375,0.02734375,0.1796875,-5.4296875,-5.328125,-5.5625,-0.078125,2.52539062,-1.53710938
3760,37320567,37620567,0.16595459,0.883972168,-0.372131348,0.229248047,-0.43359375,0.02734375,0.1796875,-5.4296875,-5.328125,-5.5625,-0.04296875,2.49414062,-1.52734375
3761,37324767,37624767,0.163879395,0.888061523,-0.371643066,0.215454102,0.0078125,-0.16796875,-0.2421875,-4.9921875,-5.4765625,-5.828125,-0.04296875,2.49414062,-1.52734375
3762,37337739,37637739,0.161743164,0.891967773,-0.370910645,0.201660156,0.0078125,-0.16796875,-0.2421875,-4.9921875,-5.4765625,-5.828125,-0.078125,2.39648438,-1.43945312
3763,37343702,37643702,0.159729004,0.895629883,-0.369995117,0.188110352,0.16015625,0.0390625,-0.0390625,-4.53125,-5.609375,-6.0703125,-0.078125,2.39648438,-1.43945312
3764,37356362,37656362,0.157897949,0.898925781,-0.36920166,0.175109863,0.16015625,0.0390625,-0.0390625,-4.53125,-5.609375,-6.0703125,-0.01171875,2.44335938,-1.41015625
3765,37363469,37663469,0.156188965,0.901977539,-0.368713379,0.161437988,0.6640625,-0.4921875,-0.44140625,-4.078125,-5.7265625,-6.28125,-0.01171875,2.44335938,-1.41015625
3766,37376366,37676366,0.154724121,0.904602051,-0.368652344,0.147766113,0.6640625,-0.4921875,-0.44140625,-4.078125,-5.7265625,-6.28125,0.21484375,2.390625,-1.33398438
3767,37382354,37682354,0.153137207,0.906738281,-0.36907959,0.13470459,0.2265625,-0.56640625,-0.34765625,-3.6015625,-5.84375,-6.453125,0.21484375,2.390625,-1.33398438
3768,37400790,37700790,0.151245117,0.908447266,-0.370117188,0.122009277,0.2265625,-0.56640625,-0.34765625,-3.6015625,-5.84375,-6.453125,0.458984375,2.1015625,-1.34765625
3769,37405280,37705280,0.149169922,0.909790039,-0.371398926,0.110168457,0.125,-0.203125,-0.16015625,-3.15625,-5.9765625,-6.5625,0.458984375,2.1015625,-1.34765625
3770,37418297,37718297,0.146606445,0.910949707,-0.372680664,0.0989990234,0.125,-0.203125,-0.16015625,-3.15625,-5.9765625,-6.5625,0.41015625,1.74414062,-1.37304688
3771,37422023,37722023,0.143859863,0.91192627,-0.373840332,0.0891113281,0.05078125,0.203125,0.2109375,-2.734375,-6.1171875,-6.625,0.41015625,1.74414062,-1.37304688
3772,37435672,37735672,0.140686035,0.912963867,-0.374755859,0.0791625977,0.05078125,0.203125,0.2109375,-2.734375,-6.1171875,-6.625,0.248046875,1.43554688,-1.27929688
3773,37442983,37742983,0.137634277,0.91394043,-0.375183105,0.0705566406,0.6015625,0.97265625,0.2109375,-2.3671875,-6.234375,-6.6640625,0.248046875,1.43554688,-1.27929688
3774,37455967,37755967,0.13470459,0.914916992,-0.375305176,0.0629272461,0.6015625,0.97265625,0.2109375,-2.3671875,-6.234375,-6.6640625,0.095703125,1.12109375,-1.11914062
3775,37461940,37761940,0.131774902,0.91583252,-0.375244141,0.0556640625,0.81640625,0.66015625,-0.74609375,-2.046875,-6.3046875,-6.703125,0.095703125,1.12109375,-1.11914062
3776,37478960,37778960,0.129150391,0.916687012,-0.37512207,0.0481567383,0.81640625,0.66015625,-0.74609375,-2.046875,-6.3046875,-6.703125,0.0859375,1.27734375,-1.02929688
3777,37483252,37783252,0.127319336,0.917358398,-0.375,0.0405273438,0.828125,0.1796875,-0.83203125,-1.75,-6.359375,-6.734375,0.0859375,1.27734375,-1.02929688
3778,37496916,37796916,0.125976562,0.917663574,-0.375549316,0.0319824219,0.828125,0.1796875,-0.83203125,-1.75,-6.359375,-6.734375,0.40234375,1.49023438,-0.875
3779,37501702,37801702,0.124755859,0.917541504,-0.37689209,0.0233764648,0.0703125,-0.6875,-0.31640625,-1.453125,-6.4140625,-6.75,0.40234375,1.49023438,-0.875
3780,37515935,37815935,0.123291016,0.917297363,-0.378417969,0.0146484375,0.0703125,-0.6875,-0.31640625,-1.453125,-6.4140625,-6.75,0.4375,1.34179688,-0.92578125
3781,37521932,37821932,0.121337891,0.917297363,-0.379272461,0.00677490234,-0.31640625,-0.37109375,0.5390625,-1.140625,-6.5,-6.7265625,0.4375,1.34179688,-0.92578125
3782,37536030,37836030,-0.11920166,-0.917541504,0.379333496,0.000122070312,-0.31640625,-0.37109375,0.5390625,-1.140625,-6.5,-6.7265625,0.060546875,1.05078125,-0.95703125
3783,37541996,37841996,-0.116821289,-0.918212891,0.378479004,0.00640869141,0.05078125,1.1015625,0.9140625,-0.859375,-6.5546875,-6.71875,0.060546875,1.05078125,-0.95703125
3784,37557755,37857755,-0.114624023,-0.919128418,0.37677002,0.0115966797,0.05078125,1.1015625,0.9140625,-0.859375,-6.5546875,-6.71875,-0.345703125,0.759765625,-0.767578125
3785,37561358,37861358,-0.112792969,-0.92010498,0.374694824,0.0159301758,0.30859375,0.81640625,0.48828125,-0.6171875,-6.5390625,-6.75,-0.345703125,0.759765625,-0.767578125
3786,37575827,37875827,-0.111206055,-0.921081543,0.372619629,0.0202636719,0.30859375,0.81640625,0.48828125,-0.6171875,-6.5390625,-6.75,-0.306640625,0.73046875,-0.6328125
3787,37580608,37880608,-0.109680176,-0.921691895,0.37121582,0.0250244141,0.5859375,-0.67578125,-0.4140625,-0.4375,-6.5,-6.8046875,-0.306640625,0.73046875,-0.6328125
3788,37595854,37895854,-0.108337402,-0.92175293,0.37109375,0.0297851562,0.5859375,-0.67578125,-0.4140625,-0.4375,-6.5,-6.8046875,0.2265625,0.787109375,-0.58984375
3789,37604162,37904162,-0.107055664,-0.921386719,0.371948242,0.0345458984,0.390625,-0.8671875,-0.28515625,-0.2421875,-6.5,-6.8203125,0.2265625,0.787109375,-0.58984375
3790,37615463,37915463,-0.105834961,-0.920959473,0.37298584,0.0388183594,0.390625,-0.8671875,-0.28515625,-0.2421875,-6.5,-6.8203125,0.337890625,0.65625,-0.537109375
3791,37620487,37920487,-0.104492188,-0.920593262,0.373840332,0.0429077148,0.15234375,0.28125,0.6328125,-0.078125,-6.5390625,-6.78125,0.337890625,0.65625,-0.537109375
3792,37637741,37937741,-0.103271484,-0.920593262,0.373779297,0.0462646484,0.15234375,0.28125,0.6328125,-0.078125,-6.5390625,-6.78125,-0.0234375,0.48828125,-0.451171875
3793,37641477,37941477,-0.102233887,-0.920898438,0.37298584,0.0490112305,0.1953125,0.7265625,0.44921875,0.0703125,-6.5625,-6.75,-0.0234375,0.48828125,-0.451171875
3794,37655021,37955021,-0.101379395,-0.921325684,0.371765137,0.0514526367,0.1953125,0.7265625,0.44921875,0.0703125,-6.5625,-6.75,-0.234375,0.388671875,-0.3515625
3795,37660051,37960051,-0.100524902,-0.921813965,0.370483398,0.0537719727,0.31640625,-0.1015625,-0.25390625,0.1796875,-6.5390625,-6.7734375,-0.234375,0.388671875,-0.3515625
3796,37675176,37975176,-0.0998535156,-0.922119141,0.369628906,0.055847168,0.31640625,-0.1015625,-0.25390625,0.1796875,-6.5390625,-6.7734375,-0.095703125,0.34765625,-0.271484375
3797,37683624,37983624,-0.0993041992,-0.922241211,0.369140625,0.0578613281,0.3359375,-0.5859375,-0.1171875,0.2734375,-6.515625,-6.796875,-0.095703125,0.34765625,-0.271484375
3798,37694937,37994937,-0.0988769531,-0.922241211,0.36895752,0.0598144531,0.3359375,-0.5859375,-0.1171875,0.2734375,-6.515625,-6.796875,0.03515625,0.318359375,-0.21484375
3799,37699975,37999975,-0.0985107422,-0.922180176,0.36895752,0.0615844727,-0.046875,-0.5078125,-0.078125,0.3515625,-6.515625,-6.796875,0.03515625,0.318359375,-0.21484375
3800,37716360,38016360,-0.0982666016,-0.92199707,0.36907959,0.0630493164,-0.046875,-0.5078125,-0.078125,0.3515625,-6.515625,-6.796875,0.08203125,0.224609375,-0.12890625
3801,37720104,38020104,-0.0981445312,-0.921875,0.369384766,0.0640869141,-0.140625,-0.5,0.02734375,0.40625,-6.5234375,-6.7890625,0.08203125,0.224609375,-0.12890625
3802,37734409,38034409,-0.0979614258,-0.921691895,0.369689941,0.0647583008,-0.140625,-0.5,0.02734375,0.40625,-6.5234375,-6.7890625,0.083984375,0.060546875,-0.041015625
3803,37743595,38043595,-0.0979003906,-0.921569824,0.369995117,0.0648803711,-0.40234375,-0.37890625,0.1640625,0.4375,-6.53125,-6.7734375,0.083984375,0.060546875,-0.041015625
3804,37755209,38055209,-0.0979003906,-0.921569824,0.370056152,0.0643310547,-0.40234375,-0.37890625,0.1640625,0.4375,-6.53125,-6.7734375,-0.01953125,-0.1484375,0.0625
3805,37759547,38059547,-0.0980224609,-0.921691895,0.369995117,0.063293457,-0.2890625,-0.140625,0.04296875,0.4375,-6.5390625,-6.765625,-0.01953125,-0.1484375,0.0625
3806,37777311,38077311,-0.0983886719,-0.921813965,0.369934082,0.0615844727,-0.2890625,-0.140625,0.04296875,0.4375,-6.5390625,-6.765625,-0.056640625,-0.306640625,0.224609375
3807,37783494,38083494,-0.0989990234,-0.921813965,0.369934082,0.0596313477,-0.05078125,-0.33984375,0.05078125,0.390625,-6.53125,-6.7734375,-0.056640625,-0.306640625,0.224609375
3808,37798929,38098929,-0.0998535156,-0.921813965,0.370239258,0.0571289062,-0.05078125,-0.33984375,0.05078125,0.390625,-6.53125,-6.7734375,0.017578125,-0.412109375,0.37890625
3809,37800403,38100403,-0.100952148,-0.921630859,0.370666504,0.0543823242,0.04296875,-0.53125,0.171875,0.296875,-6.53125,-6.78125,0.017578125,-0.412109375,0.37890625
3810,37814920,38114920,-0.102172852,-0.921508789,0.37121582,0.0510253906,0.04296875,-0.53125,0.171875,0.296875,-6.53125,-6.78125,0.02734375,-0.564453125,0.515625
3811,37823856,38123856,-0.103515625,-0.921386719,0.371643066,0.0474243164,-0.09765625,-0.29296875,0.13671875,0.171875,-6.5390625,-6.78125,0.02734375,-0.564453125,0.515625
3812,37836199,38136199,-0.105102539,-0.921264648,0.371948242,0.04296875,-0.09765625,-0.29296875,0.13671875,0.171875,-6.5390625,-6.78125,-0.06640625,-0.72265625,0.634765625
3813,37839809,38139809,-0.106689453,-0.921264648,0.372070312,0.0383911133,-0.01953125,-0.109375,0.09765625,0.015625,-6.53125,-6.78125,-0.06640625,-0.72265625,0.634765625
3814,37854524,38154524,-0.108581543,-0.921325684,0.371887207,0.0329589844,-0.01953125,-0.109375,0.09765625,0.015625,-6.53125,-6.78125,-0.1953125,-0.84765625,0.734375
3815,37862481,38162481,-0.110412598,-0.921447754,0.371459961,0.0277099609,0.14453125,0.10546875,-0.23046875,-0.1875,-6.515625,-6.796875,-0.1953125,-0.84765625,0.734375
3816,37877945,38177945,-0.112731934,-0.921508789,0.370910645,0.0218505859,0.14453125,0.10546875,-0.23046875,-0.1875,-6.515625,-6.796875,-0.236328125,-0.841796875,0.861328125
3817,37879443,38179443,-0.11517334,-0.921508789,0.370483398,0.0164794922,0.328125,-0.08203125,-0.24609375,-0.40625,-6.484375,-6.8203125,-0.236328125,-0.841796875,0.861328125
3818,37894271,38194271,-0.118164062,-0.921325684,0.370239258,0.0103149414,0.328125,-0.08203125,-0.24609375,-0.40625,-6.484375,-6.8203125,-0.154296875,-0.89453125,0.978515625
3819,37902976,38202976,-0.120910645,-0.921081543,0.370117188,0.00439453125,0.21484375,-0.1953125,-0.03125,-0.640625,-6.4453125,-6.84375,-0.154296875,-0.89453125,0.978515625
3820,37912664,38212664,0.124023438,0.920776367,-0.369934082,0.00244140625,0.21484375,-0.1953125,-0.03125,-0.640625,-6.4453125,-6.84375,-0.189453125,-1.03125,1.07421875
3821,37918654,38218654,0.126953125,0.920410156,-0.369689941,0.00939941406,0.05859375,-0.12109375,0.0078125,-0.90625,-6.40625,-6.84375,-0.189453125,-1.03125,1.07421875
3822,37932166,38232166,0.130065918,0.91998291,-0.369384766,0.0177612305,0.05859375,-0.12109375,0.0078125,-0.90625,-6.40625,-6.84375,-0.236328125,-1.34960938,1.1953125
3823,37941910,38241910,0.132995605,0.919433594,-0.369018555,0.0268554688,-0.28515625,-0.2890625,-0.22265625,-1.2109375,-6.3515625,-6.84375,-0.236328125,-1.34960938,1.1953125
3824,37954574,38254574,0.135803223,0.918823242,-0.368774414,0.0368041992,-0.28515625,-0.2890625,-0.22265625,-1.2109375,-6.3515625,-6.84375,-0.224609375,-1.6875,1.28320312
3825,37959622,38259622,0.138366699,0.91796875,-0.368774414,0.0466918945,-0.1484375,-0.58984375,-0.5,-1.578125,-6.28125,-6.8359375,-0.224609375,-1.6875,1.28320312
3826,37973217,38273217,0.141113281,0.916870117,-0.368896484,0.0581054688,-0.1484375,-0.58984375,-0.5,-1.578125,-6.28125,-6.8359375,-0.18359375,-1.87890625,1.33789062
3827,37981203,38281203,0.143676758,0.915588379,-0.36895752,0.0697631836,-0.0859375,-0.16015625,-0.23046875,-1.984375,-6.2109375,-6.796875,-0.18359375,-1.87890625,1.33789062
3828,37992998,38292998,0.145996094,0.914245605,-0.369140625,0.0815429688,-0.0859375,-0.16015625,-0.23046875,-1.984375,-6.2109375,-6.796875,-0.18359375,-2.17773438,1.40234375
3829,38000389,38300389,0.14831543,0.912414551,-0.369445801,0.0951538086,-0.23046875,-0.546875,-0.75390625,-2.4140625,-6.1328125,-6.734375,-0.18359375,-2.17773438,1.40234375
3830,38012344,38312344,0.150390625,0.910339355,-0.369873047,0.108703613,-0.23046875,-0.546875,-0.75390625,-2.4140625,-6.1328125,-6.734375,-0.11328125,-2.42773438,1.45507812
3831,38021610,38321610,0.152404785,0.90802002,-0.370422363,0.122497559,-0.15234375,-0.33203125,-0.94140625,-2.9140625,-6.0390625,-6.625,-0.11328125,-2.42773438,1.45507812
3832,38036045,38336045,0.15435791,0.905334473,-0.37121582,0.136657715,-0.15234375,-0.33203125,-0.94140625,-2.9140625,-6.0390625,-6.625,0.017578125,-2.5546875,1.48242188
3833,38040558,38340558,0.15625,0.90234375,-0.372192383,0.151184082,0.15625,-0.20703125,-1.28125,-3.4140625,-5.9375,-6.4765625,0.017578125,-2.5546875,1.48242188
3834,38052584,38352584,0.157958984,0.899169922,-0.373046875,0.165466309,0.15625,-0.20703125,-1.28125,-3.4140625,-5.9375,-6.4765625,0.0078125,-2.58984375,1.4296875
3835,38060202,38360202,0.159484863,0.895812988,-0.373962402,0.17956543,-0.07421875,-0.46875,-0.703125,-3.9140625,-5.828125,-6.2890625,0.0078125,-2.58984375,1.4296875
3836,38071209,38371209,0.160766602,0.892333984,-0.374816895,0.193359375,-0.07421875,-0.46875,-0.703125,-3.9140625,-5.828125,-6.2890625,0.017578125,-2.59570312,1.3828125
3837,38077751,38377751,0.162109375,0.88848877,-0.375549316,0.207946777,-0.0625,-0.234375,-0.5234375,-4.3828125,-5.71875,-6.0859375,0.017578125,-2.59570312,1.3828125
3838,38093348,38393348,0.163208008,0.884765625,-0.375976562,0.221740723,-0.0625,-0.234375,-0.5234375,-4.3828125,-5.71875,-6.0859375,-0.0546875,-2.51171875,1.31640625
3839,38100151,38400151,0.164245605,0.881103516,-0.376342773,0.23449707,-0.015625,-0.2421875,-0.265625,-4.8515625,-5.59375,-5.84375,-0.0546875,-2.51171875,1.31640625
3840,38113639,38413639,0.165466309,0.87689209,-0.37689209,0.248413086,-0.015625,-0.2421875,-0.265625,-4.8515625,-5.59375,-5.84375,0.0390625,-2.43945312,1.3046875
3841,38117378,38417378,0.166503906,0.872802734,-0.377441406,0.260803223,-0.23828125,-0.22265625,-0.09375,-5.28125,-5.4609375,-5.59375,0.0390625,-2.43945312,1.3046875
3842,38132199,38432199,0.167602539,0.868225098,-0.378112793,0.274108887,-0.23828125,-0.22265625,-0.09375,-5.28125,-5.4609375,-5.59375,0.076171875,-2.39648438,1.24414062
3843,38138203,38438203,0.168518066,0.863769531,-0.378662109,0.286560059,-0.0703125,0.06640625,-0.3671875,-5.6796875,-5.328125,-5.3203125,0.076171875,-2.39648438,1.24414062
3844,38152198,38452198,0.169250488,0.859436035,-0.379089355,0.298400879,-0.0703125,0.06640625,-0.3671875,-5.6796875,-5.328125,-5.3203125,0.013671875,-2.3359375,1.19726562
3845,38157789,38457789,0.169921875,0.854614258,-0.379150391,0.311401367,0.10546875,0.4765625,-0.10546875,-6.046875,-5.203125,-5.046875,0.013671875,-2.3359375,1.19726562
3846,38174468,38474468,0.170410156,0.850341797,-0.37902832,0.322814941,0.10546875,0.4765625,-0.10546875,-6.046875,-5.203125,-5.046875,-0.052734375,-2.20507812,1.1015625
3847,38181311,38481311,0.170837402,0.846069336,-0.378967285,0.333679199,0.34375,0.20703125,-0.1953125,-6.3984375,-5.046875,-4.765625,-0.052734375,-2.20507812,1.1015625
3848,38195413,38495413,0.171325684,0.841674805,-0.378967285,0.344482422,0.34375,0.20703125,-0.1953125,-6.3984375,-5.046875,-4.765625,0.005859375,-2.04101562,1.04101562
3849,38199151,38499151,0.171813965,0.837097168,-0.37890625,0.355285645,0.06640625,0.02734375,0.11328125,-6.6953125,-4.90625,-4.5,0.005859375,-2.04101562,1.04101562
3850,38211616,38511616,0.172241211,0.832641602,-0.37878418,0.36541748,0.06640625,0.02734375,0.11328125,-6.6953125,-4.90625,-4.5,0.01171875,-1.96875,0.98828125
3851,38220784,38520784,0.172668457,0.828125,-0.37878418,0.375427246,0.15625,0,0.0625,-6.9765625,-4.765625,-4.21875,0.01171875,-1.96875,0.98828125
3852,38231890,38531890,0.173034668,0.823791504,-0.378845215,0.384521484,0.15625,0,0.0625,-6.9765625,-4.765625,-4.21875,0.080078125,-1.86328125,0.919921875
3853,38236219,38536219,0.173461914,0.819335938,-0.379089355,0.393493652,0.65625,0.03125,0.171875,-7.2109375,-4.640625,-3.9453125,0.080078125,-1.86328125,0.919921875
3854,38250574,38550574,0.17388916,0.81463623,-0.379455566,0.402648926,0.65625,0.03125,0.171875,-7.2109375,-4.640625,-3.9453125,0.119140625,-1.74804688,0.845703125
3855,38261589,38561589,0.174194336,0.810241699,-0.379760742,0.411071777,0.80859375,0.328125,0.04296875,-7.4375,-4.515625,-3.6640625,0.119140625,-1.74804688,0.845703125
3856,38275604,38575604,0.174316406,0.806030273,-0.380187988,0.418823242,0.80859375,0.328125,0.04296875,-7.4375,-4.515625,-3.6640625,0.119140625,-1.640625,0.720703125
3857,38280084,38580084,0.174255371,0.801635742,-0.380554199,0.426818848,0.7265625,0.67578125,0.015625,-7.625,-4.40625,-3.40625,0.119140625,-1.640625,0.720703125
3858,38291392,38591392,0.174133301,0.797668457,-0.380859375,0.434020996,0.7265625,0.67578125,0.015625,-7.625,-4.40625,-3.40625,0.078125,-1.49414062,0.638671875
3859,38297209,38597209,0.17401123,0.793701172,-0.380981445,0.441162109,0.890625,0.58203125,0.15625,-7.7890625,-4.3125,-3.1640625,0.078125,-1.49414062,0.638671875
3860,38310479,38610479,0.173950195,0.790039062,-0.380981445,0.447753906,0.890625,0.58203125,0.15625,-7.7890625,-4.3125,-3.1640625,0.048828125,-1.37304688,0.625
3861,38318742,38618742,0.173828125,0.786376953,-0.38104248,0.454101562,0.41796875,0.10546875,0.3046875,-7.9296875,-4.21875,-2.9296875,0.048828125,-1.37304688,0.625
3862,38331691,38631691,0.173583984,0.782714844,-0.381225586,0.460266113,0.41796875,0.10546875,0.3046875,-7.9296875,-4.21875,-2.9296875,0.08984375,-1.328125,0.5078125
3863,38338203,38638203,0.173156738,0.77923584,-0.381591797,0.466003418,0.08203125,0.25,0.2421875,-8.0546875,-4.1328125,-2.7109375,0.08984375,-1.328125,0.5078125
3864,38353246,38653246,0.172485352,0.775756836,-0.381958008,0.471740723,0.08203125,0.25,0.2421875,-8.0546875,-4.1328125,-2.7109375,0.046875,-1.28515625,0.423828125
3865,38359748,38659748,0.171875,0.772277832,-0.382141113,0.477478027,0.26171875,0.33203125,0.375,-8.15625,-4.0625,-2.5,0.046875,-1.28515625,0.423828125
3866,38372280,38672280,0.171325684,0.768737793,-0.382263184,0.483276367,0.26171875,0.33203125,0.375,-8.15625,-4.0625,-2.5,0.0390625,-1.1875,0.453125
3867,38377607,38677607,0.170898438,0.765686035,-0.382263184,0.48828125,0.4765625,0.4140625,0.125,-8.2578125,-3.9921875,-2.2890625,0.0390625,-1.1875,0.453125
3868,38393133,38693133,0.170532227,0.762512207,-0.382019043,0.493530273,0.4765625,0.4140625,0.125,-8.2578125,-3.9921875,-2.2890625,-0.025390625,-1.04101562,0.458984375
3869,38396879,38696879,0.170288086,0.75982666,-0.381652832,0.49798584,0.171875,0.26171875,0.2421875,-8.3359375,-3.9140625,-2.1015625,-0.025390625,-1.04101562,0.458984375
3870,38414690,38714690,0.170166016,0.757080078,-0.381225586,0.502502441,0.171875,0.26171875,0.2421875,-8.3359375,-3.9140625,-2.1015625,-0.021484375,-0.88671875,0.435546875
3871,38416163,38716163,0.17010498,0.754638672,-0.380859375,0.506469727,0.05859375,0.11328125,0.31640625,-8.4140625,-3.84375,-1.9453125,-0.021484375,-0.88671875,0.435546875
3872,38432715,38732715,0.170043945,0.752319336,-0.380493164,0.510253906,0.05859375,0.11328125,0.31640625,-8.4140625,-3.84375,-1.9453125,0,-0.76953125,0.365234375
3873,38437193,38737193,0.169921875,0.750183105,-0.380249023,0.51361084,-0.30859375,0.03515625,0.33984375,-8.46875,-3.765625,-1.8125,0,-0.76953125,0.365234375
3874,38449794,38749794,0.169677734,0.747924805,-0.380126953,0.517028809,-0.30859375,0.03515625,0.33984375,-8.46875,-3.765625,-1.8125,0.021484375,-0.69921875,0.2734375
3875,38456224,38756224,0.169372559,0.746032715,-0.380126953,0.519836426,-0.48828125,0.01953125,0.3984375,-8.515625,-3.7109375,-1.6796875,0.021484375,-0.69921875,0.2734375
3876,38471274,38771274,0.168945312,0.744262695,-0.380187988,0.522521973,-0.48828125,0.01953125,0.3984375,-8.515625,-3.7109375,-1.6796875,0.005859375,-0.583984375,0.16796875
3877,38475607,38775607,0.168518066,0.742675781,-0.380249023,0.524780273,-0.2578125,0.05859375,0.41015625,-8.5546875,-3.671875,-1.578125,0.005859375,-0.583984375,0.16796875
3878,38489900,38789900,0.16809082,0.741210938,-0.380371094,0.526916504,-0.2578125,0.05859375,0.41015625,-8.5546875,-3.671875,-1.578125,0.0234375,-0.44921875,0.130859375
3879,38495209,38795209,0.16796875,0.739929199,-0.380493164,0.528625488,-0.11328125,-0.12109375,0.4296875,-8.5859375,-3.6484375,-1.484375,0.0234375,-0.44921875,0.130859375
3880,38511702,38811702,0.168151855,0.738952637,-0.380615234,0.529907227,-0.11328125,-0.12109375,0.4296875,-8.5859375,-3.6484375,-1.484375,0.078125,-0.234375,0.154296875
3881,38515450,38815450,0.168579102,0.73828125,-0.380615234,0.530761719,0.125,0.01953125,0.3984375,-8.59375,-3.6328125,-1.4140625,0.078125,-0.234375,0.154296875
3882,38529673,38829673,0.169128418,0.737854004,-0.380493164,0.531188965,0.125,0.01953125,0.3984375,-8.59375,-3.6328125,-1.4140625,0.044921875,-0.009765625,0.12890625
3883,38536708,38836708,0.16973877,0.737792969,-0.380249023,0.53125,0.02734375,0.0625,0.3359375,-8.609375,-3.6015625,-1.390625,0.044921875,-0.009765625,0.12890625
3884,38548663,38848663,0.170410156,0.738098145,-0.380004883,0.530822754,0.02734375,0.0625,0.3359375,-8.609375,-3.6015625,-1.390625,0.015625,0.201171875,0.06640625
3885,38554656,38854656,0.171081543,0.738708496,-0.379699707,0.530029297,0.1484375,0.09375,0.31640625,-8.6171875,-3.59375,-1.40625,0.015625,0.201171875,0.06640625
3886,38568901,38868901,0.171813965,0.739562988,-0.379394531,0.528747559,0.1484375,0.09375,0.31640625,-8.6171875,-3.59375,-1.40625,0.009765625,0.392578125,-0.001953125
3887,38575220,38875220,0.172607422,0.740783691,-0.379089355,0.527038574,0.25390625,0.125,0.36328125,-8.609375,-3.5859375,-1.453125,0.009765625,0.392578125,-0.001953125
3888,38589219,38889219,0.173339844,0.742370605,-0.378723145,0.524780273,0.25390625,0.125,0.36328125,-8.609375,-3.5859375,-1.453125,-0.033203125,0.634765625,-0.099609375
3889,38596710,38896710,0.174133301,0.744445801,-0.378295898,0.521911621,0.46875,0.24609375,0.41796875,-8.59375,-3.59375,-1.546875,-0.033203125,0.634765625,-0.099609375
3890,38607007,38907007,0.174865723,0.746887207,-0.377807617,0.518493652,0.46875,0.24609375,0.41796875,-8.59375,-3.59375,-1.546875,-0.064453125,0.916015625,-0.208984375
3891,38616685,38916685,0.175720215,0.749755859,-0.377319336,0.514404297,0.66015625,0.1484375,0.50390625,-8.5546875,-3.609375,-1.671875,-0.064453125,0.916015625,-0.208984375
3892,38626951,38926951,0.176635742,0.752990723,-0.37689209,0.50958252,0.66015625,0.1484375,0.50390625,-8.5546875,-3.609375,-1.671875,-0.03125,1.21484375,-0.32421875
3893,38633867,38933867,0.17767334,0.756591797,-0.376586914,0.504089355,0.68359375,0.1171875,0.421875,-8.5,-3.65625,-1.859375,-0.03125,1.21484375,-0.32421875
3894,38651505,38951505,0.178771973,0.760620117,-0.376342773,0.497802734,0.68359375,0.1171875,0.421875,-8.5,-3.65625,-1.859375,0.009765625,1.50390625,-0.458984375
3895,38656484,38956484,0.179870605,0.764770508,-0.376281738,0.491149902,0.7109375,0.296875,0.3515625,-8.4140625,-3.71875,-2.09375,0.009765625,1.50390625,-0.458984375
3896,38669648,38969648,0.181152344,0.769470215,-0.376220703,0.483276367,0.7109375,0.296875,0.3515625,-8.4140625,-3.71875,-2.09375,0.056640625,1.76757812,-0.5703125
3897,38673260,38973260,0.182373047,0.774047852,-0.376281738,0.475341797,0.6015625,0.3125,0.5,-8.3046875,-3.8125,-2.359375,0.056640625,1.76757812,-0.5703125
3898,38690099,38990099,0.18371582,0.77923584,-0.376464844,0.466125488,0.6015625,0.3125,0.5,-8.3046875,-3.8125,-2.359375,0.12109375,2.015625,-0.708984375
3899,38693694,38993694,0.184936523,0.784301758,-0.37677002,0.456848145,0.26171875,0.1171875,0.421875,-8.15625,-3.921875,-2.6640625,0.12109375,2.015625,-0.708984375
3900,38707443,39007443,0.186035156,0.789611816,-0.377258301,0.446777344,0.26171875,0.1171875,0.421875,-8.15625,-3.921875,-2.6640625,0.162109375,2.18945312,-0.890625
3901,38714545,39014545,0.186889648,0.795288086,-0.377990723,0.43560791,-0.22265625,0.09375,-0.0234375,-7.9765625,-4.0546875,-2.984375,0.162109375,2.18945312,-0.890625
3902,38731375,39031375,0.18737793,0.800720215,-0.378723145,0.424621582,-0.22265625,0.09375,-0.0234375,-7.9765625,-4.0546875,-2.984375,0.16796875,2.26757812,-1.06640625
3903,38735580,39035580,0.187683105,0.806335449,-0.379516602,0.413024902,-0.60546875,0.44921875,-0.25390625,-7.75,-4.21875,-3.328125,0.16796875,2.26757812,-1.06640625
3904,38750934,39050934,0.187683105,0.811767578,-0.380187988,0.401489258,-0.60546875,0.44921875,-0.25390625,-7.75,-4.21875,-3.328125,0.115234375,2.29882812,-1.15039062
3905,38755371,39055371,0.18762207,0.817016602,-0.38079834,0.390258789,-0.671875,0.4765625,-0.22265625,-7.4921875,-4.3984375,-3.6640625,0.115234375,2.29882812,-1.15039062
3906,38770609,39070609,0.187438965,0.822387695,-0.381286621,0.378356934,-0.671875,0.4765625,-0.22265625,-7.4921875,-4.3984375,-3.6640625,0.12109375,2.34765625,-1.17578125
3907,38774336,39074336,0.18737793,0.827514648,-0.381835938,0.366455078,-0.33203125,0.1875,-0.37109375,-7.21875,-4.5703125,-3.9765625,0.12109375,2.34765625,-1.17578125
3908,38788338,39088338,0.187316895,0.832702637,-0.382324219,0.354064941,-0.33203125,0.1875,-0.37109375,-7.21875,-4.5703125,-3.9765625,0.158203125,2.40820312,-1.18359375
3909,38793410,39093410,0.187255859,0.837646484,-0.3828125,0.34161377,-0.328125,0.140625,-0.3203125,-6.9140625,-4.75,-4.296875,0.158203125,2.40820312,-1.18359375
3910,38808230,39108230,0.187072754,0.842529297,-0.383361816,0.328857422,-0.328125,0.140625,-0.3203125,-6.9140625,-4.75,-4.296875,0.2109375,2.43164062,-1.25
3911,38813272,39113272,0.186645508,0.847351074,-0.384094238,0.315734863,-0.3984375,0.08203125,-0.50390625,-6.578125,-4.921875,-4.609375,0.2109375,2.43164062,-1.25
3912,38826813,39126813,0.185791016,0.852294922,-0.38470459,0.301879883,-0.3984375,0.08203125,-0.50390625,-6.578125,-4.921875,-4.609375,0.150390625,2.515625,-1.4375
3913,38836359,39136359,0.184509277,0.857177734,-0.38494873,0.288146973,-0.58984375,0.19921875,0.03125,-6.1953125,-5.1171875,-4.9140625,0.150390625,2.515625,-1.4375
3914,38849640,39149640,0.182800293,0.862304688,-0.384887695,0.273681641,-0.58984375,0.19921875,0.03125,-6.1953125,-5.1171875,-4.9140625,0.005859375,2.54492188,-1.54101562
3915,38853391,39153391,0.181213379,0.866760254,-0.38458252,0.260742188,-0.3203125,-0.265625,-0.125,-5.7734375,-5.3046875,-5.21875,0.005859375,2.54492188,-1.54101562
3916,38866260,39166260,0.179504395,0.871459961,-0.384277344,0.24621582,-0.3203125,-0.265625,-0.125,-5.7734375,-5.3046875,-5.21875,0.03125,2.5859375,-1.50976562
3917,38872641,39172641,0.177978516,0.875671387,-0.384155273,0.232116699,-0.08984375,-0.484375,-0.08203125,-5.3515625,-5.46875,-5.4921875,0.03125,2.5859375,-1.50976562
3918,38890259,39190259,0.176574707,0.879211426,-0.384521484,0.218933105,-0.08984375,-0.484375,-0.08203125,-5.3515625,-5.46875,-5.4921875,0.248046875,2.42773438,-1.46679688
3919,38894378,39194378,0.174865723,0.88269043,-0.385070801,0.20489502,-0.0703125,-0.28125,-0.11328125,-4.9140625,-5.6328125,-5.7265625,0.248046875,2.42773438,-1.46679688
3920,38908533,39208533,0.172851562,0.885925293,-0.385498047,0.191467285,-0.0703125,-0.28125,-0.11328125,-4.9140625,-5.6328125,-5.7265625,0.169921875,2.2734375,-1.50390625
3921,38912302,39212302,0.170715332,0.88885498,-0.385681152,0.179077148,-0.140625,0.08203125,0.5859375,-4.4609375,-5.8046875,-5.9296875,0.169921875,2.2734375,-1.50390625
3922,38928654,39228654,0.16796875,0.891906738,-0.385803223,0.165710449,-0.140625,0.08203125,0.5859375,-4.4609375,-5.8046875,-5.9296875,0.115234375,2.14257812,-1.56445312
3923,38932386,39232386,0.165283203,0.894470215,-0.385864258,0.153930664,0.2578125,0.15625,-0.24609375,-4.015625,-5.953125,-6.09375,0.115234375,2.14257812,-1.56445312
3924,38946945,39246945,0.16217041,0.896972656,-0.386108398,0.141479492,0.2578125,0.15625,-0.24609375,-4.015625,-5.953125,-6.09375,0.1953125,1.91015625,-1.52539062
3925,38952001,39252001,0.159179688,0.899108887,-0.386535645,0.129821777,0.203125,0.40234375,-0.79296875,-3.578125,-6.0859375,-6.234375,0.1953125,1.91015625,-1.52539062
3926,38969645,39269645,0.156433105,0.900878906,-0.386962891,0.11907959,0.203125,0.40234375,-0.79296875,-3.578125,-6.0859375,-6.234375,0.208984375,1.859375,-1.453125
3927,38975435,39275435,0.153625488,0.902709961,-0.387268066,0.10748291,0.1796875,0.640625,-0.5859375,-3.171875,-6.2109375,-6.328125,0.208984375,1.859375,-1.453125
3928,38989636,39289636,0.151062012,0.90411377,-0.387878418,0.0963134766,0.1796875,0.640625,-0.5859375,-3.171875,-6.2109375,-6.328125,0.349609375,1.765625,-1.36523438
3929,38994734,39294734,0.1484375,0.905151367,-0.389038086,0.0859375,-0.0703125,0.18359375,-0.125,-2.765625,-6.328125,-6.40625,0.349609375,1.765625,-1.36523438
3930,39007598,39307598,0.145629883,0.906005859,-0.390136719,0.0759277344,-0.0703125,0.18359375,-0.125,-2.765625,-6.328125,-6.40625,0.33203125,1.5,-1.30078125
3931,39011326,39311326,0.142883301,0.906860352,-0.39074707,0.0670776367,0.38671875,0.41796875,0.2578125,-2.3828125,-6.4453125,-6.4453125,0.33203125,1.5,-1.30078125
3932,39025895,39325895,0.139892578,0.907897949,-0.390808105,0.0579223633,0.38671875,0.41796875,0.2578125,-2.3828125,-6.4453125,-6.4453125,0.076171875,1.328125,-1.21289062
3933,39030950,39330950,0.137145996,0.909057617,-0.390319824,0.0498657227,0.46484375,0.88671875,0.0625,-2.0390625,-6.53125,-6.4765625,0.076171875,1.328125,-1.21289062
3934,39047916,39347916,0.13458252,0.91027832,-0.389282227,0.042175293,0.46484375,0.88671875,0.0625,-2.0390625,-6.53125,-6.4765625,-0.150390625,1.19140625,-1.03125
3935,39051658,39351658,0.132446289,0.911376953,-0.388061523,0.0354003906,0.65234375,0.19140625,-0.421875,-1.7265625,-6.5625,-6.53125,-0.150390625,1.19140625,-1.03125
3936,39068984,39368984,0.130493164,0.912231445,-0.387207031,0.0283813477,0.65234375,0.19140625,-0.421875,-1.7265625,-6.5625,-6.53125,0.0625,1.18554688,-0.8828125
3937,39073883,39373883,0.128845215,0.912597656,-0.387512207,0.0211181641,0.30078125,-0.7890625,-0.22265625,-1.453125,-6.578125,-6.578125,0.0625,1.18554688,-0.8828125
3938,39090275,39390275,0.127075195,0.912414551,-0.388793945,0.0137939453,0.30078125,-0.7890625,-0.22265625,-1.453125,-6.578125,-6.578125,0.466796875,1.08789062,-0.875
3939,39094399,39394399,0.125061035,0.91217041,-0.390136719,0.00701904297,-0.01171875,-0.61328125,0.30859375,-1.1796875,-6.640625,-6.5703125,0.466796875,1.08789062,-0.875
3940,39105844,39405844,0.122741699,0.912109375,-0.391113281,0.000549316406,-0.01171875,-0.61328125,0.30859375,-1.1796875,-6.640625,-6.5703125,0.27734375,0.97265625,-0.92578125
3941,39111835,39411835,-0.120422363,-0.912231445,0.391479492,0.00579833984,0.23828125,0.375,0.62109375,-0.9296875,-6.7109375,-6.5390625,0.27734375,0.97265625,-0.92578125
3942,39128175,39428175,-0.118225098,-0.912597656,0.391235352,0.0111694336,0.23828125,0.375,0.62109375,-0.9296875,-6.7109375,-6.5390625,-0.021484375,0.7734375,-0.818359375
3943,39132908,39432908,-0.116149902,-0.913085938,0.39050293,0.0158691406,0.34765625,0.67578125,0.31640625,-0.6953125,-6.7421875,-6.5390625,-0.021484375,0.7734375,-0.818359375
3944,39148649,39448649,-0.114257812,-0.913635254,0.389587402,0.0202636719,0.34765625,0.67578125,0.31640625,-0.6953125,-6.7421875,-6.5390625,-0.08984375,0.662109375,-0.689453125
3945,39153155,39453155,-0.112548828,-0.9140625,0.38885498,0.0244750977,0.58203125,0.33203125,0.21484375,-0.5078125,-6.7421875,-6.5546875,-0.08984375,0.662109375,-0.689453125
3946,39168683,39468683,-0.111022949,-0.914367676,0.388244629,0.0286865234,0.58203125,0.33203125,0.21484375,-0.5078125,-6.7421875,-6.5546875,-0.00390625,0.623046875,-0.556640625
3947,39174599,39474599,-0.109802246,-0.914550781,0.388000488,0.0325317383,0.5546875,-0.51953125,-0.046875,-0.328125,-6.734375,-6.5625,-0.00390625,0.623046875,-0.556640625
3948,39185525,39485525,-0.108642578,-0.914550781,0.387878418,0.0360717773,0.5546875,-0.51953125,-0.046875,-0.328125,-6.734375,-6.5625,0.078125,0.5390625,-0.462890625
3949,39191516,39491516,-0.10760498,-0.914550781,0.387878418,0.0393676758,0.22265625,-0.51171875,0.33984375,-0.1875,-6.7421875,-6.5625,0.078125,0.5390625,-0.462890625
3950,39208296,39508296,-0.106628418,-0.914550781,0.387817383,0.0422363281,0.22265625,-0.51171875,0.33984375,-0.1875,-6.7421875,-6.5625,0.041015625,0.43359375,-0.384765625
3951,39212789,39512789,-0.105773926,-0.914672852,0.387634277,0.0447387695,0.01953125,-0.45703125,0.0234375,-0.0625,-6.7578125,-6.5546875,0.041015625,0.43359375,-0.384765625
3952,39224886,39524886,-0.104919434,-0.914794922,0.387207031,0.0469360352,0.01953125,-0.45703125,0.0234375,-0.0625,-6.7578125,-6.5546875,-0.05078125,0.322265625,-0.310546875
3953,39232104,39532104,-0.104248047,-0.914978027,0.38671875,0.0488891602,-0.03515625,-0.3046875,-0.24609375,0.03125,-6.7578125,-6.5546875,-0.05078125,0.322265625,-0.310546875
3954,39247280,39547280,-0.10369873,-0.915161133,0.386169434,0.0507202148,-0.03515625,-0.3046875,-0.24609375,0.03125,-6.7578125,-6.5546875,-0.068359375,0.3046875,-0.232421875
3955,39251021,39551021,-0.10333252,-0.915344238,0.385681152,0.0523681641,0.1953125,-0.65625,-0.3515625,0.109375,-6.75,-6.5625,-0.068359375,0.3046875,-0.232421875
3956,39263778,39563778,-0.103027344,-0.915405273,0.385375977,0.0540161133,0.1953125,-0.65625,-0.3515625,0.109375,-6.75,-6.5625,-0.005859375,0.25390625,-0.154296875
3957,39269757,39569757,-0.102844238,-0.915405273,0.385253906,0.0552978516,-0.13671875,-0.81640625,-0.0390625,0.171875,-6.7421875,-6.5703125,-0.005859375,0.25390625,-0.154296875
3958,39287702,39587702,-0.102600098,-0.915405273,0.385131836,0.0561523438,-0.13671875,-0.81640625,-0.0390625,0.171875,-6.7421875,-6.5703125,-0.0078125,0.1015625,-0.09765625
3959,39291797,39591797,-0.102416992,-0.915466309,0.38494873,0.056640625,-0.0234375,-0.47265625,0.0390625,0.2109375,-6.7421875,-6.5703125,-0.0078125,0.1015625,-0.09765625
3960,39305998,39605998,-0.102233887,-0.915649414,0.38458252,0.0568237305,-0.0234375,-0.47265625,0.0390625,0.2109375,-6.7421875,-6.5703125,-0.09375,0.01171875,-0.0390625
3961,39309771,39609771,-0.102172852,-0.91583252,0.384155273,0.0567016602,0.19140625,0.0546875,0.19140625,0.2265625,-6.734375,-6.5703125,-0.09375,0.01171875,-0.0390625
3962,39325547,39625547,-0.102416992,-0.91607666,0.383666992,0.0560913086,0.19140625,0.0546875,0.19140625,0.2265625,-6.734375,-6.5703125,-0.111328125,-0.130859375,0.11328125
3963,39329266,39629266,-0.102783203,-0.91619873,0.383361816,0.0549926758,0.0859375,-0.19140625,0.4375,0.21875,-6.71875,-6.5859375,-0.111328125,-0.130859375,0.11328125
3964,39344291,39644291,-0.10333252,-0.916381836,0.383056641,0.0531005859,0.0859375,-0.19140625,0.4375,0.21875,-6.71875,-6.5859375,-0.1171875,-0.3359375,0.267578125
3965,39349339,39649339,-0.104003906,-0.916625977,0.38269043,0.0505981445,0.1328125,-0.08203125,0.53125,0.171875,-6.7109375,-6.6015625,-0.1171875,-0.3359375,0.267578125
3966,39365574,39665574,-0.104858398,-0.916870117,0.382263184,0.0475463867,0.1328125,-0.08203125,0.53125,0.171875,-6.7109375,-6.6015625,-0.197265625,-0.548828125,0.423828125
3967,39369298,39669298,-0.105895996,-0.917175293,0.381713867,0.0439453125,0.125,0.12109375,0.2109375,0.0625,-6.6875,-6.625,-0.197265625,-0.548828125,0.423828125
3968,39384498,39684498,-0.10723877,-0.917480469,0.380981445,0.0397338867,0.125,0.12109375,0.2109375,0.0625,-6.6875,-6.625,-0.2578125,-0.681640625,0.591796875
3969,39388781,39688781,-0.108825684,-0.917785645,0.380310059,0.0352783203,0.04296875,-0.21484375,-0.14453125,-0.0859375,-6.65625,-6.65625,-0.2578125,-0.681640625,0.591796875
3970,39406085,39706085,-0.110778809,-0.918029785,0.379516602,0.0303344727,0.04296875,-0.21484375,-0.14453125,-0.0859375,-6.65625,-6.65625,-0.2734375,-0.7265625,0.740234375
3971,39409826,39709826,-0.112854004,-0.918212891,0.37890625,0.025390625,0.00390625,-0.29296875,0.00390625,-0.2734375,-6.6171875,-6.6875,-0.2734375,-0.7265625,0.740234375
3972,39423233,39723233,-0.11517334,-0.918273926,0.378295898,0.0195922852,0.00390625,-0.29296875,0.00390625,-0.2734375,-6.6171875,-6.6875,-0.244140625,-0.923828125,0.880859375
3973,39429624,39729624,-0.117675781,-0.918273926,0.377807617,0.0130004883,-0.171875,-0.29296875,-0.31640625,-0.484375,-6.578125,-6.7109375,-0.244140625,-0.923828125,0.880859375
3974,39442197,39742197,-0.120239258,-0.918212891,0.377319336,0.00622558594,-0.171875,-0.29296875,-0.31640625,-0.484375,-6.578125,-6.7109375,-0.259765625,-1.06835938,1.01757812
3975,39449539,39749539,0.122924805,0.91809082,-0.37677002,0.00048828125,0.2890625,0.04296875,-0.41015625,-0.75,-6.53125,-6.734375,-0.259765625,-1.06835938,1.01757812
3976,39466211,39766211,0.126037598,0.917907715,-0.376159668,0.00830078125,0.2890625,0.04296875,-0.41015625,-0.75,-6.53125,-6.734375,-0.2890625,-1.12890625,1.12109375
3977,39470583,39770583,0.128845215,0.917724609,-0.375488281,0.0155029297,0.19140625,-0.05078125,0.02734375,-1.0390625,-6.4765625,-6.75,-0.2890625,-1.12890625,1.12109375
3978,39484513,39784513,0.131958008,0.917358398,-0.374694824,0.0245361328,0.19140625,-0.05078125,0.02734375,-1.0390625,-6.4765625,-6.75,-0.330078125,-1.46484375,1.24023438
3979,39488234,39788234,0.13458252,0.916931152,-0.374145508,0.033996582,-0.2890625,-0.46484375,-0.0703125,-1.359375,-6.40625,-6.765625,-0.330078125,-1.46484375,1.24023438
3980,39502959,39802959,0.137207031,0.91619873,-0.373840332,0.0451049805,-0.2890625,-0.46484375,-0.0703125,-1.359375,-6.40625,-6.765625,-0.27734375,-1.90039062,1.3515625
3981,39508009,39808009,0.139892578,0.915222168,-0.373596191,0.057434082,-0.7421875,-0.53515625,-0.9296875,-1.75,-6.3359375,-6.75,-0.27734375,-1.90039062,1.3515625
3982,39523182,39823182,0.14239502,0.914001465,-0.373352051,0.0701293945,-0.7421875,-0.53515625,-0.9296875,-1.75,-6.3359375,-6.75,-0.27734375,-2.23828125,1.46679688
3983,39528214,39828214,0.144775391,0.912536621,-0.373291016,0.0836791992,-0.703125,-0.70703125,-0.87109375,-2.2109375,-6.2421875,-6.6953125,-0.27734375,-2.23828125,1.46679688
3984,39542783,39842783,0.146972656,0.910705566,-0.373474121,0.0977172852,-0.703125,-0.70703125,-0.87109375,-2.2109375,-6.2421875,-6.6953125,-0.173828125,-2.5,1.50976562
3985,39547837,39847837,0.149047852,0.908508301,-0.373901367,0.112182617,-0.47265625,-0.625,-0.9921875,-2.7109375,-6.1328125,-6.609375,-0.173828125,-2.5,1.50976562
3986,39563519,39863519,0.151184082,0.905822754,-0.374694824,0.127563477,-0.47265625,-0.625,-0.9921875,-2.7109375,-6.1328125,-6.609375,-0.00390625,-2.76367188,1.6171875
3987,39569476,39869476,0.153198242,0.902832031,-0.375610352,0.142456055,-0.0859375,-0.3046875,-1.171875,-3.25,-6.03125,-6.46875,-0.00390625,-2.76367188,1.6171875
3988,39581957,39881957,0.155090332,0.899658203,-0.376342773,0.158081055,-0.0859375,-0.3046875,-1.171875,-3.25,-6.03125,-6.46875,-0.1015625,-2.86914062,1.59765625
3989,39588114,39888114,0.156738281,0.895935059,-0.37689209,0.174987793,-0.3984375,-0.3046875,-0.6328125,-3.78125,-5.9140625,-6.28125,-0.1015625,-2.86914062,1.59765625
3990,39603847,39903847,0.15814209,0.892150879,-0.377563477,0.190856934,-0.3984375,-0.3046875,-0.6328125,-3.78125,-5.9140625,-6.28125,-0.02734375,-2.91992188,1.54101562
3991,39607449,39907449,0.159362793,0.888366699,-0.378173828,0.205932617,-0.1875,-0.5234375,-0.66796875,-4.3359375,-5.7734375,-6.0546875,-0.02734375,-2.91992188,1.54101562
3992,39621659,39921659,0.160705566,0.883972168,-0.37878418,0.222106934,-0.1875,-0.5234375,-0.66796875,-4.3359375,-5.7734375,-6.0546875,-0.005859375,-2.8125,1.4921875
3993,39628574,39928574,0.161987305,0.879516602,-0.379394531,0.237121582,0.05859375,-0.33984375,-0.43359375,-4.8515625,-5.6484375,-5.7890625,-0.005859375,-2.8125,1.4921875
3994,39643138,39943138,0.163330078,0.87512207,-0.380004883,0.251159668,0.05859375,-0.33984375,-0.43359375,-4.8515625,-5.6484375,-5.7890625,0.064453125,-2.66992188,1.44921875
3995,39646743,39946743,0.164611816,0.870361328,-0.380615234,0.265380859,-0.0546875,-0.3359375,-0.36328125,-5.3125,-5.5,-5.515625,0.064453125,-2.66992188,1.44921875
3996,39662519,39962519,0.165771484,0.865234375,-0.381286621,0.280273438,-0.0546875,-0.3359375,-0.36328125,-5.3125,-5.5,-5.515625,0.06640625,-2.67382812,1.38476562
3997,39668270,39968270,0.166564941,0.860290527,-0.381774902,0.293823242,-0.328125,-0.25390625,-0.25390625,-5.765625,-5.3515625,-5.203125,0.06640625,-2.67382812,1.38476562
3998,39682804,39982804,0.167236328,0.854919434,-0.382263184,0.308288574,-0.328125,-0.25390625,-0.25390625,-5.765625,-5.3515625,-5.203125,0.041015625,-2.6640625,1.30078125
3999,39689927,39989927,0.167663574,0.849853516,-0.382751465,0.321228027,0.1640625,-0.1796875,-0.18359375,-6.1796875,-5.1953125,-4.890625,0.041015625,-2.6640625,1.30078125
4000,39705268,40005268,0.167907715,0.844238281,-0.383483887,0.334716797,0.1640625,-0.1796875,-0.18359375,-6.1796875,-5.1953125,-4.890625,0.13671875,-2.5390625,1.15039062
4001,39709971,40009971,0.168029785,0.838745117,-0.384216309,0.347351074,0.4140625,-0.0625,-0.0703125,-6.546875,-5.046875,-4.546875,0.13671875,-2.5390625,1.15039062
4002,39723838,40023838,0.168029785,0.833251953,-0.384887695,0.359680176,0.4140625,-0.0625,-0.0703125,-6.546875,-5.046875,-4.546875,0.09765625,-2.4375,1.04882812
4003,39727556,40027556,0.16784668,0.827941895,-0.385375977,0.37121582,0.51171875,0.42578125,-0.03125,-6.875,-4.921875,-4.203125,0.09765625,-2.4375,1.04882812
4004,39740422,40040422,0.167663574,0.822570801,-0.385803223,0.38269043,0.51171875,0.42578125,-0.03125,-6.875,-4.921875,-4.203125,0.076171875,-2.29296875,1.00390625
4005,39747727,40047727,0.167480469,0.817016602,-0.385986328,0.394348145,0.76171875,0.1015625,0.40234375,-7.1640625,-4.7890625,-3.8671875,0.076171875,-2.29296875,1.00390625
4006,39763814,40063814,0.167236328,0.811645508,-0.386047363,0.405273438,0.76171875,0.1015625,0.40234375,-7.1640625,-4.7890625,-3.8671875,0.07421875,-2.203125,0.95703125
4007,39767538,40067538,0.167053223,0.80645752,-0.386291504,0.415344238,0.64453125,-0.0078125,-0.203125,-7.4296875,-4.640625,-3.53125,0.07421875,-2.203125,0.95703125
4008,39783388,40083388,0.166809082,0.80090332,-0.386474609,0.42590332,0.64453125,-0.0078125,-0.203125,-7.4296875,-4.640625,-3.53125,0.072265625,-2.06640625,0.888671875
4009,39787145,40087145,0.166503906,0.795898438,-0.38659668,0.435180664,0.71875,0.47265625,0.00390625,-7.65625,-4.5078125,-3.203125,0.072265625,-2.06640625,0.888671875
4010,39800827,40100827,0.16607666,0.790588379,-0.386779785,0.444702148,0.71875,0.47265625,0.00390625,-7.65625,-4.5078125,-3.203125,0.083984375,-1.9140625,0.779296875
4011,39806810,40106810,0.165466309,0.785644531,-0.387023926,0.453430176,0.73046875,0.0390625,0.11328125,-7.859375,-4.3828125,-2.890625,0.083984375,-1.9140625,0.779296875
4012,39820603,40120603,0.164611816,0.780944824,-0.387451172,0.461425781,0.73046875,0.0390625,0.11328125,-7.859375,-4.3828125,-2.890625,0.09765625,-1.74023438,0.53515625
4013,39827690,40127690,0.163452148,0.776367188,-0.388122559,0.468933105,0.390625,0.24609375,-0.10546875,-8.015625,-4.28125,-2.59375,0.09765625,-1.74023438,0.53515625
4014,39840471,40140471,0.16217041,0.772033691,-0.38885498,0.475830078,0.390625,0.24609375,-0.10546875,-8.015625,-4.28125,-2.59375,0.111328125,-1.60742188,0.376953125
4015,39846205,40146205,0.160644531,0.767700195,-0.389831543,0.48260498,0.8828125,0.3359375,0.00390625,-8.125,-4.21875,-2.3203125,0.111328125,-1.60742188,0.376953125
4016,39860282,40160282,0.158996582,0.76361084,-0.390869141,0.488708496,0.8828125,0.3359375,0.00390625,-8.125,-4.21875,-2.3203125,0.126953125,-1.4375,0.208984375
4017,39866030,40166030,0.157226562,0.75982666,-0.392028809,0.494262695,0.82421875,0.640625,-0.109375,-8.21875,-4.1796875,-2.0546875,0.126953125,-1.4375,0.208984375
4018,39878781,40178781,0.155517578,0.756408691,-0.393188477,0.499145508,0.82421875,0.640625,-0.109375,-8.21875,-4.1796875,-2.0546875,0.123046875,-1.203125,0.091796875
4019,39886293,40186293,0.153869629,0.753295898,-0.394226074,0.503417969,0.89453125,0.578125,0.19921875,-8.2890625,-4.15625,-1.828125,0.123046875,-1.203125,0.091796875
4020,39900214,40200214,0.15234375,0.750671387,-0.395080566,0.507141113,0.89453125,0.578125,0.19921875,-8.2890625,-4.15625,-1.828125,0.048828125,-0.890625,0.048828125
4021,39905952,40205952,0.150939941,0.748474121,-0.395751953,0.510314941,0.43359375,0.609375,0.3671875,-8.328125,-4.1484375,-1.6484375,0.048828125,-0.890625,0.048828125
4022,39919609,40219609,0.149597168,0.746643066,-0.396179199,0.513000488,0.43359375,0.609375,0.3671875,-8.328125,-4.1484375,-1.6484375,-0.02734375,-0.6640625,0.03515625
4023,39925334,40225334,0.1484375,0.745117188,-0.39642334,0.515380859,0.11328125,0.3359375,0.42578125,-8.3515625,-4.140625,-1.515625,-0.02734375,-0.6640625,0.03515625
4024,39939047,40239047,0.147521973,0.743896484,-0.396484375,0.517272949,0.11328125,0.3359375,0.42578125,-8.3515625,-4.140625,-1.515625,-0.046875,-0.439453125,0.041015625
4025,39946138,40246138,0.146850586,0.742980957,-0.39654541,0.518798828,-0.0546875,0.2578125,0.33984375,-8.375,-4.140625,-1.4296875,-0.046875,-0.439453125,0.041015625
4026,39961409,40261409,0.146606445,0.742370605,-0.396484375,0.519836426,-0.0546875,0.2578125,0.33984375,-8.375,-4.140625,-1.4296875,-0.00390625,-0.166015625,0.080078125
4027,39965142,40265142,0.146728516,0.742126465,-0.39630127,0.520263672,0.11328125,-0.1015625,0.58984375,-8.390625,-4.125,-1.375,-0.00390625,-0.166015625,0.080078125
4028,39980165,40280165,0.147216797,0.742248535,-0.395935059,0.520202637,0.11328125,-0.1015625,0.58984375,-8.390625,-4.125,-1.375,-0.015625,0.15234375,0.091796875
4029,39985222,40285222,0.147888184,0.742797852,-0.395507812,0.51953125,-0.0390625,0.07421875,0.59765625,-8.390625,-4.109375,-1.3828125,-0.015625,0.15234375,0.091796875
4030,39999728,40299728,0.148620605,0.743713379,-0.394958496,0.518432617,-0.0390625,0.07421875,0.59765625,-8.390625,-4.109375,-1.3828125,-0.052734375,0.400390625,0.025390625
4031,40004756,40304756,0.149414062,0.745056152,-0.39440918,0.516723633,-0.1640625,0.2578125,0.55859375,-8.3828125,-4.1015625,-1.421875,-0.052734375,0.400390625,0.025390625
4032,40020289,40320289,0.150146484,0.746765137,-0.393798828,0.514465332,-0.1640625,0.2578125,0.55859375,-8.3828125,-4.1015625,-1.421875,-0.083984375,0.650390625,-0.07421875
4033,40025753,40325753,0.150939941,0.748779297,-0.393188477,0.511779785,0.01171875,0.1796875,0.66015625,-8.3671875,-4.1015625,-1.5234375,-0.083984375,0.650390625,-0.07421875
4034,40039754,40339754,0.151733398,0.751281738,-0.392578125,0.508361816,0.01171875,0.1796875,0.66015625,-8.3671875,-4.1015625,-1.5234375,-0.09765625,0.916015625,-0.1875
4035,40044779,40344779,0.152648926,0.754211426,-0.392028809,0.504150391,0.13671875,0.12109375,0.6015625,-8.3359375,-4.1171875,-1.65625,-0.09765625,0.916015625,-0.1875
4036,40059792,40359792,0.153564453,0.757324219,-0.391601562,0.499572754,0.13671875,0.12109375,0.6015625,-8.3359375,-4.1171875,-1.65625,-0.076171875,1.1484375,-0.306640625
4037,40065377,40365377,0.154418945,0.760742188,-0.391235352,0.49432373,0.2265625,0.1953125,0.515625,-8.2734375,-4.15625,-1.8359375,-0.076171875,1.1484375,-0.306640625
4038,40079756,40379756,0.155273438,0.764465332,-0.390991211,0.488464355,0.2265625,0.1953125,0.515625,-8.2734375,-4.15625,-1.8359375,-0.046875,1.34960938,-0.44140625
4039,40084781,40384781,0.156066895,0.768249512,-0.390930176,0.482299805,0.1796875,0.2890625,0.2734375,-8.1875,-4.2109375,-2.0546875,-0.046875,1.34960938,-0.44140625
4040,40100236,40400236,0.156799316,0.772094727,-0.391113281,0.475708008,0.1796875,0.2890625,0.2734375,-8.1875,-4.2109375,-2.0546875,0.005859375,1.50585938,-0.595703125
4041,40105284,40405284,0.157348633,0.776062012,-0.391418457,0.468811035,0,0.375,0.39453125,-8.0859375,-4.296875,-2.2890625,0.005859375,1.50585938,-0.595703125
4042,40118260,40418260,0.157836914,0.780334473,-0.391906738,0.46105957,0,0.375,0.39453125,-8.0859375,-4.296875,-2.2890625,0.046875,1.66015625,-0.751953125
4043,40125251,40425251,0.158203125,0.784851074,-0.392578125,0.452636719,-0.1328125,0.4765625,0.328125,-7.953125,-4.3984375,-2.53125,0.046875,1.66015625,-0.751953125
4044,40138640,40438640,0.15838623,0.789367676,-0.393249512,0.443969727,-0.1328125,0.4765625,0.328125,-7.953125,-4.3984375,-2.53125,0.041015625,1.77539062,-0.869140625
4045,40144223,40444223,0.158569336,0.793945312,-0.393981934,0.435058594,-0.18359375,0.45703125,0.2890625,-7.7890625,-4.53125,-2.796875,0.041015625,1.77539062,-0.869140625
4046,40158744,40458744,0.158752441,0.798522949,-0.394775391,0.425842285,-0.18359375,0.45703125,0.2890625,-7.7890625,-4.53125,-2.796875,0.072265625,1.88085938,-0.91796875
4047,40163793,40463793,0.158996582,0.803100586,-0.395507812,0.416381836,-0.1484375,0.2890625,0.1796875,-7.59375,-4.671875,-3.0703125,0.072265625,1.88085938,-0.91796875
4048,40179965,40479965,0.159301758,0.807678223,-0.396240234,0.406555176,-0.1484375,0.2890625,0.1796875,-7.59375,-4.671875,-3.0703125,0.095703125,1.97460938,-0.93359375
4049,40183704,40483704,0.159606934,0.812011719,-0.396850586,0.397033691,-0.20703125,0.28515625,0.19140625,-7.3828125,-4.8203125,-3.3515625,0.095703125,1.97460938,-0.93359375
4050,40199395,40499395,0.159973145,0.816711426,-0.397583008,0.386474609,-0.20703125,0.28515625,0.19140625,-7.3828125,-4.8203125,-3.3515625,0.107421875,2.03710938,-0.955078125
4051,40203128,40503128,0.16027832,0.820983887,-0.398193359,0.376464844,-0.1640625,0.12109375,0.08984375,-7.15625,-4.9609375,-3.6328125,0.107421875,2.03710938,-0.955078125
4052,40219651,40519651,0.160461426,0.825744629,-0.398803711,0.365234375,-0.1640625,0.12109375,0.08984375,-7.15625,-4.9609375,-3.6328125,0.095703125,2.09179688,-1.0234375
4053,40223928,40523928,0.160522461,0.82989502,-0.399353027,0.354980469,-0.11328125,0.1171875,0.1796875,-6.8984375,-5.109375,-3.9140625,0.095703125,2.09179688,-1.0234375
4054,40239228,40539228,0.160522461,0.834411621,-0.400024414,0.343383789,-0.11328125,0.1171875,0.1796875,-6.8984375,-5.109375,-3.9140625,0.12109375,2.13476562,-1.09179688
4055,40243001,40543001,0.160400391,0.838500977,-0.400695801,0.332641602,0.0234375,-0.1171875,-0.0078125,-6.6171875,-5.2578125,-4.1875,0.12109375,2.13476562,-1.09179688
4056,40258647,40558647,0.16027832,0.842834473,-0.401489258,0.320617676,0.0234375,-0.1171875,-0.0078125,-6.6171875,-5.2578125,-4.1875,0.162109375,2.20507812,-1.15625
4057,40266609,40566609,0.159973145,0.846801758,-0.402160645,0.309143066,0.02734375,-0.078125,-0.1328125,-6.3125,-5.4140625,-4.4453125,0.162109375,2.20507812,-1.15625
4058,40277499,40577499,0.159484863,0.851135254,-0.402832031,0.296447754,0.02734375,-0.078125,-0.1328125,-6.3125,-5.4140625,-4.4453125,0.11328125,2.28710938,-1.2578125
4059,40284765,40584765,0.158752441,0.85534668,-0.403198242,0.283874512,-0.078125,0.0859375,0.125,-5.9765625,-5.578125,-4.703125,0.11328125,2.28710938,-1.2578125
4060,40300984,40600984,0.157897949,0.859375,-0.403320312,0.271850586,-0.078125,0.0859375,0.125,-5.9765625,-5.578125,-4.703125,0.01171875,2.3203125,-1.33203125
4061,40307825,40607825,0.156799316,0.863525391,-0.403259277,0.259094238,-0.25390625,-0.109375,0.19140625,-5.609375,-5.7265625,-4.9609375,0.01171875,2.3203125,-1.33203125
4062,40319684,40619684,0.155456543,0.867797852,-0.403076172,0.245605469,-0.25390625,-0.109375,0.19140625,-5.609375,-5.7265625,-4.9609375,-0.015625,2.35742188,-1.39257812
4063,40323417,40623417,0.15423584,0.871459961,-0.402954102,0.233276367,-0.078125,-0.4609375,-0.0078125,-5.2109375,-5.875,-5.21875,-0.015625,2.35742188,-1.39257812
4064,40340224,40640224,0.152832031,0.875244141,-0.402770996,0.219848633,-0.078125,-0.4609375,-0.0078125,-5.2109375,-5.875,-5.21875,0.005859375,2.28320312,-1.35742188
4065,40346648,40646648,0.151489258,0.878540039,-0.402404785,0.208007812,-0.26171875,-0.203125,-0.01171875,-4.796875,-6.015625,-5.4453125,0.005859375,2.28320312,-1.35742188
4066,40360779,40660779,0.149963379,0.882080078,-0.401794434,0.195007324,-0.26171875,-0.203125,-0.01171875,-4.796875,-6.015625,-5.4453125,-0.046875,2.22851562,-1.34960938
4067,40364497,40664497,0.14831543,0.885314941,-0.401245117,0.182189941,-0.01953125,-0.01171875,-0.109375,-4.390625,-6.1328125,-5.65625,-0.046875,2.22851562,-1.34960938
4068,40377851,40677851,0.146789551,0.888183594,-0.400756836,0.170288086,-0.01953125,-0.01171875,-0.109375,-4.390625,-6.1328125,-5.65625,-0.0234375,2.23828125,-1.38671875
4069,40385982,40685982,0.144958496,0.891174316,-0.400146484,0.156982422,-0.125,0.12890625,-0.3046875,-3.9765625,-6.234375,-5.84375,-0.0234375,2.23828125,-1.38671875
4070,40397605,40697605,0.143371582,0.893676758,-0.399780273,0.144897461,-0.125,0.12890625,-0.3046875,-3.9765625,-6.234375,-5.84375,0.091796875,2.11328125,-1.32226562
4071,40403575,40703575,0.141784668,0.895812988,-0.399658203,0.1328125,0.1171875,0.31640625,-0.5234375,-3.53125,-6.34375,-6.0078125,0.091796875,2.11328125,-1.32226562
4072,40420620,40720620,0.140319824,0.897705078,-0.399536133,0.121520996,0.1171875,0.31640625,-0.5234375,-3.53125,-6.34375,-6.0078125,0.09375,1.94921875,-1.19921875
4073,40427478,40727478,0.138916016,0.899414062,-0.399475098,0.110534668,0.01953125,0.21875,-0.0546875,-3.125,-6.4375,-6.1328125,0.09375,1.94921875,-1.19921875
4074,40437827,40737827,0.137451172,0.900695801,-0.399780273,0.100158691,0.01953125,0.21875,-0.0546875,-3.125,-6.4375,-6.1328125,0.24609375,1.68164062,-1.12109375
4075,40443932,40743932,0.135925293,0.901672363,-0.40032959,0.091003418,0.33203125,-0.03515625,-0.390625,-2.75,-6.53125,-6.21875,0.24609375,1.68164062,-1.12109375
4076,40456652,40756652,0.134155273,0.902587891,-0.400939941,0.0809326172,0.33203125,-0.03515625,-0.390625,-2.75,-6.53125,-6.21875,0.248046875,1.59960938,-1.12304688
4077,40465114,40765114,0.132324219,0.903503418,-0.401306152,0.0713500977,0.3359375,0.16796875,-0.1875,-2.40625,-6.6171875,-6.265625,0.248046875,1.59960938,-1.12304688
4078,40475921,40775921,0.130615234,0.904296875,-0.401550293,0.0625,0.3359375,0.16796875,-0.1875,-2.40625,-6.6171875,-6.265625,0.19140625,1.546875,-1.08984375
4079,40482831,40782831,0.128845215,0.905029297,-0.401855469,0.0530395508,0.57421875,-0.10546875,-0.1484375,-2.0703125,-6.6875,-6.3046875,0.19140625,1.546875,-1.08984375
4080,40496845,40796845,0.12701416,0.905578613,-0.40234375,0.0441894531,0.57421875,-0.10546875,-0.1484375,-2.0703125,-6.6875,-6.3046875,0.26953125,1.37695312,-1.03710938
4081,40505264,40805264,0.125244141,0.905883789,-0.403076172,0.0357055664,0.421875,0.0390625,0.11328125,-1.7265625,-6.7578125,-6.3359375,0.26953125,1.37695312,-1.03710938
4082,40516448,40816448,0.123413086,0.906005859,-0.403991699,0.0274047852,0.421875,0.0390625,0.11328125,-1.7265625,-6.7578125,-6.3359375,0.3671875,1.33789062,-1.01171875
4083,40522168,40822168,0.121459961,0.906066895,-0.404846191,0.0193481445,0.69140625,0.2265625,1.29296875,-1.421875,-6.828125,-6.328125,0.3671875,1.33789062,-1.01171875
4084,40535643,40835643,0.11907959,0.90625,-0.405395508,0.0118408203,0.69140625,0.2265625,1.29296875,-1.421875,-6.828125,-6.328125,0.232421875,1.04101562,-1.0234375
4085,40544812,40844812,0.116516113,0.906555176,-0.405700684,0.00549316406,0.6640625,1.015625,1.015625,-1.125,-6.890625,-6.3203125,0.232421875,1.04101562,-1.0234375
4086,40557053,40857053,0.113830566,0.906982422,-0.405578613,6.10351562e-05,0.6640625,1.015625,1.015625,-1.125,-6.890625,-6.3203125,0.001953125,0.689453125,-0.890625
4087,40562096,40862096,-0.111450195,-0.907470703,0.405090332,0.00427246094,0.765625,1.5546875,0.40234375,-0.8828125,-6.9296875,-6.3203125,0.001953125,0.689453125,-0.890625
4088,40578504,40878504,-0.109130859,-0.907958984,0.404541016,0.00854492188,0.765625,1.5546875,0.40234375,-0.8828125,-6.9296875,-6.3203125,-0.01953125,0.56640625,-0.716796875
4089,40584254,40884254,-0.107299805,-0.90826416,0.404296875,0.0124511719,1.15234375,0.37109375,0.02734375,-0.6953125,-6.9375,-6.328125,-0.01953125,0.56640625,-0.716796875
4090,40597330,40897330,-0.105651855,-0.908325195,0.40435791,0.0167236328,1.15234375,0.37109375,0.02734375,-0.6953125,-6.9375,-6.328125,0.1328125,0.615234375,-0.58203125
4091,40601057,40901057,-0.104431152,-0.90826416,0.404602051,0.0204467773,0.52734375,-0.4140625,-0.203125,-0.53125,-6.953125,-6.328125,0.1328125,0.615234375,-0.58203125
4092,40616636,40916636,-0.10333252,-0.908203125,0.404785156,0.0239868164,0.52734375,-0.4140625,-0.203125,-0.53125,-6.953125,-6.328125,0.103515625,0.5234375,-0.45703125
4093,40622233,40922233,-0.102294922,-0.90826416,0.404846191,0.0270996094,-0.1875,-0.78515625,-0.41015625,-0.390625,-6.96875,-6.3125,0.103515625,0.5234375,-0.45703125
4094,40636152,40936152,-0.10144043,-0.90838623,0.404541016,0.0299072266,-0.1875,-0.78515625,-0.41015625,-0.390625,-6.96875,-6.3125,-0.0390625,0.4453125,-0.37890625
4095,40641182,40941182,-0.100708008,-0.908630371,0.403991699,0.0328979492,-0.07421875,-1.08984375,-0.87109375,-0.2734375,-6.96875,-6.3125,-0.0390625,0.4453125,-0.37890625
4096,40658218,40958218,-0.100158691,-0.908813477,0.403442383,0.0357055664,-0.07421875,-1.08984375,-0.87109375,-0.2734375,-6.96875,-6.3125,-0.052734375,0.533203125,-0.345703125
4097,40665159,40965159,-0.0997314453,-0.908935547,0.402954102,0.0388793945,-0.19140625,-1.09765625,-0.671875,-0.15625,-6.9609375,-6.3203125,-0.052734375,0.533203125,-0.345703125
4098,40674703,40974703,-0.0992431641,-0.909057617,0.402526855,0.0419311523,-0.19140625,-1.09765625,-0.671875,-0.15625,-6.9609375,-6.3203125,-0.013671875,0.484375,-0.3203125
4099,40681290,40981290,-0.0987548828,-0.909118652,0.402160645,0.0444946289,-0.30859375,-1.01953125,-0.203125,-0.0390625,-6.9609375,-6.328125,-0.013671875,0.484375,-0.3203125
4100,40695405,40995405,-0.0981445312,-0.909240723,0.401794434,0.0467529297,-0.30859375,-1.01953125,-0.203125,-0.0390625,-6.9609375,-6.328125,-0.029296875,0.314453125,-0.265625
4101,40701138,41001138,-0.09765625,-0.909362793,0.401489258,0.0484619141,-0.05078125,-0.5234375,-0.203125,0.046875,-6.9609375,-6.328125,-0.029296875,0.314453125,-0.265625
4102,40715587,41015587,-0.0972290039,-0.909484863,0.401184082,0.0499267578,-0.05078125,-0.5234375,-0.203125,0.046875,-6.9609375,-6.328125,-0.009765625,0.21484375,-0.17578125
4103,40721558,41021558,-0.0969238281,-0.909423828,0.401123047,0.0511474609,0.1875,-0.59765625,-0.234375,0.1171875,-6.9609375,-6.3359375,-0.009765625,0.21484375,-0.17578125
4104,40737311,41037311,-0.0968017578,-0.909240723,0.401489258,0.0521240234,0.1875,-0.59765625,-0.234375,0.1171875,-6.9609375,-6.3359375,0.125,0.140625,-0.0625
4105,40744238,41044238,-0.096862793,-0.908996582,0.401977539,0.0526733398,0.109375,-0.58984375,0.48828125,0.15625,-6.96875,-6.328125,0.125,0.140625,-0.0625
4106,40754277,41054277,-0.0970458984,-0.908691406,0.402587891,0.052734375,0.109375,-0.58984375,0.48828125,0.15625,-6.96875,-6.328125,0.09765625,-0.033203125,0.0703125
4107,40762889,41062889,-0.0973510742,-0.908630371,0.402832031,0.0521850586,0.0625,0.07421875,0.65625,0.1640625,-6.984375,-6.3046875,0.09765625,-0.033203125,0.0703125
4108,40774775,41074775,-0.0978393555,-0.908752441,0.40246582,0.0509033203,0.0625,0.07421875,0.65625,0.1640625,-6.984375,-6.3046875,-0.169921875,-0.23046875,0.220703125
4109,40782481,41082481,-0.0985107422,-0.909118652,0.401733398,0.0490112305,0.20703125,0.41796875,0.43359375,0.1328125,-6.984375,-6.3125,-0.169921875,-0.23046875,0.220703125
4110,40795599,41095599,-0.0993652344,-0.909606934,0.400695801,0.0465087891,0.20703125,0.41796875,0.43359375,0.1328125,-6.984375,-6.3125,-0.30078125,-0.4140625,0.37890625
4111,40800631,41100631,-0.100402832,-0.91003418,0.399780273,0.0436401367,0.21875,0.00390625,0.00390625,0.046875,-6.953125,-6.34375,-0.30078125,-0.4140625,0.37890625
4112,40816189,41116189,-0.101806641,-0.910400391,0.398925781,0.0402832031,0.21875,0.00390625,0.00390625,0.046875,-6.953125,-6.34375,-0.23046875,-0.482421875,0.529296875
4113,40821242,41121242,-0.10333252,-0.910644531,0.398376465,0.0368652344,0.19140625,-0.26171875,0.12109375,-0.078125,-6.9140625,-6.3828125,-0.23046875,-0.482421875,0.529296875
4114,40835076,41135076,-0.105224609,-0.910766602,0.397888184,0.0327758789,0.19140625,-0.26171875,0.12109375,-0.078125,-6.9140625,-6.3828125,-0.1953125,-0.60546875,0.6640625
4115,40840126,41140126,-0.107055664,-0.910949707,0.397338867,0.028503418,0.03125,-0.36328125,0.15234375,-0.2265625,-6.890625,-6.4140625,-0.1953125,-0.60546875,0.6640625
4116,40854915,41154915,-0.109130859,-0.911132812,0.396728516,0.0232543945,0.03125,-0.36328125,0.15234375,-0.2265625,-6.890625,-6.4140625,-0.263671875,-0.798828125,0.78515625
4117,40861664,41161664,-0.111083984,-0.911315918,0.396057129,0.0178833008,-0.2421875,0.1328125,-0.1328125,-0.4140625,-6.8515625,-6.4375,-0.263671875,-0.798828125,0.78515625
4118,40876351,41176351,-0.113342285,-0.911499023,0.395202637,0.0112915039,-0.2421875,0.1328125,-0.1328125,-0.4140625,-6.8515625,-6.4375,-0.3203125,-1,0.91015625
4119,40880083,41180083,-0.115478516,-0.911621094,0.39440918,0.0048828125,0,0.046875,-0.140625,-0.65625,-6.8046875,-6.46875,-0.3203125,-1,0.91015625
4120,40898720,41198720,0.118041992,0.911743164,-0.393432617,0.00262451172,0,0.046875,-0.140625,-0.65625,-6.8046875,-6.46875,-0.333984375,-1.11132812,1.05273438
4121,40903430,41203430,0.120727539,0.911682129,-0.392578125,0.0101928711,0.22265625,0.0703125,-0.30859375,-0.9140625,-6.75,-6.4921875,-0.333984375,-1.11132812,1.05273438
4122,40915655,41215655,0.123596191,0.911560059,-0.391784668,0.0182495117,0.22265625,0.0703125,-0.30859375,-0.9140625,-6.75,-6.4921875,-0.32421875,-1.27148438,1.19726562
4123,40919270,41219270,0.126464844,0.911254883,-0.391052246,0.026550293,0.37109375,0.0859375,-0.3203125,-1.21875,-6.6875,-6.515625,-0.32421875,-1.27148438,1.19726562
4124,40934837,41234837,0.129577637,0.910827637,-0.390197754,0.0364379883,0.37109375,0.0859375,-0.3203125,-1.21875,-6.6875,-6.515625,-0.353515625,-1.55859375,1.33984375
4125,40941853,41241853,0.132385254,0.910217285,-0.389648438,0.0464477539,-0.2734375,-0.4921875,0.03125,-1.5703125,-6.609375,-6.5234375,-0.353515625,-1.55859375,1.33984375
4126,40954315,41254315,0.135192871,0.909179688,-0.389404297,0.0583496094,-0.2734375,-0.4921875,0.03125,-1.5703125,-6.609375,-6.5234375,-0.22265625,-2,1.43554688
4127,40960029,41260029,0.137573242,0.90802002,-0.389404297,0.0704345703,-0.66015625,-0.578125,-0.8046875,-1.984375,-6.5234375,-6.4921875,-0.22265625,-2,1.43554688
4128,40978233,41278233,0.140014648,0.906433105,-0.389343262,0.0845947266,-0.66015625,-0.578125,-0.8046875,-1.984375,-6.5234375,-6.4921875,-0.240234375,-2.33984375,1.50390625
4129,40982260,41282260,0.142028809,0.904907227,-0.389038086,0.0982666016,-0.67578125,-0.25,-1.06640625,-2.46875,-6.4296875,-6.421875,-0.240234375,-2.33984375,1.50390625
4130,40993053,41293053,0.144104004,0.903137207,-0.388427734,0.112609863,-0.67578125,-0.25,-1.06640625,-2.46875,-6.4296875,-6.421875,-0.373046875,-2.50390625,1.5859375
4131,40998776,41298776,0.146057129,0.901184082,-0.387817383,0.126831055,-0.48046875,-0.3671875,-1.046875,-2.96875,-6.3125,-6.328125,-0.373046875,-2.50390625,1.5859375
4132,41013858,41313858,0.148193359,0.898498535,-0.387634277,0.143066406,-0.48046875,-0.3671875,-1.046875,-2.96875,-6.3125,-6.328125,-0.1796875,-2.72851562,1.65625
4133,41020509,41320509,0.150024414,0.895629883,-0.387817383,0.157836914,-0.79296875,-0.96875,-0.640625,-3.5,-6.171875,-6.1953125,-0.1796875,-2.72851562,1.65625
4134,41033356,41333356,0.151855469,0.892089844,-0.388366699,0.174133301,-0.79296875,-0.96875,-0.640625,-3.5,-6.171875,-6.1953125,-0.0234375,-2.80664062,1.58007812
4135,41039319,41339319,0.153320312,0.888305664,-0.389099121,0.189819336,-0.4453125,-1.0625,-0.79296875,-4.0390625,-6.0390625,-6.0078125,-0.0234375,-2.80664062,1.58007812
4136,41057640,41357640,0.154418945,0.884521484,-0.389831543,0.204406738,-0.4453125,-1.0625,-0.79296875,-4.0390625,-6.0390625,-6.0078125,0.017578125,-2.79492188,1.45898438
4137,41062158,41362158,0.155273438,0.880432129,-0.390441895,0.219848633,-0.09765625,-0.19140625,-0.48828125,-4.5390625,-5.9140625,-5.7734375,0.017578125,-2.79492188,1.45898438
4138,41072134,41372134,0.155944824,0.876403809,-0.39074707,0.23449707,-0.09765625,-0.19140625,-0.48828125,-4.5390625,-5.9140625,-5.7734375,-0.068359375,-2.66015625,1.34179688
4139,41078102,41378102,0.156555176,0.872314453,-0.390869141,0.248535156,0.38671875,-0.140625,-0.6796875,-5.0234375,-5.7734375,-5.5078125,-0.068359375,-2.66015625,1.34179688
4140,41092021,41392021,0.157104492,0.868164062,-0.390930176,0.262207031,0.38671875,-0.140625,-0.6796875,-5.0234375,-5.7734375,-5.5078125,-0.06640625,-2.47851562,1.2578125
4141,41098225,41398225,0.157592773,0.864074707,-0.390930176,0.275146484,0.38671875,0.0625,-0.25390625,-5.4453125,-5.6328125,-5.2421875,-0.06640625,-2.47851562,1.2578125
4142,41112146,41412146,0.15802002,0.859741211,-0.391052246,0.288024902,0.38671875,0.0625,-0.25390625,-5.4453125,-5.6328125,-5.2421875,-0.0078125,-2.39453125,1.17773438
4143,41118118,41418118,0.158325195,0.85534668,-0.391296387,0.300354004,0.4296875,-0.11328125,-0.015625,-5.8359375,-5.4921875,-4.984375,-0.0078125,-2.39453125,1.17773438
4144,41135323,41435323,0.158630371,0.851074219,-0.391601562,0.311767578,0.4296875,-0.11328125,-0.015625,-5.8359375,-5.4921875,-4.984375,0.05078125,-2.26757812,1.08789062
4145,41140302,41440302,0.158813477,0.846618652,-0.391845703,0.323120117,0.7734375,0.3671875,0.09375,-6.1796875,-5.359375,-4.7109375,0.05078125,-2.26757812,1.08789062
4146,41151572,41451572,0.158935547,0.842041016,-0.392272949,0.334472656,0.7734375,0.3671875,0.09375,-6.1796875,-5.359375,-4.7109375,0.0859375,-2.078125,0.94140625
4147,41157541,41457541,0.158874512,0.837646484,-0.392700195,0.344787598,0.6953125,0.5546875,0.1875,-6.484375,-5.2421875,-4.421875,0.0859375,-2.078125,0.94140625
4148,41171452,41471452,0.158691406,0.833374023,-0.393005371,0.354675293,0.6953125,0.5546875,0.1875,-6.484375,-5.2421875,-4.421875,0.037109375,-1.97460938,0.83984375
4149,41178675,41478675,0.158325195,0.829101562,-0.393188477,0.364562988,0.34765625,0.59765625,0.3359375,-6.75,-5.1328125,-4.1484375,0.037109375,-1.97460938,0.83984375
4150,41191576,41491576,0.158081055,0.824890137,-0.393310547,0.374084473,0.34765625,0.59765625,0.3359375,-6.75,-5.1328125,-4.1484375,0.03125,-1.953125,0.87890625
4151,41197655,41497655,0.157958984,0.8203125,-0.393310547,0.383972168,0.4296875,0.2890625,-0.00390625,-6.984375,-5.015625,-3.8828125,0.03125,-1.953125,0.87890625
4152,41215360,41515360,0.157897949,0.815917969,-0.393188477,0.393371582,0.4296875,0.2890625,-0.00390625,-6.984375,-5.015625,-3.8828125,0.015625,-1.890625,0.87890625
4153,41219630,41519630,0.157775879,0.811462402,-0.392944336,0.402770996,0.3671875,0.625,-0.0859375,-7.2265625,-4.890625,-3.609375,0.015625,-1.890625,0.87890625
4154,41230749,41530749,0.157531738,0.807250977,-0.392578125,0.411560059,0.3671875,0.625,-0.0859375,-7.2265625,-4.890625,-3.609375,-0.044921875,-1.83789062,0.8515625
4155,41238103,41538103,0.157287598,0.80267334,-0.391967773,0.421020508,0.26953125,0.3828125,0.21484375,-7.4375,-4.765625,-3.3359375,-0.044921875,-1.83789062,0.8515625
4156,41253226,41553226,0.157043457,0.798339844,-0.391357422,0.429870605,0.26953125,0.3828125,0.21484375,-7.4375,-4.765625,-3.3359375,-0.046875,-1.77148438,0.849609375
4157,41262217,41562217,0.156921387,0.794128418,-0.390808105,0.438171387,0.2734375,-0.015625,0.25390625,-7.6328125,-4.6328125,-3.0703125,-0.046875,-1.77148438,0.849609375
4158,41272229,41572229,0.156738281,0.789367676,-0.390319824,0.447143555,0.2734375,-0.015625,0.25390625,-7.6328125,-4.6328125,-3.0703125,0.03125,-1.73242188,0.79296875
4159,41277255,41577255,0.156494141,0.78515625,-0.390197754,0.454772949,0.03125,-0.1484375,0.09765625,-7.8125,-4.5,-2.796875,0.03125,-1.73242188,0.79296875
4160,41294307,41594307,0.155944824,0.780395508,-0.390197754,0.463134766,0.03125,-0.1484375,0.09765625,-7.8125,-4.5,-2.796875,0.064453125,-1.69726562,0.6484375
4161,41298991,41598991,0.155212402,0.776062012,-0.390319824,0.470458984,-0.00390625,0.1640625,0.12890625,-7.96875,-4.390625,-2.5234375,0.064453125,-1.69726562,0.6484375
4162,41312166,41612166,0.15423584,0.771362305,-0.39050293,0.478271484,-0.00390625,0.1640625,0.12890625,-7.96875,-4.390625,-2.5234375,0.056640625,-1.60351562,0.509765625
4163,41317202,41617202,0.153198242,0.767456055,-0.39074707,0.484619141,0.20703125,0.4921875,0.23828125,-8.1015625,-4.296875,-2.25,0.056640625,-1.60351562,0.509765625
4164,41333795,41633795,0.151916504,0.763305664,-0.390930176,0.491333008,0.20703125,0.4921875,0.23828125,-8.1015625,-4.296875,-2.25,0.02734375,-1.421875,0.40234375
4165,41337554,41637554,0.150939941,0.759765625,-0.391052246,0.497070312,0.4609375,0.3046875,0.1484375,-8.203125,-4.2265625,-2.0078125,0.02734375,-1.421875,0.40234375
4166,41351110,41651110,0.150146484,0.756408691,-0.391113281,0.502380371,0.4609375,0.3046875,0.1484375,-8.203125,-4.2265625,-2.0078125,0.033203125,-1.15429688,0.400390625
4167,41356141,41656141,0.149536133,0.753051758,-0.391052246,0.507507324,0.34765625,0.39453125,0.09375,-8.28125,-4.1640625,-1.796875,0.033203125,-1.15429688,0.400390625
4168,41373968,41673968,0.149108887,0.75012207,-0.390991211,0.512084961,0.34765625,0.39453125,0.09375,-8.28125,-4.1640625,-1.796875,0.03515625,-0.97265625,0.38671875
4169,41378654,41678654,0.148803711,0.747436523,-0.390808105,0.516174316,0.1875,0.33203125,0.21875,-8.3515625,-4.1015625,-1.6171875,0.03515625,-0.97265625,0.38671875
4170,41390867,41690867,0.1484375,0.744995117,-0.390563965,0.519958496,0.1875,0.33203125,0.21875,-8.3515625,-4.1015625,-1.6171875,0,-0.7734375,0.33203125
4171,41395898,41695898,0.148193359,0.742919922,-0.390258789,0.52331543,-0.0234375,0.27734375,0.33984375,-8.40625,-4.046875,-1.46875,0,-0.7734375,0.33203125
4172,41412836,41712836,0.147827148,0.740966797,-0.389892578,0.526428223,-0.0234375,0.27734375,0.33984375,-8.40625,-4.046875,-1.46875,-0.046875,-0.650390625,0.2734375
4173,41420910,41720910,0.147399902,0.739379883,-0.389465332,0.529052734,0.12890625,0.30078125,0.48828125,-8.4453125,-3.9921875,-1.3515625,-0.046875,-0.650390625,0.2734375
4174,41430501,41730501,0.146972656,0.737792969,-0.389099121,0.531616211,0.12890625,0.30078125,0.48828125,-8.4453125,-3.9921875,-1.3515625,-0.0390625,-0.513671875,0.197265625
4175,41435546,41735546,0.14666748,0.736450195,-0.388916016,0.533752441,0.28515625,-0.19921875,0.55078125,-8.484375,-3.953125,-1.2578125,-0.0390625,-0.513671875,0.197265625
4176,41453981,41753981,0.14642334,0.735351562,-0.388793945,0.535461426,0.28515625,-0.19921875,0.55078125,-8.484375,-3.953125,-1.2578125,-0.001953125,-0.345703125,0.125
4177,41458655,41758655,0.146240234,0.734436035,-0.388671875,0.536743164,0.5,-0.07421875,0.546875,-8.5078125,-3.921875,-1.1796875,-0.001953125,-0.345703125,0.125
4178,41471693,41771693,0.146118164,0.733886719,-0.38861084,0.537597656,0.5,-0.07421875,0.546875,-8.5078125,-3.921875,-1.1796875,-0.00390625,-0.13671875,0.060546875
4179,41475420,41775420,0.146118164,0.733703613,-0.388549805,0.537963867,0.4765625,-0.015625,0.46484375,-8.5234375,-3.90625,-1.1328125,-0.00390625,-0.13671875,0.060546875
4180,41491975,41791975,0.146179199,0.733764648,-0.38848877,0.537841797,0.4765625,-0.015625,0.46484375,-8.5234375,-3.90625,-1.1328125,-0.015625,0.08203125,-0.0078125
4181,41499718,41799718,0.14630127,0.734191895,-0.388366699,0.537353516,0.4375,0.12890625,0.42578125,-8.5234375,-3.8984375,-1.1328125,-0.015625,0.08203125,-0.0078125
4182,41512213,41812213,0.14642334,0.734924316,-0.388244629,0.536376953,0.4375,0.12890625,0.42578125,-8.5234375,-3.8984375,-1.1328125,-0.02734375,0.275390625,-0.07421875
4183,41515957,41815957,0.14666748,0.735900879,-0.388122559,0.535095215,0.27734375,0.17578125,0.30078125,-8.515625,-3.90625,-1.1640625,-0.02734375,0.275390625,-0.07421875
4184,41534440,41834440,0.146911621,0.737304688,-0.388000488,0.53314209,0.27734375,0.17578125,0.30078125,-8.515625,-3.90625,-1.1640625,-0.046875,0.505859375,-0.150390625
4185,41535920,41835920,0.147277832,0.738952637,-0.387878418,0.530822754,0.484375,0.19921875,0.41015625,-8.4921875,-3.9296875,-1.234375,-0.046875,0.505859375,-0.150390625
4186,41550951,41850951,0.147705078,0.741088867,-0.387695312,0.527893066,0.484375,0.19921875,0.41015625,-8.4921875,-3.9296875,-1.234375,-0.068359375,0.755859375,-0.216796875
4187,41554677,41854677,0.148254395,0.743530273,-0.387390137,0.524475098,0.60546875,0.30859375,0.21484375,-8.4609375,-3.9609375,-1.34375,-0.068359375,0.755859375,-0.216796875
4188,41574679,41874679,0.148864746,0.746520996,-0.387084961,0.520263672,0.60546875,0.30859375,0.21484375,-8.4609375,-3.9609375,-1.34375,-0.091796875,1.04492188,-0.296875
4189,41578847,41878847,0.149597168,0.749938965,-0.38671875,0.515441895,0.59765625,0.22265625,0.453125,-8.4140625,-3.9921875,-1.5078125,-0.091796875,1.04492188,-0.296875
4190,41591843,41891843,0.150268555,0.753540039,-0.386352539,0.510253906,0.59765625,0.22265625,0.453125,-8.4140625,-3.9921875,-1.5078125,-0.09375,1.30078125,-0.412109375
4191,41595572,41895572,0.150939941,0.757324219,-0.386169434,0.504577637,0.37109375,0.125,0.4296875,-8.34375,-4.046875,-1.7109375,-0.09375,1.30078125,-0.412109375
4192,41614325,41914325,0.151611328,0.76159668,-0.386047363,0.497924805,0.37109375,0.125,0.4296875,-8.34375,-4.046875,-1.7109375,-0.080078125,1.50585938,-0.552734375
4193,41615791,41915791,0.15222168,0.766174316,-0.386047363,0.490722656,0.2421875,0.1640625,0.44140625,-8.25,-4.125,-1.953125,-0.080078125,1.50585938,-0.552734375
4194,41629684,41929684,0.152832031,0.770446777,-0.386230469,0.483642578,0.2421875,0.1640625,0.44140625,-8.25,-4.125,-1.953125,0.0078125,1.72070312,-0.67578125
4195,41635668,41935668,0.153686523,0.775512695,-0.38671875,0.47479248,0.27734375,0.03125,0.5,-8.1328125,-4.21875,-2.203125,0.0078125,1.72070312,-0.67578125
4196,41652751,41952751,0.154418945,0.780334473,-0.387329102,0.466064453,0.27734375,0.03125,0.5,-8.1328125,-4.21875,-2.203125,0.087890625,1.94335938,-0.818359375
4197,41658191,41958191,0.155151367,0.785461426,-0.388122559,0.456481934,0.16015625,0.19140625,0.34375,-7.9765625,-4.34375,-2.5078125,0.087890625,1.94335938,-0.818359375
4198,41668862,41968862,0.155700684,0.790588379,-0.388977051,0.446533203,0.16015625,0.19140625,0.34375,-7.9765625,-4.34375,-2.5078125,0.107421875,2.1171875,-0.98046875
4199,41674580,41974580,0.15612793,0.795959473,-0.390014648,0.435852051,-0.296875,0.3046875,0.03515625,-7.7890625,-4.4921875,-2.8125,0.107421875,2.1171875,-0.98046875
4200,41692402,41992402,0.156311035,0.801208496,-0.391113281,0.425048828,-0.296875,0.3046875,0.03515625,-7.7890625,-4.4921875,-2.8125,0.126953125,2.20507812,-1.1015625
4201,41696916,41996916,0.156433105,0.806518555,-0.392272949,0.413757324,-0.4765625,0.16015625,0.125,-7.5703125,-4.65625,-3.1328125,0.126953125,2.20507812,-1.1015625
4202,41707675,42007675,0.156494141,0.811706543,-0.393615723,0.402160645,-0.4765625,0.16015625,0.125,-7.5703125,-4.65625,-3.1328125,0.19140625,2.28320312,-1.18359375
4203,41714577,42014577,0.156555176,0.816772461,-0.394897461,0.390380859,-0.27734375,0.03515625,0.24609375,-7.3125,-4.8359375,-3.4453125,0.19140625,2.28320312,-1.18359375
4204,41732132,42032132,0.156555176,0.821594238,-0.396179199,0.37890625,-0.27734375,0.03515625,0.24609375,-7.3125,-4.8359375,-3.4453125,0.1953125,2.33789062,-1.22265625
4205,41736265,42036265,0.156433105,0.826782227,-0.397521973,0.366027832,-0.328125,0.03125,-0.0625,-7.03125,-5.0234375,-3.75,0.1953125,2.33789062,-1.22265625
4206,41748259,42048259,0.15625,0.831604004,-0.398803711,0.35357666,-0.328125,0.03125,-0.0625,-7.03125,-5.0234375,-3.75,0.216796875,2.33398438,-1.25390625
4207,41753987,42053987,0.156066895,0.836181641,-0.400024414,0.341308594,-0.265625,-0.08984375,-0.28515625,-6.7109375,-5.2109375,-4.0625,0.216796875,2.33398438,-1.25390625
4208,41771254,42071254,0.155700684,0.840698242,-0.401062012,0.328796387,-0.265625,-0.08984375,-0.28515625,-6.7109375,-5.2109375,-4.0625,0.16796875,2.32226562,-1.26757812
4209,41775934,42075934,0.155212402,0.844909668,-0.401916504,0.316955566,-0.40234375,0.16796875,-0.38671875,-6.3828125,-5.390625,-4.34375,0.16796875,2.32226562,-1.26757812
4210,41787809,42087809,0.154541016,0.849487305,-0.402587891,0.304016113,-0.40234375,0.16796875,-0.38671875,-6.3828125,-5.390625,-4.34375,0.07421875,2.30664062,-1.30078125
4211,41793774,42093774,0.153625488,0.853881836,-0.402954102,0.291442871,-0.58984375,-0.0078125,-0.11328125,-6.0390625,-5.5625,-4.6171875,0.07421875,2.30664062,-1.30078125
4212,41810684,42110684,0.152526855,0.858032227,-0.403137207,0.279296875,-0.58984375,-0.0078125,-0.11328125,-6.0390625,-5.5625,-4.6171875,0.001953125,2.34375,-1.38867188
4213,41815185,42115185,0.151306152,0.862304688,-0.403320312,0.266235352,-0.4609375,-0.4609375,-0.23828125,-5.671875,-5.71875,-4.875,0.001953125,2.34375,-1.38867188
4214,41828730,42128730,0.150024414,0.866516113,-0.403625488,0.252441406,-0.4609375,-0.4609375,-0.23828125,-5.671875,-5.71875,-4.875,0.091796875,2.40039062,-1.40820312
4215,41833764,42133764,0.149047852,0.870056152,-0.40411377,0.239746094,-0.484375,-0.765625,-0.32421875,-5.265625,-5.875,-5.1328125,0.091796875,2.40039062,-1.40820312
4216,41851356,42151356,0.148254395,0.873413086,-0.404846191,0.22644043,-0.484375,-0.765625,-0.32421875,-5.265625,-5.875,-5.1328125,0.21875,2.37304688,-1.33203125
4217,41855509,42155509,0.147399902,0.876647949,-0.405517578,0.212768555,-0.8125,-0.87890625,-0.22265625,-4.859375,-6.03125,-5.3515625,0.21875,2.37304688,-1.33203125
4218,41867240,42167240,0.146484375,0.879455566,-0.40625,0.200073242,-0.8125,-0.87890625,-0.22265625,-4.859375,-6.03125,-5.3515625,0.2578125,2.22851562,-1.33007812
4219,41873823,42173823,0.145324707,0.882019043,-0.407226562,0.187316895,-1.12109375,-0.73046875,-0.4921875,-4.4375,-6.1796875,-5.5390625,0.2578125,2.22851562,-1.33007812
4220,41890356,42190356,0.143859863,0.884277344,-0.408325195,0.174926758,-1.12109375,-0.73046875,-0.4921875,-4.4375,-6.1796875,-5.5390625,0.3046875,2.1484375,-1.42578125
4221,41895066,42195066,0.141967773,0.886474609,-0.409240723,0.162719727,-0.8828125,0.53125,-0.61328125,-4.0234375,-6.328125,-5.6875,0.3046875,2.1484375,-1.42578125
4222,41907494,42207494,0.139709473,0.88873291,-0.409851074,0.150634766,-0.8828125,0.53125,-0.61328125,-4.0234375,-6.328125,-5.6875,0.119140625,1.89648438,-1.40820312
4223,41913451,42213451,0.137451172,0.890991211,-0.409667969,0.139343262,-0.37890625,1.20703125,-0.21875,-3.609375,-6.46875,-5.8125,0.119140625,1.89648438,-1.40820312
4224,41930356,42230356,0.135559082,0.893188477,-0.408935547,0.129089355,-0.37890625,1.20703125,-0.21875,-3.609375,-6.46875,-5.8125,-0.13671875,1.81640625,-1.20703125
4225,41934563,42234563,0.134033203,0.895263672,-0.407897949,0.119018555,0.51171875,0.17578125,-0.2109375,-3.234375,-6.546875,-5.9375,-0.13671875,1.81640625,-1.20703125
4226,41947448,42247448,0.1328125,0.897094727,-0.407165527,0.108642578,0.51171875,0.17578125,-0.2109375,-3.234375,-6.546875,-5.9375,0.03125,1.71289062,-1.01171875
4227,41953437,42253437,0.131896973,0.8984375,-0.407043457,0.0988769531,0.6796875,-0.64453125,-0.23046875,-2.8671875,-6.609375,-6.0703125,0.03125,1.71289062,-1.01171875
4228,41966465,42266465,0.13092041,0.899230957,-0.407775879,0.0892944336,0.6796875,-0.64453125,-0.23046875,-2.8671875,-6.609375,-6.0703125,0.419921875,1.60546875,-1.01953125
4229,41972369,42272369,0.129516602,0.899475098,-0.409545898,0.0798950195,0.65234375,-0.22265625,-0.12890625,-2.53125,-6.6875,-6.1328125,0.419921875,1.60546875,-1.01953125
4230,41987648,42287648,0.127624512,0.899597168,-0.411560059,0.0709838867,0.65234375,-0.22265625,-0.12890625,-2.53125,-6.6875,-6.1328125,0.548828125,1.43164062,-1.19335938
4231,41992434,42292434,0.125305176,0.899902344,-0.413024902,0.0620117188,0.90625,1.0078125,0.4453125,-2.2109375,-6.8046875,-6.1328125,0.548828125,1.43164062,-1.19335938
4232,42010210,42310210,0.123046875,0.90045166,-0.413696289,0.0534667969,0.90625,1.0078125,0.4453125,-2.2109375,-6.8046875,-6.1328125,0.193359375,1.25585938,-1.01953125
4233,42015629,42315629,0.121337891,0.901000977,-0.413879395,0.0460205078,0.9609375,0.82421875,-0.46875,-1.8828125,-6.890625,-6.140625,0.193359375,1.25585938,-1.01953125
4234,42027115,42327115,0.119812012,0.901550293,-0.414001465,0.0388793945,0.9609375,0.82421875,-0.46875,-1.8828125,-6.890625,-6.140625,0.130859375,1.1015625,-0.845703125
4235,42032160,42332160,0.118286133,0.901916504,-0.41418457,0.0319824219,0.3046875,-0.1953125,-1.0625,-1.609375,-6.9453125,-6.15625,0.130859375,1.1015625,-0.845703125
4236,42046793,42346793,0.116821289,0.902160645,-0.414611816,0.0246582031,0.3046875,-0.1953125,-1.0625,-1.609375,-6.9453125,-6.15625,0.265625,1.234375,-0.916015625
4237,42051757,42351757,0.11517334,0.902160645,-0.415344238,0.0168457031,0.421875,-0.72265625,-0.40625,-1.34375,-6.9921875,-6.1640625,0.265625,1.234375,-0.916015625
4238,42066606,42366606,0.113342285,0.902099609,-0.416320801,0.0087890625,0.421875,-0.72265625,-0.40625,-1.34375,-6.9921875,-6.1640625,0.359375,1.27734375,-1.03515625
4239,42071629,42371629,0.111206055,0.902038574,-0.417053223,0.000854492188,0.32421875,0.22265625,0.765625,-1.0546875,-7.0546875,-6.1484375,0.359375,1.27734375,-1.03515625
4240,42088765,42388765,-0.108825684,-0.902282715,0.417114258,0.00646972656,0.32421875,0.22265625,0.765625,-1.0546875,-7.0546875,-6.1484375,0.02734375,1.06054688,-1.03515625
4241,42092500,42392500,-0.106506348,-0.903015137,0.41607666,0.0126342773,0.44921875,1.5703125,1.1796875,-0.7578125,-7.1015625,-6.140625,0.02734375,1.06054688,-1.03515625
4242,42109550,42409550,-0.104003906,-0.904174805,0.413879395,0.0185546875,0.44921875,1.5703125,1.1796875,-0.7578125,-7.1015625,-6.140625,-0.421875,0.7890625,-0.875
4243,42113729,42413729,-0.102050781,-0.905273438,0.411743164,0.0233154297,0.734375,1.5546875,0.453125,-0.5078125,-7.0859375,-6.1796875,-0.421875,0.7890625,-0.875
4244,42125798,42425798,-0.100463867,-0.90612793,0.409973145,0.0282592773,0.734375,1.5546875,0.453125,-0.5078125,-7.0859375,-6.1796875,-0.197265625,0.802734375,-0.654296875
4245,42132632,42432632,-0.0993041992,-0.906494141,0.409057617,0.0330810547,0.875,-0.23828125,0.5859375,-0.3046875,-7.0546875,-6.234375,-0.197265625,0.802734375,-0.654296875
4246,42147877,42447877,-0.0983276367,-0.906433105,0.408935547,0.0377807617,0.875,-0.23828125,0.5859375,-0.3046875,-7.0546875,-6.234375,0.1484375,0.728515625,-0.548828125
4247,42151607,42451607,-0.0972900391,-0.906311035,0.409179688,0.0417480469,0.23828125,-0.78125,0.8984375,-0.125,-7.046875,-6.2421875,0.1484375,0.728515625,-0.548828125
4248,42169315,42469315,-0.0961914062,-0.906188965,0.409240723,0.0454711914,0.23828125,-0.78125,0.8984375,-0.125,-7.046875,-6.2421875,0.05078125,0.498046875,-0.462890625
4249,42173981,42473981,-0.0951538086,-0.90637207,0.408813477,0.0483398438,0.01171875,0.26953125,0.65234375,0.0234375,-7.0625,-6.2265625,0.05078125,0.498046875,-0.462890625
4250,42185749,42485749,-0.0942993164,-0.906738281,0.407836914,0.0504760742,0.01171875,0.26953125,0.65234375,0.0234375,-7.0625,-6.2265625,-0.232421875,0.291015625,-0.298828125
4251,42191720,42491720,-0.09375,-0.907348633,0.406494141,0.0520629883,0.1796875,0.48046875,0.34765625,0.125,-7.046875,-6.2265625,-0.232421875,0.291015625,-0.298828125
4252,42205920,42505920,-0.0935058594,-0.907897949,0.405151367,0.0532836914,0.1796875,0.48046875,0.34765625,0.125,-7.046875,-6.2265625,-0.2578125,0.20703125,-0.138671875
4253,42211640,42511640,-0.0934448242,-0.90838623,0.403930664,0.0542602539,0.078125,-0.8515625,-0.49609375,0.1875,-7.015625,-6.265625,-0.2578125,0.20703125,-0.138671875
4254,42225551,42525551,-0.0934448242,-0.908752441,0.403015137,0.0549926758,0.078125,-0.8515625,-0.49609375,0.1875,-7.015625,-6.265625,-0.150390625,0.134765625,-0.05859375
4255,42231516,42531516,-0.0935058594,-0.908996582,0.402404785,0.0556030273,-0.22265625,-1.2578125,-0.73046875,0.21875,-6.9921875,-6.296875,-0.150390625,0.134765625,-0.05859375
4256,42250741,42550741,-0.0935668945,-0.909179688,0.401916504,0.0561523438,-0.22265625,-1.2578125,-0.73046875,0.21875,-6.9921875,-6.296875,-0.0859375,0.09765625,-0.037109375
4257,42254910,42554910,-0.0936279297,-0.909301758,0.401428223,0.0565185547,-0.25390625,-0.96875,-0.5703125,0.25,-6.9765625,-6.3046875,-0.0859375,0.09765625,-0.037109375
4258,42265202,42565202,-0.0938110352,-0.909545898,0.400939941,0.0565795898,-0.25390625,-0.96875,-0.5703125,0.25,-6.9765625,-6.3046875,-0.125,0.005859375,0.025390625
4259,42271178,42571178,-0.0939941406,-0.909790039,0.400390625,0.0563354492,-0.26171875,-0.9453125,-0.36328125,0.2578125,-6.9609375,-6.3203125,-0.125,0.005859375,0.025390625
4260,42284742,42584742,-0.0942993164,-0.909973145,0.399902344,0.0557861328,-0.26171875,-0.9453125,-0.36328125,0.2578125,-6.9609375,-6.3203125,-0.107421875,-0.09375,0.109375
4261,42290434,42590434,-0.0946655273,-0.91015625,0.399597168,0.0549316406,-0.015625,-0.61328125,-0.00390625,0.2421875,-6.9453125,-6.3359375,-0.107421875,-0.09375,0.109375
4262,42305084,42605084,-0.0951538086,-0.91027832,0.399291992,0.0537109375,-0.015625,-0.61328125,-0.00390625,0.2421875,-6.9453125,-6.3359375,-0.0859375,-0.216796875,0.208984375
4263,42311055,42611055,-0.0957641602,-0.910461426,0.398986816,0.0520019531,0.1015625,-0.27734375,0.43359375,0.203125,-6.9375,-6.3515625,-0.0859375,-0.216796875,0.208984375
4264,42329536,42629536,-0.0965576172,-0.910705566,0.39855957,0.0498046875,0.1015625,-0.27734375,0.43359375,0.203125,-6.9375,-6.3515625,-0.181640625,-0.3828125,0.34375
4265,42334931,42634931,-0.0975341797,-0.911071777,0.397827148,0.0469360352,0.25390625,0.39453125,0.83203125,0.125,-6.921875,-6.3671875,-0.181640625,-0.3828125,0.34375
4266,42346274,42646274,-0.0986938477,-0.911560059,0.396850586,0.0435180664,0.25390625,0.39453125,0.83203125,0.125,-6.921875,-6.3671875,-0.34375,-0.556640625,0.5234375
4267,42350006,42650006,-0.100158691,-0.912109375,0.395568848,0.0396728516,0.41015625,0.671875,0.94921875,0.0078125,-6.890625,-6.40625,-0.34375,-0.556640625,0.5234375
4268,42364220,42664220,-0.102172852,-0.912719727,0.394104004,0.0348510742,0.41015625,0.671875,0.94921875,0.0078125,-6.890625,-6.40625,-0.4375,-0.72265625,0.74609375
4269,42371262,42671262,-0.104370117,-0.913269043,0.392578125,0.0294799805,0.27734375,0.15625,0.65625,-0.1640625,-6.8359375,-6.4609375,-0.4375,-0.72265625,0.74609375
4270,42384226,42684226,-0.106750488,-0.913818359,0.391174316,0.0237426758,0.27734375,0.15625,0.65625,-0.1640625,-6.8359375,-6.4609375,-0.43359375,-0.875,0.921875
4271,42390198,42690198,-0.109436035,-0.91418457,0.389770508,0.0174560547,0.1484375,-0.01953125,0.25390625,-0.3828125,-6.7734375,-6.515625,-0.43359375,-0.875,0.921875
4272,42403680,42703680,-0.112182617,-0.914489746,0.38861084,0.010925293,0.1484375,-0.01953125,0.25390625,-0.3828125,-6.7734375,-6.515625,-0.37890625,-0.998046875,1.03515625
4273,42411253,42711253,-0.11505127,-0.914611816,0.387634277,0.00390625,0.3984375,0.30078125,0.26171875,-0.6328125,-6.7109375,-6.5625,-0.37890625,-0.998046875,1.03515625
4274,42424786,42724786,0.118103027,0.914550781,-0.386779785,0.00341796875,0.3984375,0.30078125,0.26171875,-0.6328125,-6.7109375,-6.5625,-0.328125,-1.17773438,1.19921875
4275,42429840,42729840,0.121459961,0.914428711,-0.385925293,0.0115356445,0.57421875,0.08203125,-0.21484375,-0.921875,-6.6484375,-6.5859375,-0.328125,-1.17773438,1.19921875
4276,42445045,42745045,0.12512207,0.914245605,-0.38482666,0.0205078125,0.57421875,0.08203125,-0.21484375,-0.921875,-6.6484375,-6.5859375,-0.41796875,-1.31835938,1.34179688
4277,42449819,42749819,0.128479004,0.914123535,-0.383361816,0.0291748047,0.05859375,-0.1484375,-0.734375,-1.25,-6.5703125,-6.6015625,-0.41796875,-1.31835938,1.34179688
4278,42464978,42764978,0.131774902,0.914123535,-0.381530762,0.0382080078,0.05859375,-0.1484375,-0.734375,-1.25,-6.5703125,-6.6015625,-0.556640625,-1.40039062,1.32421875
4279,42468701,42768701,0.13494873,0.91394043,-0.379821777,0.0478515625,-1.0078125,-0.82421875,-0.81640625,-1.6015625,-6.46875,-6.6328125,-0.556640625,-1.40039062,1.32421875
4280,42486452,42786452,0.137939453,0.913391113,-0.378479004,0.0589599609,-1.0078125,-0.82421875,-0.81640625,-1.6015625,-6.46875,-6.6328125,-0.40625,-1.79492188,1.3671875
4281,42491933,42791933,0.140319824,0.912414551,-0.377990723,0.0700073242,-1.3828125,-1.0859375,-0.9609375,-1.9921875,-6.359375,-6.640625,-0.40625,-1.79492188,1.3671875
4282,42504195,42804195,0.142578125,0.911010742,-0.378112793,0.0823364258,-1.3828125,-1.0859375,-0.9609375,-1.9921875,-6.359375,-6.640625,-0.150390625,-2.15820312,1.390625
4283,42509231,42809231,0.144897461,0.909118652,-0.378417969,0.0962524414,-0.875,-0.453125,-1.0546875,-2.421875,-6.265625,-6.5859375,-0.150390625,-2.15820312,1.390625
4284,42523802,42823802,0.146728516,0.907287598,-0.378723145,0.109008789,-0.875,-0.453125,-1.0546875,-2.421875,-6.265625,-6.5859375,-0.1640625,-2.4765625,1.46875
4285,42529652,42829652,0.14855957,0.905029297,-0.378845215,0.123779297,-0.54296875,-0.0078125,-1.203125,-2.90625,-6.171875,-6.4765625,-0.1640625,-2.4765625,1.46875
4286,42544121,42844121,0.15032959,0.90246582,-0.37890625,0.139404297,-0.54296875,-0.0078125,-1.203125,-2.90625,-6.171875,-6.4765625,-0.166015625,-2.68164062,1.5390625
4287,42549163,42849163,0.151916504,0.899841309,-0.37890625,0.153625488,-0.16796875,0.171875,-1.19140625,-3.4375,-6.046875,-6.3359375,-0.166015625,-2.68164062,1.5390625
4288,42566819,42866819,0.153503418,0.896911621,-0.378479004,0.169494629,-0.16796875,0.171875,-1.19140625,-3.4375,-6.046875,-6.3359375,-0.3046875,-2.73632812,1.5390625
4289,42571502,42871502,0.154968262,0.893859863,-0.377929688,0.184875488,-0.30078125,-0.3125,-0.85546875,-3.953125,-5.90625,-6.171875,-0.3046875,-2.73632812,1.5390625
4290,42582534,42882534,0.156311035,0.890441895,-0.377624512,0.200134277,-0.30078125,-0.3125,-0.85546875,-3.953125,-5.90625,-6.171875,-0.18359375,-2.69140625,1.48242188
4291,42589507,42889507,0.157592773,0.886779785,-0.377685547,0.21472168,-0.484375,-0.8515625,-0.37109375,-4.4609375,-5.75,-5.96875,-0.18359375,-2.69140625,1.48242188
4292,42602197,42902197,0.158630371,0.88293457,-0.378112793,0.228637695,-0.484375,-0.8515625,-0.37109375,-4.4609375,-5.75,-5.96875,0.01171875,-2.6171875,1.34179688
4293,42608802,42908802,0.159545898,0.878662109,-0.378845215,0.242858887,-0.25390625,-0.5703125,-0.14453125,-4.921875,-5.609375,-5.734375,0.01171875,-2.6171875,1.34179688
4294,42623249,42923249,0.160339355,0.874328613,-0.379577637,0.256347656,-0.25390625,-0.5703125,-0.14453125,-4.921875,-5.609375,-5.734375,0.0625,-2.49804688,1.21679688
4295,42628299,42928299,0.160888672,0.870056152,-0.380187988,0.269348145,-0.23046875,0.30859375,-0.2265625,-5.3671875,-5.4921875,-5.4609375,0.0625,-2.49804688,1.21679688
4296,42645324,42945324,0.161376953,0.865844727,-0.380432129,0.282104492,-0.23046875,0.30859375,-0.2265625,-5.3671875,-5.4921875,-5.4609375,-0.068359375,-2.4453125,1.1875
4297,42649083,42949083,0.161743164,0.861694336,-0.380310059,0.294372559,0.125,0.3671875,-0.234375,-5.7578125,-5.359375,-5.1875,-0.068359375,-2.4453125,1.1875
4298,42662385,42962385,0.16217041,0.857177734,-0.379943848,0.307678223,0.125,0.3671875,-0.234375,-5.7578125,-5.359375,-5.1875,-0.1171875,-2.41015625,1.21289062
4299,42668720,42968720,0.162536621,0.852539062,-0.379638672,0.3203125,0.34375,0.01953125,-0.23046875,-6.1328125,-5.203125,-4.921875,-0.1171875,-2.41015625,1.21289062
4300,42682426,42982426,0.162719727,0.848144531,-0.379577637,0.331848145,0.34375,0.01953125,-0.23046875,-6.1328125,-5.203125,-4.921875,-0.015625,-2.30664062,1.07421875
4301,42687536,42987536,0.162780762,0.843261719,-0.379638672,0.34387207,0.60546875,0.0234375,-0.25,-6.46875,-5.0546875,-4.6328125,-0.015625,-2.30664062,1.07421875
4302,42701988,43001988,0.162719727,0.838500977,-0.379821777,0.355224609,0.60546875,0.0234375,-0.25,-6.46875,-5.0546875,-4.6328125,0.015625,-2.23828125,0.98046875
4303,42707963,43007963,0.162536621,0.833740234,-0.379821777,0.366333008,0.06640625,0.38671875,-0.2109375,-6.7734375,-4.921875,-4.328125,0.015625,-2.23828125,0.98046875
4304,42725397,43025397,0.16229248,0.828918457,-0.379638672,0.377380371,0.06640625,0.38671875,-0.2109375,-6.7734375,-4.921875,-4.328125,-0.0703125,-2.16992188,0.9609375
4305,42729421,43029421,0.162109375,0.824462891,-0.379333496,0.387451172,0.30859375,0.3984375,0.05859375,-7.0546875,-4.78125,-4.0234375,-0.0703125,-2.16992188,0.9609375
4306,42743273,43043273,0.16192627,0.819580078,-0.378845215,0.398132324,0.30859375,0.3984375,0.05859375,-7.0546875,-4.78125,-4.0234375,-0.07421875,-1.99804688,0.927734375
4307,42746889,43046889,0.161865234,0.815246582,-0.378356934,0.407531738,0.375,-0.0859375,0.15234375,-7.3125,-4.640625,-3.734375,-0.07421875,-1.99804688,0.927734375
4308,42763316,43063316,0.161804199,0.810241699,-0.377929688,0.417663574,0.375,-0.0859375,0.15234375,-7.3125,-4.640625,-3.734375,-0.0078125,-1.953125,0.9140625
4309,42766682,43066682,0.161804199,0.805664062,-0.377563477,0.426879883,0.6328125,-0.03515625,-0.09765625,-7.53125,-4.5,-3.4453125,-0.0078125,-1.953125,0.9140625
4310,42782984,43082984,0.161682129,0.80078125,-0.377197266,0.436340332,0.6328125,-0.03515625,-0.09765625,-7.53125,-4.5,-3.4453125,-0.005859375,-1.85351562,0.837890625
4311,42786590,43086590,0.161437988,0.796264648,-0.37689209,0.444824219,0.57421875,0.40625,-0.04296875,-7.7421875,-4.3671875,-3.15625,-0.005859375,-1.85351562,0.837890625
4312,42804639,43104639,0.160766602,0.791503906,-0.376647949,0.453674316,0.57421875,0.40625,-0.04296875,-7.7421875,-4.3671875,-3.15625,-0.01953125,-1.79492188,0.6484375
4313,42809856,43109856,0.159729004,0.787231445,-0.376525879,0.461547852,0.2890625,0.63671875,-0.1328125,-7.9140625,-4.25,-2.875,-0.01953125,-1.79492188,0.6484375
4314,42821735,43121735,0.158325195,0.782714844,-0.376525879,0.469604492,0.2890625,0.63671875,-0.1328125,-7.9140625,-4.25,-2.875,-0.029296875,-1.70898438,0.482421875
4315,42831350,43131350,0.156921387,0.778442383,-0.376586914,0.476989746,0.23828125,0.50390625,-0.10546875,-8.0546875,-4.15625,-2.59375,-0.029296875,-1.70898438,0.482421875
4316,42840846,43140846,0.155761719,0.774291992,-0.376647949,0.484069824,0.23828125,0.50390625,-0.10546875,-8.0546875,-4.15625,-2.59375,0,-1.5546875,0.482421875
4317,42849105,43149105,0.154785156,0.770446777,-0.376586914,0.490539551,0.46875,0.5,-0.1328125,-8.171875,-4.078125,-2.3359375,0,-1.5546875,0.482421875
4318,42862541,43162541,0.153869629,0.766418457,-0.376525879,0.497131348,0.46875,0.5,-0.1328125,-8.171875,-4.078125,-2.3359375,-0.015625,-1.37890625,0.46484375
4319,42866306,43166306,0.153076172,0.762878418,-0.376281738,0.502929688,-0.04296875,0.578125,0.0078125,-8.2734375,-4,-2.09375,-0.015625,-1.37890625,0.46484375
4320,42883194,43183194,0.152160645,0.759155273,-0.375854492,0.509155273,-0.04296875,0.578125,0.0078125,-8.2734375,-4,-2.09375,-0.078125,-1.28515625,0.45703125
4321,42887872,43187872,0.151245117,0.75592041,-0.375305176,0.514587402,-0.140625,0.65234375,0.0546875,-8.3671875,-3.921875,-1.875,-0.078125,-1.28515625,0.45703125
4322,42903477,43203477,0.150146484,0.752685547,-0.374633789,0.520141602,-0.140625,0.65234375,0.0546875,-8.3671875,-3.921875,-1.875,-0.146484375,-1.140625,0.37890625
4323,42910350,43210350,0.149169922,0.75,-0.373962402,0.524780273,-0.20703125,0.49609375,0.05859375,-8.453125,-3.84375,-1.6875,-0.146484375,-1.140625,0.37890625
4324,42920334,43220334,0.148010254,0.747314453,-0.37310791,0.529602051,-0.20703125,0.49609375,0.05859375,-8.453125,-3.84375,-1.6875,-0.19921875,-0.982421875,0.33984375
4325,42926494,43226494,0.146972656,0.744995117,-0.372192383,0.533752441,-0.15234375,0.47265625,0.125,-8.5078125,-3.78125,-1.5234375,-0.19921875,-0.982421875,0.33984375
4326,42940439,43240439,0.145996094,0.742858887,-0.371276855,0.537597656,-0.15234375,0.47265625,0.125,-8.5078125,-3.78125,-1.5234375,-0.18359375,-0.794921875,0.29296875
4327,42950356,43250356,0.145263672,0.740966797,-0.370422363,0.541015625,0.0859375,0.03515625,0.0625,-8.5546875,-3.7265625,-1.3828125,-0.18359375,-0.794921875,0.29296875
4328,42965395,43265395,0.14465332,0.739257812,-0.369506836,0.544067383,0.0859375,0.03515625,0.0625,-8.5546875,-3.7265625,-1.3828125,-0.15234375,-0.59765625,0.28125
4329,42966867,43266867,0.144287109,0.737915039,-0.368652344,0.546630859,0.27734375,-0.02734375,0.3046875,-8.59375,-3.6640625,-1.28125,-0.15234375,-0.59765625,0.28125
4330,42981152,43281152,0.144226074,0.736816406,-0.367736816,0.54876709,0.27734375,-0.02734375,0.3046875,-8.59375,-3.6640625,-1.28125,-0.109375,-0.3515625,0.265625
4331,42990592,43290592,0.144287109,0.736083984,-0.366882324,0.550292969,0.625,-0.3125,0.34765625,-8.6328125,-3.609375,-1.2109375,-0.109375,-0.3515625,0.265625
4332,43001935,43301935,0.144592285,0.735656738,-0.365844727,0.551452637,0.625,-0.3125,0.34765625,-8.6328125,-3.609375,-1.2109375,-0.123046875,-0.099609375,0.224609375
4333,43005387,43305387,0.144958496,0.735595703,-0.364929199,0.552062988,0.6015625,-0.42578125,0.47265625,-8.6484375,-3.5703125,-1.1796875,-0.123046875,-0.099609375,0.224609375
4334,43018801,43318801,0.145507812,0.735778809,-0.363952637,0.552246094,0.6015625,-0.42578125,0.47265625,-8.6484375,-3.5703125,-1.1796875,-0.083984375,0.1015625,0.16015625
4335,43028604,43328604,0.146057129,0.736206055,-0.363220215,0.552001953,0.2734375,-0.54296875,0.44140625,-8.6640625,-3.53125,-1.1875,-0.083984375,0.1015625,0.16015625
4336,43041759,43341759,0.14654541,0.736877441,-0.362609863,0.551391602,0.2734375,-0.54296875,0.44140625,-8.6640625,-3.53125,-1.1875,-0.05859375,0.2578125,0.0546875
4337,43045862,43345862,0.147033691,0.737731934,-0.362121582,0.550415039,0.38671875,-0.56640625,0.48046875,-8.6640625,-3.5078125,-1.2265625,-0.05859375,0.2578125,0.0546875
4338,43061132,43361132,0.147583008,0.738952637,-0.361816406,0.54888916,0.38671875,-0.56640625,0.48046875,-8.6640625,-3.5078125,-1.2265625,-0.021484375,0.44140625,-0.060546875
4339,43067613,43367613,0.148071289,0.740356445,-0.361633301,0.546936035,0.68359375,-0.453125,0.58203125,-8.65625,-3.5078125,-1.2890625,-0.021484375,0.44140625,-0.060546875
4340,43079646,43379646,0.148620605,0.7421875,-0.36151123,0.544372559,0.68359375,-0.453125,0.58203125,-8.65625,-3.5078125,-1.2890625,-0.01953125,0.677734375,-0.177734375
4341,43085035,43385035,0.149108887,0.744506836,-0.36138916,0.541137695,0.66796875,-0.08203125,0.40625,-8.640625,-3.53125,-1.3828125,-0.01953125,0.677734375,-0.177734375
4342,43098951,43398951,0.149658203,0.747131348,-0.361328125,0.537475586,0.66796875,-0.08203125,0.40625,-8.640625,-3.53125,-1.3828125,-0.03515625,0.943359375,-0.287109375
4343,43106218,43406218,0.15020752,0.75012207,-0.36126709,0.53314209,0.578125,0.03125,0.39453125,-8.5859375,-3.5703125,-1.5234375,-0.03515625,0.943359375,-0.287109375
4344,43119924,43419924,0.150695801,0.753356934,-0.36126709,0.528381348,0.578125,0.03125,0.39453125,-8.5859375,-3.5703125,-1.5234375,-0.041015625,1.21484375,-0.416015625
4345,43124781,43424781,0.151306152,0.757324219,-0.361328125,0.522460938,0.5234375,0.32421875,0.3046875,-8.53125,-3.6328125,-1.703125,-0.041015625,1.21484375,-0.416015625
4346,43140424,43440424,0.151855469,0.761413574,-0.361450195,0.516296387,0.5234375,0.32421875,0.3046875,-8.53125,-3.6328125,-1.703125,-0.0390625,1.484375,-0.51953125
4347,43146203,43446203,0.15246582,0.765686035,-0.36151123,0.50970459,0.58984375,0.32421875,0.234375,-8.4453125,-3.7109375,-1.9375,-0.0390625,1.484375,-0.51953125
4348,43159780,43459780,0.153137207,0.770324707,-0.361633301,0.502319336,0.58984375,0.32421875,0.234375,-8.4453125,-3.7109375,-1.9375,-0.021484375,1.71484375,-0.62109375
4349,43165565,43465565,0.153869629,0.775634766,-0.361877441,0.493774414,0.5546875,0.3359375,0.0390625,-8.3359375,-3.796875,-2.203125,-0.021484375,1.71484375,-0.62109375
4350,43179897,43479897,0.154541016,0.780700684,-0.362121582,0.485290527,0.5546875,0.3359375,0.0390625,-8.3359375,-3.796875,-2.203125,0.015625,1.953125,-0.7265625
4351,43191771,43491771,0.155273438,0.785827637,-0.362487793,0.476379395,0.22265625,0.30078125,0.19921875,-8.1953125,-3.9140625,-2.515625,0.015625,1.953125,-0.7265625
4352,43207191,43507191,0.155944824,0.791564941,-0.363037109,0.466186523,0.22265625,0.30078125,0.19921875,-8.1953125,-3.9140625,-2.515625,0.072265625,2.11328125,-0.84765625
4353,43211425,43511425,0.156555176,0.796813965,-0.363708496,0.456420898,-0.26171875,0.0859375,0.14453125,-8.015625,-4.046875,-2.84375,0.072265625,2.11328125,-0.84765625
4354,43220494,43520494,0.157104492,0.802429199,-0.364501953,0.445678711,-0.26171875,0.0859375,0.14453125,-8.015625,-4.046875,-2.84375,0.115234375,2.22460938,-0.953125
4355,43227332,43527332,0.157531738,0.807739258,-0.36529541,0.435119629,-0.3515625,-0.03125,0.01171875,-7.8125,-4.1953125,-3.171875,0.115234375,2.22460938,-0.953125
4356,43239179,43539179,0.158081055,0.813354492,-0.366271973,0.423522949,-0.3515625,-0.03125,0.01171875,-7.8125,-4.1953125,-3.171875,0.15234375,2.3125,-0.9921875
4357,43245050,43545050,0.158630371,0.818664551,-0.3671875,0.412109375,-0.4296875,-0.44921875,-0.1796875,-7.578125,-4.3515625,-3.515625,0.15234375,2.3125,-0.9921875
4358,43258971,43558971,0.159179688,0.823669434,-0.368347168,0.400695801,-0.4296875,-0.44921875,-0.1796875,-7.578125,-4.3515625,-3.515625,0.25390625,2.36132812,-1.04296875
4359,43265215,43565215,0.159667969,0.828857422,-0.369628906,0.388427734,-0.54296875,-0.1796875,-0.3125,-7.3125,-4.5078125,-3.84375,0.25390625,2.36132812,-1.04296875
4360,43280866,43580866,0.159912109,0.833862305,-0.370910645,0.376159668,-0.54296875,-0.1796875,-0.3125,-7.3125,-4.5078125,-3.84375,0.24609375,2.37695312,-1.13085938
4361,43285181,43585181,0.16003418,0.838562012,-0.372070312,0.364379883,-0.640625,0.078125,-0.296875,-7.0234375,-4.6875,-4.1640625,0.24609375,2.37695312,-1.13085938
4362,43299702,43599702,0.16003418,0.843566895,-0.373168945,0.35144043,-0.640625,0.078125,-0.296875,-7.0234375,-4.6875,-4.1640625,0.208984375,2.40625,-1.15625
4363,43306985,43606985,0.159973145,0.848022461,-0.374084473,0.339599609,-0.73046875,-0.08984375,-0.22265625,-6.703125,-4.8671875,-4.46875,0.208984375,2.40625,-1.15625
4364,43319605,43619605,0.159912109,0.852600098,-0.375061035,0.326843262,-0.73046875,-0.08984375,-0.22265625,-6.703125,-4.8671875,-4.46875,0.2265625,2.34179688,-1.14648438
4365,43323147,43623147,0.159729004,0.856628418,-0.375976562,0.315063477,-0.59375,-0.26953125,-0.4765625,-6.3828125,-5.03125,-4.75,0.2265625,2.34179688,-1.14648438
4366,43340373,43640373,0.159423828,0.860961914,-0.37701416,0.302062988,-0.59375,-0.26953125,-0.4765625,-6.3828125,-5.03125,-4.75,0.23046875,2.32421875,-1.18554688
4367,43346619,43646619,0.158935547,0.864807129,-0.377746582,0.290100098,-0.59765625,-0.05859375,-0.359375,-6.03125,-5.203125,-5.0234375,0.23046875,2.32421875,-1.18554688
4368,43361373,43661373,0.15814209,0.869018555,-0.378173828,0.277099609,-0.59765625,-0.05859375,-0.359375,-6.03125,-5.203125,-5.0234375,0.080078125,2.30859375,-1.24023438
4369,43366440,43666440,0.157165527,0.87298584,-0.378356934,0.264648438,-0.4296875,0.10546875,-0.30078125,-5.6640625,-5.3671875,-5.2734375,0.080078125,2.30859375,-1.24023438
4370,43380130,43680130,0.15612793,0.87689209,-0.378417969,0.25201416,-0.4296875,0.10546875,-0.30078125,-5.6640625,-5.3671875,-5.2734375,0.05078125,2.3515625,-1.265625
4371,43386936,43686936,0.155151367,0.880493164,-0.378417969,0.239746094,-0.19921875,-0.0234375,0.1015625,-5.28125,-5.5078125,-5.5234375,0.05078125,2.3515625,-1.265625
4372,43398065,43698065,0.154174805,0.884094238,-0.378479004,0.226623535,-0.19921875,-0.0234375,0.1015625,-5.28125,-5.5078125,-5.5234375,0.115234375,2.31835938,-1.24609375
4373,43405844,43705844,0.153076172,0.887390137,-0.378479004,0.214111328,-0.109375,0.04296875,-0.16796875,-4.875,-5.6484375,-5.75,0.115234375,2.31835938,-1.24609375
4374,43418918,43718918,0.151794434,0.890563965,-0.378234863,0.201904297,-0.109375,0.04296875,-0.16796875,-4.875,-5.6484375,-5.75,-0.005859375,2.16992188,-1.24414062
4375,43424076,43724076,0.150390625,0.893554688,-0.377746582,0.190490723,-0.19921875,0.16015625,0.2265625,-4.4765625,-5.765625,-5.953125,-0.005859375,2.16992188,-1.24414062
4376,43440257,43740257,0.148803711,0.89654541,-0.376953125,0.178771973,-0.19921875,0.16015625,0.2265625,-4.4765625,-5.765625,-5.953125,-0.087890625,2.00976562,-1.16210938
4377,43443666,43743666,0.147338867,0.899169922,-0.376159668,0.168151855,0.20703125,0.03125,-0.16015625,-4.078125,-5.8671875,-6.140625,-0.087890625,2.00976562,-1.16210938
4378,43462072,43762072,0.145812988,0.901855469,-0.375305176,0.156677246,0.20703125,0.03125,-0.16015625,-4.078125,-5.8671875,-6.140625,-0.052734375,1.984375,-1.12304688
4379,43466441,43766441,0.14453125,0.90411377,-0.374572754,0.146362305,0.3984375,-0.0078125,-0.2734375,-3.6953125,-5.9453125,-6.296875,-0.052734375,1.984375,-1.12304688
4380,43477984,43777984,0.143066406,0.906311035,-0.374023438,0.135009766,0.3984375,-0.0078125,-0.2734375,-3.6953125,-5.9453125,-6.296875,0.064453125,1.91796875,-1.109375
4381,43483176,43783176,0.141784668,0.908081055,-0.373840332,0.124633789,0.2890625,-0.08203125,-0.66796875,-3.3203125,-6.0234375,-6.4375,0.064453125,1.91796875,-1.109375
4382,43501081,43801081,0.140319824,0.909851074,-0.373657227,0.113464355,0.2890625,-0.08203125,-0.66796875,-3.3203125,-6.0234375,-6.4375,0.12109375,1.90625,-1.09570312
4383,43504676,43804676,0.138977051,0.911315918,-0.373657227,0.102600098,0.1015625,-0.15625,-0.09765625,-2.9375,-6.1015625,-6.546875,0.12109375,1.90625,-1.09570312
4384,43518716,43818716,0.137695312,0.912475586,-0.374023438,0.0925292969,0.1015625,-0.15625,-0.09765625,-2.9375,-6.1015625,-6.546875,0.322265625,1.79101562,-1.07617188
4385,43524640,43824640,0.136169434,0.913269043,-0.374938965,0.0824584961,-0.2734375,-0.33984375,-0.2578125,-2.5625,-6.1875,-6.6171875,0.322265625,1.79101562,-1.07617188
4386,43536872,43836872,0.134216309,0.914001465,-0.375976562,0.0723266602,-0.2734375,-0.33984375,-0.2578125,-2.5625,-6.1875,-6.6171875,0.31640625,1.515625,-1.09570312
4387,43542203,43842203,0.132019043,0.914733887,-0.376525879,0.063659668,-0.3984375,0.4140625,-0.02734375,-2.2109375,-6.2890625,-6.65625,0.31640625,1.515625,-1.09570312
4388,43559374,43859374,0.129699707,0.915527344,-0.376586914,0.0559082031,-0.3984375,0.4140625,-0.02734375,-2.2109375,-6.2890625,-6.65625,0.09765625,1.21289062,-1.02148438
4389,43563320,43863320,0.127441406,0.916381836,-0.376281738,0.048828125,0.44140625,0.66796875,-0.2265625,-1.8984375,-6.3515625,-6.6875,0.09765625,1.21289062,-1.02148438
4390,43576655,43876655,0.125183105,0.917419434,-0.375427246,0.0413818359,0.44140625,0.66796875,-0.2265625,-1.8984375,-6.3515625,-6.6875,-0.095703125,1.171875,-0.93359375
4391,43583883,43883883,0.12322998,0.918334961,-0.374572754,0.0342407227,0.76171875,0.1328125,-0.37890625,-1.609375,-6.390625,-6.7265625,-0.095703125,1.171875,-0.93359375
4392,43599291,43899291,0.121643066,0.918945312,-0.374267578,0.0267944336,0.76171875,0.1328125,-0.37890625,-1.609375,-6.390625,-6.7265625,0.16015625,1.27929688,-0.83984375
4393,43602804,43902804,0.120361328,0.919067383,-0.374755859,0.0193481445,0.22265625,-0.7265625,-0.68359375,-1.3359375,-6.4140625,-6.765625,0.16015625,1.27929688,-0.83984375
4394,43614908,43914908,0.11895752,0.918823242,-0.376098633,0.010925293,0.22265625,-0.7265625,-0.68359375,-1.3359375,-6.4140625,-6.765625,0.4765625,1.33007812,-0.86328125
4395,43624789,43924789,0.11730957,0.918640137,-0.377319336,0.00329589844,-0.03515625,0.49609375,0.91015625,-1.0390625,-6.484375,-6.75,0.4765625,1.33007812,-0.86328125
4396,43637755,43937755,-0.11541748,-0.918640137,0.377929688,0.00311279297,-0.03515625,0.49609375,0.91015625,-1.0390625,-6.484375,-6.75,0.1796875,0.990234375,-0.861328125
4397,43643432,43943432,-0.113342285,-0.918945312,0.377685547,0.00897216797,0.203125,1.20703125,0.88671875,-0.78125,-6.546875,-6.7265625,0.1796875,0.990234375,-0.861328125
4398,43654738,43954738,-0.111328125,-0.919616699,0.376525879,0.0142211914,0.203125,1.20703125,0.88671875,-0.78125,-6.546875,-6.7265625,-0.22265625,0.74609375,-0.705078125
4399,43663963,43963963,-0.109680176,-0.920349121,0.37487793,0.0186157227,0.4765625,0.59375,0.328125,-0.5546875,-6.546875,-6.7421875,-0.22265625,0.74609375,-0.705078125
4400,43675927,43975927,-0.108276367,-0.921142578,0.373168945,0.0229492188,0.4765625,0.59375,0.328125,-0.5546875,-6.546875,-6.7421875,-0.232421875,0.7421875,-0.580078125
4401,43682244,43982244,-0.107177734,-0.921569824,0.372070312,0.0274658203,0.6796875,-0.203125,-0.01953125,-0.375,-6.515625,-6.78125,-0.232421875,0.7421875,-0.580078125
4402,43699243,43999243,-0.106262207,-0.92175293,0.371582031,0.0319213867,0.6796875,-0.203125,-0.01953125,-0.375,-6.515625,-6.78125,0.07421875,0.7890625,-0.505859375
4403,43702885,44002885,-0.10534668,-0.921691895,0.371582031,0.0365600586,0.421875,-0.59375,0.265625,-0.1953125,-6.5078125,-6.796875,0.07421875,0.7890625,-0.505859375
4404,43714839,44014839,-0.104431152,-0.921630859,0.371582031,0.0405273438,0.421875,-0.59375,0.265625,-0.1953125,-6.5078125,-6.796875,0.083984375,0.623046875,-0.447265625
4405,43721027,44021027,-0.103515625,-0.921691895,0.371337891,0.0438842773,-0.0859375,-0.04296875,0.3359375,-0.03125,-6.5234375,-6.7890625,0.083984375,0.623046875,-0.447265625
4406,43734931,44034931,-0.102661133,-0.921936035,0.370605469,0.0464477539,-0.0859375,-0.04296875,0.3359375,-0.03125,-6.5234375,-6.7890625,-0.154296875,0.388671875,-0.3515625
4407,43742902,44042902,-0.101867676,-0.922363281,0.369445801,0.0487060547,0.09375,0.06640625,-0.23828125,0.09375,-6.515625,-6.7890625,-0.154296875,0.388671875,-0.3515625
4408,43756875,44056875,-0.101318359,-0.922851562,0.368164062,0.0507202148,0.09375,0.06640625,-0.23828125,0.09375,-6.515625,-6.7890625,-0.220703125,0.349609375,-0.24609375
4409,43761711,44061711,-0.101013184,-0.923217773,0.36706543,0.0526123047,0.27734375,-0.76171875,-0.7890625,0.1796875,-6.4921875,-6.8125,-0.220703125,0.349609375,-0.24609375
4410,43778228,44078228,-0.100891113,-0.923461914,0.366149902,0.0547485352,0.27734375,-0.76171875,-0.7890625,0.1796875,-6.4921875,-6.8125,-0.115234375,0.404296875,-0.185546875
4411,43781860,44081860,-0.100830078,-0.923583984,0.365478516,0.0569458008,-0.03125,-1.16796875,-1.1875,0.2578125,-6.46875,-6.8359375,-0.115234375,0.404296875,-0.185546875
4412,43796737,44096737,-0.100769043,-0.923583984,0.36517334,0.0592651367,-0.03125,-1.16796875,-1.1875,0.2578125,-6.46875,-6.8359375,0.021484375,0.404296875,-0.1796875
4413,43800985,44100985,-0.100585938,-0.923522949,0.36505127,0.0612792969,-0.60546875,-1.328125,-0.9140625,0.3359375,-6.4609375,-6.84375,0.021484375,0.404296875,-0.1796875
4414,43817515,44117515,-0.100280762,-0.923400879,0.365112305,0.063293457,-0.60546875,-1.328125,-0.9140625,0.3359375,-6.4609375,-6.84375,0.05078125,0.294921875,-0.185546875
4415,43821138,44121138,-0.0999145508,-0.923339844,0.365112305,0.0646972656,-0.33984375,-0.70703125,-0.30859375,0.4140625,-6.46875,-6.8359375,0.05078125,0.294921875,-0.185546875
4416,43836453,44136453,-0.0995483398,-0.923339844,0.364990234,0.0657348633,-0.33984375,-0.70703125,-0.30859375,0.4140625,-6.46875,-6.8359375,-0.0078125,0.130859375,-0.1328125
4417,43840654,44140654,-0.0992431641,-0.923339844,0.364868164,0.0664672852,-0.08203125,-0.36328125,-0.421875,0.4609375,-6.46875,-6.8359375,-0.0078125,0.130859375,-0.1328125
4418,43856533,44156533,-0.0990600586,-0.923339844,0.364868164,0.067199707,-0.08203125,-0.36328125,-0.421875,0.4609375,-6.46875,-6.8359375,0.048828125,0.119140625,-0.064453125
4419,43860138,44160138,-0.0990600586,-0.923156738,0.36517334,0.0678100586,0.35546875,-0.5078125,0.2265625,0.484375,-6.4765625,-6.8359375,0.048828125,0.119140625,-0.064453125
4420,43875400,44175400,-0.0990600586,-0.922912598,0.365722656,0.0682983398,0.35546875,-0.5078125,0.2265625,0.484375,-6.4765625,-6.8359375,0.1328125,0.0390625,-0.0078125
4421,43879627,44179627,-0.0990600586,-0.922729492,0.366271973,0.0682983398,0.1484375,-0.30859375,0.75,0.5,-6.484375,-6.8203125,0.1328125,0.0390625,-0.0078125
4422,43898223,44198223,-0.0992431641,-0.922546387,0.366699219,0.0677490234,0.1484375,-0.30859375,0.75,0.5,-6.484375,-6.8203125,0.06640625,-0.125,0.119140625
4423,43903275,44203275,-0.0996704102,-0.922424316,0.36706543,0.0667114258,0.30859375,0.77734375,1.1171875,0.4921875,-6.5,-6.8046875,0.06640625,-0.125,0.119140625
4424,43919274,44219274,-0.100402832,-0.922363281,0.367248535,0.0650634766,0.30859375,0.77734375,1.1171875,0.4921875,-6.5,-6.8046875,-0.025390625,-0.306640625,0.296875
4425,43920751,44220751,-0.101318359,-0.922424316,0.367370605,0.0627441406,0.2578125,0.74609375,1.3828125,0.4296875,-6.5078125,-6.8046875,-0.025390625,-0.306640625,0.296875
4426,43936615,44236615,-0.102539062,-0.922485352,0.367431641,0.0596313477,0.2578125,0.74609375,1.3828125,0.4296875,-6.5078125,-6.8046875,-0.08203125,-0.548828125,0.49609375
4427,43940357,44240357,-0.103942871,-0.922546387,0.367431641,0.0559082031,0.08984375,0.89453125,1.4296875,0.328125,-6.5,-6.8125,-0.08203125,-0.548828125,0.49609375
4428,43955986,44255986,-0.105834961,-0.922668457,0.3671875,0.0510253906,0.08984375,0.89453125,1.4296875,0.328125,-6.5,-6.8125,-0.205078125,-0.78515625,0.7265625
4429,43959484,44259484,-0.107788086,-0.922912598,0.366821289,0.0458984375,0.1484375,0.6484375,1.0703125,0.15625,-6.484375,-6.8359375,-0.205078125,-0.78515625,0.7265625
4430,43975976,44275976,-0.110168457,-0.923095703,0.366271973,0.0396728516,0.1484375,0.6484375,1.0703125,0.15625,-6.484375,-6.8359375,-0.27734375,-0.97265625,0.892578125
4431,43979743,44279743,-0.112609863,-0.923278809,0.365661621,0.0334472656,-0.0859375,0.15625,0.14453125,-0.0703125,-6.453125,-6.8671875,-0.27734375,-0.97265625,0.892578125
4432,43994756,44294756,-0.115539551,-0.923461914,0.364929199,0.0260620117,-0.0859375,0.15625,0.14453125,-0.0703125,-6.453125,-6.8671875,-0.3203125,-1.10546875,1.0625
4433,43999212,44299212,-0.118408203,-0.923522949,0.364318848,0.0187988281,-0.1171875,0.109375,-0.09375,-0.34375,-6.40625,-6.8984375,-0.3203125,-1.10546875,1.0625
4434,44015001,44315001,-0.121704102,-0.923522949,0.363647461,0.00988769531,-0.1171875,0.109375,-0.09375,-0.34375,-6.40625,-6.8984375,-0.3359375,-1.40429688,1.25390625
4435,44022046,44322046,-0.12487793,-0.923400879,0.362976074,0.00109863281,-0.45703125,-0.13671875,-0.90234375,-0.65625,-6.3515625,-6.9296875,-0.3359375,-1.40429688,1.25390625
4436,44034008,44334008,0.128723145,0.923156738,-0.362060547,0.00958251953,-0.45703125,-0.13671875,-0.90234375,-0.65625,-6.3515625,-6.9296875,-0.41015625,-1.58789062,1.41601562
4437,44038357,44338357,0.132080078,0.922851562,-0.36126709,0.0193481445,-0.41796875,-0.484375,-0.84375,-1.0390625,-6.2734375,-6.953125,-0.41015625,-1.58789062,1.41601562
4438,44056404,44356404,0.135742188,0.922241211,-0.360656738,0.0307617188,-0.41796875,-0.484375,-0.84375,-1.0390625,-6.2734375,-6.953125,-0.3203125,-1.8359375,1.49023438
4439,44060032,44360032,0.139038086,0.921508789,-0.360229492,0.0422973633,-0.6953125,-0.67578125,-1.21875,-1.453125,-6.1953125,-6.9609375,-0.3203125,-1.8359375,1.49023438
4440,44074061,44374061,0.142272949,0.920471191,-0.359802246,0.0556030273,-0.6953125,-0.67578125,-1.21875,-1.453125,-6.1953125,-6.9609375,-0.32421875,-2.27929688,1.55664062
4441,44079376,44379376,0.145202637,0.919067383,-0.359619141,0.0697631836,-0.609375,-0.9296875,-1.36328125,-1.921875,-6.09375,-6.9296875,-0.32421875,-2.27929688,1.55664062
4442,44096972,44396972,0.147827148,0.917419434,-0.359741211,0.0838623047,-0.609375,-0.9296875,-1.36328125,-1.921875,-6.09375,-6.9296875,-0.224609375,-2.56445312,1.57617188
4443,44101200,44401200,0.150146484,0.915405273,-0.360107422,0.0988769531,-0.31640625,-1.15625,-1.09765625,-2.4453125,-5.984375,-6.8515625,-0.224609375,-2.56445312,1.57617188
4444,44113545,44413545,0.15234375,0.913024902,-0.360839844,0.114257812,-0.31640625,-1.15625,-1.09765625,-2.4453125,-5.984375,-6.8515625,-0.068359375,-2.75390625,1.55664062
4445,44119591,44419591,0.15447998,0.91003418,-0.362121582,0.129699707,-0.10546875,-0.828125,-1.26171875,-3,-5.890625,-6.7265625,-0.068359375,-2.75390625,1.55664062
4446,44136538,44436538,0.156677246,0.906738281,-0.363647461,0.144958496,-0.10546875,-0.828125,-1.26171875,-3,-5.890625,-6.7265625,0.107421875,-2.90820312,1.65039062
4447,44140280,44440280,0.158935547,0.902893066,-0.36505127,0.16204834,-0.40234375,-0.30859375,-0.4140625,-3.546875,-5.796875,-6.5390625,0.107421875,-2.90820312,1.65039062
4448,44153514,44453514,0.160827637,0.899047852,-0.366210938,0.178161621,-0.40234375,-0.30859375,-0.4140625,-3.546875,-5.796875,-6.5390625,0.0546875,-2.94921875,1.609375
4449,44159112,44459112,0.162658691,0.894775391,-0.367492676,0.194580078,-0.3203125,-0.5078125,-0.65625,-4.125,-5.671875,-6.296875,0.0546875,-2.94921875,1.609375
4450,44175238,44475238,0.164306641,0.89050293,-0.36895752,0.209533691,-0.3203125,-0.5078125,-0.65625,-4.125,-5.671875,-6.296875,0.19921875,-2.81835938,1.5078125
4451,44181163,44481163,0.166015625,0.885986328,-0.370483398,0.223999023,0.140625,-0.43359375,-0.375,-4.6640625,-5.5546875,-6.0390625,0.19921875,-2.81835938,1.5078125
4452,44193171,44493171,0.167785645,0.88104248,-0.372009277,0.239257812,0.140625,-0.43359375,-0.375,-4.6640625,-5.5546875,-6.0390625,0.19921875,-2.74023438,1.49609375
4453,44198711,44498711,0.169555664,0.875915527,-0.373291016,0.254272461,0.01953125,-0.0625,-0.0625,-5.15625,-5.4296875,-5.7421875,0.19921875,-2.74023438,1.49609375
4454,44217267,44517267,0.171081543,0.87109375,-0.374328613,0.268005371,0.01953125,-0.0625,-0.0625,-5.15625,-5.4296875,-5.7421875,0.126953125,-2.75976562,1.51171875
4455,44221403,44521403,0.172668457,0.865539551,-0.375183105,0.283325195,-0.015625,-0.15625,0.1328125,-5.6171875,-5.296875,-5.4375,0.126953125,-2.75976562,1.51171875
4456,44236118,44536118,0.173950195,0.860107422,-0.375915527,0.297790527,-0.015625,-0.15625,0.1328125,-5.6171875,-5.296875,-5.4375,0.103515625,-2.7265625,1.42382812
4457,44240828,44540828,0.174987793,0.854553223,-0.376586914,0.311889648,0.24609375,0.0625,0.01953125,-6.0703125,-5.1328125,-5.09375,0.103515625,-2.7265625,1.42382812
4458,44255736,44555736,0.175842285,0.849060059,-0.377197266,0.325439453,0.24609375,0.0625,0.01953125,-6.0703125,-5.1328125,-5.09375,0.083984375,-2.609375,1.29101562
4459,44259345,44559345,0.176391602,0.843566895,-0.377746582,0.338562012,0.453125,0.16796875,0.140625,-6.46875,-4.96875,-4.7578125,0.083984375,-2.609375,1.29101562
4460,44271618,44571618,0.176879883,0.83782959,-0.378417969,0.3515625,0.453125,0.16796875,0.140625,-6.46875,-4.96875,-4.7578125,0.125,-2.515625,1.20703125
4461,44277858,44577858,0.177490234,0.83203125,-0.37902832,0.364074707,0.7734375,0.2109375,0.2890625,-6.828125,-4.8203125,-4.40625,0.125,-2.515625,1.20703125
4462,44294578,44594578,0.178100586,0.826538086,-0.379699707,0.375366211,0.7734375,0.2109375,0.2890625,-6.828125,-4.8203125,-4.40625,0.21484375,-2.3125,1.15234375
4463,44298186,44598186,0.178833008,0.820861816,-0.380371094,0.386779785,0.73828125,0.13671875,0.09765625,-7.140625,-4.671875,-4.0625,0.21484375,-2.3125,1.15234375
4464,44314343,44614343,0.179504395,0.815002441,-0.38079834,0.398193359,0.73828125,0.13671875,0.09765625,-7.140625,-4.671875,-4.0625,0.14453125,-2.1875,1.1171875
4465,44317850,44617850,0.180175781,0.809509277,-0.381103516,0.408569336,0.6015625,0.06640625,0.16796875,-7.421875,-4.5234375,-3.7109375,0.14453125,-2.1875,1.1171875
4466,44333343,44633343,0.180786133,0.803649902,-0.381530762,0.419433594,0.6015625,0.06640625,0.16796875,-7.421875,-4.5234375,-3.7109375,0.185546875,-2.08007812,1.03320312
4467,44336943,44636943,0.181335449,0.798217773,-0.382019043,0.428955078,0.66015625,0.21484375,-0.12890625,-7.671875,-4.3671875,-3.375,0.185546875,-2.08007812,1.03320312
4468,44352258,44652258,0.18170166,0.792663574,-0.382629395,0.438537598,0.66015625,0.21484375,-0.12890625,-7.671875,-4.3671875,-3.375,0.21484375,-1.9921875,0.921875
4469,44357590,44657590,0.181945801,0.786682129,-0.383300781,0.448425293,0.44921875,0.54296875,-0.19140625,-7.8828125,-4.234375,-3.046875,0.21484375,-1.9921875,0.921875
4470,44374250,44674250,0.182006836,0.781799316,-0.383789062,0.456542969,0.44921875,0.54296875,-0.19140625,-7.8828125,-4.234375,-3.046875,0.16015625,-1.84570312,0.8046875
4471,44378466,44678466,0.181884766,0.776672363,-0.384277344,0.46484375,0.3203125,0.609375,0.02734375,-8.0625,-4.109375,-2.7265625,0.16015625,-1.84570312,0.8046875
4472,44391173,44691173,0.18182373,0.77166748,-0.384765625,0.47265625,0.3203125,0.609375,0.02734375,-8.0625,-4.109375,-2.7265625,0.1796875,-1.640625,0.6875
4473,44396712,44696712,0.181762695,0.766662598,-0.385375977,0.480224609,0.32421875,0.30078125,-0.1953125,-8.21875,-3.9921875,-2.4296875,0.1796875,-1.640625,0.6875
4474,44412185,44712185,0.181945801,0.761962891,-0.385986328,0.487182617,0.32421875,0.30078125,-0.1953125,-8.21875,-3.9921875,-2.4296875,0.22265625,-1.49609375,0.6640625
4475,44417218,44717218,0.182128906,0.757629395,-0.386474609,0.493408203,0.296875,0.3515625,-0.24609375,-8.34375,-3.890625,-2.1484375,0.22265625,-1.49609375,0.6640625
4476,44431706,44731706,0.182373047,0.752990723,-0.387023926,0.499938965,0.296875,0.3515625,-0.24609375,-8.34375,-3.890625,-2.1484375,0.21484375,-1.296875,0.587890625
4477,44437322,44737322,0.182617188,0.749023438,-0.387573242,0.505432129,0.48046875,0.17578125,-0.1953125,-8.453125,-3.7890625,-1.890625,0.21484375,-1.296875,0.587890625
4478,44453000,44753000,0.182800293,0.745422363,-0.388061523,0.510253906,0.48046875,0.17578125,-0.1953125,-8.453125,-3.7890625,-1.890625,0.201171875,-1.03710938,0.451171875
4479,44456729,44756729,0.182922363,0.742370605,-0.38861084,0.514221191,0.4765625,0.2578125,-0.09375,-8.5234375,-3.71875,-1.6875,0.201171875,-1.03710938,0.451171875
4480,44474312,44774312,0.182983398,0.739440918,-0.389160156,0.517944336,0.4765625,0.2578125,-0.09375,-8.5234375,-3.71875,-1.6875,0.16015625,-0.767578125,0.291015625
4481,44479536,44779536,0.182922363,0.736999512,-0.389770508,0.520996094,0.37890625,0.26953125,0.203125,-8.578125,-3.65625,-1.5234375,0.16015625,-0.767578125,0.291015625
4482,44493670,44793670,0.182678223,0.734924316,-0.390380859,0.52355957,0.37890625,0.26953125,0.203125,-8.578125,-3.65625,-1.5234375,0.146484375,-0.623046875,0.1484375
4483,44497288,44797288,0.182434082,0.733032227,-0.391113281,0.525695801,0.26171875,0.0390625,0.1171875,-8.6171875,-3.6171875,-1.3984375,0.146484375,-0.623046875,0.1484375
4484,44510993,44810993,0.182189941,0.731384277,-0.391967773,0.527526855,0.26171875,0.0390625,0.1171875,-8.6171875,-3.6171875,-1.3984375,0.150390625,-0.423828125,0.05859375
4485,44516251,44816251,0.181945801,0.730041504,-0.392700195,0.528869629,0.125,0.30078125,0.28125,-8.6328125,-3.609375,-1.296875,0.150390625,-0.423828125,0.05859375
4486,44532309,44832309,0.18182373,0.729064941,-0.393371582,0.529724121,0.125,0.30078125,0.28125,-8.6328125,-3.609375,-1.296875,0.12109375,-0.228515625,-0.00390625
4487,44535918,44835918,0.18170166,0.728393555,-0.393981934,0.530273438,0.02734375,0.37109375,0.36328125,-8.6484375,-3.6015625,-1.2265625,0.12109375,-0.228515625,-0.00390625
4488,44551694,44851694,0.181762695,0.727966309,-0.39453125,0.530395508,0.02734375,0.37109375,0.36328125,-8.6484375,-3.6015625,-1.2265625,0.08984375,-0.033203125,-0.03515625
4489,44555248,44855248,0.18182373,0.727905273,-0.394897461,0.530212402,-0.01171875,0.30078125,0.296875,-8.6484375,-3.609375,-1.1953125,0.08984375,-0.033203125,-0.03515625
4490,44571311,44871311,0.182006836,0.728149414,-0.395141602,0.529663086,-0.01171875,0.30078125,0.296875,-8.6484375,-3.609375,-1.1953125,0.044921875,0.1484375,-0.06640625
4491,44576097,44876097,0.182128906,0.728637695,-0.395324707,0.528808594,0.05859375,0.34765625,0.33984375,-8.640625,-3.6171875,-1.203125,0.044921875,0.1484375,-0.06640625
4492,44589792,44889792,0.182312012,0.729431152,-0.395507812,0.52746582,0.05859375,0.34765625,0.33984375,-8.640625,-3.6171875,-1.203125,0.01953125,0.314453125,-0.130859375
4493,44595325,44895325,0.182556152,0.730529785,-0.395629883,0.525817871,0.26953125,0.25390625,0.41796875,-8.625,-3.640625,-1.2421875,0.01953125,0.314453125,-0.130859375
4494,44610185,44910185,0.182739258,0.731933594,-0.395690918,0.523742676,0.26953125,0.25390625,0.41796875,-8.625,-3.640625,-1.2421875,-0.009765625,0.533203125,-0.220703125
4495,44615218,44915218,0.182922363,0.733764648,-0.395690918,0.521118164,0.41015625,0.32421875,0.52734375,-8.609375,-3.671875,-1.3125,-0.009765625,0.533203125,-0.220703125
4496,44630799,44930799,0.183044434,0.736022949,-0.395690918,0.517822266,0.41015625,0.32421875,0.52734375,-8.609375,-3.671875,-1.3125,-0.056640625,0.771484375,-0.34765625
4497,44636361,44936361,0.183166504,0.738525391,-0.395690918,0.514282227,0.40625,0.37109375,0.53125,-8.5703125,-3.71875,-1.4296875,-0.056640625,0.771484375,-0.34765625
4498,44652036,44952036,0.183166504,0.741699219,-0.395629883,0.509765625,0.40625,0.37109375,0.53125,-8.5703125,-3.71875,-1.4296875,-0.08984375,1.01757812,-0.474609375
4499,44655770,44955770,0.183227539,0.744934082,-0.395568848,0.505004883,0.34375,0.43359375,0.45703125,-8.5078125,-3.78125,-1.5859375,-0.08984375,1.01757812,-0.474609375
4500,44671373,44971373,0.183288574,0.748718262,-0.395568848,0.499328613,0.34375,0.43359375,0.45703125,-8.5078125,-3.78125,-1.5859375,-0.078125,1.2421875,-0.58203125
4501,44674819,44974819,0.183349609,0.752441406,-0.395629883,0.493652344,0.3125,0.51953125,0.19140625,-8.4375,-3.8671875,-1.78125,-0.078125,1.2421875,-0.58203125
4502,44690144,44990144,0.183410645,0.756774902,-0.395751953,0.486877441,0.3125,0.51953125,0.19140625,-8.4375,-3.8671875,-1.78125,-0.064453125,1.4375,-0.708984375
4503,44696493,44996493,0.183349609,0.760986328,-0.395935059,0.480102539,0.2734375,0.62109375,0.1484375,-8.3203125,-3.96875,-2.0078125,-0.064453125,1.4375,-0.708984375
4504,44711777,45011777,0.183166504,0.765686035,-0.396240234,0.472351074,0.2734375,0.62109375,0.1484375,-8.3203125,-3.96875,-2.0078125,-0.05859375,1.578125,-0.849609375
4505,44715223,45015223,0.182861328,0.770263672,-0.396606445,0.46472168,0.1484375,0.82421875,-0.16796875,-8.1953125,-4.09375,-2.265625,-0.05859375,1.578125,-0.849609375
4506,44731828,45031828,0.182434082,0.77532959,-0.396972656,0.455993652,0.1484375,0.82421875,-0.16796875,-8.1953125,-4.09375,-2.265625,-0.0546875,1.74804688,-0.97265625
4507,44737320,45037320,0.182006836,0.780212402,-0.397399902,0.44744873,0.14453125,0.84765625,-0.046875,-8.0390625,-4.234375,-2.5390625,-0.0546875,1.74804688,-0.97265625
4508,44750266,45050266,0.181396484,0.785644531,-0.397766113,0.437805176,0.14453125,0.84765625,-0.046875,-8.0390625,-4.234375,-2.5390625,-0.0703125,1.89453125,-1.07421875
4509,44756933,45056933,0.180786133,0.790649414,-0.398071289,0.428588867,0.109375,0.59375,-0.015625,-7.8515625,-4.3984375,-2.8359375,-0.0703125,1.89453125,-1.07421875
4510,44770840,45070840,0.180053711,0.796264648,-0.398498535,0.41809082,0.109375,0.59375,-0.015625,-7.8515625,-4.3984375,-2.8359375,-0.06640625,2.0234375,-1.16796875
4511,44774439,45074439,0.179321289,0.801452637,-0.398864746,0.40802002,0.12109375,0.296875,0.1328125,-7.6328125,-4.5625,-3.140625,-0.06640625,2.0234375,-1.16796875
4512,44788388,45088388,0.178649902,0.80682373,-0.399353027,0.397033691,0.12109375,0.296875,0.1328125,-7.6328125,-4.5625,-3.140625,0.0078125,2.140625,-1.22070312
4513,44796809,45096809,0.178039551,0.812255859,-0.399963379,0.385437012,0.22265625,-0.10546875,0.0234375,-7.390625,-4.734375,-3.453125,0.0078125,2.140625,-1.22070312
4514,44808129,45108129,0.17755127,0.817443848,-0.400695801,0.373840332,0.22265625,-0.10546875,0.0234375,-7.390625,-4.734375,-3.453125,0.109375,2.24023438,-1.25976562
4515,44813850,45113850,0.177062988,0.822509766,-0.401550293,0.361816406,-0.01953125,-0.2265625,0.1171875,-7.109375,-4.921875,-3.7734375,0.109375,2.24023438,-1.25976562
4516,44828497,45128497,0.176574707,0.827453613,-0.40234375,0.34967041,-0.01953125,-0.2265625,0.1171875,-7.109375,-4.921875,-3.7734375,0.126953125,2.29492188,-1.3046875
4517,44833921,45133921,0.175964355,0.832275391,-0.403076172,0.337463379,-0.29296875,-0.12109375,-0.0078125,-6.796875,-5.1015625,-4.0703125,0.126953125,2.29492188,-1.3046875
4518,44850679,45150679,0.175231934,0.836975098,-0.403625488,0.325378418,-0.29296875,-0.12109375,-0.0078125,-6.796875,-5.1015625,-4.0703125,0.072265625,2.26953125,-1.31835938
4519,44854272,45154272,0.174377441,0.841491699,-0.403930664,0.313537598,-0.27734375,0.02734375,-0.21875,-6.46875,-5.2890625,-4.359375,0.072265625,2.26953125,-1.31835938
4520,44869987,45169987,0.173278809,0.846191406,-0.403991699,0.301269531,-0.27734375,0.02734375,-0.21875,-6.46875,-5.2890625,-4.359375,-0.0390625,2.31445312,-1.359375
4521,44873551,45173551,0.172058105,0.850952148,-0.403686523,0.288574219,-0.421875,-0.1171875,0.015625,-6.1328125,-5.453125,-4.6328125,-0.0390625,2.31445312,-1.359375
4522,44886628,45186628,0.170715332,0.855834961,-0.403198242,0.27532959,-0.421875,-0.1171875,0.015625,-6.1328125,-5.453125,-4.6328125,-0.08984375,2.35742188,-1.40039062
4523,44894083,45194083,0.169311523,0.860290527,-0.402832031,0.262573242,-0.390625,-0.6484375,-0.10546875,-5.7421875,-5.609375,-4.9296875,-0.08984375,2.35742188,-1.40039062
4524,44907987,45207987,0.167785645,0.864624023,-0.402526855,0.249450684,-0.390625,-0.6484375,-0.10546875,-5.7421875,-5.609375,-4.9296875,-0.013671875,2.34765625,-1.45507812
4525,44914313,45214313,0.166259766,0.868652344,-0.40246582,0.23626709,-0.40625,-0.65234375,-0.33984375,-5.34375,-5.7578125,-5.1953125,-0.013671875,2.34765625,-1.45507812
4526,44929228,45229228,0.164855957,0.872253418,-0.402587891,0.223449707,-0.40625,-0.65234375,-0.33984375,-5.34375,-5.7578125,-5.1953125,0.123046875,2.3125,-1.41992188
4527,44932831,45232831,0.163513184,0.875610352,-0.402770996,0.210754395,-0.0546875,-0.15234375,-0.21875,-4.9296875,-5.9140625,-5.4296875,0.123046875,2.3125,-1.41992188
4528,44949680,45249680,0.161987305,0.878845215,-0.402648926,0.197998047,-0.0546875,-0.15234375,-0.21875,-4.9296875,-5.9140625,-5.4296875,0.03515625,2.23242188,-1.39257812
4529,44953065,45253065,0.160339355,0.882141113,-0.40222168,0.185302734,-0.046875,0.06640625,-0.20703125,-4.515625,-6.0546875,-5.6328125,0.03515625,2.23242188,-1.39257812
4530,44966930,45266930,0.158630371,0.885253906,-0.401489258,0.173278809,-0.046875,0.06640625,-0.20703125,-4.515625,-6.0546875,-5.6328125,-0.109375,2.13085938,-1.34960938
4531,44972904,45272904,0.156738281,0.888549805,-0.400268555,0.160400391,0.3828125,0.02734375,0.015625,-4.1015625,-6.171875,-5.8203125,-0.109375,2.13085938,-1.34960938
4532,44988084,45288084,0.155029297,0.891540527,-0.398986816,0.148010254,0.3828125,0.02734375,0.015625,-4.1015625,-6.171875,-5.8203125,-0.123046875,2.26757812,-1.37890625
4533,44993752,45293752,0.153442383,0.89440918,-0.397827148,0.135192871,0.55859375,-0.4609375,0.13671875,-3.6640625,-6.2578125,-6.015625,-0.123046875,2.26757812,-1.37890625
4534,45007797,45307797,0.152160645,0.89654541,-0.397216797,0.123413086,0.55859375,-0.4609375,0.13671875,-3.6640625,-6.2578125,-6.015625,0.154296875,2.171875,-1.24609375
4535,45012826,45312826,0.150939941,0.89831543,-0.397399902,0.110839844,0.16796875,-0.94921875,0.20703125,-3.234375,-6.34375,-6.1640625,0.154296875,2.171875,-1.24609375
4536,45029758,45329758,0.149597168,0.899475098,-0.398254395,0.0999755859,0.16796875,-0.94921875,0.20703125,-3.234375,-6.34375,-6.1640625,0.44140625,1.84765625,-1.21679688
4537,45033199,45333199,0.147888184,0.900268555,-0.399658203,0.0891723633,-0.125,-0.5703125,0.29296875,-2.828125,-6.453125,-6.25,0.44140625,1.84765625,-1.21679688
4538,45047699,45347699,0.145629883,0.900878906,-0.401428223,0.0779418945,-0.125,-0.5703125,0.29296875,-2.828125,-6.453125,-6.25,0.501953125,1.59179688,-1.25195312
4539,45052725,45352725,0.143371582,0.901428223,-0.402648926,0.0684204102,0.59375,0.83203125,0.31640625,-2.4375,-6.59375,-6.2734375,0.501953125,1.59179688,-1.25195312
4540,45067556,45367556,0.140991211,0.90222168,-0.403259277,0.0592651367,0.59375,0.83203125,0.31640625,-2.4375,-6.59375,-6.2734375,0.197265625,1.390625,-1.17773438
4541,45073169,45373169,0.138549805,0.903076172,-0.403259277,0.0507202148,0.89453125,1.04296875,0.1015625,-2.0859375,-6.6875,-6.2890625,0.197265625,1.390625,-1.17773438
4542,45087189,45387189,0.136413574,0.903930664,-0.403076172,0.0426635742,0.89453125,1.04296875,0.1015625,-2.0859375,-6.6875,-6.2890625,0.130859375,1.33398438,-1.04296875
4543,45091979,45391979,0.13458252,0.904541016,-0.403198242,0.0344238281,1.08203125,0.1484375,-0.01171875,-1.7734375,-6.75,-6.328125,0.130859375,1.33398438,-1.04296875
4544,45107414,45407414,0.132751465,0.904846191,-0.403625488,0.0263061523,1.08203125,0.1484375,-0.01171875,-1.7734375,-6.75,-6.328125,0.2734375,1.28710938,-0.984375
4545,45112661,45412661,0.13079834,0.905151367,-0.404052734,0.0184326172,0.46875,0.125,-0.0703125,-1.46875,-6.8046875,-6.34375,0.2734375,1.28710938,-0.984375
4546,45127801,45427801,0.128723145,0.905456543,-0.404296875,0.0110473633,0.46875,0.125,-0.0703125,-1.46875,-6.8046875,-6.34375,0.181640625,1.19140625,-1.0078125
4547,45131405,45431405,0.126708984,0.905822754,-0.404174805,0.00396728516,0.296875,0.6875,-0.2265625,-1.1796875,-6.8671875,-6.34375,0.181640625,1.19140625,-1.0078125
4548,45147856,45447856,-0.124633789,-0.90637207,0.403625488,0.0029296875,0.296875,0.6875,-0.2265625,-1.1796875,-6.8671875,-6.34375,-0.0234375,1.06640625,-0.921875
4549,45152213,45452213,-0.122802734,-0.906982422,0.402709961,0.00958251953,0.05859375,0.2421875,-0.83203125,-0.90625,-6.8828125,-6.3515625,-0.0234375,1.06640625,-0.921875
4550,45166151,45466151,-0.121337891,-0.907470703,0.401916504,0.0166015625,0.05859375,0.2421875,-0.83203125,-0.90625,-6.8828125,-6.3515625,0.05859375,1.16992188,-0.783203125
4551,45172146,45472146,-0.120239258,-0.907531738,0.401672363,0.0236816406,-0.17578125,-0.77734375,-0.35546875,-0.6328125,-6.8984375,-6.3671875,0.05859375,1.16992188,-0.783203125
4552,45187663,45487663,-0.119140625,-0.907409668,0.401794434,0.0307617188,-0.17578125,-0.77734375,-0.35546875,-0.6328125,-6.8984375,-6.3671875,0.2578125,1.19726562,-0.771484375
4553,45196776,45496776,-0.117919922,-0.907226562,0.402099609,0.0373535156,-0.39453125,-0.71484375,0.5546875,-0.375,-6.921875,-6.359375,0.2578125,1.19726562,-0.771484375
4554,45208152,45508152,-0.116271973,-0.907165527,0.402038574,0.0437011719,-0.39453125,-0.71484375,0.5546875,-0.375,-6.921875,-6.359375,0.064453125,0.88671875,-0.74609375
4555,45211883,45511883,-0.114746094,-0.907470703,0.401245117,0.0484008789,-0.09375,0.58203125,0.83984375,-0.140625,-6.953125,-6.3359375,0.064453125,0.88671875,-0.74609375
4556,45227504,45527504,-0.113098145,-0.90814209,0.399658203,0.0530395508,-0.09375,0.58203125,0.83984375,-0.140625,-6.953125,-6.3359375,-0.26171875,0.642578125,-0.6484375
4557,45231088,45531088,-0.111633301,-0.908813477,0.398010254,0.0567016602,0.32421875,0.44921875,0.51171875,0.0546875,-6.9375,-6.3515625,-0.26171875,0.642578125,-0.6484375
4558,45246600,45546600,-0.110168457,-0.909362793,0.396484375,0.0606079102,0.32421875,0.44921875,0.51171875,0.0546875,-6.9375,-6.3515625,-0.15625,0.591796875,-0.546875
4559,45253987,45553987,-0.109008789,-0.909667969,0.395690918,0.0640869141,0.359375,-0.65234375,-0.109375,0.2109375,-6.90625,-6.3828125,-0.15625,0.591796875,-0.546875
4560,45266538,45566538,-0.107910156,-0.909667969,0.395324707,0.0677490234,0.359375,-0.65234375,-0.109375,0.2109375,-6.90625,-6.3828125,0.076171875,0.54296875,-0.451171875
4561,45275651,45575651,-0.106994629,-0.909545898,0.395263672,0.0708007812,-0.01953125,-0.96875,-0.0703125,0.359375,-6.8984375,-6.3828125,0.076171875,0.54296875,-0.451171875
4562,45285808,45585808,-0.106079102,-0.909484863,0.395202637,0.0737304688,-0.01953125,-0.96875,-0.0703125,0.359375,-6.8984375,-6.3828125,0.029296875,0.40625,-0.3515625
4563,45290850,45590850,-0.105407715,-0.909545898,0.394836426,0.0760498047,-0.28125,-0.38671875,0.10546875,0.46875,-6.90625,-6.3671875,0.029296875,0.40625,-0.3515625
4564,45305718,45605718,-0.104980469,-0.909729004,0.394165039,0.0778198242,-0.28125,-0.38671875,0.10546875,0.46875,-6.90625,-6.3671875,-0.111328125,0.263671875,-0.193359375
4565,45313998,45613998,-0.104736328,-0.909973145,0.393371582,0.0791625977,-0.13671875,-0.39453125,-0.00390625,0.5546875,-6.8984375,-6.375,-0.111328125,0.263671875,-0.193359375
4566,45326152,45626152,-0.104797363,-0.91015625,0.392700195,0.0800170898,-0.13671875,-0.39453125,-0.00390625,0.5546875,-6.8984375,-6.375,-0.115234375,0.154296875,-0.052734375
4567,45332416,45632416,-0.104919434,-0.91027832,0.392272949,0.0806274414,0.0546875,-0.984375,-0.37109375,0.59375,-6.8828125,-6.390625,-0.115234375,0.154296875,-0.052734375
4568,45347419,45647419,-0.105224609,-0.91027832,0.392150879,0.0809936523,0.0546875,-0.984375,-0.37109375,0.59375,-6.8828125,-6.390625,0.013671875,0.07421875,0.04296875
4569,45353558,45653558,-0.10559082,-0.91015625,0.392211914,0.0811157227,0,-0.9921875,-0.2109375,0.609375,-6.875,-6.3984375,0.013671875,0.07421875,0.04296875
4570,45366256,45666256,-0.106018066,-0.910095215,0.392272949,0.0808105469,0,-0.9921875,-0.2109375,0.609375,-6.875,-6.3984375,-0.015625,-0.056640625,0.12109375
4571,45369865,45669865,-0.106506348,-0.91015625,0.392211914,0.0801391602,-0.296875,-0.53125,-0.29296875,0.6015625,-6.875,-6.390625,-0.015625,-0.056640625,0.12109375
4572,45385500,45685500,-0.107055664,-0.910339355,0.391906738,0.0790405273,-0.296875,-0.53125,-0.29296875,0.6015625,-6.875,-6.390625,-0.111328125,-0.17578125,0.201171875
4573,45394247,45694247,-0.107788086,-0.910522461,0.391601562,0.0775756836,-0.10546875,-0.38671875,-0.203125,0.5625,-6.8671875,-6.40625,-0.111328125,-0.17578125,0.201171875
4574,45406643,45706643,-0.108581543,-0.910644531,0.391418457,0.0758666992,-0.10546875,-0.38671875,-0.203125,0.5625,-6.8671875,-6.40625,-0.078125,-0.28515625,0.310546875
4575,45410258,45710258,-0.10949707,-0.910705566,0.391418457,0.0737915039,-0.04296875,-0.42578125,0.234375,0.5,-6.8671875,-6.421875,-0.078125,-0.28515625,0.310546875
4576,45426872,45726872,-0.110595703,-0.910766602,0.391479492,0.0709838867,-0.04296875,-0.42578125,0.234375,0.5,-6.8671875,-6.421875,-0.08203125,-0.453125,0.435546875
4577,45433047,45733047,-0.111755371,-0.910888672,0.391418457,0.0678710938,-0.01953125,-0.01171875,0.55078125,0.3984375,-6.859375,-6.4296875,-0.08203125,-0.453125,0.435546875
4578,45446851,45746851,-0.11315918,-0.911132812,0.391174316,0.0638427734,-0.01953125,-0.01171875,0.55078125,0.3984375,-6.859375,-6.4296875,-0.1953125,-0.638671875,0.583984375
4579,45450584,45750584,-0.114746094,-0.911376953,0.390686035,0.0596923828,0.19921875,0.47265625,0.65625,0.2578125,-6.84375,-6.4609375,-0.1953125,-0.638671875,0.583984375
4580,45464503,45764503,-0.116760254,-0.911804199,0.389953613,0.0545043945,0.19921875,0.47265625,0.65625,0.2578125,-6.84375,-6.4609375,-0.328125,-0.787109375,0.759765625
4581,45473234,45773234,-0.118835449,-0.91217041,0.389160156,0.0489501953,-0.04296875,0.2109375,0.26953125,0.078125,-6.8125,-6.4921875,-0.328125,-0.787109375,0.759765625
4582,45483066,45783066,-0.121154785,-0.912475586,0.38848877,0.0425415039,-0.04296875,0.2109375,0.26953125,0.078125,-6.8125,-6.4921875,-0.294921875,-1.015625,0.94921875
4583,45490450,45790450,-0.123718262,-0.912597656,0.388122559,0.0355834961,-0.23046875,-0.13671875,-0.296875,-0.15625,-6.7734375,-6.5390625,-0.294921875,-1.015625,0.94921875
4584,45503716,45803716,-0.126464844,-0.912475586,0.388122559,0.0280761719,-0.23046875,-0.13671875,-0.296875,-0.15625,-6.7734375,-6.5390625,-0.177734375,-1.22460938,1.15429688
4585,45514607,45814607,-0.129455566,-0.912231445,0.388183594,0.0195922852,-0.28515625,-0.05859375,-0.390625,-0.4453125,-6.734375,-6.5625,-0.177734375,-1.22460938,1.15429688
4586,45526610,45826610,-0.132507324,-0.911987305,0.388122559,0.0103149414,-0.28515625,-0.05859375,-0.390625,-0.4453125,-6.734375,-6.5625,-0.267578125,-1.53320312,1.33007812
4587,45530334,45830334,-0.135437012,-0.911682129,0.388000488,0.000854492188,-0.2109375,-0.14453125,-0.91796875,-0.7890625,-6.6875,-6.5703125,-0.267578125,-1.53320312,1.33007812
4588,45546509,45846509,0.13848877,0.911254883,-0.387695312,0.00994873047,-0.2109375,-0.14453125,-0.91796875,-0.7890625,-6.6875,-6.5703125,-0.3203125,-1.78320312,1.41210938
4589,45553343,45853343,0.141418457,0.910705566,-0.387451172,0.0213012695,-0.39453125,-0.32421875,-0.60546875,-1.1796875,-6.625,-6.578125,-0.3203125,-1.78320312,1.41210938
4590,45564596,45864596,0.14440918,0.909912109,-0.387390137,0.0341796875,-0.39453125,-0.32421875,-0.60546875,-1.1796875,-6.625,-6.578125,-0.26171875,-2.109375,1.515625
4591,45569377,45869377,0.147033691,0.908874512,-0.387451172,0.0466308594,-0.62109375,-0.46875,-1.26953125,-1.640625,-6.5546875,-6.5625,-0.26171875,-2.109375,1.515625
4592,45584070,45884070,0.149597168,0.907653809,-0.387573242,0.0603027344,-0.62109375,-0.46875,-1.26953125,-1.640625,-6.5546875,-6.5625,-0.259765625,-2.3828125,1.58398438
4593,45589794,45889794,0.152099609,0.905944824,-0.387817383,0.0755004883,-0.94140625,-1.0234375,-1.125,-2.125,-6.4609375,-6.515625,-0.259765625,-2.3828125,1.58398438
4594,45604272,45904272,0.15435791,0.903930664,-0.388427734,0.0904541016,-0.94140625,-1.0234375,-1.125,-2.125,-6.4609375,-6.515625,-0.1015625,-2.64453125,1.640625
4595,45609046,45909046,0.156494141,0.901489258,-0.389526367,0.105285645,-0.96875,-0.82421875,-1.03515625,-2.671875,-6.3515625,-6.4140625,-0.1015625,-2.64453125,1.640625
4596,45626260,45926260,0.158569336,0.898620605,-0.390808105,0.121032715,-0.96875,-0.82421875,-1.03515625,-2.671875,-6.3515625,-6.4140625,-0.00390625,-2.85742188,1.71484375
4597,45631180,45931180,0.160644531,0.895385742,-0.391906738,0.137451172,-0.84375,-0.421875,-0.92578125,-3.21875,-6.2578125,-6.2578125,-0.00390625,-2.85742188,1.71484375
4598,45644843,45944843,0.162536621,0.891845703,-0.393005371,0.15423584,-0.84375,-0.421875,-0.92578125,-3.21875,-6.2578125,-6.2578125,-0.01171875,-2.8828125,1.66992188
4599,45648437,45948437,0.164123535,0.888366699,-0.393859863,0.169433594,-0.2578125,-0.38671875,-0.890625,-3.8046875,-6.140625,-6.0625,-0.01171875,-2.8828125,1.66992188
4600,45663870,45963870,0.165588379,0.884338379,-0.394897461,0.185913086,-0.2578125,-0.38671875,-0.890625,-3.8046875,-6.140625,-6.0625,0.02734375,-2.75195312,1.50390625
4601,45670200,45970200,0.166687012,0.880615234,-0.395935059,0.199890137,0.00390625,-0.2890625,-0.42578125,-4.3359375,-6.0078125,-5.8359375,0.02734375,-2.75195312,1.50390625
4602,45683560,45983560,0.167785645,0.876342773,-0.397033691,0.214904785,0.00390625,-0.2890625,-0.42578125,-4.3359375,-6.0078125,-5.8359375,0.078125,-2.63671875,1.40429688
4603,45688584,45988584,0.168762207,0.872131348,-0.398132324,0.229003906,0.3671875,0.0078125,-0.2265625,-4.8125,-5.8828125,-5.578125,0.078125,-2.63671875,1.40429688
4604,45705045,46005045,0.169616699,0.867980957,-0.399047852,0.24206543,0.3671875,0.0078125,-0.2265625,-4.8125,-5.8828125,-5.578125,0.078125,-2.53320312,1.34765625
4605,45711664,46011664,0.170471191,0.863586426,-0.399780273,0.255493164,0.6796875,0.54296875,0.12109375,-5.2421875,-5.765625,-5.3125,0.078125,-2.53320312,1.34765625
4606,45723900,46023900,0.171325684,0.858947754,-0.40020752,0.26953125,0.6796875,0.54296875,0.12109375,-5.2421875,-5.765625,-5.3125,-0.03125,-2.47851562,1.34570312
4607,45728940,46028940,0.17199707,0.854797363,-0.400268555,0.282043457,0.7578125,0.546875,0.0390625,-5.6640625,-5.6171875,-5.0390625,-0.03125,-2.47851562,1.34570312
4608,45743922,46043922,0.172607422,0.850158691,-0.400268555,0.295288086,0.7578125,0.546875,0.0390625,-5.6640625,-5.6171875,-5.0390625,-0.03125,-2.31445312,1.23632812
4609,45749694,46049694,0.173156738,0.845947266,-0.40032959,0.306884766,0.8359375,0.015625,0.07421875,-6.046875,-5.46875,-4.765625,-0.03125,-2.31445312,1.23632812
4610,45763605,46063605,0.17376709,0.841247559,-0.40045166,0.318969727,0.8359375,0.015625,0.07421875,-6.046875,-5.46875,-4.765625,0.041015625,-2.19335938,1.15820312
4611,45768640,46068640,0.174194336,0.836853027,-0.400695801,0.329833984,0.78515625,-0.0546875,-0.1328125,-6.3828125,-5.3203125,-4.484375,0.041015625,-2.19335938,1.15820312
4612,45785191,46085191,0.174621582,0.832092285,-0.401062012,0.341003418,0.78515625,-0.0546875,-0.1328125,-6.3828125,-5.3203125,-4.484375,0.06640625,-2.1171875,1.08007812
4613,45792205,46092205,0.174926758,0.827514648,-0.401306152,0.351623535,0.625,0.109375,0.046875,-6.6796875,-5.1796875,-4.203125,0.06640625,-2.1171875,1.08007812
4614,45803558,46103558,0.175109863,0.822631836,-0.401489258,0.362487793,0.625,0.109375,0.046875,-6.6796875,-5.1796875,-4.203125,0.044921875,-2.02734375,0.994140625
4615,45807280,46107280,0.175170898,0.81817627,-0.401611328,0.372314453,0.7890625,0.015625,0.1328125,-6.9609375,-5.046875,-3.90625,0.044921875,-2.02734375,0.994140625
4616,45824438,46124438,0.175109863,0.813476562,-0.401672363,0.382385254,0.7890625,0.015625,0.1328125,-6.9609375,-5.046875,-3.90625,0.03515625,-1.91015625,0.90234375
4617,45832430,46132430,0.174926758,0.809204102,-0.401733398,0.391418457,0.54296875,-0.01171875,0.16796875,-7.2109375,-4.90625,-3.6328125,0.03515625,-1.91015625,0.90234375
4618,45844154,46144154,0.174560547,0.804443359,-0.401916504,0.401062012,0.54296875,-0.01171875,0.16796875,-7.2109375,-4.90625,-3.6328125,0.04296875,-1.8671875,0.8046875
4619,45847904,46147904,0.174133301,0.800109863,-0.402160645,0.409545898,0.484375,-0.12890625,0.0390625,-7.421875,-4.7890625,-3.3515625,0.04296875,-1.8671875,0.8046875
4620,45864665,46164665,0.173583984,0.795410156,-0.402648926,0.418395996,0.484375,-0.12890625,0.0390625,-7.421875,-4.7890625,-3.3515625,0.115234375,-1.76367188,0.70703125
4621,45870406,46170406,0.173095703,0.79107666,-0.403137207,0.426269531,0.59765625,0.10546875,-0.08984375,-7.609375,-4.6796875,-3.0703125,0.115234375,-1.76367188,0.70703125
4622,45884023,46184023,0.172546387,0.786682129,-0.403747559,0.433959961,0.59765625,0.10546875,-0.08984375,-7.609375,-4.6796875,-3.0703125,0.138671875,-1.65625,0.623046875
4623,45887755,46187755,0.171936035,0.782348633,-0.404296875,0.441467285,0.40625,0.28125,-0.125,-7.765625,-4.5859375,-2.8046875,0.138671875,-1.65625,0.623046875
4624,45902433,46202433,0.171264648,0.778076172,-0.404724121,0.448913574,0.40625,0.28125,-0.125,-7.765625,-4.5859375,-2.8046875,0.0703125,-1.49609375,0.564453125
4625,45907979,46207979,0.170593262,0.774353027,-0.404907227,0.455322266,0.28125,0.5390625,0,-7.90625,-4.5,-2.546875,0.0703125,-1.49609375,0.564453125
4626,45922281,46222281,0.16986084,0.770385742,-0.405090332,0.462158203,0.28125,0.5390625,0,-7.90625,-4.5,-2.546875,0.04296875,-1.390625,0.525390625
4627,45928587,46228587,0.169250488,0.766906738,-0.405212402,0.468017578,0.359375,0.453125,-0.15625,-8.0234375,-4.4140625,-2.3125,0.04296875,-1.390625,0.525390625
4628,45945226,46245226,0.168640137,0.763183594,-0.405395508,0.474121094,0.359375,0.453125,-0.15625,-8.0234375,-4.4140625,-2.3125,0.0625,-1.24414062,0.46875
4629,45949362,46249362,0.168029785,0.75970459,-0.405578613,0.479736328,0.26953125,0.23046875,0.2734375,-8.125,-4.34375,-2.09375,0.0625,-1.24414062,0.46875
4630,45962443,46262443,0.167541504,0.756347656,-0.405700684,0.484985352,0.26953125,0.23046875,0.2734375,-8.125,-4.34375,-2.09375,0.0703125,-1.16601562,0.45703125
4631,45966168,46266168,0.167053223,0.753234863,-0.405700684,0.489990234,0.31640625,0.26953125,0.00390625,-8.2109375,-4.265625,-1.8984375,0.0703125,-1.16601562,0.45703125
4632,45981745,46281745,0.166625977,0.750183105,-0.405456543,0.495056152,0.31640625,0.26953125,0.00390625,-8.2109375,-4.265625,-1.8984375,-0.015625,-1.01953125,0.44921875
4633,45987925,46287925,0.166259766,0.747314453,-0.405090332,0.499816895,0.05078125,0.3046875,0.12109375,-8.2890625,-4.1875,-1.7109375,-0.015625,-1.01953125,0.44921875
4634,46001033,46301033,0.166137695,0.744750977,-0.404602051,0.504089355,0.05078125,0.3046875,0.12109375,-8.2890625,-4.1875,-1.7109375,-0.025390625,-0.87890625,0.49609375
4635,46006750,46306750,0.166259766,0.742248535,-0.403930664,0.508178711,0.3515625,0.34765625,0.15625,-8.359375,-4.1171875,-1.5546875,-0.025390625,-0.87890625,0.49609375
4636,46025526,46325526,0.166687012,0.740112305,-0.403320312,0.511657715,0.3515625,0.34765625,0.15625,-8.359375,-4.1171875,-1.5546875,0.01953125,-0.6640625,0.501953125
4637,46029982,46329982,0.167297363,0.737976074,-0.402648926,0.515075684,0.2578125,0.03515625,0.3828125,-8.421875,-4.03125,-1.4375,0.01953125,-0.6640625,0.501953125
4638,46040813,46340813,0.167907715,0.736083984,-0.401916504,0.518188477,0.2578125,0.03515625,0.3828125,-8.421875,-4.03125,-1.4375,-0.00390625,-0.5546875,0.45703125
4639,46046539,46346539,0.168457031,0.734313965,-0.401184082,0.520996094,-0.22265625,0.25390625,0.16015625,-8.4765625,-3.9453125,-1.328125,-0.00390625,-0.5546875,0.45703125
4640,46064143,46364143,0.168823242,0.732788086,-0.40045166,0.523620605,-0.22265625,0.25390625,0.16015625,-8.4765625,-3.9453125,-1.328125,-0.033203125,-0.474609375,0.376953125
4641,46067469,46367469,0.169189453,0.731384277,-0.399780273,0.526000977,-0.3671875,0.14453125,0.15234375,-8.5234375,-3.875,-1.2421875,-0.033203125,-0.474609375,0.376953125
4642,46079796,46379796,0.169433594,0.730041504,-0.399230957,0.528137207,-0.3671875,0.14453125,0.15234375,-8.5234375,-3.875,-1.2421875,-0.01953125,-0.388671875,0.294921875
4643,46086700,46386700,0.169677734,0.728942871,-0.398742676,0.530029297,-0.296875,-0.0703125,0.15625,-8.5546875,-3.8125,-1.171875,-0.01953125,-0.388671875,0.294921875
4644,46099891,46399891,0.169799805,0.727905273,-0.398376465,0.531616211,-0.296875,-0.0703125,0.15625,-8.5546875,-3.8125,-1.171875,0.005859375,-0.27734375,0.197265625
4645,46105943,46405943,0.16998291,0.727111816,-0.398193359,0.532775879,0.0390625,-0.30078125,0.29296875,-8.5859375,-3.7734375,-1.1171875,0.005859375,-0.27734375,0.197265625
4646,46118765,46418765,0.170166016,0.7265625,-0.398071289,0.533508301,0.0390625,-0.30078125,0.29296875,-8.5859375,-3.7734375,-1.1171875,0.01953125,-0.119140625,0.083984375
4647,46126344,46426344,0.170288086,0.726257324,-0.398071289,0.533935547,-0.01953125,-0.28515625,0.37109375,-8.6015625,-3.75,-1.078125,0.01953125,-0.119140625,0.083984375
4648,46140483,46440483,0.170288086,0.726196289,-0.398132324,0.533996582,-0.01953125,-0.28515625,0.37109375,-8.6015625,-3.75,-1.078125,0.01171875,0.01953125,-0.01953125
4649,46146922,46446922,0.170288086,0.726379395,-0.398193359,0.533691406,0.01953125,-0.25390625,0.36328125,-8.6015625,-3.7421875,-1.0703125,0.01171875,0.01953125,-0.01953125
4650,46159180,46459180,0.170349121,0.726745605,-0.39831543,0.53302002,0.01953125,-0.25390625,0.36328125,-8.6015625,-3.7421875,-1.0703125,0.015625,0.17578125,-0.091796875
4651,46165153,46465153,0.170410156,0.727416992,-0.398498535,0.532043457,0.125,-0.24609375,0.33984375,-8.59375,-3.75,-1.0859375,0.015625,0.17578125,-0.091796875
4652,46179445,46479445,0.170654297,0.728271484,-0.398620605,0.530639648,0.125,-0.24609375,0.33984375,-8.59375,-3.75,-1.0859375,0.015625,0.357421875,-0.134765625
4653,46186228,46486228,0.170959473,0.729492188,-0.398681641,0.528869629,0.1875,-0.0703125,0.30078125,-8.578125,-3.7734375,-1.125,0.015625,0.357421875,-0.134765625
4654,46198825,46498825,0.171264648,0.730957031,-0.398681641,0.526672363,0.1875,-0.0703125,0.30078125,-8.578125,-3.7734375,-1.125,-0.017578125,0.568359375,-0.19140625
4655,46204904,46504904,0.171691895,0.732910156,-0.398620605,0.523925781,0.27734375,0.11328125,0.1875,-8.5546875,-3.8046875,-1.203125,-0.017578125,0.568359375,-0.19140625
4656,46217801,46517801,0.172058105,0.735107422,-0.3984375,0.520751953,0.27734375,0.11328125,0.1875,-8.5546875,-3.8046875,-1.203125,-0.06640625,0.796875,-0.283203125
4657,46229390,46529390,0.172424316,0.737792969,-0.398254395,0.517028809,0.31640625,0.19140625,0.23046875,-8.515625,-3.84375,-1.3203125,-0.06640625,0.796875,-0.283203125
4658,46241090,46541090,0.172790527,0.740600586,-0.398132324,0.512939453,0.31640625,0.19140625,0.23046875,-8.515625,-3.84375,-1.3203125,-0.076171875,1.02734375,-0.408203125
4659,46244700,46544700,0.173095703,0.743896484,-0.398071289,0.508178711,0.3828125,0.12890625,0.27734375,-8.46875,-3.8984375,-1.484375,-0.076171875,1.02734375,-0.408203125
4660,46261862,46561862,0.173339844,0.747558594,-0.398193359,0.502563477,0.3828125,0.12890625,0.27734375,-8.46875,-3.8984375,-1.484375,-0.048828125,1.22265625,-0.5625
4661,46265333,46565333,0.173461914,0.751159668,-0.3984375,0.496887207,0.41796875,0.171875,0.28125,-8.390625,-3.9765625,-1.6796875,-0.048828125,1.22265625,-0.5625
4662,46279475,46579475,0.173522949,0.755065918,-0.398986816,0.490539551,0.41796875,0.171875,0.28125,-8.390625,-3.9765625,-1.6796875,-0.00390625,1.375,-0.7421875
4663,46284267,46584267,0.173339844,0.759338379,-0.399719238,0.483276367,0.48046875,0.30859375,0.03125,-8.296875,-4.078125,-1.890625,-0.00390625,1.375,-0.7421875
4664,46301017,46601017,0.173034668,0.763671875,-0.400634766,0.475830078,0.48046875,0.30859375,0.03125,-8.296875,-4.078125,-1.890625,0.017578125,1.53125,-0.921875
4665,46308784,46608784,0.172546387,0.768005371,-0.401550293,0.468139648,0.3828125,0.56640625,0.16015625,-8.1640625,-4.21875,-2.1328125,0.017578125,1.53125,-0.921875
4666,46319294,46619294,0.171936035,0.772827148,-0.402587891,0.459472656,0.3828125,0.56640625,0.16015625,-8.1640625,-4.21875,-2.1328125,0.01171875,1.68554688,-1.05273438
4667,46324075,46624075,0.171264648,0.777709961,-0.403625488,0.450500488,0.41796875,0.578125,0.08203125,-8.0078125,-4.3828125,-2.3984375,0.01171875,1.68554688,-1.05273438
4668,46341862,46641862,0.170532227,0.782592773,-0.404602051,0.44128418,0.41796875,0.578125,0.08203125,-8.0078125,-4.3828125,-2.3984375,0.029296875,1.82226562,-1.1328125
4669,46345340,46645340,0.16986084,0.787414551,-0.405700684,0.43182373,0.26171875,0.375,0.046875,-7.8125,-4.5625,-2.671875,0.029296875,1.82226562,-1.1328125
4670,46358691,46658691,0.169189453,0.792297363,-0.406921387,0.421936035,0.26171875,0.375,0.046875,-7.8125,-4.5625,-2.671875,0.08984375,1.89257812,-1.18164062
4671,46363720,46663720,0.168579102,0.797058105,-0.408203125,0.411865234,0.16796875,0.20703125,-0.0625,-7.6015625,-4.7421875,-2.9453125,0.08984375,1.89257812,-1.18164062
4672,46383301,46683301,0.168029785,0.801513672,-0.409484863,0.402038574,0.16796875,0.20703125,-0.0625,-7.6015625,-4.7421875,-2.9453125,0.146484375,1.95117188,-1.20507812
4673,46387207,46687207,0.167419434,0.806335449,-0.410949707,0.391052246,0.0546875,0.2734375,0.01953125,-7.375,-4.921875,-3.21875,0.146484375,1.95117188,-1.20507812
4674,46398265,46698265,0.166748047,0.810913086,-0.41229248,0.380310059,0.0546875,0.2734375,0.01953125,-7.375,-4.921875,-3.21875,0.142578125,1.98632812,-1.25585938
4675,46404605,46704605,0.16595459,0.815490723,-0.413513184,0.369445801,-0.09375,0.3359375,0.02734375,-7.109375,-5.1015625,-3.4921875,0.142578125,1.98632812,-1.25585938
4676,46421773,46721773,0.165039062,0.820068359,-0.414489746,0.358398438,-0.09375,0.3359375,0.02734375,-7.109375,-5.1015625,-3.4921875,0.05078125,2.04882812,-1.28710938
4677,46426857,46726857,0.164123535,0.824584961,-0.415161133,0.34753418,-0.21484375,0.33203125,0.0703125,-6.8359375,-5.2890625,-3.765625,0.05078125,2.04882812,-1.28710938
4678,46437787,46737787,0.163330078,0.829101562,-0.415771484,0.336303711,-0.21484375,0.33203125,0.0703125,-6.8359375,-5.2890625,-3.765625,0.02734375,2.03710938,-1.21875
4679,46444147,46744147,0.162597656,0.833374023,-0.416259766,0.325317383,-0.16796875,-0.109375,-0.1640625,-6.5390625,-5.4609375,-4.03125,0.02734375,2.03710938,-1.21875
4680,46461027,46761027,0.161987305,0.837341309,-0.416625977,0.314697266,-0.16796875,-0.109375,-0.1640625,-6.5390625,-5.4609375,-4.03125,0.04296875,2.06445312,-1.19726562
4681,46468762,46768762,0.161315918,0.841491699,-0.417114258,0.303039551,-0.38671875,-0.11328125,-0.06640625,-6.2421875,-5.609375,-4.28125,0.04296875,2.06445312,-1.19726562
4682,46477219,46777219,0.160644531,0.845214844,-0.417663574,0.292236328,-0.38671875,-0.11328125,-0.06640625,-6.2421875,-5.609375,-4.28125,0.111328125,2.04296875,-1.23046875
4683,46483580,46783580,0.159790039,0.848999023,-0.418273926,0.280517578,-0.44140625,-0.1875,-0.12890625,-5.921875,-5.765625,-4.5234375,0.111328125,2.04296875,-1.23046875
4684,46500704,46800704,0.158752441,0.852661133,-0.418762207,0.269104004,-0.44140625,-0.1875,-0.12890625,-5.921875,-5.765625,-4.5234375,0.064453125,2.01953125,-1.2734375
4685,46506209,46806209,0.157592773,0.856079102,-0.418945312,0.258422852,-0.515625,0.046875,-0.05859375,-5.578125,-5.921875,-4.75,0.064453125,2.01953125,-1.2734375
4686,46516624,46816624,0.156188965,0.859863281,-0.418945312,0.246520996,-0.515625,0.046875,-0.05859375,-5.578125,-5.921875,-4.75,-0.03125,2.03320312,-1.30078125
4687,46523039,46823039,0.154846191,0.863342285,-0.418762207,0.235107422,-0.25390625,-0.08203125,-0.421875,-5.2265625,-6.0625,-4.9609375,-0.03125,2.03320312,-1.30078125
4688,46542173,46842173,0.153503418,0.866821289,-0.418457031,0.223327637,-0.25390625,-0.08203125,-0.421875,-5.2265625,-6.0625,-4.9609375,-0.037109375,2.08398438,-1.29101562
4689,46545682,46845682,0.15234375,0.870056152,-0.41809082,0.212158203,-0.19921875,0.0078125,-0.43359375,-4.859375,-6.1875,-5.1796875,-0.037109375,2.08398438,-1.29101562
4690,46558697,46858697,0.151184082,0.873352051,-0.417480469,0.200378418,-0.19921875,0.0078125,-0.43359375,-4.859375,-6.1875,-5.1796875,-0.099609375,2.02539062,-1.20117188
4691,46562436,46862436,0.150024414,0.876159668,-0.416870117,0.189819336,-0.3828125,-0.3828125,-0.19921875,-4.484375,-6.296875,-5.375,-0.099609375,2.02539062,-1.20117188
4692,46578500,46878500,0.148681641,0.87902832,-0.416381836,0.178466797,-0.3828125,-0.3828125,-0.19921875,-4.484375,-6.296875,-5.375,-0.015625,1.88476562,-1.18945312
4693,46586647,46886647,0.147399902,0.881347656,-0.41607666,0.168334961,-0.24609375,-0.51171875,-0.1015625,-4.125,-6.3984375,-5.546875,-0.015625,1.88476562,-1.18945312
4694,46599358,46899358,0.145812988,0.883850098,-0.415710449,0.157165527,-0.24609375,-0.51171875,-0.1015625,-4.125,-6.3984375,-5.546875,-0.005859375,1.84765625,-1.2421875
4695,46603094,46903094,0.144165039,0.886291504,-0.414978027,0.146728516,0.23828125,0.6953125,0.0078125,-3.765625,-6.4921875,-5.6953125,-0.005859375,1.84765625,-1.2421875
4696,46619387,46919387,0.14239502,0.888977051,-0.413574219,0.135803223,0.23828125,0.6953125,0.0078125,-3.765625,-6.4921875,-5.6953125,-0.25390625,1.84960938,-1.19335938
4697,46623939,46923939,0.140930176,0.891357422,-0.412109375,0.125671387,0.32421875,0.45703125,-0.03515625,-3.390625,-6.5625,-5.84375,-0.25390625,1.84960938,-1.19335938
4698,46636926,46936926,0.139526367,0.893432617,-0.411132812,0.11541748,0.32421875,0.45703125,-0.03515625,-3.390625,-6.5625,-5.84375,-0.0078125,1.81835938,-1.12695312
4699,46642903,46942903,0.138244629,0.895080566,-0.410888672,0.104431152,0.578125,-0.59765625,-0.5546875,-3.03125,-6.6171875,-5.9765625,-0.0078125,1.81835938,-1.12695312
4700,46660566,46960566,0.137268066,0.896118164,-0.411437988,0.0939331055,0.578125,-0.59765625,-0.5546875,-3.03125,-6.6171875,-5.9765625,0.388671875,1.8125,-1.078125
4701,46664447,46964447,0.136230469,0.896728516,-0.412719727,0.0833129883,0.5078125,-0.703125,-0.015625,-2.65625,-6.703125,-6.0546875,0.388671875,1.8125,-1.078125
4702,46678832,46978832,0.135070801,0.897033691,-0.414306641,0.073425293,0.5078125,-0.703125,-0.015625,-2.65625,-6.703125,-6.0546875,0.517578125,1.57617188,-1.06640625
4703,46682556,46982556,0.133666992,0.897216797,-0.415893555,0.0647583008,0.34765625,0.1640625,0.2734375,-2.3046875,-6.8046875,-6.078125,0.517578125,1.57617188,-1.06640625
4704,46700233,47000233,0.131713867,0.897399902,-0.417358398,0.0559692383,0.34765625,0.1640625,0.2734375,-2.3046875,-6.8046875,-6.078125,0.3828125,1.26171875,-1.07226562
4705,46704076,47004076,0.129516602,0.897949219,-0.41784668,0.048034668,0.41796875,1.453125,0.65625,-1.9921875,-6.90625,-6.078125,0.3828125,1.26171875,-1.07226562
4706,46715389,47015389,0.127319336,0.899108887,-0.416870117,0.0405883789,0.41796875,1.453125,0.65625,-1.9921875,-6.90625,-6.078125,-0.248046875,1.20703125,-1.01953125
4707,46722676,47022676,0.125366211,0.900634766,-0.414794922,0.0333251953,1.0390625,1.65234375,0.6875,-1.6953125,-6.953125,-6.109375,-0.248046875,1.20703125,-1.01953125
4708,46739734,47039734,0.123596191,0.902282715,-0.41229248,0.0262451172,1.0390625,1.65234375,0.6875,-1.6953125,-6.953125,-6.109375,-0.400390625,1.18359375,-0.892578125
4709,46743501,47043501,0.122009277,0.903564453,-0.410217285,0.0194702148,0.26171875,-0.69921875,-0.48046875,-1.4140625,-6.9375,-6.203125,-0.400390625,1.18359375,-0.892578125
4710,46757484,47057484,0.120605469,0.90447998,-0.408813477,0.0130004883,0.26171875,-0.69921875,-0.48046875,-1.4140625,-6.9375,-6.203125,-0.083984375,1.09570312,-0.802734375
4711,46763170,47063170,0.119384766,0.904968262,-0.40826416,0.00640869141,-0.1875,-1.28125,-0.49609375,-1.15625,-6.9296875,-6.265625,-0.083984375,1.09570312,-0.802734375
4712,46779011,47079011,-0.118286133,-0.905029297,0.408569336,0.000793457031,-0.1875,-1.28125,-0.49609375,-1.15625,-6.9296875,-6.265625,0.298828125,1.17382812,-0.7578125
4713,46783794,47083794,-0.117126465,-0.904785156,0.409301758,0.00762939453,-0.55859375,-0.484375,0.46875,-0.8984375,-6.9609375,-6.2734375,0.298828125,1.17382812,-0.7578125
4714,46794263,47094263,-0.115783691,-0.904541016,0.410095215,0.0139770508,-0.55859375,-0.484375,0.46875,-0.8984375,-6.9609375,-6.2734375,0.26171875,0.955078125,-0.75
4715,46801792,47101792,-0.114257812,-0.904602051,0.410217285,0.0196533203,-0.3828125,0.22265625,0.66796875,-0.65625,-7.015625,-6.2421875,0.26171875,0.955078125,-0.75
4716,46815748,47115748,-0.112792969,-0.904968262,0.409545898,0.0247192383,-0.3828125,0.22265625,0.66796875,-0.65625,-7.015625,-6.2421875,-0.123046875,0.791015625,-0.669921875
4717,46821456,47121456,-0.11151123,-0.905578613,0.408203125,0.0294799805,0.296875,0.23828125,-0.01953125,-0.453125,-7.03125,-6.2421875,-0.123046875,0.791015625,-0.669921875
4718,46834113,47134113,-0.110534668,-0.906311035,0.406555176,0.0336303711,0.296875,0.23828125,-0.01953125,-0.453125,-7.03125,-6.2421875,-0.25390625,0.689453125,-0.513671875
4719,46841528,47141528,-0.109680176,-0.906860352,0.405212402,0.0375366211,0.1171875,-0.9375,-0.2890625,-0.2734375,-7.0078125,-6.28125,-0.25390625,0.689453125,-0.513671875
4720,46858988,47158988,-0.109008789,-0.907043457,0.404541016,0.0412597656,0.1171875,-0.9375,-0.2890625,-0.2734375,-7.0078125,-6.28125,0.021484375,0.658203125,-0.44140625
4721,46863022,47163022,-0.108276367,-0.906921387,0.404602051,0.0452880859,-0.0703125,-1.71875,-0.265625,-0.125,-6.9921875,-6.3046875,0.021484375,0.658203125,-0.44140625
4722,46876710,47176710,-0.107421875,-0.906555176,0.405212402,0.0490112305,-0.0703125,-1.71875,-0.265625,-0.125,-6.9921875,-6.3046875,0.2734375,0.5625,-0.439453125
4723,46880321,47180321,-0.106506348,-0.906188965,0.405944824,0.0523071289,-0.28515625,-1.00390625,-0.36328125,0.015625,-7.015625,-6.28125,0.2734375,0.5625,-0.439453125
4724,46896045,47196045,-0.10546875,-0.905883789,0.406433105,0.0552978516,-0.28515625,-1.00390625,-0.36328125,0.015625,-7.015625,-6.28125,0.138671875,0.40625,-0.40625
4725,46900839,47200839,-0.104431152,-0.905822754,0.406494141,0.0576782227,-0.13671875,0.08984375,-0.43359375,0.1328125,-7.0390625,-6.25,0.138671875,0.40625,-0.40625
4726,46915189,47215189,-0.103515625,-0.905944824,0.406188965,0.0598144531,-0.13671875,0.08984375,-0.43359375,0.1328125,-7.0390625,-6.25,-0.046875,0.279296875,-0.3046875
4727,46921535,47221535,-0.102905273,-0.90612793,0.405700684,0.061706543,0.19140625,-0.1015625,-0.671875,0.2265625,-7.0390625,-6.2421875,-0.046875,0.279296875,-0.3046875
4728,46938909,47238909,-0.102600098,-0.906188965,0.405334473,0.0637817383,0.19140625,-0.1015625,-0.671875,0.2265625,-7.0390625,-6.2421875,0.005859375,0.3828125,-0.19921875
4729,46943034,47243034,-0.102539062,-0.906066895,0.405273438,0.0659179688,0.265625,-0.7890625,-0.13671875,0.3046875,-7.0390625,-6.2421875,0.005859375,0.3828125,-0.19921875
4730,46955996,47255996,-0.102478027,-0.905822754,0.405456543,0.0679931641,0.265625,-0.7890625,-0.13671875,0.3046875,-7.0390625,-6.2421875,0.12109375,0.357421875,-0.1640625
4731,46961041,47261041,-0.102355957,-0.905578613,0.405639648,0.0697021484,-0.0703125,-0.70703125,0.4296875,0.375,-7.046875,-6.234375,0.12109375,0.357421875,-0.1640625
4732,46976976,47276976,-0.102233887,-0.905456543,0.405700684,0.0709838867,-0.0703125,-0.70703125,0.4296875,0.375,-7.046875,-6.234375,0.013671875,0.1640625,-0.107421875
4733,46980575,47280575,-0.102050781,-0.905517578,0.405639648,0.0716552734,-0.08984375,-0.046875,0.37890625,0.4296875,-7.0546875,-6.21875,0.013671875,0.1640625,-0.107421875
4734,46995172,47295172,-0.101989746,-0.905517578,0.405517578,0.0718383789,-0.08984375,-0.046875,0.37890625,0.4296875,-7.0546875,-6.21875,-0.0234375,-0.005859375,-0.009765625
4735,47000210,47300210,-0.101989746,-0.905578613,0.405456543,0.0717163086,0.203125,0.03125,0.26171875,0.4453125,-7.0546875,-6.21875,-0.0234375,-0.005859375,-0.009765625
4736,47017648,47317648,-0.102172852,-0.905517578,0.405578613,0.0714111328,0.203125,0.03125,0.26171875,0.4453125,-7.0546875,-6.21875,0.037109375,-0.046875,0.078125
4737,47021240,47321240,-0.102416992,-0.905395508,0.405883789,0.0709838867,0.2109375,-0.27734375,0.1875,0.4375,-7.0546875,-6.21875,0.037109375,-0.046875,0.078125
4738,47034334,47334334,-0.102783203,-0.905273438,0.40625,0.0700683594,0.2109375,-0.27734375,0.1875,0.4375,-7.0546875,-6.21875,0.04296875,-0.1796875,0.16796875
4739,47040299,47340299,-0.103271484,-0.905212402,0.406555176,0.0686645508,-0.140625,-0.14453125,0.21484375,0.40625,-7.0703125,-6.2109375,0.04296875,-0.1796875,0.16796875
4740,47053294,47353294,-0.103820801,-0.905212402,0.406555176,0.0668334961,-0.140625,-0.14453125,0.21484375,0.40625,-7.0703125,-6.2109375,-0.08203125,-0.314453125,0.279296875
4741,47059437,47359437,-0.104553223,-0.905395508,0.40637207,0.0646972656,-0.00390625,0.046875,-0.00390625,0.34375,-7.0703125,-6.21875,-0.08203125,-0.314453125,0.279296875
4742,47074983,47374983,-0.105529785,-0.905578613,0.406066895,0.0621948242,-0.00390625,0.046875,-0.00390625,0.34375,-7.0703125,-6.21875,-0.158203125,-0.3828125,0.400390625
4743,47079766,47379766,-0.106689453,-0.905822754,0.405578613,0.0595092773,0.16796875,0.10546875,0.125,0.25,-7.0546875,-6.234375,-0.158203125,-0.3828125,0.400390625
4744,47099261,47399261,-0.108215332,-0.90612793,0.404968262,0.0562133789,0.16796875,0.10546875,0.125,0.25,-7.0546875,-6.234375,-0.23046875,-0.48046875,0.53515625
4745,47103722,47403722,-0.109802246,-0.906494141,0.40435791,0.0525512695,0.0546875,-0.109375,0.26953125,0.1328125,-7.03125,-6.265625,-0.23046875,-0.48046875,0.53515625
4746,47114911,47414911,-0.11151123,-0.906799316,0.403686523,0.0484619141,0.0546875,-0.109375,0.26953125,0.1328125,-7.03125,-6.265625,-0.26171875,-0.62890625,0.66015625
4747,47118516,47418516,-0.11328125,-0.907104492,0.403015137,0.044128418,0.171875,0.08984375,0.34765625,-0.0234375,-7,-6.3046875,-0.26171875,-0.62890625,0.66015625
4748,47135050,47435050,-0.11541748,-0.907409668,0.402160645,0.0388183594,0.171875,0.08984375,0.34765625,-0.0234375,-7,-6.3046875,-0.330078125,-0.78515625,0.810546875
4749,47138675,47438675,-0.117614746,-0.907775879,0.401245117,0.0334472656,0.16796875,0.2890625,0.3125,-0.2109375,-6.96875,-6.34375,-0.330078125,-0.78515625,0.810546875
4750,47154720,47454720,-0.120178223,-0.90814209,0.400146484,0.0269775391,0.16796875,0.2890625,0.3125,-0.2109375,-6.96875,-6.34375,-0.41015625,-0.953125,0.982421875
4751,47158448,47458448,-0.122741699,-0.908447266,0.399108887,0.020324707,-0.0234375,-0.140625,0.3203125,-0.4375,-6.921875,-6.390625,-0.41015625,-0.953125,0.982421875
4752,47176863,47476863,-0.125549316,-0.908569336,0.398193359,0.0120849609,-0.0234375,-0.140625,0.3203125,-0.4375,-6.921875,-6.390625,-0.337890625,-1.265625,1.14648438
4753,47181343,47481343,-0.128295898,-0.908508301,0.397644043,0.00354003906,-0.5703125,-0.35546875,-0.4921875,-0.734375,-6.859375,-6.421875,-0.337890625,-1.265625,1.14648438
4754,47192997,47492997,0.131164551,0.908325195,-0.397094727,0.00561523438,-0.5703125,-0.35546875,-0.4921875,-0.734375,-6.859375,-6.421875,-0.3203125,-1.49023438,1.30859375
4755,47200283,47500283,0.134033203,0.90802002,-0.39666748,0.0153808594,-0.38671875,-0.3125,-0.4296875,-1.0703125,-6.7890625,-6.4453125,-0.3203125,-1.49023438,1.30859375
4756,47216436,47516436,0.13684082,0.907531738,-0.396240234,0.0264892578,-0.38671875,-0.3125,-0.4296875,-1.0703125,-6.7890625,-6.4453125,-0.330078125,-1.92578125,1.4609375
4757,47220046,47520046,0.139648438,0.906799316,-0.395751953,0.0395507812,-0.83203125,-0.265625,-1.234375,-1.46875,-6.71875,-6.4453125,-0.330078125,-1.92578125,1.4609375
4758,47234878,47534878,0.142272949,0.906005859,-0.395141602,0.0524291992,-0.83203125,-0.265625,-1.234375,-1.46875,-6.71875,-6.4453125,-0.435546875,-2.20507812,1.56640625
4759,47238601,47538601,0.144836426,0.905212402,-0.394165039,0.0654907227,-0.42578125,0.04296875,-1.52734375,-1.953125,-6.609375,-6.421875,-0.435546875,-2.20507812,1.56640625
4760,47257845,47557845,0.147644043,0.904174805,-0.39276123,0.0801391602,-0.42578125,0.04296875,-1.52734375,-1.953125,-6.609375,-6.421875,-0.564453125,-2.37304688,1.68945312
4761,47261693,47561693,0.150390625,0.902893066,-0.391357422,0.0948486328,-0.69140625,-0.5859375,-1.13671875,-2.453125,-6.4765625,-6.390625,-0.564453125,-2.37304688,1.68945312
4762,47273052,47573052,0.153198242,0.901123047,-0.390319824,0.110229492,-0.69140625,-0.5859375,-1.13671875,-2.453125,-6.4765625,-6.390625,-0.359375,-2.60742188,1.78515625
4763,47278766,47578766,0.156005859,0.898681641,-0.390136719,0.125976562,-0.765625,-1.38671875,-1.28125,-2.9921875,-6.328125,-6.3203125,-0.359375,-2.60742188,1.78515625
4764,47292120,47592120,0.158691406,0.895751953,-0.390441895,0.141357422,-0.765625,-1.38671875,-1.28125,-2.9921875,-6.328125,-6.3203125,-0.12109375,-2.8125,1.875
4765,47297834,47597834,0.161499023,0.892211914,-0.390991211,0.15826416,-0.921875,-1.37890625,-0.8203125,-3.5625,-6.1796875,-6.171875,-0.12109375,-2.8125,1.875
4766,47312070,47612070,0.16394043,0.888366699,-0.391723633,0.174682617,-0.921875,-1.37890625,-0.8203125,-3.5625,-6.1796875,-6.171875,0.017578125,-2.88476562,1.78515625
4767,47317790,47617790,0.166137695,0.884155273,-0.392700195,0.190979004,-0.57421875,-1.14453125,-0.83984375,-4.140625,-6.03125,-5.9609375,0.017578125,-2.88476562,1.78515625
4768,47335081,47635081,0.16796875,0.879821777,-0.393676758,0.206848145,-0.57421875,-1.14453125,-0.83984375,-4.140625,-6.03125,-5.9609375,0.048828125,-2.84570312,1.65625
4769,47338692,47638692,0.169616699,0.875549316,-0.394470215,0.221496582,0.27734375,-0.52734375,-0.453125,-4.6875,-5.8828125,-5.6953125,0.048828125,-2.84570312,1.65625
4770,47352002,47652002,0.171325684,0.870666504,-0.395324707,0.237426758,0.27734375,-0.52734375,-0.453125,-4.6875,-5.8828125,-5.6953125,0.0703125,-2.74414062,1.59375
4771,47357723,47657723,0.172851562,0.865783691,-0.396057129,0.252319336,0.28125,-0.41015625,-0.03515625,-5.1875,-5.734375,-5.421875,0.0703125,-2.74414062,1.59375
4772,47371119,47671119,0.174194336,0.860961914,-0.396789551,0.266296387,0.28125,-0.41015625,-0.03515625,-5.1875,-5.734375,-5.421875,0.095703125,-2.69726562,1.51757812
4773,47378030,47678030,0.175537109,0.85559082,-0.397644043,0.28125,0.2734375,-0.25,0.08984375,-5.640625,-5.5859375,-5.125,0.095703125,-2.69726562,1.51757812
4774,47391759,47691759,0.176696777,0.850158691,-0.398376465,0.295532227,0.2734375,-0.25,0.08984375,-5.640625,-5.5859375,-5.125,0.123046875,-2.62695312,1.44921875
4775,47397726,47697726,0.17767334,0.844726562,-0.399108887,0.309143066,0.40625,-0.078125,0.25,-6.078125,-5.4140625,-4.7890625,0.123046875,-2.62695312,1.44921875
4776,47415374,47715374,0.178527832,0.839233398,-0.399963379,0.32232666,0.40625,-0.078125,0.25,-6.078125,-5.4140625,-4.7890625,0.197265625,-2.50976562,1.31054688
4777,47418975,47718975,0.179321289,0.833496094,-0.401062012,0.335021973,0.98046875,-0.45703125,0.02734375,-6.4609375,-5.265625,-4.453125,0.197265625,-2.50976562,1.31054688
4778,47431345,47731345,0.180175781,0.827819824,-0.40222168,0.347106934,0.98046875,-0.45703125,0.02734375,-6.4609375,-5.265625,-4.453125,0.287109375,-2.40429688,1.26367188
4779,47437312,47737312,0.180969238,0.821777344,-0.403381348,0.35949707,0.94140625,0.16796875,-0.0078125,-6.8046875,-5.125,-4.109375,0.287109375,-2.40429688,1.26367188
4780,47452383,47752383,0.181518555,0.816101074,-0.40447998,0.370727539,0.94140625,0.16796875,-0.0078125,-6.8046875,-5.125,-4.109375,0.25,-2.34179688,1.14257812
4781,47457415,47757415,0.18170166,0.810424805,-0.405334473,0.381958008,1.28515625,0.6328125,0.0625,-7.109375,-4.9765625,-3.7578125,0.25,-2.34179688,1.14257812
4782,47471798,47771798,0.18157959,0.804870605,-0.406066895,0.392883301,1.28515625,0.6328125,0.0625,-7.109375,-4.9765625,-3.7578125,0.146484375,-2.1953125,0.9609375
4783,47476840,47776840,0.181091309,0.799194336,-0.406738281,0.403808594,1.39453125,0.69140625,0.17578125,-7.375,-4.84375,-3.4140625,0.146484375,-2.1953125,0.9609375
4784,47490556,47790556,0.180236816,0.793823242,-0.407409668,0.414001465,1.39453125,0.69140625,0.17578125,-7.375,-4.84375,-3.4140625,0.12109375,-2.12695312,0.80078125
4785,47498230,47798230,0.179199219,0.788452148,-0.408203125,0.42376709,1.69921875,0.60546875,-0.12890625,-7.6015625,-4.71875,-3.0703125,0.12109375,-2.12695312,0.80078125
4786,47511304,47811304,0.178039551,0.783447266,-0.409057617,0.432678223,1.69921875,0.60546875,-0.12890625,-7.6015625,-4.71875,-3.0703125,0.14453125,-2.04492188,0.6484375
4787,47516354,47816354,0.176574707,0.777832031,-0.41027832,0.442077637,1.734375,0.65625,-0.2265625,-7.7890625,-4.6171875,-2.7421875,0.14453125,-2.04492188,0.6484375
4788,47529622,47829622,0.175109863,0.772766113,-0.411621094,0.450256348,1.734375,0.65625,-0.2265625,-7.7890625,-4.6171875,-2.7421875,0.208984375,-1.94335938,0.48828125
4789,47537188,47837188,0.173217773,0.76751709,-0.413024902,0.458557129,1.62109375,1,-0.0546875,-7.9453125,-4.5390625,-2.4140625,0.208984375,-1.94335938,0.48828125
4790,47551573,47851573,0.171081543,0.762695312,-0.414245605,0.466308594,1.62109375,1,-0.0546875,-7.9453125,-4.5390625,-2.4140625,0.083984375,-1.74414062,0.322265625
4791,47556611,47856611,0.168884277,0.758422852,-0.415161133,0.473205566,1.27734375,1.20703125,0.015625,-8.0625,-4.4765625,-2.1015625,0.083984375,-1.74414062,0.322265625
4792,47572876,47872876,0.166748047,0.754699707,-0.415710449,0.479370117,1.27734375,1.20703125,0.015625,-8.0625,-4.4765625,-2.1015625,-0.052734375,-1.453125,0.251953125
4793,47576600,47876600,0.164733887,0.751403809,-0.416137695,0.484863281,0.8671875,1.08984375,-0.12890625,-8.1484375,-4.4375,-1.84375,-0.052734375,-1.453125,0.251953125
4794,47590932,47890932,0.162658691,0.74798584,-0.416564941,0.49041748,0.8671875,1.08984375,-0.12890625,-8.1484375,-4.4375,-1.84375,-0.021484375,-1.23828125,0.2265625
4795,47595967,47895967,0.161071777,0.744995117,-0.416870117,0.495239258,0.39453125,0.8125,0.03515625,-8.2109375,-4.390625,-1.625,-0.021484375,-1.23828125,0.2265625
4796,47611082,47911082,0.159973145,0.742248535,-0.417114258,0.499511719,0.39453125,0.8125,0.03515625,-8.2109375,-4.390625,-1.625,0.041015625,-0.9296875,0.2734375
4797,47616122,47916122,0.159240723,0.739807129,-0.417175293,0.503295898,0.1328125,0.5078125,-0.06640625,-8.2578125,-4.3515625,-1.4453125,0.041015625,-0.9296875,0.2734375
4798,47631654,47931654,0.158813477,0.737915039,-0.416992188,0.506347656,0.1328125,0.5078125,-0.06640625,-8.2578125,-4.3515625,-1.4453125,-0.041015625,-0.62890625,0.27734375
4799,47635257,47935257,0.158447266,0.73638916,-0.416503906,0.509033203,-0.80859375,0.54296875,0.3046875,-8.3125,-4.3125,-1.3203125,-0.041015625,-0.62890625,0.27734375
4800,47652458,47952458,0.15802002,0.735046387,-0.415893555,0.511657715,-0.80859375,0.54296875,0.3046875,-8.3125,-4.3125,-1.3203125,-0.1171875,-0.486328125,0.228515625
4801,47656055,47956055,0.157531738,0.734008789,-0.415344238,0.51373291,-1.19921875,0.296875,0.2578125,-8.34375,-4.2578125,-1.234375,-0.1171875,-0.486328125,0.228515625
4802,47670114,47970114,0.156982422,0.733032227,-0.414794922,0.51574707,-1.19921875,0.296875,0.2578125,-8.34375,-4.2578125,-1.234375,-0.1015625,-0.3671875,0.150390625
4803,47676112,47976112,0.156555176,0.73223877,-0.414367676,0.517272949,-0.9453125,-0.23046875,0.50390625,-8.3671875,-4.2265625,-1.171875,-0.1015625,-0.3671875,0.150390625
4804,47690216,47990216,0.156311035,0.731689453,-0.414001465,0.518493652,-0.9453125,-0.23046875,0.50390625,-8.3671875,-4.2265625,-1.171875,-0.078125,-0.21484375,0.109375
4805,47697550,47997550,0.15612793,0.731323242,-0.413635254,0.519348145,-0.66015625,-0.21484375,0.5,-8.3828125,-4.203125,-1.1328125,-0.078125,-0.21484375,0.109375
4806,47710623,48010623,0.15612793,0.731201172,-0.413269043,0.519836426,-0.66015625,-0.21484375,0.5,-8.3828125,-4.203125,-1.1328125,-0.041015625,-0.01171875,0.083984375
4807,47715415,48015415,0.156433105,0.731262207,-0.412963867,0.519836426,-0.22265625,-0.4609375,0.640625,-8.3984375,-4.1875,-1.1171875,-0.041015625,-0.01171875,0.083984375
4808,47733265,48033265,0.156799316,0.731628418,-0.412597656,0.519470215,-0.22265625,-0.4609375,0.640625,-8.3984375,-4.1875,-1.1171875,-0.021484375,0.17578125,0.029296875
4809,47738534,48038534,0.157226562,0.73223877,-0.412353516,0.518737793,-0.22265625,-0.40234375,0.65625,-8.3984375,-4.171875,-1.1328125,-0.021484375,0.17578125,0.029296875
4810,47751638,48051638,0.157592773,0.733032227,-0.412231445,0.517578125,-0.22265625,-0.40234375,0.65625,-8.3984375,-4.171875,-1.1328125,-0.021484375,0.30859375,-0.06640625
4811,47755385,48055385,0.157897949,0.734008789,-0.412109375,0.516235352,-0.1171875,-0.1328125,0.625,-8.390625,-4.171875,-1.1796875,-0.021484375,0.30859375,-0.06640625
4812,47769727,48069727,0.15814209,0.735290527,-0.411987305,0.514404297,-0.1171875,-0.1328125,0.625,-8.390625,-4.171875,-1.1796875,-0.041015625,0.453125,-0.1640625
4813,47774769,48074769,0.15838623,0.736816406,-0.41192627,0.512207031,0.05859375,-0.0703125,0.57421875,-8.375,-4.1953125,-1.2421875,-0.041015625,0.453125,-0.1640625
4814,47790863,48090863,0.158508301,0.738647461,-0.41192627,0.509521484,0.05859375,-0.0703125,0.57421875,-8.375,-4.1953125,-1.2421875,-0.0546875,0.646484375,-0.28125
4815,47794599,48094599,0.158691406,0.740722656,-0.41192627,0.506408691,0.41015625,0.0078125,0.55078125,-8.34375,-4.234375,-1.3359375,-0.0546875,0.646484375,-0.28125
4816,47812373,48112373,0.158935547,0.743347168,-0.411804199,0.502502441,0.41015625,0.0078125,0.55078125,-8.34375,-4.234375,-1.3359375,-0.083984375,0.90234375,-0.359375
4817,47816651,48116651,0.159301758,0.746154785,-0.411682129,0.498413086,0.6640625,0.09375,0.5,-8.2890625,-4.28125,-1.4765625,-0.083984375,0.90234375,-0.359375
4818,47830631,48130631,0.159851074,0.749572754,-0.411499023,0.493164062,0.6640625,0.09375,0.5,-8.2890625,-4.28125,-1.4765625,-0.064453125,1.1953125,-0.447265625
4819,47834384,48134384,0.160522461,0.752990723,-0.411499023,0.487670898,0.78515625,0.15625,0.328125,-8.21875,-4.34375,-1.6484375,-0.064453125,1.1953125,-0.447265625
4820,47851402,48151402,0.161254883,0.757019043,-0.411621094,0.481140137,0.78515625,0.15625,0.328125,-8.21875,-4.34375,-1.6484375,-0.0234375,1.44921875,-0.580078125
4821,47855150,48155150,0.16192627,0.760925293,-0.411804199,0.47454834,0.58203125,0.34765625,0.39453125,-8.1328125,-4.421875,-1.8671875,-0.0234375,1.44921875,-0.580078125
4822,47871203,48171203,0.162597656,0.76550293,-0.41204834,0.466674805,0.58203125,0.34765625,0.39453125,-8.1328125,-4.421875,-1.8671875,-0.005859375,1.64257812,-0.720703125
4823,47877921,48177921,0.163146973,0.769714355,-0.412475586,0.459106445,0.3046875,0.34375,0.2578125,-8.0078125,-4.53125,-2.1171875,-0.005859375,1.64257812,-0.720703125
4824,47892416,48192416,0.163696289,0.774536133,-0.413085938,0.450195312,0.3046875,0.34375,0.2578125,-8.0078125,-4.53125,-2.1171875,0.037109375,1.77734375,-0.853515625
4825,47895999,48195999,0.1640625,0.77923584,-0.413696289,0.44128418,0.15625,0.3515625,0.33984375,-7.859375,-4.65625,-2.390625,0.037109375,1.77734375,-0.853515625
4826,47910880,48210880,0.164306641,0.783752441,-0.414428711,0.432434082,0.15625,0.3515625,0.33984375,-7.859375,-4.65625,-2.390625,0.044921875,1.88867188,-0.982421875
4827,47918359,48218359,0.164367676,0.788513184,-0.415222168,0.422912598,0.13671875,0.22265625,0.1953125,-7.6875,-4.796875,-2.6640625,0.044921875,1.88867188,-0.982421875
4828,47928364,48228364,0.164306641,0.793457031,-0.41619873,0.412536621,0.13671875,0.22265625,0.1953125,-7.6875,-4.796875,-2.6640625,0.099609375,1.95703125,-1.11328125
4829,47934340,48234340,0.164123535,0.798217773,-0.417419434,0.402099609,-0.12890625,0.08203125,0.359375,-7.4609375,-4.9609375,-2.9453125,0.099609375,1.95703125,-1.11328125
4830,47947891,48247891,0.163757324,0.80279541,-0.418884277,0.391479492,-0.12890625,0.08203125,0.359375,-7.4609375,-4.9609375,-2.9453125,0.18359375,2.00195312,-1.2421875
4831,47955218,48255218,0.163208008,0.807250977,-0.420410156,0.38067627,-0.29296875,0.0234375,0.1796875,-7.21875,-5.1328125,-3.2265625,0.18359375,2.00195312,-1.2421875
4832,47971329,48271329,0.162475586,0.811706543,-0.42199707,0.369689941,-0.29296875,0.0234375,0.1796875,-7.21875,-5.1328125,-3.2265625,0.189453125,2.00195312,-1.3203125
4833,47975049,48275049,0.161682129,0.815856934,-0.423522949,0.359069824,-0.40625,0.14453125,-0.01171875,-6.953125,-5.328125,-3.4921875,0.189453125,2.00195312,-1.3203125
4834,47987961,48287961,0.160583496,0.82019043,-0.424987793,0.347717285,-0.40625,0.14453125,-0.01171875,-6.953125,-5.328125,-3.4921875,0.150390625,2.01367188,-1.38671875
4835,47996958,48296958,0.159301758,0.824584961,-0.426391602,0.33605957,-0.50390625,0.4140625,-0.0703125,-6.6640625,-5.5234375,-3.7421875,0.150390625,2.01367188,-1.38671875
4836,48009683,48309683,0.157897949,0.828796387,-0.427612305,0.324584961,-0.50390625,0.4140625,-0.0703125,-6.6640625,-5.5234375,-3.7421875,0.09765625,1.97851562,-1.4140625
4837,48013402,48313402,0.156494141,0.832641602,-0.428649902,0.313720703,-0.203125,0.265625,-0.44140625,-6.3515625,-5.71875,-3.984375,0.09765625,1.97851562,-1.4140625
4838,48027204,48327204,0.154968262,0.836791992,-0.429748535,0.301757812,-0.203125,0.265625,-0.44140625,-6.3515625,-5.71875,-3.984375,0.08203125,2.02539062,-1.42382812
4839,48036592,48336592,0.153442383,0.840759277,-0.430541992,0.290161133,-0.22265625,0.484375,-0.3203125,-6.0234375,-5.8984375,-4.21875,0.08203125,2.02539062,-1.42382812
4840,48052487,48352487,0.151855469,0.844726562,-0.431030273,0.278503418,-0.22265625,0.484375,-0.3203125,-6.0234375,-5.8984375,-4.21875,-0.029296875,2.09765625,-1.44726562
4841,48053960,48353960,0.150146484,0.848815918,-0.431274414,0.266357422,-0.19140625,0.30859375,-0.515625,-5.671875,-6.0703125,-4.4453125,-0.029296875,2.09765625,-1.44726562
4842,48068668,48368668,0.14855957,0.852478027,-0.431396484,0.255187988,-0.19140625,0.30859375,-0.515625,-5.671875,-6.0703125,-4.4453125,-0.0390625,2.02929688,-1.41015625
4843,48074622,48374622,0.146911621,0.856140137,-0.431396484,0.243530273,-0.16796875,0.3828125,-0.625,-5.3125,-6.21875,-4.6796875,-0.0390625,2.02929688,-1.41015625
4844,48088155,48388155,0.145324707,0.859802246,-0.431091309,0.231872559,-0.16796875,0.3828125,-0.625,-5.3125,-6.21875,-4.6796875,-0.12109375,2.01171875,-1.33203125
4845,48093187,48393187,0.143920898,0.86328125,-0.430541992,0.220703125,0.19140625,0.4375,-0.25390625,-4.9453125,-6.3515625,-4.8984375,-0.12109375,2.01171875,-1.33203125
4846,48108456,48408456,0.142456055,0.866882324,-0.42956543,0.20904541,0.19140625,0.4375,-0.25390625,-4.9453125,-6.3515625,-4.8984375,-0.2265625,2.00390625,-1.25585938
4847,48114985,48414985,0.141174316,0.870239258,-0.428283691,0.198303223,0.27734375,0.625,-0.1171875,-4.5703125,-6.4609375,-5.109375,-0.2265625,2.00390625,-1.25585938
4848,48127564,48427564,0.139953613,0.873962402,-0.426330566,0.186828613,0.27734375,0.625,-0.1171875,-4.5703125,-6.4609375,-5.109375,-0.419921875,2.0859375,-1.20898438
4849,48133530,48433530,0.138671875,0.877685547,-0.424072266,0.175048828,0.64453125,0.00390625,-0.58984375,-4.2109375,-6.53125,-5.328125,-0.419921875,2.0859375,-1.20898438
4850,48147508,48447508,0.137695312,0.880859375,-0.422119141,0.16418457,0.64453125,0.00390625,-0.58984375,-4.2109375,-6.53125,-5.328125,-0.30859375,2.10546875,-1.15234375
4851,48153215,48453215,0.136901855,0.883911133,-0.420410156,0.15234375,0.5703125,-0.59765625,-0.5625,-3.828125,-6.578125,-5.546875,-0.30859375,2.10546875,-1.15234375
4852,48167138,48467138,0.136230469,0.886230469,-0.419494629,0.141479492,0.5703125,-0.59765625,-0.5625,-3.828125,-6.578125,-5.546875,0.033203125,1.96679688,-1.09570312
4853,48172165,48472165,0.135314941,0.888061523,-0.419494629,0.130493164,-0.16015625,-0.8828125,-0.3515625,-3.4453125,-6.640625,-5.71875,0.033203125,1.96679688,-1.09570312
4854,48189191,48489191,0.133972168,0.889465332,-0.42010498,0.120178223,-0.16015625,-0.8828125,-0.3515625,-3.4453125,-6.640625,-5.71875,0.248046875,1.6796875,-1.18945312
4855,48195950,48495950,0.132141113,0.890808105,-0.420532227,0.110412598,-0.25,0.16796875,-0.09765625,-3.0859375,-6.734375,-5.8203125,0.248046875,1.6796875,-1.18945312
4856,48210284,48510284,0.129638672,0.892456055,-0.420349121,0.0997924805,-0.25,0.16796875,-0.09765625,-3.0859375,-6.734375,-5.8203125,-0.03125,1.63476562,-1.32421875
4857,48214020,48514020,0.127258301,0.894287109,-0.419494629,0.0902099609,0.53125,0.90625,-0.05859375,-2.71875,-6.8203125,-5.8984375,-0.03125,1.63476562,-1.32421875
4858,48225477,48525477,0.12512207,0.896179199,-0.41796875,0.080871582,0.53125,0.90625,-0.05859375,-2.71875,-6.8203125,-5.8984375,-0.259765625,1.53710938,-1.14257812
4859,48235203,48535203,0.123413086,0.897827148,-0.416503906,0.0722045898,0.5546875,0.03515625,-0.53125,-2.359375,-6.8671875,-6,-0.259765625,1.53710938,-1.14257812
4860,48246160,48546160,0.122070312,0.899169922,-0.415527344,0.0629272461,0.5546875,0.03515625,-0.53125,-2.359375,-6.8671875,-6,0.02734375,1.61914062,-0.998046875
4861,48252492,48552492,0.120910645,0.899902344,-0.415649414,0.0532226562,0.15234375,-1.703125,0.12890625,-2.03125,-6.890625,-6.0859375,0.02734375,1.61914062,-0.998046875
4862,48266748,48566748,0.119384766,0.899963379,-0.417053223,0.0440063477,0.15234375,-1.703125,0.12890625,-2.03125,-6.890625,-6.0859375,0.544921875,1.390625,-1.0703125
4863,48272215,48572215,0.1171875,0.899719238,-0.418884277,0.0355224609,-0.30078125,-0.9765625,0.18359375,-1.6953125,-6.96875,-6.1015625,0.544921875,1.390625,-1.0703125
4864,48288065,48588065,0.114318848,0.899841309,-0.42010498,0.0277709961,-0.30078125,-0.9765625,0.18359375,-1.6953125,-6.96875,-6.1015625,0.236328125,1.07617188,-1.22265625
4865,48291802,48591802,0.11138916,0.900390625,-0.42010498,0.0206298828,0.58203125,1.72265625,0.6953125,-1.390625,-7.0625,-6.078125,0.236328125,1.07617188,-1.22265625
4866,48306597,48606597,0.108581543,0.901367188,-0.419006348,0.0132446289,0.58203125,1.72265625,0.6953125,-1.390625,-7.0625,-6.078125,-0.216796875,1.07617188,-1.03710938
4867,48312218,48612218,0.106384277,0.902404785,-0.417480469,0.00659179688,0.9375,1.59375,0.8828125,-1.09375,-7.0859375,-6.109375,-0.216796875,1.07617188,-1.03710938
4868,48325071,48625071,0.104553223,0.903259277,-0.416137695,0.000610351562,0.9375,1.59375,0.8828125,-1.09375,-7.0859375,-6.109375,-0.130859375,0.921875,-0.802734375
4869,48331449,48631449,-0.102905273,-0.903808594,0.415405273,0.0048828125,0.6015625,-0.453125,0.8125,-0.8359375,-7.0703125,-6.15625,-0.130859375,0.921875,-0.802734375
4870,48347523,48647523,-0.101196289,-0.903991699,0.415222168,0.0101928711,0.6015625,-0.453125,0.8125,-0.8359375,-7.0703125,-6.15625,0.095703125,0.751953125,-0.724609375
4871,48354589,48654589,-0.099609375,-0.904174805,0.415161133,0.0147094727,0.62109375,-0.08984375,0.78125,-0.625,-7.0859375,-6.1640625,0.095703125,0.751953125,-0.724609375
4872,48370402,48670402,-0.0982055664,-0.904418945,0.414733887,0.0192871094,0.62109375,-0.08984375,0.78125,-0.625,-7.0859375,-6.1640625,-0.044921875,0.6640625,-0.5859375
4873,48375127,48675127,-0.0969238281,-0.904724121,0.414123535,0.0231933594,0.48046875,-0.08203125,0.40625,-0.4453125,-7.09375,-6.171875,-0.044921875,0.6640625,-0.5859375
4874,48385656,48685656,-0.095703125,-0.904968262,0.413696289,0.026550293,0.48046875,-0.08203125,0.40625,-0.4453125,-7.09375,-6.171875,-0.00390625,0.4609375,-0.498046875
4875,48391209,48691209,-0.0943603516,-0.905151367,0.413513184,0.0294189453,-0.15625,-0.8515625,-0.46484375,-0.3046875,-7.09375,-6.1796875,-0.00390625,0.4609375,-0.498046875
4876,48406490,48706490,-0.092956543,-0.905212402,0.413391113,0.0321044922,-0.15625,-0.8515625,-0.46484375,-0.3046875,-7.09375,-6.1796875,0.04296875,0.375,-0.490234375
4877,48412859,48712859,-0.0916137695,-0.905273438,0.413391113,0.0349121094,-0.08203125,-0.84375,-1.1171875,-0.1875,-7.1015625,-6.1796875,0.04296875,0.375,-0.490234375
4878,48424796,48724796,-0.0902709961,-0.905273438,0.413391113,0.0380859375,-0.08203125,-0.84375,-1.1171875,-0.1875,-7.1015625,-6.1796875,0.083984375,0.47265625,-0.474609375
4879,48435161,48735161,-0.0891723633,-0.905212402,0.413513184,0.0411376953,-0.1015625,-0.91015625,-1.1640625,-0.0546875,-7.109375,-6.171875,0.083984375,0.47265625,-0.474609375
4880,48448769,48748769,-0.0879516602,-0.905090332,0.413696289,0.0442504883,-0.1015625,-0.91015625,-1.1640625,-0.0546875,-7.109375,-6.171875,0.09765625,0.421875,-0.451171875
4881,48452885,48752885,-0.0867919922,-0.905029297,0.413757324,0.0469360352,-0.1484375,-0.43359375,-0.2578125,0.0703125,-7.125,-6.15625,0.09765625,0.421875,-0.451171875
4882,48469354,48769354,-0.0858154297,-0.905029297,0.413696289,0.0493164062,-0.1484375,-0.43359375,-0.2578125,0.0703125,-7.125,-6.15625,0.013671875,0.322265625,-0.34765625
4883,48473844,48773844,-0.0850219727,-0.905090332,0.413513184,0.0512695312,-0.0234375,-0.3984375,-0.11328125,0.171875,-7.125,-6.1484375,0.013671875,0.322265625,-0.34765625
4884,48485772,48785772,-0.0842895508,-0.905090332,0.413330078,0.0530395508,-0.0234375,-0.3984375,-0.11328125,0.171875,-7.125,-6.1484375,0.00390625,0.228515625,-0.23828125
4885,48492133,48792133,-0.0838012695,-0.905090332,0.413330078,0.0543212891,-0.0625,-0.78125,0.0390625,0.25,-7.125,-6.1484375,0.00390625,0.228515625,-0.23828125
4886,48509669,48809669,-0.083190918,-0.904907227,0.413757324,0.055480957,-0.0625,-0.78125,0.0390625,0.25,-7.125,-6.1484375,0.158203125,0.125,-0.166015625
4887,48513829,48813829,-0.0826416016,-0.904602051,0.414428711,0.0563354492,-0.03125,-0.92578125,0.17578125,0.296875,-7.1328125,-6.1328125,0.158203125,0.125,-0.166015625
4888,48528125,48828125,-0.0820922852,-0.904296875,0.414978027,0.0570068359,-0.03125,-0.92578125,0.17578125,0.296875,-7.1328125,-6.1328125,0.119140625,0.05859375,-0.134765625
4889,48532604,48832604,-0.0817260742,-0.904174805,0.415283203,0.0574951172,0.12890625,0.125,-0.078125,0.328125,-7.1484375,-6.109375,0.119140625,0.05859375,-0.134765625
4890,48544509,48844509,-0.0816650391,-0.904174805,0.415283203,0.057800293,0.12890625,0.125,-0.078125,0.328125,-7.1484375,-6.109375,-0.017578125,0.04296875,0.00390625
4891,48552635,48852635,-0.0819091797,-0.904174805,0.415161133,0.0578613281,0.07421875,-0.05859375,-0.16015625,0.34375,-7.15625,-6.1015625,-0.017578125,0.04296875,0.00390625
4892,48566564,48866564,-0.0822753906,-0.904174805,0.415161133,0.0576171875,0.07421875,-0.05859375,-0.16015625,0.34375,-7.15625,-6.1015625,-0.00390625,-0.037109375,0.1015625
4893,48570294,48870294,-0.0826416016,-0.904174805,0.415222168,0.0570678711,-0.1875,-0.55859375,0.15234375,0.3359375,-7.15625,-6.109375,-0.00390625,-0.037109375,0.1015625
4894,48583848,48883848,-0.0831298828,-0.904174805,0.415222168,0.0562133789,-0.1875,-0.55859375,0.15234375,0.3359375,-7.15625,-6.109375,-0.03125,-0.146484375,0.173828125
4895,48591883,48891883,-0.0836181641,-0.90423584,0.415161133,0.0549926758,-0.1171875,-0.3671875,0.3046875,0.3046875,-7.15625,-6.109375,-0.03125,-0.146484375,0.173828125
4896,48605523,48905523,-0.0842285156,-0.904296875,0.415161133,0.053527832,-0.1171875,-0.3671875,0.3046875,0.3046875,-7.15625,-6.109375,-0.033203125,-0.244140625,0.248046875
4897,48610191,48910191,-0.0848999023,-0.904296875,0.415161133,0.0518188477,0.08984375,-0.10546875,0.4296875,0.25,-7.1484375,-6.1171875,-0.033203125,-0.244140625,0.248046875
4898,48627492,48927492,-0.0857543945,-0.90435791,0.415100098,0.049621582,0.08984375,-0.10546875,0.4296875,0.25,-7.1484375,-6.1171875,-0.068359375,-0.34375,0.353515625
4899,48631712,48931712,-0.0866699219,-0.90447998,0.414978027,0.0471191406,0.20703125,0.28515625,0.66796875,0.171875,-7.15625,-6.125,-0.068359375,-0.34375,0.353515625
4900,48643296,48943296,-0.0878295898,-0.904541016,0.414855957,0.044128418,0.20703125,0.28515625,0.66796875,0.171875,-7.15625,-6.125,-0.111328125,-0.478515625,0.478515625
4901,48649260,48949260,-0.0891113281,-0.904724121,0.414611816,0.0406494141,0.43359375,0.4609375,0.828125,0.0625,-7.140625,-6.1328125,-0.111328125,-0.478515625,0.478515625
4902,48662218,48962218,-0.090637207,-0.904968262,0.4140625,0.0366210938,0.43359375,0.4609375,0.828125,0.0625,-7.140625,-6.1328125,-0.228515625,-0.630859375,0.646484375
4903,48672105,48972105,-0.0924072266,-0.905273438,0.413391113,0.0319824219,0.19921875,0.40625,0.46875,-0.0859375,-7.125,-6.15625,-0.228515625,-0.630859375,0.646484375
4904,48687111,48987111,-0.0942382812,-0.905639648,0.412536621,0.0267944336,0.19921875,0.40625,0.46875,-0.0859375,-7.125,-6.15625,-0.3046875,-0.83984375,0.798828125
4905,48691720,48991720,-0.0962524414,-0.906005859,0.411682129,0.0208129883,0.0703125,0.328125,0.1640625,-0.265625,-7.0859375,-6.1953125,-0.3046875,-0.83984375,0.798828125
4906,48702900,49002900,-0.0982055664,-0.90637207,0.410705566,0.014465332,0.0703125,0.328125,0.1640625,-0.265625,-7.0859375,-6.1953125,-0.376953125,-1.08007812,0.93359375
4907,48710890,49010890,-0.100341797,-0.906799316,0.409423828,0.00689697266,-0.03125,0.359375,-0.34375,-0.5078125,-7.0390625,-6.2265625,-0.376953125,-1.08007812,0.93359375
4908,48721211,49021211,0.102661133,0.907165527,-0.40802002,0.000854492188,-0.03125,0.359375,-0.34375,-0.5078125,-7.0390625,-6.2265625,-0.46484375,-1.23828125,1.09375
4909,48729451,49029451,0.105041504,0.907470703,-0.406677246,0.00897216797,-0.01171875,-0.0546875,-0.41015625,-0.796875,-6.96875,-6.2734375,-0.46484375,-1.23828125,1.09375
4910,48747912,49047912,0.107543945,0.907592773,-0.405456543,0.0182495117,-0.01171875,-0.0546875,-0.41015625,-0.796875,-6.96875,-6.2734375,-0.39453125,-1.54492188,1.24804688
4911,48749378,49049378,0.110168457,0.907470703,-0.404418945,0.0286865234,-0.36328125,-0.39453125,-0.609375,-1.1328125,-6.8984375,-6.3046875,-0.39453125,-1.54492188,1.24804688
4912,48764387,49064387,0.112609863,0.907165527,-0.403564453,0.0393066406,-0.36328125,-0.39453125,-0.609375,-1.1328125,-6.8984375,-6.3046875,-0.349609375,-1.74804688,1.32421875
4913,48772269,49072269,0.114807129,0.906738281,-0.402709961,0.049987793,-0.125,-0.25,-0.41015625,-1.5234375,-6.8125,-6.3125,-0.349609375,-1.74804688,1.32421875
4914,48786397,49086397,0.117004395,0.90612793,-0.401733398,0.0621948242,-0.125,-0.25,-0.41015625,-1.5234375,-6.8125,-6.3125,-0.388671875,-2.08398438,1.41796875
4915,48790147,49090147,0.119262695,0.905212402,-0.400756836,0.0758056641,-0.74609375,-0.61328125,-0.921875,-1.9375,-6.71875,-6.296875,-0.388671875,-2.08398438,1.41796875
4916,48804072,49104072,0.121154785,0.904174805,-0.399963379,0.0883789062,-0.74609375,-0.61328125,-0.921875,-1.9375,-6.71875,-6.296875,-0.34375,-2.359375,1.50976562
4917,48807800,49107800,0.12298584,0.902770996,-0.399169922,0.102661133,-0.84375,-0.796875,-0.96875,-2.4140625,-6.609375,-6.25,-0.34375,-2.359375,1.50976562
4918,48825667,49125667,0.124694824,0.900878906,-0.39855957,0.118286133,-0.84375,-0.796875,-0.96875,-2.4140625,-6.609375,-6.25,-0.220703125,-2.65820312,1.56640625
4919,48829400,49129400,0.126220703,0.898742676,-0.398254395,0.13293457,-1.0859375,-0.234375,-1.32421875,-2.9375,-6.484375,-6.1640625,-0.220703125,-2.65820312,1.56640625
4920,48845530,49145530,0.127868652,0.896179199,-0.397583008,0.149780273,-1.0859375,-0.234375,-1.32421875,-2.9375,-6.484375,-6.1640625,-0.33984375,-2.84570312,1.6640625
4921,48849264,49149264,0.129394531,0.893615723,-0.39666748,0.165649414,-0.9609375,-0.20703125,-0.8984375,-3.484375,-6.359375,-6.015625,-0.33984375,-2.84570312,1.6640625
4922,48865678,49165678,0.13092041,0.890625,-0.395751953,0.18170166,-0.9609375,-0.20703125,-0.8984375,-3.484375,-6.359375,-6.015625,-0.25,-2.77539062,1.61328125
4923,48869408,49169408,0.132385254,0.887451172,-0.395141602,0.196899414,-0.69140625,-0.97265625,-0.6875,-4.0234375,-6.203125,-5.84375,-0.25,-2.77539062,1.61328125
4924,48883706,49183706,0.134094238,0.883972168,-0.394714355,0.211853027,-0.69140625,-0.97265625,-0.6875,-4.0234375,-6.203125,-5.84375,-0.1171875,-2.62695312,1.62695312
4925,48887436,49187436,0.136047363,0.880249023,-0.394287109,0.226257324,-0.26953125,-0.86328125,-0.4765625,-4.5234375,-6.046875,-5.6328125,-0.1171875,-2.62695312,1.62695312
4926,48903982,49203982,0.138366699,0.876037598,-0.393920898,0.241333008,-0.26953125,-0.86328125,-0.4765625,-4.5234375,-6.046875,-5.6328125,-0.01171875,-2.54101562,1.66796875
4927,48907729,49207729,0.140563965,0.871887207,-0.393676758,0.255126953,-0.55078125,-0.875,-0.7109375,-5.0078125,-5.8828125,-5.3984375,-0.01171875,-2.54101562,1.66796875
4928,48924123,49224123,0.142883301,0.867126465,-0.393493652,0.269897461,-0.55078125,-0.875,-0.7109375,-5.0078125,-5.8828125,-5.3984375,0.0390625,-2.5,1.60351562
4929,48927854,49227854,0.144775391,0.862731934,-0.393310547,0.282958984,-0.12890625,-0.39453125,-0.32421875,-5.46875,-5.7109375,-5.1328125,0.0390625,-2.5,1.60351562
4930,48944607,49244607,0.146728516,0.857788086,-0.393127441,0.296813965,-0.12890625,-0.39453125,-0.32421875,-5.46875,-5.7109375,-5.1328125,0.076171875,-2.38867188,1.48828125
4931,48948325,49248325,0.148376465,0.853027344,-0.393188477,0.309326172,0.29296875,-0.7109375,-0.22265625,-5.890625,-5.546875,-4.8515625,0.076171875,-2.38867188,1.48828125
4932,48961858,49261858,0.149963379,0.847961426,-0.393554688,0.321777344,0.29296875,-0.7109375,-0.22265625,-5.890625,-5.546875,-4.8515625,0.208984375,-2.33007812,1.34375
4933,48966895,49266895,0.151306152,0.842651367,-0.393981934,0.334472656,0.546875,-0.29296875,-0.2890625,-6.2578125,-5.390625,-4.5546875,0.208984375,-2.33007812,1.34375
4934,48984616,49284616,0.15234375,0.837524414,-0.394226074,0.346313477,0.546875,-0.29296875,-0.2890625,-6.2578125,-5.390625,-4.5546875,0.140625,-2.23632812,1.2109375
4935,48988346,49288346,0.153137207,0.832702637,-0.394287109,0.357299805,0.9765625,0.515625,-0.02734375,-6.609375,-5.2421875,-4.2421875,0.140625,-2.23632812,1.2109375
4936,49003897,49303897,0.153991699,0.827697754,-0.394104004,0.368652344,0.9765625,0.515625,-0.02734375,-6.609375,-5.2421875,-4.2421875,0.072265625,-2.02734375,1.12695312
4937,49007635,49307635,0.154785156,0.823181152,-0.393981934,0.378356934,1.2734375,0.1015625,0.2890625,-6.90625,-5.09375,-3.9453125,0.072265625,-2.02734375,1.12695312
4938,49025325,49325325,0.155883789,0.818359375,-0.393981934,0.388305664,1.2734375,0.1015625,0.2890625,-6.90625,-5.09375,-3.9453125,0.171875,-1.83203125,1.07617188
4939,49026797,49326797,0.156982422,0.813537598,-0.394042969,0.397705078,1.109375,-0.34765625,0.390625,-7.1640625,-4.953125,-3.6640625,0.171875,-1.83203125,1.07617188
4940,49041658,49341658,0.15802002,0.808898926,-0.394287109,0.406494141,1.109375,-0.34765625,0.390625,-7.1640625,-4.953125,-3.6640625,0.2109375,-1.73046875,0.962890625
4941,49047630,49347630,0.158752441,0.804443359,-0.394592285,0.414672852,0.8671875,0.01953125,0.109375,-7.3828125,-4.8203125,-3.3828125,0.2109375,-1.73046875,0.962890625
4942,49065165,49365165,0.159179688,0.799560547,-0.394958496,0.423522949,0.8671875,0.01953125,0.109375,-7.3828125,-4.8203125,-3.3828125,0.1796875,-1.63867188,0.771484375
4943,49069307,49369307,0.159301758,0.795349121,-0.395385742,0.430969238,0.71875,0.66796875,0.1796875,-7.578125,-4.703125,-3.109375,0.1796875,-1.63867188,0.771484375
4944,49082217,49382217,0.159179688,0.791137695,-0.395751953,0.438415527,0.71875,0.66796875,0.1796875,-7.578125,-4.703125,-3.109375,0.12890625,-1.546875,0.650390625
4945,49085939,49385939,0.158935547,0.78717041,-0.396057129,0.44519043,0.7578125,0.53515625,0.08203125,-7.734375,-4.609375,-2.859375,0.12890625,-1.546875,0.650390625
4946,49104343,49404343,0.158752441,0.78302002,-0.396362305,0.452331543,0.7578125,0.53515625,0.08203125,-7.734375,-4.609375,-2.859375,0.126953125,-1.4140625,0.595703125
4947,49108072,49408072,0.158630371,0.779174805,-0.39666748,0.458679199,0.74609375,0.59375,-0.04296875,-7.875,-4.515625,-2.6171875,0.126953125,-1.4140625,0.595703125
4948,49121003,49421003,0.158569336,0.775512695,-0.396850586,0.46472168,0.74609375,0.59375,-0.04296875,-7.875,-4.515625,-2.6171875,0.123046875,-1.2421875,0.55859375
4949,49126991,49426991,0.158630371,0.772033691,-0.396972656,0.470275879,0.671875,0.69921875,0.07421875,-7.9921875,-4.4296875,-2.390625,0.123046875,-1.2421875,0.55859375
4950,49144203,49444203,0.158752441,0.768859863,-0.396972656,0.475463867,0.671875,0.69921875,0.07421875,-7.9921875,-4.4296875,-2.390625,0.103515625,-1.04101562,0.533203125
4951,49149261,49449261,0.158996582,0.765869141,-0.396850586,0.48034668,0.34375,0.546875,0.14453125,-8.0859375,-4.3515625,-2.1953125,0.103515625,-1.04101562,0.533203125
4952,49163973,49463973,0.159118652,0.763061523,-0.396606445,0.484924316,0.34375,0.546875,0.14453125,-8.0859375,-4.3515625,-2.1953125,0.02734375,-0.9296875,0.478515625
4953,49168201,49468201,0.159118652,0.760437012,-0.39630127,0.489257812,0.015625,0.65234375,0.171875,-8.1796875,-4.265625,-2.03125,0.02734375,-0.9296875,0.478515625
4954,49185069,49485069,0.159057617,0.75793457,-0.395996094,0.493347168,0.015625,0.65234375,0.171875,-8.1796875,-4.265625,-2.03125,0.025390625,-0.833984375,0.40234375
4955,49190228,49490228,0.158996582,0.755615234,-0.395812988,0.497131348,0.1640625,0.3515625,0.109375,-8.25,-4.1953125,-1.890625,0.025390625,-0.833984375,0.40234375
4956,49201352,49501352,0.158935547,0.753540039,-0.395629883,0.500366211,0.1640625,0.3515625,0.109375,-8.25,-4.1953125,-1.890625,0.037109375,-0.701171875,0.32421875
4957,49205096,49505096,0.158874512,0.751525879,-0.395568848,0.503540039,0.140625,0.296875,0.015625,-8.3046875,-4.140625,-1.7578125,0.037109375,-0.701171875,0.32421875
4958,49222583,49522583,0.158752441,0.749633789,-0.395446777,0.506408691,0.140625,0.296875,0.015625,-8.3046875,-4.140625,-1.7578125,0.0234375,-0.572265625,0.255859375
4959,49226325,49526325,0.158569336,0.74810791,-0.395324707,0.508789062,0.11328125,0.546875,0.01953125,-8.3515625,-4.0859375,-1.6484375,0.0234375,-0.572265625,0.255859375
4960,49241913,49541913,0.158325195,0.746765137,-0.395019531,0.511108398,0.11328125,0.546875,0.01953125,-8.3515625,-4.0859375,-1.6484375,-0.041015625,-0.439453125,0.19921875
4961,49245643,49545643,0.158203125,0.745727539,-0.39465332,0.512939453,0.2578125,0.27734375,0.1328125,-8.3828125,-4.046875,-1.5703125,-0.041015625,-0.439453125,0.19921875
4962,49262899,49562899,0.15826416,0.744812012,-0.394226074,0.514526367,0.2578125,0.27734375,0.1328125,-8.3828125,-4.046875,-1.5703125,-0.0390625,-0.25390625,0.1953125
4963,49267357,49567357,0.158447266,0.744262695,-0.393798828,0.515625,0.3203125,0.0546875,0.26953125,-8.40625,-4.015625,-1.515625,-0.0390625,-0.25390625,0.1953125
4964,49281218,49581218,0.158813477,0.743896484,-0.393310547,0.516418457,0.3203125,0.0546875,0.26953125,-8.40625,-4.015625,-1.515625,-0.015625,-0.044921875,0.1640625
4965,49284959,49584959,0.159362793,0.743835449,-0.392883301,0.516662598,0.3828125,-0.28125,0.515625,-8.4296875,-3.984375,-1.4921875,-0.015625,-0.044921875,0.1640625
4966,49303005,49603005,0.16003418,0.74407959,-0.392456055,0.516418457,0.3828125,-0.28125,0.515625,-8.4296875,-3.984375,-1.4921875,-0.00390625,0.173828125,0.087890625
4967,49307064,49607064,0.160644531,0.744628906,-0.392150879,0.51574707,0.3125,-0.19140625,0.5625,-8.4375,-3.9609375,-1.5,-0.00390625,0.173828125,0.087890625
4968,49320770,49620770,0.161132812,0.745422363,-0.391845703,0.514587402,0.3125,-0.19140625,0.5625,-8.4375,-3.9609375,-1.5,-0.015625,0.345703125,-0.0390625
4969,49324494,49624494,0.161621094,0.746520996,-0.391662598,0.513000488,0.19140625,-0.12109375,0.41796875,-8.4296875,-3.953125,-1.546875,-0.015625,0.345703125,-0.0390625
4970,49340207,49640207,0.16204834,0.74798584,-0.391540527,0.510864258,0.19140625,-0.12109375,0.41796875,-8.4296875,-3.953125,-1.546875,-0.025390625,0.54296875,-0.150390625
4971,49345249,49645249,0.162414551,0.749633789,-0.391357422,0.508422852,0.28125,-0.02734375,0.44921875,-8.40625,-3.96875,-1.6171875,-0.025390625,0.54296875,-0.150390625
4972,49358158,49658158,0.162780762,0.751708984,-0.391235352,0.505310059,0.28125,-0.02734375,0.44921875,-8.40625,-3.96875,-1.6171875,-0.04296875,0.767578125,-0.275390625
4973,49365452,49665452,0.163146973,0.754211426,-0.391174316,0.501464844,0.3125,0.27734375,0.21484375,-8.359375,-4.0078125,-1.7265625,-0.04296875,0.767578125,-0.275390625
4974,49381654,49681654,0.163452148,0.757019043,-0.391113281,0.497253418,0.3125,0.27734375,0.21484375,-8.359375,-4.0078125,-1.7265625,-0.076171875,1.00976562,-0.40234375
4975,49385390,49685390,0.163696289,0.760070801,-0.390991211,0.492614746,0.41015625,0.41015625,0.29296875,-8.3046875,-4.0625,-1.8828125,-0.076171875,1.00976562,-0.40234375
4976,49400831,49700831,0.163879395,0.763549805,-0.390869141,0.487182617,0.41015625,0.41015625,0.29296875,-8.3046875,-4.0625,-1.8828125,-0.08984375,1.23828125,-0.5234375
4977,49404560,49704560,0.1640625,0.767333984,-0.390808105,0.481262207,0.32421875,0.36328125,0.18359375,-8.21875,-4.1328125,-2.078125,-0.08984375,1.23828125,-0.5234375
4978,49419957,49719957,0.164245605,0.771484375,-0.390808105,0.474487305,0.32421875,0.36328125,0.18359375,-8.21875,-4.1328125,-2.078125,-0.08984375,1.4609375,-0.64453125
4979,49424996,49724996,0.164367676,0.775634766,-0.390808105,0.467590332,0.328125,0.44921875,0.109375,-8.109375,-4.21875,-2.3125,-0.08984375,1.4609375,-0.64453125
4980,49439434,49739434,0.164550781,0.780334473,-0.390991211,0.459472656,0.328125,0.44921875,0.109375,-8.109375,-4.21875,-2.3125,-0.052734375,1.66015625,-0.771484375
4981,49444480,49744480,0.164611816,0.784667969,-0.391235352,0.451843262,0.03515625,0.484375,0.015625,-7.96875,-4.328125,-2.5625,-0.052734375,1.66015625,-0.771484375
4982,49459767,49759767,0.164550781,0.789733887,-0.391601562,0.442626953,0.03515625,0.484375,0.015625,-7.96875,-4.328125,-2.5625,-0.029296875,1.83398438,-0.92578125
4983,49463508,49763508,0.164306641,0.794372559,-0.392089844,0.433837891,-0.17578125,0.5390625,0.02734375,-7.796875,-4.4609375,-2.84375,-0.029296875,1.83398438,-0.92578125
4984,49478490,49778490,0.163818359,0.799621582,-0.39276123,0.42376709,-0.17578125,0.5390625,0.02734375,-7.796875,-4.4609375,-2.84375,-0.01171875,1.94140625,-1.10546875
4985,49483523,49783523,0.163085938,0.8046875,-0.393493652,0.413635254,-0.37890625,0.46484375,-0.10546875,-7.59375,-4.6171875,-3.1328125,-0.01171875,1.94140625,-1.10546875
4986,49499186,49799186,0.16217041,0.809753418,-0.394226074,0.403198242,-0.37890625,0.46484375,-0.10546875,-7.59375,-4.6171875,-3.1328125,-0.01171875,2.02929688,-1.21679688
4987,49504213,49804213,0.161254883,0.81463623,-0.395019531,0.392822266,-0.34375,0.25390625,0.0390625,-7.359375,-4.7890625,-3.4296875,-0.01171875,2.02929688,-1.21679688
4988,49517764,49817764,0.160400391,0.819580078,-0.395935059,0.381896973,-0.34375,0.25390625,0.0390625,-7.359375,-4.7890625,-3.4296875,0.0703125,2.11132812,-1.265625
4989,49524130,49824130,0.159484863,0.824584961,-0.397094727,0.370056152,-0.1484375,-0.1015625,-0.0546875,-7.09375,-4.96875,-3.71875,0.0703125,2.11132812,-1.265625
4990,49539042,49839042,0.158691406,0.829223633,-0.398254395,0.358520508,-0.1484375,-0.1015625,-0.0546875,-7.09375,-4.96875,-3.71875,0.15234375,2.16796875,-1.30078125
4991,49544087,49844087,0.157897949,0.833679199,-0.399475098,0.347045898,-0.30078125,-0.02734375,-0.0234375,-6.7890625,-5.15625,-4.015625,0.15234375,2.16796875,-1.30078125
4992,49560221,49860221,0.156860352,0.838256836,-0.400878906,0.334655762,-0.30078125,-0.02734375,-0.0234375,-6.7890625,-5.15625,-4.015625,0.1796875,2.20117188,-1.38867188
4993,49563949,49863949,0.155700684,0.842468262,-0.402099609,0.322937012,-0.46875,-0.00390625,-0.21875,-6.46875,-5.3359375,-4.28125,0.1796875,2.20117188,-1.38867188
4994,49578965,49878965,0.154174805,0.847045898,-0.403259277,0.309997559,-0.46875,-0.00390625,-0.21875,-6.46875,-5.3359375,-4.28125,0.109375,2.21679688,-1.4609375
4995,49582692,49882692,0.152587891,0.851196289,-0.404052734,0.298156738,-0.55078125,0.078125,-0.0703125,-6.1171875,-5.53125,-4.546875,0.109375,2.21679688,-1.4609375
4996,49597140,49897140,0.15057373,0.855651855,-0.404541016,0.285461426,-0.55078125,0.078125,-0.0703125,-6.1171875,-5.53125,-4.546875,-0.03125,2.23828125,-1.52929688
4997,49604427,49904427,0.1484375,0.860107422,-0.404846191,0.272521973,-0.390625,-0.1640625,-0.01171875,-5.7421875,-5.7109375,-4.796875,-0.03125,2.23828125,-1.52929688
4998,49618755,49918755,0.146362305,0.864379883,-0.404968262,0.259765625,-0.390625,-0.1640625,-0.01171875,-5.7421875,-5.7109375,-4.796875,-0.052734375,2.23632812,-1.4921875
4999,49622481,49922481,0.14453125,0.868225098,-0.405029297,0.247558594,-0.3671875,-0.3828125,0.01953125,-5.34375,-5.875,-5.0546875,-0.052734375,2.23632812,-1.4921875
5000,49639146,49939146,0.142578125,0.872192383,-0.405212402,0.234069824,-0.3671875,-0.3828125,0.01953125,-5.34375,-5.875,-5.0546875,0.048828125,2.3203125,-1.50585938
5001,49642893,49942893,0.140869141,0.875549316,-0.405639648,0.221313477,-0.015625,-0.42578125,-0.4765625,-4.9296875,-6.0234375,-5.2890625,0.048828125,2.3203125,-1.50585938
5002,49657498,49957498,0.139099121,0.87890625,-0.40625,0.207641602,-0.015625,-0.42578125,-0.4765625,-4.9296875,-6.0234375,-5.2890625,0.13671875,2.29492188,-1.49023438
5003,49662536,49962536,0.137329102,0.881896973,-0.406677246,0.194946289,-0.21484375,-0.1171875,-0.15625,-4.5,-6.1796875,-5.4921875,0.13671875,2.29492188,-1.49023438
5004,49677735,49977735,0.135253906,0.885131836,-0.406738281,0.181213379,-0.21484375,-0.1171875,-0.15625,-4.5,-6.1796875,-5.4921875,-0.005859375,2.19726562,-1.46875
5005,49684215,49984215,0.133361816,0.887817383,-0.406494141,0.169616699,-0.1640625,-0.16796875,-0.16015625,-4.0546875,-6.3203125,-5.6796875,-0.005859375,2.19726562,-1.46875
5006,49699835,49999835,0.131225586,0.890563965,-0.40612793,0.157226562,-0.1640625,-0.16796875,-0.16015625,-4.0546875,-6.3203125,-5.6796875,-0.04296875,1.99023438,-1.36132812
5007,49703563,50003563,0.129333496,0.892883301,-0.405761719,0.14630127,-0.078125,-0.44921875,-0.45703125,-3.640625,-6.421875,-5.84375,-0.04296875,1.99023438,-1.36132812
5008,49717819,50017819,0.127624512,0.894958496,-0.405761719,0.134643555,-0.078125,-0.44921875,-0.45703125,-3.640625,-6.421875,-5.84375,0.162109375,1.89257812,-1.20507812
5009,49721556,50021556,0.126342773,0.896362305,-0.406311035,0.124328613,0.18359375,-0.4765625,-0.5625,-3.25,-6.5078125,-5.96875,0.162109375,1.89257812,-1.20507812
5010,49738929,50038929,0.125,0.897583008,-0.407409668,0.113037109,0.18359375,-0.4765625,-0.5625,-3.25,-6.5078125,-5.96875,0.380859375,1.79101562,-1.15625
5011,49743371,50043371,0.123718262,0.89831543,-0.408813477,0.102966309,-0.15625,-0.4453125,-0.33203125,-2.875,-6.6171875,-6.046875,0.380859375,1.79101562,-1.15625
5012,49756571,50056571,0.122192383,0.898803711,-0.410644531,0.0927734375,-0.15625,-0.4453125,-0.33203125,-2.875,-6.6171875,-6.046875,0.548828125,1.66796875,-1.18554688
5013,49762541,50062541,0.120300293,0.899169922,-0.412536621,0.0823364258,0.03125,0.20703125,0.15234375,-2.5234375,-6.734375,-6.0703125,0.548828125,1.66796875,-1.18554688
5014,49778868,50078868,0.118286133,0.899719238,-0.413696289,0.0729980469,0.03125,0.20703125,0.15234375,-2.5234375,-6.734375,-6.0703125,0.255859375,1.4296875,-1.12890625
5015,49782604,50082604,0.116455078,0.900390625,-0.414123535,0.0648803711,0.20703125,0.85546875,0.24609375,-2.1640625,-6.84375,-6.0859375,0.255859375,1.4296875,-1.12890625
5016,49799299,50099299,0.114685059,0.901184082,-0.4140625,0.0568237305,0.20703125,0.85546875,0.24609375,-2.1640625,-6.84375,-6.0859375,0.0625,1.22460938,-0.92578125
5017,49803042,50103042,0.113220215,0.901855469,-0.4140625,0.049621582,0.5234375,-0.15625,-0.3203125,-1.8671875,-6.90625,-6.1328125,0.0625,1.22460938,-0.92578125
5018,49817861,50117861,0.111999512,0.90222168,-0.414306641,0.0419921875,0.5234375,-0.15625,-0.3203125,-1.8671875,-6.90625,-6.1328125,0.205078125,1.26367188,-0.818359375
5019,49821600,50121600,0.111022949,0.90246582,-0.414794922,0.0347900391,0.40234375,-0.4609375,-0.52734375,-1.59375,-6.9453125,-6.15625,0.205078125,1.26367188,-0.818359375
5020,49835871,50135871,0.109924316,0.902526855,-0.415527344,0.0268554688,0.40234375,-0.4609375,-0.52734375,-1.59375,-6.9453125,-6.15625,0.298828125,1.27539062,-0.849609375
5021,49841838,50141838,0.108642578,0.90246582,-0.416442871,0.0192260742,0.12890625,-0.4375,0.5078125,-1.3203125,-7.0078125,-6.15625,0.298828125,1.27539062,-0.849609375
5022,49855305,50155305,0.107055664,0.902282715,-0.417541504,0.0120239258,0.12890625,-0.4375,0.5078125,-1.3203125,-7.0078125,-6.15625,0.345703125,1.06640625,-0.908203125
5023,49861279,50161279,0.105041504,0.902160645,-0.418334961,0.00561523438,0.4765625,0.62109375,0.75,-1.0546875,-7.0703125,-6.1328125,0.345703125,1.06640625,-0.908203125
5024,49876150,50176150,0.102905273,0.90234375,-0.418579102,0.000183105469,0.4765625,0.62109375,0.75,-1.0546875,-7.0703125,-6.1328125,0.072265625,0.7734375,-0.822265625
5025,49882121,50182121,-0.101013184,-0.902709961,0.418212891,0.00524902344,0.89453125,1.04296875,0.50390625,-0.8203125,-7.109375,-6.1171875,0.072265625,0.7734375,-0.822265625
5026,49894777,50194777,-0.099609375,-0.903076172,0.417602539,0.0102539062,0.89453125,1.04296875,0.50390625,-0.8203125,-7.109375,-6.1171875,-0.009765625,0.828125,-0.662109375
5027,49900747,50200747,-0.0983886719,-0.903198242,0.417541504,0.0155029297,0.95703125,-0.44140625,0.3671875,-0.6171875,-7.1171875,-6.1328125,-0.009765625,0.828125,-0.662109375
5028,49914124,50214124,-0.0973510742,-0.902893066,0.418212891,0.0209960938,0.95703125,-0.44140625,0.3671875,-0.6171875,-7.1171875,-6.1328125,0.353515625,0.91796875,-0.640625
5029,49921584,50221584,-0.0963134766,-0.90222168,0.419494629,0.0266723633,0.75390625,-1.0234375,0.66015625,-0.4140625,-7.1484375,-6.1171875,0.353515625,0.91796875,-0.640625
5030,49936710,50236710,-0.0950317383,-0.901550293,0.420898438,0.032043457,0.75390625,-1.0234375,0.66015625,-0.4140625,-7.1484375,-6.1171875,0.41015625,0.8203125,-0.66796875
5031,49940433,50240433,-0.09375,-0.901000977,0.421936035,0.0368652344,0.09375,0.33203125,0.17578125,-0.2109375,-7.203125,-6.0546875,0.41015625,0.8203125,-0.66796875
5032,49956361,50256361,-0.0924072266,-0.900756836,0.422363281,0.0414428711,0.09375,0.33203125,0.17578125,-0.2109375,-7.203125,-6.0546875,0.111328125,0.626953125,-0.548828125
5033,49961396,50261396,-0.0914306641,-0.900695801,0.422363281,0.0450439453,-0.01171875,0.5546875,-0.20703125,-0.03125,-7.234375,-6.015625,0.111328125,0.626953125,-0.548828125
5034,49973997,50273997,-0.0905761719,-0.900695801,0.422119141,0.0484008789,-0.01171875,0.5546875,-0.20703125,-0.03125,-7.234375,-6.015625,0.0234375,0.515625,-0.40625
5035,49981336,50281336,-0.0899047852,-0.900634766,0.42199707,0.0516357422,-0.06640625,-0.39453125,-0.4453125,0.1015625,-7.2421875,-6.0078125,0.0234375,0.515625,-0.40625
5036,49993307,50293307,-0.0894775391,-0.90057373,0.421936035,0.0545654297,-0.06640625,-0.39453125,-0.4453125,0.1015625,-7.2421875,-6.0078125,0.072265625,0.4921875,-0.306640625
5037,50001561,50301561,-0.0891113281,-0.900390625,0.42199707,0.0573730469,-0.14453125,-0.65625,-0.4921875,0.21875,-7.25,-6,0.072265625,0.4921875,-0.306640625
5038,50015823,50315823,-0.0888061523,-0.900146484,0.422119141,0.0599975586,-0.14453125,-0.65625,-0.4921875,0.21875,-7.25,-6,0.08984375,0.47265625,-0.28515625
5039,50021545,50321545,-0.0885009766,-0.899963379,0.422302246,0.0628051758,-0.046875,-0.80078125,-0.625,0.3125,-7.2578125,-5.984375,0.08984375,0.47265625,-0.28515625
5040,50035264,50335264,-0.0882568359,-0.899658203,0.422546387,0.0655517578,-0.046875,-0.80078125,-0.625,0.3125,-7.2578125,-5.984375,0.14453125,0.447265625,-0.24609375
5041,50045497,50345497,-0.0880126953,-0.899291992,0.423034668,0.0679931641,-0.140625,-0.5625,-0.21875,0.40625,-7.265625,-5.96875,0.14453125,0.447265625,-0.24609375
5042,50054756,50354756,-0.0878295898,-0.898925781,0.423522949,0.0697631836,-0.140625,-0.5625,-0.21875,0.40625,-7.265625,-5.96875,0.150390625,0.27734375,-0.171875
5043,50059801,50359801,-0.0875854492,-0.898681641,0.42388916,0.0712890625,-0.06640625,0.06640625,0.44921875,0.484375,-7.28125,-5.9453125,0.150390625,0.27734375,-0.171875
5044,50075371,50375371,-0.0874023438,-0.89855957,0.423950195,0.0723876953,-0.06640625,0.06640625,0.44921875,0.484375,-7.28125,-5.9453125,0.009765625,0.142578125,-0.095703125
5045,50080418,50380418,-0.0873413086,-0.89855957,0.423828125,0.0729980469,-0.02734375,0.1875,0.39453125,0.5234375,-7.2890625,-5.9296875,0.009765625,0.142578125,-0.095703125
5046,50093792,50393792,-0.0874633789,-0.89855957,0.423706055,0.0733642578,-0.02734375,0.1875,0.39453125,0.5234375,-7.2890625,-5.9296875,-0.01171875,0.041015625,0.015625
5047,50100726,50400726,-0.0877075195,-0.89855957,0.423706055,0.0733032227,-0.015625,-0.00390625,0.43359375,0.546875,-7.2890625,-5.9296875,-0.01171875,0.041015625,0.015625
5048,50114989,50414989,-0.0881347656,-0.898498535,0.42376709,0.0728149414,-0.015625,-0.00390625,0.43359375,0.546875,-7.2890625,-5.9296875,0.00390625,-0.08203125,0.15625
5049,50125229,50425229,-0.088684082,-0.898498535,0.42388916,0.0719604492,-0.03515625,-0.1953125,0.28125,0.53125,-7.2890625,-5.9296875,0.00390625,-0.08203125,0.15625
5050,50134103,50434103,-0.0894165039,-0.8984375,0.424072266,0.0706787109,-0.03515625,-0.1953125,0.28125,0.53125,-7.2890625,-5.9296875,-0.0078125,-0.19921875,0.263671875
5051,50139143,50439143,-0.0902709961,-0.8984375,0.424133301,0.0689697266,0.0390625,-0.03515625,0.31640625,0.4921875,-7.296875,-5.9296875,-0.0078125,-0.19921875,0.263671875
5052,50153470,50453470,-0.0912475586,-0.89855957,0.423950195,0.0669555664,0.0390625,-0.03515625,0.31640625,0.4921875,-7.296875,-5.9296875,-0.11328125,-0.3046875,0.376953125
5053,50163621,50463621,-0.0924682617,-0.898803711,0.42364502,0.0645141602,0.00390625,-0.00390625,0.2890625,0.4140625,-7.2890625,-5.9375,-0.11328125,-0.3046875,0.376953125
5054,50175112,50475112,-0.09375,-0.899047852,0.423278809,0.061706543,0.00390625,-0.00390625,0.2890625,0.4140625,-7.2890625,-5.9375,-0.181640625,-0.4296875,0.509765625
5055,50178837,50478837,-0.0952758789,-0.899353027,0.422729492,0.0584716797,0.11328125,0.25,0.76953125,0.3046875,-7.2734375,-5.9609375,-0.181640625,-0.4296875,0.509765625
5056,50197081,50497081,-0.0969848633,-0.899719238,0.422058105,0.0545654297,0.11328125,0.25,0.76953125,0.3046875,-7.2734375,-5.9609375,-0.2734375,-0.568359375,0.64453125
5057,50204192,50504192,-0.098815918,-0.900146484,0.421203613,0.0502319336,0.0625,0.265625,0.6171875,0.1640625,-7.25,-6,-0.2734375,-0.568359375,0.64453125
5058,50215606,50515606,-0.100952148,-0.900695801,0.420166016,0.0450439453,0.0625,0.265625,0.6171875,0.1640625,-7.25,-6,-0.357421875,-0.75,0.80078125
5059,50219346,50519346,-0.102966309,-0.901123047,0.419189453,0.0400390625,0.02734375,0.03515625,0.2421875,-0.03125,-7.2109375,-6.046875,-0.357421875,-0.75,0.80078125
5060,50234550,50534550,-0.10546875,-0.901611328,0.418151855,0.0339355469,0.02734375,0.03515625,0.2421875,-0.03125,-7.2109375,-6.046875,-0.34765625,-0.875,0.93359375
5061,50238274,50538274,-0.107849121,-0.901916504,0.417297363,0.0278930664,0.015625,-0.234375,-0.015625,-0.25,-7.171875,-6.09375,-0.34765625,-0.875,0.93359375
5062,50254034,50554034,-0.110534668,-0.90222168,0.416381836,0.0206298828,0.015625,-0.234375,-0.015625,-0.25,-7.171875,-6.09375,-0.34765625,-1.06445312,1.0703125
5063,50261361,50561361,-0.113098145,-0.902404785,0.415588379,0.0136108398,-0.30078125,-0.703125,-0.55078125,-0.5078125,-7.125,-6.1328125,-0.34765625,-1.06445312,1.0703125
5064,50276009,50576009,-0.116088867,-0.902404785,0.414916992,0.00524902344,-0.30078125,-0.703125,-0.55078125,-0.5078125,-7.125,-6.1328125,-0.28125,-1.21679688,1.18554688
5065,50282202,50582202,0.118713379,0.90222168,-0.414550781,0.00256347656,-0.30078125,-0.71875,-0.7109375,-0.8125,-7.0703125,-6.1640625,-0.28125,-1.21679688,1.18554688
5066,50292209,50592209,0.121459961,0.901916504,-0.414245605,0.0114746094,-0.30078125,-0.71875,-0.7109375,-0.8125,-7.0703125,-6.1640625,-0.25390625,-1.40625,1.25195312
5067,50299486,50599486,0.124267578,0.901550293,-0.413879395,0.0211181641,-0.125,-0.16015625,-0.7421875,-1.140625,-7.015625,-6.171875,-0.25390625,-1.40625,1.25195312
5068,50314466,50614466,0.126831055,0.901184082,-0.413330078,0.0307006836,-0.125,-0.16015625,-0.7421875,-1.140625,-7.015625,-6.171875,-0.330078125,-1.55859375,1.29296875
5069,50318194,50618194,0.129272461,0.900817871,-0.412536621,0.0406494141,-0.03515625,0.2265625,-0.62890625,-1.5,-6.9453125,-6.171875,-0.330078125,-1.55859375,1.29296875
5070,50334865,50634865,0.131774902,0.900390625,-0.411376953,0.0520019531,-0.03515625,0.2265625,-0.62890625,-1.5,-6.9453125,-6.171875,-0.470703125,-1.80273438,1.37304688
5071,50338608,50638608,0.133972168,0.899963379,-0.41003418,0.0630493164,-0.328125,0.09375,-1.046875,-1.8984375,-6.8515625,-6.171875,-0.470703125,-1.80273438,1.37304688
5072,50353427,50653427,0.136291504,0.899353027,-0.408508301,0.0755615234,-0.328125,0.09375,-1.046875,-1.8984375,-6.8515625,-6.171875,-0.505859375,-1.97265625,1.41601562
5073,50361610,50661610,0.138305664,0.89855957,-0.407226562,0.087097168,-0.32421875,-0.375,-1.01953125,-2.3203125,-6.7265625,-6.1640625,-0.505859375,-1.97265625,1.41601562
5074,50373780,50673780,0.14050293,0.897399902,-0.406066895,0.0999755859,-0.32421875,-0.375,-1.01953125,-2.3203125,-6.7265625,-6.1640625,-0.373046875,-2.07226562,1.44726562
5075,50377533,50677533,0.142456055,0.895996094,-0.405395508,0.112060547,-0.5390625,-0.8828125,-0.60546875,-2.7578125,-6.6015625,-6.1171875,-0.373046875,-2.07226562,1.44726562
5076,50392707,50692707,0.14465332,0.893737793,-0.405456543,0.126037598,-0.5390625,-0.8828125,-0.60546875,-2.7578125,-6.6015625,-6.1171875,-0.056640625,-2.34179688,1.53320312
5077,50401221,50701221,0.14666748,0.891113281,-0.406066895,0.139892578,-0.5390625,-0.80078125,-0.9375,-3.21875,-6.4921875,-6.015625,-0.056640625,-2.34179688,1.53320312
5078,50412274,50712274,0.148498535,0.888366699,-0.406494141,0.153442383,-0.5390625,-0.80078125,-0.9375,-3.21875,-6.4921875,-6.015625,-0.08984375,-2.49023438,1.56640625
5079,50418243,50718243,0.15032959,0.885314941,-0.406555176,0.168273926,-0.4375,0.125,-0.6328125,-3.703125,-6.3828125,-5.859375,-0.08984375,-2.49023438,1.56640625
5080,50432763,50732763,0.151977539,0.882324219,-0.406311035,0.182556152,-0.4375,0.125,-0.6328125,-3.703125,-6.3828125,-5.859375,-0.205078125,-2.45507812,1.52734375
5081,50441242,50741242,0.153442383,0.879455566,-0.405822754,0.195800781,-0.09765625,0.21484375,-0.46875,-4.1953125,-6.2421875,-5.6796875,-0.205078125,-2.45507812,1.52734375
5082,50454052,50754052,0.155029297,0.876098633,-0.405273438,0.210144043,-0.09765625,0.21484375,-0.46875,-4.1953125,-6.2421875,-5.6796875,-0.173828125,-2.37695312,1.48632812
5083,50457778,50757778,0.156494141,0.87286377,-0.404968262,0.222900391,0.125,-0.32421875,-0.2734375,-4.6484375,-6.0859375,-5.4921875,-0.173828125,-2.37695312,1.48632812
5084,50472447,50772447,0.15826416,0.86907959,-0.404846191,0.236083984,0.125,-0.32421875,-0.2734375,-4.6484375,-6.0859375,-5.4921875,-0.001953125,-2.23046875,1.453125
5085,50480215,50780215,0.16015625,0.865112305,-0.404907227,0.249023438,0.43359375,-0.359375,-0.17578125,-5.0703125,-5.9375,-5.28125,-0.001953125,-2.23046875,1.453125
5086,50490992,50790992,0.161865234,0.86151123,-0.404846191,0.260314941,0.43359375,-0.359375,-0.17578125,-5.0703125,-5.9375,-5.28125,-0.013671875,-2.16796875,1.4375
5087,50496960,50796960,0.163635254,0.85736084,-0.40447998,0.273071289,0.25,0.375,-0.01953125,-5.4609375,-5.7890625,-5.0546875,-0.013671875,-2.16796875,1.4375
5088,50511793,50811793,0.165161133,0.853393555,-0.403808594,0.285217285,0.25,0.375,-0.01953125,-5.4609375,-5.7890625,-5.0546875,-0.1484375,-2.13867188,1.39453125
5089,50520218,50820218,0.166564941,0.84942627,-0.402832031,0.297363281,0.28515625,-0.02734375,0.359375,-5.84375,-5.6171875,-4.8203125,-0.1484375,-2.13867188,1.39453125
5090,50532490,50832490,0.16796875,0.845336914,-0.401794434,0.309387207,0.28515625,-0.02734375,0.359375,-5.84375,-5.6171875,-4.8203125,-0.1484375,-2.13476562,1.41015625
5091,50537536,50837536,0.169311523,0.841247559,-0.400939941,0.320678711,0.61328125,-0.29296875,0.16015625,-6.2109375,-5.4296875,-4.5859375,-0.1484375,-2.13476562,1.41015625
5092,50552424,50852424,0.170776367,0.836669922,-0.40032959,0.332519531,0.61328125,-0.29296875,0.16015625,-6.2109375,-5.4296875,-4.5859375,0.017578125,-2.0859375,1.33007812
5093,50559203,50859203,0.172058105,0.83215332,-0.400085449,0.343322754,0.55078125,-0.08984375,0.01953125,-6.53125,-5.25,-4.328125,0.017578125,-2.0859375,1.33007812
5094,50573174,50873174,0.173217773,0.827087402,-0.399780273,0.355041504,0.55078125,-0.08984375,0.01953125,-6.53125,-5.25,-4.328125,0.01953125,-2.06640625,1.22460938
5095,50576894,50876894,0.17401123,0.822631836,-0.399475098,0.36529541,0.47265625,0.20703125,-0.03125,-6.8359375,-5.0859375,-4.046875,0.01953125,-2.06640625,1.22460938
5096,50592453,50892453,0.174560547,0.817993164,-0.398925781,0.375854492,0.47265625,0.20703125,-0.03125,-6.8359375,-5.0859375,-4.046875,-0.083984375,-1.984375,1.109375
5097,50598604,50898604,0.174987793,0.813537598,-0.39831543,0.385864258,0.25,0.203125,0.1171875,-7.109375,-4.9296875,-3.7734375,-0.083984375,-1.984375,1.109375
5098,50610234,50910234,0.175354004,0.80871582,-0.397766113,0.39630127,0.25,0.203125,0.1171875,-7.109375,-4.9296875,-3.7734375,-0.03515625,-1.90234375,1.0390625
5099,50618776,50918776,0.175720215,0.804016113,-0.397216797,0.406066895,0.3828125,-0.02734375,0.01953125,-7.359375,-4.7734375,-3.484375,-0.03515625,-1.90234375,1.0390625
5100,50630998,50930998,0.176147461,0.799499512,-0.396728516,0.415222168,0.3828125,-0.02734375,0.01953125,-7.359375,-4.7734375,-3.484375,0.0078125,-1.84179688,1.02734375
5101,50637226,50937226,0.176696777,0.794616699,-0.39630127,0.424682617,0.375,0.0078125,0.13671875,-7.578125,-4.6171875,-3.21875,0.0078125,-1.84179688,1.02734375
5102,50651565,50951565,0.177246094,0.789733887,-0.395996094,0.433654785,0.375,0.0078125,0.13671875,-7.578125,-4.6171875,-3.21875,0.095703125,-1.73828125,0.970703125
5103,50656595,50956595,0.17779541,0.78515625,-0.395935059,0.441833496,0.546875,0.00390625,0.0390625,-7.7890625,-4.4609375,-2.9296875,0.095703125,-1.73828125,0.970703125
5104,50672622,50972622,0.178161621,0.780456543,-0.395935059,0.449890137,0.546875,0.00390625,0.0390625,-7.7890625,-4.4609375,-2.9296875,0.12109375,-1.64257812,0.833984375
5105,50678221,50978221,0.178405762,0.775756836,-0.396057129,0.457702637,0.171875,0.3671875,-0.11328125,-7.953125,-4.328125,-2.6640625,0.12109375,-1.64257812,0.833984375
5106,50691736,50991736,0.178405762,0.770996094,-0.396240234,0.465576172,0.171875,0.3671875,-0.11328125,-7.953125,-4.328125,-2.6640625,0.10546875,-1.5625,0.71484375
5107,50695454,50995454,0.178222656,0.766784668,-0.396362305,0.472351074,0.12890625,0.44140625,0.02734375,-8.1015625,-4.2109375,-2.3828125,0.10546875,-1.5625,0.71484375
5108,50710320,51010320,0.17791748,0.762390137,-0.39642334,0.479492188,0.12890625,0.44140625,0.02734375,-8.1015625,-4.2109375,-2.3828125,0.072265625,-1.421875,0.625
5109,50716235,51016235,0.177734375,0.758422852,-0.39654541,0.485839844,0.4453125,0.2578125,-0.03125,-8.2265625,-4.1015625,-2.1328125,0.072265625,-1.421875,0.625
5110,50731026,51031026,0.17767334,0.754394531,-0.396606445,0.491943359,0.4453125,0.2578125,-0.03125,-8.2265625,-4.1015625,-2.1328125,0.111328125,-1.27148438,0.611328125
5111,50736092,51036092,0.17779541,0.750793457,-0.396606445,0.497375488,0.44140625,0.203125,0.203125,-8.3359375,-4.0078125,-1.90625,0.111328125,-1.27148438,0.611328125
5112,50751294,51051294,0.178100586,0.747009277,-0.39654541,0.502990723,0.44140625,0.203125,0.203125,-8.3359375,-4.0078125,-1.90625,0.12109375,-1.08984375,0.603515625
5113,50757214,51057214,0.178466797,0.743835449,-0.396362305,0.50769043,0.2578125,0.109375,0.22265625,-8.421875,-3.9140625,-1.6953125,0.12109375,-1.08984375,0.603515625
5114,50770335,51070335,0.178894043,0.740722656,-0.396057129,0.512329102,0.2578125,0.109375,0.22265625,-8.421875,-3.9140625,-1.6953125,0.05859375,-0.87890625,0.51953125
5115,50775365,51075365,0.179199219,0.737915039,-0.395751953,0.516479492,-0.046875,0.47265625,0.27734375,-8.5,-3.8203125,-1.5234375,0.05859375,-0.87890625,0.51953125
5116,50789822,51089822,0.179382324,0.735473633,-0.395446777,0.520080566,-0.046875,0.47265625,0.27734375,-8.5,-3.8203125,-1.5234375,0.0390625,-0.748046875,0.423828125
5117,50795233,51095233,0.17956543,0.733154297,-0.395141602,0.523498535,-0.14453125,0.42578125,0.3671875,-8.5546875,-3.734375,-1.3828125,0.0390625,-0.748046875,0.423828125
5118,50809932,51109932,0.17956543,0.731140137,-0.394836426,0.526611328,-0.14453125,0.42578125,0.3671875,-8.5546875,-3.734375,-1.3828125,0.00390625,-0.654296875,0.33984375
5119,50814970,51114970,0.179443359,0.729125977,-0.39453125,0.529602051,-0.328125,0.2109375,0.25,-8.6015625,-3.671875,-1.265625,0.00390625,-0.654296875,0.33984375
5120,50830444,51130444,0.179321289,0.727416992,-0.394287109,0.532226562,-0.328125,0.2109375,0.25,-8.6015625,-3.671875,-1.265625,-0.009765625,-0.5234375,0.259765625
5121,50836224,51136224,0.179260254,0.725952148,-0.394104004,0.534362793,0.125,-0.03515625,0.37890625,-8.6328125,-3.6171875,-1.1640625,-0.009765625,-0.5234375,0.259765625
5122,50851537,51151537,0.179260254,0.72467041,-0.393981934,0.536193848,0.125,-0.03515625,0.37890625,-8.6328125,-3.6171875,-1.1640625,0.02734375,-0.337890625,0.171875
5123,50855268,51155268,0.179321289,0.723754883,-0.393981934,0.537414551,0.30859375,0.0390625,0.37890625,-8.6640625,-3.578125,-1.0859375,0.02734375,-0.337890625,0.171875
5124,50871280,51171280,0.179382324,0.723022461,-0.393920898,0.538391113,0.30859375,0.0390625,0.37890625,-8.6640625,-3.578125,-1.0859375,0.01953125,-0.15234375,0.08203125
5125,50877604,51177604,0.179382324,0.72265625,-0.393981934,0.538818359,0.1640625,0.16796875,0.17578125,-8.671875,-3.5546875,-1.0390625,0.01953125,-0.15234375,0.08203125
5126,50892461,51192461,0.179382324,0.722595215,-0.393981934,0.53894043,0.1640625,0.16796875,0.17578125,-8.671875,-3.5546875,-1.0390625,0.001953125,0.021484375,-0.01171875
5127,50896578,51196578,0.179382324,0.72277832,-0.393981934,0.538696289,0.25,0.32421875,0.24609375,-8.6796875,-3.5546875,-1.03125,0.001953125,0.021484375,-0.01171875
5128,50910481,51210481,0.179382324,0.723266602,-0.393981934,0.538085938,0.25,0.32421875,0.24609375,-8.6796875,-3.5546875,-1.03125,-0.03125,0.171875,-0.07421875
5129,50916616,51216616,0.179382324,0.723937988,-0.393859863,0.537231445,0.1640625,0.3671875,0.1484375,-8.671875,-3.5625,-1.046875,-0.03125,0.171875,-0.07421875
5130,50931108,51231108,0.179382324,0.724914551,-0.393737793,0.536010742,0.1640625,0.3671875,0.1484375,-8.671875,-3.5625,-1.046875,-0.0625,0.30859375,-0.1328125
5131,50934841,51234841,0.179321289,0.726074219,-0.393554688,0.534606934,0.15625,0.4609375,0.1953125,-8.6640625,-3.578125,-1.09375,-0.0625,0.30859375,-0.1328125
5132,50950093,51250093,0.179138184,0.727661133,-0.393249512,0.532714844,0.15625,0.4609375,0.1953125,-8.6640625,-3.578125,-1.09375,-0.13671875,0.474609375,-0.197265625
5133,50956622,51256622,0.179016113,0.729492188,-0.392822266,0.530639648,0.1328125,0.5234375,0.1953125,-8.640625,-3.6015625,-1.171875,-0.13671875,0.474609375,-0.197265625
5134,50968039,51268039,0.178771973,0.731811523,-0.392211914,0.527832031,0.1328125,0.5234375,0.1953125,-8.640625,-3.6015625,-1.171875,-0.201171875,0.681640625,-0.27734375
5135,50976662,51276662,0.178588867,0.734313965,-0.391601562,0.524841309,0.1796875,0.4453125,0.265625,-8.609375,-3.640625,-1.28125,-0.201171875,0.681640625,-0.27734375
5136,50989921,51289921,0.178405762,0.737548828,-0.390869141,0.520996094,0.1796875,0.4453125,0.265625,-8.609375,-3.640625,-1.28125,-0.2421875,0.935546875,-0.373046875
5137,50995590,51295590,0.178222656,0.740783691,-0.390136719,0.517028809,0.28515625,0.45703125,0.34765625,-8.5625,-3.6875,-1.4375,-0.2421875,0.935546875,-0.373046875
5138,51009188,51309188,0.178100586,0.744689941,-0.389282227,0.511962891,0.28515625,0.45703125,0.34765625,-8.5625,-3.6875,-1.4375,-0.25390625,1.18554688,-0.46484375
5139,51015882,51315882,0.178100586,0.748657227,-0.388549805,0.506835938,0.3671875,0.25,0.42578125,-8.4921875,-3.75,-1.6328125,-0.25390625,1.18554688,-0.46484375
5140,51029074,51329074,0.178222656,0.752990723,-0.387939453,0.500671387,0.3671875,0.25,0.42578125,-8.4921875,-3.75,-1.6328125,-0.173828125,1.39453125,-0.556640625
5141,51035598,51335598,0.178405762,0.757263184,-0.387573242,0.494445801,0.13671875,0.06640625,0.39453125,-8.4140625,-3.8359375,-1.8671875,-0.173828125,1.39453125,-0.556640625
5142,51050444,51350444,0.178527832,0.761962891,-0.387329102,0.487304688,0.13671875,0.06640625,0.39453125,-8.4140625,-3.8359375,-1.8671875,-0.107421875,1.54492188,-0.685546875
5143,51054041,51354041,0.178588867,0.766418457,-0.387329102,0.48034668,-0.05078125,0.1171875,0.34375,-8.3046875,-3.921875,-2.125,-0.107421875,1.54492188,-0.685546875
5144,51072684,51372684,0.178466797,0.771362305,-0.387390137,0.472351074,-0.05078125,0.1171875,0.34375,-8.3046875,-3.921875,-2.125,-0.09375,1.63085938,-0.810546875
5145,51077045,51377045,0.178222656,0.776123047,-0.387512207,0.464477539,-0.18359375,0.234375,0.07421875,-8.171875,-4.0390625,-2.390625,-0.09375,1.63085938,-0.810546875
5146,51087360,51387360,0.17779541,0.781005859,-0.387817383,0.456115723,-0.18359375,0.234375,0.07421875,-8.171875,-4.0390625,-2.390625,-0.0625,1.72851562,-0.93359375
5147,51093081,51393081,0.177368164,0.785888672,-0.388183594,0.447509766,-0.1484375,0.14453125,0.125,-8.015625,-4.1796875,-2.671875,-0.0625,1.72851562,-0.93359375
5148,51107730,51407730,0.176818848,0.79083252,-0.38873291,0.438415527,-0.1484375,0.14453125,0.125,-8.015625,-4.1796875,-2.671875,-0.00390625,1.828125,-1.03125
5149,51115195,51415195,0.176330566,0.795654297,-0.389465332,0.429138184,-0.21875,-0.16015625,-0.0546875,-7.828125,-4.3359375,-2.953125,-0.00390625,1.828125,-1.03125
5150,51126941,51426941,0.17590332,0.800292969,-0.390258789,0.419921875,-0.21875,-0.16015625,-0.0546875,-7.828125,-4.3359375,-2.953125,0.08203125,1.91601562,-1.07421875
5151,51132668,51432668,0.175537109,0.805297852,-0.391235352,0.409423828,-0.26953125,-0.2734375,-0.01171875,-7.625,-4.4921875,-3.2265625,0.08203125,1.91601562,-1.07421875
5152,51147049,51447049,0.175292969,0.809936523,-0.392272949,0.399230957,-0.26953125,-0.2734375,-0.01171875,-7.625,-4.4921875,-3.2265625,0.16015625,1.98242188,-1.08789062
5153,51153087,51453087,0.175109863,0.814453125,-0.393432617,0.38885498,-0.2734375,-0.3203125,-0.1796875,-7.390625,-4.671875,-3.515625,0.16015625,1.98242188,-1.08789062
5154,51169394,51469394,0.174804688,0.818847656,-0.39465332,0.378356934,-0.2734375,-0.3203125,-0.1796875,-7.390625,-4.671875,-3.515625,0.2265625,2.01171875,-1.15820312
5155,51173123,51473123,0.174377441,0.823120117,-0.395935059,0.367858887,-0.33203125,0.078125,-0.17578125,-7.140625,-4.84375,-3.7890625,0.2265625,2.01171875,-1.15820312
5156,51190681,51490681,0.173583984,0.827697754,-0.397277832,0.356323242,-0.33203125,0.078125,-0.17578125,-7.140625,-4.84375,-3.7890625,0.169921875,2.05664062,-1.28515625
5157,51195841,51495841,0.172485352,0.832092285,-0.3984375,0.345214844,-0.53515625,0.07421875,-0.1484375,-6.859375,-5.03125,-4.046875,0.169921875,2.05664062,-1.28515625
5158,51208007,51508007,0.171203613,0.836364746,-0.399475098,0.334106445,-0.53515625,0.07421875,-0.1484375,-6.859375,-5.03125,-4.046875,0.109375,2.08007812,-1.375
5159,51214210,51514210,0.16986084,0.840698242,-0.400390625,0.322509766,-0.265625,-0.28125,0.1484375,-6.5546875,-5.2109375,-4.3046875,0.109375,2.08007812,-1.375
5160,51227935,51527935,0.168457031,0.845336914,-0.401245117,0.309936523,-0.265625,-0.28125,0.1484375,-6.5546875,-5.2109375,-4.3046875,0.11328125,2.19140625,-1.38867188
5161,51235092,51535092,0.167236328,0.849365234,-0.401977539,0.298400879,-0.3046875,-0.125,-0.0078125,-6.2109375,-5.40625,-4.5703125,0.11328125,2.19140625,-1.38867188
5162,51247077,51547077,0.166137695,0.853515625,-0.402709961,0.285827637,-0.3046875,-0.125,-0.0078125,-6.2109375,-5.40625,-4.5703125,0.158203125,2.26171875,-1.3515625
5163,51252111,51552111,0.165222168,0.857543945,-0.403503418,0.272827148,-0.00390625,-0.2578125,-0.37109375,-5.859375,-5.578125,-4.8203125,0.158203125,2.26171875,-1.3515625
5164,51269633,51569633,0.164489746,0.86126709,-0.404541016,0.259765625,-0.00390625,-0.2578125,-0.37109375,-5.859375,-5.578125,-4.8203125,0.298828125,2.31054688,-1.33398438
5165,51273352,51573352,0.163818359,0.864501953,-0.405700684,0.247497559,-0.12109375,-0.30859375,-0.25,-5.4765625,-5.7578125,-5.0546875,0.298828125,2.31054688,-1.33398438
5166,51287170,51587170,0.162841797,0.867553711,-0.407043457,0.234863281,-0.12109375,-0.30859375,-0.25,-5.4765625,-5.7578125,-5.0546875,0.36328125,2.2109375,-1.40429688
5167,51292215,51592215,0.161437988,0.870544434,-0.408325195,0.222167969,-0.42578125,0.20703125,-0.015625,-5.09375,-5.9296875,-5.25,0.36328125,2.2109375,-1.40429688
5168,51309687,51609687,0.159301758,0.873840332,-0.409179688,0.20892334,-0.42578125,0.20703125,-0.015625,-5.09375,-5.9296875,-5.25,0.1015625,2.1328125,-1.57421875
5169,51313418,51613418,0.156677246,0.87701416,-0.409362793,0.196838379,-0.5703125,0.7265625,0.28515625,-4.6796875,-6.1015625,-5.4375,0.1015625,2.1328125,-1.57421875
5170,51326665,51626665,0.153564453,0.880371094,-0.409301758,0.183959961,-0.5703125,0.7265625,0.28515625,-4.6796875,-6.1015625,-5.4375,-0.04296875,2.046875,-1.6328125
5171,51331712,51631712,0.150817871,0.883483887,-0.408813477,0.17199707,0.41796875,0.71875,-0.26171875,-4.25,-6.25,-5.6171875,-0.04296875,2.046875,-1.6328125
5172,51349350,51649350,0.148620605,0.886291504,-0.408325195,0.160217285,0.41796875,0.71875,-0.26171875,-4.25,-6.25,-5.6171875,0.04296875,2.00585938,-1.3515625
5173,51353069,51653069,0.147033691,0.88848877,-0.408447266,0.148681641,0.4921875,0.1484375,-0.55078125,-3.828125,-6.3671875,-5.7890625,0.04296875,2.00585938,-1.3515625
5174,51366328,51666328,0.145874023,0.890075684,-0.409240723,0.138000488,0.4921875,0.1484375,-0.55078125,-3.828125,-6.3671875,-5.7890625,0.373046875,1.875,-1.18945312
5175,51371374,51671374,0.144470215,0.891357422,-0.410583496,0.126525879,0.1953125,0.02734375,-0.28125,-3.453125,-6.4765625,-5.90625,0.373046875,1.875,-1.18945312
5176,51388970,51688970,0.142700195,0.89251709,-0.411987305,0.115661621,0.1953125,0.02734375,-0.28125,-3.453125,-6.4765625,-5.90625,0.40625,1.73828125,-1.30664062
5177,51392695,51692695,0.140441895,0.893615723,-0.413146973,0.10534668,-0.03515625,0.58203125,0.12890625,-3.0703125,-6.609375,-5.96875,0.40625,1.73828125,-1.30664062
5178,51407649,51707649,0.137756348,0.894775391,-0.413879395,0.0955200195,-0.03515625,0.58203125,0.12890625,-3.0703125,-6.609375,-5.96875,0.19140625,1.4609375,-1.328125
5179,51411383,51711383,0.135070801,0.895935059,-0.414245605,0.086730957,0.27734375,0.62109375,-0.0859375,-2.6953125,-6.7265625,-6.0234375,0.19140625,1.4609375,-1.328125
5180,51427970,51727970,0.132202148,0.897033691,-0.414489746,0.0775146484,0.27734375,0.62109375,-0.0859375,-2.6953125,-6.7265625,-6.0234375,0.154296875,1.34570312,-1.23632812
5181,51431695,51731695,0.129638672,0.897949219,-0.414794922,0.0693359375,0.2890625,0.44140625,-0.23046875,-2.359375,-6.8125,-6.0703125,0.154296875,1.34570312,-1.23632812
5182,51446038,51746038,0.127075195,0.898742676,-0.415222168,0.0606689453,0.2890625,0.44140625,-0.23046875,-2.359375,-6.8125,-6.0703125,0.23046875,1.26953125,-1.12695312
5183,51451078,51751078,0.124816895,0.899230957,-0.416015625,0.0523071289,0.7265625,0.1171875,0,-2.03125,-6.875,-6.109375,0.23046875,1.26953125,-1.12695312
5184,51469218,51769218,0.122741699,0.899475098,-0.416992188,0.0444946289,0.7265625,0.1171875,0,-2.03125,-6.875,-6.109375,0.369140625,1.31640625,-1.125
5185,51474638,51774638,0.120361328,0.899719238,-0.418029785,0.0355224609,0.65234375,0.16015625,0.4609375,-1.7265625,-6.953125,-6.109375,0.369140625,1.31640625,-1.125
5186,51484806,51784806,0.117980957,0.900024414,-0.418640137,0.0271606445,0.65234375,0.16015625,0.4609375,-1.7265625,-6.953125,-6.109375,0.21875,1.28320312,-1.15039062
5187,51492088,51792088,0.11541748,0.90045166,-0.418884277,0.0191040039,0.24609375,0.62109375,0.6875,-1.3984375,-7.03125,-6.109375,0.21875,1.28320312,-1.15039062
5188,51509895,51809895,0.112731934,0.900939941,-0.418823242,0.0117797852,0.24609375,0.62109375,0.6875,-1.3984375,-7.03125,-6.109375,0.0703125,1.03125,-1.08398438
5189,51514041,51814041,0.110107422,0.901489258,-0.418518066,0.00537109375,0.2265625,0.58203125,0.390625,-1.109375,-7.0703125,-6.1171875,0.0703125,1.03125,-1.08398438
5190,51525375,51825375,-0.107421875,-0.902038574,0.418029785,0.00103759766,0.2265625,0.58203125,0.390625,-1.109375,-7.0703125,-6.1171875,0.015625,0.8984375,-0.994140625
5191,51530420,51830420,-0.104980469,-0.902404785,0.41784668,0.00714111328,0.80078125,-0.046875,0.25390625,-0.84375,-7.09375,-6.1328125,0.015625,0.8984375,-0.994140625
5192,51549535,51849535,-0.102783203,-0.90246582,0.41809082,0.0131835938,0.80078125,-0.046875,0.25390625,-0.84375,-7.09375,-6.1328125,0.220703125,0.90625,-0.888671875
5193,51554024,51854024,-0.100769043,-0.90234375,0.418640137,0.0189819336,0.4765625,-0.359375,0.3203125,-0.59375,-7.125,-6.125,0.220703125,0.90625,-0.888671875
5194,51566977,51866977,-0.0986328125,-0.90222168,0.419189453,0.0246582031,0.4765625,-0.359375,0.3203125,-0.59375,-7.125,-6.125,0.189453125,0.779296875,-0.81640625
5195,51570712,51870712,-0.0966186523,-0.90222168,0.419311523,0.0295410156,-0.05859375,0.20703125,0.75,-0.3671875,-7.15625,-6.09375,0.189453125,0.779296875,-0.81640625
5196,51589552,51889552,-0.0944824219,-0.902404785,0.419067383,0.0343017578,-0.05859375,0.20703125,0.75,-0.3671875,-7.15625,-6.09375,-0.005859375,0.626953125,-0.740234375
5197,51591025,51891025,-0.0925292969,-0.902770996,0.418334961,0.0385131836,0.015625,0.4140625,0.47265625,-0.171875,-7.171875,-6.0859375,-0.005859375,0.626953125,-0.740234375
5198,51607457,51907457,-0.0909423828,-0.903198242,0.417358398,0.0419311523,0.015625,0.4140625,0.47265625,-0.171875,-7.171875,-6.0859375,-0.1640625,0.509765625,-0.59375
5199,51612284,51912284,-0.0894165039,-0.903686523,0.416320801,0.0452880859,0.08203125,-0.25,-0.0859375,-0.0078125,-7.15625,-6.1015625,-0.1640625,0.509765625,-0.59375
5200,51626674,51926674,-0.0880737305,-0.903991699,0.415588379,0.0482788086,0.08203125,-0.25,-0.0859375,-0.0078125,-7.15625,-6.1015625,-0.0625,0.416015625,-0.466796875
5201,51632503,51932503,-0.0869750977,-0.90411377,0.415222168,0.0509033203,0.0234375,-1.1875,-0.3671875,0.125,-7.140625,-6.125,-0.0625,0.416015625,-0.466796875
5202,51644386,51944386,-0.0858154297,-0.90411377,0.415100098,0.0533447266,0.0234375,-1.1875,-0.3671875,0.125,-7.140625,-6.125,0.0625,0.322265625,-0.376953125
5203,51650362,51950362,-0.084777832,-0.904052734,0.415161133,0.055480957,-0.19921875,-1.109375,-0.875,0.234375,-7.140625,-6.1171875,0.0625,0.322265625,-0.376953125
5204,51667627,51967627,-0.0838623047,-0.904052734,0.415222168,0.057434082,-0.19921875,-1.109375,-0.875,0.234375,-7.140625,-6.1171875,0.046875,0.267578125,-0.322265625
5205,51671796,51971796,-0.0829467773,-0.903991699,0.415222168,0.0592651367,-0.27734375,-0.98828125,-0.7265625,0.3125,-7.1484375,-6.109375,0.046875,0.267578125,-0.322265625
5206,51686250,51986250,-0.08203125,-0.903930664,0.415222168,0.0609741211,-0.27734375,-0.98828125,-0.7265625,0.3125,-7.1484375,-6.109375,0.048828125,0.2265625,-0.30078125
5207,51689985,51989985,-0.081237793,-0.903930664,0.415222168,0.0625,0.03515625,-0.71875,-0.19921875,0.3828125,-7.1484375,-6.1015625,0.048828125,0.2265625,-0.30078125
5208,51708635,52008635,-0.0803833008,-0.903991699,0.415039062,0.0639648438,0.03515625,-0.71875,-0.19921875,0.3828125,-7.1484375,-6.1015625,-0.021484375,0.17578125,-0.25
5209,51710116,52010116,-0.0797119141,-0.90411377,0.414672852,0.0651245117,0.234375,-0.3359375,0.21484375,0.453125,-7.1484375,-6.09375,-0.021484375,0.17578125,-0.25
5210,51722964,52022964,-0.0791625977,-0.90435791,0.414123535,0.0659179688,0.234375,-0.3359375,0.21484375,0.453125,-7.1484375,-6.09375,-0.12109375,0.072265625,-0.142578125
5211,51730253,52030253,-0.0787963867,-0.904602051,0.413574219,0.0662841797,0.0703125,-0.3046875,0.0703125,0.5,-7.140625,-6.1015625,-0.12109375,0.072265625,-0.142578125
5212,51746444,52046444,-0.0786743164,-0.904724121,0.413330078,0.0662841797,0.0703125,-0.3046875,0.0703125,0.5,-7.140625,-6.1015625,-0.01953125,-0.0234375,0.0078125
5213,51750850,52050850,-0.0787353516,-0.904724121,0.413391113,0.0661010742,0.1796875,-1.01171875,0.046875,0.5078125,-7.125,-6.1171875,-0.01953125,-0.0234375,0.0078125
5214,51764607,52064607,-0.0789794922,-0.904602051,0.413757324,0.0656738281,0.1796875,-1.01171875,0.046875,0.5078125,-7.125,-6.1171875,0.068359375,-0.068359375,0.087890625
5215,51769657,52069657,-0.0792236328,-0.90447998,0.4140625,0.0650634766,0.15625,-0.84765625,0.19140625,0.4921875,-7.1328125,-6.109375,0.068359375,-0.068359375,0.087890625
5216,51788206,52088206,-0.0795898438,-0.90435791,0.414367676,0.0641479492,0.15625,-0.84765625,0.19140625,0.4921875,-7.1328125,-6.109375,0.025390625,-0.17578125,0.162109375
5217,51792283,52092283,-0.0799560547,-0.90435791,0.414550781,0.0628051758,0.02734375,-0.49609375,-0.0859375,0.46875,-7.140625,-6.1015625,0.025390625,-0.17578125,0.162109375
5218,51804155,52104155,-0.0803833008,-0.904418945,0.414489746,0.0611572266,0.02734375,-0.49609375,-0.0859375,0.46875,-7.140625,-6.1015625,-0.076171875,-0.294921875,0.234375
5219,51809191,52109191,-0.0809326172,-0.904602051,0.414245605,0.0592651367,0.28125,-0.15234375,-0.26953125,0.40625,-7.140625,-6.109375,-0.076171875,-0.294921875,0.234375
5220,51826336,52126336,-0.0816040039,-0.904846191,0.41394043,0.0570678711,0.28125,-0.15234375,-0.26953125,0.40625,-7.140625,-6.109375,-0.1171875,-0.341796875,0.318359375
5221,51830076,52130076,-0.0825195312,-0.905029297,0.413635254,0.0545654297,0.28125,-0.3046875,-0.09765625,0.328125,-7.140625,-6.125,-0.1171875,-0.341796875,0.318359375
5222,51844959,52144959,-0.0834350586,-0.905212402,0.413391113,0.0520019531,0.28125,-0.3046875,-0.09765625,0.328125,-7.140625,-6.125,-0.123046875,-0.408203125,0.3984375
5223,51848696,52148696,-0.0844116211,-0.905456543,0.413085938,0.0492553711,0.19140625,-0.2421875,0.19140625,0.2265625,-7.125,-6.1484375,-0.123046875,-0.408203125,0.3984375
5224,51867501,52167501,-0.0855102539,-0.905700684,0.412658691,0.046081543,0.19140625,-0.2421875,0.19140625,0.2265625,-7.125,-6.1484375,-0.18359375,-0.50390625,0.482421875
5225,51868977,52168977,-0.0867919922,-0.906005859,0.41204834,0.0424194336,0.30078125,0.23828125,0.63671875,0.1171875,-7.109375,-6.171875,-0.18359375,-0.50390625,0.482421875
5226,51882286,52182286,-0.0882568359,-0.906433105,0.411254883,0.0384521484,0.30078125,0.23828125,0.63671875,0.1171875,-7.109375,-6.171875,-0.26953125,-0.607421875,0.59375
5227,51888791,52188791,-0.08984375,-0.906860352,0.410339355,0.0341796875,0.3359375,0.09375,0.58984375,-0.03125,-7.078125,-6.203125,-0.26953125,-0.607421875,0.59375
5228,51905771,52205771,-0.0915527344,-0.907226562,0.409423828,0.0295410156,0.3359375,0.09375,0.58984375,-0.03125,-7.078125,-6.203125,-0.3046875,-0.744140625,0.74609375
5229,51909927,52209927,-0.0935668945,-0.907592773,0.408569336,0.024230957,0.1171875,0.0546875,0.28515625,-0.1953125,-7.0390625,-6.2421875,-0.3046875,-0.744140625,0.74609375
5230,51923000,52223000,-0.0957641602,-0.907897949,0.407714844,0.0180664062,0.1171875,0.0546875,0.28515625,-0.1953125,-7.0390625,-6.2421875,-0.28515625,-0.935546875,0.904296875
5231,51929346,52229346,-0.0981445312,-0.908081055,0.406921387,0.0114135742,0.11328125,-0.0234375,-0.02734375,-0.421875,-7,-6.2734375,-0.28515625,-0.935546875,0.904296875
5232,51946231,52246231,-0.100585938,-0.908203125,0.406188965,0.00451660156,0.11328125,-0.0234375,-0.02734375,-0.421875,-7,-6.2734375,-0.28515625,-1.07226562,1.03125
5233,51947706,52247706,0.103088379,0.90826416,-0.405517578,0.00250244141,-0.03515625,0.00390625,-0.37890625,-0.6953125,-6.953125,-6.3046875,-0.28515625,-1.07226562,1.03125
5234,51965623,52265623,0.105895996,0.908203125,-0.404785156,0.00982666016,-0.03515625,0.00390625,-0.37890625,-0.6953125,-6.953125,-6.3046875,-0.28515625,-1.1015625,1.12304688
5235,51969972,52269972,0.108825684,0.90814209,-0.403808594,0.0175170898,0.0546875,0.3046875,-0.2421875,-0.9765625,-6.90625,-6.328125,-0.28515625,-1.1015625,1.12304688
5236,51984121,52284121,0.111816406,0.90814209,-0.402648926,0.0256347656,0.0546875,0.3046875,-0.2421875,-0.9765625,-6.90625,-6.328125,-0.390625,-1.265625,1.23632812
5237,51987735,52287735,0.114685059,0.90802002,-0.401428223,0.0340576172,-0.24609375,0.04296875,-0.53125,-1.2890625,-6.8359375,-6.34375,-0.390625,-1.265625,1.23632812
5238,52002835,52302835,0.117858887,0.907836914,-0.400085449,0.043762207,-0.24609375,0.04296875,-0.53125,-1.2890625,-6.8359375,-6.34375,-0.4140625,-1.4609375,1.328125
5239,52007617,52307617,0.120666504,0.907409668,-0.398986816,0.0531005859,-0.35546875,-0.16015625,-0.28515625,-1.640625,-6.75,-6.359375,-0.4140625,-1.4609375,1.328125
5240,52026450,52326450,0.123474121,0.906738281,-0.398193359,0.0637817383,-0.35546875,-0.16015625,-0.28515625,-1.640625,-6.75,-6.359375,-0.2890625,-1.75585938,1.38867188
5241,52031191,52331191,0.126159668,0.905639648,-0.397705078,0.0754394531,-0.66796875,-0.13671875,-0.75390625,-2.015625,-6.65625,-6.3515625,-0.2890625,-1.75585938,1.38867188
5242,52042652,52342652,0.128601074,0.90435791,-0.397521973,0.0873413086,-0.66796875,-0.13671875,-0.75390625,-2.015625,-6.65625,-6.3515625,-0.193359375,-2.0859375,1.4453125
5243,52047426,52347426,0.130737305,0.902893066,-0.397216797,0.0994873047,-0.421875,0.2265625,-0.6953125,-2.453125,-6.5625,-6.296875,-0.193359375,-2.0859375,1.4453125
5244,52062312,52362312,0.133056641,0.901245117,-0.39654541,0.113464355,-0.421875,0.2265625,-0.6953125,-2.453125,-6.5625,-6.296875,-0.361328125,-2.27734375,1.52929688
5245,52067136,52367136,0.135131836,0.899719238,-0.395324707,0.126403809,-0.18359375,0.68359375,-0.7421875,-2.921875,-6.4453125,-6.2109375,-0.361328125,-2.27734375,1.52929688
5246,52083656,52383656,0.137451172,0.897949219,-0.393615723,0.140991211,-0.18359375,0.68359375,-0.7421875,-2.921875,-6.4453125,-6.2109375,-0.4921875,-2.37695312,1.63085938
5247,52087375,52387375,0.139770508,0.895996094,-0.391967773,0.154968262,0.109375,0.26953125,-0.55859375,-3.40625,-6.296875,-6.125,-0.4921875,-2.37695312,1.63085938
5248,52107049,52407049,0.142150879,0.893676758,-0.390441895,0.169433594,0.109375,0.26953125,-0.55859375,-3.40625,-6.296875,-6.125,-0.4140625,-2.48046875,1.7109375
5249,52111179,52411179,0.144714355,0.890808105,-0.389099121,0.184814453,-0.35546875,-0.984375,-0.29296875,-3.8984375,-6.1171875,-6.0078125,-0.4140625,-2.48046875,1.7109375
5250,52123121,52423121,0.147033691,0.887512207,-0.388366699,0.199584961,-0.35546875,-0.984375,-0.29296875,-3.8984375,-6.1171875,-6.0078125,-0.158203125,-2.53710938,1.65039062
5251,52126841,52426841,0.149047852,0.884155273,-0.388061523,0.213256836,-0.30078125,-1.15625,-0.12890625,-4.4140625,-5.9453125,-5.828125,-0.158203125,-2.53710938,1.65039062
5252,52141484,52441484,0.151000977,0.880126953,-0.388000488,0.228088379,-0.30078125,-1.15625,-0.12890625,-4.4140625,-5.9453125,-5.828125,-0.04296875,-2.50585938,1.51367188
5253,52146536,52446536,0.152648926,0.876159668,-0.387878418,0.242004395,-0.16796875,-0.62109375,-0.125,-4.890625,-5.7890625,-5.6015625,-0.04296875,-2.50585938,1.51367188
5254,52163953,52463953,0.15411377,0.872253418,-0.387695312,0.255249023,-0.16796875,-0.62109375,-0.125,-4.890625,-5.7890625,-5.6015625,-0.076171875,-2.42773438,1.42382812
5255,52167674,52467674,0.155456543,0.868225098,-0.387329102,0.268188477,-0.0390625,-0.42578125,-0.3671875,-5.328125,-5.640625,-5.359375,-0.076171875,-2.42773438,1.42382812
5256,52183335,52483335,0.156860352,0.864013672,-0.387023926,0.28125,-0.0390625,-0.42578125,-0.3671875,-5.328125,-5.640625,-5.359375,-0.029296875,-2.40429688,1.421875
5257,52188729,52488729,0.15826416,0.85949707,-0.38684082,0.294189453,-0.10546875,-0.54296875,-0.46484375,-5.71875,-5.484375,-5.109375,-0.029296875,-2.40429688,1.421875
5258,52201693,52501693,0.159606934,0.854614258,-0.386779785,0.307434082,-0.10546875,-0.54296875,-0.46484375,-5.71875,-5.484375,-5.109375,0.04296875,-2.3359375,1.3203125
5259,52205986,52505986,0.160644531,0.850036621,-0.386901855,0.319213867,0.0625,-0.33203125,-0.20703125,-6.1171875,-5.3125,-4.828125,0.04296875,-2.3359375,1.3203125
5260,52220899,52520899,0.161682129,0.844909668,-0.387023926,0.33190918,0.0625,-0.33203125,-0.20703125,-6.1171875,-5.3125,-4.828125,0.076171875,-2.30664062,1.26367188
5261,52226882,52526882,0.162597656,0.83984375,-0.387145996,0.343994141,0.3359375,0.0546875,0.0703125,-6.46875,-5.1640625,-4.53125,0.076171875,-2.30664062,1.26367188
5262,52240457,52540457,0.163330078,0.835021973,-0.387268066,0.355041504,0.3359375,0.0546875,0.0703125,-6.46875,-5.1640625,-4.53125,0.08984375,-2.16210938,1.1328125
5263,52246417,52546417,0.1640625,0.83001709,-0.387329102,0.366271973,0.41796875,-0.4453125,0.0703125,-6.78125,-5.0078125,-4.2265625,0.08984375,-2.16210938,1.1328125
5264,52263553,52563553,0.164794922,0.825195312,-0.387268066,0.376708984,0.41796875,-0.4453125,0.0703125,-6.78125,-5.0078125,-4.2265625,0.072265625,-2.09765625,1.16015625
5265,52268347,52568347,0.165710449,0.820007324,-0.386962891,0.387756348,0.5078125,-0.05078125,0.234375,-7.0625,-4.8671875,-3.9296875,0.072265625,-2.09765625,1.16015625
5266,52282464,52582464,0.166625977,0.814941406,-0.38659668,0.398254395,0.5078125,-0.05078125,0.234375,-7.0625,-4.8671875,-3.9296875,0.0625,-1.98046875,1.1171875
5267,52286183,52586183,0.167358398,0.810302734,-0.386291504,0.407653809,0.70703125,-0.0234375,-0.03125,-7.3359375,-4.703125,-3.625,0.0625,-1.98046875,1.1171875
5268,52300218,52600218,0.16809082,0.805297852,-0.386047363,0.417419434,0.70703125,-0.0234375,-0.03125,-7.3359375,-4.703125,-3.625,0.09375,-1.8203125,1.00585938
5269,52306205,52606205,0.168762207,0.800476074,-0.385803223,0.426513672,0.77734375,0.2109375,-0.359375,-7.5625,-4.5546875,-3.3359375,0.09375,-1.8203125,1.00585938
5270,52322950,52622950,0.169250488,0.795837402,-0.385498047,0.435119629,0.77734375,0.2109375,-0.359375,-7.5625,-4.5546875,-3.3359375,0.033203125,-1.68164062,0.8984375
5271,52327164,52627164,0.169677734,0.791564941,-0.385070801,0.443054199,0.828125,0.4453125,0.0859375,-7.765625,-4.40625,-3.0546875,0.033203125,-1.68164062,0.8984375
5272,52344357,52644357,0.170166016,0.787231445,-0.384521484,0.45098877,0.828125,0.4453125,0.0859375,-7.765625,-4.40625,-3.0546875,0.025390625,-1.4921875,0.85546875
5273,52347952,52647952,0.170776367,0.783203125,-0.384033203,0.458190918,0.87890625,0.12109375,-0.01171875,-7.9296875,-4.2734375,-2.8046875,0.025390625,-1.4921875,0.85546875
5274,52358142,52658142,0.171447754,0.779418945,-0.383666992,0.464599609,0.87890625,0.12109375,-0.01171875,-7.9296875,-4.2734375,-2.8046875,0.095703125,-1.3125,0.76171875
5275,52365496,52665496,0.172058105,0.77545166,-0.383483887,0.471130371,0.63671875,0.234375,-0.07421875,-8.0703125,-4.15625,-2.5859375,0.095703125,-1.3125,0.76171875
5276,52378360,52678360,0.172546387,0.771789551,-0.383422852,0.476989746,0.63671875,0.234375,-0.07421875,-8.0703125,-4.15625,-2.5859375,0.107421875,-1.16992188,0.611328125
5277,52385457,52685457,0.172790527,0.768432617,-0.383422852,0.48236084,0.22265625,0.39453125,-0.171875,-8.1953125,-4.046875,-2.375,0.107421875,-1.16992188,0.611328125
5278,52398308,52698308,0.173034668,0.765136719,-0.383361816,0.487487793,0.22265625,0.39453125,-0.171875,-8.1953125,-4.046875,-2.375,0.080078125,-1.05273438,0.517578125
5279,52405214,52705214,0.173156738,0.762145996,-0.383300781,0.492248535,0.2421875,0.421875,0.12890625,-8.2890625,-3.9609375,-2.1796875,0.080078125,-1.05273438,0.517578125
5280,52422639,52722639,0.173278809,0.759399414,-0.383056641,0.496520996,0.2421875,0.421875,0.12890625,-8.2890625,-3.9609375,-2.1796875,0.029296875,-0.888671875,0.4609375
5281,52426250,52726250,0.173400879,0.756774902,-0.382751465,0.500732422,0.05078125,0.03125,0.04296875,-8.3671875,-3.875,-2.015625,0.029296875,-0.888671875,0.4609375
5282,52437837,52737837,0.173522949,0.754333496,-0.382507324,0.504516602,0.05078125,0.03125,0.04296875,-8.3671875,-3.875,-2.015625,0.0390625,-0.78515625,0.43359375
5283,52444741,52744741,0.17376709,0.751953125,-0.382202148,0.508178711,-0.0390625,0,0.015625,-8.4296875,-3.8046875,-1.875,0.0390625,-0.78515625,0.43359375
5284,52459559,52759559,0.173950195,0.749755859,-0.381835938,0.51159668,-0.0390625,0,0.015625,-8.4296875,-3.8046875,-1.875,0.0078125,-0.6875,0.388671875
5285,52464334,52764334,0.174072266,0.747802734,-0.381591797,0.514709473,-0.3984375,-0.1484375,0.046875,-8.4921875,-3.734375,-1.75,0.0078125,-0.6875,0.388671875
5286,52481558,52781558,0.174133301,0.745727539,-0.381347656,0.517822266,-0.3984375,-0.1484375,0.046875,-8.4921875,-3.734375,-1.75,0.021484375,-0.658203125,0.322265625
5287,52485927,52785927,0.17401123,0.743774414,-0.381225586,0.520751953,-0.2734375,0.1015625,0.12890625,-8.5390625,-3.6796875,-1.640625,0.021484375,-0.658203125,0.322265625
5288,52502477,52802477,0.173828125,0.741821289,-0.381103516,0.523681641,-0.2734375,0.1015625,0.12890625,-8.5390625,-3.6796875,-1.640625,0.017578125,-0.607421875,0.236328125
5289,52507339,52807339,0.173583984,0.74005127,-0.38104248,0.526245117,-0.234375,0.09375,0.203125,-8.578125,-3.6328125,-1.5234375,0.017578125,-0.607421875,0.236328125
5290,52518899,52818899,0.173461914,0.738525391,-0.380859375,0.528625488,-0.234375,0.09375,0.203125,-8.578125,-3.6328125,-1.5234375,-0.00390625,-0.5078125,0.251953125
5291,52523936,52823936,0.173461914,0.736938477,-0.380554199,0.531005859,-0.16015625,0.1640625,0.375,-8.6171875,-3.5859375,-1.4296875,-0.00390625,-0.5078125,0.251953125
5292,52539087,52839087,0.173583984,0.735595703,-0.380187988,0.533081055,-0.16015625,0.1640625,0.375,-8.6171875,-3.5859375,-1.4296875,-0.01953125,-0.421875,0.263671875
5293,52544134,52844134,0.173706055,0.734375,-0.379821777,0.53503418,-0.25,0.23828125,0.4140625,-8.640625,-3.546875,-1.3515625,-0.01953125,-0.421875,0.263671875
5294,52558502,52858502,0.17388916,0.733154297,-0.379333496,0.536987305,-0.25,0.23828125,0.4140625,-8.640625,-3.546875,-1.3515625,-0.01953125,-0.34375,0.24609375
5295,52563528,52863528,0.17401123,0.732177734,-0.37890625,0.538574219,-0.37109375,0.61328125,0.46484375,-8.671875,-3.5,-1.2890625,-0.01953125,-0.34375,0.24609375
5296,52579504,52879504,0.17401123,0.731445312,-0.378356934,0.539916992,-0.37109375,0.61328125,0.46484375,-8.671875,-3.5,-1.2890625,-0.095703125,-0.25,0.177734375
5297,52583229,52883229,0.17388916,0.730957031,-0.377685547,0.541137695,-0.2734375,0.6875,0.49609375,-8.6953125,-3.4609375,-1.2421875,-0.095703125,-0.25,0.177734375
5298,52600656,52900656,0.173706055,0.730651855,-0.376953125,0.542114258,-0.2734375,0.6875,0.49609375,-8.6953125,-3.4609375,-1.2421875,-0.13671875,-0.103515625,0.115234375
5299,52604262,52904262,0.173583984,0.730712891,-0.376281738,0.542541504,0.12890625,0.7734375,0.42578125,-8.7109375,-3.4296875,-1.2109375,-0.13671875,-0.103515625,0.115234375
5300,52618538,52918538,0.173461914,0.731079102,-0.375549316,0.542663574,0.12890625,0.7734375,0.42578125,-8.7109375,-3.4296875,-1.2109375,-0.1484375,0.095703125,0.033203125
5301,52623327,52923327,0.173339844,0.731689453,-0.37487793,0.542236328,0.328125,0.7578125,0.3203125,-8.71875,-3.4140625,-1.21875,-0.1484375,0.095703125,0.033203125
5302,52637637,52937637,0.173217773,0.732788086,-0.374206543,0.541320801,0.328125,0.7578125,0.3203125,-8.71875,-3.4140625,-1.21875,-0.1640625,0.306640625,-0.078125
5303,52643602,52943602,0.173034668,0.734191895,-0.373474121,0.539978027,0.47265625,0.83203125,0.3671875,-8.7109375,-3.4140625,-1.265625,-0.1640625,0.306640625,-0.078125
5304,52660580,52960580,0.172729492,0.735961914,-0.372802734,0.538146973,0.47265625,0.83203125,0.3671875,-8.7109375,-3.4140625,-1.265625,-0.21875,0.5234375,-0.197265625
5305,52664186,52964186,0.172363281,0.738037109,-0.372131348,0.535827637,0.71484375,0.703125,0.296875,-8.6875,-3.4375,-1.3515625,-0.21875,0.5234375,-0.197265625
5306,52677972,52977972,0.171936035,0.740661621,-0.371520996,0.532775879,0.71484375,0.703125,0.296875,-8.6875,-3.4375,-1.3515625,-0.22265625,0.75,-0.3359375
5307,52682764,52982764,0.171508789,0.743591309,-0.371032715,0.52911377,0.984375,0.55078125,0.26953125,-8.6484375,-3.4765625,-1.4765625,-0.22265625,0.75,-0.3359375
5308,52697423,52997423,0.171081543,0.746765137,-0.370605469,0.525085449,0.984375,0.55078125,0.26953125,-8.6484375,-3.4765625,-1.4765625,-0.208984375,1.01367188,-0.4765625
5309,52704715,53004715,0.170593262,0.750427246,-0.370239258,0.520324707,1.00390625,0.53125,0.25,-8.59375,-3.53125,-1.6484375,-0.208984375,1.01367188,-0.4765625
5310,52718242,53018242,0.17010498,0.754333496,-0.370056152,0.514831543,1.00390625,0.53125,0.25,-8.59375,-3.53125,-1.6484375,-0.171875,1.24609375,-0.626953125
5311,52721976,53021976,0.169616699,0.758300781,-0.370117188,0.509094238,0.8125,0.38671875,0.26953125,-8.515625,-3.6171875,-1.859375,-0.171875,1.24609375,-0.626953125
5312,52739894,53039894,0.169067383,0.762939453,-0.370422363,0.502197266,0.8125,0.38671875,0.26953125,-8.515625,-3.6171875,-1.859375,-0.087890625,1.46679688,-0.796875
5313,52745240,53045240,0.168518066,0.76739502,-0.370910645,0.495117188,0.55859375,0.33984375,0.3046875,-8.4140625,-3.7265625,-2.0859375,-0.087890625,1.46679688,-0.796875
5314,52756478,53056478,0.167785645,0.772460938,-0.371643066,0.486877441,0.55859375,0.33984375,0.3046875,-8.4140625,-3.7265625,-2.0859375,-0.046875,1.65625,-0.966796875
5315,52766619,53066619,0.166931152,0.777404785,-0.372497559,0.478515625,0.1796875,0.52734375,0.2265625,-8.265625,-3.875,-2.3515625,-0.046875,1.65625,-0.966796875
5316,52779401,53079401,0.16595459,0.782531738,-0.373352051,0.469787598,0.1796875,0.52734375,0.2265625,-8.265625,-3.875,-2.3515625,-0.048828125,1.79882812,-1.10546875
5317,52783134,53083134,0.164855957,0.787597656,-0.374267578,0.4609375,0.015625,0.5,0.390625,-8.1015625,-4.0390625,-2.6328125,-0.048828125,1.79882812,-1.10546875
5318,52799958,53099958,0.163635254,0.793151855,-0.375488281,0.450683594,0.015625,0.5,0.390625,-8.1015625,-4.0390625,-2.6328125,0.013671875,1.92578125,-1.21679688
5319,52805482,53105482,0.162475586,0.798400879,-0.37677002,0.440734863,-0.07421875,0,0.12109375,-7.8984375,-4.2265625,-2.9375,0.013671875,1.92578125,-1.21679688
5320,52820751,53120751,0.161437988,0.803710938,-0.378295898,0.430053711,-0.07421875,0,0.12109375,-7.8984375,-4.2265625,-2.9375,0.111328125,2.06445312,-1.29101562
5321,52822217,53122217,0.160461426,0.808776855,-0.379821777,0.419372559,-0.19140625,0.1953125,0.08203125,-7.6640625,-4.421875,-3.2421875,0.111328125,2.06445312,-1.29101562
5322,52838719,53138719,0.159729004,0.813964844,-0.381347656,0.408081055,-0.19140625,0.1953125,0.08203125,-7.6640625,-4.421875,-3.2421875,0.16796875,2.22851562,-1.27929688
5323,52846207,53146207,0.159240723,0.819213867,-0.3828125,0.396179199,-0.01953125,-0.03125,-0.109375,-7.4140625,-4.6171875,-3.546875,0.16796875,2.22851562,-1.27929688
5324,52858696,53158696,0.158935547,0.824707031,-0.384338379,0.383300781,-0.01953125,-0.03125,-0.109375,-7.4140625,-4.6171875,-3.546875,0.2109375,2.39648438,-1.28125
5325,52862301,53162301,0.158752441,0.829589844,-0.385681152,0.371276855,-0.27734375,0.0546875,-0.09765625,-7.1171875,-4.8203125,-3.8671875,0.2109375,2.39648438,-1.28125
5326,52875951,53175951,0.158630371,0.834777832,-0.387145996,0.357910156,-0.27734375,0.0546875,-0.09765625,-7.1171875,-4.8203125,-3.8671875,0.259765625,2.44921875,-1.2578125
5327,52883961,53183961,0.158569336,0.839538574,-0.38848877,0.345092773,-0.4921875,-0.0546875,-0.20703125,-6.7890625,-5.015625,-4.1796875,0.259765625,2.44921875,-1.2578125
5328,52896252,53196252,0.158325195,0.844360352,-0.389770508,0.331787109,-0.4921875,-0.0546875,-0.20703125,-6.7890625,-5.015625,-4.1796875,0.22265625,2.50195312,-1.33203125
5329,52901971,53201971,0.157775879,0.849182129,-0.39074707,0.318359375,-0.69140625,0.171875,-0.0234375,-6.4375,-5.203125,-4.4765625,0.22265625,2.50195312,-1.33203125
5330,52918614,53218614,0.156921387,0.853881836,-0.391418457,0.305114746,-0.69140625,0.171875,-0.0234375,-6.4375,-5.203125,-4.4765625,0.076171875,2.609375,-1.47070312
5331,52924185,53224185,0.155700684,0.858947754,-0.391845703,0.290527344,-0.53125,-0.0703125,0.04296875,-6.0625,-5.3828125,-4.7734375,0.076171875,2.609375,-1.47070312
5332,52934982,53234982,0.154296875,0.864013672,-0.392089844,0.27545166,-0.53125,-0.0703125,0.04296875,-6.0625,-5.3828125,-4.7734375,0.037109375,2.71484375,-1.57421875
5333,52940699,53240699,0.152893066,0.868835449,-0.39239502,0.260375977,-0.46875,-0.2265625,0.0859375,-5.625,-5.5703125,-5.0859375,0.037109375,2.71484375,-1.57421875
5334,52954612,53254612,0.151428223,0.873352051,-0.39263916,0.245361328,-0.46875,-0.2265625,0.0859375,-5.625,-5.5703125,-5.0859375,0.08203125,2.71679688,-1.58984375
5335,52964853,53264853,0.149841309,0.877502441,-0.392883301,0.230529785,-0.46875,-0.39453125,0.0703125,-5.1640625,-5.75,-5.375,0.08203125,2.71679688,-1.58984375
5336,52978906,53278906,0.148132324,0.881408691,-0.393127441,0.215820312,-0.46875,-0.39453125,0.0703125,-5.1640625,-5.75,-5.375,0.126953125,2.56445312,-1.60351562
5337,52982510,53282510,0.146057129,0.88494873,-0.393676758,0.20135498,-0.5625,-0.265625,-0.25390625,-4.6875,-5.9140625,-5.625,0.126953125,2.56445312,-1.60351562
5338,52993663,53293663,0.143737793,0.888122559,-0.394287109,0.187316895,-0.5625,-0.265625,-0.25390625,-4.6875,-5.9140625,-5.625,0.19140625,2.46875,-1.72851562
5339,53002428,53302428,0.140930176,0.891296387,-0.395019531,0.172363281,-0.46484375,0.47265625,-0.2421875,-4.2109375,-6.078125,-5.828125,0.19140625,2.46875,-1.72851562
5340,53014418,53314418,0.137939453,0.894104004,-0.395507812,0.158508301,-0.46484375,0.47265625,-0.2421875,-4.2109375,-6.078125,-5.828125,0.09765625,2.3125,-1.74414062
5341,53020135,53320135,0.134765625,0.896789551,-0.395690918,0.144958496,0.22265625,0.93359375,-0.34765625,-3.7109375,-6.234375,-5.9921875,0.09765625,2.3125,-1.74414062
5342,53034808,53334808,0.131652832,0.899169922,-0.395874023,0.131958008,0.22265625,0.93359375,-0.34765625,-3.7109375,-6.234375,-5.9921875,0.130859375,2.10546875,-1.62304688
5343,53044358,53344358,0.128723145,0.901184082,-0.396362305,0.11932373,0.78125,0.22265625,-0.24609375,-3.234375,-6.3671875,-6.1328125,0.130859375,2.10546875,-1.62304688
5344,53058321,53358321,0.126159668,0.902587891,-0.397277832,0.107666016,0.78125,0.22265625,-0.24609375,-3.234375,-6.3671875,-6.1328125,0.353515625,1.90234375,-1.4375
5345,53062069,53362069,0.123718262,0.903564453,-0.398803711,0.0958251953,0.75390625,-0.15625,-0.54296875,-2.7890625,-6.484375,-6.21875,0.353515625,1.90234375,-1.4375
5346,53074194,53374194,0.121337891,0.904174805,-0.400634766,0.0850219727,0.75390625,-0.15625,-0.54296875,-2.7890625,-6.484375,-6.21875,0.5625,1.77734375,-1.43164062
5347,53083610,53383610,0.118347168,0.904846191,-0.402282715,0.0736083984,0.45703125,1.15625,0.0703125,-2.375,-6.609375,-6.2578125,0.5625,1.77734375,-1.43164062
5348,53093912,53393912,0.11541748,0.905822754,-0.402587891,0.0638427734,0.45703125,1.15625,0.0703125,-2.375,-6.609375,-6.2578125,-0.009765625,1.59765625,-1.39453125
5349,53099882,53399882,0.112304688,0.907531738,-0.401184082,0.0534667969,1.3203125,1.9453125,0.79296875,-1.9765625,-6.7109375,-6.2890625,-0.009765625,1.59765625,-1.39453125
5350,53112434,53412434,0.109741211,0.909362793,-0.398864746,0.0440063477,1.3203125,1.9453125,0.79296875,-1.9765625,-6.7109375,-6.2890625,-0.435546875,1.55859375,-1.18359375
5351,53123337,53423337,0.10760498,0.911010742,-0.39654541,0.0354003906,1.28515625,0.35546875,0.2734375,-1.59375,-6.7265625,-6.3828125,-0.435546875,1.55859375,-1.18359375
5352,53138959,53438959,0.105773926,0.91229248,-0.39465332,0.02734375,1.28515625,0.35546875,0.2734375,-1.59375,-6.7265625,-6.3828125,-0.234375,1.328125,-0.96484375
5353,53140431,53440431,0.104064941,0.913269043,-0.393310547,0.0194702148,0.6953125,-1.26953125,-0.17578125,-1.2734375,-6.7109375,-6.46875,-0.234375,1.328125,-0.96484375
5354,53155448,53455448,0.102661133,0.913757324,-0.392883301,0.0122070312,0.6953125,-1.26953125,-0.17578125,-1.2734375,-6.7109375,-6.46875,0.154296875,1.21679688,-0.814453125
5355,53161773,53461773,0.101379395,0.913757324,-0.393371582,0.00537109375,0.3671875,-1.41796875,0.0546875,-0.984375,-6.71875,-6.5078125,0.154296875,1.21679688,-0.814453125
5356,53172576,53472576,-0.0999145508,-0.913513184,0.394287109,0.00128173828,0.3671875,-1.41796875,0.0546875,-0.984375,-6.71875,-6.5078125,0.33203125,1.04101562,-0.787109375
5357,53179476,53479476,-0.0982666016,-0.913330078,0.395141602,0.00762939453,-0.11328125,-0.06640625,0.65234375,-0.734375,-6.765625,-6.4921875,0.33203125,1.04101562,-0.787109375
5358,53194375,53494375,-0.0965576172,-0.913330078,0.395324707,0.0127563477,-0.11328125,-0.06640625,0.65234375,-0.734375,-6.765625,-6.4921875,0.029296875,0.705078125,-0.677734375
5359,53201931,53501931,-0.094909668,-0.913757324,0.394592285,0.0169677734,-0.33203125,0.69140625,0.51171875,-0.515625,-6.796875,-6.46875,0.029296875,0.705078125,-0.677734375
5360,53215252,53515252,-0.0934448242,-0.914489746,0.393188477,0.020324707,-0.33203125,0.69140625,0.51171875,-0.515625,-6.796875,-6.46875,-0.30859375,0.49609375,-0.521484375
5361,53218962,53518962,-0.0922241211,-0.915222168,0.391662598,0.0231933594,0.1953125,-0.50390625,-0.109375,-0.3515625,-6.7890625,-6.5,-0.30859375,0.49609375,-0.521484375
5362,53233413,53533413,-0.0910644531,-0.915710449,0.390563965,0.0261230469,0.1953125,-0.50390625,-0.109375,-0.3515625,-6.7890625,-6.5,-0.076171875,0.44140625,-0.419921875
5363,53242950,53542950,-0.0901489258,-0.91583252,0.390258789,0.0288696289,0.19140625,-1.4921875,-0.34375,-0.234375,-6.7578125,-6.53125,-0.076171875,0.44140625,-0.419921875
5364,53253477,53553477,-0.0894165039,-0.915710449,0.390441895,0.0314331055,0.19140625,-1.4921875,-0.34375,-0.234375,-6.7578125,-6.53125,0.134765625,0.37890625,-0.291015625
5365,53259439,53559439,-0.0888671875,-0.915466309,0.390991211,0.0334472656,-0.30078125,-1.37109375,-0.58203125,-0.125,-6.765625,-6.5234375,0.134765625,0.37890625,-0.291015625
5366,53274741,53574741,-0.0885009766,-0.915222168,0.391601562,0.0348510742,-0.30078125,-1.37109375,-0.58203125,-0.125,-6.765625,-6.5234375,0.1640625,0.162109375,-0.12890625
5367,53282941,53582941,-0.0882568359,-0.914978027,0.392089844,0.0355834961,-0.4375,-1.15625,-0.7890625,-0.0625,-6.7890625,-6.5078125,0.1640625,0.162109375,-0.12890625
5368,53297916,53597916,-0.0880737305,-0.914916992,0.392333984,0.0358276367,-0.4375,-1.15625,-0.7890625,-0.0625,-6.7890625,-6.5078125,0.01171875,-0.001953125,-0.021484375
5369,53302786,53602786,-0.0880737305,-0.914978027,0.392211914,0.0356445312,-0.03125,-0.76171875,-0.99609375,-0.046875,-6.796875,-6.4921875,0.01171875,-0.001953125,-0.021484375
5370,53313392,53613392,-0.0882568359,-0.915100098,0.391967773,0.0350952148,-0.03125,-0.76171875,-0.99609375,-0.046875,-6.796875,-6.4921875,-0.08203125,-0.119140625,0.107421875
5371,53319206,53619206,-0.0886230469,-0.915161133,0.391662598,0.0340576172,0.05078125,-0.92578125,-0.64453125,-0.0546875,-6.7890625,-6.5,-0.08203125,-0.119140625,0.107421875
5372,53331959,53631959,-0.0892333984,-0.915222168,0.391540527,0.0327148438,0.05078125,-0.92578125,-0.64453125,-0.0546875,-6.7890625,-6.5,-0.041015625,-0.2265625,0.248046875
5373,53338350,53638350,-0.0900268555,-0.915222168,0.391540527,0.0309448242,-0.125,-0.85546875,-0.0625,-0.109375,-6.78125,-6.5078125,-0.041015625,-0.2265625,0.248046875
5374,53355753,53655753,-0.0911254883,-0.915161133,0.391601562,0.0286254883,-0.125,-0.85546875,-0.0625,-0.109375,-6.78125,-6.5078125,-0.0234375,-0.3828125,0.423828125
5375,53362637,53662637,-0.0923461914,-0.915100098,0.391723633,0.0257568359,-0.23828125,-0.50390625,0.4765625,-0.1875,-6.7890625,-6.5078125,-0.0234375,-0.3828125,0.423828125
5376,53378427,53678427,-0.0939331055,-0.915039062,0.391662598,0.0219726562,-0.23828125,-0.50390625,0.4765625,-0.1875,-6.7890625,-6.5078125,-0.087890625,-0.61328125,0.62890625
5377,53382887,53682887,-0.0957641602,-0.914978027,0.391601562,0.0174560547,-0.328125,0.015625,0.63671875,-0.328125,-6.7734375,-6.515625,-0.087890625,-0.61328125,0.62890625
5378,53392492,53692492,-0.0978393555,-0.914916992,0.391418457,0.0120849609,-0.328125,0.015625,0.63671875,-0.328125,-6.7734375,-6.515625,-0.15625,-0.8984375,0.849609375
5379,53404046,53704046,-0.0999755859,-0.914855957,0.391113281,0.00598144531,-0.32421875,-0.11328125,0.453125,-0.5234375,-6.7578125,-6.5234375,-0.15625,-0.8984375,0.849609375
5380,53412928,53712928,0.102355957,0.914794922,-0.390808105,0.00103759766,-0.32421875,-0.11328125,0.453125,-0.5234375,-6.7578125,-6.5234375,-0.201171875,-1.16601562,1.0546875
5381,53418668,53718668,0.105224609,0.914550781,-0.39050293,0.00939941406,-0.1796875,-0.19140625,-0.3359375,-0.78125,-6.71875,-6.5390625,-0.201171875,-1.16601562,1.0546875
5382,53432793,53732793,0.108032227,0.91418457,-0.390197754,0.0178222656,-0.1796875,-0.19140625,-0.3359375,-0.78125,-6.71875,-6.5390625,-0.212890625,-1.38671875,1.24609375
5383,53438087,53738087,0.111206055,0.913757324,-0.389770508,0.0272827148,0.0703125,0.09765625,-0.296875,-1.109375,-6.6640625,-6.5390625,-0.212890625,-1.38671875,1.24609375
5384,53453843,53753843,0.114318848,0.913269043,-0.389282227,0.0369262695,0.0703125,0.09765625,-0.296875,-1.109375,-6.6640625,-6.5390625,-0.2734375,-1.63671875,1.41015625
5385,53457448,53757448,0.11730957,0.912658691,-0.388671875,0.0472412109,-0.1640625,0.3046875,-0.49609375,-1.484375,-6.6015625,-6.53125,-0.2734375,-1.63671875,1.41015625
5386,53472425,53772425,0.120605469,0.911865234,-0.387756348,0.0596923828,-0.1640625,0.3046875,-0.49609375,-1.484375,-6.6015625,-6.53125,-0.353515625,-2.00585938,1.578125
5387,53478078,53778078,0.123901367,0.910827637,-0.386962891,0.0726928711,-0.1875,-0.125,-0.8671875,-1.921875,-6.515625,-6.5078125,-0.353515625,-2.00585938,1.578125
5388,53492955,53792955,0.12713623,0.909484863,-0.386291504,0.0866088867,-0.1875,-0.125,-0.8671875,-1.921875,-6.515625,-6.5078125,-0.294921875,-2.37890625,1.74414062
5389,53496582,53796582,0.130065918,0.907775879,-0.385864258,0.100769043,-1.03515625,-0.93359375,-0.875,-2.4140625,-6.3984375,-6.4609375,-0.294921875,-2.37890625,1.74414062
5390,53512866,53812866,0.133117676,0.905456543,-0.385620117,0.11706543,-1.03515625,-0.93359375,-0.875,-2.4140625,-6.3984375,-6.4609375,-0.177734375,-2.72265625,1.8125
5391,53518767,53818767,0.135742188,0.903015137,-0.385559082,0.132446289,-1.0859375,-1.171875,-1.3203125,-2.9765625,-6.2734375,-6.359375,-0.177734375,-2.72265625,1.8125
5392,53532197,53832197,0.138366699,0.899841309,-0.385559082,0.149963379,-1.0859375,-1.171875,-1.3203125,-2.9765625,-6.2734375,-6.359375,-0.125,-2.98828125,1.83789062
5393,53538172,53838172,0.140808105,0.896179199,-0.385925293,0.167724609,-1.0078125,-0.4609375,-1.25390625,-3.5546875,-6.140625,-6.1953125,-0.125,-2.98828125,1.83789062
5394,53551748,53851748,0.143005371,0.892211914,-0.386474609,0.184936523,-1.0078125,-0.4609375,-1.25390625,-3.5546875,-6.140625,-6.1953125,-0.01953125,-3.18164062,1.86914062
5395,53558215,53858215,0.145080566,0.887878418,-0.386779785,0.202514648,-0.51171875,-0.10546875,-0.953125,-4.1640625,-6,-5.9609375,-0.01953125,-3.18164062,1.86914062
5396,53573598,53873598,0.147033691,0.883239746,-0.386962891,0.220397949,-0.51171875,-0.10546875,-0.953125,-4.1640625,-6,-5.9609375,-0.0546875,-3.18945312,1.83007812
5397,53577329,53877329,0.148803711,0.878417969,-0.387145996,0.237365723,0.00390625,-0.0078125,-0.69921875,-4.7578125,-5.828125,-5.6796875,-0.0546875,-3.18945312,1.83007812
5398,53591553,53891553,0.150512695,0.873046875,-0.387390137,0.255187988,0.00390625,-0.0078125,-0.69921875,-4.7578125,-5.828125,-5.6796875,0.0078125,-3.13476562,1.7421875
5399,53598203,53898203,0.152038574,0.867553711,-0.387512207,0.272094727,0.484375,0.30078125,-0.55078125,-5.3125,-5.640625,-5.3671875,0.0078125,-3.13476562,1.7421875
5400,53612967,53912967,0.153625488,0.861816406,-0.387512207,0.289001465,0.484375,0.30078125,-0.55078125,-5.3125,-5.640625,-5.3671875,0.0078125,-3.015625,1.72851562
5401,53618381,53918381,0.155151367,0.856445312,-0.387207031,0.304199219,0.77734375,0.49609375,-0.6328125,-5.8359375,-5.453125,-5.015625,0.0078125,-3.015625,1.72851562
5402,53631856,53931856,0.156738281,0.850402832,-0.386413574,0.320922852,0.77734375,0.49609375,-0.6328125,-5.8359375,-5.453125,-5.015625,-0.1171875,-2.92773438,1.71679688
5403,53638755,53938755,0.157897949,0.844848633,-0.385375977,0.335876465,-0.05859375,0.5078125,0.1328125,-6.3046875,-5.234375,-4.671875,-0.1171875,-2.92773438,1.71679688
5404,53650891,53950891,0.158874512,0.838439941,-0.384216309,0.352294922,-0.05859375,0.5078125,0.1328125,-6.3046875,-5.234375,-4.671875,-0.14453125,-2.98046875,1.62304688
5405,53656614,53956614,0.159606934,0.832092285,-0.383300781,0.367675781,-0.1171875,-0.1328125,-0.1953125,-6.7421875,-5.015625,-4.3046875,-0.14453125,-2.98046875,1.62304688
5406,53669483,53969483,0.16015625,0.825500488,-0.3828125,0.382507324,-0.1171875,-0.1328125,-0.1953125,-6.7421875,-5.015625,-4.3046875,0.04296875,-2.92578125,1.46484375
5407,53677214,53977214,0.160644531,0.81854248,-0.382629395,0.397277832,0.1953125,-0.3515625,0.171875,-7.1328125,-4.796875,-3.90625,0.04296875,-2.92578125,1.46484375
5408,53692100,53992100,0.161010742,0.811340332,-0.382568359,0.411682129,0.1953125,-0.3515625,0.171875,-7.1328125,-4.796875,-3.90625,0.126953125,-2.79882812,1.31445312
5409,53696889,53996889,0.161071777,0.804626465,-0.382629395,0.424560547,0.5859375,0.18359375,0.0859375,-7.484375,-4.6015625,-3.4765625,0.126953125,-2.79882812,1.31445312
5410,53709802,54009802,0.160827637,0.797363281,-0.382629395,0.438110352,0.5859375,0.18359375,0.0859375,-7.484375,-4.6015625,-3.4765625,0.107421875,-2.8125,1.203125
5411,53716102,54016102,0.160339355,0.789916992,-0.382507324,0.451721191,0.5703125,0.72265625,0.0390625,-7.7734375,-4.4140625,-3.046875,0.107421875,-2.8125,1.203125
5412,53731911,54031911,0.159484863,0.782836914,-0.382019043,0.464477539,0.5703125,0.72265625,0.0390625,-7.7734375,-4.4140625,-3.046875,-0.056640625,-2.65625,1.08007812
5413,53735522,54035522,0.158447266,0.776367188,-0.381347656,0.476196289,0.59765625,0.89453125,-0.12890625,-8.03125,-4.2421875,-2.609375,-0.056640625,-2.65625,1.08007812
5414,53749693,54049693,0.157165527,0.76965332,-0.380554199,0.487976074,0.59765625,0.89453125,-0.12890625,-8.03125,-4.2421875,-2.609375,-0.111328125,-2.50976562,0.974609375
5415,53755793,54055793,0.155761719,0.762756348,-0.379577637,0.499816895,0.68359375,0.72265625,-0.23046875,-8.234375,-4.0703125,-2.203125,-0.111328125,-2.50976562,0.974609375
5416,53771522,54071522,0.15447998,0.756530762,-0.378723145,0.510192871,0.68359375,0.72265625,-0.23046875,-8.234375,-4.0703125,-2.203125,-0.10546875,-2.32617188,0.900390625
5417,53775241,54075241,0.153259277,0.750244141,-0.377868652,0.520446777,0.7421875,0.60546875,-0.08203125,-8.40625,-3.9140625,-1.8125,-0.10546875,-2.32617188,0.900390625
5418,53793432,54093432,0.152099609,0.74395752,-0.376953125,0.530395508,0.7421875,0.60546875,-0.08203125,-8.40625,-3.9140625,-1.8125,-0.0703125,-2.0078125,0.77734375
5419,53797163,54097163,0.151062012,0.738525391,-0.376098633,0.538818359,0.57421875,0.41015625,0.0078125,-8.546875,-3.7578125,-1.4453125,-0.0703125,-2.0078125,0.77734375
5420,53811038,54111038,0.150085449,0.733276367,-0.37512207,0.546936035,0.57421875,0.41015625,0.0078125,-8.546875,-3.7578125,-1.4453125,-0.1171875,-1.7109375,0.693359375
5421,53814775,54114775,0.149108887,0.72869873,-0.374084473,0.553894043,0.29296875,0.40234375,0.00390625,-8.6484375,-3.6328125,-1.1328125,-0.1171875,-1.7109375,0.693359375
5422,53832640,54132640,0.147949219,0.724304199,-0.372802734,0.560852051,0.29296875,0.40234375,0.00390625,-8.6484375,-3.6328125,-1.1328125,-0.1953125,-1.40234375,0.56640625
5423,53836927,54136927,0.146972656,0.720581055,-0.371643066,0.566589355,0.44921875,-0.16796875,0.08984375,-8.7265625,-3.5234375,-0.875,-0.1953125,-1.40234375,0.56640625
5424,53851858,54151858,0.146240234,0.71697998,-0.370361328,0.572143555,0.44921875,-0.16796875,0.08984375,-8.7265625,-3.5234375,-0.875,-0.15234375,-1.10546875,0.51171875
5425,53855585,54155585,0.145629883,0.714111328,-0.36920166,0.576660156,0.234375,-0.19140625,0.1875,-8.78125,-3.421875,-0.6640625,-0.15234375,-1.10546875,0.51171875
5426,53871486,54171486,0.144958496,0.711608887,-0.368041992,0.580688477,0.234375,-0.19140625,0.1875,-8.78125,-3.421875,-0.6640625,-0.181640625,-0.8203125,0.357421875
5427,53879216,54179216,0.144165039,0.709411621,-0.36706543,0.58416748,-0.03125,-0.43359375,0.53515625,-8.8203125,-3.3359375,-0.515625,-0.181640625,-0.8203125,0.357421875
5428,53890514,54190514,0.143371582,0.707580566,-0.366149902,0.587097168,-0.03125,-0.43359375,0.53515625,-8.8203125,-3.3359375,-0.515625,-0.166015625,-0.591796875,0.212890625
5429,53894236,54194236,0.142578125,0.706176758,-0.36541748,0.589416504,0.14453125,-0.32421875,0.76171875,-8.84375,-3.2890625,-0.3984375,-0.166015625,-0.591796875,0.212890625
5430,53912763,54212763,0.141967773,0.70501709,-0.364807129,0.591369629,0.14453125,-0.32421875,0.76171875,-8.84375,-3.2890625,-0.3984375,-0.103515625,-0.37890625,0.138671875
5431,53917463,54217463,0.141601562,0.704101562,-0.364379883,0.592773438,0.58203125,-0.703125,0.6171875,-8.859375,-3.2578125,-0.328125,-0.103515625,-0.37890625,0.138671875
5432,53931172,54231172,0.141418457,0.703552246,-0.364013672,0.59375,0.58203125,-0.703125,0.6171875,-8.859375,-3.2578125,-0.328125,-0.046875,-0.140625,0.080078125
5433,53934909,54234909,0.141357422,0.703369141,-0.363769531,0.594116211,0.7890625,-0.41796875,0.53125,-8.875,-3.234375,-0.28125,-0.046875,-0.140625,0.080078125
5434,53950688,54250688,0.141479492,0.703491211,-0.363525391,0.594055176,0.7890625,-0.41796875,0.53125,-8.875,-3.234375,-0.28125,-0.017578125,0.091796875,0.00390625
5435,53954415,54254415,0.141662598,0.703918457,-0.363464355,0.593566895,0.98046875,-0.1953125,0.22265625,-8.875,-3.2265625,-0.28125,-0.017578125,0.091796875,0.00390625
5436,53970008,54270008,0.141906738,0.704711914,-0.36340332,0.592590332,0.98046875,-0.1953125,0.22265625,-8.875,-3.2265625,-0.28125,0.001953125,0.29296875,-0.0703125
5437,53973734,54273734,0.142211914,0.705749512,-0.36340332,0.591247559,0.97265625,0.00390625,0.1484375,-8.8671875,-3.234375,-0.3203125,0.001953125,0.29296875,-0.0703125
5438,53990542,54290542,0.142578125,0.70715332,-0.363525391,0.589416504,0.97265625,0.00390625,0.1484375,-8.8671875,-3.234375,-0.3203125,0.00390625,0.490234375,-0.154296875
5439,53998258,54298258,0.142944336,0.708862305,-0.363647461,0.587280273,0.96484375,0.28515625,0.09765625,-8.859375,-3.25,-0.3828125,0.00390625,0.490234375,-0.154296875
5440,54013044,54313044,0.143249512,0.711120605,-0.363769531,0.584350586,0.96484375,0.28515625,0.09765625,-8.859375,-3.25,-0.3828125,-0.04296875,0.744140625,-0.271484375
5441,54014515,54314515,0.143493652,0.713684082,-0.363891602,0.581054688,0.98828125,0.31640625,0.20703125,-8.84375,-3.28125,-0.4921875,-0.04296875,0.744140625,-0.271484375
5442,54034711,54334711,0.143859863,0.717041016,-0.364074707,0.576782227,0.98828125,0.31640625,0.20703125,-8.84375,-3.28125,-0.4921875,-0.044921875,1.0546875,-0.400390625
5443,54039083,54339083,0.144226074,0.72052002,-0.364318848,0.572143555,0.796875,0.1875,0.4765625,-8.8046875,-3.34375,-0.6484375,-0.044921875,1.0546875,-0.400390625
5444,54049501,54349501,0.14465332,0.72467041,-0.364624023,0.566589355,0.796875,0.1875,0.4765625,-8.8046875,-3.34375,-0.6484375,-0.041015625,1.3671875,-0.541015625
5445,54053101,54353101,0.145080566,0.729187012,-0.36505127,0.560302734,0.59375,0.390625,0.49609375,-8.7578125,-3.4296875,-0.859375,-0.041015625,1.3671875,-0.541015625
5446,54070758,54370758,0.145507812,0.734313965,-0.365600586,0.553161621,0.59375,0.390625,0.49609375,-8.7578125,-3.4296875,-0.859375,-0.029296875,1.66015625,-0.68359375
5447,54074381,54374381,0.145996094,0.739379883,-0.366210938,0.545837402,0.32421875,0.72265625,0.42578125,-8.6796875,-3.53125,-1.1328125,-0.029296875,1.66015625,-0.68359375
5448,54090428,54390428,0.146484375,0.745239258,-0.366943359,0.537109375,0.32421875,0.72265625,0.42578125,-8.6796875,-3.53125,-1.1328125,0.00390625,1.9140625,-0.80859375
5449,54094025,54394025,0.146972656,0.750793457,-0.367736816,0.528686523,-0.16796875,0.96875,0.76953125,-8.5703125,-3.6640625,-1.4375,0.00390625,1.9140625,-0.80859375
5450,54112569,54412569,0.147460938,0.757019043,-0.368774414,0.518859863,-0.16796875,0.96875,0.76953125,-8.5703125,-3.6640625,-1.4375,0.037109375,2.09765625,-0.939453125
5451,54116884,54416884,0.147827148,0.763122559,-0.369873047,0.508972168,-0.4453125,0.84765625,0.53515625,-8.4453125,-3.8125,-1.78125,0.037109375,2.09765625,-0.939453125
5452,54127979,54427979,0.148132324,0.769348145,-0.37109375,0.498413086,-0.4453125,0.84765625,0.53515625,-8.4453125,-3.8125,-1.78125,0.083984375,2.25976562,-1.07617188
5453,54133697,54433697,0.148376465,0.77557373,-0.372497559,0.487548828,-0.609375,0.828125,0.62890625,-8.28125,-3.984375,-2.140625,0.083984375,2.25976562,-1.07617188
5454,54152615,54452615,0.148498535,0.781677246,-0.374145508,0.47644043,-0.609375,0.828125,0.62890625,-8.28125,-3.984375,-2.140625,0.154296875,2.37695312,-1.22070312
5455,54156753,54456753,0.148498535,0.788146973,-0.376037598,0.464111328,-0.53515625,0.55078125,0.4140625,-8.0859375,-4.1640625,-2.5,0.154296875,2.37695312,-1.22070312
5456,54170891,54470891,0.148376465,0.794189453,-0.378112793,0.451965332,-0.53515625,0.55078125,0.4140625,-8.0859375,-4.1640625,-2.5,0.248046875,2.44140625,-1.33984375
5457,54174957,54474957,0.148254395,0.800170898,-0.380371094,0.43939209,-0.3203125,0.34765625,0.55859375,-7.84375,-4.3828125,-2.875,0.248046875,2.44140625,-1.33984375
5458,54192091,54492091,0.148071289,0.806213379,-0.382873535,0.426086426,-0.3203125,0.34765625,0.55859375,-7.84375,-4.3828125,-2.875,0.3359375,2.59179688,-1.44335938
5459,54196945,54496945,0.148010254,0.812072754,-0.385437012,0.412414551,0.38671875,0.12109375,-0.01171875,-7.5546875,-4.6171875,-3.2265625,0.3359375,2.59179688,-1.44335938
5460,54210472,54510472,0.147949219,0.817993164,-0.388122559,0.398010254,0.38671875,0.12109375,-0.01171875,-7.5546875,-4.6171875,-3.2265625,0.421875,2.8046875,-1.55078125
5461,54214191,54514191,0.147766113,0.823791504,-0.39074707,0.383178711,-0.125,0.86328125,-1.10546875,-7.234375,-4.859375,-3.5859375,0.421875,2.8046875,-1.55078125
5462,54230422,54530422,0.147216797,0.829711914,-0.393005371,0.368103027,-0.125,0.86328125,-1.10546875,-7.234375,-4.859375,-3.5859375,0.279296875,2.95703125,-1.69726562
5463,54235620,54535620,0.146362305,0.835998535,-0.394958496,0.351745605,-0.4140625,1.07421875,-1.20703125,-6.8671875,-5.109375,-3.9453125,0.279296875,2.95703125,-1.69726562
5464,54250491,54550491,0.145324707,0.841918945,-0.39654541,0.33581543,-0.4140625,1.07421875,-1.20703125,-6.8671875,-5.109375,-3.9453125,0.166015625,2.94335938,-1.7109375
5465,54254231,54554231,0.144165039,0.847839355,-0.397827148,0.319580078,-0.5,0.13671875,-1.21484375,-6.4375,-5.359375,-4.3203125,0.166015625,2.94335938,-1.7109375
5466,54270327,54570327,0.142883301,0.853515625,-0.398925781,0.303283691,-0.5,0.13671875,-1.21484375,-6.4375,-5.359375,-4.3203125,0.126953125,3.05859375,-1.80664062
5467,54274317,54574317,0.141235352,0.859130859,-0.400024414,0.286254883,-0.69140625,-0.375,-1.16015625,-5.9765625,-5.578125,-4.6796875,0.126953125,3.05859375,-1.80664062
5468,54286283,54586283,0.139099121,0.864379883,-0.401306152,0.269226074,-0.69140625,-0.375,-1.16015625,-5.9765625,-5.578125,-4.6796875,0.1796875,3.05664062,-2.03125
5469,54292002,54592002,0.136535645,0.869445801,-0.402587891,0.251647949,-0.91015625,-0.55859375,-0.75,-5.453125,-5.8125,-5.015625,0.1796875,3.05664062,-2.03125
5470,54309448,54609448,0.133911133,0.874084473,-0.403564453,0.234802246,-0.91015625,-0.55859375,-0.75,-5.453125,-5.8125,-5.015625,0.109375,3.06054688,-2.0859375
5471,54313060,54613060,0.131103516,0.878723145,-0.404174805,0.217346191,-0.68359375,-0.6484375,-0.26953125,-4.9140625,-6.03125,-5.3046875,0.109375,3.06054688,-2.0859375
5472,54325765,54625765,0.128417969,0.882873535,-0.404602051,0.200866699,-0.68359375,-0.6484375,-0.26953125,-4.9140625,-6.03125,-5.3046875,0.091796875,2.79492188,-1.88476562
5473,54332837,54632837,0.125915527,0.886535645,-0.405212402,0.184326172,-0.41015625,-1.06640625,0.03515625,-4.34375,-6.2265625,-5.5703125,0.091796875,2.79492188,-1.88476562
5474,54347675,54647675,0.123413086,0.889526367,-0.406188965,0.168823242,-0.41015625,-1.06640625,0.03515625,-4.34375,-6.2265625,-5.5703125,0.2890625,2.50976562,-1.77929688
5475,54351273,54651273,0.12097168,0.891784668,-0.407531738,0.154907227,-0.4140625,-0.47265625,-0.7578125,-3.8046875,-6.3984375,-5.7734375,0.2890625,2.50976562,-1.77929688
5476,54366579,54666579,0.117980957,0.893981934,-0.408813477,0.140563965,-0.4140625,-0.47265625,-0.7578125,-3.8046875,-6.3984375,-5.7734375,0.21875,2.25976562,-1.79101562
5477,54371359,54671359,0.114318848,0.896362305,-0.409301758,0.126342773,0.12109375,0.94921875,-0.40234375,-3.3046875,-6.5546875,-5.8984375,0.21875,2.25976562,-1.79101562
5478,54389014,54689014,0.110778809,0.898498535,-0.409240723,0.113647461,0.12109375,0.94921875,-0.40234375,-3.3046875,-6.5546875,-5.8984375,-0.01953125,2.16601562,-1.796875
5479,54394456,54694456,0.107421875,0.900634766,-0.408935547,0.100402832,1.1640625,0.7578125,-0.046875,-2.8125,-6.671875,-6.0234375,-0.01953125,2.16601562,-1.796875
5480,54409438,54709438,0.104797363,0.902282715,-0.409057617,0.0871582031,1.1640625,0.7578125,-0.046875,-2.8125,-6.671875,-6.0234375,0.24609375,2.0859375,-1.38867188
5481,54413183,54713183,0.103393555,0.902832031,-0.410583496,0.075012207,1.17578125,-1.484375,-0.4765625,-2.328125,-6.765625,-6.1328125,0.24609375,2.0859375,-1.38867188
5482,54429153,54729153,0.102233887,0.902526855,-0.413513184,0.0631713867,1.17578125,-1.484375,-0.4765625,-2.328125,-6.765625,-6.1328125,0.943359375,1.9453125,-1.26171875
5483,54433903,54733903,0.100402832,0.901733398,-0.417236328,0.0517578125,0.5234375,-0.86328125,0.55859375,-1.90625,-6.890625,-6.1328125,0.943359375,1.9453125,-1.26171875
5484,54445969,54745969,0.0978393555,0.901245117,-0.42010498,0.0415039062,0.5234375,-0.86328125,0.55859375,-1.90625,-6.890625,-6.1328125,0.568359375,1.44726562,-1.3359375
5485,54451000,54751000,0.094909668,0.901428223,-0.421203613,0.0323486328,1.046875,2.3515625,1.1875,-1.5078125,-7.0390625,-6.0703125,0.568359375,1.44726562,-1.3359375
5486,54466825,54766825,0.0921630859,0.90234375,-0.420349121,0.0247802734,1.046875,2.3515625,1.1875,-1.5078125,-7.0390625,-6.0703125,-0.294921875,1.13867188,-1.12890625
5487,54470551,54770551,0.0897216797,0.903747559,-0.418212891,0.0181274414,1.109375,2.55078125,0.4453125,-1.1875,-7.0859375,-6.09375,-0.294921875,1.13867188,-1.12890625
5488,54485455,54785455,0.0876464844,0.905334473,-0.415405273,0.0120849609,1.109375,2.55078125,0.4453125,-1.1875,-7.0859375,-6.09375,-0.51953125,0.87109375,-0.787109375
5489,54490488,54790488,0.0860595703,0.906555176,-0.413146973,0.00689697266,0.765625,-0.28515625,-0.88671875,-0.921875,-7.046875,-6.1796875,-0.51953125,0.87109375,-0.787109375
5490,54506636,54806636,0.0846557617,0.907287598,-0.411987305,0.00146484375,0.765625,-0.28515625,-0.88671875,-0.921875,-7.046875,-6.1796875,-0.056640625,0.919921875,-0.708984375
5491,54510947,54810947,-0.0834960938,-0.907470703,0.411682129,0.00415039062,0.859375,-0.921875,-0.640625,-0.7109375,-7.0234375,-6.234375,-0.056640625,0.919921875,-0.708984375
5492,54524948,54824948,-0.0822143555,-0.907531738,0.411804199,0.010559082,0.859375,-0.921875,-0.640625,-0.7109375,-7.0234375,-6.234375,0.142578125,0.998046875,-0.740234375
5493,54530943,54830943,-0.0808105469,-0.907531738,0.411804199,0.0162963867,0.0234375,-0.56640625,0.546875,-0.484375,-7.03125,-6.234375,0.142578125,0.998046875,-0.740234375
5494,54546072,54846072,-0.0791015625,-0.907714844,0.411560059,0.0213012695,0.0234375,-0.56640625,0.546875,-0.484375,-7.03125,-6.234375,-0.029296875,0.693359375,-0.7109375
5495,54550860,54850860,-0.077331543,-0.908081055,0.410827637,0.0252075195,-0.56640625,-0.015625,0.62109375,-0.28125,-7.046875,-6.234375,-0.029296875,0.693359375,-0.7109375
5496,54567276,54867276,-0.0752563477,-0.908691406,0.409606934,0.0285644531,-0.56640625,-0.015625,0.62109375,-0.28125,-7.046875,-6.234375,-0.271484375,0.375,-0.615234375
5497,54570913,54870913,-0.0734863281,-0.909423828,0.40814209,0.0311279297,-0.15234375,0.4296875,-0.234375,-0.1171875,-7.03125,-6.2578125,-0.271484375,0.375,-0.615234375
